CA i vs t,
s,ÊA
0,-6.25
0.100000001,-38.61847305
0.200000003,-29.17086411
0.300000012,-24.53694153
0.400000006,-21.6549263
0.5,-19.6045208
0.600000024,-18.03857803
0.699999988,-16.74205399
0.800000012,-15.68824291
0.900000036,-14.82039452
1,-14.03408527
1.100000024,-13.355546
1.200000048,-12.74423599
1.300000072,-12.17346191
1.399999976,-11.64559841
1.5,-11.19307995
1.600000024,-10.78061581
1.700000048,-10.39008141
1.800000072,-10.04294395
1.899999976,-9.696760178
2,-9.373459816
2.100000143,-9.080204964
2.200000048,-8.787903786
2.299999952,-8.536610603
2.400000095,-8.292469978
2.5,-8.055000305
2.600000143,-7.832794189
2.700000048,-7.606296539
2.799999952,-7.405548096
2.900000095,-7.213382721
3,-7.04076767
3.100000143,-6.85813427
3.200000048,-6.681704521
3.299999952,-6.523394585
3.400000095,-6.371760368
3.5,-6.233477592
3.600000143,-6.094241142
3.700000048,-5.955958366
3.799999952,-5.830073357
3.900000095,-5.70037365
4,-5.568761826
4.099999905,-5.460996628
4.200000286,-5.356092453
4.300000191,-5.253572464
4.400000095,-5.13007164
4.5,-5.040426254
4.599999905,-4.935045242
4.700000286,-4.848737717
4.800000191,-4.758615494
4.900000095,-4.659910202
5,-4.590291977
5.099999905,-4.498262405
5.200000286,-4.418153763
5.300000191,-4.33327198
5.400000095,-4.270329475
5.5,-4.20404911
5.599999905,-4.122986794
5.700000286,-4.055752754
5.800000191,-3.986611366
5.900000095,-3.924622536
6,-3.853096962
6.099999905,-3.798737526
6.200000286,-3.740563393
6.300000191,-3.675713539
6.400000095,-3.627552986
6.5,-3.572239876
6.599999905,-3.517403603
6.700000286,-3.467335701
6.800000191,-3.404870033
6.900000095,-3.371491432
7,-3.314270973
7.099999905,-3.282799721
7.200000286,-3.216519356
7.300000191,-3.173604012
7.400000095,-3.145470619
7.5,-3.092060089
7.599999905,-3.056774139
7.700000286,-3.007183075
7.800000191,-2.969989777
7.900000095,-2.929935455
8,-2.886543274
8.100000381,-2.857933044
8.199999809,-2.825031281
8.300000191,-2.780208588
8.400000572,-2.754459381
8.5,-2.733001709
8.600000381,-2.695331573
8.699999809,-2.664337158
8.800000191,-2.635250092
8.900000572,-2.600440979
9,-2.567539215
9.100000381,-2.537498474
9.199999809,-2.49792099
9.300000191,-2.481708527
9.400000572,-2.457866669
9.5,-2.424488068
9.600000381,-2.395401001
9.699999809,-2.357254028
9.800000191,-2.339134216
9.900000572,-2.311691523
10,-2.280887604
10.10000038,-2.257951736
10.19999981,-2.23887825
10.30000019,-2.215465546
10.40000057,-2.18985939
10.5,-2.17569685
10.60000038,-2.153857708
10.69999981,-2.114852428
10.80000019,-2.102025509
10.90000057,-2.075227261
11,-2.049191475
11.10000038,-2.039177895
11.19999981,-2.002461433
11.30000019,-1.990731239
11.40000057,-1.976521492
11.5,-1.967032433
11.60000038,-1.946528435
11.69999981,-1.926071644
11.80000019,-1.910526752
11.90000057,-1.88906908
12,-1.870090961
12.10000038,-1.857264042
12.19999981,-1.833279133
12.30000019,-1.82297945
12.40000057,-1.803237915
12.5,-1.789218903
12.60000038,-1.778490067
12.69999981,-1.759654999
12.80000019,-1.738101959
12.90000057,-1.72694397
13,-1.716405869
13.10000038,-1.695138931
13.19999981,-1.683932781
13.30000019,-1.663762569
13.40000057,-1.663094997
13.5,-1.627284527
13.60000038,-1.623422146
13.69999981,-1.606732845
13.80000019,-1.600677013
13.90000057,-1.589805126
14,-1.576310635
14.10000038,-1.557522774
14.19999981,-1.539164543
14.30000019,-1.531487465
14.40000057,-1.527100563
14.5,-1.503544807
14.60000038,-1.498299599
14.69999981,-1.486426353
14.80000019,-1.46892643
14.90000057,-1.466732979
15,-1.456719398
15.10000038,-1.444417
15.19999981,-1.429920673
15.30000019,-1.42372179
15.40000057,-1.400928974
15.5,-1.411085606
15.60000038,-1.390724659
15.69999981,-1.380568027
15.80000019,-1.365833759
15.90000057,-1.353769779
16,-1.339560032
16.10000038,-1.33312273
16.20000076,-1.322441578
16.30000114,-1.319151402
16.39999962,-1.306467056
16.5,-1.307420731
16.60000038,-1.280622482
16.70000076,-1.284627914
16.80000114,-1.276521683
16.89999962,-1.26584053
17,-1.250152588
17.10000038,-1.246480942
17.20000076,-1.23632431
17.30000114,-1.230316162
17.39999962,-1.224784851
17.5,-1.213150024
17.60000038,-1.195888519
17.70000076,-1.199274063
17.80000114,-1.187209606
17.89999962,-1.181916714
18,-1.171617031
18.10000038,-1.163558483
18.20000076,-1.15979147
18.30000114,-1.148395061
18.39999962,-1.148871899
18.5,-1.14324522
18.60000038,-1.142243862
18.70000076,-1.12989378
18.80000114,-1.119641781
18.89999962,-1.114396572
19,-1.112012386
19.10000038,-1.088981152
19.20000076,-1.100329876
19.30000114,-1.090650082
19.39999962,-1.076011181
19.5,-1.071242809
19.60000038,-1.060799599
19.70000076,-1.069573879
19.80000114,-1.046780586
19.89999962,-1.039055824
20,-1.039246559
20.10000038,-1.025036812
20.20000076,-1.026705742
20.30000114,-1.018504143
20.39999962,-1.009205818
20.5,-0.997332573
20.60000038,-0.994614601
20.70000076,-0.989607811
20.80000114,-0.981024742
20.89999962,-0.976208687
21,-0.965622902
21.10000038,-0.956276894
21.20000076,-0.951699257
21.30000114,-0.95622921
21.39999962,-0.944832802
21.5,-0.946978569
21.60000038,-0.930956364
21.70000076,-0.930384159
21.80000114,-0.925425053
21.89999962,-0.915363789
22,-0.90639925
22.10000038,-0.918797016
22.20000076,-0.891045094
22.30000114,-0.908258915
22.39999962,-0.896624088
22.5,-0.875977039
22.60000038,-0.876072407
22.70000076,-0.871923923
22.80000114,-0.865105152
22.89999962,-0.870541096
23,-0.863913059
23.10000038,-0.861290455
23.20000076,-0.843075275
23.30000114,-0.853041172
23.39999962,-0.845793247
23.5,-0.837496281
23.60000038,-0.831678867
23.70000076,-0.833061695
23.80000114,-0.828960896
23.89999962,-0.810602188
24,-0.816038609
24.10000038,-0.809553146
24.20000076,-0.814894199
24.30000114,-0.796869278
24.39999962,-0.804021835
24.5,-0.789239883
24.60000038,-0.79176712
24.70000076,-0.786784172
24.80000114,-0.783184052
24.89999962,-0.782945633
25,-0.772979736
25.10000038,-0.776126862
25.20000076,-0.766590118
25.30000114,-0.769546509
25.39999962,-0.766208649
25.5,-0.759497166
25.60000038,-0.751235962
25.70000076,-0.750997543
25.80000114,-0.742187977
25.89999962,-0.736358643
26,-0.73015976
26.10000038,-0.730302811
26.20000076,-0.736167908
26.30000114,-0.722053528
26.39999962,-0.712945938
26.5,-0.710132599
26.60000038,-0.705411911
26.70000076,-0.701156139
26.80000114,-0.694683075
26.89999962,-0.694396973
27,-0.694122791
27.10000038,-0.693920135
27.20000076,-0.693490982
27.30000114,-0.686910152
27.39999962,-0.677087307
27.5,-0.678517818
27.60000038,-0.676705837
27.70000076,-0.678517818
27.80000114,-0.675656796
27.89999962,-0.666596889
28,-0.664260387
28.10000038,-0.659015179
28.20000076,-0.663926601
28.30000114,-0.653293133
28.39999962,-0.641849041
28.5,-0.64966917
28.60000038,-0.637509823
28.70000076,-0.648334026
28.80000114,-0.640752316
28.89999962,-0.638892651
29,-0.626924038
29.10000038,-0.628974438
29.20000076,-0.617721081
29.30000114,-0.608661175
29.39999962,-0.614573956
29.5,-0.608184338
29.60000038,-0.609805584
29.70000076,-0.607326031
29.80000114,-0.605990887
29.89999962,-0.60642004
30,-0.600030422
30.10000038,-0.609233379
30.20000076,-0.603225231
30.30000114,-0.60103178
30.39999962,-0.600507259
30.5,-0.603749752
30.60000038,-0.596740246
30.70000076,-0.591781139
30.80000114,-0.590922832
30.89999962,-0.580444336
31,-0.570561886
31.10000038,-0.568511486
31.20000076,-0.578334332
31.30000114,-0.564219952
31.39999962,-0.572707653
31.5,-0.567843914
31.60000038,-0.562503099
31.70000076,-0.555016518
31.80000114,-0.554444313
31.89999962,-0.55029583
32,-0.554587364
32.10000229,-0.558449745
32.20000076,-0.547387123
32.29999924,-0.536849022
32.40000153,-0.551106453
32.5,-0.543381691
32.60000229,-0.535084724
32.70000076,-0.526883125
32.79999924,-0.522400856
32.90000153,-0.527550697
33,-0.538041115
33.10000229,-0.515200615
33.20000076,-0.524451256
33.29999924,-0.529028893
33.40000153,-0.518633842
33.5,-0.532128334
33.60000229,-0.509669304
33.70000076,-0.505425453
33.79999924,-0.508143425
33.90000153,-0.521256447
34,-0.502612114
34.10000229,-0.511815071
34.20000076,-0.503184319
34.29999924,-0.49421978
34.40000153,-0.494458199
34.5,-0.491728306
34.60000229,-0.489451408
34.70000076,-0.488783836
34.79999924,-0.491215706
34.90000153,-0.488116264
35,-0.486733437
35.10000229,-0.483347893
35.20000076,-0.484253883
35.29999924,-0.482966423
35.40000153,-0.479628563
35.5,-0.482871056
35.60000229,-0.472905159
35.70000076,-0.474001884
35.79999924,-0.465466499
35.90000153,-0.466658592
36,-0.461639881
36.10000229,-0.456978798
36.20000076,-0.457455635
36.29999924,-0.459792137
36.40000153,-0.460078239
36.5,-0.456144333
36.60000229,-0.45392704
36.70000076,-0.450779915
36.79999924,-0.435997486
36.90000153,-0.442769051
37,-0.449063301
37.10000229,-0.455882072
37.20000076,-0.43695116
37.29999924,-0.447299004
37.40000153,-0.438763618
37.5,-0.436569691
37.60000229,-0.449015617
37.70000076,-0.427032948
37.79999924,-0.439955711
37.90000153,-0.435472965
38,-0.43890667
38.10000229,-0.437094212
38.20000076,-0.441195488
38.29999924,-0.422026157
38.40000153,-0.433374882
38.5,-0.42526865
38.60000229,-0.424791813
38.70000076,-0.426448822
38.79999924,-0.428081989
38.90000153,-0.427652836
39,-0.41191721
39.10000229,-0.406099796
39.20000076,-0.414968967
39.29999924,-0.414730549
39.40000153,-0.4107728
39.5,-0.39575243
39.60000229,-0.407673359
39.70000076,-0.414682865
39.79999924,-0.404907703
39.90000153,-0.40743494
40,-0.409008503
40.10000229,-0.399567127
40.20000076,-0.388218403
40.29999924,-0.400187016
40.40000153,-0.397898197
40.5,-0.394751072
40.60000229,-0.389744282
40.70000076,-0.391174793
40.79999924,-0.390936375
40.90000153,-0.390650272
41,-0.389553547
41.10000229,-0.385035515
41.20000076,-0.380159855
41.29999924,-0.379778385
41.40000153,-0.385405064
41.5,-0.372578144
41.60000229,-0.379539967
41.70000076,-0.382639408
41.79999924,-0.377346516
41.90000153,-0.381351948
42,-0.378872395
42.10000229,-0.376345158
42.20000076,-0.371767521
42.29999924,-0.373388767
42.40000153,-0.372721195
42.5,-0.367428303
42.60000229,-0.370050907
42.70000076,-0.358463764
42.79999924,-0.353886127
42.90000153,-0.360037327
43,-0.355268955
43.10000229,-0.358225346
43.20000076,-0.366474628
43.29999924,-0.359894276
43.40000153,-0.349833012
43.5,-0.362087727
43.60000229,-0.365950108
43.70000076,-0.358463764
43.79999924,-0.350691319
43.90000153,-0.346781254
44,-0.340725422
44.10000229,-0.33800745
44.20000076,-0.344063282
44.29999924,-0.342823505
44.40000153,-0.339485645
44.5,-0.34377718
44.60000229,-0.337673664
44.70000076,-0.345684528
44.79999924,-0.348354816
44.90000153,-0.343204975
45,-0.343586445
45.10000229,-0.335146427
45.20000076,-0.330139637
45.29999924,-0.335337162
45.40000153,-0.331903934
45.5,-0.332476139
45.60000229,-0.328804493
45.70000076,-0.338675022
45.79999924,-0.334002018
45.90000153,-0.328852177
46,-0.319792271
46.10000229,-0.337530613
46.20000076,-0.324083805
46.29999924,-0.320269108
46.40000153,-0.313974857
46.5,-0.326563358
46.60000229,-0.333525181
46.70000076,-0.329710484
46.79999924,-0.325752735
46.90000153,-0.319077015
47,-0.314642429
47.10000229,-0.317837238
47.20000076,-0.318457127
47.29999924,-0.315643787
47.40000153,-0.314523101
47.5,-0.312735081
47.60000229,-0.311256409
47.70000076,-0.31592989
47.79999924,-0.308300018
47.90000153,-0.320316792
48,-0.305009842
48.10000229,-0.31721735
48.20000076,-0.301481247
48.29999924,-0.305200577
48.40000153,-0.304819107
48.5,-0.304246902
48.60000229,-0.298286438
48.70000076,-0.29728508
48.79999924,-0.299144745
48.90000153,-0.293994904
49,-0.298048019
49.10000229,-0.304008484
49.20000076,-0.295520782
49.29999924,-0.289035797
49.40000153,-0.308395386
49.5,-0.278116226
49.60000229,-0.291753769
49.70000076,-0.293756485
49.79999924,-0.292993546
49.90000153,-0.290943146
50,-0.290180206
50.10000229,-0.286842346
50.20000076,-0.289941788
50.29999924,-0.287509918
50.40000153,-0.294805527
50.5,-0.294090271
50.60000229,-0.286270142
50.70000076,-0.284362793
50.79999924,-0.281835556
50.90000153,-0.285459518
51,-0.287652969
51.10000229,-0.278259277
51.20000076,-0.272060394
51.29999924,-0.279785156
51.40000153,-0.282741547
51.5,-0.279630184
51.60000229,-0.278593063
51.70000076,-0.27740097
51.79999924,-0.275302887
51.90000153,-0.268198013
52,-0.272966385
52.10000229,-0.264001846
52.20000076,-0.278497696
52.29999924,-0.271965027
52.40000153,-0.268102646
52.5,-0.261760712
52.60000229,-0.263143539
52.70000076,-0.25775528
52.79999924,-0.255514145
52.90000153,-0.267053604
53,-0.279022217
53.10000229,-0.274158478
53.20000076,-0.287712574
53.29999924,-0.3019104
53.40000153,-0.295759201
53.5,-0.295186996
53.60000229,-0.280929565
53.70000076,-0.284410477
53.79999924,-0.274158478
53.90000153,-0.279308319
54,-0.290370941
54.10000229,-0.28355217
54.20000076,-0.274921417
54.29999924,-0.27277565
54.40000153,-0.264717102
54.5,-0.246358871
54.60000229,-0.233055115
54.70000076,-0.248981476
54.79999924,-0.254989624
54.90000153,-0.250555038
55,-0.249458313
55.10000229,-0.247741699
55.20000076,-0.250650406
55.29999924,-0.254322052
55.40000153,-0.251747131
55.5,-0.253034592
55.60000229,-0.25942421
55.70000076,-0.240684509
55.79999924,-0.257707596
55.90000153,-0.239969254
56,-0.257278442
56.10000229,-0.254131317
56.20000076,-0.239873886
56.29999924,-0.248409271
56.40000153,-0.243021011
56.5,-0.250555038
56.60000229,-0.250650406
56.70000076,-0.24993515
56.79999924,-0.242973328
56.90000153,-0.244451523
57,-0.25236702
57.10000229,-0.246311188
57.20000076,-0.249458313
57.29999924,-0.24403429
57.40000153,-0.23992157
57.5,-0.240446091
57.60000229,-0.24788475
57.70000076,-0.238014221
57.79999924,-0.243736267
57.90000153,-0.247074127
58,-0.236965179
58.10000229,-0.246501923
58.20000076,-0.238681793
58.29999924,-0.242639542
58.40000153,-0.240684509
58.5,-0.240839481
58.60000229,-0.240541458
58.70000076,-0.239492416
58.79999924,-0.231672287
58.90000153,-0.230861664
59,-0.239301682
59.10000229,-0.231910706
59.20000076,-0.243688583
59.29999924,-0.229431152
59.40000153,-0.241733551
59.5,-0.237918854
59.60000229,-0.239873886
59.70000076,-0.235248566
59.79999924,-0.240589142
59.90000153,-0.236345291
60,-0.230146408
60.10000229,-0.228811264
60.20000076,-0.232769012
60.29999924,-0.222755432
60.40000153,-0.2374897
60.5,-0.230766296
60.60000229,-0.226999283
60.70000076,-0.225759506
60.79999924,-0.230575562
60.90000153,-0.231934547
61,-0.235057831
61.10000229,-0.236345291
61.20000076,-0.225997925
61.29999924,-0.227237701
61.40000153,-0.221849442
61.5,-0.223279953
61.60000229,-0.229764938
61.70000076,-0.224472046
61.79999924,-0.21708107
61.90000153,-0.216413498
62,-0.221658707
62.10000229,-0.224042892
62.20000076,-0.216294289
62.29999924,-0.212503433
62.40000153,-0.206972122
62.5,-0.215173721
62.60000229,-0.213838577
62.70000076,-0.211978912
62.79999924,-0.213933945
62.90000153,-0.214172363
63,-0.209833145
63.10000229,-0.205493927
63.20000076,-0.205732346
63.29999924,-0.206781387
63.40000153,-0.204874039
63.5,-0.211597443
63.60000229,-0.216556549
63.70000076,-0.214410782
63.79999924,-0.208784103
63.90000153,-0.208498001
64,-0.205827713
64.09999847,-0.208641052
64.20000458,-0.20964241
64.30000305,-0.210596085
64.40000153,-0.208796024
64.5,-0.206066132
64.59999847,-0.208879471
64.70000458,-0.203824997
64.80000305,-0.205827713
64.90000153,-0.200725555
65,-0.208831787
65.09999847,-0.201107025
65.20000458,-0.202680588
65.30000305,-0.206209183
65.40000153,-0.211120605
65.5,-0.206829071
65.59999847,-0.204778671
65.70000458,-0.202537537
65.80000305,-0.201250076
65.90000153,-0.200677872
66,-0.193525314
66.09999847,-0.194526672
66.20000458,-0.188375473
66.30000305,-0.193429947
66.40000153,-0.178218365
66.5,-0.186992168
66.59999847,-0.192476273
66.70000458,-0.189996719
66.80000305,-0.185800076
66.90000153,-0.179839611
67,-0.181508541
67.09999847,-0.181508541
67.20000458,-0.173879147
67.30000305,-0.180125713
67.40000153,-0.193286896
67.5,-0.188327789
67.59999847,-0.190616608
67.70000458,-0.186801434
67.80000305,-0.176167965
67.90000153,-0.183272839
68,-0.180221081
68.09999847,-0.182366848
68.20000458,-0.186658382
68.30000305,-0.184751034
68.40000153,-0.199867249
68.5,-0.174928188
68.59999847,-0.184512615
68.70000458,-0.180507183
68.80000305,-0.18675375
68.90000153,-0.188518524
69,-0.171256542
69.09999847,-0.176406384
69.20000458,-0.183082104
69.30000305,-0.19128418
69.40000153,-0.190998077
69.5,-0.189424515
69.59999847,-0.177550793
69.70000458,-0.184035778
69.80000305,-0.176835537
69.90000153,-0.183177471
70,-0.176120281
70.09999847,-0.176501751
70.20000458,-0.179362774
70.30000305,-0.178218365
70.40000153,-0.182366848
70.5,-0.178981304
70.59999847,-0.175261974
70.70000458,-0.184560299
70.80000305,-0.191236496
70.90000153,-0.182462215
71,-0.182748318
71.09999847,-0.18380928
71.20000458,-0.185323238
71.30000305,-0.18470335
71.40000153,-0.180888653
71.5,-0.175691128
71.59999847,-0.177836895
71.70000458,-0.178599834
71.80000305,-0.182796001
71.90000153,-0.184417248
72,-0.178838253
72.09999847,-0.181079388
72.20000458,-0.179303169
72.30000305,-0.181079388
72.40000153,-0.176215649
72.5,-0.187994003
72.59999847,-0.171733379
72.70000458,-0.179267406
72.80000305,-0.168443203
72.90000153,-0.166154385
73,-0.169158459
73.09999847,-0.180745602
73.20000458,-0.176692486
73.30000305,-0.178039551
73.40000153,-0.176978588
73.5,-0.177741528
73.59999847,-0.176215649
73.70000458,-0.172067165
73.80000305,-0.170159817
73.90000153,-0.166821957
74,-0.182796001
74.09999847,-0.164437771
74.20000458,-0.174880505
74.30000305,-0.171685696
74.40000153,-0.175405025
74.5,-0.17597723
74.59999847,-0.171280384
74.70000458,-0.166440487
74.80000305,-0.167298794
74.90000153,-0.167799473
75,-0.16763258
75.09999847,-0.169826031
75.20000458,-0.170684338
75.30000305,-0.167108059
75.40000153,-0.166011333
75.5,-0.172353268
75.59999847,-0.173974514
75.70000458,-0.172925472
75.80000305,-0.171924114
75.90000153,-0.172019482
76,-0.168991566
76.09999847,-0.165629864
76.20000458,-0.166392803
76.30000305,-0.163710594
76.40000153,-0.16224432
76.5,-0.16057539
76.59999847,-0.165534496
76.70000458,-0.164533138
76.80000305,-0.16763258
76.90000153,-0.169110775
77,-0.165999413
77.09999847,-0.164437771
77.20000458,-0.165948749
77.30000305,-0.166488171
77.40000153,-0.16686964
77.5,-0.158334255
77.59999847,-0.154281139
77.70000458,-0.158095837
77.80000305,-0.16558218
77.90000153,-0.166774273
78,-0.163150311
78.09999847,-0.146317959
78.20000458,-0.152087688
78.30000305,-0.162578106
78.40000153,-0.15275526
78.5,-0.160766125
78.59999847,-0.16095686
78.70000458,-0.16686964
78.80000305,-0.16391325
78.90000153,-0.167298794
79,-0.148749828
79.09999847,-0.153470516
79.20000458,-0.148845196
79.30000305,-0.153279781
79.40000153,-0.15928793
79.5,-0.155330181
79.59999847,-0.152564526
79.70000458,-0.162721157
79.80000305,-0.157428265
79.90000153,-0.164485455
80,-0.150323391
80.09999847,-0.152516842
80.20000458,-0.15313673
80.30000305,-0.149655819
80.40000153,-0.147557735
80.5,-0.151038647
80.59999847,-0.150096893
80.70000458,-0.150275707
80.80000305,-0.151515484
80.90000153,-0.147843838
81,-0.1494174
81.09999847,-0.158048153
81.20000458,-0.15018034
81.30000305,-0.153995037
81.40000153,-0.159764767
81.5,-0.154614925
81.59999847,-0.156283855
81.70000458,-0.161910534
81.80000305,-0.149894238
81.90000153,-0.141215801
82,-0.145125866
82.09999847,-0.158954144
82.20000458,-0.14441061
82.30000305,-0.15480566
82.40000153,-0.149131298
82.5,-0.158000469
82.59999847,-0.145650387
82.70000458,-0.159001827
82.80000305,-0.151706219
82.90000153,-0.14684248
83,-0.149369717
83.09999847,-0.149608135
83.20000458,-0.148416042
83.30000305,-0.143743038
83.40000153,-0.144935131
83.5,-0.142109871
83.59999847,-0.139451504
83.70000458,-0.140309811
83.80000305,-0.145459652
83.90000153,-0.155616283
84,-0.150418758
84.09999847,-0.147033215
84.20000458,-0.146270275
84.30000305,-0.141978741
84.40000153,-0.147986889
84.5,-0.152469158
84.59999847,-0.143218517
84.70000458,-0.152945995
84.80000305,-0.143361568
84.90000153,-0.150371075
85,-0.134301662
85.09999847,-0.140452862
85.20000458,-0.150943279
85.30000305,-0.150037289
85.40000153,-0.148034573
85.5,-0.142407894
85.59999847,-0.144982815
85.70000458,-0.148988247
85.80000305,-0.148559093
85.90000153,-0.139928341
86,-0.153232098
86.09999847,-0.145078182
86.20000458,-0.14607954
86.30000305,-0.139880657
86.40000153,-0.129771709
86.5,-0.140309811
86.59999847,-0.145125866
86.70000458,-0.142550945
86.80000305,-0.146174908
86.90000153,-0.147092819
87,-0.147700787
87.09999847,-0.151944637
87.20000458,-0.145495415
87.30000305,-0.141168118
87.40000153,-0.141168118
87.5,-0.143743038
87.59999847,-0.141358852
87.70000458,-0.147796154
87.80000305,-0.145936489
87.90000153,-0.14556694
88,-0.141931057
88.09999847,-0.146604061
88.20000458,-0.144362926
88.30000305,-0.142884731
88.40000153,-0.140977383
88.5,-0.140882015
88.59999847,-0.141609192
88.70000458,-0.142646313
88.80000305,-0.141931057
88.90000153,-0.129104137
89,-0.129867077
89.09999847,-0.132751942
89.20000458,-0.133347988
89.30000305,-0.138688564
89.40000153,-0.140929699
89.5,-0.137401104
89.59999847,-0.141215801
89.70000458,-0.144267559
89.80000305,-0.140882015
89.90000153,-0.130916119
90,-0.144267559
90.09999847,-0.140023708
90.20000458,-0.133252621
90.30000305,-0.146222591
90.40000153,-0.138259411
90.5,-0.139880657
90.59999847,-0.128436565
90.70000458,-0.150657177
90.80000305,-0.130200863
90.90000153,-0.14441061
91,-0.142121792
91.09999847,-0.138354778
91.20000458,-0.132251263
91.30000305,-0.143170834
91.40000153,-0.140882015
91.5,-0.141489983
91.59999847,-0.141120434
91.70000458,-0.140786648
91.80000305,-0.134158611
91.90000153,-0.139260769
92,-0.134253979
92.09999847,-0.127959728
92.20000458,-0.135112286
92.30000305,-0.130486965
92.40000153,-0.136113644
92.5,-0.131583691
92.59999847,-0.132537365
92.70000458,-0.129533291
92.80000305,-0.128484249
92.90000153,-0.132441998
93,-0.133777142
93.09999847,-0.132489681
93.20000458,-0.131822109
93.30000305,-0.131917477
93.40000153,-0.130343914
93.5,-0.132441998
93.59999847,-0.132108212
93.70000458,-0.135398388
93.80000305,-0.135541439
93.90000153,-0.134611607
94,-0.133300304
94.09999847,-0.134206295
94.20000458,-0.134158611
94.30000305,-0.134242058
94.40000153,-0.134158611
94.5,-0.134444714
94.59999847,-0.133347988
94.70000458,-0.125384808
94.80000305,-0.142455578
94.90000153,-0.134158611
95,-0.138402462
95.09999847,-0.123429775
95.20000458,-0.138497829
95.30000305,-0.129294872
95.40000153,-0.128913403
95.5,-0.122905254
95.59999847,-0.132918835
95.70000458,-0.119472027
95.80000305,-0.129437923
95.90000153,-0.128961086
96,-0.137973309
96.09999847,-0.13401556
96.20000458,-0.123906612
96.30000305,-0.126863003
96.40000153,-0.134873867
96.5,-0.11861372
96.59999847,-0.127435207
96.70000458,-0.13196516
96.80000305,-0.129294872
96.90000153,-0.128722668
97,-0.137591839
97.09999847,-0.138736248
97.20000458,-0.126290798
97.30000305,-0.126529217
97.40000153,-0.139832973
97.5,-0.132823467
97.59999847,-0.122666836
97.70000458,-0.1265769
97.80000305,-0.128150463
97.90000153,-0.122905254
98,-0.128245831
98.09999847,-0.118279934
98.20000458,-0.122476101
98.30000305,-0.125718594
98.40000153,-0.129533291
98.5,-0.117230892
98.59999847,-0.131202221
98.70000458,-0.118089199
98.80000305,-0.11565733
98.90000153,-0.129199505
99,-0.118327618
99.09999847,-0.110650539
99.20000458,-0.123429775
99.30000305,-0.125432491
99.40000153,-0.122809887
99.5,-0.11899519
99.59999847,-0.123382092
99.70000458,-0.117660046
99.80000305,-0.120950222
99.90000153,-0.134444714
100,-0.114417553
100.0999985,-0.122523785
100.2000046,-0.127864361
100.3000031,-0.13029623
100.4000015,-0.134540081
100.5,-0.127435207
100.5999985,-0.119376659
100.7000046,-0.125003338
100.8000031,-0.127864361
100.9000015,-0.132775784
101,-0.129962444
101.0999985,-0.1327281
101.2000046,-0.131536007
101.3000031,-0.130439281
101.4000015,-0.130630016
101.5,-0.126863003
101.5999985,-0.128102779
101.7000046,-0.123692036
101.8000031,-0.120759487
101.9000015,-0.119042873
102,-0.119305134
102.0999985,-0.118422985
102.2000046,-0.11899519
102.3000031,-0.117469311
102.4000015,-0.128007412
102.5,-0.11785078
102.5999985,-0.1265769
102.7000046,-0.126195431
102.8000031,-0.114179134
102.9000015,-0.123668194
103,-0.115514278
103.0999985,-0.128531933
103.2000046,-0.116801739
103.3000031,-0.123954296
103.4000015,-0.129437923
103.5,-0.116897106
103.5999985,-0.122619152
103.7000046,-0.119519711
103.8000031,-0.124240398
103.9000015,-0.117564678
104,-0.123668194
104.0999985,-0.123000622
104.2000046,-0.115514278
104.3000031,-0.119090557
104.4000015,-0.110936642
104.5,-0.119710445
104.5999985,-0.111127377
104.7000046,-0.121522427
104.8000031,-0.121379375
104.9000015,-0.121188641
105,-0.121045589
105.0999985,-0.120807171
105.2000046,-0.12041378
105.3000031,-0.121713161
105.4000015,-0.118089199
105.5,-0.120139599
105.5999985,-0.119758129
105.7000046,-0.119615078
105.8000031,-0.119531631
105.9000015,-0.118804455
106,-0.119948864
106.0999985,-0.111604214
106.2000046,-0.115037441
106.3000031,-0.106406689
106.4000015,-0.104833126
106.5,-0.108290195
106.5999985,-0.113130093
106.7000046,-0.108790874
106.8000031,-0.122380733
106.9000015,-0.117278576
107,-0.123525143
107.0999985,-0.116277218
107.2000046,-0.123477459
107.3000031,-0.117230892
107.4000015,-0.11823225
107.5,-0.111747265
107.5999985,-0.122046947
107.7000046,-0.107980251
107.8000031,-0.115132809
107.9000015,-0.112700939
108,-0.111699581
108.0999985,-0.109172344
108.2000046,-0.121808529
108.3000031,-0.106740475
108.4000015,-0.116754055
108.5,-0.110173702
108.5999985,-0.108743191
108.7000046,-0.104928493
108.8000031,-0.122809887
108.9000015,-0.103688717
109,-0.117516994
109.0999985,-0.109458447
109.2000046,-0.115323544
109.3000031,-0.11026907
109.4000015,-0.119519711
109.5,-0.109315395
109.5999985,-0.121045589
109.7000046,-0.117087841
109.8000031,-0.109649181
109.9000015,-0.101256847
110,-0.110126019
110.0999985,-0.110793591
110.2000046,-0.112414837
110.3000031,-0.114608288
110.4000015,-0.114131451
110.5,-0.111222744
110.5999985,-0.104547024
110.7000046,-0.107932568
110.8000031,-0.115085125
110.9000015,-0.114274502
111,-0.110888958
111.0999985,-0.119233608
111.2000046,-0.113082409
111.3000031,-0.111461163
111.4000015,-0.103068829
111.5,-0.118184566
111.5999985,-0.104070187
111.7000046,-0.112557888
111.8000031,-0.117230892
111.9000015,-0.110173702
112,-0.112271786
112.0999985,-0.106454372
112.2000046,-0.116420269
112.3000031,-0.104070187
112.4000015,-0.107408047
112.5,-0.104690075
112.5999985,-0.111258507
112.7000046,-0.116706371
112.8000031,-0.116229534
112.9000015,-0.09911108
113,-0.104070187
113.0999985,-0.104535103
113.2000046,-0.107408047
113.3000031,-0.107551098
113.4000015,-0.100636959
113.5,-0.112748623
113.5999985,-0.106645107
113.7000046,-0.107741833
113.8000031,-0.112224102
113.9000015,-0.10449934
114,-0.10821867
114.0999985,-0.105643749
114.2000046,-0.101876736
114.3000031,-0.1078372
114.4000015,-0.11785078
114.5,-0.116324902
114.5999985,-0.111747265
114.7000046,-0.106978893
114.8000031,-0.105834484
114.9000015,-0.105977535
115,-0.115991116
115.0999985,-0.100541592
115.2000046,-0.110984325
115.3000031,-0.108409405
115.4000015,-0.100541592
115.5,-0.102735043
115.5999985,-0.102293968
115.7000046,-0.099921703
115.8000031,-0.105977535
115.9000015,-0.110793591
116,-0.10411787
116.0999985,-0.105119228
116.2000046,-0.110745907
116.3000031,-0.125432491
116.4000015,-0.104690075
116.5,-0.114083767
116.5999985,-0.106978893
116.7000046,-0.108409405
116.8000031,-0.108576298
116.9000015,-0.108504772
117,-0.110412121
117.0999985,-0.105214596
117.2000046,-0.09949255
117.3000031,-0.103736401
117.4000015,-0.105739117
117.5,-0.102878094
117.5999985,-0.10078001
117.7000046,-0.101256847
117.8000031,-0.103688717
117.9000015,-0.100636959
118,-0.098586559
118.0999985,-0.099015713
118.2000046,-0.100791931
118.3000031,-0.102305889
118.4000015,-0.103259563
118.5,-0.100696564
118.5999985,-0.098300457
118.7000046,-0.098920345
118.8000031,-0.10411787
118.9000015,-0.096202374
119,-0.100446224
119.0999985,-0.111890316
119.2000046,-0.105929852
119.3000031,-0.113368511
119.4000015,-0.104833126
119.5,-0.095677853
119.5999985,-0.102496624
119.7000046,-0.099778652
119.8000031,-0.102496624
119.9000015,-0.091004848
120,-0.111699581
120.0999985,-0.095725536
120.2000046,-0.102353573
120.3000031,-0.106835842
120.4000015,-0.109744549
120.5,-0.102878094
120.5999985,-0.104022503
120.7000046,-0.10488081
120.8000031,-0.094438076
120.9000015,-0.103545666
121,-0.097108364
121.0999985,-0.093818188
121.2000046,-0.096011639
121.3000031,-0.098526955
121.4000015,-0.102639675
121.5,-0.101638317
121.5999985,-0.100088596
121.7000046,-0.09820509
121.8000031,-0.097871304
121.9000015,-0.104737759
122,-0.100446224
122.0999985,-0.102198601
122.2000046,-0.104594707
122.3000031,-0.099015713
122.4000015,-0.104308605
122.5,-0.095010281
122.5999985,-0.099301815
122.7000046,-0.102591991
122.8000031,-0.098062038
122.9000015,-0.098157406
123,-0.09744215
123.0999985,-0.099063396
123.2000046,-0.10283041
123.3000031,-0.107598782
123.4000015,-0.104547024
123.5,-0.107884884
123.5999985,-0.104642391
123.7000046,-0.107264996
123.8000031,-0.109172344
123.9000015,-0.107360363
124,-0.09949255
124.0999985,-0.095963955
124.2000046,-0.106883526
124.3000031,-0.100446224
124.4000015,-0.095582485
124.5,-0.100064754
124.5999985,-0.101781368
124.7000046,-0.098920345
124.8000031,-0.099063396
124.9000015,-0.094867229
125,-0.092196941
125.0999985,-0.095105648
125.2000046,-0.093496323
125.3000031,-0.093532085
125.4000015,-0.093150616
125.5,-0.104213238
125.5999985,-0.096107006
125.7000046,-0.086188793
125.8000031,-0.100684643
125.9000015,-0.096250057
126,-0.112891674
126.0999985,-0.102591991
126.2000046,-0.09577322
126.3000031,-0.08075285
126.4000015,-0.093150616
126.5,-0.087237835
126.5999985,-0.09243536
126.7000046,-0.086522579
126.8000031,-0.098824978
126.9000015,-0.093007565
127,-0.098872662
127.0999985,-0.101590633
127.2000046,-0.094342709
127.3000031,-0.100684643
127.4000015,-0.095248699
127.5,-0.09000349
127.5999985,-0.099158764
127.7000046,-0.095725536
127.8000031,-0.096726894
127.9000015,-0.085044384
128,-0.084949017
128.1000061,-0.0896101
128.1999969,-0.093818188
128.3000031,-0.094628811
128.4000092,-0.096822262
128.5,-0.096726894
128.6000061,-0.087953091
128.6999969,-0.090718746
128.8000031,-0.091743946
128.9000092,-0.093770504
129,-0.094533443
129.1000061,-0.096631527
129.1999969,-0.088239193
129.3000031,-0.083804607
129.4000092,-0.103641033
129.5,-0.100827694
129.6000061,-0.09448576
129.6999969,-0.098300457
129.8000031,-0.090098858
129.9000092,-0.095677853
130,-0.09243536
130.1000061,-0.094438076
130.1999969,-0.098252773
130.3000031,-0.097537518
130.4000092,-0.09038496
130.5,-0.092339993
130.6000061,-0.088239193
130.6999969,-0.092959881
130.8000031,-0.084519863
130.9000092,-0.095057964
131,-0.084662914
131.1000061,-0.089240551
131.1999969,-0.08537817
131.3000031,-0.09243536
131.4000092,-0.089908123
131.5,-0.090289593
131.6000061,-0.092244625
131.6999969,-0.092709541
131.8000031,-0.092387676
131.9000092,-0.095916271
132,-0.100732327
132.1000061,-0.091577053
132.1999969,-0.098348141
132.3000031,-0.099826336
132.4000092,-0.100303173
132.5,-0.099790573
132.6000061,-0.10116148
132.6999969,-0.097871304
132.8000031,-0.108409405
132.9000092,-0.088096142
133,-0.10526228
133.1000061,-0.090432644
133.1999969,-0.088954449
133.3000031,-0.091243267
133.4000092,-0.094008923
133.5,-0.091577053
133.6000061,-0.091434002
133.6999969,-0.090587616
133.8000031,-0.088239193
133.9000092,-0.091100216
134,-0.0890975
134.1000061,-0.102973461
134.1999969,-0.092959881
134.3000031,-0.084853649
134.4000092,-0.09653616
134.5,-0.09243536
134.6000061,-0.099778652
134.6999969,-0.088477612
134.8000031,-0.094056606
134.9000092,-0.093865871
135,-0.097537518
135.1000061,-0.095546722
135.1999969,-0.095344067
135.3000031,-0.095439434
135.4000092,-0.093055248
135.5,-0.093389034
135.6000061,-0.090194225
135.6999969,-0.097871304
135.8000031,-0.089860439
135.9000092,-0.095725536
136,-0.096440792
136.1000061,-0.094008923
136.1999969,-0.093150616
136.3000031,-0.090718746
136.4000092,-0.092578411
136.5,-0.078559399
136.6000061,-0.081849575
136.6999969,-0.087666988
136.8000031,-0.093865871
136.9000092,-0.088191509
137,-0.095201015
137.1000061,-0.091386318
137.1999969,-0.094151974
137.3000031,-0.090718746
137.4000092,-0.09679842
137.5,-0.100970745
137.6000061,-0.101352215
137.6999969,-0.09551096
137.8000031,-0.090337276
137.9000092,-0.089383602
138,-0.090146542
138.1000061,-0.085652351
138.1999969,-0.081038952
138.3000031,-0.08204031
138.4000092,-0.084281445
138.5,-0.09038496
138.6000061,-0.088048458
138.6999969,-0.095725536
138.8000031,-0.096774578
138.9000092,-0.101256847
139,-0.100541592
139.1000061,-0.095546722
139.1999969,-0.087285519
139.3000031,-0.093102932
139.4000092,-0.075507641
139.5,-0.091481686
139.6000061,-0.103497982
139.6999969,-0.095963955
139.8000031,-0.092912197
139.9000092,-0.08871603
140,-0.086188793
140.1000061,-0.085855007
140.1999969,-0.087631226
140.3000031,-0.088620663
140.4000092,-0.089860439
140.5,-0.092006207
140.6000061,-0.091815472
140.6999969,-0.08884716
140.8000031,-0.084233761
140.9000092,-0.087333202
141,-0.081563473
141.1000061,-0.084233761
141.1999969,-0.086808681
141.3000031,-0.100112438
141.4000092,-0.083089352
141.5,-0.098348141
141.6000061,-0.078750134
141.6999969,-0.087571621
141.8000031,-0.088859081
141.9000092,-0.083137035
142,-0.086284161
142.1000061,-0.095582485
142.1999969,-0.097966671
142.3000031,-0.087666988
142.4000092,-0.086760998
142.5,-0.09076643
142.6000061,-0.094151974
142.6999969,-0.084901333
142.8000031,-0.074458599
142.9000092,-0.079179287
143,-0.080335617
143.1000061,-0.083232403
143.1999969,-0.084472179
143.3000031,-0.079274654
143.4000092,-0.085139751
143.5,-0.091481686
143.6000061,-0.093150616
143.6999969,-0.085282803
143.8000031,-0.087619305
143.9000092,-0.085282803
144,-0.088501453
144.1000061,-0.091290951
144.1999969,-0.089812756
144.3000031,-0.087571621
144.4000092,-0.0849967
144.5,-0.082135677
144.6000061,-0.084639072
144.6999969,-0.085950375
144.8000031,-0.085473537
144.9000092,-0.086522579
145,-0.084662914
145.1000061,-0.085008621
145.1999969,-0.085711956
145.3000031,-0.083137035
145.4000092,-0.079513073
145.5,-0.087666988
145.6000061,-0.08204031
145.6999969,-0.086617947
145.8000031,-0.091720104
145.9000092,-0.085521221
146,-0.088811398
146.1000061,-0.073838711
146.1999969,-0.072741985
146.3000031,-0.084758282
146.4000092,-0.078177929
146.5,-0.088096142
146.6000061,-0.088096142
146.6999969,-0.085878849
146.8000031,-0.084281445
146.9000092,-0.083041668
147,-0.080419064
147.1000061,-0.084281445
147.1999969,-0.075841427
147.3000031,-0.083613873
147.4000092,-0.087857723
147.5,-0.087976933
147.6000061,-0.087887526
147.6999969,-0.08742857
147.8000031,-0.083120644
147.9000092,-0.07908392
148,-0.090321258
148.1000061,-0.098634243
148.1999969,-0.100446224
148.3000031,-0.106311321
148.4000092,-0.106597424
148.5,-0.101829052
148.6000061,-0.103736401
148.6999969,-0.10078001
148.8000031,-0.101829052
148.9000092,-0.098109722
149,-0.09281683
149.1000061,-0.097012997
149.1999969,-0.077128887
149.3000031,-0.063491344
149.4000092,-0.071025372
149.5,-0.089383602
149.6000061,-0.076938152
149.6999969,-0.082517147
149.8000031,-0.081134319
149.9000092,-0.085962296
150,-0.089002132
150.1000061,-0.08153069
150.1999969,-0.076413631
150.3000031,-0.074744701
150.4000092,-0.078511715
150.5,-0.087619305
150.6000061,-0.086474895
150.6999969,-0.084710598
150.8000031,-0.085950375
150.9000092,-0.082648277
151,-0.083280087
151.1000061,-0.07665205
151.1999969,-0.080705166
151.3000031,-0.072455883
151.4000092,-0.077462673
151.5,-0.085998058
151.6000061,-0.074792385
151.6999969,-0.084805965
151.8000031,-0.083470821
151.9000092,-0.089240551
152,-0.091434002
152.1000061,-0.093198299
152.1999969,-0.09782362
152.3000031,-0.104165554
152.4000092,-0.102496624
152.5,-0.100923061
152.6000061,-0.107646465
152.6999969,-0.105071545
152.8000031,-0.09782362
152.9000092,-0.106788158
153,-0.093245983
153.1000061,-0.093532085
153.1999969,-0.085950375
153.3000031,-0.0911479
153.4000092,-0.097489834
153.5,-0.0890975
153.6000061,-0.096679211
153.6999969,-0.099635601
153.8000031,-0.092196941
153.9000092,-0.102115154
154,-0.081372738
154.1000061,-0.083280087
154.1999969,-0.081706524
154.3000031,-0.082135677
154.4000092,-0.080037594
154.5,-0.083661556
154.6000061,-0.085473537
154.6999969,-0.086999416
154.8000031,-0.086045742
154.9000092,-0.088763714
155,-0.090718746
155.1000061,-0.091290951
155.1999969,-0.089240551
155.3000031,-0.086856365
155.4000092,-0.093579769
155.5,-0.090432644
155.6000061,-0.091672421
155.6999969,-0.094581127
155.8000031,-0.094533443
155.9000092,-0.086856365
156,-0.085855007
156.1000061,-0.093675137
156.1999969,-0.085044384
156.3000031,-0.093293667
156.4000092,-0.085664272
156.5,-0.094676495
156.6000061,-0.085616589
156.6999969,-0.090861797
156.8000031,-0.091910839
156.9000092,-0.090146542
157,-0.071835995
157.1000061,-0.087190151
157.1999969,-0.078225613
157.3000031,-0.085092068
157.4000092,-0.092387676
157.5,-0.083137035
157.6000061,-0.080085278
157.6999969,-0.084186077
157.8000031,-0.084281445
157.9000092,-0.085950375
158,-0.0890975
158.1000061,-0.092578411
158.1999969,-0.090301514
158.3000031,-0.090432644
158.4000092,-0.0890975
158.5,-0.097489834
158.6000061,-0.090337276
158.6999969,-0.085568905
158.8000031,-0.089669704
158.9000092,-0.085902691
159,-0.090861797
159.1000061,-0.090337276
159.1999969,-0.091326714
159.3000031,-0.090957165
159.4000092,-0.093150616
159.5,-0.087523937
159.6000061,-0.08127737
159.6999969,-0.092149258
159.8000031,-0.084901333
159.9000092,-0.08537817
160,-0.085092068
160.1000061,-0.090718746
160.1999969,-0.086093426
160.3000031,-0.091052532
160.4000092,-0.094295025
160.5,-0.089765072
160.6000061,-0.083375454
160.6999969,-0.090861797
160.8000031,-0.094199657
160.9000092,-0.085950375
161,-0.091529369
161.1000061,-0.096011639
161.1999969,-0.092149258
161.3000031,-0.091815472
161.4000092,-0.088572979
161.5,-0.087953091
161.6000061,-0.092292309
161.6999969,-0.09653616
161.8000031,-0.093818188
161.9000092,-0.090289593
162,-0.091338634
162.1000061,-0.088906765
162.1999969,-0.093770504
162.3000031,-0.098634243
162.4000092,-0.096202374
162.5,-0.08370924
162.6000061,-0.077176571
162.6999969,-0.087476254
162.8000031,-0.094533443
162.9000092,-0.086236477
163,-0.085711956
163.1000061,-0.094914913
163.1999969,-0.094628811
163.3000031,-0.084949017
163.4000092,-0.080943584
163.5,-0.080729008
163.6000061,-0.07960844
163.6999969,-0.088030577
163.8000031,-0.093484402
163.9000092,-0.098300457
164,-0.093150616
164.1000061,-0.088048458
164.1999969,-0.088418007
164.3000031,-0.086045742
164.4000092,-0.086427212
164.5,-0.083303928
164.6000061,-0.078845501
164.6999969,-0.081897259
164.8000031,-0.087905407
164.9000092,-0.081992626
165,-0.07998991
165.1000061,-0.085282803
165.1999969,-0.083280087
165.3000031,-0.077701092
165.4000092,-0.086474895
165.5,-0.07460165
165.6000061,-0.08075285
165.6999969,-0.0849967
165.8000031,-0.085616589
165.9000092,-0.083661556
166,-0.080705166
166.1000061,-0.080705166
166.1999969,-0.080025673
166.3000031,-0.077891827
166.4000092,-0.080800533
166.5,-0.094914913
166.6000061,-0.077224255
166.6999969,-0.087094784
166.8000031,-0.074029446
166.9000092,-0.084138393
167,-0.080609798
167.1000061,-0.082469463
167.1999969,-0.077796459
167.3000031,-0.085187435
167.4000092,-0.082993984
167.5,-0.082231045
167.6000061,-0.076556683
167.6999969,-0.075650692
167.8000031,-0.083804607
167.9000092,-0.078559399
168,-0.089002132
168.1000061,-0.089574337
168.1999969,-0.083995342
168.3000031,-0.078225613
168.4000092,-0.083804607
168.5,-0.081849575
168.6000061,-0.078845501
168.6999969,-0.085473537
168.8000031,-0.083661556
168.9000092,-0.078845501
169,-0.078559399
169.1000061,-0.079513073
169.1999969,-0.071597576
169.3000031,-0.08242178
169.4000092,-0.077367306
169.5,-0.080419064
169.6000061,-0.081515789
169.6999969,-0.092196941
169.8000031,-0.068974972
169.9000092,-0.079179287
170,-0.070786953
170.1000061,-0.076461315
170.1999969,-0.082326412
170.3000031,-0.078893185
170.4000092,-0.082946301
170.5,-0.086951733
170.6000061,-0.069928646
170.6999969,-0.086999416
170.8000031,-0.080705166
170.9000092,-0.086188793
171,-0.08537817
171.1000061,-0.082445621
171.1999969,-0.076699734
171.3000031,-0.081515789
171.4000092,-0.07870245
171.5,-0.082564831
171.6000061,-0.079226971
171.6999969,-0.073934078
171.8000031,-0.081325054
171.9000092,-0.083566189
172,-0.082564831
172.1000061,-0.080526352
172.1999969,-0.076032162
172.3000031,-0.079942226
172.4000092,-0.070548534
172.5,-0.072169781
172.6000061,-0.075221539
172.6999969,-0.078177929
172.8000031,-0.077844143
172.9000092,-0.090432644
173,-0.088191509
173.1000061,-0.082087994
173.1999969,-0.089669704
173.3000031,-0.079894543
173.4000092,-0.076318264
173.5,-0.080562115
173.6000061,-0.077271938
173.6999969,-0.081611156
173.8000031,-0.079799175
173.9000092,-0.073123455
174,-0.086093426
174.1000061,-0.076413631
174.1999969,-0.080323696
174.3000031,-0.077653408
174.4000092,-0.07536459
174.5,-0.076222897
174.6000061,-0.079322338
174.6999969,-0.076365948
174.8000031,-0.081599236
174.9000092,-0.086236477
175,-0.084472179
175.1000061,-0.084472179
175.1999969,-0.074887753
175.3000031,-0.075984478
175.4000092,-0.085139751
175.5,-0.067210674
175.6000061,-0.075936794
175.6999969,-0.081134319
175.8000031,-0.080419064
175.9000092,-0.082266808
176,-0.08370924
176.1000061,-0.083804607
176.1999969,-0.080895901
176.3000031,-0.079751492
176.4000092,-0.076318264
176.5,-0.074172497
176.6000061,-0.071883678
176.6999969,-0.07460165
176.8000031,-0.074458599
176.9000092,-0.070262432
177,-0.073886395
177.1000061,-0.080276012
177.1999969,-0.080180645
177.3000031,-0.083470821
177.4000092,-0.080037594
177.5,-0.072885036
177.6000061,-0.070024014
177.6999969,-0.082755566
177.8000031,-0.077414989
177.9000092,-0.084710598
178,-0.068784237
178.1000061,-0.061631203
178.1999969,-0.070214748
178.3000031,-0.074077129
178.4000092,-0.083184719
178.5,-0.085521221
178.6000061,-0.078464031
178.6999969,-0.081038952
178.8000031,-0.080180645
178.9000092,-0.077951431
179,-0.075698376
179.1000061,-0.07986176
179.1999969,-0.083423138
179.3000031,-0.082374096
179.4000092,-0.063252926
179.5,-0.082374096
179.6000061,-0.059151649
179.6999969,-0.076413631
179.8000031,-0.076508999
179.9000092,-0.073683739
180,-0.071073055
180.1000061,-0.070739269
180.1999969,-0.06921339
180.3000031,-0.071359158
180.4000092,-0.076175213
180.5,-0.076413631
180.6000061,-0.075126171
180.6999969,-0.075746059
180.8000031,-0.074100971
180.9000092,-0.071788311
181,-0.073743343
181.1000061,-0.06330061
181.1999969,-0.077701092
181.3000031,-0.066066265
181.4000092,-0.066209316
181.5,-0.076556683
181.6000061,-0.075459957
181.6999969,-0.070548534
181.8000031,-0.072598934
181.9000092,-0.080037594
182,-0.075650692
182.1000061,-0.082993984
182.1999969,-0.080705166
182.3000031,-0.074744701
182.4000092,-0.073218822
182.5,-0.075531483
182.6000061,-0.077224255
182.6999969,-0.076938152
182.8000031,-0.075650692
182.9000092,-0.078368664
183,-0.081086636
183.1000061,-0.070214748
183.1999969,-0.087857723
183.3000031,-0.064397335
183.4000092,-0.0703578
183.5,-0.066149712
183.6000061,-0.066686153
183.6999969,-0.065812945
183.8000031,-0.065017223
183.9000092,-0.065398693
184,-0.075936794
184.1000061,-0.07960844
184.1999969,-0.069737911
184.3000031,-0.072598934
184.4000092,-0.06921339
184.5,-0.065637112
184.6000061,-0.067782879
184.6999969,-0.068545818
184.8000031,-0.067735195
184.9000092,-0.061631203
185,-0.066781521
185.1000061,-0.081515789
185.1999969,-0.083613873
185.3000031,-0.077748775
185.4000092,-0.064445019
185.5,-0.079799175
185.6000061,-0.069880962
185.6999969,-0.07793951
185.8000031,-0.079465389
185.9000092,-0.07690239
186,-0.075316906
186.1000061,-0.074887753
186.1999969,-0.080466747
186.3000031,-0.075173855
186.4000092,-0.072455883
186.5,-0.072885036
186.6000061,-0.077248096
186.6999969,-0.081706524
186.8000031,-0.081944942
186.9000092,-0.075459957
187,-0.071025372
187.1000061,-0.07331419
187.1999969,-0.074184418
187.3000031,-0.074744701
187.4000092,-0.077653408
187.5,-0.07909584
187.6000061,-0.082087994
187.6999969,-0.081897259
187.8000031,-0.083137035
187.9000092,-0.06997633
188,-0.082469463
188.1000061,-0.073791027
188.1999969,-0.07255125
188.3000031,-0.075173855
188.4000092,-0.078797817
188.5,-0.077367306
188.6000061,-0.075984478
188.6999969,-0.076699734
188.8000031,-0.079322338
188.9000092,-0.067210674
189,-0.07460165
189.1000061,-0.070119381
189.1999969,-0.07536459
189.3000031,-0.077558041
189.4000092,-0.074458599
189.5,-0.070834637
189.6000061,-0.073647976
189.6999969,-0.075412273
189.8000031,-0.082564831
189.9000092,-0.078416348
190,-0.075459957
190.1000061,-0.075412273
190.1999969,-0.070643902
190.3000031,-0.067830563
190.4000092,-0.063872814
190.5,-0.059580803
190.6000061,-0.062489986
190.6999969,-0.070739269
190.8000031,-0.074649334
190.9000092,-0.069261074
191,-0.077379227
191.1000061,-0.082993984
191.1999969,-0.082612514
191.3000031,-0.081229687
191.4000092,-0.075030804
191.5,-0.071359158
191.6000061,-0.080276012
191.6999969,-0.080276012
191.8000031,-0.08075285
191.9000092,-0.076175213
192,-0.081372738
192.1000061,-0.076175213
192.1999969,-0.076747417
192.3000031,-0.074172497
192.4000092,-0.081420422
192.5,-0.071979046
192.6000061,-0.075793743
192.6999969,-0.077367306
192.8000031,-0.075173855
192.9000092,-0.07832098
193,-0.07088232
193.1000061,-0.067306042
193.1999969,-0.07627058
193.3000031,-0.080848217
193.4000092,-0.074840069
193.5,-0.079036236
193.6000061,-0.068974972
193.6999969,-0.07126379
193.8000031,-0.066364169
193.9000092,-0.063968182
194,-0.061249733
194.1000061,-0.067341685
194.1999969,-0.0703578
194.3000031,-0.073791027
194.4000092,-0.070310116
194.5,-0.068974972
194.6000061,-0.074363232
194.6999969,-0.074697018
194.8000031,-0.077987194
194.9000092,-0.077462673
195,-0.071025372
195.1000061,-0.073647976
195.1999969,-0.080848217
195.3000031,-0.076413631
195.4000092,-0.068450451
195.5,-0.070500851
195.6000061,-0.075936794
195.6999969,-0.073791027
195.8000031,-0.071788311
195.9000092,-0.067735195
196,-0.064683437
196.1000061,-0.078130245
196.1999969,-0.083661556
196.3000031,-0.070596218
196.4000092,-0.07536459
196.5,-0.071311474
196.6000061,-0.064397335
196.6999969,-0.068164349
196.8000031,-0.071025372
196.9000092,-0.070167065
197,-0.079703808
197.1000061,-0.074029446
197.1999969,-0.077057362
197.3000031,-0.076699734
197.4000092,-0.077796459
197.5,-0.068116665
197.6000061,-0.061964989
197.6999969,-0.073552608
197.8000031,-0.066447735
197.9000092,-0.073361874
198,-0.066543102
198.1000061,-0.082660198
198.1999969,-0.069165707
198.3000031,-0.075650692
198.4000092,-0.074267864
198.5,-0.068545818
198.6000061,-0.063252926
198.6999969,-0.068212032
198.8000031,-0.068927288
198.9000092,-0.076127529
199,-0.082087994
199.1000061,-0.072217464
199.1999969,-0.074792385
199.3000031,-0.07255125
199.4000092,-0.071597576
199.5,-0.0703578
199.6000061,-0.081182003
199.6999969,-0.070548534
199.8000031,-0.087476254
199.9000092,-0.071692944
200,-0.064540386
200.1000061,-0.073075771
200.1999969,-0.068212032
200.3000031,-0.068641186
200.4000092,-0.066066265
200.5,-0.064158916
200.6000061,-0.063252926
200.6999969,-0.065625191
200.8000031,-0.069261074
200.9000092,-0.065827847
201,-0.080228329
201.1000061,-0.07255125
201.1999969,-0.08037138
201.3000031,-0.072217464
201.4000092,-0.062441826
201.5,-0.069022655
201.6000061,-0.072169781
201.6999969,-0.068212032
201.8000031,-0.080800533
201.9000092,-0.069070339
202,-0.07331419
202.1000061,-0.074220181
202.1999969,-0.073981762
202.3000031,-0.059580803
202.4000092,-0.07369566
202.5,-0.058531761
202.6000061,-0.071073055
202.6999969,-0.065398693
202.8000031,-0.072217464
202.9000092,-0.062298775
203,-0.066304684
203.1000061,-0.073934078
203.1999969,-0.071835995
203.3000031,-0.069070339
203.4000092,-0.074553967
203.5,-0.063014507
203.6000061,-0.073504925
203.6999969,-0.083661556
203.8000031,-0.059533119
203.9000092,-0.065827847
204,-0.070262432
204.1000061,-0.07202673
204.1999969,-0.073504925
204.3000031,-0.075984478
204.4000092,-0.067162991
204.5,-0.070786953
204.6000061,-0.068879604
204.6999969,-0.067008018
204.8000031,-0.065255642
204.9000092,-0.063109875
205,-0.066066265
205.1000061,-0.069070339
205.1999969,-0.075936794
205.3000031,-0.075603008
205.4000092,-0.078475952
205.5,-0.080705166
205.6000061,-0.08165884
205.6999969,-0.070739269
205.8000031,-0.066686153
205.9000092,-0.072885036
206,-0.078177929
206.1000061,-0.068450451
206.1999969,-0.072789669
206.3000031,-0.075555325
206.4000092,-0.070608139
206.5,-0.067115307
206.6000061,-0.066972256
206.6999969,-0.06792593
206.8000031,-0.069451809
206.9000092,-0.067723274
207,-0.066829205
207.1000061,-0.066686153
207.1999969,-0.070548534
207.3000031,-0.069880962
207.4000092,-0.064158916
207.5,-0.082612514
207.6000061,-0.072885036
207.6999969,-0.068450451
207.8000031,-0.08037138
207.9000092,-0.076365948
208,-0.071549892
208.1000061,-0.064301968
208.1999969,-0.070691586
208.3000031,-0.074124813
208.4000092,-0.074458599
208.5,-0.069451809
208.6000061,-0.067210674
208.6999969,-0.063443661
208.8000031,-0.061583519
208.9000092,-0.066316485
209,-0.067687511
209.1000061,-0.07255125
209.1999969,-0.06792593
209.3000031,-0.07331419
209.4000092,-0.076890469
209.5,-0.074947357
209.6000061,-0.074792385
209.6999969,-0.074792385
209.8000031,-0.06921339
209.9000092,-0.066829205
210,-0.075173855
210.1000061,-0.064445019
210.1999969,-0.073075771
210.3000031,-0.065732479
210.4000092,-0.069785595
210.5,-0.065494061
210.6000061,-0.07832098
210.6999969,-0.064445019
210.8000031,-0.075507641
210.9000092,-0.079513073
211,-0.066352367
211.1000061,-0.07164526
211.1999969,-0.069737911
211.3000031,-0.078797817
211.4000092,-0.063920498
211.5,-0.072169781
211.6000061,-0.066543102
211.6999969,-0.075889111
211.8000031,-0.082564831
211.9000092,-0.063634396
212,-0.075746059
212.1000061,-0.068545818
212.1999969,-0.064826488
212.3000031,-0.061058998
212.4000092,-0.070262432
212.5,-0.065303326
212.6000061,-0.062203407
212.6999969,-0.061178327
212.8000031,-0.057721138
212.9000092,-0.059485435
213,-0.065017223
213.1000061,-0.05877018
213.1999969,-0.069022655
213.3000031,-0.059247017
213.4000092,-0.061058998
213.5,-0.065744162
213.6000061,-0.071740627
213.6999969,-0.070930004
213.8000031,-0.070691586
213.9000092,-0.06792593
214,-0.06921339
214.1000061,-0.066757679
214.1999969,-0.065732479
214.3000031,-0.064158916
214.4000092,-0.064015865
214.5,-0.070834637
214.6000061,-0.062060356
214.6999969,-0.068116665
214.8000031,-0.075746059
214.9000092,-0.069165707
215,-0.070214748
215.1000061,-0.070453167
215.1999969,-0.070262432
215.3000031,-0.06754446
215.4000092,-0.062012672
215.5,-0.064635754
215.6000061,-0.072360516
215.6999969,-0.074840069
215.8000031,-0.059533119
215.9000092,-0.071788311
216,-0.088096142
216.1000061,-0.071835995
216.1999969,-0.068402767
216.3000031,-0.064540386
216.4000092,-0.067878246
216.5,-0.067735195
216.6000061,-0.074744701
216.6999969,-0.071025372
216.8000031,-0.057291985
216.9000092,-0.064015865
217,-0.080419064
217.1000061,-0.061440468
217.1999969,-0.069308758
217.3000031,-0.069880962
217.4000092,-0.074744701
217.5,-0.071931362
217.6000061,-0.060105324
217.6999969,-0.067210674
217.8000031,-0.079226971
217.9000092,-0.064015865
218,-0.070548534
218.1000061,-0.071216106
218.1999969,-0.068545818
218.3000031,-0.066066265
218.4000092,-0.067210674
218.5,-0.079894543
218.6000061,-0.072646618
218.6999969,-0.064397335
218.8000031,-0.060534477
218.9000092,-0.067019939
219,-0.079179287
219.1000061,-0.059962273
219.1999969,-0.070977688
219.3000031,-0.066733837
219.4000092,-0.068593502
219.5,-0.067067623
219.6000061,-0.063109875
219.6999969,-0.063395977
219.8000031,-0.075459957
219.9000092,-0.062441826
220,-0.069833279
220.1000061,-0.064683437
220.1999969,-0.069833279
220.3000031,-0.061964989
220.4000092,-0.062728405
220.5,-0.063777447
220.6000061,-0.07164526
220.6999969,-0.064111233
220.8000031,-0.070071697
220.9000092,-0.057148933
221,-0.063157558
221.1000061,-0.059866905
221.1999969,-0.057530403
221.3000031,-0.062155724
221.4000092,-0.067210674
221.5,-0.064301968
221.6000061,-0.067878246
221.6999969,-0.067878246
221.8000031,-0.065398693
221.9000092,-0.068641186
222,-0.0642066
222.1000061,-0.063443422
222.1999969,-0.060677528
222.3000031,-0.060248375
222.4000092,-0.067019701
222.5,-0.07498312
222.6000061,-0.072169781
222.6999969,-0.068402767
222.8000031,-0.063348293
222.9000092,-0.065589428
223,-0.061011314
223.1000061,-0.065827847
223.1999969,-0.059103966
223.3000031,-0.062680721
223.4000092,-0.061631203
223.5,-0.064063549
223.6000061,-0.065493941
223.6999969,-0.067687511
223.8000031,-0.068593502
223.9000092,-0.063491344
224,-0.065017223
224.1000061,-0.066197395
224.1999969,-0.068545818
224.3000031,-0.067735195
224.4000092,-0.063920498
224.5,-0.072694302
224.6000061,-0.064731121
224.6999969,-0.057911873
224.8000031,-0.064445019
224.9000092,-0.063682079
225,-0.072169781
225.1000061,-0.067210674
225.1999969,-0.074220181
225.3000031,-0.062251091
225.4000092,-0.079846859
225.5,-0.061392784
225.6000061,-0.06959486
225.6999969,-0.070071697
225.8000031,-0.0683074
225.9000092,-0.068593502
226,-0.067973614
226.1000061,-0.068021297
226.1999969,-0.069070339
226.3000031,-0.073409557
226.4000092,-0.063682079
226.5,-0.070548534
226.6000061,-0.065017223
226.6999969,-0.065160275
226.8000031,-0.073791027
226.9000092,-0.057530403
227,-0.064826488
227.1000061,-0.066590786
227.1999969,-0.059771538
227.3000031,-0.065684795
227.4000092,-0.063539028
227.5,-0.071883678
227.6000061,-0.058054924
227.6999969,-0.078893185
227.8000031,-0.071883678
227.9000092,-0.072217464
228,-0.066018581
228.1000061,-0.069165707
228.1999969,-0.061964989
228.3000031,-0.067353725
228.4000092,-0.073028088
228.5,-0.068963051
228.6000061,-0.067306042
228.6999969,-0.068164349
228.8000031,-0.066888809
228.9000092,-0.065303326
229,-0.066781521
229.1000061,-0.072122097
229.1999969,-0.06291914
229.3000031,-0.074840069
229.4000092,-0.069499493
229.5,-0.067449093
229.6000061,-0.061821938
229.6999969,-0.069165707
229.8000031,-0.062633038
229.9000092,-0.061202049
230,-0.063252926
230.1000061,-0.061285615
230.1999969,-0.059914589
230.3000031,-0.060772896
230.4000092,-0.067878246
230.5,-0.069547176
230.6000061,-0.065720439
230.6999969,-0.061917305
230.8000031,-0.063539028
230.9000092,-0.066864848
231,-0.071502209
231.1000061,-0.070500851
231.1999969,-0.065112352
231.3000031,-0.059199333
231.4000092,-0.059247017
231.5,-0.058281422
231.6000061,-0.057482719
231.6999969,-0.061461568
231.8000031,-0.064635754
231.9000092,-0.065446377
232,-0.065827847
232.1000061,-0.062632918
232.1999969,-0.064039677
232.3000031,-0.065160275
232.4000092,-0.06253767
232.5,-0.065398693
232.6000061,-0.056099892
232.6999969,-0.06172657
232.8000031,-0.069118023
232.9000092,-0.065625072
233,-0.064731121
233.1000061,-0.066924572
233.1999969,-0.067878246
233.3000031,-0.069737911
233.4000092,-0.074744701
233.5,-0.074315548
233.6000061,-0.061535835
233.6999969,-0.059437752
233.8000031,-0.061798334
233.9000092,-0.062489986
234,-0.063729763
234.1000061,-0.057387352
234.1999969,-0.073266506
234.3000031,-0.063920498
234.4000092,-0.067878246
234.5,-0.063348293
234.6000061,-0.067401409
234.6999969,-0.061392784
234.8000031,-0.069690228
234.9000092,-0.072169781
235,-0.061583519
235.1000061,-0.070930004
235.1999969,-0.066829205
235.3000031,-0.060343742
235.4000092,-0.06005764
235.5,-0.062203407
235.6000061,-0.063872814
235.6999969,-0.063372016
235.8000031,-0.064015865
235.9000092,-0.063395977
236,-0.062012672
236.1000061,-0.065827847
236.1999969,-0.068212032
236.3000031,-0.069118023
236.4000092,-0.06330061
236.5,-0.058531761
236.6000061,-0.057768822
236.6999969,-0.067496777
236.8000031,-0.058531761
236.9000092,-0.066590786
237,-0.063109875
237.1000061,-0.058722496
237.1999969,-0.061631203
237.3000031,-0.064158916
237.4000092,-0.06959486
237.5,-0.068927288
237.6000061,-0.069690228
237.6999969,-0.066268802
237.8000031,-0.064301968
237.9000092,-0.062155724
238,-0.060343742
238.1000061,-0.070024014
238.1999969,-0.057768822
238.3000031,-0.063348293
238.4000092,-0.062012672
238.5,-0.063562751
238.6000061,-0.066018581
238.6999969,-0.062871456
238.8000031,-0.059390068
238.9000092,-0.06210804
239,-0.059580803
239.1000061,-0.052237511
239.1999969,-0.055289268
239.3000031,-0.064301968
239.4000092,-0.058960915
239.5,-0.06458807
239.6000061,-0.064301968
239.6999969,-0.066113949
239.8000031,-0.061440706
239.9000092,-0.05710125
240,-0.058245659
240.1000061,-0.06792593
240.1999969,-0.067353725
240.3000031,-0.065029025
240.4000092,-0.063443661
240.5,-0.061392784
240.6000061,-0.061023355
240.6999969,-0.058674812
240.8000031,-0.060582161
240.9000092,-0.073981762
241,-0.049519539
241.1000061,-0.064349651
241.1999969,-0.062871456
241.3000031,-0.058817863
241.4000092,-0.057339668
241.5,-0.061154366
241.6000061,-0.051379204
241.6999969,-0.064015865
241.8000031,-0.056004524
241.9000092,-0.063777447
242,-0.061774254
242.1000061,-0.064182639
242.1999969,-0.065684795
242.3000031,-0.065494061
242.4000092,-0.067830563
242.5,-0.065494061
242.6000061,-0.055003166
242.6999969,-0.062728405
242.8000031,-0.058293343
242.9000092,-0.056052208
243,-0.061106682
243.1000061,-0.063395977
243.1999969,-0.064921737
243.3000031,-0.067019939
243.4000092,-0.068164349
243.5,-0.061392784
243.6000061,-0.056242943
243.6999969,-0.06082058
243.8000031,-0.059580803
243.9000092,-0.05710125
244,-0.059568882
244.1000061,-0.061917305
244.1999969,-0.05967617
244.3000031,-0.060963631
244.4000092,-0.069547176
244.5,-0.067258358
244.6000061,-0.052714348
244.6999969,-0.055861473
244.8000031,-0.067258358
244.9000092,-0.055480003
245,-0.080085278
245.1000061,-0.065255642
245.1999969,-0.069690228
245.3000031,-0.06663847
245.4000092,-0.062585354
245.5,-0.059819221
245.6000061,-0.05800724
245.6999969,-0.063598394
245.8000031,-0.068784237
245.9000092,-0.067782879
246,-0.056576729
246.1000061,-0.054812431
246.1999969,-0.066972256
246.3000031,-0.059580803
246.4000092,-0.054001808
246.5,-0.070643902
246.6000061,-0.067830563
246.6999969,-0.068605423
246.8000031,-0.067306042
246.9000092,-0.068641186
247,-0.053191185
247.1000061,-0.062585354
247.1999969,-0.071502209
247.3000031,-0.055098534
247.4000092,-0.054240227
247.5,-0.055766106
247.6000061,-0.062060356
247.6999969,-0.058722496
247.8000031,-0.068355083
247.9000092,-0.066161633
248,-0.062871218
248.1000061,-0.055909157
248.1999969,-0.061058998
248.3000031,-0.051379204
248.4000092,-0.057959557
248.5,-0.0613451
248.6000061,-0.060618043
248.6999969,-0.063920498
248.8000031,-0.059247017
248.9000092,-0.053048134
249,-0.075936794
249.1000061,-0.068927288
249.1999969,-0.064731121
249.3000031,-0.061535835
249.4000092,-0.066304684
249.5,-0.07088232
249.6000061,-0.068653107
249.6999969,-0.069070339
249.8000031,-0.068355083
249.9000092,-0.062251091
250,-0.067687511
250.1000061,-0.063014507
250.1999969,-0.061440468
250.3000031,-0.062012672
250.4000092,-0.066304684
250.5,-0.062251091
250.6000061,-0.06663847
250.6999969,-0.071502209
250.8000031,-0.062823772
250.9000092,-0.071311474
251,-0.07331419
251.1000061,-0.063634396
251.1999969,-0.054383278
251.3000031,-0.055003166
251.4000092,-0.056791306
251.5,-0.057816505
251.6000061,-0.059962273
251.6999969,-0.059294701
251.8000031,-0.059461594
251.9000092,-0.059628487
252,-0.061792374
252.1000061,-0.064397335
252.1999969,-0.063682079
252.3000031,-0.053620338
252.4000092,-0.058722496
252.5,-0.04632473
252.6000061,-0.059962273
252.6999969,-0.052523613
252.8000031,-0.063729763
252.9000092,-0.062203407
253,-0.059032559
253.1000061,-0.05543232
253.1999969,-0.054764748
253.3000031,-0.055909157
253.4000092,-0.056993961
253.5,-0.060391426
253.6000061,-0.056910515
253.6999969,-0.065637112
253.8000031,-0.057339668
253.9000092,-0.059723854
254,-0.06210804
254.1000061,-0.071454525
254.1999969,-0.057959557
254.3000031,-0.068879604
254.4000092,-0.066972256
254.5,-0.057864189
254.6000061,-0.066447735
254.6999969,-0.061202049
254.8000031,-0.060868263
254.9000092,-0.06210804
255,-0.059628487
255.1000061,-0.067210674
255.1999969,-0.058484077
255.3000031,-0.061488152
255.4000092,-0.056099892
255.5,-0.057291985
255.6000061,-0.062394142
255.6999969,-0.060379505
255.8000031,-0.061631203
255.9000092,-0.060200691
256,-0.059294701
256.1000061,-0.064301968
256.2000122,-0.067258358
256.3000183,-0.063443661
256.3999939,-0.059533119
256.5,-0.053620338
256.6000061,-0.072598934
256.7000122,-0.065732479
256.8000183,-0.055527687
256.8999939,-0.057435036
257,-0.058722496
257.1000061,-0.06253767
257.2000122,-0.054240227
257.3000183,-0.059008598
257.3999939,-0.064874172
257.5,-0.061297417
257.6000061,-0.066543102
257.7000122,-0.058054924
257.8000183,-0.062966824
257.8999939,-0.06082058
258,-0.052809715
258.1000061,-0.061011314
258.2000122,-0.066209316
258.3000183,-0.055670738
258.3999939,-0.056862831
258.5,-0.059235215
258.6000061,-0.060915947
258.7000122,-0.063491344
258.8000183,-0.061917305
258.8999939,-0.060153008
259,-0.06082058
259.1000061,-0.057518482
259.2000122,-0.05543232
259.3000183,-0.053668022
259.3999939,-0.057768822
259.5,-0.060868263
259.6000061,-0.061106682
259.7000122,-0.067258358
259.8000183,-0.056815147
259.8999939,-0.062776089
260,-0.057148933
260.1000061,-0.058150291
260.2000122,-0.057625771
260.3000183,-0.059521198
260.3999939,-0.061011314
260.5,-0.061297417
260.6000061,-0.06587553
260.7000122,-0.058341026
260.8000183,-0.070262432
260.8999939,-0.063729763
261,-0.053572655
261.1000061,-0.071788311
261.2000122,-0.051665306
261.3000183,-0.054764748
261.3999939,-0.065446377
261.5,-0.051093102
261.6000061,-0.062823772
261.7000122,-0.073743343
261.8000183,-0.065446377
261.8999939,-0.057339668
262,-0.070548534
262.1000061,-0.064063549
262.2000122,-0.061678886
262.3000183,-0.067115307
262.3999939,-0.062155724
262.5,-0.057578087
262.6000061,-0.056624413
262.7000122,-0.053524971
262.8000183,-0.053095818
262.8999939,-0.05466938
263,-0.054001808
263.1000061,-0.058054924
263.2000122,-0.062298775
263.3000183,-0.065351009
263.3999939,-0.061297417
263.5,-0.067496777
263.6000061,-0.065541744
263.7000122,-0.062954664
263.8000183,-0.059008598
263.8999939,-0.059771538
264,-0.064397335
264.1000061,-0.053429604
264.2000122,-0.065207958
264.3000183,-0.058150291
264.3999939,-0.058245659
264.5,-0.061488152
264.6000061,-0.064349651
264.7000122,-0.068021297
264.8000183,-0.057625771
264.8999939,-0.065541744
265,-0.053143501
265.1000061,-0.061392784
265.2000122,-0.064635754
265.3000183,-0.057625771
265.3999939,-0.057721138
265.5,-0.063014507
265.6000061,-0.054860115
265.7000122,-0.060725212
265.8000183,-0.057911873
265.8999939,-0.066352367
266,-0.059151649
266.1000061,-0.056052208
266.2000122,-0.059628487
266.3000183,-0.050282478
266.3999939,-0.05338192
266.5,-0.052142143
266.6000061,-0.052809715
266.7000122,-0.049138069
266.8000183,-0.048756599
266.8999939,-0.063491344
267,-0.056290627
267.1000061,-0.062585354
267.2000122,-0.059914589
267.3000183,-0.063586712
267.3999939,-0.065589428
267.5,-0.061631203
267.6000061,-0.057435036
267.7000122,-0.063252926
267.8000183,-0.059437752
267.8999939,-0.064874172
268,-0.059485435
268.1000061,-0.064254284
268.2000122,-0.061583519
268.3000183,-0.066209316
268.3999939,-0.052332878
268.5,-0.06210804
268.6000061,-0.055575371
268.7000122,-0.059533119
268.8000183,-0.057911873
268.8999939,-0.051617622
269,-0.070071697
269.1000061,-0.060677528
269.2000122,-0.071740627
269.3000183,-0.055384636
269.3999939,-0.061678886
269.5,-0.050187111
269.6000061,-0.065494061
269.7000122,-0.04928112
269.8000183,-0.060153008
269.8999939,-0.059294701
270,-0.066257
270.1000061,-0.062394142
270.2000122,-0.065446377
270.3000183,-0.059771538
270.3999939,-0.056767464
270.5,-0.064731121
270.6000061,-0.056672096
270.7000122,-0.050187111
270.8000183,-0.067878246
270.8999939,-0.056242943
271,-0.064445019
271.1000061,-0.058960915
271.2000122,-0.065017223
271.3000183,-0.058722496
271.3999939,-0.064921856
271.5,-0.061488152
271.6000061,-0.061106682
271.7000122,-0.062680721
271.8000183,-0.060915947
271.8999939,-0.059878945
272,-0.057291985
272.1000061,-0.058627129
272.2000122,-0.054705143
272.3000183,-0.050473213
272.3999939,-0.052428246
272.5,-0.048756599
272.6000061,-0.058531761
272.7000122,-0.048804283
272.8000183,-0.055336952
272.8999939,-0.064158916
273,-0.063062191
273.1000061,-0.065017223
273.2000122,-0.060296059
273.3000183,-0.058197975
273.3999939,-0.061202049
273.5,-0.055801868
273.6000061,-0.051569939
273.7000122,-0.052237511
273.8000183,-0.057673454
273.8999939,-0.053620338
274,-0.063682079
274.1000061,-0.054001808
274.2000122,-0.062394142
274.3000183,-0.063777447
274.3999939,-0.069737911
274.5,-0.062633038
274.6000061,-0.064504504
274.7000122,-0.062012672
274.8000183,-0.063634396
274.8999939,-0.059771538
275,-0.058817863
275.1000061,-0.061964989
275.2000122,-0.053143501
275.3000183,-0.047278404
275.3999939,-0.050139427
275.5,-0.060296059
275.6000061,-0.059199333
275.7000122,-0.049042702
275.8000183,-0.062441826
275.8999939,-0.054955482
276,-0.066018581
276.1000061,-0.051140785
276.2000122,-0.060868263
276.3000183,-0.06291914
276.3999939,-0.050425529
276.5,-0.06210804
276.6000061,-0.053811073
276.7000122,-0.047087669
276.8000183,-0.056576729
276.8999939,-0.050282478
277,-0.05338192
277.1000061,-0.059390068
277.2000122,-0.054574013
277.3000183,-0.050759315
277.3999939,-0.059199333
277.5,-0.06043911
277.6000061,-0.057399273
277.7000122,-0.054860115
277.8000183,-0.055098534
277.8999939,-0.05956912
278,-0.06382513
278.1000061,-0.064492702
278.2000122,-0.062203407
278.3000183,-0.057578087
278.3999939,-0.063443661
278.5,-0.060534477
278.6000061,-0.057339668
278.7000122,-0.057673454
278.8000183,-0.062394142
278.8999939,-0.062155724
279,-0.063789129
279.1000061,-0.063491344
279.2000122,-0.061074078
279.3000183,-0.059580803
279.3999939,-0.057435036
279.5,-0.059151649
279.6000061,-0.062633038
279.7000122,-0.057721138
279.8000183,-0.05967617
279.8999939,-0.060153008
280,-0.059819221
280.1000061,-0.060629845
280.2000122,-0.058817863
280.3000183,-0.054192543
280.3999939,-0.054478645
280.5,-0.056099892
280.6000061,-0.065160275
280.7000122,-0.063491344
280.8000183,-0.05633831
280.8999939,-0.061774254
281,-0.056624413
281.1000061,-0.053191185
281.2000122,-0.057291985
281.3000183,-0.068068981
281.3999939,-0.061154366
281.5,-0.044465065
281.6000061,-0.05133152
281.7000122,-0.059723854
281.8000183,-0.062585354
281.8999939,-0.058913231
282,-0.056099892
282.1000061,-0.055193901
282.2000122,-0.054299831
282.3000183,-0.053238869
282.3999939,-0.052666664
282.5,-0.056099892
282.6000061,-0.057721138
282.7000122,-0.063062191
282.8000183,-0.05171299
282.8999939,-0.060868263
283,-0.062633038
283.1000061,-0.067019939
283.2000122,-0.063300371
283.3000183,-0.061202049
283.3999939,-0.062346458
283.5,-0.057637691
283.6000061,-0.053811073
283.7000122,-0.053191185
283.8000183,-0.054097176
283.8999939,-0.058817863
284,-0.059533119
284.1000061,-0.064492702
284.2000122,-0.065923214
284.3000183,-0.060009956
284.3999939,-0.049424171
284.5,-0.054383278
284.6000061,-0.06330061
284.7000122,-0.06330061
284.8000183,-0.067162991
284.8999939,-0.058913231
285,-0.053906441
285.1000061,-0.054490566
285.2000122,-0.053334236
285.3000183,-0.051808357
285.3999939,-0.053048134
285.5,-0.058996916
285.6000061,-0.066972256
285.7000122,-0.064158916
285.8000183,-0.063395977
285.8999939,-0.064468861
286,-0.066400051
286.1000061,-0.063920498
286.2000122,-0.068641186
286.3000183,-0.055718422
286.3999939,-0.065970898
286.5,-0.05671978
286.6000061,-0.071788311
286.7000122,-0.065780163
286.8000183,-0.051569939
286.8999939,-0.057435036
287,-0.066686153
287.1000061,-0.067830563
287.2000122,-0.067198753
287.3000183,-0.067830563
287.3999939,-0.066447735
287.5,-0.066209316
287.6000061,-0.061869621
287.7000122,-0.064015865
287.8000183,-0.063348174
287.8999939,-0.064540386
288,-0.062966824
288.1000061,-0.05671978
288.2000122,-0.074887753
288.3000183,-0.062012672
288.3999939,-0.057482719
288.5,-0.057005882
288.6000061,-0.059866905
288.7000122,-0.060105324
288.8000183,-0.058674812
288.8999939,-0.059139848
289,-0.061020523
289.1000061,-0.06291914
289.2000122,-0.063348293
289.3000183,-0.063348293
289.3999939,-0.067210674
289.5,-0.069642544
289.6000061,-0.072503567
289.7000122,-0.065255642
289.8000183,-0.068223953
289.8999939,-0.068259716
290,-0.066876888
290.1000061,-0.066686153
290.2000122,-0.078797817
290.3000183,-0.055766106
290.3999939,-0.068545818
290.5,-0.058436394
290.6000061,-0.064445019
290.7000122,-0.06663847
290.8000183,-0.055527687
290.8999939,-0.051617622
291,-0.059628487
291.1000061,-0.063872814
291.2000122,-0.058293343
291.3000183,-0.067162991
291.3999939,-0.061678886
291.5,-0.052523613
291.6000061,-0.058245659
291.7000122,-0.05376339
291.8000183,-0.060343742
291.8999939,-0.046610832
292,-0.056529045
292.1000061,-0.062585354
292.2000122,-0.061154366
292.3000183,-0.055289268
292.3999939,-0.052952766
292.5,-0.060582161
292.6000061,-0.048804283
292.7000122,-0.052523613
292.8000183,-0.05376339
292.8999939,-0.065064907
293,-0.06496954
293.1000061,-0.064301968
293.2000122,-0.063395977
293.3000183,-0.063777447
293.3999939,-0.05300045
293.5,-0.061869621
293.6000061,-0.055241585
293.7000122,-0.046563148
293.8000183,-0.061917305
293.8999939,-0.054144859
294,-0.065064907
294.1000061,-0.051617622
294.2000122,-0.066543102
294.3000183,-0.063252926
294.3999939,-0.053477287
294.5,-0.057578087
294.6000061,-0.06005764
294.7000122,-0.059485435
294.8000183,-0.052523613
294.8999939,-0.055289268
295,-0.059485435
295.1000061,-0.061881781
295.2000122,-0.065923214
295.3000183,-0.066829205
295.3999939,-0.06084466
295.5,-0.055098534
295.6000061,-0.055527687
295.7000122,-0.059247017
295.8000183,-0.055766106
295.8999939,-0.058722496
296,-0.058054924
296.1000061,-0.057435036
296.2000122,-0.067210674
296.3000183,-0.060296059
296.3999939,-0.066590786
296.5,-0.060105324
296.6000061,-0.06172657
296.7000122,-0.055193901
296.8000183,-0.057578087
296.8999939,-0.065494061
297,-0.051188469
297.1000061,-0.058150291
297.2000122,-0.066781521
297.3000183,-0.061821938
297.3999939,-0.061202049
297.5,-0.06043911
297.6000061,-0.056040287
297.7000122,-0.053095818
297.8000183,-0.049424171
297.8999939,-0.061106682
298,-0.053572655
298.1000061,-0.063539028
298.2000122,-0.069499493
298.3000183,-0.06315732
298.3999939,-0.059771538
298.5,-0.059819221
298.6000061,-0.055897236
298.7000122,-0.050663948
298.8000183,-0.053334236
298.8999939,-0.058150291
299,-0.061106682
299.1000061,-0.050902367
299.2000122,-0.050187111
299.3000183,-0.050568581
299.3999939,-0.049769878
299.5,-0.048184395
299.6000061,-0.050139427
299.7000122,-0.052809715
299.8000183,-0.048184395
299.8999939,-0.057053566
300,-0.059723854
300.1000061,-0.058197975
300.2000122,-0.057721138
300.3000183,-0.05838871
300.3999939,-0.060725212
300.5,-0.063586712
300.6000061,-0.061547875
300.7000122,-0.061488152
300.8000183,-0.060391426
300.8999939,-0.054192543
301,-0.055670738
301.1000061,-0.054883957
301.2000122,-0.055718422
301.3000183,-0.053954124
301.3999939,-0.052475929
301.5,-0.047755241
301.6000061,-0.045323372
301.7000122,-0.050663948
301.8000183,-0.052571297
301.8999939,-0.054061413
302,-0.055670738
302.1000061,-0.057339668
302.2000122,-0.052666664
302.3000183,-0.059008598
302.3999939,-0.049805641
302.5,-0.055623055
302.6000061,-0.053954124
302.7000122,-0.057530403
302.8000183,-0.059342384
302.8999939,-0.055909157
303,-0.053811073
303.1000061,-0.052952766
303.2000122,-0.045180321
303.3000183,-0.047039986
303.3999939,-0.054001808
303.5,-0.052952766
303.6000061,-0.058484077
303.7000122,-0.053858757
303.8000183,-0.055253506
303.8999939,-0.054335594
304,-0.054335594
304.1000061,-0.053393841
304.2000122,-0.052571297
304.3000183,-0.052332878
304.3999939,-0.051140785
304.5,-0.057291985
304.6000061,-0.051474571
304.7000122,-0.061106682
304.8000183,-0.054144859
304.8999939,-0.052571297
305,-0.052142143
305.1000061,-0.053620338
305.2000122,-0.05671978
305.3000183,-0.061392784
305.3999939,-0.056910515
305.5,-0.062251091
305.6000061,-0.05171299
305.7000122,-0.055241585
305.8000183,-0.053334236
305.8999939,-0.062441826
306,-0.067067623
306.1000061,-0.055527687
306.2000122,-0.055193901
306.3000183,-0.056505203
306.3999939,-0.055193901
306.5,-0.055509806
306.6000061,-0.054860115
306.7000122,-0.05030185
306.8000183,-0.046229362
306.8999939,-0.044608116
307,-0.05004406
307.1000061,-0.056910515
307.2000122,-0.066972256
307.3000183,-0.060486794
307.3999939,-0.051856041
307.5,-0.053811073
307.6000061,-0.052428246
307.7000122,-0.055277348
307.8000183,-0.057005882
307.8999939,-0.057864189
308,-0.055682659
308.1000061,-0.053906441
308.2000122,-0.053954124
308.3000183,-0.056147575
308.3999939,-0.049710274
308.5,-0.065494061
308.6000061,-0.05877018
308.7000122,-0.060343862
308.8000183,-0.058722496
308.8999939,-0.05838871
309,-0.057196617
309.1000061,-0.055861473
309.2000122,-0.056552887
309.3000183,-0.055003166
309.3999939,-0.058150291
309.5,-0.05261898
309.6000061,-0.061774254
309.7000122,-0.055003166
309.8000183,-0.065112591
309.8999939,-0.058102608
310,-0.049424171
310.1000061,-0.062441826
310.2000122,-0.054574013
310.3000183,-0.05838871
310.3999939,-0.059103966
310.5,-0.056636333
310.6000061,-0.05428791
310.7000122,-0.054764748
310.8000183,-0.044894218
310.8999939,-0.048279762
311,-0.048899651
311.1000061,-0.050997734
311.2000122,-0.051426888
311.3000183,-0.052380562
311.3999939,-0.051283836
311.5,-0.057482719
311.6000061,-0.064349651
311.7000122,-0.058054924
311.8000183,-0.051808357
311.8999939,-0.052046776
312,-0.052952766
312.1000061,-0.056242943
312.2000122,-0.053858757
312.3000183,-0.060153008
312.3999939,-0.068402767
312.5,-0.055623055
312.6000061,-0.057721138
312.7000122,-0.049901009
312.8000183,-0.057482719
312.8999939,-0.05376339
313,-0.056862831
313.1000061,-0.054335594
313.2000122,-0.055527687
313.3000183,-0.051426888
313.3999939,-0.056242943
313.5,-0.059580803
313.6000061,-0.058102608
313.7000122,-0.0467062
313.8000183,-0.053238869
313.8999939,-0.063586712
314,-0.06043911
314.1000061,-0.054049492
314.2000122,-0.052714348
314.3000183,-0.053906441
314.3999939,-0.059533119
314.5,-0.057864189
314.6000061,-0.066257
314.7000122,-0.062776089
314.8000183,-0.056529045
314.8999939,-0.058245659
315,-0.053560734
315.1000061,-0.049805641
315.2000122,-0.04966259
315.3000183,-0.051808357
315.3999939,-0.053906441
315.5,-0.053858757
315.6000061,-0.05865109
315.7000122,-0.066257
315.8000183,-0.060582161
315.8999939,-0.056815147
316,-0.058817863
316.1000061,-0.062012672
316.2000122,-0.063812971
316.3000183,-0.067353725
316.3999939,-0.067067623
316.5,-0.063920498
316.6000061,-0.070453167
316.7000122,-0.058150291
316.8000183,-0.061488152
316.8999939,-0.062835455
317,-0.06663847
317.1000061,-0.065064907
317.2000122,-0.053620338
317.3000183,-0.054764748
317.3999939,-0.058817863
317.5,-0.053668022
317.6000061,-0.055527687
317.7000122,-0.061821938
317.8000183,-0.061392784
317.8999939,-0.053095818
318,-0.053477287
318.1000061,-0.059485435
318.2000122,-0.060534477
318.3000183,-0.059318542
318.3999939,-0.058484077
318.5,-0.05877018
318.6000061,-0.059223175
318.7000122,-0.058585405
318.8000183,-0.057435036
318.8999939,-0.058913231
319,-0.053620338
319.1000061,-0.056147575
319.2000122,-0.061869621
319.3000183,-0.064778805
319.3999939,-0.059735894
319.5,-0.056385994
319.6000061,-0.055909157
319.7000122,-0.059449792
319.8000183,-0.060248375
319.8999939,-0.065255642
320,-0.051903725
320.1000061,-0.065207958
320.2000122,-0.05261898
320.3000183,-0.053238869
320.3999939,-0.05428791
320.5,-0.057864189
320.6000061,-0.056290627
320.7000122,-0.064063549
320.8000183,-0.057530403
320.8999939,-0.047326088
321,-0.05300045
321.1000061,-0.057625771
321.2000122,-0.061106682
321.3000183,-0.060915947
321.3999939,-0.064254284
321.5,-0.057673454
321.6000061,-0.068164349
321.7000122,-0.058579445
321.8000183,-0.069642544
321.8999939,-0.058913231
322,-0.060534477
322.1000061,-0.055909157
322.2000122,-0.061821938
322.3000183,-0.057244301
322.3999939,-0.06496954
322.5,-0.051999092
322.6000061,-0.058436394
322.7000122,-0.061058998
322.8000183,-0.04928112
322.8999939,-0.06587553
323,-0.059008598
323.1000061,-0.054335594
323.2000122,-0.053668022
323.3000183,-0.053143501
323.3999939,-0.056529045
323.5,-0.054192543
323.6000061,-0.05723238
323.7000122,-0.060391426
323.8000183,-0.057816505
323.8999939,-0.057053566
324,-0.053095818
324.1000061,-0.051808357
324.2000122,-0.055193901
324.3000183,-0.057196617
324.3999939,-0.05004406
324.5,-0.054812431
324.6000061,-0.050711632
324.7000122,-0.051856041
324.8000183,-0.054717064
324.8999939,-0.059390068
325,-0.048518181
325.1000061,-0.053334236
325.2000122,-0.048756599
325.3000183,-0.051188469
325.3999939,-0.051236153
325.5,-0.051426888
325.6000061,-0.054478645
325.7000122,-0.052857399
325.8000183,-0.050139427
325.8999939,-0.051045418
326,-0.049650669
326.1000061,-0.048327446
326.2000122,-0.049090385
326.3000183,-0.056529045
326.3999939,-0.067687511
326.5,-0.056958199
326.6000061,-0.052380562
326.7000122,-0.052952766
326.8000183,-0.052785873
326.8999939,-0.053530931
327,-0.054049492
327.1000061,-0.054335594
327.2000122,-0.048565865
327.3000183,-0.066972256
327.3999939,-0.046086311
327.5,-0.055336952
327.6000061,-0.059628487
327.7000122,-0.056672096
327.8000183,-0.056147575
327.8999939,-0.054860115
328,-0.057053566
328.1000061,-0.053524971
328.2000122,-0.060248375
328.3000183,-0.059247017
328.3999939,-0.052523613
328.5,-0.044560432
328.6000061,-0.056052208
328.7000122,-0.053238869
328.8000183,-0.053906441
328.8999939,-0.052523613
329,-0.051522255
329.1000061,-0.048089027
329.2000122,-0.049424171
329.3000183,-0.052571297
329.3999939,-0.058579445
329.5,-0.046896935
329.6000061,-0.052475929
329.7000122,-0.053477287
329.8000183,-0.060725212
329.8999939,-0.047469139
330,-0.053811073
330.1000061,-0.049710274
330.2000122,-0.056815147
330.3000183,-0.046229362
330.3999939,-0.047945976
330.5,-0.05106926
330.6000061,-0.055766106
330.7000122,-0.054335594
330.8000183,-0.048232079
330.8999939,-0.048947334
331,-0.051140785
331.1000061,-0.05376339
331.2000122,-0.049757957
331.3000183,-0.055003166
331.3999939,-0.052666664
331.5,-0.050139427
331.6000061,-0.05671978
331.7000122,-0.050806999
331.8000183,-0.060009956
331.8999939,-0.057196617
332,-0.049757957
332.1000061,-0.051093102
332.2000122,-0.053572655
332.3000183,-0.063205242
332.3999939,-0.049376488
332.5,-0.054430962
332.6000061,-0.050282478
332.7000122,-0.06210804
332.8000183,-0.060534477
332.8999939,-0.054955482
333,-0.052332878
333.1000061,-0.055575371
333.2000122,-0.052857399
333.3000183,-0.044798851
333.3999939,-0.050806999
333.5,-0.053954124
333.6000061,-0.058531761
333.7000122,-0.056052208
333.8000183,-0.044608116
333.8999939,-0.056958199
334,-0.051093102
334.1000061,-0.053811073
334.2000122,-0.052046776
334.3000183,-0.053524971
334.3999939,-0.058627129
334.5,-0.058960915
334.6000061,-0.05671978
334.7000122,-0.05466938
334.8000183,-0.054621696
334.8999939,-0.052893162
335,-0.049710274
335.1000061,-0.052571297
335.2000122,-0.05376339
335.3000183,-0.050652027
335.3999939,-0.047707558
335.5,-0.048565865
335.6000061,-0.050139427
335.7000122,-0.057864189
335.8000183,-0.053906441
335.8999939,-0.048136711
336,-0.053191185
336.1000061,-0.058102608
336.2000122,-0.048470497
336.3000183,-0.056958199
336.3999939,-0.050806999
336.5,-0.05004406
336.6000061,-0.053477287
336.7000122,-0.054907799
336.8000183,-0.055909157
336.8999939,-0.055527687
337,-0.054240227
337.1000061,-0.047659874
337.2000122,-0.048756599
337.3000183,-0.051951408
337.3999939,-0.051152706
337.5,-0.052380562
337.6000061,-0.051522255
337.7000122,-0.048089027
337.8000183,-0.051617622
337.8999939,-0.056147575
338,-0.060534477
338.1000061,-0.058102608
338.2000122,-0.047469139
338.3000183,-0.062585354
338.3999939,-0.052046776
338.5,-0.051617622
338.6000061,-0.055670738
338.7000122,-0.051093102
338.8000183,-0.054478645
338.8999939,-0.045609474
339,-0.066161633
339.1000061,-0.046038628
339.2000122,-0.049328804
339.3000183,-0.054574013
339.3999939,-0.052285194
339.5,-0.05543232
339.6000061,-0.05671978
339.7000122,-0.056028366
339.8000183,-0.054526329
339.8999939,-0.057435036
340,-0.051522255
340.1000061,-0.059008598
340.2000122,-0.048995018
340.3000183,-0.055718422
340.3999939,-0.050711632
340.5,-0.046801567
340.6000061,-0.054860115
340.7000122,-0.054001808
340.8000183,-0.053226948
340.8999939,-0.052380562
341,-0.051665306
341.1000061,-0.052475929
341.2000122,-0.050663948
341.3000183,-0.053620338
341.3999939,-0.058627129
341.5,-0.052046776
341.6000061,-0.054192543
341.7000122,-0.049567223
341.8000183,-0.050759315
341.8999939,-0.051903725
342,-0.048840046
342.1000061,-0.048899651
342.2000122,-0.043797493
342.3000183,-0.046372414
342.3999939,-0.051283836
342.5,-0.056171656
342.6000061,-0.063205242
342.7000122,-0.06382513
342.8000183,-0.055384636
342.8999939,-0.059247017
343,-0.058233738
343.1000061,-0.058913231
343.2000122,-0.059390068
343.3000183,-0.054812431
343.3999939,-0.048661232
343.5,-0.055766106
343.6000061,-0.048518181
343.7000122,-0.056958199
343.8000183,-0.054860115
343.8999939,-0.067496777
344,-0.061058998
344.1000061,-0.052380562
344.2000122,-0.051569939
344.3000183,-0.050342083
344.3999939,-0.047898293
344.5,-0.049519539
344.6000061,-0.049996376
344.7000122,-0.051629543
344.8000183,-0.050380826
344.8999939,-0.050139427
345,-0.055790693
345.1000061,-0.061917305
345.2000122,-0.060725212
345.3000183,-0.059175491
345.3999939,-0.05800724
345.5,-0.056052208
345.6000061,-0.054097176
345.7000122,-0.059008598
345.8000183,-0.055336952
345.8999939,-0.057339668
346,-0.055575371
346.1000061,-0.049042702
346.2000122,-0.04336834
346.3000183,-0.039887428
346.3999939,-0.059199333
346.5,-0.062966824
346.6000061,-0.064111233
346.7000122,-0.058353186
346.8000183,-0.052571297
346.8999939,-0.05376339
347,-0.048279762
347.1000061,-0.050473213
347.2000122,-0.049185753
347.3000183,-0.051760674
347.3999939,-0.05428791
347.5,-0.053095818
347.6000061,-0.054955482
347.7000122,-0.061964989
347.8000183,-0.05261898
347.8999939,-0.067401409
348,-0.051808357
348.1000061,-0.05376339
348.2000122,-0.06663847
348.3000183,-0.051474571
348.3999939,-0.071979046
348.5,-0.071406841
348.6000061,-0.057482719
348.7000122,-0.055146217
348.8000183,-0.056099892
348.8999939,-0.056433678
349,-0.057530403
349.1000061,-0.057148933
349.2000122,-0.058102608
349.3000183,-0.059294701
349.3999939,-0.058436394
349.5,-0.057387352
349.6000061,-0.058507919
349.7000122,-0.060868263
349.8000183,-0.057339668
349.8999939,-0.062179685
350,-0.068927288
350.1000061,-0.061583519
350.2000122,-0.050282478
350.3000183,-0.048184395
350.3999939,-0.054907799
350.5,-0.052571297
350.6000061,-0.056481361
350.7000122,-0.052046776
350.8000183,-0.063395977
350.8999939,-0.061392784
351,-0.049328804
351.1000061,-0.058150291
351.2000122,-0.06496954
351.3000183,-0.058722496
351.3999939,-0.054812431
351.5,-0.050091743
351.6000061,-0.054526329
351.7000122,-0.051760674
351.8000183,-0.053822994
351.8999939,-0.053668022
352,-0.055336952
352.1000061,-0.05787611
352.2000122,-0.062346458
352.3000183,-0.060153008
352.3999939,-0.055861473
352.5,-0.055766106
352.6000061,-0.048756599
352.7000122,-0.04389286
352.8000183,-0.049901009
352.8999939,-0.053620338
353,-0.049233437
353.1000061,-0.053179264
353.2000122,-0.054526329
353.3000183,-0.055336952
353.3999939,-0.043845177
353.5,-0.050330162
353.6000061,-0.058484077
353.7000122,-0.041079521
353.8000183,-0.055623055
353.8999939,-0.051951408
354,-0.059580803
354.1000061,-0.060391426
354.2000122,-0.05749464
354.3000183,-0.05376339
354.3999939,-0.056242943
354.5,-0.071454525
354.6000061,-0.0642066
354.7000122,-0.062418222
354.8000183,-0.056529045
354.8999939,-0.057482719
355,-0.066829205
355.1000061,-0.062155724
355.2000122,-0.066161633
355.3000183,-0.049710274
355.3999939,-0.080848217
355.5,-0.060486794
355.6000061,-0.053858757
355.7000122,-0.060009956
355.8000183,-0.055575371
355.8999939,-0.054335594
356,-0.054097176
356.1000061,-0.055229664
356.2000122,-0.056576729
356.3000183,-0.055909157
356.3999939,-0.063920498
356.5,-0.068784237
356.6000061,-0.071788311
356.7000122,-0.075889111
356.8000183,-0.077367306
356.8999939,-0.062823772
357,-0.057673454
357.1000061,-0.061774254
357.2000122,-0.057899952
357.3000183,-0.055766106
357.3999939,-0.056385994
357.5,-0.055921078
357.6000061,-0.055480003
357.7000122,-0.056052208
357.8000183,-0.057184696
357.8999939,-0.060248375
358,-0.056958199
358.1000061,-0.044083595
358.2000122,-0.055336952
358.3000183,-0.045990944
358.3999939,-0.058531761
358.5,-0.043177605
358.6000061,-0.042891502
358.7000122,-0.058865547
358.8000183,-0.046658516
358.8999939,-0.066781521
359,-0.050902367
359.1000061,-0.051760674
359.2000122,-0.050663948
359.3000183,-0.045800209
359.3999939,-0.04799366
359.5,-0.05004406
359.6000061,-0.051569939
359.7000122,-0.049567223
359.8000183,-0.056385994
359.8999939,-0.049090385
360,-0.049901009
360.1000061,-0.046944618
360.2000122,-0.047183037
360.3000183,-0.053429604
360.3999939,-0.049233437
360.5,-0.056290627
360.6000061,-0.048518181
360.7000122,-0.052237511
360.8000183,-0.055384636
360.8999939,-0.057339668
361,-0.05428791
361.1000061,-0.057673454
361.2000122,-0.05800724
361.3000183,-0.050902367
361.3999939,-0.048470497
361.5,-0.047230721
361.6000061,-0.044989586
361.7000122,-0.044322014
361.8000183,-0.048458576
361.8999939,-0.053238869
362,-0.051283836
362.1000061,-0.045228004
362.2000122,-0.060629845
362.3000183,-0.051569939
362.3999939,-0.047802925
362.5,-0.054383278
362.6000061,-0.057005882
362.7000122,-0.057530403
362.8000183,-0.054812431
362.8999939,-0.053524971
363,-0.051569939
363.1000061,-0.050187111
363.2000122,-0.054240227
363.3000183,-0.054717064
363.3999939,-0.05427599
363.5,-0.054430962
363.6000061,-0.053715706
363.7000122,-0.04966259
363.8000183,-0.052809715
363.8999939,-0.055670738
364,-0.054228306
364.1000061,-0.052905083
364.2000122,-0.055527687
364.3000183,-0.057959557
364.3999939,-0.059342384
364.5,-0.044560432
364.6000061,-0.049567223
364.7000122,-0.058913231
364.8000183,-0.063205242
364.8999939,-0.05428791
365,-0.05095005
365.1000061,-0.055193901
365.2000122,-0.052332878
365.3000183,-0.045990944
365.3999939,-0.055003166
365.5,-0.062633038
365.6000061,-0.050091743
365.7000122,-0.057482719
365.8000183,-0.057625771
365.8999939,-0.054597855
366,-0.052380562
366.1000061,-0.057142973
366.2000122,-0.0613451
366.3000183,-0.060248375
366.3999939,-0.055336952
366.5,-0.049376488
366.6000061,-0.051569939
366.7000122,-0.058531761
366.8000183,-0.052368641
366.8999939,-0.049614906
367,-0.049757957
367.1000061,-0.045609474
367.2000122,-0.058484077
367.3000183,-0.051760674
367.3999939,-0.044083595
367.5,-0.060582161
367.6000061,-0.049805641
367.7000122,-0.049042702
367.8000183,-0.048422813
367.8999939,-0.042319298
368,-0.059628487
368.1000061,-0.044703484
368.2000122,-0.058150291
368.3000183,-0.045228004
368.3999939,-0.050806999
368.5,-0.049495697
368.6000061,-0.051045418
368.7000122,-0.050902367
368.8000183,-0.052380562
368.8999939,-0.052905083
369,-0.042414665
369.1000061,-0.054240227
369.2000122,-0.046801567
369.3000183,-0.046658516
369.3999939,-0.049233437
369.5,-0.052905083
369.6000061,-0.0467062
369.7000122,-0.043177605
369.8000183,-0.056481361
369.8999939,-0.055336952
370,-0.050806999
370.1000061,-0.054335594
370.2000122,-0.051903725
370.3000183,-0.052332878
370.3999939,-0.055003166
370.5,-0.054097176
370.6000061,-0.043272972
370.7000122,-0.058817863
370.8000183,-0.039410591
370.8999939,-0.052809715
371,-0.059294701
371.1000061,-0.048184395
371.2000122,-0.053811073
371.3000183,-0.046467781
371.3999939,-0.049567223
371.5,-0.053429604
371.6000061,-0.049376488
371.7000122,-0.056529045
371.8000183,-0.053477287
371.8999939,-0.050187111
372,-0.047659874
372.1000061,-0.047278404
372.2000122,-0.046467781
372.3000183,-0.057625771
372.3999939,-0.039219856
372.5,-0.059914589
372.6000061,-0.043940544
372.7000122,-0.055956841
372.8000183,-0.047183037
372.8999939,-0.05838871
373,-0.047850609
373.1000061,-0.047135353
373.2000122,-0.048708916
373.3000183,-0.054430962
373.3999939,-0.05004406
373.5,-0.055336952
373.6000061,-0.05710125
373.7000122,-0.056815147
373.8000183,-0.053608418
373.8999939,-0.053811073
374,-0.0467062
374.1000061,-0.060391426
374.2000122,-0.050616264
374.3000183,-0.051617622
374.3999939,-0.049757957
374.5,-0.045752525
374.6000061,-0.054192543
374.7000122,-0.04966259
374.8000183,-0.056862831
374.8999939,-0.053954124
375,-0.056481361
375.1000061,-0.057196617
375.2000122,-0.057911873
375.3000183,-0.057148933
375.3999939,-0.055146217
375.5,-0.045800209
375.6000061,-0.056385994
375.7000122,-0.046992302
375.8000183,-0.054717064
375.8999939,-0.057768822
376,-0.052857399
376.1000061,-0.053954124
376.2000122,-0.052905083
376.3000183,-0.055670738
376.3999939,-0.055193901
376.5,-0.05838871
376.6000061,-0.05505085
376.7000122,-0.052952766
376.8000183,-0.051569939
376.8999939,-0.049328804
377,-0.052285194
377.1000061,-0.063968182
377.2000122,-0.061202049
377.3000183,-0.050806999
377.3999939,-0.052714348
377.5,-0.054085255
377.6000061,-0.05800724
377.7000122,-0.054812431
377.8000183,-0.053906441
377.8999939,-0.052571297
378,-0.050234795
378.1000061,-0.046563148
378.2000122,-0.047707558
378.3000183,-0.050377846
378.3999939,-0.060248375
378.5,-0.044703484
378.6000061,-0.056910515
378.7000122,-0.049710274
378.8000183,-0.050616264
378.8999939,-0.050544739
379,-0.05209446
379.1000061,-0.049757957
379.2000122,-0.045132637
379.3000183,-0.05466938
379.3999939,-0.060772896
379.5,-0.052905083
379.6000061,-0.065827847
379.7000122,-0.052142143
379.8000183,-0.058054924
379.8999939,-0.051426888
380,-0.05209446
380.1000061,-0.049901009
380.2000122,-0.056910634
380.3000183,-0.063395977
380.3999939,-0.062251091
380.5,-0.059330583
380.6000061,-0.056290627
380.7000122,-0.055384636
380.8000183,-0.05980742
380.8999939,-0.065923214
381,-0.061631203
381.1000061,-0.055384636
381.2000122,-0.051808357
381.3000183,-0.052046776
381.3999939,-0.058531761
381.5,-0.060772896
381.6000061,-0.05594492
381.7000122,-0.05300045
381.8000183,-0.051474571
381.8999939,-0.050032139
382,-0.047707558
382.1000061,-0.047945976
382.2000122,-0.049245358
382.3000183,-0.05209446
382.3999939,-0.049233437
382.5,-0.052857399
382.6000061,-0.043845177
382.7000122,-0.051140785
382.8000183,-0.042319298
382.8999939,-0.063252926
383,-0.055527687
383.1000061,-0.052809715
383.2000122,-0.057053566
383.3000183,-0.068212032
383.3999939,-0.048947334
383.5,-0.055241585
383.6000061,-0.054097176
383.7000122,-0.06043911
383.8000183,-0.054383278
383.8999939,-0.046992302
384,-0.05428791
384.1000061,-0.050902367
384.2000122,-0.050616264
384.3000183,-0.046467781
384.3999939,-0.042653084
384.5,-0.050640106
384.6000061,-0.055909157
384.7000122,-0.057530403
384.8000183,-0.055003166
384.8999939,-0.05633831
385,-0.060296059
385.1000061,-0.057339668
385.2000122,-0.055384636
385.3000183,-0.055396557
385.3999939,-0.05428791
385.5,-0.054574013
385.6000061,-0.045466423
385.7000122,-0.050759315
385.8000183,-0.043940544
385.8999939,-0.052380562
386,-0.05505085
386.1000061,-0.049424171
386.2000122,-0.050759315
386.3000183,-0.055193901
386.3999939,-0.044226646
386.5,-0.05376339
386.6000061,-0.051140785
386.7000122,-0.046277046
386.8000183,-0.048708916
386.8999939,-0.057721138
387,-0.050902367
387.1000061,-0.057244301
387.2000122,-0.051999092
387.3000183,-0.058960915
387.3999939,-0.048089027
387.5,-0.052046776
387.6000061,-0.045609474
387.7000122,-0.061488152
387.8000183,-0.056672096
387.8999939,-0.051951408
388,-0.052380562
388.1000061,-0.050473213
388.2000122,-0.050330162
388.3000183,-0.053703785
388.3999939,-0.055098534
388.5,-0.051090121
388.6000061,-0.046372414
388.7000122,-0.049185753
388.8000183,-0.049567223
388.8999939,-0.054430962
389,-0.058436394
389.1000061,-0.053477287
389.2000122,-0.045371056
389.3000183,-0.043463707
389.3999939,-0.049519539
389.5,-0.049853325
389.6000061,-0.04556179
389.7000122,-0.05300045
389.8000183,-0.057387352
389.8999939,-0.057458878
390,-0.060009956
390.1000061,-0.059437752
390.2000122,-0.055766106
390.3000183,-0.057435036
390.3999939,-0.048899651
390.5,-0.052380562
390.6000061,-0.057387352
390.7000122,-0.05543232
390.8000183,-0.049471855
390.8999939,-0.052952766
391,-0.045180321
391.1000061,-0.054860115
391.2000122,-0.040507317
391.3000183,-0.050759315
391.3999939,-0.04837513
391.5,-0.056862831
391.6000061,-0.059390068
391.7000122,-0.050139427
391.8000183,-0.056242943
391.8999939,-0.051760674
392,-0.05338192
392.1000061,-0.051593781
392.2000122,-0.050854683
392.3000183,-0.052505732
392.3999939,-0.053620338
392.5,-0.053954124
392.6000061,-0.047755241
392.7000122,-0.053620338
392.8000183,-0.050187111
392.8999939,-0.053048134
393,-0.051045418
393.1000061,-0.046992302
393.2000122,-0.042080879
393.3000183,-0.041794777
393.3999939,-0.047707558
393.5,-0.046896935
393.6000061,-0.04298687
393.7000122,-0.046801567
393.8000183,-0.04389286
393.8999939,-0.053715706
394,-0.058293343
394.1000061,-0.048613548
394.2000122,-0.042653084
394.3000183,-0.049328804
394.3999939,-0.057005882
394.5,-0.058817863
394.6000061,-0.050377846
394.7000122,-0.048327446
394.8000183,-0.045180321
394.8999939,-0.049901009
395,-0.040507317
395.1000061,-0.037837029
395.2000122,-0.05428791
395.3000183,-0.049233437
395.3999939,-0.043940544
395.5,-0.049042702
395.6000061,-0.051236153
395.7000122,-0.054144859
395.8000183,-0.055384636
395.8999939,-0.052285194
396,-0.04786253
396.1000061,-0.043559074
396.2000122,-0.051441789
396.3000183,-0.057530403
396.3999939,-0.056815147
396.5,-0.054049492
396.6000061,-0.055861473
396.7000122,-0.051963329
396.8000183,-0.045609474
396.8999939,-0.052332878
397,-0.047087669
397.1000061,-0.04222393
397.2000122,-0.060486794
397.3000183,-0.057578087
397.3999939,-0.054335594
397.5,-0.060486794
397.6000061,-0.050997734
397.7000122,-0.054049492
397.8000183,-0.058579445
397.8999939,-0.050425529
398,-0.05428791
398.1000061,-0.048518181
398.2000122,-0.061440468
398.3000183,-0.053286552
398.3999939,-0.050377846
398.5,-0.053703785
398.6000061,-0.053715706
398.7000122,-0.057435036
398.8000183,-0.052714348
398.8999939,-0.05800724
399,-0.056052208
399.1000061,-0.058531761
399.2000122,-0.060534477
399.3000183,-0.05698204
399.3999939,-0.053429604
399.5,-0.05543232
399.6000061,-0.048041344
399.7000122,-0.059151649
399.8000183,-0.049996376
399.8999939,-0.05671978
400,-0.056290627
400.1000061,-0.054061413
400.2000122,-0.052142143
400.3000183,-0.057068467
400.3999939,-0.061631203
400.5,-0.06043911
400.6000061,-0.057768822
400.7000122,-0.062692404
400.8000183,-0.065207958
400.8999939,-0.067353725
401,-0.063061953
401.1000061,-0.061631203
401.2000122,-0.058054924
401.3000183,-0.053906441
401.3999939,-0.046610832
401.5,-0.061821938
401.6000061,-0.057482719
401.7000122,-0.058960915
401.8000183,-0.060296059
401.8999939,-0.058162212
402,-0.056385994
402.1000061,-0.057005882
402.2000122,-0.055670738
402.3000183,-0.055408478
402.3999939,-0.054049492
402.5,-0.054907799
402.6000061,-0.061249733
402.7000122,-0.061821938
402.8000183,-0.058484077
402.8999939,-0.053858757
403,-0.063109875
403.1000061,-0.050091743
403.2000122,-0.053906441
403.3000183,-0.056672096
403.3999939,-0.075889111
403.5,-0.05428791
403.6000061,-0.071073055
403.7000122,-0.058484077
403.8000183,-0.055909157
403.8999939,-0.072074413
404,-0.047659874
404.1000061,-0.061154366
404.2000122,-0.057625771
404.3000183,-0.051569939
404.3999939,-0.051617622
404.5,-0.059771538
404.6000061,-0.057005882
404.7000122,-0.043749809
404.8000183,-0.060153008
404.8999939,-0.051808357
405,-0.053715706
405.1000061,-0.058197975
405.2000122,-0.057673454
405.3000183,-0.059247017
405.3999939,-0.059533119
405.5,-0.061440468
405.6000061,-0.057184696
405.7000122,-0.05543232
405.8000183,-0.052332878
405.8999939,-0.066209316
406,-0.050806999
406.1000061,-0.061631203
406.2000122,-0.053238869
406.3000183,-0.053334236
406.3999939,-0.050497055
406.5,-0.044798851
406.6000061,-0.050616264
406.7000122,-0.059771538
406.8000183,-0.062060356
406.8999939,-0.059199333
407,-0.062441826
407.1000061,-0.057578087
407.2000122,-0.044322014
407.3000183,-0.049567223
407.3999939,-0.054526329
407.5,-0.048947334
407.6000061,-0.056242943
407.7000122,-0.04966259
407.8000183,-0.058865547
407.8999939,-0.058341026
408,-0.060534477
408.1000061,-0.056958199
408.2000122,-0.065684795
408.3000183,-0.047326088
408.3999939,-0.051522255
408.5,-0.048923492
408.6000061,-0.046467781
408.7000122,-0.050377846
408.8000183,-0.048851967
408.8999939,-0.055336952
409,-0.041079521
409.1000061,-0.054144859
409.2000122,-0.047564507
409.3000183,-0.053715706
409.3999939,-0.040459633
409.5,-0.044369698
409.6000061,-0.05068779
409.7000122,-0.060629845
409.8000183,-0.057291985
409.8999939,-0.061869621
410,-0.058972836
410.1000061,-0.057911873
410.2000122,-0.050571561
410.3000183,-0.04131794
410.3999939,-0.044083595
410.5,-0.055193901
410.6000061,-0.051617622
410.7000122,-0.055623055
410.8000183,-0.05133152
410.8999939,-0.050187111
411,-0.048422813
411.1000061,-0.051140785
411.2000122,-0.05300045
411.3000183,-0.052952766
411.3999939,-0.04928112
411.5,-0.047039986
411.6000061,-0.05235672
411.7000122,-0.058102608
411.8000183,-0.055003166
411.8999939,-0.053989887
412,-0.05261898
412.1000061,-0.050234795
412.2000122,-0.049376488
412.3000183,-0.049805641
412.3999939,-0.048959255
412.5,-0.049042702
412.6000061,-0.04761219
412.7000122,-0.053191185
412.8000183,-0.049376488
412.8999939,-0.054430962
413,-0.047469139
413.1000061,-0.040078163
413.2000122,-0.048851967
413.3000183,-0.048851967
413.3999939,-0.050806999
413.5,-0.048756599
413.6000061,-0.056767464
413.7000122,-0.059103966
413.8000183,-0.055229664
413.8999939,-0.053620338
414,-0.051426888
414.1000061,-0.044369698
414.2000122,-0.058484077
414.3000183,-0.047183037
414.3999939,-0.050616264
414.5,-0.047850609
414.6000061,-0.050187111
414.7000122,-0.053811073
414.8000183,-0.051283836
414.8999939,-0.054430962
415,-0.043559074
415.1000061,-0.046658516
415.2000122,-0.055003166
415.3000183,-0.058674812
415.3999939,-0.05338192
415.5,-0.044989586
415.6000061,-0.047707558
415.7000122,-0.041985512
415.8000183,-0.052762032
415.8999939,-0.060725212
416,-0.046086311
416.1000061,-0.056052208
416.2000122,-0.04427433
416.3000183,-0.045371056
416.3999939,-0.046420097
416.5,-0.051140785
416.6000061,-0.051617622
416.7000122,-0.051724911
416.8000183,-0.054621696
416.8999939,-0.049519539
417,-0.053429604
417.1000061,-0.058722496
417.2000122,-0.05338192
417.3000183,-0.049996376
417.3999939,-0.047802925
417.5,-0.049185753
417.6000061,-0.06082058
417.7000122,-0.053286552
417.8000183,-0.061249733
417.8999939,-0.048136711
418,-0.05633831
418.1000061,-0.055956841
418.2000122,-0.05389452
418.3000183,-0.054714084
418.3999939,-0.054049492
418.5,-0.054955482
418.6000061,-0.048422813
418.7000122,-0.052332878
418.8000183,-0.053668022
418.8999939,-0.052285194
419,-0.049710274
419.1000061,-0.047945976
419.2000122,-0.0467062
419.3000183,-0.04503727
419.3999939,-0.055098534
419.5,-0.06005764
419.6000061,-0.049328804
419.7000122,-0.047326088
419.8000183,-0.053906441
419.8999939,-0.054717064
420,-0.056195259
420.1000061,-0.05004406
420.2000122,-0.055480003
420.3000183,-0.046467781
420.3999939,-0.054335594
420.5,-0.043511391
420.6000061,-0.052189827
420.7000122,-0.040507317
420.8000183,-0.050568581
420.8999939,-0.057387352
421,-0.052332878
421.1000061,-0.04594326
421.2000122,-0.053095818
421.3000183,-0.05209446
421.3999939,-0.046849251
421.5,-0.053143501
421.6000061,-0.063157558
421.7000122,-0.053620338
421.8000183,-0.050425529
421.8999939,-0.051951408
422,-0.054717064
422.1000061,-0.052821636
422.2000122,-0.051856041
422.3000183,-0.052762032
422.3999939,-0.0426054
422.5,-0.050568581
422.6000061,-0.042843819
422.7000122,-0.046563148
422.8000183,-0.049901009
422.8999939,-0.042366982
423,-0.049519539
423.1000061,-0.044608116
423.2000122,-0.051856041
423.3000183,-0.052142143
423.3999939,-0.051689148
423.5,-0.051665306
423.6000061,-0.051093102
423.7000122,-0.046515465
423.8000183,-0.048851967
423.8999939,-0.045752525
424,-0.041031837
424.1000061,-0.046610832
424.2000122,-0.039887428
424.3000183,-0.042414665
424.3999939,-0.046086311
424.5,-0.049233437
424.6000061,-0.048494339
424.7000122,-0.048756599
424.8000183,-0.049901009
424.8999939,-0.044894218
425,-0.056147575
425.1000061,-0.048995018
425.2000122,-0.042748451
425.3000183,-0.051569939
425.3999939,-0.049710274
425.5,-0.04966259
425.6000061,-0.050330162
425.7000122,-0.031161308
425.8000183,-0.037121773
425.8999939,-0.054574013
426,-0.044512749
426.1000061,-0.055527687
426.2000122,-0.044035912
426.3000183,-0.054144859
426.3999939,-0.052189827
426.5,-0.054001808
426.6000061,-0.046563148
426.7000122,-0.042557716
426.8000183,-0.05133152
426.8999939,-0.043606758
427,-0.05004406
427.1000061,-0.045704842
427.2000122,-0.044894218
427.3000183,-0.055956841
427.3999939,-0.050711632
427.5,-0.049865246
427.6000061,-0.045371056
427.7000122,-0.047421455
427.8000183,-0.044941902
427.8999939,-0.049185753
428,-0.054955482
428.1000061,-0.052714348
428.2000122,-0.053703785
428.3000183,-0.053095818
428.3999939,-0.054049492
428.5,-0.044703484
428.6000061,-0.053095818
428.7000122,-0.036072731
428.8000183,-0.047898293
428.8999939,-0.054335594
429,-0.055193901
429.1000061,-0.051224232
429.2000122,-0.048565865
429.3000183,-0.046801567
429.3999939,-0.047373772
429.5,-0.046801567
429.6000061,-0.03426075
429.7000122,-0.046896935
429.8000183,-0.037837029
429.8999939,-0.043749809
430,-0.040268898
430.1000061,-0.04632473
430.2000122,-0.039124489
430.3000183,-0.050139427
430.3999939,-0.048661232
430.5,-0.045371056
430.6000061,-0.050759315
430.7000122,-0.049233437
430.8000183,-0.050616264
430.8999939,-0.051856041
431,-0.053954124
431.1000061,-0.042414665
431.2000122,-0.030875206
431.3000183,-0.045275688
431.3999939,-0.046515465
431.5,-0.048327446
431.6000061,-0.044226646
431.7000122,-0.048339367
431.8000183,-0.049710274
431.8999939,-0.051093102
432,-0.056004524
432.1000061,-0.047802925
432.2000122,-0.053429604
432.3000183,-0.044894218
432.3999939,-0.050425529
432.5,-0.047945976
432.6000061,-0.044798851
432.7000122,-0.04888773
432.8000183,-0.051856041
432.8999939,-0.05095005
433,-0.055003166
433.1000061,-0.046992302
433.2000122,-0.050759315
433.3000183,-0.049424171
433.3999939,-0.039935112
433.5,-0.047469139
433.6000061,-0.040030479
433.7000122,-0.053191185
433.8000183,-0.054335594
433.8999939,-0.050759315
434,-0.055861473
434.1000061,-0.04761219
434.2000122,-0.053668022
434.3000183,-0.055384636
434.3999939,-0.049519539
434.5,-0.042939186
434.6000061,-0.046086311
434.7000122,-0.047183037
434.8000183,-0.051808357
434.8999939,-0.057625771
435,-0.04336834
435.1000061,-0.039315224
435.2000122,-0.049376488
435.3000183,-0.044703484
435.3999939,-0.04966259
435.5,-0.049853325
435.6000061,-0.048542023
435.7000122,-0.046688318
435.8000183,-0.044512749
435.8999939,-0.043845177
436,-0.037169456
436.1000061,-0.044751167
436.2000122,-0.052142143
436.3000183,-0.046420097
436.3999939,-0.049614906
436.5,-0.047516823
436.6000061,-0.047230721
436.7000122,-0.053095818
436.8000183,-0.047421455
436.8999939,-0.051569939
437,-0.046801567
437.1000061,-0.043749809
437.2000122,-0.043320656
437.3000183,-0.047421455
437.3999939,-0.057816505
437.5,-0.054430962
437.6000061,-0.045132637
437.7000122,-0.043177605
437.8000183,-0.040984154
437.8999939,-0.040888786
438,-0.0446558
438.1000061,-0.04131794
438.2000122,-0.0472188
438.3000183,-0.051999092
438.3999939,-0.050902367
438.5,-0.050902367
438.6000061,-0.051617622
438.7000122,-0.057780981
438.8000183,-0.06496954
438.8999939,-0.063634396
439,-0.052952766
439.1000061,-0.049567223
439.2000122,-0.053155422
439.3000183,-0.055956841
439.3999939,-0.054144859
439.5,-0.048613548
439.6000061,-0.041747093
439.7000122,-0.037503242
439.8000183,-0.051188469
439.8999939,-0.051951408
440,-0.048613548
440.1000061,-0.047278404
440.2000122,-0.044035912
440.3000183,-0.057244301
440.3999939,-0.05095005
440.5,-0.039219856
440.6000061,-0.046467781
440.7000122,-0.053429604
440.8000183,-0.048422813
440.8999939,-0.048995018
441,-0.043320656
441.1000061,-0.042843819
441.2000122,-0.051617622
441.3000183,-0.055241585
441.3999939,-0.045704842
441.5,-0.043559074
441.6000061,-0.042557716
441.7000122,-0.046038628
441.8000183,-0.047278404
441.8999939,-0.053524971
442,-0.045990944
442.1000061,-0.05209446
442.2000122,-0.04966259
442.3000183,-0.039887428
442.3999939,-0.047373772
442.5,-0.056672096
442.6000061,-0.040650368
442.7000122,-0.047421455
442.8000183,-0.045704842
442.8999939,-0.047695637
443,-0.048756599
443.1000061,-0.048899651
443.2000122,-0.048184395
443.3000183,-0.04324913
443.3999939,-0.035452843
443.5,-0.040459633
443.6000061,-0.048565865
443.7000122,-0.038743019
443.8000183,-0.042843819
443.8999939,-0.053620338
444,-0.049042702
444.1000061,-0.046849251
444.2000122,-0.050854683
444.3000183,-0.050187111
444.3999939,-0.047707558
444.5,-0.041222572
444.6000061,-0.043320656
444.7000122,-0.052475929
444.8000183,-0.043129921
444.8999939,-0.047183037
445,-0.052380562
445.1000061,-0.059723854
445.2000122,-0.046849251
445.3000183,-0.056862831
445.3999939,-0.046467781
445.5,-0.048422813
445.6000061,-0.054097176
445.7000122,-0.050663948
445.8000183,-0.04556179
445.8999939,-0.053620338
446,-0.05095005
446.1000061,-0.044083595
446.2000122,-0.052809715
446.3000183,-0.046801567
446.3999939,-0.050854683
446.5,-0.046038628
446.6000061,-0.048327446
446.7000122,-0.052332878
446.8000183,-0.053238869
446.8999939,-0.063539028
447,-0.051236153
447.1000061,-0.03964901
447.2000122,-0.044131279
447.3000183,-0.054240227
447.3999939,-0.064111233
447.5,-0.045418739
447.6000061,-0.054764748
447.7000122,-0.045847893
447.8000183,-0.039172173
447.8999939,-0.05261898
448,-0.058150291
448.1000061,-0.044417381
448.2000122,-0.051283836
448.3000183,-0.046992302
448.3999939,-0.046670437
448.5,-0.044369698
448.6000061,-0.044035912
448.7000122,-0.045895576
448.8000183,-0.048470497
448.8999939,-0.049376488
449,-0.048756599
449.1000061,-0.048661232
449.2000122,-0.048518181
449.3000183,-0.047898293
449.3999939,-0.047421455
449.5,-0.046992302
449.6000061,-0.053048134
449.7000122,-0.049853325
449.8000183,-0.055336952
449.8999939,-0.056624413
450,-0.046372414
450.1000061,-0.043463707
450.2000122,-0.055336952
450.3000183,-0.053238869
450.3999939,-0.05261898
450.5,-0.051903725
450.6000061,-0.049996376
450.7000122,-0.043749809
450.8000183,-0.050997734
450.8999939,-0.038552284
451,-0.047135353
451.1000061,-0.043880939
451.2000122,-0.044989586
451.3000183,-0.044846535
451.3999939,-0.047135353
451.5,-0.044226646
451.6000061,-0.035834312
451.7000122,-0.050997734
451.8000183,-0.040602684
451.8999939,-0.043320656
452,-0.047516823
452.1000061,-0.046443939
452.2000122,-0.046563148
452.3000183,-0.04837513
452.3999939,-0.059437752
452.5,-0.047802925
452.6000061,-0.03759861
452.7000122,-0.058722496
452.8000183,-0.040555
452.8999939,-0.050568581
453,-0.051283836
453.1000061,-0.047087669
453.2000122,-0.046753883
453.3000183,-0.048422813
453.3999939,-0.044894218
453.5,-0.048947334
453.6000061,-0.042510033
453.7000122,-0.055336952
453.8000183,-0.052714348
453.8999939,-0.045990944
454,-0.050806999
454.1000061,-0.043034554
454.2000122,-0.043988228
454.3000183,-0.045728683
454.3999939,-0.046038628
454.5,-0.049853325
454.6000061,-0.039696693
454.7000122,-0.043606758
454.8000183,-0.041556358
454.8999939,-0.047063828
455,-0.051093102
455.1000061,-0.051999092
455.2000122,-0.04761219
455.3000183,-0.044178963
455.3999939,-0.043177605
455.5,-0.046992302
455.6000061,-0.046515465
455.7000122,-0.047326088
455.8000183,-0.048708916
455.8999939,-0.050723553
456,-0.052666664
456.1000061,-0.054192543
456.2000122,-0.050902367
456.3000183,-0.044798851
456.3999939,-0.057387352
456.5,-0.053811073
456.6000061,-0.05633831
456.7000122,-0.055384636
456.8000183,-0.050568581
456.8999939,-0.050234795
457,-0.053238869
457.1000061,-0.050187111
457.2000122,-0.047898293
457.3000183,-0.049376488
457.3999939,-0.0451684
457.5,-0.043606758
457.6000061,-0.039792061
457.7000122,-0.055670738
457.8000183,-0.039172173
457.8999939,-0.049328804
458,-0.056052208
458.1000061,-0.041747093
458.2000122,-0.044798851
458.3000183,-0.043511391
458.3999939,-0.043272972
458.5,-0.044226646
458.6000061,-0.04594326
458.7000122,-0.042843819
458.8000183,-0.049519539
458.8999939,-0.03592968
459,-0.058150291
459.1000061,-0.040984154
459.2000122,-0.040650368
459.3000183,-0.04376173
459.3999939,-0.045132637
459.5,-0.048279762
459.6000061,-0.038599968
459.7000122,-0.044035912
459.8000183,-0.042009354
459.8999939,-0.042653084
460,-0.042748451
460.1000061,-0.04298687
460.2000122,-0.043988228
460.3000183,-0.046992302
460.3999939,-0.048565865
460.5,-0.055575371
460.6000061,-0.044751167
460.7000122,-0.053048134
460.8000183,-0.050711632
460.8999939,-0.055289268
461,-0.063491344
461.1000061,-0.039982796
461.2000122,-0.048995018
461.3000183,-0.042462349
461.3999939,-0.053668022
461.5,-0.052285194
461.6000061,-0.046133995
461.7000122,-0.055480003
461.8000183,-0.0467062
461.8999939,-0.042033195
462,-0.042414665
462.1000061,-0.047755241
462.2000122,-0.051903725
462.3000183,-0.05466938
462.3999939,-0.05146265
462.5,-0.047326088
462.6000061,-0.051951408
462.7000122,-0.056624413
462.8000183,-0.049769878
462.8999939,-0.0446558
463,-0.045847893
463.1000061,-0.049042702
463.2000122,-0.051999092
463.3000183,-0.049471855
463.3999939,-0.044178963
463.5,-0.047326088
463.6000061,-0.051784515
463.7000122,-0.056195259
463.8000183,-0.059437752
463.8999939,-0.054049492
464,-0.05209446
464.1000061,-0.048470497
464.2000122,-0.046515465
464.3000183,-0.050139427
464.3999939,-0.048470497
464.5,-0.048470497
464.6000061,-0.048661232
464.7000122,-0.048995018
464.8000183,-0.052428246
464.8999939,-0.049471855
465,-0.046229362
465.1000061,-0.043714046
465.2000122,-0.040793419
465.3000183,-0.045898557
465.3999939,-0.04966259
465.5,-0.049424171
465.6000061,-0.046944618
465.7000122,-0.052332878
465.8000183,-0.049710274
465.8999939,-0.05300045
466,-0.058913231
466.1000061,-0.051808357
466.2000122,-0.045228004
466.3000183,-0.048613548
466.3999939,-0.054192543
466.5,-0.050377846
466.6000061,-0.055766106
466.7000122,-0.052332878
466.8000183,-0.049328804
466.8999939,-0.049233437
467,-0.052189827
467.1000061,-0.055146217
467.2000122,-0.046420097
467.3000183,-0.043606758
467.3999939,-0.048291683
467.5,-0.054001808
467.6000061,-0.049138069
467.7000122,-0.061774254
467.8000183,-0.057864189
467.8999939,-0.04632473
468,-0.061964989
468.1000061,-0.056147575
468.2000122,-0.052475929
468.3000183,-0.051951408
468.3999939,-0.05428791
468.5,-0.048804283
468.6000061,-0.044703484
468.7000122,-0.04427433
468.8000183,-0.045990944
468.8999939,-0.053095818
469,-0.053477287
469.1000061,-0.049614906
469.2000122,-0.056481361
469.3000183,-0.050187111
469.3999939,-0.047516823
469.5,-0.047135353
469.6000061,-0.055861473
469.7000122,-0.046753883
469.8000183,-0.056147575
469.8999939,-0.062680721
470,-0.062251091
470.1000061,-0.054907918
470.2000122,-0.044751167
470.3000183,-0.049948692
470.3999939,-0.044846535
470.5,-0.053524971
470.6000061,-0.052952766
470.7000122,-0.04837513
470.8000183,-0.047326088
470.8999939,-0.049471855
471,-0.049138069
471.1000061,-0.052285194
471.2000122,-0.046753883
471.3000183,-0.037360191
471.3999939,-0.045609474
471.5,-0.042080879
471.6000061,-0.04491806
471.7000122,-0.046133995
471.8000183,-0.045847893
471.8999939,-0.052905083
472,-0.054097176
472.1000061,-0.055956841
472.2000122,-0.056099892
472.3000183,-0.060153127
472.3999939,-0.061917305
472.5,-0.054895908
472.6000061,-0.049424171
472.7000122,-0.048089027
472.8000183,-0.055670738
472.8999939,-0.050616264
473,-0.056958199
473.1000061,-0.048422813
473.2000122,-0.048851967
473.3000183,-0.045847893
473.3999939,-0.047063828
473.5,-0.048089027
473.6000061,-0.045466423
473.7000122,-0.048947334
473.8000183,-0.047528744
473.8999939,-0.048041344
474,-0.047659874
474.1000061,-0.057768822
474.2000122,-0.050806999
474.3000183,-0.059247017
474.3999939,-0.039029121
474.5,-0.056242943
474.6000061,-0.049519539
474.7000122,-0.054526329
474.8000183,-0.051951408
474.8999939,-0.060629845
475,-0.061869621
475.1000061,-0.053191185
475.2000122,-0.055336952
475.3000183,-0.047183037
475.3999939,-0.045275688
475.5,-0.052320957
475.6000061,-0.058197975
475.7000122,-0.058627129
475.8000183,-0.049710274
475.8999939,-0.051951408
476,-0.059819221
476.1000061,-0.062298775
476.2000122,-0.055623055
476.3000183,-0.048089027
476.3999939,-0.056433678
476.5,-0.054240227
476.6000061,-0.052809715
476.7000122,-0.053191185
476.8000183,-0.052344799
476.8999939,-0.049376488
477,-0.054001808
477.1000061,-0.048184395
477.2000122,-0.046896935
477.3000183,-0.049638748
477.3999939,-0.052762032
477.5,-0.050711632
477.6000061,-0.048947334
477.7000122,-0.045895576
477.8000183,-0.046420097
477.8999939,-0.046992302
478,-0.04581213
478.1000061,-0.044941902
478.2000122,-0.044894218
478.3000183,-0.043439865
478.3999939,-0.044322014
478.5,-0.039601326
478.6000061,-0.047326088
478.7000122,-0.043129921
478.8000183,-0.044703484
478.8999939,-0.040984154
479,-0.044560432
479.1000061,-0.047421455
479.2000122,-0.045132637
479.3000183,-0.04658699
479.3999939,-0.048518181
479.5,-0.045275688
479.6000061,-0.041794777
479.7000122,-0.046563148
479.8000183,-0.05133152
479.8999939,-0.051045418
480,-0.052285194
480.1000061,-0.055241585
480.2000122,-0.046038628
480.3000183,-0.049328804
480.3999939,-0.054430962
480.5,-0.051760674
480.6000061,-0.048947334
480.7000122,-0.051140785
480.8000183,-0.046610832
480.8999939,-0.049471855
481,-0.050425529
481.1000061,-0.050222874
481.2000122,-0.049567223
481.3000183,-0.051426888
481.3999939,-0.052380562
481.5,-0.051617622
481.6000061,-0.053811073
481.7000122,-0.060629845
481.8000183,-0.044178963
481.8999939,-0.050234795
482,-0.051474571
482.1000061,-0.046575069
482.2000122,-0.042557716
482.3000183,-0.042033195
482.3999939,-0.044941902
482.5,-0.048327446
482.6000061,-0.053572655
482.7000122,-0.050997734
482.8000183,-0.054955482
482.8999939,-0.061774254
483,-0.05209446
483.1000061,-0.049233437
483.2000122,-0.04556179
483.3000183,-0.056576729
483.3999939,-0.050187111
483.5,-0.060296059
483.6000061,-0.043463707
483.7000122,-0.049042702
483.8000183,-0.047230721
483.8999939,-0.059533119
484,-0.069356441
484.1000061,-0.044703484
484.2000122,-0.062060356
484.3000183,-0.043272972
484.3999939,-0.05543232
484.5,-0.053191185
484.6000061,-0.053620338
484.7000122,-0.05261898
484.8000183,-0.048851967
484.8999939,-0.047516823
485,-0.048184395
485.1000061,-0.045084953
485.2000122,-0.052332878
485.3000183,-0.044035912
485.3999939,-0.04928112
485.5,-0.049424171
485.6000061,-0.044322014
485.7000122,-0.051283836
485.8000183,-0.047516823
485.8999939,-0.047755241
486,-0.047373772
486.1000061,-0.047039986
486.2000122,-0.045084953
486.3000183,-0.047945976
486.3999939,-0.052714348
486.5,-0.056672096
486.6000061,-0.048756599
486.7000122,-0.047945976
486.8000183,-0.051176548
486.8999939,-0.052762032
487,-0.055241585
487.1000061,-0.049567223
487.2000122,-0.045990944
487.3000183,-0.058054924
487.3999939,-0.047373772
487.5,-0.062871456
487.6000061,-0.0446558
487.7000122,-0.048804283
487.8000183,-0.0446558
487.8999939,-0.05133152
488,-0.054621696
488.1000061,-0.052332878
488.2000122,-0.050711632
488.3000183,-0.052380562
488.3999939,-0.052714348
488.5,-0.048089027
488.6000061,-0.058436394
488.7000122,-0.050330162
488.8000183,-0.047421455
488.8999939,-0.060391426
489,-0.051426888
489.1000061,-0.044369698
489.2000122,-0.040507317
489.3000183,-0.038313866
489.3999939,-0.04556179
489.5,-0.04389286
489.6000061,-0.049138069
489.7000122,-0.05633831
489.8000183,-0.040459633
489.8999939,-0.059628487
490,-0.052046776
490.1000061,-0.060725212
490.2000122,-0.048613548
490.3000183,-0.045800209
490.3999939,-0.044226646
490.5,-0.050234795
490.6000061,-0.053143501
490.7000122,-0.048422813
490.8000183,-0.048291683
490.8999939,-0.045323372
491,-0.046277046
491.1000061,-0.050425529
491.2000122,-0.043272972
491.3000183,-0.049614906
491.3999939,-0.042796135
491.5,-0.044035912
491.6000061,-0.047326088
491.7000122,-0.056481361
491.8000183,-0.041651726
491.8999939,-0.048995018
492,-0.05376339
492.1000061,-0.046944618
492.2000122,-0.039982796
492.3000183,-0.040125847
492.3999939,-0.049471855
492.5,-0.049805641
492.6000061,-0.043606758
492.7000122,-0.052523613
492.8000183,-0.0426054
492.8999939,-0.042939186
493,-0.044763088
493.1000061,-0.043728948
493.2000122,-0.042843819
493.3000183,-0.044369698
493.3999939,-0.049233437
493.5,-0.046181679
493.6000061,-0.053238869
493.7000122,-0.045990944
493.8000183,-0.039505959
493.8999939,-0.037312508
494,-0.036740303
494.1000061,-0.039863586
494.2000122,-0.041127205
494.3000183,-0.04427433
494.3999939,-0.045752525
494.5,-0.046849251
494.6000061,-0.045895576
494.7000122,-0.051188469
494.8000183,-0.043511391
494.8999939,-0.054526329
495,-0.043177605
495.1000061,-0.04503727
495.2000122,-0.043177605
495.3000183,-0.041604042
495.3999939,-0.042891502
495.5,-0.047039986
495.6000061,-0.047659874
495.7000122,-0.050222874
495.8000183,-0.056862831
495.8999939,-0.049328804
496,-0.043559074
496.1000061,-0.049757957
496.2000122,-0.057911873
496.3000183,-0.049042702
496.3999939,-0.044465065
496.5,-0.041460991
496.6000061,-0.044989586
496.7000122,-0.037741661
496.8000183,-0.04222393
496.8999939,-0.049757957
497,-0.042510033
497.1000061,-0.050091743
497.2000122,-0.039315224
497.3000183,-0.053048134
497.3999939,-0.050139427
497.5,-0.046420097
497.6000061,-0.040984154
497.7000122,-0.04298687
497.8000183,-0.044941902
497.8999939,-0.041651726
498,-0.042653084
498.1000061,-0.042271614
498.2000122,-0.046515465
498.3000183,-0.047564507
498.3999939,-0.044941902
498.5,-0.045979023
498.6000061,-0.044322014
498.7000122,-0.047087669
498.8000183,-0.046372414
498.8999939,-0.044894218
499,-0.050234795
499.1000061,-0.042271614
499.2000122,-0.045323372
499.3000183,-0.049090385
499.3999939,-0.045752525
499.5,-0.045609474
499.6000061,-0.045847893
499.7000122,-0.045514107
499.8000183,-0.046515465
499.8999939,-0.043988228
500,-0.042271614
500.1000061,-0.046992302
500.2000122,-0.044894218
500.3000183,-0.033259392
500.3999939,-0.043749809
500.5,-0.052189827
500.6000061,-0.042366982
500.7000122,-0.048279762
500.8000183,-0.046849251
500.8999939,-0.043416023
501,-0.052142143
501.1000061,-0.035738945
501.2000122,-0.049328804
501.3000183,-0.049853325
501.3999939,-0.045084953
501.5,-0.035595894
501.6000061,-0.041937828
501.7000122,-0.044941902
501.8000183,-0.037503242
501.8999939,-0.03759861
502,-0.045609474
502.1000061,-0.047135353
502.2000122,-0.044703484
502.3000183,-0.048422813
502.3999939,-0.05004406
502.5,-0.051808357
502.6000061,-0.049078465
502.7000122,-0.046753883
502.8000183,-0.047707558
502.8999939,-0.047850609
503,-0.054574013
503.1000061,-0.045275688
503.2000122,-0.053286552
503.3000183,-0.056052208
503.3999939,-0.048804283
503.5,-0.045800209
503.6000061,-0.048518181
503.7000122,-0.045609474
503.8000183,-0.047278404
503.8999939,-0.048613548
504,-0.046372414
504.1000061,-0.049781799
504.2000122,-0.055098534
504.3000183,-0.049042702
504.3999939,-0.050568581
504.5,-0.041747093
504.6000061,-0.04503727
504.7000122,-0.039601326
504.8000183,-0.04503727
504.8999939,-0.048422813
505,-0.047516823
505.1000061,-0.046801567
505.2000122,-0.049567223
505.3000183,-0.053954124
505.3999939,-0.049185753
505.5,-0.039696693
505.6000061,-0.054526329
505.7000122,-0.042033195
505.8000183,-0.053906441
505.8999939,-0.039982796
506,-0.045704842
506.1000061,-0.056815147
506.2000122,-0.058054924
506.3000183,-0.044131279
506.3999939,-0.057530403
506.5,-0.049757957
506.6000061,-0.04928112
506.7000122,-0.042891502
506.8000183,-0.0477314
506.8999939,-0.04799366
507,-0.050759315
507.1000061,-0.055241585
507.2000122,-0.045228004
507.3000183,-0.051617622
507.3999939,-0.05338192
507.5,-0.048089027
507.6000061,-0.055670738
507.7000122,-0.044703484
507.8000183,-0.052475929
507.8999939,-0.03592968
508,-0.052475929
508.1000061,-0.050234795
508.2000122,-0.052952766
508.3000183,-0.049901009
508.3999939,-0.045609474
508.5,-0.039792061
508.6000061,-0.049424171
508.7000122,-0.042462349
508.8000183,-0.047469139
508.8999939,-0.051903725
509,-0.038981438
509.1000061,-0.044894218
509.2000122,-0.059962273
509.3000183,-0.050187111
509.3999939,-0.042939186
509.5,-0.052285194
509.6000061,-0.056385994
509.7000122,-0.047707558
509.8000183,-0.046229362
509.8999939,-0.051760674
510,-0.047755241
510.1000061,-0.041937828
510.2000122,-0.04298687
510.3000183,-0.04632473
510.3999939,-0.055766106
510.5,-0.053811073
510.6000061,-0.052428246
510.7000122,-0.042653084
510.8000183,-0.044083595
510.8999939,-0.041174889
511,-0.042653084
511.1000061,-0.043714046
511.2000122,-0.045323372
511.3000183,-0.045704842
511.3999939,-0.048661232
511.5,-0.047039986
511.6000061,-0.050711632
511.7000122,-0.054478645
511.8000183,-0.052666664
511.8999939,-0.049853325
512,-0.044083595
512.1000366,-0.048184395
512.2000122,-0.043702126
512.2999878,-0.059437752
512.4000244,-0.053668022
512.5,-0.051093102
512.6000366,-0.049614906
512.7000122,-0.045180321
512.7999878,-0.044989586
512.9000244,-0.044846535
513,-0.036931038
513.1000366,-0.04131794
513.2000122,-0.049185753
513.2999878,-0.050759315
513.4000244,-0.048136711
513.5,-0.047278404
513.6000366,-0.047469139
513.7000122,-0.045990944
513.7999878,-0.047826767
513.9000244,-0.050139427
514,-0.047707558
514.1000366,-0.049853325
514.2000122,-0.047039986
514.2999878,-0.04594326
514.4000244,-0.0446558
514.5,-0.046992302
514.6000366,-0.037503242
514.7000122,-0.042319298
514.7999878,-0.055575371
514.9000244,-0.044798851
515,-0.051236153
515.1000366,-0.052428246
515.2000122,-0.04131794
515.2999878,-0.051379204
515.4000244,-0.044751167
515.5,-0.053572655
515.6000366,-0.056910515
515.7000122,-0.05261898
515.7999878,-0.050568581
515.9000244,-0.054430962
516,-0.050139427
516.1000366,-0.049328804
516.2000122,-0.052428246
516.2999878,-0.046133995
516.4000244,-0.040650368
516.5,-0.042128563
516.6000366,-0.043106079
516.7000122,-0.043034554
516.7999878,-0.046610832
516.9000244,-0.036501884
517,-0.050234795
517.1000366,-0.04298687
517.2000122,-0.045418739
517.2999878,-0.053238869
517.4000244,-0.043320656
517.5,-0.046992302
517.6000366,-0.043463707
517.7000122,-0.046610832
517.7999878,-0.041079521
517.9000244,-0.039219856
518,-0.047135353
518.1000366,-0.041365623
518.2000122,-0.037074089
518.2999878,-0.04336834
518.4000244,-0.042033195
518.5,-0.045990944
518.6000366,-0.042498112
518.7000122,-0.038170815
518.7999878,-0.043797493
518.9000244,-0.050806999
519,-0.032925606
519.1000366,-0.05428791
519.2000122,-0.038170815
519.2999878,-0.048708916
519.4000244,-0.045609474
519.5,-0.038313866
519.6000366,-0.032448769
519.7000122,-0.04196167
519.7999878,-0.048756599
519.9000244,-0.048327446
520,-0.047647953
520.1000366,-0.048804283
520.2000122,-0.047692657
520.2999878,-0.047039986
520.4000244,-0.047278404
520.5,-0.046563148
520.6000366,-0.045466423
520.7000122,-0.047564507
520.7999878,-0.046515465
520.9000244,-0.046467781
521,-0.046563148
521.1000366,-0.044083595
521.2000122,-0.050282478
521.2999878,-0.047278404
521.4000244,-0.046992302
521.5,-0.045609474
521.6000366,-0.046658516
521.7000122,-0.042843819
521.7999878,-0.043010712
521.9000244,-0.041556358
522,-0.040984154
522.1000366,-0.042152405
522.2000122,-0.039982796
522.2999878,-0.046086311
522.4000244,-0.051808357
522.5,-0.049805641
522.6000366,-0.045442581
522.7000122,-0.040173531
522.7999878,-0.039982796
522.9000244,-0.048279762
523,-0.050377846
523.1000366,-0.044226646
523.2000122,-0.049853325
523.2999878,-0.048565865
523.4000244,-0.044608116
523.5,-0.053334236
523.6000366,-0.039076805
523.7000122,-0.046658516
523.7999878,-0.045514107
523.9000244,-0.041222572
524,-0.042271614
524.1000366,-0.047516823
524.2000122,-0.055575371
524.2999878,-0.047659874
524.4000244,-0.050997734
524.5,-0.0451684
524.6000366,-0.040984154
524.7000122,-0.041031837
524.7999878,-0.041460991
524.9000244,-0.043034554
525,-0.040793419
525.1000366,-0.046086311
525.2000122,-0.047230721
525.2999878,-0.040435791
525.4000244,-0.035500526
525.5,-0.041550398
525.6000366,-0.044846535
525.7000122,-0.045418739
525.7999878,-0.04131794
525.9000244,-0.038743019
526,-0.037932396
526.1000366,-0.033640862
526.2000122,-0.039887428
526.2999878,-0.040781498
526.4000244,-0.045752525
526.5,-0.043845177
526.6000366,-0.040268898
526.7000122,-0.047898293
526.7999878,-0.042796135
526.9000244,-0.035643578
527,-0.047230721
527.1000366,-0.040030479
527.2000122,-0.044846535
527.2999878,-0.041365623
527.4000244,-0.038456917
527.5,-0.038075447
527.6000366,-0.039839745
527.7000122,-0.038695335
527.7999878,-0.039124489
527.9000244,-0.037741661
528,-0.042080879
528.1000366,-0.044369698
528.2000122,-0.047087669
528.2999878,-0.037121773
528.4000244,-0.041747093
528.5,-0.034737587
528.6000366,-0.043463707
528.7000122,-0.035262108
528.7999878,-0.040411949
528.9000244,-0.052571297
529,-0.040984154
529.1000366,-0.051999092
529.2000122,-0.04298687
529.2999878,-0.046944618
529.4000244,-0.036406517
529.5,-0.042414665
529.6000366,-0.044512749
529.7000122,-0.042366982
529.7999878,-0.043129921
529.9000244,-0.042843819
530,-0.047516823
530.1000366,-0.044608116
530.2000122,-0.038075447
530.2999878,-0.039458275
530.4000244,-0.045275688
530.5,-0.040602684
530.6000366,-0.045466423
530.7000122,-0.048613548
530.7999878,-0.050234795
530.9000244,-0.03721714
531,-0.04761219
531.1000366,-0.041794777
531.2000122,-0.043606758
531.2999878,-0.042665005
531.4000244,-0.040078163
531.5,-0.045180321
531.6000366,-0.035309792
531.7000122,-0.047373772
531.7999878,-0.042891502
531.9000244,-0.038838387
532,-0.030636787
532.1000366,-0.048899651
532.2000122,-0.042939186
532.2999878,-0.048565865
532.4000244,-0.039219856
532.5,-0.045514107
532.6000366,-0.047850609
532.7000122,-0.048089027
532.7999878,-0.040316582
532.9000244,-0.039410591
533,-0.045275688
533.1000366,-0.055861473
533.2000122,-0.04928112
533.2999878,-0.046992302
533.4000244,-0.045132637
533.5,-0.041890144
533.6000366,-0.042366982
533.7000122,-0.048565865
533.7999878,-0.042128563
533.9000244,-0.05004406
534,-0.043082237
534.1000366,-0.044751167
534.2000122,-0.043320656
534.2999878,-0.04761219
534.4000244,-0.054240227
534.5,-0.053954124
534.6000366,-0.044941902
534.7000122,-0.043702126
534.7999878,-0.045156479
534.9000244,-0.046277046
535,-0.045704842
535.1000366,-0.051379204
535.2000122,-0.047278404
535.2999878,-0.053286552
535.4000244,-0.039839745
535.5,-0.047945976
535.6000366,-0.040745735
535.7000122,-0.048470497
535.7999878,-0.047945976
535.9000244,-0.048899651
536,-0.03631115
536.1000366,-0.052285194
536.2000122,-0.036978722
536.2999878,-0.046515465
536.4000244,-0.051999092
536.5,-0.042653084
536.6000366,-0.044846535
536.7000122,-0.049185753
536.7999878,-0.05133152
536.9000244,-0.045847893
537,-0.037646294
537.1000366,-0.057482719
537.2000122,-0.050425529
537.2999878,-0.050771236
537.4000244,-0.046610832
537.5,-0.048565865
537.6000366,-0.043237209
537.7000122,-0.040316582
537.7999878,-0.037455559
537.9000244,-0.044846535
538,-0.042557716
538.1000366,-0.040125847
538.2000122,-0.046825409
538.2999878,-0.052475929
538.4000244,-0.052142143
538.5,-0.053548813
538.6000366,-0.053954124
538.7000122,-0.049728155
538.7999878,-0.046229362
538.9000244,-0.045180321
539,-0.047755241
539.1000366,-0.049757957
539.2000122,-0.050711632
539.2999878,-0.048959255
539.4000244,-0.047850609
539.5,-0.047516823
539.6000366,-0.050330162
539.7000122,-0.046229362
539.7999878,-0.047802925
539.9000244,-0.046515465
540,-0.048136711
540.1000366,-0.046277046
540.2000122,-0.043320656
540.2999878,-0.037264824
540.4000244,-0.036883354
540.5,-0.046658516
540.6000366,-0.049614906
540.7000122,-0.037455559
540.7999878,-0.040268898
540.9000244,-0.045275688
541,-0.049471855
541.1000366,-0.038123131
541.2000122,-0.035214424
541.2999878,-0.042557716
541.4000244,-0.035023689
541.5,-0.044512749
541.6000366,-0.03516674
541.7000122,-0.035023689
541.7999878,-0.040578842
541.9000244,-0.047707558
542,-0.044417381
542.1000366,-0.041222572
542.2000122,-0.054526329
542.2999878,-0.057911873
542.4000244,-0.047326088
542.5,-0.037693977
542.6000366,-0.05261898
542.7000122,-0.043654442
542.7999878,-0.03798008
542.9000244,-0.042891502
543,-0.05095005
543.1000366,-0.04966259
543.2000122,-0.048065186
543.2999878,-0.047183037
543.4000244,-0.044465065
543.5,-0.047421455
543.6000366,-0.041365623
543.7000122,-0.043129921
543.7999878,-0.045084953
543.9000244,-0.049233437
544,-0.053143501
544.1000366,-0.037741661
544.2000122,-0.052523613
544.2999878,-0.045514107
544.4000244,-0.046610832
544.5,-0.037646294
544.6000366,-0.038361549
544.7000122,-0.046944618
544.7999878,-0.039601326
544.9000244,-0.044846535
545,-0.048851967
545.1000366,-0.04556179
545.2000122,-0.040078163
545.2999878,-0.043606758
545.4000244,-0.045645237
545.5,-0.049614906
545.6000366,-0.04928112
545.7000122,-0.049948692
545.7999878,-0.052428246
545.9000244,-0.049567223
546,-0.051188469
546.1000366,-0.04427433
546.2000122,-0.048565865
546.2999878,-0.042271614
546.4000244,-0.050759315
546.5,-0.056385994
546.6000366,-0.048995018
546.7000122,-0.04556179
546.7999878,-0.043272972
546.9000244,-0.050806999
547,-0.0446558
547.1000366,-0.039172173
547.2000122,-0.046229362
547.2999878,-0.037074089
547.4000244,-0.04632473
547.5,-0.045132637
547.6000366,-0.043272972
547.7000122,-0.04298687
547.7999878,-0.043833256
547.9000244,-0.04336834
548,-0.045704842
548.1000366,-0.045990944
548.2000122,-0.04503727
548.2999878,-0.043702126
548.4000244,-0.043797493
548.5,-0.040125847
548.6000366,-0.04273653
548.7000122,-0.044846535
548.7999878,-0.042176247
548.9000244,-0.046277046
549,-0.044929981
549.1000366,-0.045609474
549.2000122,-0.045657158
549.2999878,-0.046610832
549.4000244,-0.044703484
549.5,-0.036358833
549.6000366,-0.039362907
549.7000122,-0.051856041
549.7999878,-0.039362907
549.9000244,-0.049710274
550,-0.048518181
550.1000366,-0.047421455
550.2000122,-0.048279762
550.2999878,-0.044846535
550.4000244,-0.039505959
550.5,-0.058150291
550.6000366,-0.037550926
550.7000122,-0.047516823
550.7999878,-0.039458275
550.9000244,-0.047039986
551,-0.048613548
551.1000366,-0.046992302
551.2000122,-0.041174889
551.2999878,-0.028443336
551.4000244,-0.039410591
551.5,-0.03464222
551.6000366,-0.045084953
551.7000122,-0.03349781
551.7999878,-0.043272972
551.9000244,-0.051426888
552,-0.049591064
552.1000366,-0.051617622
552.2000122,-0.052046776
552.2999878,-0.048518181
552.4000244,-0.038218498
552.5,-0.038981438
552.6000366,-0.045990944
552.7000122,-0.040268898
552.7999878,-0.046658516
552.9000244,-0.038552284
553,-0.034403801
553.1000366,-0.032544136
553.2000122,-0.049185753
553.2999878,-0.039792061
553.4000244,-0.045752525
553.5,-0.048565865
553.6000366,-0.049710274
553.7000122,-0.043606758
553.7999878,-0.041413307
553.9000244,-0.034689903
554,-0.035977364
554.1000366,-0.047516823
554.2000122,-0.049996376
554.2999878,-0.046396255
554.4000244,-0.045800209
554.5,-0.042271614
554.6000366,-0.042796135
554.7000122,-0.041890144
554.7999878,-0.049471855
554.9000244,-0.046896935
555,-0.049185753
555.1000366,-0.045073032
555.2000122,-0.040650368
555.2999878,-0.043559074
555.4000244,-0.045132637
555.5,-0.046229362
555.6000366,-0.05095005
555.7000122,-0.060534477
555.7999878,-0.051856041
555.9000244,-0.046563148
556,-0.038504601
556.1000366,-0.056481361
556.2000122,-0.047516823
556.2999878,-0.043177605
556.4000244,-0.041413307
556.5,-0.044512749
556.6000366,-0.052046776
556.7000122,-0.041937828
556.7999878,-0.046658516
556.9000244,-0.036549568
557,-0.041604042
557.1000366,-0.040030479
557.2000122,-0.044131279
557.2999878,-0.050377846
557.4000244,-0.041127205
557.5,-0.043845177
557.6000366,-0.046372414
557.7000122,-0.041890144
557.7999878,-0.038743019
557.9000244,-0.038599968
558,-0.039815903
558.1000366,-0.040650368
558.2000122,-0.041270256
558.2999878,-0.048327446
558.4000244,-0.039792061
558.5,-0.045990944
558.6000366,-0.048470497
558.7000122,-0.042557716
558.7999878,-0.04632473
558.9000244,-0.049710274
559,-0.043606758
559.1000366,-0.042462349
559.2000122,-0.041937828
559.2999878,-0.038599968
559.4000244,-0.048136711
559.5,-0.043988228
559.6000366,-0.036692619
559.7000122,-0.057911873
559.7999878,-0.048565865
559.9000244,-0.043606758
560,-0.037121773
560.1000366,-0.051856041
560.2000122,-0.047564507
560.2999878,-0.038790703
560.4000244,-0.052809715
560.5,-0.04503727
560.6000366,-0.04837513
560.7000122,-0.043129921
560.7999878,-0.050616264
560.9000244,-0.046038628
561,-0.058054924
561.1000366,-0.044035912
561.2000122,-0.047373772
561.2999878,-0.037837029
561.4000244,-0.050568581
561.5,-0.045371056
561.6000366,-0.047469139
561.7000122,-0.043654442
561.7999878,-0.037407875
561.9000244,-0.039172173
562,-0.043416023
562.1000366,-0.051426888
562.2000122,-0.051379204
562.2999878,-0.045847893
562.4000244,-0.050616264
562.5,-0.036740303
562.6000366,-0.042462349
562.7000122,-0.044465065
562.7999878,-0.048089027
562.9000244,-0.05095005
563,-0.043272972
563.1000366,-0.047898293
563.2000122,-0.042366982
563.2999878,-0.050663948
563.4000244,-0.035214424
563.5,-0.045800209
563.6000366,-0.048184395
563.7000122,-0.04298687
563.7999878,-0.047135353
563.9000244,-0.050187111
564,-0.048708916
564.1000366,-0.048947334
564.2000122,-0.037884712
564.2999878,-0.038266182
564.4000244,-0.037443638
564.5,-0.039076805
564.6000366,-0.034546852
564.7000122,-0.030636787
564.7999878,-0.048232079
564.9000244,-0.041413307
565,-0.050663948
565.1000366,-0.049042702
565.2000122,-0.054764748
565.2999878,-0.055718422
565.4000244,-0.041890144
565.5,-0.044083595
565.6000366,-0.050568581
565.7000122,-0.053954124
565.7999878,-0.049614906
565.9000244,-0.049805641
566,-0.044226646
566.1000366,-0.044131279
566.2000122,-0.043034554
566.2999878,-0.036978722
566.4000244,-0.044465065
566.5,-0.048804283
566.6000366,-0.047707558
566.7000122,-0.041842461
566.7999878,-0.045514107
566.9000244,-0.053429604
567,-0.035071373
567.1000366,-0.045228004
567.2000122,-0.051617622
567.2999878,-0.043797493
567.4000244,-0.054383278
567.5,-0.05428791
567.6000366,-0.052130222
567.7000122,-0.050997734
567.7999878,-0.048851967
567.9000244,-0.037837029
568,-0.051760674
568.1000366,-0.040125847
568.2000122,-0.049901009
568.2999878,-0.046420097
568.4000244,-0.039601326
568.5,-0.04966259
568.6000366,-0.041842461
568.7000122,-0.049233437
568.7999878,-0.036406517
568.9000244,-0.050711632
569,-0.038647652
569.1000366,-0.049948692
569.2000122,-0.047039986
569.2999878,-0.056815147
569.4000244,-0.054860115
569.5,-0.043463707
569.6000366,-0.043511391
569.7000122,-0.04093647
569.7999878,-0.03464222
569.9000244,-0.037693977
570,-0.0446558
570.1000366,-0.050282478
570.2000122,-0.040316582
570.2999878,-0.052905083
570.4000244,-0.056290627
570.5,-0.05095005
570.6000366,-0.048947334
570.7000122,-0.042843819
570.7999878,-0.043272972
570.9000244,-0.045275688
571,-0.047183037
571.1000366,-0.047802925
571.2000122,-0.049090385
571.2999878,-0.052285194
571.4000244,-0.050711632
571.5,-0.046753883
571.6000366,-0.043416023
571.7000122,-0.043320656
571.7999878,-0.042057037
571.9000244,-0.040650368
572,-0.040841103
572.1000366,-0.043344498
572.2000122,-0.044512749
572.2999878,-0.047373772
572.4000244,-0.041556358
572.5,-0.052380562
572.6000366,-0.046229362
572.7000122,-0.048184395
572.7999878,-0.04503727
572.9000244,-0.050759315
573,-0.05376339
573.1000366,-0.050854683
573.2000122,-0.053811073
573.2999878,-0.048327446
573.4000244,-0.041985512
573.5,-0.041270256
573.6000366,-0.044989586
573.7000122,-0.041985512
573.7999878,-0.053811073
573.9000244,-0.049090385
574,-0.045323372
574.1000366,-0.045847893
574.2000122,-0.043618679
574.2999878,-0.041604042
574.4000244,-0.041699409
574.5,-0.044929981
574.6000366,-0.04837513
574.7000122,-0.048041344
574.7999878,-0.048184395
574.9000244,-0.043463707
575,-0.041460991
575.1000366,-0.037312508
575.2000122,-0.044512749
575.2999878,-0.051665306
575.4000244,-0.05209446
575.5,-0.045180321
575.6000366,-0.042510033
575.7000122,-0.048089027
575.7999878,-0.038170815
575.9000244,-0.040364265
576,-0.047945976
576.1000366,-0.048518181
576.2000122,-0.046229362
576.2999878,-0.053811073
576.4000244,-0.04389286
576.5,-0.050854683
576.6000366,-0.040411949
576.7000122,-0.054097176
576.7999878,-0.03798008
576.9000244,-0.036787987
577,-0.044131279
577.1000366,-0.050854683
577.2000122,-0.050902367
577.2999878,-0.046873093
577.4000244,-0.040793419
577.5,-0.044941902
577.6000366,-0.041079521
577.7000122,-0.033640862
577.7999878,-0.037741661
577.9000244,-0.054097176
578,-0.053906441
578.1000366,-0.0426054
578.2000122,-0.039935112
578.2999878,-0.045752525
578.4000244,-0.043225288
578.5,-0.043833256
578.6000366,-0.044465065
578.7000122,-0.041890144
578.7999878,-0.042748451
578.9000244,-0.045180321
579,-0.036120415
579.1000366,-0.052666664
579.2000122,-0.038266182
579.2999878,-0.043225288
579.4000244,-0.036263466
579.5,-0.036978722
579.6000366,-0.042951107
579.7000122,-0.05004406
579.7999878,-0.048518181
579.9000244,-0.043511391
580,-0.043845177
580.1000366,-0.045132637
580.2000122,-0.044035912
580.2999878,-0.051665306
580.4000244,-0.047898293
580.5,-0.044810772
580.6000366,-0.039887428
580.7000122,-0.039792061
580.7999878,-0.047659874
580.9000244,-0.043082237
581,-0.056385994
581.1000366,-0.035452843
581.2000122,-0.049996376
581.2999878,-0.042080879
581.4000244,-0.055241585
581.5,-0.045895576
581.6000366,-0.04966259
581.7000122,-0.051426888
581.7999878,-0.051522255
581.9000244,-0.053048134
582,-0.052189827
582.1000366,-0.050032139
582.2000122,-0.046610832
582.2999878,-0.048279762
582.4000244,-0.036072731
582.5,-0.043272972
582.6000366,-0.037932396
582.7000122,-0.04594326
582.7999878,-0.042557716
582.9000244,-0.044941902
583,-0.046563148
583.1000366,-0.034213066
583.2000122,-0.045657158
583.2999878,-0.040364265
583.4000244,-0.046944618
583.5,-0.04093647
583.6000366,-0.031924248
583.7000122,-0.033116341
583.7999878,-0.034797192
583.9000244,-0.035023689
584,-0.039124489
584.1000366,-0.046801567
584.2000122,-0.040555
584.2999878,-0.032353401
584.4000244,-0.042462349
584.5,-0.05004406
584.6000366,-0.050234795
584.7000122,-0.047898293
584.7999878,-0.048494339
584.9000244,-0.047755241
585,-0.048089027
585.1000366,-0.046610832
585.2000122,-0.042724609
585.2999878,-0.036692619
585.4000244,-0.039505959
585.5,-0.042200089
585.6000366,-0.0467062
585.7000122,-0.045895576
585.7999878,-0.034594536
585.9000244,-0.047373772
586,-0.040745735
586.1000366,-0.039362907
586.2000122,-0.040221214
586.2999878,-0.041425228
586.4000244,-0.042510033
586.5,-0.043606758
586.6000366,-0.059771538
586.7000122,-0.036740303
586.7999878,-0.050473213
586.9000244,-0.054621696
587,-0.043356419
587.1000366,-0.033640862
587.2000122,-0.034689903
587.2999878,-0.042271614
587.4000244,-0.038266182
587.5,-0.042653084
587.6000366,-0.045800209
587.7000122,-0.034880638
587.7999878,-0.049614906
587.9000244,-0.037169456
588,-0.045418739
588.1000366,-0.047898293
588.2000122,-0.045466423
588.2999878,-0.045847893
588.4000244,-0.036692619
588.5,-0.044465065
588.6000366,-0.039887428
588.7000122,-0.036358833
588.7999878,-0.038361549
588.9000244,-0.045132637
589,-0.029826164
589.1000366,-0.041365623
589.2000122,-0.044751167
589.2999878,-0.045800209
589.4000244,-0.049424171
589.5,-0.05004406
589.6000366,-0.044178963
589.7000122,-0.036358833
589.7999878,-0.042176247
589.9000244,-0.045800209
590,-0.03926754
590.1000366,-0.046944618
590.2000122,-0.055146217
590.2999878,-0.043702126
590.4000244,-0.037837029
590.5,-0.057435036
590.6000366,-0.057387352
590.7000122,-0.053429604
590.7999878,-0.046944618
590.9000244,-0.051951408
591,-0.051236153
591.1000366,-0.04979372
591.2000122,-0.051236153
591.2999878,-0.044751167
591.4000244,-0.041842461
591.5,-0.050663948
591.6000366,-0.044035912
591.7000122,-0.041031837
591.7999878,-0.046563148
591.9000244,-0.035881996
592,-0.049185753
592.1000366,-0.032067299
592.2000122,-0.044560432
592.2999878,-0.049471855
592.4000244,-0.039935112
592.5,-0.043654442
592.6000366,-0.046849251
592.7000122,-0.043320656
592.7999878,-0.045609474
592.9000244,-0.041890144
593,-0.045752525
593.1000366,-0.045371056
593.2000122,-0.048482418
593.2999878,-0.049853325
593.4000244,-0.052952766
593.5,-0.047469139
593.6000366,-0.04298687
593.7000122,-0.04427433
593.7999878,-0.04503727
593.9000244,-0.044560432
594,-0.047039986
594.1000366,-0.046420097
594.2000122,-0.042462349
594.2999878,-0.037837029
594.4000244,-0.041556358
594.5,-0.04556179
594.6000366,-0.053095818
594.7000122,-0.041127205
594.7999878,-0.048661232
594.9000244,-0.041651726
595,-0.040745735
595.1000366,-0.040411949
595.2000122,-0.039696693
595.2999878,-0.046372414
595.4000244,-0.036740303
595.5,-0.053620338
595.6000366,-0.04556179
595.7000122,-0.038981438
595.7999878,-0.039982796
595.9000244,-0.043320656
596,-0.041127205
596.1000366,-0.043940544
596.2000122,-0.045132637
596.2999878,-0.038647652
596.4000244,-0.04761219
596.5,-0.038313866
596.6000366,-0.039219856
596.7000122,-0.040638447
596.7999878,-0.040221214
596.9000244,-0.044798851
597,-0.03516674
597.1000366,-0.04222393
597.2000122,-0.044417381
597.2999878,-0.045132637
597.4000244,-0.046896935
597.5,-0.04131794
597.6000366,-0.038599968
597.7000122,-0.045418739
597.7999878,-0.039219856
597.9000244,-0.044322014
598,-0.032734871
598.1000366,-0.050759315
598.2000122,-0.046229362
598.2999878,-0.041365623
598.4000244,-0.048041344
598.5,-0.045895576
598.6000366,-0.042939186
598.7000122,-0.034117699
598.7999878,-0.046086311
598.9000244,-0.042128563
599,-0.034403801
599.1000366,-0.042891502
599.2000122,-0.047087669
599.2999878,-0.041556358
599.4000244,-0.033593178
599.5,-0.045609474
599.6000366,-0.034976006
599.7000122,-0.050854683
599.7999878,-0.038409233
599.9000244,-0.047898293
600,-0.043940544
600.1000366,-0.043129921
600.2000122,-0.04093647
600.2999878,-0.046849251
600.4000244,-0.041460991
600.5,-0.050568581
600.6000366,-0.050425529
600.7000122,-0.046372414
600.7999878,-0.048482418
600.9000244,-0.045895576
601,-0.051236153
601.1000366,-0.043559074
601.2000122,-0.038313866
601.2999878,-0.040602684
601.4000244,-0.047087669
601.5,-0.052905083
601.6000366,-0.039410591
601.7000122,-0.041556358
601.7999878,-0.042033195
601.9000244,-0.046467781
602,-0.051999092
602.1000366,-0.050282478
602.2000122,-0.05081892
602.2999878,-0.050520897
602.4000244,-0.050473213
602.5,-0.041270256
602.6000366,-0.042366982
602.7000122,-0.053048134
602.7999878,-0.055718422
602.9000244,-0.043129921
603,-0.046801567
603.1000366,-0.041508675
603.2000122,-0.037026405
603.2999878,-0.052857399
603.4000244,-0.045132637
603.5,-0.048279762
603.6000366,-0.046372414
603.7000122,-0.045609474
603.7999878,-0.043129921
603.9000244,-0.039982796
604,-0.045275688
604.1000366,-0.041842461
604.2000122,-0.047326088
604.2999878,-0.048136711
604.4000244,-0.040030479
604.5,-0.052952766
604.6000366,-0.033736229
604.7000122,-0.044369698
604.7999878,-0.045466423
604.9000244,-0.051951408
605,-0.048518181
605.1000366,-0.041985512
605.2000122,-0.046515465
605.2999878,-0.041174889
605.4000244,-0.041937828
605.5,-0.040614605
605.6000366,-0.03964901
605.7000122,-0.039696693
605.7999878,-0.040507317
605.9000244,-0.040316582
606,-0.035500526
606.1000366,-0.044703484
606.2000122,-0.052523613
606.2999878,-0.047326088
606.4000244,-0.042462349
606.5,-0.043559074
606.6000366,-0.048518181
606.7000122,-0.040555
606.7999878,-0.048089027
606.9000244,-0.03926754
607,-0.048136711
607.1000366,-0.046944618
607.2000122,-0.048279762
607.2999878,-0.051760674
607.4000244,-0.048232079
607.5,-0.045609474
607.6000366,-0.034928322
607.7000122,-0.043606758
607.7999878,-0.052380562
607.9000244,-0.04503727
608,-0.046038628
608.1000366,-0.049519539
608.2000122,-0.040221214
608.2999878,-0.048089027
608.4000244,-0.046563148
608.5,-0.036692619
608.6000366,-0.04799366
608.7000122,-0.042033195
608.7999878,-0.052666664
608.9000244,-0.048613548
609,-0.046420097
609.1000366,-0.047898293
609.2000122,-0.047421455
609.2999878,-0.046932697
609.4000244,-0.045800209
609.5,-0.046610832
609.6000366,-0.044751167
609.7000122,-0.045466423
609.7999878,-0.044488907
609.9000244,-0.041651726
610,-0.046086311
610.1000366,-0.049185753
610.2000122,-0.048422813
610.2999878,-0.04928112
610.4000244,-0.046896935
610.5,-0.045228004
610.6000366,-0.0446558
610.7000122,-0.044751167
610.7999878,-0.044703484
610.9000244,-0.055861473
611,-0.036549568
611.1000366,-0.05633831
611.2000122,-0.048470497
611.2999878,-0.0446558
611.4000244,-0.045180321
611.5,-0.040221214
611.6000366,-0.043845177
611.7000122,-0.050711632
611.7999878,-0.04966259
611.9000244,-0.045514107
612,-0.036549568
612.1000366,-0.047421455
612.2000122,-0.044178963
612.2999878,-0.048613548
612.4000244,-0.048041344
612.5,-0.048398972
612.6000366,-0.048756599
612.7000122,-0.048184395
612.7999878,-0.037741661
612.9000244,-0.038170815
613,-0.042271614
613.1000366,-0.041556358
613.2000122,-0.041222572
613.2999878,-0.041031837
613.4000244,-0.040030479
613.5,-0.038647652
613.6000366,-0.040602684
613.7000122,-0.042510033
613.7999878,-0.041222572
613.9000244,-0.04144907
614,-0.040793419
614.1000366,-0.041270256
614.2000122,-0.043463707
614.2999878,-0.038647652
614.4000244,-0.04336834
614.5,-0.045323372
614.6000366,-0.042068958
614.7000122,-0.040888786
614.7999878,-0.042805076
614.9000244,-0.04427433
615,-0.043988228
615.1000366,-0.043606758
615.2000122,-0.043559074
615.2999878,-0.044798851
615.4000244,-0.045609474
615.5,-0.045406818
615.6000366,-0.047048926
615.7000122,-0.047659874
615.7999878,-0.049519539
615.9000244,-0.04799366
616,-0.047564507
616.1000366,-0.047230721
616.2000122,-0.0446558
616.2999878,-0.042498112
616.4000244,-0.037789345
616.5,-0.040316582
616.6000366,-0.042140484
616.7000122,-0.045132637
616.7999878,-0.045323372
616.9000244,-0.042510033
617,-0.046896935
617.1000366,-0.049805641
617.2000122,-0.049901009
617.2999878,-0.045132637
617.4000244,-0.045752525
617.5,-0.04427433
617.6000366,-0.03721714
617.7000122,-0.03015995
617.7999878,-0.040841103
617.9000244,-0.046658516
618,-0.038981438
618.1000366,-0.039839745
618.2000122,-0.048995018
618.2999878,-0.030589104
618.4000244,-0.040268898
618.5,-0.052189827
618.6000366,-0.051188469
618.7000122,-0.048279762
618.7999878,-0.049805641
618.9000244,-0.049269199
619,-0.047135353
619.1000366,-0.051856041
619.2000122,-0.042366982
619.2999878,-0.032019615
619.4000244,-0.05300045
619.5,-0.034689903
619.6000366,-0.051140785
619.7000122,-0.043606758
619.7999878,-0.048851967
619.9000244,-0.047898293
620,-0.049567223
620.1000366,-0.046896935
620.2000122,-0.040078163
620.2999878,-0.047230721
620.4000244,-0.043225288
620.5,-0.038266182
620.6000366,-0.044751167
620.7000122,-0.047945976
620.7999878,-0.048136711
620.9000244,-0.040888786
621,-0.049042702
621.1000366,-0.039505959
621.2000122,-0.049614906
621.2999878,-0.045228004
621.4000244,-0.054812431
621.5,-0.039172173
621.6000366,-0.048613548
621.7000122,-0.053238869
621.7999878,-0.036740303
621.9000244,-0.046277046
622,-0.039315224
622.1000366,-0.041270256
622.2000122,-0.042510033
622.2999878,-0.042903423
622.4000244,-0.041222572
622.5,-0.041666627
622.6000366,-0.041842461
622.7000122,-0.040698051
622.7999878,-0.045514107
622.9000244,-0.048995018
623,-0.041127205
623.1000366,-0.045847893
623.2000122,-0.048565865
623.2999878,-0.049471855
623.4000244,-0.045800209
623.5,-0.047278404
623.6000366,-0.049853325
623.7000122,-0.034213066
623.7999878,-0.038409233
623.9000244,-0.047135353
624,-0.047135353
624.1000366,-0.045609474
624.2000122,-0.038409233
624.2999878,-0.036549568
624.4000244,-0.043511391
624.5,-0.048899651
624.6000366,-0.049233437
624.7000122,-0.044083595
624.7999878,-0.040030479
624.9000244,-0.043177605
625,-0.041842461
625.1000366,-0.046515465
625.2000122,-0.045371056
625.2999878,-0.048327446
625.4000244,-0.042176247
625.5,-0.049376488
625.6000366,-0.046467781
625.7000122,-0.042700768
625.7999878,-0.04093647
625.9000244,-0.040507317
626,-0.0420928
626.1000366,-0.042414665
626.2000122,-0.044512749
626.2999878,-0.04222393
626.4000244,-0.047564507
626.5,-0.051951408
626.6000366,-0.052237511
626.7000122,-0.043606758
626.7999878,-0.047707558
626.9000244,-0.039792061
627,-0.033450127
627.1000366,-0.043463707
627.2000122,-0.040221214
627.2999878,-0.042080879
627.4000244,-0.040555
627.5,-0.04556179
627.6000366,-0.044846535
627.7000122,-0.0446558
627.7999878,-0.046992302
627.9000244,-0.040507317
628,-0.045323372
628.1000366,-0.049805641
628.2000122,-0.048613548
628.2999878,-0.052762032
628.4000244,-0.030112267
628.5,-0.038981438
628.6000366,-0.050234795
628.7000122,-0.050234795
628.7999878,-0.038743019
628.9000244,-0.033211708
629,-0.040984154
629.1000366,-0.040316582
629.2000122,-0.041747093
629.2999878,-0.044465065
629.4000244,-0.03964901
629.5,-0.036072731
629.6000366,-0.03631115
629.7000122,-0.042843819
629.7999878,-0.036597252
629.9000244,-0.054049492
630,-0.054907799
630.1000366,-0.045895576
630.2000122,-0.036168098
630.2999878,-0.045657158
630.4000244,-0.041794777
630.5,-0.040698051
630.6000366,-0.041031837
630.7000122,-0.046133995
630.7999878,-0.044894218
630.9000244,-0.045096874
631,-0.044465065
631.1000366,-0.044894218
631.2000122,-0.044322014
631.2999878,-0.046432018
631.4000244,-0.047850609
631.5,-0.048661232
631.6000366,-0.046157837
631.7000122,-0.04389286
631.7999878,-0.044226646
631.9000244,-0.044989586
632,-0.042271614
632.1000366,-0.04556179
632.2000122,-0.042366982
632.2999878,-0.037074089
632.4000244,-0.047326088
632.5,-0.038981438
632.6000366,-0.044512749
632.7000122,-0.039696693
632.7999878,-0.045514107
632.9000244,-0.037407875
633,-0.044751167
633.1000366,-0.045323372
633.2000122,-0.044894218
633.2999878,-0.041759014
633.4000244,-0.03631115
633.5,-0.040507317
633.6000366,-0.044608116
633.7000122,-0.046992302
633.7999878,-0.048804283
633.9000244,-0.049090385
634,-0.046753883
634.1000366,-0.042366982
634.2000122,-0.042939186
634.2999878,-0.043749809
634.4000244,-0.039792061
634.5,-0.04042387
634.6000366,-0.038531423
634.7000122,-0.036787987
634.7999878,-0.037121773
634.9000244,-0.042414665
635,-0.050282478
635.1000366,-0.040984154
635.2000122,-0.046086311
635.2999878,-0.046038628
635.4000244,-0.050377846
635.5,-0.045466423
635.6000366,-0.050997734
635.7000122,-0.043654442
635.7999878,-0.04928112
635.9000244,-0.040173531
636,-0.036978722
636.1000366,-0.034880638
636.2000122,-0.038063526
636.2999878,-0.043511391
636.4000244,-0.036883354
636.5,-0.049185753
636.6000366,-0.040507317
636.7000122,-0.042414665
636.7999878,-0.046038628
636.9000244,-0.038266182
637,-0.043082237
637.1000366,-0.042176247
637.2000122,-0.035881996
637.2999878,-0.046753883
637.4000244,-0.039935112
637.5,-0.042843819
637.6000366,-0.051045418
637.7000122,-0.043320656
637.7999878,-0.048470497
637.9000244,-0.047326088
638,-0.048947334
638.1000366,-0.048565865
638.2000122,-0.040841103
638.2999878,-0.048851967
638.4000244,-0.053143501
638.5,-0.052857399
638.6000366,-0.054097176
638.7000122,-0.049686432
638.7999878,-0.045704842
638.9000244,-0.046086311
639,-0.03721714
639.1000366,-0.047087669
639.2000122,-0.034737587
639.2999878,-0.05133152
639.4000244,-0.054526329
639.5,-0.050604343
639.6000366,-0.049757957
639.7000122,-0.046801567
639.7999878,-0.04389286
639.9000244,-0.038933754
640,-0.047278404
640.1000366,-0.044322014
640.2000122,-0.054335594
640.2999878,-0.047898293
640.4000244,-0.042319298
640.5,-0.043082237
640.6000366,-0.052189827
640.7000122,-0.048422813
640.7999878,-0.039124489
640.9000244,-0.042271614
641,-0.042533875
641.1000366,-0.041031837
641.2000122,-0.047707558
641.2999878,-0.038790703
641.4000244,-0.053334236
641.5,-0.046896935
641.6000366,-0.04427433
641.7000122,-0.046992302
641.7999878,-0.050377846
641.9000244,-0.043511391
642,-0.046753883
642.1000366,-0.042831898
642.2000122,-0.040221214
642.2999878,-0.040841103
642.4000244,-0.041043758
642.5,-0.03759861
642.6000366,-0.045514107
642.7000122,-0.054430962
642.7999878,-0.049948692
642.9000244,-0.039839745
643,-0.041556358
643.1000366,-0.051808357
643.2000122,-0.048804283
643.2999878,-0.041985512
643.4000244,-0.050616264
643.5,-0.046086311
643.6000366,-0.043749809
643.7000122,-0.047373772
643.7999878,-0.04966259
643.9000244,-0.045371056
644,-0.057816505
644.1000366,-0.049376488
644.2000122,-0.041699409
644.2999878,-0.049996376
644.4000244,-0.040459633
644.5,-0.045275688
644.6000366,-0.053524971
644.7000122,-0.04837513
644.7999878,-0.048851967
644.9000244,-0.047028065
645,-0.045228004
645.1000366,-0.045657158
645.2000122,-0.050806999
645.2999878,-0.039792061
645.4000244,-0.046610832
645.5,-0.049996376
645.6000366,-0.042557716
645.7000122,-0.045228004
645.7999878,-0.047850609
645.9000244,-0.05133152
646,-0.054526329
646.1000366,-0.052666664
646.2000122,-0.054907799
646.2999878,-0.04992485
646.4000244,-0.045752525
646.5,-0.046372414
646.6000366,-0.049996376
646.7000122,-0.030112267
646.7999878,-0.037360191
646.9000244,-0.048565865
647,-0.047135353
647.1000366,-0.048184395
647.2000122,-0.043177605
647.2999878,-0.038504601
647.4000244,-0.040841103
647.5,-0.038123131
647.6000366,-0.037121773
647.7000122,-0.038361549
647.7999878,-0.040125847
647.9000244,-0.039124489
648,-0.038599968
648.1000366,-0.039410591
648.2000122,-0.040888786
648.2999878,-0.037264824
648.4000244,-0.044751167
648.5,-0.04222393
648.6000366,-0.049233437
648.7000122,-0.039935112
648.7999878,-0.045371056
648.9000244,-0.041890144
649,-0.05505085
649.1000366,-0.033688545
649.2000122,-0.047898293
649.2999878,-0.047659874
649.4000244,-0.046277046
649.5,-0.047278404
649.6000366,-0.042271614
649.7000122,-0.050282478
649.7999878,-0.045323372
649.9000244,-0.043416023
650,-0.042653084
650.1000366,-0.0467062
650.2000122,-0.046753883
650.2999878,-0.048422813
650.4000244,-0.045490265
650.5,-0.043606758
650.6000366,-0.043177605
650.7000122,-0.043129921
650.7999878,-0.04632473
650.9000244,-0.044941902
651,-0.050568581
651.1000366,-0.050425529
651.2000122,-0.050795078
651.2999878,-0.051268935
651.4000244,-0.051999092
651.5,-0.051856041
651.6000366,-0.050711632
651.7000122,-0.043988228
651.7999878,-0.047469139
651.9000244,-0.044417381
652,-0.044465065
652.1000366,-0.048184395
652.2000122,-0.046801567
652.2999878,-0.052809715
652.4000244,-0.048327446
652.5,-0.05133152
652.6000366,-0.044798851
652.7000122,-0.049901009
652.7999878,-0.043082237
652.9000244,-0.030684471
653,-0.04298687
653.1000366,-0.03926754
653.2000122,-0.049948692
653.2999878,-0.042271614
653.4000244,-0.047087669
653.5,-0.048947334
653.6000366,-0.05300045
653.7000122,-0.049853325
653.7999878,-0.048470497
653.9000244,-0.048995018
654,-0.045120716
654.1000366,-0.041651726
654.2000122,-0.041365623
654.2999878,-0.041806698
654.4000244,-0.043082237
654.5,-0.041127205
654.6000366,-0.043082237
654.7000122,-0.042176247
654.7999878,-0.043940544
654.9000244,-0.04556179
655,-0.040984154
655.1000366,-0.044226646
655.2000122,-0.041604042
655.2999878,-0.043940544
655.4000244,-0.043559074
655.5,-0.042188168
655.6000366,-0.041508675
655.7000122,-0.039744377
655.7999878,-0.042510033
655.9000244,-0.041270256
656,-0.031018257
656.1000366,-0.038647652
656.2000122,-0.04928112
656.2999878,-0.039601326
656.4000244,-0.049042702
656.5,-0.043129921
656.6000366,-0.039935112
656.7000122,-0.034499168
656.7999878,-0.043654442
656.9000244,-0.034832954
657,-0.042271614
657.1000366,-0.03964901
657.2000122,-0.04389286
657.2999878,-0.04336834
657.4000244,-0.038075447
657.5,-0.046515465
657.6000366,-0.037169456
657.7000122,-0.039029121
657.7999878,-0.044417381
657.9000244,-0.034689903
658,-0.043702126
658.1000366,-0.042796135
658.2000122,-0.04131794
658.2999878,-0.047564507
658.4000244,-0.034880638
658.5,-0.044989586
658.6000366,-0.038743019
658.7000122,-0.050997734
658.7999878,-0.038027763
658.9000244,-0.049757957
659,-0.041651726
659.1000366,-0.049948692
659.2000122,-0.029349327
659.2999878,-0.035786629
659.4000244,-0.038075447
659.5,-0.042462349
659.6000366,-0.035881996
659.7000122,-0.037741661
659.7999878,-0.037550926
659.9000244,-0.041127205
660,-0.044178963
660.1000366,-0.045418739
660.2000122,-0.046181679
660.2999878,-0.045180321
660.4000244,-0.045132637
660.5,-0.043988228
660.6000366,-0.052332878
660.7000122,-0.047516823
660.7999878,-0.038313866
660.9000244,-0.047135353
661,-0.05505085
661.1000366,-0.046372414
661.2000122,-0.041174889
661.2999878,-0.046801567
661.4000244,-0.041985512
661.5,-0.03631115
661.6000366,-0.047230721
661.7000122,-0.051760674
661.7999878,-0.046944618
661.9000244,-0.044989586
662,-0.034499168
662.1000366,-0.034832954
662.2000122,-0.037932396
662.2999878,-0.037324429
662.4000244,-0.037932396
662.5,-0.038599968
662.6000366,-0.046610832
662.7000122,-0.044369698
662.7999878,-0.040078163
662.9000244,-0.040316582
663,-0.04336834
663.1000366,-0.047707558
663.2000122,-0.045371056
663.2999878,-0.043022633
663.4000244,-0.040078163
663.5,-0.038933754
663.6000366,-0.041031837
663.7000122,-0.041508675
663.7999878,-0.037026405
663.9000244,-0.040817261
664,-0.041937828
664.1000366,-0.042796135
664.2000122,-0.037503242
664.2999878,-0.039839745
664.4000244,-0.04336834
664.5,-0.047039986
664.6000366,-0.041031837
664.7000122,-0.048899651
664.7999878,-0.037121773
664.9000244,-0.046610832
665,-0.03759861
665.1000366,-0.04503727
665.2000122,-0.041127205
665.2999878,-0.041794777
665.4000244,-0.03721714
665.5,-0.039792061
665.6000366,-0.039279461
665.7000122,-0.040459633
665.7999878,-0.03964901
665.9000244,-0.041604042
666,-0.042653084
666.1000366,-0.046896935
666.2000122,-0.045657158
666.2999878,-0.050711632
666.4000244,-0.047755241
666.5,-0.040459633
666.6000366,-0.035786629
666.7000122,-0.041079521
666.7999878,-0.043845177
666.9000244,-0.044226646
667,-0.045704842
667.1000366,-0.045752525
667.2000122,-0.050711632
667.2999878,-0.045895576
667.4000244,-0.041937828
667.5,-0.039601326
667.6000366,-0.041747093
667.7000122,-0.042080879
667.7999878,-0.04336834
667.9000244,-0.041079521
668,-0.042557716
668.1000366,-0.047421455
668.2000122,-0.052571297
668.2999878,-0.046753883
668.4000244,-0.046658516
668.5,-0.043654442
668.6000366,-0.041747093
668.7000122,-0.043129921
668.7999878,-0.045704842
668.9000244,-0.048565865
669,-0.044178963
669.1000366,-0.045132637
669.2000122,-0.044357777
669.2999878,-0.04503727
669.4000244,-0.043082237
669.5,-0.044846535
669.6000366,-0.057387352
669.7000122,-0.048184395
669.7999878,-0.040984154
669.9000244,-0.046801567
670,-0.04503727
670.1000366,-0.045895576
670.2000122,-0.048303604
670.2999878,-0.052571297
670.4000244,-0.049710274
670.5,-0.043702126
670.6000366,-0.047087669
670.7000122,-0.041735172
670.7999878,-0.037074089
670.9000244,-0.039076805
671,-0.0446558
671.1000366,-0.044417381
671.2000122,-0.046467781
671.2999878,-0.047087669
671.4000244,-0.041222572
671.5,-0.043523312
671.6000366,-0.043272972
671.7000122,-0.042510033
671.7999878,-0.043034554
671.9000244,-0.045132637
672,-0.049614906
672.1000366,-0.045371056
672.2000122,-0.047898293
672.2999878,-0.048661232
672.4000244,-0.043988228
672.5,-0.038599968
672.6000366,-0.043988228
672.7000122,-0.048851967
672.7999878,-0.041890144
672.9000244,-0.031256676
673,-0.034356117
673.1000366,-0.051856041
673.2000122,-0.051188469
673.2999878,-0.043749809
673.4000244,-0.038552284
673.5,-0.04298687
673.6000366,-0.04632473
673.7000122,-0.043869019
673.7999878,-0.0426054
673.9000244,-0.043559074
674,-0.043094158
674.1000366,-0.044131279
674.2000122,-0.042080879
674.2999878,-0.04556179
674.4000244,-0.036978722
674.5,-0.037646294
674.6000366,-0.033354759
674.7000122,-0.034689903
674.7999878,-0.036585331
674.9000244,-0.040221214
675,-0.038075447
675.1000366,-0.038695335
675.2000122,-0.040841103
675.2999878,-0.044322014
675.4000244,-0.047326088
675.5,-0.04799366
675.6000366,-0.046598911
675.7000122,-0.045275688
675.7999878,-0.045800209
675.9000244,-0.050473213
676,-0.053191185
676.1000366,-0.050771236
676.2000122,-0.050187111
676.2999878,-0.049233437
676.4000244,-0.048112869
676.5,-0.046992302
676.6000366,-0.046038628
676.7000122,-0.037741661
676.7999878,-0.039362907
676.9000244,-0.045180321
677,-0.048995018
677.1000366,-0.054621696
677.2000122,-0.036263466
677.2999878,-0.040984154
677.4000244,-0.046896935
677.5,-0.042903423
677.6000366,-0.042080879
677.7000122,-0.041651726
677.7999878,-0.037407875
677.9000244,-0.049424171
678,-0.040888786
678.1000366,-0.045275688
678.2000122,-0.038695335
678.2999878,-0.054860115
678.4000244,-0.040745735
678.5,-0.0467062
678.6000366,-0.045228004
678.7000122,-0.05505085
678.7999878,-0.041460991
678.9000244,-0.047707558
679,-0.041842461
679.1000366,-0.044798851
679.2000122,-0.039935112
679.2999878,-0.04196167
679.4000244,-0.041460991
679.5,-0.041651726
679.6000366,-0.040102005
679.7000122,-0.037932396
679.7999878,-0.039362907
679.9000244,-0.05300045
680,-0.044322014
680.1000366,-0.057482719
680.2000122,-0.051426888
680.2999878,-0.038361549
680.4000244,-0.048327446
680.5,-0.044131279
680.6000366,-0.048232079
680.7000122,-0.052571297
680.7999878,-0.044894218
680.9000244,-0.053477287
681,-0.048995018
681.1000366,-0.045180321
681.2000122,-0.045990944
681.2999878,-0.045180321
681.4000244,-0.044608116
681.5,-0.045406818
681.6000366,-0.043877959
681.7000122,-0.042414665
681.7999878,-0.043082237
681.9000244,-0.046229362
682,-0.041174889
682.1000366,-0.046229362
682.2000122,-0.041651726
682.2999878,-0.048232079
682.4000244,-0.049328804
682.5,-0.044798851
682.6000366,-0.03683567
682.7000122,-0.047850609
682.7999878,-0.044083595
682.9000244,-0.044989586
683,-0.041699409
683.1000366,-0.045990944
683.2000122,-0.036263466
683.2999878,-0.049328804
683.4000244,-0.052905083
683.5,-0.04645586
683.6000366,-0.041699409
683.7000122,-0.041890144
683.7999878,-0.043177605
683.9000244,-0.046849251
684,-0.040555
684.1000366,-0.048422813
684.2000122,-0.047564507
684.2999878,-0.052666664
684.4000244,-0.037837029
684.5,-0.042939186
684.6000366,-0.039792061
684.7000122,-0.043594837
684.7999878,-0.048899651
684.9000244,-0.042748451
685,-0.041174889
685.1000366,-0.042939186
685.2000122,-0.058436394
685.2999878,-0.034594536
685.4000244,-0.053524971
685.5,-0.053668022
685.6000366,-0.044751167
685.7000122,-0.040316582
685.7999878,-0.041031837
685.9000244,-0.037384033
686,-0.034451485
686.1000366,-0.033736229
686.2000122,-0.040984154
686.2999878,-0.037503242
686.4000244,-0.042426586
686.5,-0.043511391
686.6000366,-0.047707558
686.7000122,-0.047230721
686.7999878,-0.051999092
686.9000244,-0.050234795
687,-0.046277046
687.1000366,-0.048565865
687.2000122,-0.048601627
687.2999878,-0.051379204
687.4000244,-0.048184395
687.5,-0.050139427
687.6000366,-0.047373772
687.7000122,-0.043272972
687.7999878,-0.033402443
687.9000244,-0.042080879
688,-0.037789345
688.1000366,-0.047373772
688.2000122,-0.044989586
688.2999878,-0.046467781
688.4000244,-0.045835972
688.5,-0.04799366
688.6000366,-0.04389286
688.7000122,-0.049328804
688.7999878,-0.046896935
688.9000244,-0.048708916
689,-0.047397614
689.1000366,-0.046801567
689.2000122,-0.047183037
689.2999878,-0.047636032
689.4000244,-0.04837513
689.5,-0.048184395
689.6000366,-0.051522255
689.7000122,-0.044131279
689.7999878,-0.054526329
689.9000244,-0.046801567
690,-0.059342384
690.1000366,-0.048995018
690.2000122,-0.047039986
690.2999878,-0.049042702
690.4000244,-0.046610832
690.5,-0.041031837
690.6000366,-0.047850609
690.7000122,-0.041079521
690.7999878,-0.043797493
690.9000244,-0.046658516
691,-0.047039986
691.1000366,-0.049090385
691.2000122,-0.044369698
691.2999878,-0.050330162
691.4000244,-0.057053566
691.5,-0.044465065
691.6000366,-0.049567223
691.7000122,-0.041747093
691.7999878,-0.042176247
691.9000244,-0.053286552
692,-0.058054924
692.1000366,-0.057005882
692.2000122,-0.052678585
692.2999878,-0.048947334
692.4000244,-0.0467062
692.5,-0.03516674
692.6000366,-0.045275688
692.7000122,-0.036358833
692.7999878,-0.042414665
692.9000244,-0.039935112
693,-0.042462349
693.1000366,-0.043702126
693.2000122,-0.045609474
693.2999878,-0.046801567
693.4000244,-0.039744377
693.5,-0.044608116
693.6000366,-0.036406517
693.7000122,-0.034117699
693.7999878,-0.034928322
693.9000244,-0.039172173
694,-0.038361549
694.1000366,-0.04298687
694.2000122,-0.035357475
694.2999878,-0.051188469
694.4000244,-0.042128563
694.5,-0.040793419
694.6000366,-0.040650368
694.7000122,-0.040984154
694.7999878,-0.041854382
694.9000244,-0.044512749
695,-0.041270256
695.1000366,-0.045990944
695.2000122,-0.05300045
695.2999878,-0.034070015
695.4000244,-0.041460991
695.5,-0.036072731
695.6000366,-0.044417381
695.7000122,-0.038218498
695.7999878,-0.050091743
695.9000244,-0.036215782
696,-0.04632473
696.1000366,-0.040507317
696.2000122,-0.045609474
696.2999878,-0.045228004
696.4000244,-0.044906139
696.5,-0.044560432
696.6000366,-0.044226646
696.7000122,-0.042653084
696.7999878,-0.041508675
696.9000244,-0.052142143
697,-0.055575371
697.1000366,-0.044369698
697.2000122,-0.042128563
697.2999878,-0.042831898
697.4000244,-0.040602684
697.5,-0.044226646
697.6000366,-0.041604042
697.7000122,-0.042796135
697.7999878,-0.047564507
697.9000244,-0.055527687
698,-0.038170815
698.1000366,-0.04594326
698.2000122,-0.04222393
698.2999878,-0.049948692
698.4000244,-0.048041344
698.5,-0.039219856
698.6000366,-0.050234795
698.7000122,-0.040316582
698.7999878,-0.046086311
698.9000244,-0.043606758
699,-0.037503242
699.1000366,-0.052571297
699.2000122,-0.041031837
699.2999878,-0.043272972
699.4000244,-0.037407875
699.5,-0.031447411
699.6000366,-0.046277046
699.7000122,-0.040984154
699.7999878,-0.043654442
699.9000244,-0.048136711
700,-0.037884712
700.1000366,-0.044846535
700.2000122,-0.036358833
700.2999878,-0.040221214
700.4000244,-0.044894218
700.5,-0.044608116
700.6000366,-0.042319298
700.7000122,-0.042510033
700.7999878,-0.043320656
700.9000244,-0.044846535
701,-0.040221214
701.1000366,-0.051426888
701.2000122,-0.038838387
701.2999878,-0.050520897
701.4000244,-0.03964901
701.5,-0.041270256
701.6000366,-0.041031837
701.7000122,-0.043284893
701.7999878,-0.046086311
701.9000244,-0.044751167
702,-0.043773651
702.1000366,-0.043845177
702.2000122,-0.040411949
702.2999878,-0.033593178
702.4000244,-0.047707558
702.5,-0.043320656
702.6000366,-0.043797493
702.7000122,-0.03798008
702.7999878,-0.051236153
702.9000244,-0.04503727
703,-0.0426054
703.1000366,-0.048708916
703.2000122,-0.040483475
703.2999878,-0.036406517
703.4000244,-0.041431189
703.5,-0.044512749
703.6000366,-0.044322014
703.7000122,-0.044035912
703.7999878,-0.047278404
703.9000244,-0.049901009
704,-0.050854683
704.1000366,-0.046849251
704.2000122,-0.043559074
704.2999878,-0.043034554
704.4000244,-0.03683567
704.5,-0.046849251
704.6000366,-0.038456917
704.7000122,-0.041794777
704.7999878,-0.045466423
704.9000244,-0.042080879
705,-0.044703484
705.1000366,-0.045275688
705.2000122,-0.044023991
705.2999878,-0.045546889
705.4000244,-0.045609474
705.5,-0.047278404
705.6000366,-0.046658516
705.7000122,-0.036787987
705.7999878,-0.033736229
705.9000244,-0.040411949
706,-0.039076805
706.1000366,-0.047421455
706.2000122,-0.045752525
706.2999878,-0.042557716
706.4000244,-0.036787987
706.5,-0.040268898
706.6000366,-0.05261898
706.7000122,-0.036787987
706.7999878,-0.042414665
706.9000244,-0.038695335
707,-0.04556179
707.1000366,-0.043082237
707.2000122,-0.037455559
707.2999878,-0.039029121
707.4000244,-0.038695335
707.5,-0.036883354
707.6000366,-0.036907196
707.7000122,-0.035214424
707.7999878,-0.03683567
707.9000244,-0.042843819
708,-0.046467781
708.1000366,-0.044417381
708.2000122,-0.039696693
708.2999878,-0.046277046
708.4000244,-0.040411949
708.5,-0.040411949
708.6000366,-0.044703484
708.7000122,-0.036931038
708.7999878,-0.046801567
708.9000244,-0.045228004
709,-0.046002865
709.1000366,-0.045466423
709.2000122,-0.046515465
709.2999878,-0.040173531
709.4000244,-0.047564507
709.5,-0.038027763
709.6000366,-0.039505959
709.7000122,-0.034689903
709.7999878,-0.043988228
709.9000244,-0.038599968
710,-0.036072731
710.1000366,-0.048851967
710.2000122,-0.042080879
710.2999878,-0.029158592
710.4000244,-0.053668022
710.5,-0.039839745
710.6000366,-0.039744377
710.7000122,-0.038790703
710.7999878,-0.038647652
710.9000244,-0.04016161
711,-0.041890144
711.1000366,-0.04131794
711.2000122,-0.040316582
711.2999878,-0.042366982
711.4000244,-0.041794777
711.5,-0.040602684
711.6000366,-0.037074089
711.7000122,-0.039744377
711.7999878,-0.037026405
711.9000244,-0.038230419
712,-0.038838387
712.1000366,-0.042036176
712.2000122,-0.045371056
712.2999878,-0.045704842
712.4000244,-0.045990944
712.5,-0.044262409
712.6000366,-0.041174889
712.7000122,-0.044178963
712.7999878,-0.037932396
712.9000244,-0.044178963
713,-0.04556179
713.1000366,-0.043559074
713.2000122,-0.04298687
713.2999878,-0.041508675
713.4000244,-0.043427944
713.5,-0.042891502
713.6000366,-0.04632473
713.7000122,-0.042939186
713.7999878,-0.038814545
713.9000244,-0.031638145
714,-0.034356117
714.1000366,-0.035738945
714.2000122,-0.040030479
714.2999878,-0.037264824
714.4000244,-0.035309792
714.5,-0.03798008
714.6000366,-0.049901009
714.7000122,-0.031924248
714.7999878,-0.0467062
714.9000244,-0.04503727
715,-0.054478645
715.1000366,-0.03387928
715.2000122,-0.046420097
715.2999878,-0.044751167
715.4000244,-0.041031837
715.5,-0.042271614
715.6000366,-0.041604042
715.7000122,-0.037646294
715.7999878,-0.039708614
715.9000244,-0.040221214
716,-0.039362907
716.1000366,-0.03554821
716.2000122,-0.041604042
716.2999878,-0.032973289
716.4000244,-0.050711632
716.5,-0.046610832
716.6000366,-0.046658516
716.7000122,-0.049614906
716.7999878,-0.036883354
716.9000244,-0.041556358
717,-0.035262108
717.1000366,-0.041079521
717.2000122,-0.04427433
717.2999878,-0.04683733
717.4000244,-0.050520897
717.5,-0.051474571
717.6000366,-0.042319298
717.7000122,-0.035262108
717.7999878,-0.032019615
717.9000244,-0.042080879
718,-0.041985512
718.1000366,-0.041174889
718.2000122,-0.041806698
718.2999878,-0.043940544
718.4000244,-0.040125847
718.5,-0.046467781
718.6000366,-0.036978722
718.7000122,-0.033307076
718.7999878,-0.035834312
718.9000244,-0.038504601
719,-0.042784214
719.1000366,-0.047755241
719.2000122,-0.049042702
719.2999878,-0.048947334
719.4000244,-0.039029121
719.5,-0.057053566
719.6000366,-0.038695335
719.7000122,-0.051140785
719.7999878,-0.037074089
719.9000244,-0.052428246
720,-0.038504601
720.1000366,-0.047945976
720.2000122,-0.046038628
720.2999878,-0.051140785
720.4000244,-0.038981438
720.5,-0.052952766
720.6000366,-0.040459633
720.7000122,-0.048661232
720.7999878,-0.048279762
720.9000244,-0.045681
721,-0.044226646
721.1000366,-0.041556358
721.2000122,-0.045275688
721.2999878,-0.038599968
721.4000244,-0.050854683
721.5,-0.042891502
721.6000366,-0.048041344
721.7000122,-0.047898293
721.7999878,-0.042510033
721.9000244,-0.042128563
722,-0.04799366
722.1000366,-0.044703484
722.2000122,-0.049901009
722.2999878,-0.046849251
722.4000244,-0.045371056
722.5,-0.04336834
722.6000366,-0.041365623
722.7000122,-0.036787987
722.7999878,-0.040364265
722.9000244,-0.035405159
723,-0.038409233
723.1000366,-0.041937828
723.2000122,-0.047039986
723.2999878,-0.046896935
723.4000244,-0.045990944
723.5,-0.037741661
723.6000366,-0.046992302
723.7000122,-0.042271614
723.7999878,-0.048661232
723.9000244,-0.035691261
724,-0.041794777
724.1000366,-0.048661232
724.2000122,-0.044989586
724.2999878,-0.040650368
724.4000244,-0.043797493
724.5,-0.044083595
724.6000366,-0.041937828
724.7000122,-0.046610832
724.7999878,-0.036263466
724.9000244,-0.043177605
725,-0.04966259
725.1000366,-0.045084953
725.2000122,-0.046086311
725.2999878,-0.03554821
725.4000244,-0.05209446
725.5,-0.044894218
725.6000366,-0.038313866
725.7000122,-0.046658516
725.7999878,-0.051426888
725.9000244,-0.047791004
726,-0.045990944
726.1000366,-0.047087669
726.2000122,-0.043559074
726.2999878,-0.047147274
726.4000244,-0.047278404
726.5,-0.050663948
726.6000366,-0.039410591
726.7000122,-0.046277046
726.7999878,-0.036978722
726.9000244,-0.048089027
727,-0.039076805
727.1000366,-0.039029121
727.2000122,-0.04594326
727.2999878,-0.044846535
727.4000244,-0.039887428
727.5,-0.04594326
727.6000366,-0.051474571
727.7000122,-0.040221214
727.7999878,-0.04427433
727.9000244,-0.044417381
728,-0.038647652
728.1000366,-0.043940544
728.2000122,-0.048995018
728.2999878,-0.042700768
728.4000244,-0.040173531
728.5,-0.042796135
728.6000366,-0.037264824
728.7000122,-0.036478043
728.7999878,-0.031065941
728.9000244,-0.034785271
729,-0.040030479
729.1000366,-0.043559074
729.2000122,-0.047183037
729.2999878,-0.04594326
729.4000244,-0.043559074
729.5,-0.042319298
729.6000366,-0.039696693
729.7000122,-0.050187111
729.7999878,-0.047039986
729.9000244,-0.051856041
730,-0.04761219
730.1000366,-0.049996376
730.2000122,-0.047039986
730.2999878,-0.053572655
730.4000244,-0.045514107
730.5,-0.041747093
730.6000366,-0.035786629
730.7000122,-0.052857399
730.7999878,-0.047755241
730.9000244,-0.040221214
731,-0.053477287
731.1000366,-0.041508675
731.2000122,-0.039410591
731.2999878,-0.047659874
731.4000244,-0.041079521
731.5,-0.043225288
731.6000366,-0.044059753
731.7000122,-0.042462349
731.7999878,-0.049471855
731.9000244,-0.039601326
732,-0.044560432
732.1000366,-0.043320656
732.2000122,-0.042748451
732.2999878,-0.043177605
732.4000244,-0.039660931
732.5,-0.03631115
732.6000366,-0.036406517
732.7000122,-0.047421455
732.7999878,-0.042080879
732.9000244,-0.047230721
733,-0.036168098
733.1000366,-0.047183037
733.2000122,-0.044894218
733.2999878,-0.040745735
733.4000244,-0.045180321
733.5,-0.03888607
733.6000366,-0.049424171
733.7000122,-0.045609474
733.7999878,-0.052905083
733.9000244,-0.036740303
734,-0.042271614
734.1000366,-0.038933754
734.2000122,-0.045752525
734.2999878,-0.044989586
734.4000244,-0.038981438
734.5,-0.042366982
734.6000366,-0.040066242
734.7000122,-0.040030479
734.7999878,-0.03888607
734.9000244,-0.042748451
735,-0.038027763
735.1000366,-0.043272972
735.2000122,-0.041651726
735.2999878,-0.04131794
735.4000244,-0.039505959
735.5,-0.040841103
735.6000366,-0.043463707
735.7000122,-0.044119358
735.7999878,-0.047039986
735.9000244,-0.045132637
736,-0.046753883
736.1000366,-0.045800209
736.2000122,-0.043094158
736.2999878,-0.039839745
736.4000244,-0.039982796
736.5,-0.047135353
736.6000366,-0.048184395
736.7000122,-0.039553642
736.7999878,-0.043845177
736.9000244,-0.03926754
737,-0.043272972
737.1000366,-0.045990944
737.2000122,-0.040411949
737.2999878,-0.04298687
737.4000244,-0.035262108
737.5,-0.041460991
737.6000366,-0.04837513
737.7000122,-0.040316582
737.7999878,-0.043702126
737.9000244,-0.040006638
738,-0.040793419
738.1000366,-0.035214424
738.2000122,-0.041508675
738.2999878,-0.045371056
738.4000244,-0.046575069
738.5,-0.051522255
738.6000366,-0.047898293
738.7000122,-0.045526028
738.7999878,-0.040030479
738.9000244,-0.042653084
739,-0.045371056
739.1000366,-0.053334236
739.2000122,-0.043845177
739.2999878,-0.051093102
739.4000244,-0.045323372
739.5,-0.04632473
739.6000366,-0.047051907
739.7000122,-0.046849251
739.7999878,-0.049710274
739.9000244,-0.039505959
740,-0.045180321
740.1000366,-0.036692619
740.2000122,-0.031495094
740.2999878,-0.042080879
740.4000244,-0.046658516
740.5,-0.040841103
740.6000366,-0.039362907
740.7000122,-0.041651726
740.7999878,-0.041842461
740.9000244,-0.045704842
741,-0.040268898
741.1000366,-0.047373772
741.2000122,-0.043320656
741.2999878,-0.046086311
741.4000244,-0.041270256
741.5,-0.037312508
741.6000366,-0.041699409
741.7000122,-0.036787987
741.7999878,-0.049710274
741.9000244,-0.038218498
742,-0.043940544
742.1000366,-0.045084953
742.2000122,-0.042784214
742.2999878,-0.04093647
742.4000244,-0.041174889
742.5,-0.040078163
742.6000366,-0.043845177
742.7000122,-0.032114983
742.7999878,-0.0467062
742.9000244,-0.038027763
743,-0.049757957
743.1000366,-0.043129921
743.2000122,-0.049710274
743.2999878,-0.046372414
743.4000244,-0.041413307
743.5,-0.049948692
743.6000366,-0.041699409
743.7000122,-0.043845177
743.7999878,-0.038695335
743.9000244,-0.05300045
744,-0.048327446
744.1000366,-0.037407875
744.2000122,-0.042557716
744.2999878,-0.047326088
744.4000244,-0.041127205
744.5,-0.050997734
744.6000366,-0.049090385
744.7000122,-0.042462349
744.7999878,-0.032114983
744.9000244,-0.043177605
745,-0.045132637
745.1000366,-0.045752525
745.2000122,-0.051093102
745.2999878,-0.049519539
745.4000244,-0.044369698
745.5,-0.042414665
745.6000366,-0.045847893
745.7000122,-0.047945976
745.7999878,-0.048661232
745.9000244,-0.046038628
746,-0.048756599
746.1000366,-0.048208237
746.2000122,-0.05095005
746.2999878,-0.047087669
746.4000244,-0.040650368
746.5,-0.040125847
746.6000366,-0.04632473
746.7000122,-0.047278404
746.7999878,-0.044500828
746.9000244,-0.042080879
747,-0.042319298
747.1000366,-0.044989586
747.2000122,-0.033307076
747.2999878,-0.044119358
747.4000244,-0.049757957
747.5,-0.048422813
747.6000366,-0.038170815
747.7000122,-0.050616264
747.7999878,-0.0446558
747.9000244,-0.048565865
748,-0.046086311
748.1000366,-0.044131279
748.2000122,-0.043451786
748.2999878,-0.042128563
748.4000244,-0.041460991
748.5,-0.045609474
748.6000366,-0.042176247
748.7000122,-0.044512749
748.7999878,-0.041747093
748.9000244,-0.041079521
749,-0.042366982
749.1000366,-0.041270256
749.2000122,-0.042796135
749.2999878,-0.049090385
749.4000244,-0.063443661
749.5,-0.036454201
749.6000366,-0.046801567
749.7000122,-0.047421455
749.7999878,-0.040507317
749.9000244,-0.045847893
750,-0.051903725
750.1000366,-0.041460991
750.2000122,-0.049185753
750.2999878,-0.03926754
750.4000244,-0.035262108
750.5,-0.04966259
750.6000366,-0.036883354
750.7000122,-0.041365623
750.7999878,-0.048089027
750.9000244,-0.043559074
751,-0.034737587
751.1000366,-0.040507317
751.2000122,-0.032401085
751.2999878,-0.03221035
751.4000244,-0.036072731
751.5,-0.033831596
751.6000366,-0.044941902
751.7000122,-0.043416023
751.7999878,-0.038170815
751.9000244,-0.035405159
752,-0.034546852
752.1000366,-0.040650368
752.2000122,-0.032305717
752.2999878,-0.046086311
752.4000244,-0.042271614
752.5,-0.039839745
752.6000366,-0.043559074
752.7000122,-0.037312508
752.7999878,-0.03888607
752.9000244,-0.03683567
753,-0.03926754
753.1000366,-0.041222572
753.2000122,-0.036740303
753.2999878,-0.042891502
753.4000244,-0.040888786
753.5,-0.044488907
753.6000366,-0.04761219
753.7000122,-0.046563148
753.7999878,-0.043225288
753.9000244,-0.036454201
754,-0.039172173
754.1000366,-0.046181679
754.2000122,-0.041508675
754.2999878,-0.046038628
754.4000244,-0.04067421
754.5,-0.037169456
754.6000366,-0.03798008
754.7000122,-0.046420097
754.7999878,-0.033116341
754.9000244,-0.049853325
755,-0.042653084
755.1000366,-0.032258034
755.2000122,-0.045895576
755.2999878,-0.039362907
755.4000244,-0.032830238
755.5,-0.035119057
755.6000366,-0.044989586
755.7000122,-0.044131279
755.7999878,-0.037312508
755.9000244,-0.038027763
756,-0.041747093
756.1000366,-0.044322014
756.2000122,-0.040793419
756.2999878,-0.040888786
756.4000244,-0.042939186
756.5,-0.043654442
756.6000366,-0.047802925
756.7000122,-0.03964901
756.7999878,-0.051808357
756.9000244,-0.03964901
757,-0.042033195
757.1000366,-0.042796135
757.2000122,-0.039219856
757.2999878,-0.037026405
757.4000244,-0.045800209
757.5,-0.042748451
757.6000366,-0.042188168
757.7000122,-0.038695335
757.7999878,-0.041508675
757.9000244,-0.050616264
758,-0.046420097
758.1000366,-0.042271614
758.2000122,-0.035214424
758.2999878,-0.03683567
758.4000244,-0.037741661
758.5,-0.039172173
758.6000366,-0.039744377
758.7000122,-0.042653084
758.7999878,-0.05800724
758.9000244,-0.042319298
759,-0.049757957
759.1000366,-0.041556358
759.2000122,-0.04131794
759.2999878,-0.039076805
759.4000244,-0.04336834
759.5,-0.04556179
759.6000366,-0.047516823
759.7000122,-0.048136711
759.7999878,-0.044548512
759.9000244,-0.041031837
760,-0.041508675
760.1000366,-0.035786629
760.2000122,-0.02720356
760.2999878,-0.039219856
760.4000244,-0.042366982
760.5,-0.040984154
760.6000366,-0.041699409
760.7000122,-0.040650368
760.7999878,-0.046420097
760.9000244,-0.037932396
761,-0.041365623
761.1000366,-0.046801567
761.2000122,-0.043225288
761.2999878,-0.050091743
761.4000244,-0.045323372
761.5,-0.039315224
761.6000366,-0.039505959
761.7000122,-0.035262108
761.7999878,-0.039076805
761.9000244,-0.043797493
762,-0.039219856
762.1000366,-0.04131794
762.2000122,-0.04298687
762.2999878,-0.044608116
762.4000244,-0.04556179
762.5,-0.043940544
762.6000366,-0.043725967
762.7000122,-0.0426054
762.7999878,-0.042796135
762.9000244,-0.041842461
763,-0.045084953
763.1000366,-0.048661232
763.2000122,-0.057673454
763.2999878,-0.038361549
763.4000244,-0.049471855
763.5,-0.043129921
763.6000366,-0.051093102
763.7000122,-0.038695335
763.7999878,-0.037646294
763.9000244,-0.044608116
764,-0.055003166
764.1000366,-0.042843819
764.2000122,-0.044465065
764.2999878,-0.03888607
764.4000244,-0.044608116
764.5,-0.039696693
764.6000366,-0.038409233
764.7000122,-0.044226646
764.7999878,-0.049567223
764.9000244,-0.044369698
765,-0.044178963
765.1000366,-0.042557716
765.2000122,-0.033783913
765.2999878,-0.031685829
765.4000244,-0.040745735
765.5,-0.036180019
765.6000366,-0.034976006
765.7000122,-0.037312508
765.7999878,-0.042796135
765.9000244,-0.04093647
766,-0.043129921
766.1000366,-0.038409233
766.2000122,-0.036549568
766.2999878,-0.032877922
766.4000244,-0.030446053
766.5,-0.042080879
766.6000366,-0.035977364
766.7000122,-0.031924248
766.7999878,-0.036692619
766.9000244,-0.030064583
767,-0.036263466
767.1000366,-0.04556179
767.2000122,-0.03349781
767.2999878,-0.037169456
767.4000244,-0.038266182
767.5,-0.040185452
767.6000366,-0.042319298
767.7000122,-0.04298687
767.7999878,-0.042891502
767.9000244,-0.042462349
768,-0.043797493
768.1000366,-0.04118681
768.2000122,-0.038695335
768.2999878,-0.039792061
768.4000244,-0.042843819
768.5,-0.046038628
768.6000366,-0.046849251
768.7000122,-0.041985512
768.7999878,-0.038695335
768.9000244,-0.038456917
769,-0.033354759
769.1000366,-0.039792061
769.2000122,-0.052666664
769.2999878,-0.03182888
769.4000244,-0.041031837
769.5,-0.043988228
769.6000366,-0.027394295
769.7000122,-0.032401085
769.7999878,-0.030517578
769.9000244,-0.031208992
770,-0.031065941
770.1000366,-0.03349781
770.2000122,-0.040173531
770.2999878,-0.047516823
770.4000244,-0.050377846
770.5,-0.045323372
770.6000366,-0.041747093
770.7000122,-0.037741661
770.7999878,-0.037157536
770.9000244,-0.033736229
771,-0.035405159
771.1000366,-0.038123131
771.2000122,-0.040555
771.2999878,-0.039494038
771.4000244,-0.040125847
771.5,-0.039172173
771.6000366,-0.045228004
771.7000122,-0.042176247
771.7999878,-0.035452843
771.9000244,-0.0467062
772,-0.051760674
772.1000366,-0.04093647
772.2000122,-0.042510033
772.2999878,-0.051617622
772.4000244,-0.053906441
772.5,-0.045609474
772.6000366,-0.044560432
772.7000122,-0.055336952
772.7999878,-0.037789345
772.9000244,-0.046229362
773,-0.045752525
773.1000366,-0.047552586
773.2000122,-0.049614906
773.2999878,-0.048613548
773.4000244,-0.045657158
773.5,-0.04222393
773.6000366,-0.042176247
773.7000122,-0.05428791
773.7999878,-0.037646294
773.9000244,-0.052046776
774,-0.042796135
774.1000366,-0.044894218
774.2000122,-0.049519539
774.2999878,-0.044977665
774.4000244,-0.04427433
774.5,-0.041222572
774.6000366,-0.041508675
774.7000122,-0.049042702
774.7999878,-0.051379204
774.9000244,-0.046515465
775,-0.044989586
775.1000366,-0.041270256
775.2000122,-0.049757957
775.2999878,-0.031399727
775.4000244,-0.051999092
775.5,-0.038123131
775.6000366,-0.040459633
775.7000122,-0.036501884
775.7999878,-0.046515465
775.9000244,-0.049614906
776,-0.035691261
776.1000366,-0.055241585
776.2000122,-0.044417381
776.2999878,-0.047039986
776.4000244,-0.046086311
776.5,-0.040078163
776.6000366,-0.045371056
776.7000122,-0.052762032
776.7999878,-0.038933754
776.9000244,-0.046372414
777,-0.042462349
777.1000366,-0.034928322
777.2000122,-0.045275688
777.2999878,-0.036406517
777.4000244,-0.037741661
777.5,-0.036168098
777.6000366,-0.035881996
777.7000122,-0.038099289
777.7999878,-0.040698051
777.9000244,-0.03964901
778,-0.03991127
778.1000366,-0.037550926
778.2000122,-0.041747093
778.2999878,-0.045847893
778.4000244,-0.049424171
778.5,-0.0426054
778.6000366,-0.041508675
778.7000122,-0.037932396
778.7999878,-0.040221214
778.9000244,-0.035119057
779,-0.040841103
779.1000366,-0.036358833
779.2000122,-0.046992302
779.2999878,-0.029587746
779.4000244,-0.041556358
779.5,-0.050425529
779.6000366,-0.053524971
779.7000122,-0.052475929
779.7999878,-0.049948692
779.9000244,-0.046634674
780,-0.042653084
780.1000366,-0.041460991
780.2000122,-0.041460991
780.2999878,-0.044846535
780.4000244,-0.043082237
780.5,-0.041592121
780.6000366,-0.039744377
780.7000122,-0.038695335
780.7999878,-0.040662289
780.9000244,-0.044512749
781,-0.039696693
781.1000366,-0.042557716
781.2000122,-0.04928112
781.2999878,-0.050234795
781.4000244,-0.04401207
781.5,-0.03926754
781.6000366,-0.037264824
781.7000122,-0.045132637
781.7999878,-0.041031837
781.9000244,-0.043857098
782,-0.044703484
782.1000366,-0.044560432
782.2000122,-0.042212009
782.2999878,-0.03798008
782.4000244,-0.041604042
782.5,-0.049710274
782.6000366,-0.046420097
782.7000122,-0.040602684
782.7999878,-0.038361549
782.9000244,-0.039505959
783,-0.047230721
783.1000366,-0.048089027
783.2000122,-0.042557716
783.2999878,-0.048422813
783.4000244,-0.042462349
783.5,-0.042033195
783.6000366,-0.046229362
783.7000122,-0.036883354
783.7999878,-0.030875206
783.9000244,-0.043463707
784,-0.044941902
784.1000366,-0.045323372
784.2000122,-0.045192242
784.2999878,-0.044322014
784.4000244,-0.046181679
784.5,-0.052046776
784.6000366,-0.049996376
784.7000122,-0.041890144
784.7999878,-0.037932396
784.9000244,-0.043058395
785,-0.045895576
785.1000366,-0.046515465
785.2000122,-0.047087669
785.2999878,-0.047516823
785.4000244,-0.048136711
785.5,-0.043416023
785.6000366,-0.045466423
785.7000122,-0.042748451
785.7999878,-0.045609474
785.9000244,-0.043034554
786,-0.048804283
786.1000366,-0.042998791
786.2000122,-0.040125847
786.2999878,-0.040030479
786.4000244,-0.040853024
786.5,-0.041890144
786.6000366,-0.041365623
786.7000122,-0.037503242
786.7999878,-0.031542778
786.9000244,-0.052332878
787,-0.041508675
787.1000366,-0.05095005
787.2000122,-0.043177605
787.2999878,-0.035595894
787.4000244,-0.043272972
787.5,-0.040888786
787.6000366,-0.044512749
787.7000122,-0.045418739
787.7999878,-0.038933754
787.9000244,-0.053048134
788,-0.046086311
788.1000366,-0.035738945
788.2000122,-0.043654442
788.2999878,-0.041604042
788.4000244,-0.042569637
788.5,-0.046467781
788.6000366,-0.038552284
788.7000122,-0.042366982
788.7999878,-0.03964901
788.9000244,-0.037741661
789,-0.045752525
789.1000366,-0.051188469
789.2000122,-0.053191185
789.2999878,-0.040221214
789.4000244,-0.03759861
789.5,-0.045990944
789.6000366,-0.047469139
789.7000122,-0.034928322
789.7999878,-0.046849251
789.9000244,-0.038170815
790,-0.041651726
790.1000366,-0.043606758
790.2000122,-0.039684772
790.2999878,-0.036168098
790.4000244,-0.037312508
790.5,-0.030827522
790.6000366,-0.04761219
790.7000122,-0.03888607
790.7999878,-0.055527687
790.9000244,-0.047564507
791,-0.034976006
791.1000366,-0.038743019
791.2000122,-0.038790703
791.2999878,-0.039899349
791.4000244,-0.04093647
791.5,-0.041127205
791.6000366,-0.042963028
791.7000122,-0.043988228
791.7999878,-0.045800209
791.9000244,-0.04298687
792,-0.044608116
792.1000366,-0.037932396
792.2000122,-0.052142143
792.2999878,-0.032114983
792.4000244,-0.043082237
792.5,-0.048899651
792.6000366,-0.041460991
792.7000122,-0.042843819
792.7999878,-0.043129921
792.9000244,-0.041520596
793,-0.041699409
793.1000366,-0.038409233
793.2000122,-0.042080879
793.2999878,-0.040543079
793.4000244,-0.041222572
793.5,-0.040459633
793.6000366,-0.039410591
793.7000122,-0.041151047
793.7999878,-0.042700768
793.9000244,-0.042033195
794,-0.042700768
794.1000366,-0.043320656
794.2000122,-0.043702126
794.2999878,-0.044608116
794.4000244,-0.044178963
794.5,-0.035834312
794.6000366,-0.038981438
794.7000122,-0.040245056
794.7999878,-0.042891502
794.9000244,-0.043272972
795,-0.038504601
795.1000366,-0.048851967
795.2000122,-0.039505959
795.2999878,-0.043272972
795.4000244,-0.047850609
795.5,-0.056433678
795.6000366,-0.051426888
795.7000122,-0.040650368
795.7999878,-0.043129921
795.9000244,-0.041258335
796,-0.040411949
796.1000366,-0.040841103
796.2000122,-0.039219856
796.2999878,-0.039982796
796.4000244,-0.040829182
796.5,-0.04222393
796.6000366,-0.041890144
796.7000122,-0.042796135
796.7999878,-0.035405159
796.9000244,-0.039839745
797,-0.044131279
797.1000366,-0.038266182
797.2000122,-0.036692619
797.2999878,-0.044751167
797.4000244,-0.045847893
797.5,-0.038838387
797.6000366,-0.0426054
797.7000122,-0.048518181
797.7999878,-0.047564507
797.9000244,-0.046420097
798,-0.044703484
798.1000366,-0.042080879
798.2000122,-0.042748451
798.2999878,-0.044035912
798.4000244,-0.045692921
798.5,-0.048947334
798.6000366,-0.047039986
798.7000122,-0.041556358
798.7999878,-0.043463707
798.9000244,-0.04222393
799,-0.046801567
799.1000366,-0.050806999
799.2000122,-0.050711632
799.2999878,-0.045526028
799.4000244,-0.041413307
799.5,-0.039172173
799.6000366,-0.039219856
799.7000122,-0.039052963
799.7999878,-0.039124489
799.9000244,-0.038695335
800,-0.040948391
800.1000366,-0.042462349
800.2000122,-0.043511391
800.2999878,-0.046467781
800.4000244,-0.04336834
800.5,-0.054526329
800.6000366,-0.034928322
800.7000122,-0.045466423
800.7999878,-0.033259392
800.9000244,-0.048422813
801,-0.046801567
801.1000366,-0.049233437
801.2000122,-0.043463707
801.2999878,-0.040268898
801.4000244,-0.0446558
801.5,-0.039792061
801.6000366,-0.05261898
801.7000122,-0.050568581
801.7999878,-0.042843819
801.9000244,-0.041413307
802,-0.041985512
802.1000366,-0.042974949
802.2000122,-0.0446558
802.2999878,-0.043845177
802.4000244,-0.045132637
802.5,-0.045847893
802.6000366,-0.046849251
802.7000122,-0.045418739
802.7999878,-0.041508675
802.9000244,-0.037741661
803,-0.035071373
803.1000366,-0.043141842
803.2000122,-0.046563148
803.2999878,-0.053191185
803.4000244,-0.042366982
803.5,-0.032496452
803.6000366,-0.050711632
803.7000122,-0.044083595
803.7999878,-0.046753883
803.9000244,-0.039792061
804,-0.04336834
804.1000366,-0.047373772
804.2000122,-0.033688545
804.2999878,-0.047039986
804.4000244,-0.040173531
804.5,-0.055718422
804.6000366,-0.046801567
804.7000122,-0.043463707
804.7999878,-0.038933754
804.9000244,-0.047469139
805,-0.03683567
805.1000366,-0.034403801
805.2000122,-0.041079521
805.2999878,-0.046038628
805.4000244,-0.04761219
805.5,-0.046277046
805.6000366,-0.045716763
805.7000122,-0.044608116
805.7999878,-0.047066808
805.9000244,-0.048708916
806,-0.049233437
806.1000366,-0.04863739
806.2000122,-0.047928095
806.2999878,-0.046944618
806.4000244,-0.046896935
806.5,-0.041890144
806.6000366,-0.050187111
806.7000122,-0.044608116
806.7999878,-0.041508675
806.9000244,-0.047373772
807,-0.040364265
807.1000366,-0.038599968
807.2000122,-0.041699409
807.2999878,-0.043392181
807.4000244,-0.046849251
807.5,-0.046420097
807.6000366,-0.039458275
807.7000122,-0.04632473
807.7999878,-0.039172173
807.9000244,-0.036644936
808,-0.041794777
808.1000366,-0.031638145
808.2000122,-0.058341026
808.2999878,-0.033926964
808.4000244,-0.04503727
808.5,-0.037264824
808.6000366,-0.036501884
808.7000122,-0.036764145
808.7999878,-0.037169456
808.9000244,-0.036120415
809,-0.041365623
809.1000366,-0.033593178
809.2000122,-0.049138069
809.2999878,-0.046944618
809.4000244,-0.046265125
809.5,-0.042414665
809.6000366,-0.046563148
809.7000122,-0.039076805
809.7999878,-0.041222572
809.9000244,-0.040960312
810,-0.042551756
810.1000366,-0.04427433
810.2000122,-0.043749809
810.2999878,-0.050520897
810.4000244,-0.051283836
810.5,-0.049293041
810.6000366,-0.046515465
810.7000122,-0.048851967
810.7999878,-0.046658516
810.9000244,-0.044608116
811,-0.043654442
811.1000366,-0.044322014
811.2000122,-0.048089027
811.2999878,-0.04298687
811.4000244,-0.044083595
811.5,-0.041127205
811.6000366,-0.044131279
811.7000122,-0.041174889
811.7999878,-0.054764748
811.9000244,-0.03592968
812,-0.045084953
812.1000366,-0.04427433
812.2000122,-0.039839745
812.2999878,-0.048041344
812.4000244,-0.029540062
812.5,-0.039124489
812.6000366,-0.045466423
812.7000122,-0.049519539
812.7999878,-0.037646294
812.9000244,-0.045180321
813,-0.042796135
813.1000366,-0.055003166
813.2000122,-0.051093102
813.2999878,-0.047373772
813.4000244,-0.042843819
813.5,-0.049614906
813.6000366,-0.041937828
813.7000122,-0.045657158
813.7999878,-0.045704842
813.9000244,-0.039601326
814,-0.050663948
814.1000366,-0.041365623
814.2000122,-0.053668022
814.2999878,-0.061821938
814.4000244,-0.059533119
814.5,-0.049757957
814.6000366,-0.045371056
814.7000122,-0.047278404
814.7999878,-0.04556179
814.9000244,-0.056910515
815,-0.041937828
815.1000366,-0.059199333
815.2000122,-0.047802925
815.2999878,-0.037312508
815.4000244,-0.046849251
815.5,-0.050520897
815.6000366,-0.04336834
815.7000122,-0.046181679
815.7999878,-0.041604042
815.9000244,-0.046992302
816,-0.050997734
816.1000366,-0.043082237
816.2000122,-0.046181679
816.2999878,-0.043511391
816.4000244,-0.047230721
816.5,-0.051093102
816.6000366,-0.055718422
816.7000122,-0.053322315
816.7999878,-0.052428246
816.9000244,-0.054049492
817,-0.052475929
817.1000366,-0.054860115
817.2000122,-0.048565865
817.2999878,-0.044465065
817.4000244,-0.044703484
817.5,-0.046563148
817.6000366,-0.04837513
817.7000122,-0.048708916
817.7999878,-0.047183037
817.9000244,-0.042271614
818,-0.049376488
818.1000366,-0.044417381
818.2000122,-0.04093647
818.2999878,-0.042653084
818.4000244,-0.042939186
818.5,-0.042319298
818.6000366,-0.045371056
818.7000122,-0.048565865
818.7999878,-0.050616264
818.9000244,-0.034308434
819,-0.058293343
819.1000366,-0.047230721
819.2000122,-0.044322014
819.2999878,-0.04645586
819.4000244,-0.047373772
819.5,-0.046896935
819.6000366,-0.05171299
819.7000122,-0.052809715
819.7999878,-0.041699409
819.9000244,-0.046610832
820,-0.053048134
820.1000366,-0.052821636
820.2000122,-0.056958199
820.2999878,-0.05466938
820.4000244,-0.051558018
820.5,-0.046563148
820.6000366,-0.048041344
820.7000122,-0.045180321
820.7999878,-0.04928112
820.9000244,-0.052237511
821,-0.047230721
821.1000366,-0.042939186
821.2000122,-0.050330162
821.2999878,-0.047230721
821.4000244,-0.0426054
821.5,-0.048327446
821.6000366,-0.059723854
821.7000122,-0.056576729
821.7999878,-0.052046776
821.9000244,-0.043940544
822,-0.047659874
822.1000366,-0.054526329
822.2000122,-0.052714348
822.2999878,-0.045228004
822.4000244,-0.038599968
822.5,-0.052475929
822.6000366,-0.040841103
822.7000122,-0.046086311
822.7999878,-0.043034554
822.9000244,-0.052189827
823,-0.044941902
823.1000366,-0.048518181
823.2000122,-0.048613548
823.2999878,-0.045752525
823.4000244,-0.050425529
823.5,-0.046896935
823.6000366,-0.037503242
823.7000122,-0.041747093
823.7999878,-0.051283836
823.9000244,-0.050854683
824,-0.05376339
824.1000366,-0.053811073
824.2000122,-0.052189827
824.2999878,-0.05004406
824.4000244,-0.051140785
824.5,-0.052809715
824.6000366,-0.049185753
824.7000122,-0.053036213
824.7999878,-0.053954124
824.9000244,-0.056195259
825,-0.034880638
825.1000366,-0.055909157
825.2000122,-0.045275688
825.2999878,-0.054526329
825.4000244,-0.05543232
825.5,-0.054824352
825.6000366,-0.056433678
825.7000122,-0.052905083
825.7999878,-0.046372414
825.9000244,-0.051522255
826,-0.047516823
826.1000366,-0.05338192
826.2000122,-0.053620338
826.2999878,-0.047516823
826.4000244,-0.051379204
826.5,-0.056195259
826.6000366,-0.050282478
826.7000122,-0.056910515
826.7999878,-0.045895576
826.9000244,-0.049424171
827,-0.050473213
827.1000366,-0.054335594
827.2000122,-0.054383278
827.2999878,-0.057148933
827.4000244,-0.052940845
827.5,-0.049376488
827.6000366,-0.050854683
827.7000122,-0.049328804
827.7999878,-0.043559074
827.9000244,-0.038409233
828,-0.046646595
828.1000366,-0.048184395
828.2000122,-0.056433678
828.2999878,-0.056576729
828.4000244,-0.053155422
828.5,-0.051856041
828.6000366,-0.047755241
828.7000122,-0.055384636
828.7999878,-0.050997734
828.9000244,-0.053238869
829,-0.048470497
829.1000366,-0.053858757
829.2000122,-0.04658699
829.2999878,-0.042939186
829.4000244,-0.041079521
829.5,-0.051426888
829.6000366,-0.043416023
829.7000122,-0.048708916
829.7999878,-0.056481361
829.9000244,-0.053620338
830,-0.044608116
830.1000366,-0.055718422
830.2000122,-0.05004406
830.2999878,-0.054526329
830.4000244,-0.048661232
830.5,-0.044989586
830.6000366,-0.052952766
830.7000122,-0.051891804
830.7999878,-0.054478645
830.9000244,-0.055146217
831,-0.051569939
831.1000366,-0.047659874
831.2000122,-0.051808357
831.2999878,-0.049841404
831.4000244,-0.049233437
831.5,-0.050663948
831.6000366,-0.052046776
831.7000122,-0.056052208
831.7999878,-0.052022934
831.9000244,-0.04928112
832,-0.050711632
832.1000366,-0.046753883
832.2000122,-0.052332878
832.2999878,-0.050234795
832.4000244,-0.048613548
832.5,-0.043511391
832.6000366,-0.04131794
832.7000122,-0.047326088
832.7999878,-0.050282478
832.9000244,-0.054192543
833,-0.051140785
833.1000366,-0.047707558
833.2000122,-0.051569939
833.2999878,-0.057530403
833.4000244,-0.060915947
833.5,-0.046992302
833.6000366,-0.051951408
833.7000122,-0.045895576
833.7999878,-0.043463707
833.9000244,-0.047087669
834,-0.059056282
834.1000366,-0.05261898
834.2000122,-0.040650368
834.2999878,-0.058245659
834.4000244,-0.046038628
834.5,-0.053572655
834.6000366,-0.056624413
834.7000122,-0.055289268
834.7999878,-0.056862831
834.9000244,-0.056004524
835,-0.050473213
835.1000366,-0.059771538
835.2000122,-0.042843819
835.2999878,-0.050759315
835.4000244,-0.052952766
835.5,-0.05081892
835.6000366,-0.050330162
835.7000122,-0.049233437
835.7999878,-0.047659874
835.9000244,-0.055289268
836,-0.042366982
836.1000366,-0.050616264
836.2000122,-0.06043911
836.2999878,-0.055241585
836.4000244,-0.0446558
836.5,-0.047326088
836.6000366,-0.051188469
836.7000122,-0.037693977
836.7999878,-0.065446377
836.9000244,-0.04427433
837,-0.047516823
837.1000366,-0.046229362
837.2000122,-0.053906441
837.2999878,-0.053572655
837.4000244,-0.045895576
837.5,-0.0467062
837.6000366,-0.052046776
837.7000122,-0.055146217
837.7999878,-0.051903725
837.9000244,-0.055527687
838,-0.049710274
838.1000366,-0.050139427
838.2000122,-0.052475929
838.2999878,-0.051248074
838.4000244,-0.052237511
838.5,-0.050139427
838.6000366,-0.045466423
838.7000122,-0.047516823
838.7999878,-0.052428246
838.9000244,-0.051999092
839,-0.047469139
839.1000366,-0.0446558
839.2000122,-0.053668022
839.2999878,-0.054907799
839.4000244,-0.061631203
839.5,-0.049805641
839.6000366,-0.040173531
839.7000122,-0.04594326
839.7999878,-0.055718422
839.9000244,-0.043988228
840,-0.052809715
840.1000366,-0.054001808
840.2000122,-0.050759315
840.2999878,-0.050377846
840.4000244,-0.050568581
840.5,-0.049233437
840.6000366,-0.044631958
840.7000122,-0.039696693
840.7999878,-0.039029121
840.9000244,-0.043988228
841,-0.040507317
841.1000366,-0.037455559
841.2000122,-0.042366982
841.2999878,-0.040125847
841.4000244,-0.036358833
841.5,-0.052714348
841.6000366,-0.026917458
841.7000122,-0.041604042
841.7999878,-0.043272972
841.9000244,-0.05376339
842,-0.057387352
842.1000366,-0.043988228
842.2000122,-0.057244301
842.2999878,-0.05261898
842.4000244,-0.058293343
842.5,-0.048518181
842.6000366,-0.054240227
842.7000122,-0.05710125
842.7999878,-0.05440712
842.9000244,-0.052189827
843,-0.054097176
843.1000366,-0.05466938
843.2000122,-0.054728985
843.2999878,-0.056242943
843.4000244,-0.053906441
843.5,-0.05505085
843.6000366,-0.05543232
843.7000122,-0.054621696
843.7999878,-0.048995018
843.9000244,-0.058865547
844,-0.044226646
844.1000366,-0.050282478
844.2000122,-0.055336952
844.2999878,-0.05466938
844.4000244,-0.041508675
844.5,-0.048136711
844.6000366,-0.058102608
844.7000122,-0.045847893
844.7999878,-0.057768822
844.9000244,-0.053906441
845,-0.05428791
845.1000366,-0.055217743
845.2000122,-0.056672096
845.2999878,-0.056004524
845.4000244,-0.05428791
845.5,-0.044178963
845.6000366,-0.051665306
845.7000122,-0.057530403
845.7999878,-0.056862831
845.9000244,-0.052857399
846,-0.052475929
846.1000366,-0.054264069
846.2000122,-0.051760674
846.2999878,-0.059962273
846.4000244,-0.051808357
846.5,-0.043940544
846.6000366,-0.055956841
846.7000122,-0.048995018
846.7999878,-0.063062191
846.9000244,-0.052762032
847,-0.052332878
847.1000366,-0.05428791
847.2000122,-0.055861473
847.2999878,-0.049090385
847.4000244,-0.037932396
847.5,-0.05671978
847.6000366,-0.048947334
847.7000122,-0.062394142
847.7999878,-0.042176247
847.9000244,-0.047421455
848,-0.052142143
848.1000366,-0.05633831
848.2000122,-0.045847893
848.2999878,-0.049757957
848.4000244,-0.051474571
848.5,-0.057387352
848.6000366,-0.056147575
848.7000122,-0.048756599
848.7999878,-0.049710274
848.9000244,-0.046753883
849,-0.04632473
849.1000366,-0.048089027
849.2000122,-0.049471855
849.2999878,-0.051665306
849.4000244,-0.051808357
849.5,-0.062012672
849.6000366,-0.061011314
849.7000122,-0.050234795
849.7999878,-0.04594326
849.9000244,-0.048470497
850,-0.055003166
850.1000366,-0.052285194
850.2000122,-0.053811073
850.2999878,-0.054168701
850.4000244,-0.05466938
850.5,-0.055909157
850.6000366,-0.062633038
850.7000122,-0.059008598
850.7999878,-0.061154366
850.9000244,-0.051379204
851,-0.049996376
851.1000366,-0.060105324
851.2000122,-0.053238869
851.2999878,-0.060629845
851.4000244,-0.054478645
851.5,-0.053238869
851.6000366,-0.057816505
851.7000122,-0.052940845
851.7999878,-0.049710274
851.9000244,-0.050997734
852,-0.047755241
852.1000366,-0.050497055
852.2000122,-0.050473213
852.2999878,-0.052762032
852.4000244,-0.058484077
852.5,-0.059008598
852.6000366,-0.051951408
852.7000122,-0.058960915
852.7999878,-0.054335594
852.9000244,-0.057291985
853,-0.058531761
853.1000366,-0.051856041
853.2000122,-0.049614906
853.2999878,-0.049328804
853.4000244,-0.054931641
853.5,-0.059294701
853.6000366,-0.061488152
853.7000122,-0.058150291
853.7999878,-0.046801567
853.9000244,-0.056767464
854,-0.05004406
854.1000366,-0.052571297
854.2000122,-0.053167343
854.2999878,-0.054717064
854.4000244,-0.055336952
854.5,-0.052428246
854.6000366,-0.049424171
854.7000122,-0.071979046
854.7999878,-0.043940544
854.9000244,-0.059628487
855,-0.063348293
855.1000366,-0.05711329
855.2000122,-0.052905083
855.2999878,-0.052571297
855.4000244,-0.046467781
855.5,-0.047039986
855.6000366,-0.050330162
855.7000122,-0.059342384
855.7999878,-0.057959557
855.9000244,-0.049805641
856,-0.053119659
856.1000366,-0.052285194
856.2000122,-0.052428246
856.2999878,-0.055408478
856.4000244,-0.058484077
856.5,-0.058436394
856.6000366,-0.057578087
856.7000122,-0.051522255
856.7999878,-0.061011314
856.9000244,-0.056624413
857,-0.06043911
857.1000366,-0.051045418
857.2000122,-0.061058998
857.2999878,-0.044369698
857.4000244,-0.055193901
857.5,-0.047707558
857.6000366,-0.048804283
857.7000122,-0.048327446
857.7999878,-0.053191185
857.9000244,-0.055003166
858,-0.050187111
858.1000366,-0.044226646
858.2000122,-0.041222572
858.2999878,-0.04683733
858.4000244,-0.050806999
858.5,-0.051093102
858.6000366,-0.043988228
858.7000122,-0.047183037
858.7999878,-0.052666664
858.9000244,-0.051760674
859,-0.049853325
859.1000366,-0.054574013
859.2000122,-0.046753883
859.2999878,-0.05300045
859.4000244,-0.050139427
859.5,-0.04966259
859.6000366,-0.056290627
859.7000122,-0.065255642
859.7999878,-0.054526329
859.9000244,-0.05004406
860,-0.052714348
860.1000366,-0.050377846
860.2000122,-0.051510334
860.2999878,-0.051951408
860.4000244,-0.050997734
860.5,-0.05671978
860.6000366,-0.052332878
860.7000122,-0.045704842
860.7999878,-0.052285194
860.9000244,-0.048756599
861,-0.054955482
861.1000366,-0.049757957
861.2000122,-0.049948692
861.2999878,-0.053548813
861.4000244,-0.059008598
861.5,-0.055480003
861.6000366,-0.055634975
861.7000122,-0.055769086
861.7999878,-0.055480003
861.9000244,-0.056481361
862,-0.051009655
862.1000366,-0.048327446
862.2000122,-0.043749809
862.2999878,-0.047898293
862.4000244,-0.046992302
862.5,-0.052332878
862.6000366,-0.051236153
862.7000122,-0.049567223
862.7999878,-0.052142143
862.9000244,-0.049614906
863,-0.057911873
863.1000366,-0.054955482
863.2000122,-0.053191185
863.2999878,-0.053048134
863.4000244,-0.050652027
863.5,-0.0467062
863.6000366,-0.04966259
863.7000122,-0.048995018
863.7999878,-0.049948692
863.9000244,-0.050544739
864,-0.052285194
864.1000366,-0.05095005
864.2000122,-0.058531761
864.2999878,-0.05466938
864.4000244,-0.042796135
864.5,-0.049471855
864.6000366,-0.053429604
864.7000122,-0.046229362
864.7999878,-0.052714348
864.9000244,-0.047755241
865,-0.053668022
865.1000366,-0.060105324
865.2000122,-0.059103966
865.2999878,-0.050759315
865.4000244,-0.047945976
865.5,-0.04298687
865.6000366,-0.053668022
865.7000122,-0.041699409
865.7999878,-0.053524971
865.9000244,-0.04632473
866,-0.053477287
866.1000366,-0.05133152
866.2000122,-0.049710274
866.2999878,-0.047183037
866.4000244,-0.051379204
866.5,-0.048899651
866.6000366,-0.053811073
866.7000122,-0.053048134
866.7999878,-0.048947334
866.9000244,-0.048851967
867,-0.053715706
867.1000366,-0.040173531
867.2000122,-0.048279762
867.2999878,-0.046372414
867.4000244,-0.042891502
867.5,-0.044512749
867.6000366,-0.048005581
867.7000122,-0.052189827
867.7999878,-0.052428246
867.9000244,-0.049817562
868,-0.048041344
868.1000366,-0.046610832
868.2000122,-0.046873093
868.2999878,-0.046229362
868.4000244,-0.046610832
868.5,-0.052285194
868.6000366,-0.055527687
868.7000122,-0.053238869
868.7999878,-0.048458576
868.9000244,-0.042843819
869,-0.04222393
869.1000366,-0.049042702
869.2000122,-0.044548512
869.2999878,-0.042033195
869.4000244,-0.044894218
869.5,-0.055146217
869.6000366,-0.052189827
869.7000122,-0.049185753
869.7999878,-0.055670738
869.9000244,-0.048899651
870,-0.045132637
870.1000366,-0.053477287
870.2000122,-0.047421455
870.2999878,-0.056385994
870.4000244,-0.050377846
870.5,-0.05838871
870.6000366,-0.054240227
870.7000122,-0.053286552
870.7999878,-0.05004406
870.9000244,-0.052523613
871,-0.057721138
871.1000366,-0.05261898
871.2000122,-0.05633831
871.2999878,-0.046420097
871.4000244,-0.052809715
871.5,-0.044989586
871.6000366,-0.055623055
871.7000122,-0.056862831
871.7999878,-0.061106682
871.9000244,-0.057339668
872,-0.0467062
872.1000366,-0.059247017
872.2000122,-0.05466938
872.2999878,-0.055289268
872.4000244,-0.053477287
872.5,-0.053095818
872.6000366,-0.050854683
872.7000122,-0.054430962
872.7999878,-0.052762032
872.9000244,-0.05543232
873,-0.059294701
873.1000366,-0.059485435
873.2000122,-0.050473213
873.2999878,-0.045418739
873.4000244,-0.05376339
873.5,-0.056099892
873.6000366,-0.062633038
873.7000122,-0.044512749
873.7999878,-0.060248375
873.9000244,-0.055623055
874,-0.059437752
874.1000366,-0.057482719
874.2000122,-0.052189827
874.2999878,-0.050330162
874.4000244,-0.059103966
874.5,-0.057911873
874.6000366,-0.057566166
874.7000122,-0.055670738
874.7999878,-0.057578087
874.9000244,-0.052475929
875,-0.051236153
875.1000366,-0.04992485
875.2000122,-0.047469139
875.2999878,-0.048518181
875.4000244,-0.051093102
875.5,-0.045418739
875.6000366,-0.051569939
875.7000122,-0.050139427
875.7999878,-0.054097176
875.9000244,-0.052523613
876,-0.058817863
876.1000366,-0.054812431
876.2000122,-0.04761219
876.2999878,-0.051522255
876.4000244,-0.054037571
876.5,-0.05800724
876.6000366,-0.059008598
876.7000122,-0.057375431
876.7999878,-0.058099627
876.9000244,-0.05800724
877,-0.05800724
877.1000366,-0.049471855
877.2000122,-0.063682079
877.2999878,-0.041651726
877.4000244,-0.056242943
877.5,-0.056385994
877.6000366,-0.049042702
877.7000122,-0.048565865
877.7999878,-0.052237511
877.9000244,-0.05466938
878,-0.050473213
878.1000366,-0.05133152
878.2000122,-0.055861473
878.2999878,-0.055575371
878.4000244,-0.054430962
878.5,-0.049805641
878.6000366,-0.050902367
878.7000122,-0.05248785
878.7999878,-0.055861473
878.9000244,-0.05338192
879,-0.056564808
879.1000366,-0.058531761
879.2000122,-0.058484077
879.2999878,-0.05171299
879.4000244,-0.055480003
879.5,-0.04966259
879.6000366,-0.062012672
879.7000122,-0.047421455
879.7999878,-0.056195259
879.9000244,-0.054001808
880,-0.048851967
880.1000366,-0.052523613
880.2000122,-0.059008598
880.2999878,-0.052428246
880.4000244,-0.056004524
880.5,-0.05171299
880.6000366,-0.05466938
880.7000122,-0.04799366
880.7999878,-0.055193901
880.9000244,-0.057435036
881,-0.055909157
881.1000366,-0.056028366
881.2000122,-0.054717064
881.2999878,-0.056052208
881.4000244,-0.057148933
881.5,-0.053238869
881.6000366,-0.054085255
881.7000122,-0.053620338
881.7999878,-0.052332878
881.9000244,-0.05671978
882,-0.055193901
882.1000366,-0.055718422
882.2000122,-0.048041344
882.2999878,-0.062155724
882.4000244,-0.056195259
882.5,-0.057673454
882.6000366,-0.055909157
882.7000122,-0.048041344
882.7999878,-0.051665306
882.9000244,-0.057244301
883,-0.052857399
883.1000366,-0.050234795
883.2000122,-0.055372715
883.2999878,-0.06005764
883.4000244,-0.058341026
883.5,-0.054955482
883.6000366,-0.051951408
883.7000122,-0.052857399
883.7999878,-0.057387352
883.9000244,-0.051379204
884,-0.055146217
884.1000366,-0.045609474
884.2000122,-0.051188469
884.2999878,-0.045847893
884.4000244,-0.055289268
884.5,-0.041794777
884.6000366,-0.057053566
884.7000122,-0.052523613
884.7999878,-0.050187111
884.9000244,-0.045084953
885,-0.053811073
885.1000366,-0.047898293
885.2000122,-0.052666664
885.2999878,-0.050091743
885.4000244,-0.05004406
885.5,-0.052714348
885.6000366,-0.047183037
885.7000122,-0.055098534
885.7999878,-0.046992302
885.9000244,-0.049805641
886,-0.052404404
886.1000366,-0.056529045
886.2000122,-0.056290627
886.2999878,-0.049376488
886.4000244,-0.058197975
886.5,-0.051665306
886.6000366,-0.049519539
886.7000122,-0.050282478
886.7999878,-0.051617622
886.9000244,-0.049614906
887,-0.055909157
887.1000366,-0.052046776
887.2000122,-0.042843819
887.2999878,-0.057530403
887.4000244,-0.044894218
887.5,-0.054240227
887.6000366,-0.049567223
887.7000122,-0.045990944
887.7999878,-0.04632473
887.9000244,-0.048184395
888,-0.052666664
888.1000366,-0.050377846
888.2000122,-0.059533119
888.2999878,-0.040555
888.4000244,-0.057530403
888.5,-0.04556179
888.6000366,-0.055003166
888.7000122,-0.052857399
888.7999878,-0.055623055
888.9000244,-0.043749809
889,-0.055766106
889.1000366,-0.050187111
889.2000122,-0.050902367
889.2999878,-0.052523613
889.4000244,-0.05505085
889.5,-0.057530403
889.6000366,-0.049567223
889.7000122,-0.044226646
889.7999878,-0.059580803
889.9000244,-0.042557716
890,-0.05710125
890.1000366,-0.061011314
890.2000122,-0.053191185
890.2999878,-0.05428791
890.4000244,-0.058817863
890.5,-0.056195259
890.6000366,-0.049424171
890.7000122,-0.046801567
890.7999878,-0.049173832
890.9000244,-0.049328804
891,-0.051140785
891.1000366,-0.054335594
891.2000122,-0.056958199
891.2999878,-0.056052208
891.4000244,-0.053715706
891.5,-0.053286552
891.6000366,-0.051116943
891.7000122,-0.047898293
891.7999878,-0.049567223
891.9000244,-0.057005882
892,-0.056242943
892.1000366,-0.055921078
892.2000122,-0.053668022
892.2999878,-0.056767464
892.4000244,-0.05209446
892.5,-0.048804283
892.6000366,-0.049138069
892.7000122,-0.054383278
892.7999878,-0.05466938
892.9000244,-0.050282478
893,-0.067210674
893.1000366,-0.05171299
893.2000122,-0.058722496
893.2999878,-0.050663948
893.4000244,-0.055384636
893.5,-0.054240227
893.6000366,-0.055956841
893.7000122,-0.067592144
893.7999878,-0.052857399
893.9000244,-0.059962273
894,-0.050902367
894.1000366,-0.055384636
894.2000122,-0.051522255
894.2999878,-0.050854683
894.4000244,-0.054216385
894.5,-0.058531761
894.6000366,-0.055956841
894.7000122,-0.056767464
894.7999878,-0.054860115
894.9000244,-0.052142143
895,-0.058627129
895.1000366,-0.062728405
895.2000122,-0.055670738
895.2999878,-0.06043911
895.4000244,-0.053477287
895.5,-0.051903725
895.6000366,-0.051963329
895.7000122,-0.052383542
895.7999878,-0.052523613
895.9000244,-0.053143501
896,-0.059819221
896.1000366,-0.055289268
896.2000122,-0.060009956
896.2999878,-0.052714348
896.4000244,-0.055575371
896.5,-0.051093102
896.6000366,-0.061154366
896.7000122,-0.065637112
896.7999878,-0.062728405
896.9000244,-0.06382513
897,-0.059056282
897.1000366,-0.05300045
897.2000122,-0.050091743
897.2999878,-0.05967617
897.4000244,-0.058054924
897.5,-0.050663948
897.6000366,-0.04966259
897.7000122,-0.055253506
897.7999878,-0.058865547
897.9000244,-0.061821938
898,-0.056564808
898.1000366,-0.05376339
898.2000122,-0.051808357
898.2999878,-0.053882599
898.4000244,-0.056147575
898.5,-0.053811073
898.6000366,-0.05543232
898.7000122,-0.053954124
898.7999878,-0.050854683
898.9000244,-0.055718422
899,-0.053191185
899.1000366,-0.056290627
899.2000122,-0.056529045
899.2999878,-0.053179264
899.4000244,-0.050616264
899.5,-0.04928112
899.6000366,-0.05428791
899.7000122,-0.048756599
899.7999878,-0.053572655
899.9000244,-0.04761219
900,-0.051474571
900.1000366,-0.056242943
900.2000122,-0.054907799
900.2999878,-0.056791306
900.4000244,-0.057768822
900.5,-0.058245659
900.6000366,-0.057768822
900.7000122,-0.055861473
900.7999878,-0.051426888
900.9000244,-0.056433678
901,-0.046086311
901.1000366,-0.055766106
901.2000122,-0.051617622
901.2999878,-0.059914589
901.4000244,-0.052523613
901.5,-0.05505085
901.6000366,-0.055527687
901.7000122,-0.053334236
901.7999878,-0.054693222
901.9000244,-0.054049492
902,-0.055861473
902.1000366,-0.047945976
902.2000122,-0.053715706
902.2999878,-0.0446558
902.4000244,-0.046944618
902.5,-0.044846535
902.6000366,-0.048756599
902.7000122,-0.047659874
902.7999878,-0.049138069
902.9000244,-0.048708916
903,-0.051426888
903.1000366,-0.047278404
903.2000122,-0.059580803
903.2999878,-0.047755241
903.4000244,-0.056576729
903.5,-0.049901009
903.6000366,-0.04799366
903.7000122,-0.046849251
903.7999878,-0.047576427
903.9000244,-0.046372414
904,-0.049090385
904.1000366,-0.053572655
904.2000122,-0.057959557
904.2999878,-0.047326088
904.4000244,-0.05261898
904.5,-0.05505085
904.6000366,-0.046420097
904.7000122,-0.049757957
904.7999878,-0.043606758
904.9000244,-0.042653084
905,-0.050711632
905.1000366,-0.048184395
905.2000122,-0.050663948
905.2999878,-0.050830841
905.4000244,-0.050520897
905.5,-0.053954124
905.6000366,-0.059437752
905.7000122,-0.046467781
905.7999878,-0.040602684
905.9000244,-0.05209446
906,-0.052714348
906.1000366,-0.052809715
906.2000122,-0.053656101
906.2999878,-0.054526329
906.4000244,-0.054574013
906.5,-0.046896935
906.6000366,-0.050473213
906.7000122,-0.055909157
906.7999878,-0.060105324
906.9000244,-0.059247017
907,-0.058197975
907.1000366,-0.055909157
907.2000122,-0.057530403
907.2999878,-0.048756599
907.4000244,-0.046229362
907.5,-0.050318241
907.6000366,-0.054955482
907.7000122,-0.05133152
907.7999878,-0.060772896
907.9000244,-0.043511391
908,-0.037789345
908.1000366,-0.057721138
908.2000122,-0.057005882
908.2999878,-0.057840347
908.4000244,-0.059914589
908.5,-0.05671978
908.6000366,-0.050520897
908.7000122,-0.040650368
908.7999878,-0.052237511
908.9000244,-0.061154366
909,-0.048470497
909.1000366,-0.057864189
909.2000122,-0.050759315
909.2999878,-0.050282478
909.4000244,-0.057768822
909.5,-0.054717064
909.6000366,-0.048708916
909.7000122,-0.053811073
909.7999878,-0.056052208
909.9000244,-0.053143501
910,-0.055742264
910.1000366,-0.053572655
910.2000122,-0.060200691
910.2999878,-0.050759315
910.4000244,-0.056385994
910.5,-0.048756599
910.6000366,-0.04966259
910.7000122,-0.048053265
910.7999878,-0.044608116
910.9000244,-0.049185753
911,-0.050997734
911.1000366,-0.046038628
911.2000122,-0.05466938
911.2999878,-0.051140785
911.4000244,-0.053334236
911.5,-0.053238869
911.6000366,-0.05209446
911.7000122,-0.053405762
911.7999878,-0.054383278
911.9000244,-0.053906441
912,-0.053191185
912.1000366,-0.05338192
912.2000122,-0.046563148
912.2999878,-0.059819221
912.4000244,-0.052952766
912.5,-0.062203407
912.6000366,-0.05004406
912.7000122,-0.044751167
912.7999878,-0.052666664
912.9000244,-0.053572655
913,-0.056505203
913.1000366,-0.059771538
913.2000122,-0.060009956
913.2999878,-0.057578087
913.4000244,-0.05376339
913.5,-0.056767464
913.6000366,-0.050330162
913.7000122,-0.057339668
913.7999878,-0.056052208
913.9000244,-0.051426888
914,-0.050091743
914.1000366,-0.043702126
914.2000122,-0.054717064
914.2999878,-0.062251091
914.4000244,-0.056481361
914.5,-0.04632473
914.6000366,-0.053715706
914.7000122,-0.064254284
914.7999878,-0.055956841
914.9000244,-0.059962273
915,-0.054860115
915.1000366,-0.051617622
915.2000122,-0.059342384
915.2999878,-0.056862831
915.4000244,-0.057673454
915.5,-0.056576729
915.6000366,-0.052189827
915.7000122,-0.053524971
915.7999878,-0.052523613
915.9000244,-0.051474571
916,-0.052905083
916.1000366,-0.052571297
916.2000122,-0.063634396
916.2999878,-0.048995018
916.4000244,-0.064492702
916.5,-0.048232079
916.6000366,-0.049090385
916.7000122,-0.05428791
916.7999878,-0.05505085
916.9000244,-0.054955482
917,-0.052857399
917.1000366,-0.057625771
917.2000122,-0.055193901
917.2999878,-0.060045838
917.4000244,-0.066257
917.5,-0.061106682
917.6000366,-0.052762032
917.7000122,-0.055193901
917.7999878,-0.055098534
917.9000244,-0.045895576
918,-0.055098534
918.1000366,-0.042653084
918.2000122,-0.061821938
918.2999878,-0.059580803
918.4000244,-0.05300045
918.5,-0.043320656
918.6000366,-0.047278404
918.7000122,-0.059247017
918.7999878,-0.063205242
918.9000244,-0.052571297
919,-0.047802925
919.1000366,-0.052475929
919.2000122,-0.060153008
919.2999878,-0.058245659
919.4000244,-0.051665306
919.5,-0.049948692
919.6000366,-0.048470497
919.7000122,-0.046443939
919.7999878,-0.043702126
919.9000244,-0.043654442
920,-0.057291985
920.1000366,-0.052475929
920.2000122,-0.043272972
920.2999878,-0.057196617
920.4000244,-0.061869621
920.5,-0.053143501
920.6000366,-0.055623055
920.7000122,-0.049757957
920.7999878,-0.05543232
920.9000244,-0.048184395
921,-0.050568581
921.1000366,-0.055956841
921.2000122,-0.05800724
921.2999878,-0.058627129
921.4000244,-0.052380562
921.5,-0.042653084
921.6000366,-0.050234795
921.7000122,-0.05877018
921.7999878,-0.053906441
921.9000244,-0.056672096
922,-0.052237511
922.1000366,-0.051760674
922.2000122,-0.053560734
922.2999878,-0.054574013
922.4000244,-0.055670738
922.5,-0.051188469
922.6000366,-0.05184412
922.7000122,-0.050234795
922.7999878,-0.050282478
922.9000244,-0.043416023
923,-0.062776089
923.1000366,-0.053524971
923.2000122,-0.057482719
923.2999878,-0.047230721
923.4000244,-0.059914589
923.5,-0.066495419
923.6000366,-0.051283836
923.7000122,-0.058674812
923.7999878,-0.044703484
923.9000244,-0.043797493
924,-0.053095818
924.1000366,-0.044846535
924.2000122,-0.050806999
924.2999878,-0.051093102
924.4000244,-0.054717064
924.5,-0.055956841
924.6000366,-0.055503845
924.7000122,-0.054317713
924.7999878,-0.052285194
924.9000244,-0.053524971
925,-0.054240227
925.1000366,-0.058865547
925.2000122,-0.05633831
925.2999878,-0.05376339
925.4000244,-0.057268143
925.5,-0.059151649
925.6000366,-0.059819221
925.7000122,-0.055909157
925.7999878,-0.047707558
925.9000244,-0.052237511
926,-0.057196617
926.1000366,-0.047564507
926.2000122,-0.061583519
926.2999878,-0.051903725
926.4000244,-0.063348293
926.5,-0.062155724
926.6000366,-0.060534596
926.7000122,-0.057768822
926.7999878,-0.058865547
926.9000244,-0.058102608
927,-0.05440712
927.1000366,-0.050854683
927.2000122,-0.049805641
927.2999878,-0.04503727
927.4000244,-0.042366982
927.5,-0.047230721
927.6000366,-0.058722496
927.7000122,-0.06382513
927.7999878,-0.049471855
927.9000244,-0.047421455
928,-0.056576729
928.1000366,-0.055003166
928.2000122,-0.050568581
928.2999878,-0.065780163
928.4000244,-0.058484077
928.5,-0.062728405
928.6000366,-0.063062191
928.7000122,-0.061381221
928.7999878,-0.05710125
928.9000244,-0.062633038
929,-0.058913231
929.1000366,-0.053334236
929.2000122,-0.054240227
929.2999878,-0.057625771
929.4000244,-0.06043911
929.5,-0.057578087
929.6000366,-0.06172657
929.7000122,-0.052857399
929.7999878,-0.051093102
929.9000244,-0.049424171
930,-0.058913231
930.1000366,-0.045275688
930.2000122,-0.067258358
930.2999878,-0.060200691
930.4000244,-0.061011314
930.5,-0.057125092
930.6000366,-0.053715706
930.7000122,-0.053572655
930.7999878,-0.057625771
930.9000244,-0.059056282
931,-0.05877018
931.1000366,-0.059425831
931.2000122,-0.058579445
931.2999878,-0.061297417
931.4000244,-0.051522255
931.5,-0.065541744
931.6000366,-0.049471855
931.7000122,-0.061869621
931.7999878,-0.060677528
931.9000244,-0.063014507
932,-0.065064907
932.1000366,-0.057911873
932.2000122,-0.067449093
932.2999878,-0.060343742
932.4000244,-0.053477287
932.5,-0.060105324
932.6000366,-0.06210804
932.7000122,-0.057959557
932.7999878,-0.045466423
932.9000244,-0.050902367
933,-0.059151649
933.1000366,-0.056052208
933.2000122,-0.058054924
933.2999878,-0.059437752
933.4000244,-0.058627129
933.5,-0.059759617
933.6000366,-0.059247017
933.7000122,-0.056180358
933.7999878,-0.052237511
933.9000244,-0.053477287
934,-0.062585354
934.1000366,-0.066113949
934.2000122,-0.058913231
934.2999878,-0.043797493
934.4000244,-0.066543102
934.5,-0.056624413
934.6000366,-0.048232079
934.7000122,-0.05633831
934.7999878,-0.056290627
934.9000244,-0.056803226
935,-0.056561828
935.1000366,-0.056672096
935.2000122,-0.056481361
935.2999878,-0.054955482
935.4000244,-0.052428246
935.5,-0.054240227
935.6000366,-0.055217743
935.7000122,-0.058054924
935.7999878,-0.056147575
935.9000244,-0.061154366
936,-0.048327446
936.1000366,-0.05543232
936.2000122,-0.049090385
936.2999878,-0.054907799
936.4000244,-0.055527687
936.5,-0.053358078
936.6000366,-0.049901009
936.7000122,-0.053095818
936.7999878,-0.050806999
936.9000244,-0.052797794
937,-0.054097176
937.1000366,-0.053191185
937.2000122,-0.055623055
937.2999878,-0.057721138
937.4000244,-0.059390068
937.5,-0.057053566
937.6000366,-0.047707558
937.7000122,-0.055623055
937.7999878,-0.064254284
937.9000244,-0.064158916
938,-0.051283836
938.1000366,-0.051426888
938.2000122,-0.051856041
938.2999878,-0.053524971
938.4000244,-0.051188469
938.5,-0.054764748
938.6000366,-0.053668022
938.7000122,-0.055503845
938.7999878,-0.056290627
938.9000244,-0.057291985
939,-0.058531761
939.1000366,-0.06210804
939.2000122,-0.051665306
939.2999878,-0.040888786
939.4000244,-0.057721138
939.5,-0.05466938
939.6000366,-0.05261898
939.7000122,-0.052142143
939.7999878,-0.05261898
939.9000244,-0.054013729
940,-0.054144859
940.1000366,-0.050881505
940.2000122,-0.048661232
940.2999878,-0.0467062
940.4000244,-0.055527687
940.5,-0.048232079
940.6000366,-0.062776089
940.7000122,-0.044798851
940.7999878,-0.049424171
940.9000244,-0.061106682
941,-0.047039986
941.1000366,-0.05171299
941.2000122,-0.054049492
941.2999878,-0.054144859
941.4000244,-0.055384636
941.5,-0.05543232
941.6000366,-0.046515465
941.7000122,-0.043654442
941.7999878,-0.046372414
941.9000244,-0.054192543
942,-0.062155724
942.1000366,-0.056004524
942.2000122,-0.054478645
942.2999878,-0.052237511
942.4000244,-0.054430962
942.5,-0.053048134
942.6000366,-0.057959557
942.7000122,-0.05967617
942.7999878,-0.056815147
942.9000244,-0.057816505
943,-0.055861473
943.1000366,-0.060534477
943.2000122,-0.058484077
943.2999878,-0.068688869
943.4000244,-0.052142143
943.5,-0.059771538
943.6000366,-0.050616264
943.7000122,-0.064778805
943.7999878,-0.051999092
943.9000244,-0.056672096
944,-0.049328804
944.1000366,-0.055480003
944.2000122,-0.050854683
944.2999878,-0.05428791
944.4000244,-0.049901009
944.5,-0.05261898
944.6000366,-0.041651726
944.7000122,-0.043702126
944.7999878,-0.050568581
944.9000244,-0.051569939
945,-0.056958199
945.1000366,-0.053048134
945.2000122,-0.05671978
945.2999878,-0.054621696
945.4000244,-0.048756599
945.5,-0.054955482
945.6000366,-0.058722496
945.7000122,-0.067306042
945.7999878,-0.048899651
945.9000244,-0.055146217
946,-0.05209446
946.1000366,-0.051617622
946.2000122,-0.058150291
946.2999878,-0.054097176
946.4000244,-0.061774254
946.5,-0.060153008
946.6000366,-0.064158916
946.7000122,-0.051760674
946.7999878,-0.060248375
946.9000244,-0.050330162
947,-0.051760674
947.1000366,-0.053524971
947.2000122,-0.054514408
947.2999878,-0.053688884
947.4000244,-0.054049492
947.5,-0.052666664
947.6000366,-0.05505085
947.7000122,-0.054049492
947.7999878,-0.056731701
947.9000244,-0.059485435
948,-0.058341026
948.1000366,-0.057864189
948.2000122,-0.059390068
948.2999878,-0.05171299
948.4000244,-0.048279762
948.5,-0.057196617
948.6000366,-0.06005764
948.7000122,-0.059199333
948.7999878,-0.053429604
948.9000244,-0.056004524
949,-0.056111813
949.1000366,-0.053906441
949.2000122,-0.061106682
949.2999878,-0.053620338
949.4000244,-0.066924572
949.5,-0.060963631
949.6000366,-0.059294701
949.7000122,-0.058102608
949.7999878,-0.054621696
949.9000244,-0.057530403
950,-0.060629845
950.1000366,-0.055480003
950.2000122,-0.063729763
950.2999878,-0.05633831
950.4000244,-0.057148933
950.5,-0.052189827
950.6000366,-0.057435036
950.7000122,-0.060725212
950.7999878,-0.068164349
950.9000244,-0.057005882
951,-0.064921856
951.1000366,-0.057482719
951.2000122,-0.056576729
951.2999878,-0.056385994
951.4000244,-0.054478645
951.5,-0.055718422
951.6000366,-0.060343742
951.7000122,-0.065446377
951.7999878,-0.061869621
951.9000244,-0.055527687
952,-0.054192543
952.1000366,-0.047135353
952.2000122,-0.061678886
952.2999878,-0.055909157
952.4000244,-0.051045418
952.5,-0.061678886
952.6000366,-0.057435036
952.7000122,-0.062298775
952.7999878,-0.053048134
952.9000244,-0.052905083
953,-0.05543232
953.1000366,-0.05877018
953.2000122,-0.065351009
953.2999878,-0.063109875
953.4000244,-0.062406301
953.5,-0.058865547
953.6000366,-0.062298775
953.7000122,-0.060582161
953.7999878,-0.05491972
953.9000244,-0.048565865
954,-0.048232079
954.1000366,-0.058531761
954.2000122,-0.057768822
954.2999878,-0.051665306
954.4000244,-0.049233437
954.5,-0.060772896
954.6000366,-0.05261898
954.7000122,-0.062585354
954.7999878,-0.050234795
954.9000244,-0.052475929
955,-0.059628487
955.1000366,-0.052428246
955.2000122,-0.054955482
955.2999878,-0.049948692
955.4000244,-0.053572655
955.5,-0.053143501
955.6000366,-0.056385994
955.7000122,-0.052666664
955.7999878,-0.058531761
955.9000244,-0.04837513
956,-0.061154366
956.1000366,-0.056290627
956.2000122,-0.049853325
956.2999878,-0.052523613
956.4000244,-0.062394142
956.5,-0.060105324
956.6000366,-0.056314468
956.7000122,-0.052428246
956.7999878,-0.050330162
956.9000244,-0.052475929
957,-0.058722496
957.1000366,-0.052666664
957.2000122,-0.055909157
957.2999878,-0.045418739
957.4000244,-0.051999092
957.5,-0.048279762
957.6000366,-0.049710274
957.7000122,-0.048518181
957.7999878,-0.05300045
957.9000244,-0.050330162
958,-0.051951408
958.1000366,-0.053334236
958.2000122,-0.04336834
958.2999878,-0.049424171
958.4000244,-0.057482719
958.5,-0.055193901
958.6000366,-0.055861473
958.7000122,-0.050806999
958.7999878,-0.050616264
958.9000244,-0.05518198
959,-0.059914589
959.1000366,-0.059390068
959.2000122,-0.058150291
959.2999878,-0.055956841
959.4000244,-0.057339668
959.5,-0.051426888
959.6000366,-0.058054924
959.7000122,-0.062776089
959.7999878,-0.049901009
959.9000244,-0.051045418
960,-0.05133152
960.1000366,-0.047183037
960.2000122,-0.056862831
960.2999878,-0.049567223
960.4000244,-0.056385994
960.5,-0.049853325
960.6000366,-0.05095005
960.7000122,-0.049042702
960.7999878,-0.052702427
960.9000244,-0.052475929
961,-0.052055717
961.1000366,-0.050997734
961.2000122,-0.052046776
961.2999878,-0.049138069
961.4000244,-0.050187111
961.5,-0.053524971
961.6000366,-0.053954124
961.7000122,-0.055241585
961.7999878,-0.056695938
961.9000244,-0.056958199
962,-0.060629845
962.1000366,-0.049376488
962.2000122,-0.054049492
962.2999878,-0.051569939
962.4000244,-0.058627129
962.5,-0.062346458
962.6000366,-0.06210804
962.7000122,-0.054049492
962.7999878,-0.05671978
962.9000244,-0.050425529
963,-0.055718422
963.1000366,-0.062633038
963.2000122,-0.056433678
963.2999878,-0.059771538
963.4000244,-0.057792664
963.5,-0.058245659
963.6000366,-0.05671978
963.7000122,-0.063491344
963.7999878,-0.05428791
963.9000244,-0.04966259
964,-0.047707558
964.1000366,-0.057435036
964.2000122,-0.056052208
964.2999878,-0.061535835
964.4000244,-0.055527687
964.5,-0.066876888
964.6000366,-0.054049492
964.7000122,-0.058197975
964.7999878,-0.051760674
964.9000244,-0.050282478
965,-0.054430962
965.1000366,-0.053286552
965.2000122,-0.053191185
965.2999878,-0.05800724
965.4000244,-0.055861473
965.5,-0.063395977
965.6000366,-0.057482719
965.7000122,-0.062298775
965.7999878,-0.051665306
965.9000244,-0.061297417
966,-0.057864189
966.1000366,-0.052475929
966.2000122,-0.060153008
966.2999878,-0.057864189
966.4000244,-0.062155724
966.5,-0.062633038
966.6000366,-0.061392903
966.7000122,-0.059771538
966.7999878,-0.061011314
966.9000244,-0.058197975
967,-0.057053566
967.1000366,-0.05877018
967.2000122,-0.057160854
967.2999878,-0.056815147
967.4000244,-0.056004524
967.5,-0.064683437
967.6000366,-0.052666664
967.7000122,-0.060677528
967.7999878,-0.056529045
967.9000244,-0.05428791
968,-0.057816505
968.1000366,-0.058102608
968.2000122,-0.05967617
968.2999878,-0.060629845
968.4000244,-0.056600571
968.5,-0.053858757
968.6000366,-0.052237511
968.7000122,-0.053715706
968.7999878,-0.054907799
968.9000244,-0.053858757
969,-0.052046776
969.1000366,-0.052130222
969.2000122,-0.05133152
969.2999878,-0.051283836
969.4000244,-0.062871456
969.5,-0.056147575
969.6000366,-0.046372414
969.7000122,-0.050759315
969.7999878,-0.048518181
969.9000244,-0.054001808
970,-0.058579445
970.1000366,-0.058150291
970.2000122,-0.058209896
970.2999878,-0.059914589
970.4000244,-0.056195259
970.5,-0.04594326
970.6000366,-0.064778805
970.7000122,-0.049376488
970.7999878,-0.058531761
970.9000244,-0.060391426
971,-0.056934357
971.1000366,-0.052428246
971.2000122,-0.056385994
971.2999878,-0.055623055
971.4000244,-0.056147575
971.5,-0.05286932
971.6000366,-0.049471855
971.7000122,-0.050234795
971.7999878,-0.053942204
971.9000244,-0.056767464
972,-0.059294701
972.1000366,-0.055527687
972.2000122,-0.056767464
972.2999878,-0.047564507
972.4000244,-0.043559074
972.5,-0.052523613
972.6000366,-0.062489986
972.7000122,-0.051140785
972.7999878,-0.048518181
972.9000244,-0.051665306
973,-0.048327446
973.1000366,-0.053095818
973.2000122,-0.045990944
973.2999878,-0.049138069
973.4000244,-0.059294701
973.5,-0.050425529
973.6000366,-0.067210674
973.7000122,-0.058102608
973.7999878,-0.053906441
973.9000244,-0.058817863
974,-0.051140785
974.1000366,-0.049138069
974.2000122,-0.051045418
974.2999878,-0.059294701
974.4000244,-0.061202049
974.5,-0.050377846
974.6000366,-0.064445019
974.7000122,-0.052428246
974.7999878,-0.051093102
974.9000244,-0.052607059
975,-0.053620338
975.1000366,-0.053286552
975.2000122,-0.056862831
975.2999878,-0.051426888
975.4000244,-0.041651726
975.5,-0.052189827
975.6000366,-0.058436394
975.7000122,-0.049233437
975.7999878,-0.043654442
975.9000244,-0.058197975
976,-0.048899651
976.1000366,-0.051999092
976.2000122,-0.051903725
976.2999878,-0.049710274
976.4000244,-0.05171299
976.5,-0.054955482
976.6000366,-0.064492702
976.7000122,-0.061249733
976.7999878,-0.053811073
976.9000244,-0.059866905
977,-0.052762032
977.1000366,-0.052142143
977.2000122,-0.052762032
977.2999878,-0.050377846
977.4000244,-0.055670738
977.5,-0.048422813
977.6000366,-0.055336952
977.7000122,-0.048232079
977.7999878,-0.065970898
977.9000244,-0.055336952
978,-0.051951408
978.1000366,-0.059771538
978.2000122,-0.056242943
978.2999878,-0.056767464
978.4000244,-0.056481361
978.5,-0.056135654
978.6000366,-0.054097176
978.7000122,-0.057196617
978.7999878,-0.053095818
978.9000244,-0.061917305
979,-0.053858757
979.1000366,-0.062251091
979.2000122,-0.055956841
979.2999878,-0.055193901
979.4000244,-0.052762032
979.5,-0.059247017
979.6000366,-0.065541744
979.7000122,-0.05671978
979.7999878,-0.060105324
979.9000244,-0.059628487
980,-0.056755543
980.1000366,-0.055623055
980.2000122,-0.051665306
980.2999878,-0.054907799
980.4000244,-0.055861473
980.5,-0.056481361
980.6000366,-0.054430962
980.7000122,-0.055956841
980.7999878,-0.056433678
980.9000244,-0.056481361
981,-0.055813789
981.1000366,-0.057911873
981.2000122,-0.052428246
981.2999878,-0.060343742
981.4000244,-0.054383278
981.5,-0.06172657
981.6000366,-0.062776089
981.7000122,-0.062728405
981.7999878,-0.057959557
981.9000244,-0.056815147
982,-0.056195259
982.1000366,-0.058960915
982.2000122,-0.062394142
982.2999878,-0.062966824
982.4000244,-0.056004524
982.5,-0.052285194
982.6000366,-0.056862831
982.7000122,-0.05838871
982.7999878,-0.058460236
982.9000244,-0.059056282
983,-0.059533119
983.1000366,-0.048327446
983.2000122,-0.056052208
983.2999878,-0.064731121
983.4000244,-0.052857399
983.5,-0.057435036
983.6000366,-0.057530403
983.7000122,-0.061392784
983.7999878,-0.073457241
983.9000244,-0.042080879
984,-0.059962273
984.1000366,-0.054955482
984.2000122,-0.057339668
984.2999878,-0.060534477
984.4000244,-0.053715706
984.5,-0.06043911
984.6000366,-0.056052208
984.7000122,-0.052905083
984.7999878,-0.050473213
984.9000244,-0.055670738
985,-0.056529045
985.1000366,-0.055003166
985.2000122,-0.048422813
985.2999878,-0.063348293
985.4000244,-0.046992302
985.5,-0.057625771
985.6000366,-0.057673454
985.7000122,-0.058293343
985.7999878,-0.050330162
985.9000244,-0.061202049
986,-0.055718422
986.1000366,-0.060105324
986.2000122,-0.050187111
986.2999878,-0.06005764
986.4000244,-0.057578087
986.5,-0.040173531
986.6000366,-0.04761219
986.7000122,-0.056529045
986.7999878,-0.071883678
986.9000244,-0.057196617
987,-0.066400051
987.1000366,-0.054717064
987.2000122,-0.0683074
987.2999878,-0.054621696
987.4000244,-0.06227529
987.5,-0.06330061
987.6000366,-0.062871456
987.7000122,-0.060200691
987.7999878,-0.054097176
987.9000244,-0.065684795
988,-0.056433678
988.1000366,-0.059199333
988.2000122,-0.053191185
988.2999878,-0.056624413
988.4000244,-0.065064907
988.5,-0.063634396
988.6000366,-0.059103966
988.7000122,-0.052952766
988.7999878,-0.050425529
988.9000244,-0.062680721
989,-0.059247017
989.1000366,-0.049805641
989.2000122,-0.051951408
989.2999878,-0.052332878
989.4000244,-0.054955482
989.5,-0.05261898
989.6000366,-0.055003166
989.7000122,-0.060582161
989.7999878,-0.048947334
989.9000244,-0.056004524
990,-0.050425529
990.1000366,-0.054097176
990.2000122,-0.057196617
990.2999878,-0.056052208
990.4000244,-0.054812431
990.5,-0.050139427
990.6000366,-0.054049492
990.7000122,-0.050234795
990.7999878,-0.062585354
990.9000244,-0.050616264
991,-0.056958199
991.1000366,-0.054574013
991.2000122,-0.057959557
991.2999878,-0.05505085
991.4000244,-0.054860115
991.5,-0.050330162
991.6000366,-0.053524971
991.7000122,-0.046658516
991.7999878,-0.04928112
991.9000244,-0.052523613
992,-0.059342384
992.1000366,-0.053286552
992.2000122,-0.048804283
992.2999878,-0.056672096
992.4000244,-0.049471855
992.5,-0.052475929
992.6000366,-0.052332878
992.7000122,-0.052046776
992.7999878,-0.053238869
992.9000244,-0.055146217
993,-0.055325031
993.1000366,-0.056958199
993.2000122,-0.055956841
993.2999878,-0.058245659
993.4000244,-0.062060356
993.5,-0.056958199
993.6000366,-0.059199333
993.7000122,-0.047755241
993.7999878,-0.052380562
993.9000244,-0.060725212
994,-0.056767464
994.1000366,-0.053715706
994.2000122,-0.058817863
994.2999878,-0.067353725
994.4000244,-0.051760674
994.5,-0.066113949
994.6000366,-0.058484077
994.7000122,-0.056004524
994.7999878,-0.058865547
994.9000244,-0.069547176
995,-0.056004524
995.1000366,-0.066495419
995.2000122,-0.057959557
995.2999878,-0.055146217
995.4000244,-0.056099892
995.5,-0.055336952
995.6000366,-0.065112591
995.7000122,-0.053811073
995.7999878,-0.045323372
995.9000244,-0.048327446
996,-0.056958199
996.1000366,-0.056958199
996.2000122,-0.054907799
996.2999878,-0.054574013
996.4000244,-0.051140785
996.5,-0.061774254
996.6000366,-0.056576729
996.7000122,-0.060343742
996.7999878,-0.060296059
996.9000244,-0.060856342
997,-0.062251091
997.1000366,-0.060534477
997.2000122,-0.06330061
997.2999878,-0.063539028
997.4000244,-0.058722496
997.5,-0.056242943
997.6000366,-0.060200691
997.7000122,-0.0642066
997.7999878,-0.058484077
997.9000244,-0.065589428
998,-0.05671978
998.1000366,-0.067258358
998.2000122,-0.065589428
998.2999878,-0.062203407
998.4000244,-0.057864189
998.5,-0.053620338
998.6000366,-0.055611134
998.7000122,-0.05466938
998.7999878,-0.056290627
998.9000244,-0.063920498
999,-0.063014507
999.1000366,-0.058245659
999.2000122,-0.061106682
999.2999878,-0.068402767
999.4000244,-0.068021297
999.5,-0.066042423
999.6000366,-0.06253767
999.7000122,-0.065207958
999.7999878,-0.062620997
999.9000244,-0.059390068
1000,-0.063348293
1000.100037,-0.055861473
1000.200012,-0.06253767
1000.299988,-0.054335594
1000.400024,-0.050711632
1000.5,-0.059723854
1000.600037,-0.057435036
1000.700012,-0.053858757
1000.799988,-0.049519539
1000.900024,-0.048756599
1001,-0.052213669
1001.100037,-0.055480003
1001.200012,-0.055098534
1001.299988,-0.060534477
1001.400024,-0.055718422
1001.5,-0.055634975
1001.600037,-0.052905083
1001.700012,-0.05338192
1001.799988,-0.059437752
1001.900024,-0.062155724
1002,-0.048947334
1002.100037,-0.053095818
1002.200012,-0.053095818
1002.299988,-0.053584576
1002.400024,-0.05300045
1002.5,-0.055146217
1002.600037,-0.052130222
1002.700012,-0.050234795
1002.799988,-0.050139427
1002.900024,-0.052189827
1003,-0.053822994
1003.100037,-0.056624413
1003.200012,-0.05633831
1003.299988,-0.112128496
1003.400024,-0.167870998
1003.5,-0.167680264
1003.600037,-0.16725111
1003.700012,-0.163555622
1003.799988,-0.156522274
1003.900024,-0.162768841
1004,-0.164437771
1004.100037,-0.160003185
1004.200012,-0.157428265
1004.299988,-0.159669399
1004.400024,-0.159717083
1004.5,-0.161529064
1004.600037,-0.16160059
1004.700012,-0.160623074
1004.799988,-0.164533138
1004.900024,-0.153756618
1005,-0.15981245
1005.100037,-0.155520916
1005.200012,-0.161624432
1005.299988,-0.161242962
1005.400024,-0.155854702
1005.5,-0.162339687
1005.600037,-0.168633938
1005.700012,-0.16429472
1005.799988,-0.162101269
1005.900024,-0.157142162
1006,-0.158334255
1006.100037,-0.164103985
1006.200012,-0.166345119
1006.299988,-0.162721157
1006.400024,-0.16353178
1006.5,-0.151134014
1006.600037,-0.153375149
1006.700012,-0.155616283
1006.799988,-0.158429623
1006.900024,-0.159526348
1007,-0.15685606
1007.100037,-0.153756618
1007.200012,-0.164580822
1007.299988,-0.1555686
1007.400024,-0.168729305
1007.5,-0.157189846
1007.600037,-0.164008617
1007.700012,-0.160861492
1007.799988,-0.162339687
1007.900024,-0.164247036
1008,-0.161624432
1008.100037,-0.159478664
1008.200012,-0.160432339
1008.299988,-0.161648273
1008.400024,-0.164103985
1008.5,-0.162578106
1008.600037,-0.162530422
1008.700012,-0.158334255
1008.799988,-0.165105343
1008.900024,-0.159430981
1009,-0.159383297
1009.100037,-0.163817883
1009.200012,-0.165868282
1009.299988,-0.16262579
1009.400024,-0.166297436
1009.5,-0.163865566
1009.600037,-0.161624432
1009.700012,-0.16596365
1009.799988,-0.167775631
1009.900024,-0.159860134
1010,-0.163865566
1010.100037,-0.160909176
1010.200012,-0.163627148
1010.299988,-0.152469158
1010.400024,-0.162578106
1010.5,-0.171876431
1010.600037,-0.158715725
1010.700012,-0.163293362
1010.799988,-0.159204483
1010.900024,-0.15518713
1011,-0.159621716
1011.100037,-0.16853857
1011.200012,-0.167870998
1011.299988,-0.16520071
1011.400024,-0.162148952
1011.5,-0.16224432
1011.600037,-0.168872356
1011.700012,-0.153422832
1011.799988,-0.166774273
1011.900024,-0.164676189
1012,-0.168514729
1012.100037,-0.170875072
1012.200012,-0.171733379
1012.299988,-0.170541286
1012.400024,-0.17559576
1012.5,-0.161433697
1012.600037,-0.16968298
1012.700012,-0.159955502
1012.799988,-0.173211575
1012.900024,-0.162196636
1013,-0.161958218
1013.100037,-0.169635296
1013.200012,-0.168157101
1013.299988,-0.158620358
1013.400024,-0.161958218
1013.5,-0.169063091
1013.600037,-0.171542645
1013.700012,-0.171065807
1013.799988,-0.163865566
1013.900024,-0.165915966
1014,-0.169969082
1014.100037,-0.161290646
1014.200012,-0.15723753
1014.299988,-0.161004543
1014.400024,-0.160670757
1014.5,-0.174785137
1014.600037,-0.17559576
1014.700012,-0.165534496
1014.799988,-0.162482738
1014.900024,-0.163150311
1015,-0.166142464
1015.100037,-0.169730663
1015.200012,-0.169206142
1015.299988,-0.165105343
1015.400024,-0.168443203
1015.5,-0.17135191
1015.600037,-0.167823315
1015.700012,-0.165391445
1015.799988,-0.166106701
1015.900024,-0.164247036
1016,-0.161958218
1016.100037,-0.172973156
1016.200012,-0.163627148
1016.299988,-0.171685696
1016.400024,-0.163865566
1016.5,-0.171781063
1016.600037,-0.174832821
1016.700012,-0.173974514
1016.799988,-0.173259258
1016.900024,-0.170243263
1017,-0.166345119
1017.100037,-0.167394161
1017.200012,-0.16520071
1017.299988,-0.17302084
1017.400024,-0.161529064
1017.5,-0.171494961
1017.600037,-0.170684338
1017.700012,-0.171256542
1017.799988,-0.166821957
1017.900024,-0.176024914
1018,-0.168729305
1018.100037,-0.163007259
1018.200012,-0.167489529
1018.299988,-0.168204784
1018.400024,-0.165260315
1018.5,-0.161386013
1018.600037,-0.163960934
1018.700012,-0.174832821
1018.799988,-0.165153027
1018.900024,-0.155425549
1019,-0.169539928
1019.100037,-0.152850628
1019.200012,-0.166965008
1019.299988,-0.168109417
1019.400024,-0.160336971
1019.5,-0.161910534
1019.600037,-0.162411213
1019.700012,-0.165009975
1019.799988,-0.162387371
1019.900024,-0.172353268
1020,-0.173783779
1020.100037,-0.16865778
1020.200012,-0.163484097
1020.299988,-0.165009975
1020.400024,-0.167322636
1020.5,-0.169063091
1020.600037,-0.171733379
1020.700012,-0.173593044
1020.799988,-0.166488171
1020.900024,-0.163770199
1021,-0.170779705
1021.100037,-0.168347836
1021.200012,-0.168347836
1021.299988,-0.166535854
1021.400024,-0.177598476
1021.5,-0.157428265
1021.600037,-0.165439129
1021.700012,-0.160861492
1021.799988,-0.170398235
1021.900024,-0.169396877
1022,-0.172067165
1022.100037,-0.173211575
1022.200012,-0.175261974
1022.299988,-0.175738811
1022.400024,-0.176930904
1022.5,-0.177884579
1022.600037,-0.178838253
1022.700012,-0.17969656
1022.799988,-0.180316448
1022.900024,-0.176501751
1023,-0.176334858
1023.100037,-0.175732851
1023.200012,-0.174975872
1023.299988,-0.175118923
1023.400024,-0.170684338
1023.5,-0.166821957
1023.600037,-0.167775631
1023.700012,-0.173068523
1023.799988,-0.171018124
1023.900024,-0.172925472
1024,-0.173545361
1024.099976,-0.164342403
1024.200073,-0.160146236
1024.300049,-0.170064449
1024.400024,-0.173688412
1024.5,-0.169158459
1024.599976,-0.163245678
1024.700073,-0.173163891
1024.800049,-0.179124355
1024.900024,-0.173259258
1025,-0.177360058
1025.099976,-0.176883221
1025.200073,-0.180602551
1025.300049,-0.176692486
1025.400024,-0.162339687
1025.5,-0.17969656
1025.599976,-0.168443203
1025.700073,-0.168586254
1025.800049,-0.172162533
1025.900024,-0.182271481
1026,-0.175452709
1026.099976,-0.168729305
1026.200073,-0.175786495
1026.300049,-0.167680264
1026.400024,-0.171971798
1026.5,-0.1743083
1026.599976,-0.171638012
1026.700073,-0.181270123
1026.800049,-0.165868282
1026.900024,-0.173831463
1027,-0.169826031
1027.099976,-0.173211575
1027.200073,-0.174260616
1027.300049,-0.173759937
1027.400024,-0.174212933
1027.5,-0.173354626
1027.599976,-0.178742886
1027.700073,-0.169492245
1027.800049,-0.174165249
1027.900024,-0.174928188
1028,-0.175357342
1028.099976,-0.17674017
1028.200073,-0.166726589
1028.300049,-0.183558941
1028.400024,-0.170875072
1028.5,-0.169778347
1028.599976,-0.171542645
1028.700073,-0.177121639
1028.800049,-0.175059319
1028.900024,-0.175309658
1029,-0.176263332
1029.099976,-0.171721458
1029.200073,-0.169444561
1029.300049,-0.165868282
1029.400024,-0.176930904
1029.5,-0.171971798
1029.599976,-0.175023556
1029.700073,-0.169826031
1029.800049,-0.184798717
1029.900024,-0.168681622
1030,-0.176311016
1030.099976,-0.171733379
1030.200073,-0.177312374
1030.300049,-0.17135191
1030.400024,-0.181222439
1030.5,-0.175881863
1030.599976,-0.172400951
1030.700073,-0.173640728
1030.800049,-0.175452709
1030.900024,-0.17880249
1031,-0.182843685
1031.099976,-0.183272839
1031.200073,-0.173163891
1031.300049,-0.186086178
1031.400024,-0.172782421
1031.5,-0.169969082
1031.599976,-0.176549435
1031.700073,-0.176597118
1031.800049,-0.1773839
1031.900024,-0.178456783
1032,-0.177932262
1032.099976,-0.176978588
1032.200073,-0.176692486
1032.300049,-0.174832821
1032.400024,-0.176549435
1032.5,-0.180840969
1032.599976,-0.175023556
1032.700073,-0.177908421
1032.800049,-0.178456783
1032.900024,-0.177312374
1033,-0.169539928
1033.099976,-0.185132504
1033.200073,-0.17726469
1033.300049,-0.177884579
1033.400024,-0.174832821
1033.5,-0.180697918
1033.599976,-0.176167965
1033.700073,-0.179362774
1033.800049,-0.170493603
1033.900024,-0.169969082
1034,-0.171590328
1034.099976,-0.173736095
1034.200073,-0.172162533
1034.300049,-0.1784091
1034.400024,-0.177824974
1034.5,-0.180125713
1034.599976,-0.180602551
1034.700073,-0.183368206
1034.800049,-0.181794643
1034.900024,-0.180745602
1035,-0.178742886
1035.099976,-0.179076672
1035.200073,-0.183511257
1035.300049,-0.185609341
1035.400024,-0.178838253
1035.5,-0.173974514
1035.599976,-0.1722579
1035.700073,-0.171876431
1035.800049,-0.184464931
1035.900024,-0.1784091
1036,-0.188566208
1036.099976,-0.169826031
1036.200073,-0.180125713
1036.300049,-0.18961525
1036.400024,-0.180364132
1036.5,-0.192714691
1036.599976,-0.180459499
1036.700073,-0.176263332
1036.800049,-0.176835537
1036.900024,-0.184035778
1037,-0.174117565
1037.099976,-0.182891369
1037.200073,-0.174928188
1037.300049,-0.182986736
1037.400024,-0.172305584
1037.5,-0.170159817
1037.599976,-0.182700634
1037.700073,-0.18885231
1037.800049,-0.188041687
1037.900024,-0.1861341
1038,-0.182080746
1038.099976,-0.185561657
1038.200073,-0.179601192
1038.300049,-0.17726469
1038.400024,-0.181794643
1038.5,-0.17468977
1038.599976,-0.176644802
1038.700073,-0.181890011
1038.800049,-0.180411816
1038.900024,-0.189424515
1039,-0.188518524
1039.099976,-0.176692486
1039.200073,-0.175118923
1039.300049,-0.184464931
1039.400024,-0.180793285
1039.5,-0.188089371
1039.599976,-0.180840969
1039.700073,-0.178266048
1039.800049,-0.175548077
1039.900024,-0.18599081
1040,-0.171256542
1040.099976,-0.184178829
1040.200073,-0.178266048
1040.300049,-0.188137054
1040.400024,-0.173783779
1040.5,-0.174975872
1040.599976,-0.183749676
1040.700073,-0.181079388
1040.800049,-0.172544003
1040.900024,-0.17058897
1041,-0.175023556
1041.099976,-0.175118923
1041.200073,-0.1768713
1041.300049,-0.178266048
1041.400024,-0.179076672
1041.5,-0.177789211
1041.599976,-0.169873714
1041.700073,-0.187087536
1041.800049,-0.177503109
1041.900024,-0.182843685
1042,-0.174832821
1042.099976,-0.190711975
1042.200073,-0.184035778
1042.300049,-0.185180187
1042.400024,-0.177598476
1042.5,-0.18713522
1042.599976,-0.178552151
1042.700073,-0.179458141
1042.800049,-0.179529667
1042.900024,-0.180227041
1043,-0.181031704
1043.099976,-0.180888653
1043.200073,-0.184464931
1043.300049,-0.186181545
1043.400024,-0.180840969
1043.5,-0.181556225
1043.599976,-0.182986736
1043.700073,-0.173211575
1043.800049,-0.185609341
1043.900024,-0.180602551
1044,-0.179791927
1044.099976,-0.180435658
1044.200073,-0.180554867
1044.300049,-0.180793285
1044.400024,-0.189329147
1044.5,-0.17468977
1044.599976,-0.185800076
1044.700073,-0.175309658
1044.800049,-0.189996719
1044.900024,-0.177741528
1045,-0.192285538
1045.099976,-0.177026272
1045.200073,-0.185895443
1045.300049,-0.188661575
1045.400024,-0.177312374
1045.5,-0.177360058
1045.599976,-0.18470335
1045.700073,-0.179553509
1045.800049,-0.185323238
1045.900024,-0.170732021
1046,-0.177789211
1046.099976,-0.174022198
1046.200073,-0.186801434
1046.300049,-0.186515331
1046.400024,-0.182056904
1046.5,-0.177503109
1046.599976,-0.177407742
1046.700073,-0.180316448
1046.800049,-0.181842327
1046.900024,-0.186038494
1047,-0.180888653
1047.099976,-0.182700634
1047.200073,-0.178456783
1047.300049,-0.181639671
1047.400024,-0.182748318
1047.5,-0.18265295
1047.599976,-0.184894085
1047.700073,-0.187325954
1047.800049,-0.182760239
1047.900024,-0.17969656
1048,-0.179124355
1048.099976,-0.186944485
1048.200073,-0.184846401
1048.300049,-0.182712555
1048.400024,-0.175643444
1048.5,-0.18341589
1048.599976,-0.180459499
1048.700073,-0.178075314
1048.800049,-0.175881863
1048.900024,-0.182223797
1049,-0.177550793
1049.099976,-0.180221081
1049.200073,-0.188899994
1049.300049,-0.186181545
1049.400024,-0.188137054
1049.5,-0.183606625
1049.599976,-0.186610699
1049.700073,-0.181651592
1049.800049,-0.177407742
1049.900024,-0.186086178
1050,-0.182366848
1050.099976,-0.182176113
1050.200073,-0.181842327
1050.300049,-0.182474136
1050.400024,-0.184274197
1050.5,-0.181603909
1050.599976,-0.179887295
1050.700073,-0.176644802
1050.800049,-0.17726469
1050.900024,-0.178003788
1051,-0.176120281
1051.099976,-0.181985378
1051.200073,-0.191379547
1051.300049,-0.195718765
1051.400024,-0.18713522
1051.5,-0.174546719
1051.599976,-0.181603909
1051.700073,-0.182843685
1051.800049,-0.182986736
1051.900024,-0.182557583
1052,-0.184941769
1052.099976,-0.188995361
1052.200073,-0.174546719
1052.300049,-0.186658382
1052.400024,-0.178075314
1052.5,-0.176692486
1052.599976,-0.185847759
1052.700073,-0.188375473
1052.800049,-0.187087774
1052.900024,-0.184083462
1053,-0.190044403
1053.099976,-0.184131145
1053.200073,-0.191808701
1053.300049,-0.185561657
1053.400024,-0.17893362
1053.5,-0.176787853
1053.599976,-0.185847759
1053.700073,-0.191904068
1053.800049,-0.185657024
1053.900024,-0.179839611
1054,-0.191093445
1054.099976,-0.194574356
1054.200073,-0.182319164
1054.300049,-0.193191528
1054.400024,-0.175881863
1054.5,-0.18007803
1054.599976,-0.189853668
1054.700073,-0.181937695
1054.800049,-0.187182903
1054.900024,-0.169492245
1055,-0.176501751
1055.099976,-0.18303442
1055.200073,-0.185323238
1055.300049,-0.18599081
1055.400024,-0.186133862
1055.5,-0.181735039
1055.599976,-0.176930904
1055.700073,-0.177884579
1055.800049,-0.179124355
1055.900024,-0.180364132
1056,-0.19257164
1056.099976,-0.182080746
1056.200073,-0.19257164
1056.300049,-0.185037136
1056.400024,-0.175309658
1056.5,-0.183320522
1056.599976,-0.181890011
1056.700073,-0.186467648
1056.800049,-0.181031704
1056.900024,-0.186980486
1057,-0.187850952
1057.099976,-0.19257164
1057.200073,-0.182891369
1057.300049,-0.187850952
1057.400024,-0.181937695
1057.5,-0.18174696
1057.599976,-0.174451351
1057.700073,-0.193763733
1057.800049,-0.180554867
1057.900024,-0.177741528
1058,-0.18136549
1058.099976,-0.18847084
1058.200073,-0.18713522
1058.300049,-0.17893362
1058.400024,-0.185132504
1058.5,-0.190998077
1058.599976,-0.184846401
1058.700073,-0.182414532
1058.800049,-0.198865891
1058.900024,-0.186515331
1059,-0.194955826
1059.099976,-0.174117565
1059.200073,-0.175929546
1059.300049,-0.184369564
1059.400024,-0.181937695
1059.5,-0.17802763
1059.599976,-0.181437016
1059.700073,-0.183272839
1059.800049,-0.182509899
1059.900024,-0.186419964
1060,-0.181413174
1060.099976,-0.187325954
1060.200073,-0.179505825
1060.300049,-0.188327789
1060.400024,-0.179219723
1060.5,-0.190950394
1060.599976,-0.172782421
1060.700073,-0.188423157
1060.800049,-0.177693844
1060.900024,-0.182891369
1061,-0.182223797
1061.099976,-0.183511257
1061.200073,-0.183225155
1061.300049,-0.180936337
1061.400024,-0.182891369
1061.5,-0.180745602
1061.599976,-0.18341589
1061.700073,-0.185704708
1061.800049,-0.186324596
1061.900024,-0.186658382
1062,-0.181890011
1062.099976,-0.18508482
1062.200073,-0.182986736
1062.300049,-0.189519882
1062.400024,-0.179362774
1062.5,-0.190044403
1062.599976,-0.18961525
1062.700073,-0.189710617
1062.800049,-0.181127071
1062.900024,-0.182748318
1063,-0.188089371
1063.099976,-0.186944485
1063.200073,-0.189662933
1063.300049,-0.176597118
1063.400024,-0.193000793
1063.5,-0.183129787
1063.599976,-0.188899994
1063.700073,-0.202346802
1063.800049,-0.190044403
1063.900024,-0.179219723
1064,-0.188661575
1064.099976,-0.185561657
1064.200073,-0.186419964
1064.300049,-0.186419964
1064.400024,-0.193668365
1064.5,-0.192047119
1064.599976,-0.187731504
1064.700073,-0.185180187
1064.800049,-0.180030346
1064.900024,-0.184464931
1065,-0.188232422
1065.099976,-0.189758301
1065.200073,-0.189138412
1065.300049,-0.190878868
1065.400024,-0.191665649
1065.5,-0.19295311
1065.599976,-0.185037136
1065.700073,-0.195051193
1065.800049,-0.18923378
1065.900024,-0.181270123
1066,-0.184083581
1066.099976,-0.183368206
1066.200073,-0.182462215
1066.300049,-0.188041687
1066.400024,-0.186276913
1066.5,-0.187600493
1066.599976,-0.187803268
1066.700073,-0.188280106
1066.800049,-0.185704708
1066.900024,-0.189043045
1067,-0.196958542
1067.099976,-0.186658382
1067.200073,-0.193525314
1067.300049,-0.188995361
1067.400024,-0.198007584
1067.5,-0.190378189
1067.599976,-0.183511257
1067.700073,-0.187707901
1067.800049,-0.189519882
1067.900024,-0.188864112
1068,-0.187341064
1068.099976,-0.186086178
1068.200073,-0.184894085
1068.300049,-0.18546629
1068.400024,-0.201965332
1068.5,-0.185323238
1068.599976,-0.195623398
1068.700073,-0.194860458
1068.800049,-0.196481705
1068.900024,-0.194180965
1069,-0.193811417
1069.099976,-0.191570282
1069.200073,-0.190449715
1069.300049,-0.188089371
1069.400024,-0.188327789
1069.5,-0.188315868
1069.599976,-0.187707901
1069.700073,-0.189138412
1069.800049,-0.188423157
1069.900024,-0.189519882
1070,-0.188601971
1070.099976,-0.187850952
1070.200073,-0.188613892
1070.300049,-0.184226513
1070.400024,-0.189138412
1070.5,-0.18265295
1070.599976,-0.196386337
1070.700073,-0.198818207
1070.800049,-0.184178829
1070.900024,-0.187517166
1071,-0.198436737
1071.099976,-0.192523956
1071.200073,-0.195671082
1071.300049,-0.185227871
1071.400024,-0.19719696
1071.5,-0.193525314
1071.599976,-0.203443527
1071.700073,-0.19052124
1071.800049,-0.200248718
1071.900024,-0.192619324
1072,-0.194860458
1072.099976,-0.202823639
1072.200073,-0.188661575
1072.300049,-0.180411816
1072.400024,-0.187421322
1072.5,-0.188041687
1072.599976,-0.18599081
1072.700073,-0.188756943
1072.800049,-0.185931325
1072.900024,-0.183892727
1073,-0.18508482
1073.099976,-0.192380905
1073.200073,-0.196386337
1073.300049,-0.197649956
1073.400024,-0.200677872
1073.5,-0.201154709
1073.599976,-0.194097519
1073.700073,-0.192810059
1073.800049,-0.1979599
1073.900024,-0.197244644
1074,-0.18923378
1074.099976,-0.197101593
1074.200073,-0.192714691
1074.300049,-0.203014374
1074.400024,-0.189472198
1074.5,-0.196910858
1074.599976,-0.194765091
1074.700073,-0.190855026
1074.800049,-0.191045761
1074.900024,-0.193191528
1075,-0.194908142
1075.099976,-0.199914932
1075.200073,-0.200487137
1075.300049,-0.191713333
1075.400024,-0.178504467
1075.5,-0.192428589
1075.599976,-0.18961525
1075.700073,-0.193954468
1075.800049,-0.184274197
1075.900024,-0.192523956
1076,-0.1979599
1076.099976,-0.194288254
1076.200073,-0.184846401
1076.300049,-0.186563015
1076.400024,-0.206733704
1076.5,-0.184655666
1076.599976,-0.196863174
1076.700073,-0.186515331
1076.800049,-0.191617966
1076.900024,-0.181890011
1077,-0.197912216
1077.099976,-0.193239212
1077.200073,-0.192762375
1077.300049,-0.191141129
1077.400024,-0.198246002
1077.5,-0.189043045
1077.599976,-0.196243286
1077.700073,-0.194526672
1077.800049,-0.197149277
1077.900024,-0.19757843
1078,-0.195241928
1078.099976,-0.196922779
1078.200073,-0.198246002
1078.300049,-0.196624756
1078.400024,-0.193954468
1078.5,-0.187421322
1078.599976,-0.196529388
1078.700073,-0.184417248
1078.800049,-0.192905426
1078.900024,-0.188709259
1079,-0.195384979
1079.099976,-0.198436737
1079.200073,-0.201250076
1079.300049,-0.201786518
1079.400024,-0.204969406
1079.5,-0.202489853
1079.599976,-0.193239212
1079.700073,-0.18923378
1079.800049,-0.196767807
1079.900024,-0.192857742
1080,-0.189138412
1080.099976,-0.185609341
1080.200073,-0.193668365
1080.300049,-0.195575714
1080.400024,-0.194145203
1080.5,-0.194335938
1080.599976,-0.19719696
1080.700073,-0.193811417
1080.800049,-0.196851254
1080.900024,-0.198055267
1081,-0.19834137
1081.099976,-0.199295044
1081.200073,-0.193525314
1081.300049,-0.189710617
1081.400024,-0.19462204
1081.5,-0.204301834
1081.599976,-0.185180187
1081.700073,-0.201107025
1081.800049,-0.197387695
1081.900024,-0.190998077
1082,-0.199295044
1082.099976,-0.187755585
1082.200073,-0.19962883
1082.300049,-0.191570282
1082.400024,-0.198722839
1082.5,-0.188327789
1082.599976,-0.185323238
1082.700073,-0.194955826
1082.800049,-0.194669724
1082.900024,-0.195408821
1083,-0.195051193
1083.099976,-0.196958542
1083.200073,-0.199593067
1083.300049,-0.204587936
1083.400024,-0.201774597
1083.5,-0.199533463
1083.599976,-0.194431305
1083.700073,-0.191665649
1083.800049,-0.197435379
1083.900024,-0.19924736
1084,-0.192810059
1084.099976,-0.190330505
1084.200073,-0.198865891
1084.300049,-0.198579788
1084.400024,-0.194848537
1084.5,-0.189043045
1084.599976,-0.192905426
1084.700073,-0.189329147
1084.800049,-0.198246002
1084.900024,-0.193286896
1085,-0.202489853
1085.099976,-0.198007584
1085.200073,-0.197983742
1085.300049,-0.1959095
1085.400024,-0.19552803
1085.5,-0.200391769
1085.599976,-0.192476273
1085.700073,-0.198818207
1085.800049,-0.20167923
1085.900024,-0.204063416
1086,-0.198961258
1086.099976,-0.199104309
1086.200073,-0.200582504
1086.300049,-0.190282822
1086.400024,-0.193811417
1086.5,-0.202632904
1086.599976,-0.203014374
1086.700073,-0.199199677
1086.800049,-0.194860458
1086.900024,-0.19629097
1087,-0.199724197
1087.099976,-0.195575714
1087.200073,-0.18675375
1087.300049,-0.198770523
1087.400024,-0.194145203
1087.5,-0.197673798
1087.599976,-0.200725555
1087.700073,-0.197387695
1087.800049,-0.193239212
1087.900024,-0.196338654
1088,-0.19462204
1088.099976,-0.195671082
1088.200073,-0.193239212
1088.300049,-0.192047119
1088.400024,-0.192905426
1088.5,-0.193954468
1088.599976,-0.19667244
1088.700073,-0.194717407
1088.800049,-0.198532104
1088.900024,-0.188899994
1089,-0.192380905
1089.099976,-0.204492569
1089.200073,-0.201059341
1089.300049,-0.190855026
1089.400024,-0.193382263
1089.5,-0.198913574
1089.599976,-0.211883545
1089.700073,-0.210929871
1089.800049,-0.197244644
1089.900024,-0.192428589
1090,-0.199533463
1090.099976,-0.191188812
1090.200073,-0.194955826
1090.300049,-0.194717407
1090.400024,-0.200868607
1090.5,-0.200820923
1090.599976,-0.196338654
1090.700073,-0.193286896
1090.800049,-0.198019505
1090.900024,-0.202537537
1091,-0.199914932
1091.099976,-0.196243286
1091.200073,-0.191951752
1091.300049,-0.192142487
1091.400024,-0.194312096
1091.5,-0.197435379
1091.599976,-0.195718765
1091.700073,-0.186515331
1091.800049,-0.19128418
1091.900024,-0.202203751
1092,-0.201631546
1092.099976,-0.201822281
1092.200073,-0.202632904
1092.300049,-0.196004868
1092.400024,-0.199867249
1092.5,-0.19128418
1092.599976,-0.198627472
1092.700073,-0.196815491
1092.800049,-0.206018448
1092.900024,-0.194049835
1093,-0.186706066
1093.099976,-0.198007584
1093.200073,-0.195623398
1093.300049,-0.196577072
1093.400024,-0.193429947
1093.5,-0.196195602
1093.599976,-0.189043045
1093.700073,-0.197912216
1093.800049,-0.191045761
1093.900024,-0.193382263
1094,-0.189710617
1094.099976,-0.198389053
1094.200073,-0.196386337
1094.300049,-0.205589294
1094.400024,-0.19719696
1094.5,-0.203252792
1094.599976,-0.195671082
1094.700073,-0.201345444
1094.800049,-0.20425415
1094.900024,-0.194526672
1095,-0.19295311
1095.099976,-0.198865891
1095.200073,-0.193584919
1095.300049,-0.191570282
1095.400024,-0.190950394
1095.5,-0.191999435
1095.599976,-0.193477631
1095.700073,-0.191999435
1095.800049,-0.187707901
1095.900024,-0.206924438
1096,-0.192476273
1096.099976,-0.201202393
1096.200073,-0.196481705
1096.300049,-0.196767807
1096.400024,-0.196434021
1096.5,-0.184083462
1096.599976,-0.196624756
1096.700073,-0.185418606
1096.800049,-0.186706066
1096.900024,-0.186896801
1097,-0.187898636
1097.099976,-0.194812775
1097.200073,-0.197769165
1097.300049,-0.187994003
1097.400024,-0.195575714
1097.5,-0.185275555
1097.599976,-0.19757843
1097.700073,-0.181699276
1097.800049,-0.189710617
1097.900024,-0.187325954
1098,-0.192667007
1098.099976,-0.191904068
1098.200073,-0.193000793
1098.300049,-0.194908142
1098.400024,-0.192750454
1098.5,-0.193668365
1098.599976,-0.196216464
1098.700073,-0.200725555
1098.800049,-0.197721481
1098.900024,-0.188375473
1099,-0.204444885
1099.099976,-0.194908142
1099.200073,-0.192428589
1099.300049,-0.197363853
1099.400024,-0.199104309
1099.5,-0.203014374
1099.599976,-0.194955826
1099.700073,-0.186944485
1099.800049,-0.192285538
1099.900024,-0.196577072
1100,-0.205827713
1100.099976,-0.186467648
1100.200073,-0.198865891
1100.300049,-0.208641052
1100.400024,-0.201726913
1100.5,-0.190568924
1100.599976,-0.199771881
1100.700073,-0.20258522
1100.800049,-0.204969406
1100.900024,-0.204111099
1101,-0.194955826
1101.099976,-0.211597443
1101.200073,-0.201393127
1101.300049,-0.208259583
1101.400024,-0.206924438
1101.5,-0.199390411
1101.599976,-0.211168289
1101.700073,-0.205636978
1101.800049,-0.210309982
1101.900024,-0.194860458
1102,-0.199104309
1102.099976,-0.208021164
1102.200073,-0.204397202
1102.300049,-0.200773239
1102.400024,-0.202299118
1102.5,-0.204540253
1102.599976,-0.202954769
1102.700073,-0.201822281
1102.800049,-0.203157425
1102.900024,-0.20592308
1103,-0.212932587
1103.099976,-0.210786819
1103.200073,-0.206852913
1103.300049,-0.202299118
1103.400024,-0.201393127
1103.5,-0.202823639
1103.599976,-0.201917648
1103.700073,-0.196958542
1103.800049,-0.195432663
1103.900024,-0.202442169
1104,-0.206399918
1104.099976,-0.208879471
1104.200073,-0.201011658
1104.300049,-0.206876755
1104.400024,-0.194812775
1104.5,-0.197483063
1104.599976,-0.20463562
1104.700073,-0.19552803
1104.800049,-0.207353592
1104.900024,-0.210596085
1105,-0.206399918
1105.099976,-0.201107025
1105.200073,-0.202203751
1105.300049,-0.199151993
1105.400024,-0.202156067
1105.5,-0.200344086
1105.599976,-0.203240871
1105.700073,-0.202489853
1105.800049,-0.205002189
1105.900024,-0.207735062
1106,-0.206542969
1106.099976,-0.205207825
1106.200073,-0.205493927
1106.300049,-0.205589294
1106.400024,-0.205684662
1106.5,-0.207401276
1106.599976,-0.20425415
1106.700073,-0.206495285
1106.800049,-0.206972122
1106.900024,-0.207353592
1107,-0.204111099
1107.099976,-0.201011658
1107.200073,-0.200963974
1107.300049,-0.202775955
1107.400024,-0.200153351
1107.5,-0.202680588
1107.599976,-0.206447601
1107.700073,-0.204778671
1107.800049,-0.201965332
1107.900024,-0.200105667
1108,-0.206590652
1108.099976,-0.201965332
1108.200073,-0.194478989
1108.300049,-0.211406708
1108.400024,-0.202680588
1108.5,-0.201154709
1108.599976,-0.193382263
1108.700073,-0.197006226
1108.800049,-0.205303192
1108.900024,-0.210500717
1109,-0.206399918
1109.099976,-0.206590652
1109.200073,-0.207830429
1109.300049,-0.212217331
1109.400024,-0.200391769
1109.5,-0.204349518
1109.599976,-0.206066132
1109.700073,-0.204492569
1109.800049,-0.204826355
1109.900024,-0.202728271
1110,-0.212884903
1110.099976,-0.196767807
1110.200073,-0.209976196
1110.300049,-0.211120605
1110.400024,-0.210596085
1110.5,-0.211931229
1110.599976,-0.212908745
1110.700073,-0.215126038
1110.800049,-0.213981628
1110.900024,-0.208164215
1111,-0.192762375
1111.099976,-0.211597443
1111.200073,-0.200487137
1111.300049,-0.20630455
1111.400024,-0.202108383
1111.5,-0.204301834
1111.599976,-0.202156067
1111.700073,-0.196481705
1111.800049,-0.210119247
1111.900024,-0.201536179
1112,-0.205636978
1112.099976,-0.196529388
1112.200073,-0.190616608
1112.300049,-0.204778671
1112.400024,-0.194097519
1112.5,-0.202394485
1112.599976,-0.210786819
1112.700073,-0.206352234
1112.800049,-0.207687378
1112.900024,-0.205875397
1113,-0.204015732
1113.099976,-0.196338654
1113.200073,-0.195432663
1113.300049,-0.203777313
1113.400024,-0.20258522
1113.5,-0.211454391
1113.599976,-0.210166931
1113.700073,-0.207401276
1113.800049,-0.201917648
1113.900024,-0.214506149
1114,-0.207210541
1114.099976,-0.202537537
1114.200073,-0.206733704
1114.300049,-0.203491211
1114.400024,-0.20668602
1114.5,-0.208927155
1114.599976,-0.207735062
1114.700073,-0.194955826
1114.800049,-0.193716049
1114.900024,-0.20207262
1115,-0.207925797
1115.099976,-0.21169281
1115.200073,-0.207735062
1115.300049,-0.203586578
1115.400024,-0.203157425
1115.5,-0.204134941
1115.599976,-0.204349518
1115.700073,-0.205446243
1115.800049,-0.209451675
1115.900024,-0.209690094
1116,-0.20835495
1116.099976,-0.205112457
1116.200073,-0.202394485
1116.300049,-0.206256866
1116.400024,-0.211263657
1116.5,-0.213075638
1116.599976,-0.207019806
1116.700073,-0.211740494
1116.800049,-0.199342728
1116.900024,-0.206066132
1117,-0.199438095
1117.099976,-0.200248718
1117.200073,-0.205684662
1117.300049,-0.212121964
1117.400024,-0.199676514
1117.5,-0.211549759
1117.599976,-0.205541611
1117.700073,-0.203157425
1117.800049,-0.202156067
1117.900024,-0.204015732
1118,-0.205255508
1118.099976,-0.205493927
1118.200073,-0.20334816
1118.300049,-0.204015732
1118.400024,-0.198627472
1118.5,-0.207735062
1118.599976,-0.202728271
1118.700073,-0.217939377
1118.800049,-0.208068848
1118.900024,-0.19924736
1119,-0.212598801
1119.099976,-0.205493927
1119.200073,-0.209785461
1119.300049,-0.220943451
1119.400024,-0.212789536
1119.5,-0.218940735
1119.599976,-0.216508865
1119.700073,-0.213695526
1119.800049,-0.212956429
1119.900024,-0.207353592
1120,-0.214267731
1120.099976,-0.207496643
1120.200073,-0.21207428
1120.300049,-0.212360382
1120.400024,-0.212121964
1120.5,-0.210596085
1120.599976,-0.211835861
1120.700073,-0.20706749
1120.800049,-0.209737778
1120.900024,-0.209737778
1121,-0.210166931
1121.099976,-0.211978912
1121.200073,-0.210834503
1121.300049,-0.201011658
1121.400024,-0.210596085
1121.5,-0.205255508
1121.599976,-0.209356308
1121.700073,-0.204730988
1121.800049,-0.218463898
1121.900024,-0.212121964
1122,-0.213600159
1122.099976,-0.209308624
1122.200073,-0.213552475
1122.300049,-0.209833145
1122.400024,-0.213886261
1122.5,-0.20539856
1122.599976,-0.216985703
1122.700073,-0.208545685
1122.800049,-0.220275879
1122.900024,-0.21040535
1123,-0.199771881
1123.099976,-0.211645126
1123.200073,-0.209785461
1123.300049,-0.208211899
1123.400024,-0.208521843
1123.5,-0.206781387
1123.599976,-0.209308624
1123.700073,-0.212634563
1123.800049,-0.220085144
1123.900024,-0.214363098
1124,-0.215507507
1124.099976,-0.212312698
1124.200073,-0.215269089
1124.300049,-0.207735062
1124.400024,-0.207305908
1124.5,-0.215745926
1124.599976,-0.211597443
1124.700073,-0.219417572
1124.800049,-0.21412468
1124.900024,-0.213123322
1125,-0.211847782
1125.099976,-0.21002388
1125.200073,-0.210119247
1125.300049,-0.211549759
1125.400024,-0.210262299
1125.5,-0.212598801
1125.599976,-0.207925797
1125.700073,-0.204683304
1125.800049,-0.204158783
1125.900024,-0.206495285
1126,-0.208068848
1126.099976,-0.209070206
1126.200073,-0.20463562
1126.300049,-0.205493927
1126.400024,-0.203157425
1126.5,-0.206852913
1126.599976,-0.209785461
1126.700073,-0.208974838
1126.800049,-0.212741852
1126.900024,-0.211275578
1127,-0.211978912
1127.099976,-0.211406708
1127.200073,-0.203920364
1127.300049,-0.209737778
1127.400024,-0.217176437
1127.5,-0.210643768
1127.599976,-0.214363098
1127.700073,-0.211120605
1127.800049,-0.205875397
1127.900024,-0.209928513
1128,-0.209451675
1128.099976,-0.210071564
1128.200073,-0.198055267
1128.300049,-0.209737778
1128.400024,-0.198007584
1128.5,-0.212551117
1128.599976,-0.2146492
1128.700073,-0.208831787
1128.800049,-0.217510223
1128.900024,-0.21207428
1129,-0.208831787
1129.099976,-0.208927155
1129.200073,-0.210786819
1129.300049,-0.220275879
1129.400024,-0.220943451
1129.5,-0.211025238
1129.599976,-0.214410782
1129.700073,-0.21387434
1129.800049,-0.214839935
1129.900024,-0.215221405
1130,-0.213171005
1130.099976,-0.209690094
1130.200073,-0.208831787
1130.300049,-0.210500717
1130.400024,-0.211978912
1130.5,-0.211502075
1130.599976,-0.207448959
1130.700073,-0.21336174
1130.800049,-0.218082428
1130.900024,-0.218225479
1131,-0.217748642
1131.099976,-0.205350876
1131.200073,-0.200963974
1131.300049,-0.21002388
1131.400024,-0.211454391
1131.5,-0.208164215
1131.599976,-0.212694168
1131.700073,-0.214744568
1131.800049,-0.213123322
1131.900024,-0.212884903
1132,-0.21336174
1132.099976,-0.208688736
1132.200073,-0.222421646
1132.300049,-0.207639694
1132.400024,-0.20258522
1132.5,-0.212884903
1132.599976,-0.216365814
1132.700073,-0.210548401
1132.800049,-0.215555191
1132.900024,-0.213838577
1133,-0.208593369
1133.099976,-0.204969406
1133.200073,-0.210691452
1133.300049,-0.209403992
1133.400024,-0.210464954
1133.5,-0.211406708
1133.599976,-0.210357666
1133.700073,-0.208402634
1133.800049,-0.209737778
1133.900024,-0.210643768
1134,-0.213457108
1134.099976,-0.212217331
1134.200073,-0.213218689
1134.300049,-0.211549759
1134.400024,-0.212741852
1134.5,-0.21579361
1134.599976,-0.208164215
1134.700073,-0.212741852
1134.800049,-0.208879471
1134.900024,-0.21245575
1135,-0.216556549
1135.099976,-0.214553833
1135.200073,-0.212789536
1135.300049,-0.218225479
1135.400024,-0.215698242
1135.5,-0.217510223
1135.599976,-0.209356308
1135.700073,-0.209690094
1135.800049,-0.217128754
1135.900024,-0.219846725
1136,-0.213695526
1136.099976,-0.215841293
1136.200073,-0.205589294
1136.300049,-0.208116531
1136.400024,-0.213647842
1136.5,-0.201536179
1136.599976,-0.220991135
1136.700073,-0.213647842
1136.800049,-0.207401276
1136.900024,-0.211025238
1137,-0.212503433
1137.099976,-0.212408066
1137.200073,-0.213683605
1137.300049,-0.215173721
1137.400024,-0.2146492
1137.5,-0.21002388
1137.599976,-0.20873642
1137.700073,-0.209558964
1137.800049,-0.210882187
1137.900024,-0.208593369
1138,-0.212217331
1138.099976,-0.218225479
1138.200073,-0.210739136
1138.300049,-0.20873642
1138.400024,-0.20797348
1138.5,-0.21002388
1138.599976,-0.210548401
1138.700073,-0.210703373
1138.800049,-0.213054776
1138.900024,-0.214076996
1139,-0.216890335
1139.099976,-0.210548401
1139.200073,-0.214863777
1139.300049,-0.217414856
1139.400024,-0.214601517
1139.5,-0.213457108
1139.599976,-0.220085144
1139.700073,-0.215888977
1139.800049,-0.209833145
1139.900024,-0.217987061
1140,-0.212741852
1140.099976,-0.212503433
1140.200073,-0.215662479
1140.300049,-0.221134186
1140.400024,-0.216270447
1140.5,-0.207639694
1140.599976,-0.211263657
1140.700073,-0.219894409
1140.800049,-0.217128754
1140.900024,-0.215221405
1141,-0.213600159
1141.099976,-0.215698242
1141.200073,-0.209785461
1141.300049,-0.208259583
1141.400024,-0.209308624
1141.5,-0.209070206
1141.599976,-0.215269089
1141.700073,-0.21169281
1141.800049,-0.216985703
1141.900024,-0.214029312
1142,-0.206972122
1142.099976,-0.210786819
1142.200073,-0.211001396
1142.300049,-0.213790894
1142.400024,-0.21245575
1142.5,-0.226140976
1142.599976,-0.209308624
1142.700073,-0.216747284
1142.800049,-0.212789536
1142.900024,-0.212503433
1143,-0.209547043
1143.099976,-0.211251736
1143.200073,-0.212932587
1143.300049,-0.21002388
1143.400024,-0.210786819
1143.5,-0.213027954
1143.599976,-0.215841293
1143.700073,-0.215459824
1143.800049,-0.213790894
1143.900024,-0.212884903
1144,-0.209070206
1144.099976,-0.207162857
1144.200073,-0.211597443
1144.300049,-0.216604233
1144.400024,-0.215888977
1144.5,-0.215221405
1144.599976,-0.214112759
1144.700073,-0.212217331
1144.800049,-0.213123322
1144.900024,-0.212598801
1145,-0.206352234
1145.099976,-0.208545685
1145.200073,-0.215936661
1145.300049,-0.20964241
1145.400024,-0.21412468
1145.5,-0.214744568
1145.599976,-0.216175079
1145.700073,-0.213993549
1145.800049,-0.211883545
1145.900024,-0.213171005
1146,-0.222421646
1146.099976,-0.208641052
1146.200073,-0.2166996
1146.300049,-0.210166931
1146.400024,-0.210739136
1146.5,-0.216842651
1146.599976,-0.216794968
1146.700073,-0.218976498
1146.800049,-0.220991135
1146.900024,-0.221277237
1147,-0.21169281
1147.099976,-0.201822281
1147.200073,-0.210357666
1147.300049,-0.219846725
1147.400024,-0.219322205
1147.5,-0.215400219
1147.599976,-0.211502075
1147.700073,-0.210929871
1147.800049,-0.216270447
1147.900024,-0.211502075
1148,-0.227619171
1148.099976,-0.21169281
1148.200073,-0.217319489
1148.300049,-0.217700958
1148.400024,-0.21503067
1148.5,-0.212646484
1148.599976,-0.21245575
1148.700073,-0.210882187
1148.800049,-0.211597443
1148.900024,-0.215984344
1149,-0.217414856
1149.099976,-0.21002388
1149.200073,-0.212026596
1149.300049,-0.21605587
1149.400024,-0.222040176
1149.5,-0.220132828
1149.599976,-0.219655991
1149.700073,-0.214792252
1149.800049,-0.227285385
1149.900024,-0.213266373
1150,-0.21913147
1150.099976,-0.219274521
1150.200073,-0.216890335
1150.300049,-0.21810627
1150.400024,-0.218654633
1150.5,-0.217605591
1150.599976,-0.217891693
1150.700073,-0.216938019
1150.800049,-0.21630621
1150.900024,-0.215173721
1151,-0.215221405
1151.099976,-0.21412468
1151.200073,-0.200630188
1151.300049,-0.226427078
1151.400024,-0.209928513
1151.5,-0.219274521
1151.599976,-0.226570129
1151.700073,-0.214029312
1151.800049,-0.221038818
1151.900024,-0.229192734
1152,-0.214076996
1152.099976,-0.224424362
1152.200073,-0.218678474
1152.300049,-0.217939377
1152.400024,-0.218273163
1152.5,-0.210739136
1152.599976,-0.211502075
1152.700073,-0.219465256
1152.800049,-0.214839935
1152.900024,-0.209785461
1153,-0.214315414
1153.099976,-0.217987061
1153.200073,-0.222040176
1153.300049,-0.218559265
1153.400024,-0.214887619
1153.5,-0.22246933
1153.599976,-0.210262299
1153.700073,-0.212312698
1153.800049,-0.215698242
1153.900024,-0.209976196
1154,-0.222373962
1154.099976,-0.220514297
1154.200073,-0.214601517
1154.300049,-0.21579361
1154.400024,-0.223232269
1154.5,-0.214506149
1154.599976,-0.200534821
1154.700073,-0.214315414
1154.800049,-0.219942093
1154.900024,-0.210453033
1155,-0.214935303
1155.099976,-0.21875
1155.200073,-0.217510223
1155.300049,-0.215459824
1155.400024,-0.228715897
1155.5,-0.219655991
1155.599976,-0.209308624
1155.700073,-0.226522446
1155.800049,-0.210309982
1155.900024,-0.209976196
1156,-0.213004112
1156.099976,-0.215364456
1156.200073,-0.216365814
1156.300049,-0.221801758
1156.400024,-0.223518372
1156.5,-0.229049683
1156.599976,-0.224996567
1156.700073,-0.214315414
1156.800049,-0.213838577
1156.900024,-0.218595028
1157,-0.225187302
1157.099976,-0.221038818
1157.200073,-0.218845367
1157.300049,-0.217367172
1157.400024,-0.21592474
1157.5,-0.213504791
1157.599976,-0.213981628
1157.700073,-0.212598801
1157.800049,-0.2156744
1157.900024,-0.217891693
1158,-0.218225479
1158.099976,-0.22093153
1158.200073,-0.222755432
1158.300049,-0.224853516
1158.400024,-0.220514297
1158.5,-0.235486984
1158.599976,-0.216842651
1158.700073,-0.230766296
1158.800049,-0.226236343
1158.900024,-0.214696884
1159,-0.217176437
1159.099976,-0.22337532
1159.200073,-0.22504425
1159.300049,-0.219703674
1159.400024,-0.22041893
1159.5,-0.216270447
1159.599976,-0.225521088
1159.700073,-0.206495285
1159.800049,-0.218273163
1159.900024,-0.232053757
1160,-0.218654633
1160.099976,-0.217605591
1160.200073,-0.219584465
1160.300049,-0.221038818
1160.400024,-0.221038818
1160.5,-0.217844009
1160.599976,-0.218082428
1160.700073,-0.214029312
1160.800049,-0.234008789
1160.900024,-0.213171005
1161,-0.224662781
1161.099976,-0.234104156
1161.200073,-0.227666855
1161.300049,-0.219846725
1161.400024,-0.221277237
1161.5,-0.218940735
1161.599976,-0.221563339
1161.700073,-0.221658707
1161.800049,-0.221563339
1161.900024,-0.22388792
1162,-0.228572845
1162.099976,-0.22375679
1162.200073,-0.227762222
1162.300049,-0.223232269
1162.400024,-0.225759506
1162.5,-0.225282669
1162.599976,-0.225795269
1162.700073,-0.227809906
1162.800049,-0.224328995
1162.900024,-0.219417572
1163,-0.214267731
1163.099976,-0.217939377
1163.200073,-0.218320847
1163.300049,-0.219942093
1163.400024,-0.222373962
1163.5,-0.220848083
1163.599976,-0.224090576
1163.700073,-0.223101139
1163.800049,-0.224710464
1163.900024,-0.222755432
1164,-0.216222763
1164.099976,-0.228429794
1164.200073,-0.223184586
1164.300049,-0.218606949
1164.400024,-0.218702316
1164.5,-0.214744568
1164.599976,-0.216842651
1164.700073,-0.219751358
1164.800049,-0.223566055
1164.900024,-0.227428436
1165,-0.217319489
1165.099976,-0.209690094
1165.200073,-0.22003746
1165.300049,-0.225902557
1165.400024,-0.216270447
1165.5,-0.227190018
1165.599976,-0.217987061
1165.700073,-0.219799042
1165.800049,-0.2146492
1165.900024,-0.225711823
1166,-0.221134186
1166.099976,-0.227428436
1166.200073,-0.219560623
1166.300049,-0.232625961
1166.400024,-0.212503433
1166.5,-0.228906631
1166.599976,-0.224853516
1166.700073,-0.223423004
1166.800049,-0.225521088
1166.900024,-0.226522446
1167,-0.219083786
1167.099976,-0.227190018
1167.200073,-0.221754074
1167.300049,-0.219942093
1167.400024,-0.218940735
1167.5,-0.225628376
1167.599976,-0.233388901
1167.700073,-0.230241776
1167.800049,-0.230766296
1167.900024,-0.225330353
1168,-0.213266373
1168.099976,-0.239015579
1168.200073,-0.214029312
1168.300049,-0.226427078
1168.400024,-0.227952957
1168.5,-0.214792252
1168.599976,-0.216222763
1168.700073,-0.228382111
1168.800049,-0.22542572
1168.900024,-0.218320847
1169,-0.231958389
1169.099976,-0.215555191
1169.200073,-0.218845367
1169.300049,-0.232006073
1169.400024,-0.213027954
1169.5,-0.22246933
1169.599976,-0.230957031
1169.700073,-0.23081398
1169.800049,-0.227368832
1169.900024,-0.227714539
1170,-0.227294326
1170.099976,-0.228277057
1170.200073,-0.22914505
1170.300049,-0.228954315
1170.400024,-0.229383469
1170.5,-0.233484268
1170.599976,-0.21503067
1170.700073,-0.226284027
1170.800049,-0.238443375
1170.900024,-0.223184586
1171,-0.214076996
1171.099976,-0.228429794
1171.200073,-0.222612381
1171.300049,-0.226617813
1171.400024,-0.231719971
1171.5,-0.228048325
1171.599976,-0.224948883
1171.700073,-0.229240417
1171.800049,-0.223995209
1171.900024,-0.21913147
1172,-0.22618866
1172.099976,-0.219703674
1172.200073,-0.225139618
1172.300049,-0.226808548
1172.400024,-0.22337532
1172.5,-0.215078354
1172.599976,-0.22337532
1172.700073,-0.220180511
1172.800049,-0.213504791
1172.900024,-0.227190018
1173,-0.222564697
1173.099976,-0.227571487
1173.200073,-0.229669571
1173.300049,-0.229001999
1173.400024,-0.230003357
1173.5,-0.22876358
1173.599976,-0.228727818
1173.700073,-0.227523804
1173.800049,-0.228620529
1173.900024,-0.22260046
1174,-0.214029312
1174.099976,-0.220228195
1174.200073,-0.228334427
1174.300049,-0.23043251
1174.400024,-0.228429794
1174.5,-0.227666855
1174.599976,-0.226236343
1174.700073,-0.225902557
1174.800049,-0.222517014
1174.900024,-0.223065376
1175,-0.22170639
1175.099976,-0.222135544
1175.200073,-0.225091934
1175.300049,-0.220609665
1175.400024,-0.224233627
1175.5,-0.219417572
1175.599976,-0.224758148
1175.700073,-0.228239059
1175.800049,-0.227142334
1175.900024,-0.224615097
1176,-0.225568771
1176.099976,-0.224579334
1176.200073,-0.222612381
1176.300049,-0.225521088
1176.400024,-0.227142334
1176.5,-0.221229553
1176.599976,-0.216175079
1176.700073,-0.219179153
1176.800049,-0.21875
1176.900024,-0.222564697
1177,-0.224185944
1177.099976,-0.221456051
1177.200073,-0.219274521
1177.300049,-0.219799042
1177.400024,-0.227428436
1177.5,-0.234104156
1177.599976,-0.23324585
1177.700073,-0.222612381
1177.800049,-0.223899841
1177.900024,-0.219322205
1178,-0.221229553
1178.099976,-0.228477478
1178.200073,-0.230909348
1178.300049,-0.230861664
1178.400024,-0.226260185
1178.5,-0.226742983
1178.599976,-0.224615097
1178.700073,-0.225234985
1178.800049,-0.225664139
1178.900024,-0.222660065
1179,-0.230241776
1179.099976,-0.219894409
1179.200073,-0.23582077
1179.300049,-0.227571487
1179.400024,-0.216938019
1179.5,-0.226903915
1179.599976,-0.224328995
1179.700073,-0.225306511
1179.800049,-0.22504425
1179.900024,-0.224948883
1180,-0.226331711
1180.099976,-0.226903915
1180.200073,-0.228429794
1180.300049,-0.229717255
1180.400024,-0.221658707
1180.5,-0.226045609
1180.599976,-0.230670929
1180.700073,-0.222183228
1180.800049,-0.23415184
1180.900024,-0.225616455
1181,-0.215364456
1181.099976,-0.221038818
1181.200073,-0.217176437
1181.300049,-0.219501019
1181.400024,-0.220466614
1181.5,-0.219322205
1181.599976,-0.222707748
1181.700073,-0.225139618
1181.800049,-0.223291874
1181.900024,-0.223566055
1182,-0.221754074
1182.099976,-0.219608307
1182.200073,-0.22451973
1182.300049,-0.225997925
1182.400024,-0.224960804
1182.5,-0.224853516
1182.599976,-0.226203561
1182.700073,-0.227523804
1182.800049,-0.22747612
1182.900024,-0.224233627
1183,-0.231386185
1183.099976,-0.232506752
1183.200073,-0.235916138
1183.300049,-0.238491058
1183.400024,-0.224615097
1183.5,-0.218797684
1183.599976,-0.218177795
1183.700073,-0.223613739
1183.800049,-0.219942093
1183.900024,-0.22709465
1184,-0.224662781
1184.099976,-0.237108231
1184.200073,-0.23582077
1184.300049,-0.231004715
1184.400024,-0.225282669
1184.5,-0.22580719
1184.599976,-0.226379395
1184.700073,-0.220085144
1184.800049,-0.22413826
1184.900024,-0.228906631
1185,-0.234437943
1185.099976,-0.229478836
1185.200073,-0.230051041
1185.300049,-0.228811264
1185.400024,-0.221134186
1185.5,-0.225711823
1185.599976,-0.232769012
1185.700073,-0.227571487
1185.800049,-0.224948883
1185.900024,-0.232912064
1186,-0.222421646
1186.099976,-0.229383469
1186.200073,-0.233579636
1186.300049,-0.226713181
1186.400024,-0.215984344
1186.5,-0.219655991
1186.599976,-0.221229553
1186.700073,-0.223041534
1186.800049,-0.223971367
1186.900024,-0.224662781
1187,-0.226951599
1187.099976,-0.230527878
1187.200073,-0.232721329
1187.300049,-0.228048325
1187.400024,-0.225711823
1187.5,-0.224853516
1187.599976,-0.222230911
1187.700073,-0.225246906
1187.800049,-0.226474762
1187.900024,-0.227428436
1188,-0.21913147
1188.099976,-0.227809906
1188.200073,-0.235868454
1188.300049,-0.227285385
1188.400024,-0.217748642
1188.5,-0.225568771
1188.599976,-0.232530594
1188.700073,-0.222421646
1188.800049,-0.222993851
1188.900024,-0.22606945
1189,-0.229860306
1189.099976,-0.229001999
1189.200073,-0.229764938
1189.300049,-0.225234985
1189.400024,-0.222946167
1189.5,-0.238157272
1189.599976,-0.219560623
1189.700073,-0.232769012
1189.800049,-0.220180511
1189.900024,-0.220943451
1190,-0.231719971
1190.099976,-0.227905273
1190.200073,-0.219799042
1190.300049,-0.224805832
1190.400024,-0.22003746
1190.5,-0.225711823
1190.599976,-0.23286438
1190.700073,-0.230718613
1190.800049,-0.227678776
1190.900024,-0.222517014
1191,-0.224615097
1191.099976,-0.226617813
1191.200073,-0.221682549
1191.300049,-0.213266373
1191.400024,-0.222230911
1191.5,-0.220514297
1191.599976,-0.226427078
1191.700073,-0.230909348
1191.800049,-0.232053757
1191.900024,-0.226474762
1192,-0.228048325
1192.099976,-0.232435226
1192.200073,-0.235057831
1192.300049,-0.223661423
1192.400024,-0.225282669
1192.5,-0.232149124
1192.599976,-0.224758148
1192.700073,-0.215507507
1192.800049,-0.225234985
1192.900024,-0.231624603
1193,-0.223566055
1193.099976,-0.230957031
1193.200073,-0.230575562
1193.300049,-0.22747612
1193.400024,-0.232673645
1193.5,-0.226331711
1193.599976,-0.230241776
1193.700073,-0.217414856
1193.800049,-0.229192734
1193.900024,-0.234485626
1194,-0.230480194
1194.099976,-0.236822128
1194.200073,-0.222993851
1194.300049,-0.230384827
1194.400024,-0.229049683
1194.5,-0.22990799
1194.599976,-0.227499962
1194.700073,-0.225473404
1194.800049,-0.225568771
1194.900024,-0.226641655
1195,-0.22785759
1195.099976,-0.227666855
1195.200073,-0.226629734
1195.300049,-0.22542572
1195.400024,-0.225568771
1195.5,-0.228274822
1195.599976,-0.230766296
1195.700073,-0.231338501
1195.800049,-0.231481552
1195.900024,-0.233627319
1196,-0.230194092
1196.099976,-0.215984344
1196.200073,-0.223804474
1196.300049,-0.229240417
1196.400024,-0.218225479
1196.5,-0.22952652
1196.599976,-0.228525162
1196.700073,-0.226772785
1196.800049,-0.224662781
1196.900024,-0.224376678
1197,-0.23081398
1197.099976,-0.221277237
1197.200073,-0.228048325
1197.300049,-0.230861664
1197.400024,-0.231719971
1197.5,-0.232709408
1197.599976,-0.233436584
1197.700073,-0.234819412
1197.800049,-0.231719971
1197.900024,-0.226951599
1198,-0.228525162
1198.099976,-0.232625961
1198.200073,-0.235105515
1198.300049,-0.232113361
1198.400024,-0.230289459
1198.5,-0.23043251
1198.599976,-0.229884148
1198.700073,-0.228000641
1198.800049,-0.23081398
1198.900024,-0.233484268
1199,-0.238348007
1199.099976,-0.236774445
1199.200073,-0.23210144
1199.300049,-0.223613739
1199.400024,-0.230194092
1199.5,-0.227023125
1199.599976,-0.227285385
1199.700073,-0.226999283
1199.800049,-0.22798872
1199.900024,-0.232006073
1200,-0.225664139
1200.099976,-0.23081398
1200.200073,-0.226617813
1200.300049,-0.227333069
1200.400024,-0.230718613
1200.5,-0.229383469
1200.599976,-0.228191376
1200.700073,-0.226284027
1200.800049,-0.223423004
1200.900024,-0.22413826
1201,-0.226164818
1201.099976,-0.230051041
1201.200073,-0.227046967
1201.300049,-0.21875
1201.400024,-0.217367172
1201.5,-0.226665497
1201.599976,-0.239063263
1201.700073,-0.225616455
1201.800049,-0.222326279
1201.900024,-0.233388901
1202,-0.222707748
1202.099976,-0.233055115
1202.200073,-0.238920212
1202.300049,-0.228858948
1202.400024,-0.23377037
1202.5,-0.232232571
1202.599976,-0.234056473
1202.700073,-0.232244492
1202.800049,-0.23658371
1202.900024,-0.236345291
1203,-0.232053757
1203.099976,-0.232816696
1203.200073,-0.224185944
1203.300049,-0.226474762
1203.400024,-0.22451973
1203.5,-0.222612381
1203.599976,-0.224805832
1203.700073,-0.230527878
1203.800049,-0.233722687
1203.900024,-0.302148819
1204,-0.301576614
1204.099976,-0.305677414
1204.200073,-0.296522141
1204.300049,-0.314213276
1204.400024,-0.28984642
1204.5,-0.304103851
1204.599976,-0.301862717
1204.700073,-0.298477173
1204.800049,-0.291133881
1204.900024,-0.296712875
1205,-0.30896759
1205.099976,-0.306058884
1205.200073,-0.30280447
1205.300049,-0.297332764
1205.400024,-0.298858643
1205.5,-0.291229248
1205.599976,-0.289798737
1205.700073,-0.295651913
1205.800049,-0.300289154
1205.900024,-0.301290512
1206,-0.290752411
1206.099976,-0.307489395
1206.200073,-0.300193787
1206.300049,-0.311256409
1206.400024,-0.296474457
1206.5,-0.289703369
1206.599976,-0.305534363
1206.700073,-0.307966232
1206.800049,-0.304485321
1206.900024,-0.302434921
1207,-0.304354191
1207.099976,-0.306201935
1207.200073,-0.304294586
1207.300049,-0.301815033
1207.400024,-0.295139313
1207.5,-0.294424057
1207.599976,-0.303865433
1207.700073,-0.30357933
1207.800049,-0.303913116
1207.900024,-0.304056168
1208,-0.304151535
1208.099976,-0.306774139
1208.200073,-0.305963516
1208.300049,-0.306964874
1208.400024,-0.3019104
1208.5,-0.296426773
1208.599976,-0.307870865
1208.700073,-0.305677414
1208.800049,-0.307048321
1208.900024,-0.306678772
1209,-0.307966232
1209.099976,-0.300146103
1209.200073,-0.312925816
1209.300049,-0.29895401
1209.400024,-0.307727814
1209.5,-0.292039871
1209.599976,-0.297237396
1209.700073,-0.306058884
1209.800049,-0.306535721
1209.900024,-0.304103851
1210,-0.298620224
1210.099976,-0.299573898
1210.200073,-0.292898178
1210.300049,-0.297952652
1210.400024,-0.298739433
1210.5,-0.301290512
1210.599976,-0.302816391
1210.700073,-0.302244186
1210.800049,-0.302482605
1210.900024,-0.302387238
1211,-0.299430847
1211.099976,-0.301242828
1211.200073,-0.308300018
1211.300049,-0.299573898
1211.400024,-0.293470383
1211.5,-0.298620224
1211.599976,-0.312639713
1211.700073,-0.309539795
1211.800049,-0.299049377
1211.900024,-0.305152893
1212,-0.315357685
1212.099976,-0.31683588
1212.200073,-0.309027433
1212.300049,-0.30434227
1212.400024,-0.299573898
1212.5,-0.290513992
1212.599976,-0.299001694
1212.700073,-0.295663834
1212.800049,-0.309253693
1212.900024,-0.314308643
1213,-0.307394028
1213.099976,-0.302148819
1213.200073,-0.304056168
1213.300049,-0.307537079
1213.400024,-0.305725098
1213.5,-0.309206009
1213.599976,-0.307763577
1213.700073,-0.30896759
1213.800049,-0.307155609
1213.900024,-0.299955368
1214,-0.30024147
1214.099976,-0.305737138
1214.200073,-0.314356327
1214.300049,-0.308395386
1214.400024,-0.307870865
1214.5,-0.307918549
1214.599976,-0.305069447
1214.700073,-0.302196503
1214.800049,-0.30229187
1214.900024,-0.303245544
1215,-0.305772781
1215.099976,-0.302721024
1215.200073,-0.29857254
1215.300049,-0.299955368
1215.400024,-0.302864075
1215.5,-0.30229187
1215.599976,-0.300384521
1215.700073,-0.301862717
1215.800049,-0.304187298
1215.900024,-0.305915833
1216,-0.308586121
1216.099976,-0.306249619
1216.200073,-0.306726456
1216.300049,-0.300742149
1216.400024,-0.293327332
1216.5,-0.296665192
1216.599976,-0.305963516
1216.700073,-0.307918549
1216.800049,-0.308300018
1216.900024,-0.308109283
1217,-0.303150177
1217.099976,-0.301528931
1217.200073,-0.306106567
1217.300049,-0.299669266
1217.400024,-0.308395386
1217.5,-0.299383163
1217.599976,-0.307346344
1217.700073,-0.310350418
1217.800049,-0.305486679
1217.900024,-0.31311655
1218,-0.296474457
1218.099976,-0.301671982
1218.200073,-0.293899536
1218.300049,-0.300765991
1218.400024,-0.304819107
1218.5,-0.310350418
1218.599976,-0.292325974
1218.700073,-0.302768707
1218.800049,-0.296998978
1218.900024,-0.30934906
1219,-0.299764633
1219.099976,-0.295520782
1219.200073,-0.300336838
1219.300049,-0.305915833
1219.400024,-0.306488037
1219.5,-0.307918549
1219.599976,-0.305486679
1219.700073,-0.299955368
1219.800049,-0.309492111
1219.900024,-0.316549778
1220,-0.305772781
1220.099976,-0.308109283
1220.200073,-0.309253693
1220.300049,-0.306452274
1220.400024,-0.304819107
1220.5,-0.303627014
1220.599976,-0.300956726
1220.700073,-0.304676056
1220.800049,-0.304413795
1220.900024,-0.308347702
1221,-0.303674698
1221.099976,-0.307012558
1221.200073,-0.314070225
1221.300049,-0.309062958
1221.400024,-0.302101135
1221.5,-0.298429489
1221.599976,-0.306058884
1221.700073,-0.306201935
1221.800049,-0.306440353
1221.900024,-0.305200577
1222,-0.308156967
1222.099976,-0.302375317
1222.200073,-0.300432205
1222.300049,-0.295711517
1222.400024,-0.296283722
1222.5,-0.299585819
1222.599976,-0.304246902
1222.700073,-0.302101135
1222.800049,-0.307823181
1222.900024,-0.30729866
1223,-0.304151535
1223.099976,-0.303817749
1223.200073,-0.306344986
1223.300049,-0.297475815
1223.400024,-0.302005768
1223.5,-0.306154251
1223.599976,-0.303865433
1223.700073,-0.300956726
1223.800049,-0.312448502
1223.900024,-0.299955368
1224,-0.309825897
1224.099976,-0.293851852
1224.200073,-0.298238754
1224.300049,-0.309968948
1224.400024,-0.311304092
1224.5,-0.30562973
1224.599976,-0.297142029
1224.700073,-0.312687397
1224.800049,-0.296712875
1224.900024,-0.321032047
1225,-0.30357933
1225.099976,-0.299860001
1225.200073,-0.305391312
1225.300049,-0.309206009
1225.400024,-0.308919907
1225.5,-0.314165592
1225.599976,-0.307107925
1225.700073,-0.314928532
1225.800049,-0.31683588
1225.900024,-0.300861359
1226,-0.307918549
1226.099976,-0.298238754
1226.200073,-0.317265034
1226.300049,-0.304533005
1226.400024,-0.306488037
1226.5,-0.307394028
1226.599976,-0.306571484
1226.700073,-0.306058884
1226.800049,-0.306344986
1226.900024,-0.302339554
1227,-0.305009842
1227.099976,-0.314642429
1227.200073,-0.311828613
1227.300049,-0.30434227
1227.400024,-0.314404011
1227.5,-0.300718307
1227.599976,-0.311065674
1227.700073,-0.307346344
1227.800049,-0.304628372
1227.900024,-0.305915833
1228,-0.306249619
1228.099976,-0.306726456
1228.200073,-0.307727814
1228.300049,-0.311590195
1228.400024,-0.311971664
1228.5,-0.312400818
1228.599976,-0.31167376
1228.700073,-0.313593388
1228.800049,-0.308729172
1228.900024,-0.311065674
1229,-0.309396744
1229.099976,-0.310398102
1229.200073,-0.303722382
1229.300049,-0.305343628
1229.400024,-0.309635162
1229.5,-0.304437637
1229.599976,-0.313402653
1229.700073,-0.305868149
1229.800049,-0.309408784
1229.900024,-0.309301376
1230,-0.309062958
1230.099976,-0.311304092
1230.200073,-0.309778214
1230.300049,-0.310278893
1230.400024,-0.309968948
1230.5,-0.310064316
1230.599976,-0.313784122
1230.700073,-0.3039608
1230.800049,-0.313545704
1230.900024,-0.311113358
1231,-0.318266392
1231.099976,-0.309539795
1231.200073,-0.313641071
1231.300049,-0.305057526
1231.400024,-0.302721024
1231.5,-0.313450336
1231.599976,-0.31387949
1231.700073,-0.313354969
1231.800049,-0.311304092
1231.900024,-0.309110641
1232,-0.310982347
1232.099976,-0.309110641
1232.200073,-0.314404011
1232.300049,-0.310779572
1232.400024,-0.314833164
1232.5,-0.322510242
1232.599976,-0.319744587
1232.700073,-0.319839954
1232.800049,-0.316919208
1232.900024,-0.316025257
1233,-0.312067032
1233.099976,-0.316549778
1233.200073,-0.314308643
1233.300049,-0.309921265
1233.400024,-0.303627014
1233.5,-0.317789555
1233.599976,-0.313736439
1233.700073,-0.313307285
1233.800049,-0.316764355
1233.900024,-0.31721735
1234,-0.322796345
1234.099976,-0.323988438
1234.200073,-0.319339275
1234.300049,-0.31349802
1234.400024,-0.317074299
1234.5,-0.309682846
1234.599976,-0.317884922
1234.700073,-0.314165592
1234.800049,-0.3080616
1234.900024,-0.307716012
1235,-0.303770065
1235.099976,-0.304866791
1235.200073,-0.310314894
1235.300049,-0.315310001
1235.400024,-0.317312717
1235.5,-0.320841312
1235.599976,-0.313354969
1235.700073,-0.324465275
1235.800049,-0.310779572
1235.900024,-0.313021183
1236,-0.313307285
1236.099976,-0.318409443
1236.200073,-0.310922623
1236.300049,-0.320030689
1236.400024,-0.313641071
1236.5,-0.314308643
1236.599976,-0.312114716
1236.700073,-0.317026615
1236.800049,-0.308586121
1236.900024,-0.319506168
1237,-0.316931248
1237.099976,-0.317455769
1237.200073,-0.314022303
1237.300049,-0.310159683
1237.400024,-0.311542511
1237.5,-0.308490753
1237.599976,-0.313950777
1237.700073,-0.31926775
1237.800049,-0.316502094
1237.900024,-0.317408085
1238,-0.317241192
1238.099976,-0.317360401
1238.200073,-0.317694187
1238.300049,-0.313259602
1238.400024,-0.307155609
1238.5,-0.311351776
1238.599976,-0.308347702
1238.700073,-0.312782764
1238.800049,-0.313641071
1238.900024,-0.319172382
1239,-0.320507526
1239.099976,-0.306201935
1239.200073,-0.307775497
1239.300049,-0.320030689
1239.400024,-0.323177814
1239.5,-0.315786839
1239.599976,-0.324703693
1239.700073,-0.319029331
1239.800049,-0.316931248
1239.900024,-0.320078373
1240,-0.322367191
1240.099976,-0.319994926
1240.200073,-0.318552494
1240.300049,-0.318981647
1240.400024,-0.318016052
1240.5,-0.318123341
1240.599976,-0.320444942
1240.700073,-0.323273182
1240.800049,-0.322367191
1240.900024,-0.327898502
1241,-0.318838596
1241.099976,-0.32222414
1241.200073,-0.325895786
1241.300049,-0.310207367
1241.400024,-0.324894428
1241.5,-0.316883564
1241.599976,-0.328709126
1241.700073,-0.326181889
1241.800049,-0.321818829
1241.900024,-0.316692829
1242,-0.315691471
1242.099976,-0.321365833
1242.200073,-0.312496662
1242.300049,-0.320269108
1242.400024,-0.315310001
1242.5,-0.313545704
1242.599976,-0.321365833
1242.700073,-0.323988438
1242.800049,-0.321461201
1242.900024,-0.316549778
1243,-0.320888996
1243.099976,-0.322128773
1243.200073,-0.322796345
1243.300049,-0.320888996
1243.400024,-0.323463917
1243.5,-0.316215992
1243.599976,-0.314880848
1243.700073,-0.31592989
1243.800049,-0.324512959
1243.900024,-0.310350418
1244,-0.319553852
1244.099976,-0.319839954
1244.200073,-0.323320866
1244.300049,-0.324942112
1244.400024,-0.32632494
1244.5,-0.32222414
1244.599976,-0.321270466
1244.700073,-0.320459843
1244.800049,-0.318743229
1244.900024,-0.319601536
1245,-0.321032047
1245.099976,-0.321640015
1245.200073,-0.322796345
1245.300049,-0.323130131
1245.400024,-0.318838596
1245.5,-0.33095026
1245.599976,-0.325466633
1245.700073,-0.326849461
1245.800049,-0.323416233
1245.900024,-0.317789555
1246,-0.319553852
1246.099976,-0.317169666
1246.200073,-0.319458485
1246.300049,-0.317455769
1246.400024,-0.318600178
1246.5,-0.318159103
1246.599976,-0.319124699
1246.700073,-0.317455769
1246.800049,-0.310779572
1246.900024,-0.328041553
1247,-0.31592989
1247.099976,-0.32131815
1247.200073,-0.330425739
1247.300049,-0.318457127
1247.400024,-0.322033405
1247.5,-0.319792271
1247.599976,-0.319839954
1247.700073,-0.318409443
1247.800049,-0.319124699
1247.900024,-0.31644249
1248,-0.315023899
1248.099976,-0.313211918
1248.200073,-0.315584183
1248.300049,-0.319983006
1248.400024,-0.314117908
1248.5,-0.328613758
1248.599976,-0.326372623
1248.700073,-0.322081089
1248.800049,-0.328518391
1248.900024,-0.32260561
1249,-0.313784122
1249.099976,-0.321079731
1249.200073,-0.316740513
1249.300049,-0.318647861
1249.400024,-0.328852177
1249.5,-0.328995228
1249.599976,-0.323463917
1249.700073,-0.3317132
1249.800049,-0.327517033
1249.900024,-0.330282688
1250,-0.326873302
1250.099976,-0.323082447
1250.200073,-0.326611042
1250.300049,-0.318266392
1250.400024,-0.323368549
1250.5,-0.321079731
1250.599976,-0.324369907
1250.700073,-0.318314075
1250.800049,-0.324799061
1250.900024,-0.320364475
1251,-0.31888628
1251.099976,-0.324262619
1251.200073,-0.328470707
1251.300049,-0.329329014
1251.400024,-0.319744587
1251.5,-0.323845387
1251.599976,-0.32055521
1251.700073,-0.325180531
1251.800049,-0.316168308
1251.900024,-0.333048344
1252,-0.324751377
1252.099976,-0.331999302
1252.200073,-0.319506168
1252.300049,-0.329185963
1252.400024,-0.317360401
1252.5,-0.321556568
1252.599976,-0.325037479
1252.700073,-0.315739155
1252.800049,-0.321604252
1252.900024,-0.317420006
1253,-0.315643787
1253.099976,-0.316692829
1253.200073,-0.32260561
1253.300049,-0.321079731
1253.400024,-0.318314075
1253.5,-0.325895786
1253.599976,-0.317455769
1253.700073,-0.326467991
1253.800049,-0.322367191
1253.900024,-0.32055521
1254,-0.324036121
1254.099976,-0.317074299
1254.200073,-0.324906349
1254.300049,-0.329042912
1254.400024,-0.329472065
1254.5,-0.326444149
1254.599976,-0.325418949
1254.700073,-0.32184267
1254.800049,-0.321556568
1254.900024,-0.320698261
1255,-0.320364475
1255.099976,-0.3235116
1255.200073,-0.324751377
1255.300049,-0.328232288
1255.400024,-0.318218708
1255.5,-0.321747303
1255.599976,-0.323082447
1255.700073,-0.318743229
1255.800049,-0.329090595
1255.900024,-0.320364475
1256,-0.323988438
1256.099976,-0.317646503
1256.200073,-0.319839954
1256.300049,-0.332428455
1256.400024,-0.324560642
1256.5,-0.329042912
1256.599976,-0.322128773
1256.700073,-0.318743229
1256.800049,-0.322128773
1256.900024,-0.328470707
1257,-0.322128773
1257.099976,-0.325609684
1257.200073,-0.320030689
1257.300049,-0.328756809
1257.400024,-0.331379414
1257.5,-0.331570148
1257.599976,-0.314928532
1257.700073,-0.334097385
1257.800049,-0.317408085
1257.900024,-0.318981647
1258,-0.324942112
1258.099976,-0.327040195
1258.200073,-0.324942112
1258.300049,-0.31850481
1258.400024,-0.331093311
1258.5,-0.326563358
1258.599976,-0.323797703
1258.700073,-0.324071884
1258.800049,-0.323368549
1258.900024,-0.322557926
1259,-0.32632494
1259.099976,-0.328423023
1259.200073,-0.33095026
1259.300049,-0.327898502
1259.400024,-0.32799387
1259.5,-0.314833164
1259.599976,-0.309968948
1259.700073,-0.323702335
1259.800049,-0.320364475
1259.900024,-0.323463917
1260,-0.325466633
1260.099976,-0.31888628
1260.200073,-0.322176456
1260.300049,-0.325848103
1260.400024,-0.322939396
1260.5,-0.327898502
1260.599976,-0.32389307
1260.700073,-0.327517033
1260.800049,-0.324846745
1260.900024,-0.324417591
1261,-0.323559284
1261.099976,-0.325800419
1261.200073,-0.328804493
1261.300049,-0.32928133
1261.400024,-0.329329014
1261.5,-0.324381828
1261.599976,-0.319363117
1261.700073,-0.319553852
1261.800049,-0.323130131
1261.900024,-0.326658726
1262,-0.316072941
1262.099976,-0.322176456
1262.200073,-0.333191395
1262.300049,-0.328852177
1262.400024,-0.330521107
1262.5,-0.327183247
1262.599976,-0.32427454
1262.700073,-0.315500736
1262.800049,-0.320745945
1262.900024,-0.328661442
1263,-0.321222782
1263.099976,-0.32632494
1263.200073,-0.324799061
1263.300049,-0.32427454
1263.400024,-0.323797703
1263.5,-0.314594746
1263.599976,-0.336147785
1263.700073,-0.324369907
1263.800049,-0.329138279
1263.900024,-0.329948902
1264,-0.327660084
1264.099976,-0.327588558
1264.200073,-0.32799387
1264.300049,-0.324751377
1264.400024,-0.321222782
1264.5,-0.32465601
1264.599976,-0.323165894
1264.700073,-0.322796345
1264.800049,-0.323988438
1264.900024,-0.32516861
1265,-0.326181889
1265.099976,-0.327707767
1265.200073,-0.319744587
1265.300049,-0.325609684
1265.400024,-0.322128773
1265.5,-0.325597763
1265.599976,-0.326086521
1265.700073,-0.328566074
1265.800049,-0.329364777
1265.900024,-0.330997944
1266,-0.331808567
1266.099976,-0.324465275
1266.200073,-0.314737797
1266.300049,-0.321890354
1266.400024,-0.327898502
1266.5,-0.327278614
1266.599976,-0.329245567
1266.700073,-0.330282688
1266.800049,-0.32465899
1266.900024,-0.317789555
1267,-0.32131815
1267.099976,-0.323606968
1267.200073,-0.326038837
1267.300049,-0.326277256
1267.400024,-0.326467991
1267.5,-0.334192753
1267.599976,-0.321890354
1267.700073,-0.331045628
1267.800049,-0.321938038
1267.900024,-0.318457127
1268,-0.318743229
1268.099976,-0.320352554
1268.200073,-0.320650578
1268.300049,-0.323559284
1268.400024,-0.321699619
1268.5,-0.325275898
1268.599976,-0.324846745
1268.700073,-0.324417591
1268.800049,-0.325323582
1268.900024,-0.320030689
1269,-0.324942112
1269.099976,-0.332094669
1269.200073,-0.325228214
1269.300049,-0.32594347
1269.400024,-0.325132847
1269.5,-0.330330372
1269.599976,-0.31964922
1269.700073,-0.327660084
1269.800049,-0.329138279
1269.900024,-0.326479912
1270,-0.32465601
1270.099976,-0.324465275
1270.200073,-0.325895786
1270.300049,-0.323606968
1270.400024,-0.317265034
1270.5,-0.322271824
1270.599976,-0.32889986
1270.700073,-0.331808567
1270.800049,-0.316931248
1270.900024,-0.325132847
1271,-0.334097385
1271.099976,-0.326754093
1271.200073,-0.325418949
1271.300049,-0.33004427
1271.400024,-0.326706409
1271.5,-0.316645145
1271.599976,-0.332952976
1271.700073,-0.325371265
1271.800049,-0.336624622
1271.900024,-0.335384846
1272,-0.328518391
1272.099976,-0.335670948
1272.200073,-0.329901218
1272.300049,-0.313831806
1272.400024,-0.331284046
1272.5,-0.324417591
1272.599976,-0.328232288
1272.700073,-0.327183247
1272.800049,-0.319983006
1272.900024,-0.328184605
1273,-0.321175098
1273.099976,-0.325752735
1273.200073,-0.326467991
1273.300049,-0.323750019
1273.400024,-0.32723093
1273.5,-0.327040195
1273.599976,-0.327326298
1273.700073,-0.329853535
1273.800049,-0.321175098
1273.900024,-0.340916157
1274,-0.329710484
1274.099976,-0.322796345
1274.200073,-0.327803135
1274.300049,-0.333143711
1274.400024,-0.328518391
1274.5,-0.324989796
1274.599976,-0.328184605
1274.700073,-0.330890656
1274.800049,-0.334335804
1274.900024,-0.336052418
1275,-0.332297325
1275.099976,-0.331951618
1275.200073,-0.326849461
1275.300049,-0.3296628
1275.400024,-0.327469349
1275.5,-0.327898502
1275.599976,-0.322081089
1275.700073,-0.32427454
1275.800049,-0.33095026
1275.900024,-0.334383488
1276,-0.319983006
1276.099976,-0.327278614
1276.200073,-0.336529255
1276.300049,-0.334335804
1276.400024,-0.331760883
1276.5,-0.326563358
1276.599976,-0.330902576
1276.700073,-0.329054832
1276.800049,-0.329758167
1276.900024,-0.328995228
1277,-0.329030991
1277.099976,-0.326038837
1277.200073,-0.33133173
1277.300049,-0.325371265
1277.400024,-0.319935322
1277.5,-0.329376698
1277.599976,-0.321938038
1277.700073,-0.333572865
1277.800049,-0.324226856
1277.900024,-0.321985722
1278,-0.32774353
1278.099976,-0.33223772
1278.200073,-0.332523823
1278.300049,-0.337292194
1278.400024,-0.34096384
1278.5,-0.328041553
1278.599976,-0.340010166
1278.700073,-0.330616474
1278.800049,-0.327517033
1278.900024,-0.331760883
1279,-0.331760883
1279.099976,-0.337912083
1279.200073,-0.336243153
1279.300049,-0.329042912
1279.400024,-0.330711842
1279.5,-0.339008808
1279.599976,-0.331617832
1279.700073,-0.336195469
1279.800049,-0.33004427
1279.900024,-0.337530613
1280,-0.332285404
1280.099976,-0.32799387
1280.200073,-0.339962482
1280.300049,-0.342155933
1280.400024,-0.326944828
1280.5,-0.326611042
1280.599976,-0.334383488
1280.700073,-0.342442036
1280.800049,-0.333096027
1280.900024,-0.332571507
1281,-0.331856251
1281.099976,-0.339771748
1281.200073,-0.347401142
1281.300049,-0.33428812
1281.400024,-0.331474781
1281.5,-0.34339571
1281.599976,-0.32723093
1281.700073,-0.337435246
1281.800049,-0.336147785
1281.900024,-0.335015297
1282,-0.331665516
1282.099976,-0.334812641
1282.200073,-0.338627338
1282.300049,-0.328804493
1282.400024,-0.325514317
1282.5,-0.335670948
1282.599976,-0.335146427
1282.700073,-0.340677738
1282.800049,-0.332380772
1282.900024,-0.34339571
1283,-0.34377718
1283.099976,-0.334335804
1283.200073,-0.337196827
1283.300049,-0.33518219
1283.400024,-0.335337162
1283.5,-0.333858967
1283.599976,-0.33531332
1283.700073,-0.337053776
1283.800049,-0.335003376
1283.900024,-0.339485645
1284,-0.333477497
1284.099976,-0.345112324
1284.200073,-0.339914799
1284.300049,-0.329567432
1284.400024,-0.331665516
1284.5,-0.330091953
1284.599976,-0.338150501
1284.700073,-0.336004734
1284.800049,-0.329948902
1284.900024,-0.337435246
1285,-0.32465601
1285.099976,-0.335098743
1285.200073,-0.33300066
1285.300049,-0.330664158
1285.400024,-0.339342594
1285.5,-0.333858967
1285.599976,-0.335670948
1285.700073,-0.341154575
1285.800049,-0.335623264
1285.900024,-0.332571507
1286,-0.339628696
1286.099976,-0.338198185
1286.200073,-0.335766315
1286.300049,-0.323606968
1286.400024,-0.330664158
1286.5,-0.338818073
1286.599976,-0.343634129
1286.700073,-0.335623264
1286.800049,-0.338484287
1286.900024,-0.338865757
1287,-0.335813999
1287.099976,-0.33056879
1287.200073,-0.337149143
1287.300049,-0.335432529
1287.400024,-0.334621906
1287.5,-0.329376698
1287.599976,-0.335384846
1287.700073,-0.327707767
1287.800049,-0.333429813
1287.900024,-0.339724064
1288,-0.329805851
1288.099976,-0.326181889
1288.200073,-0.335480213
1288.300049,-0.343443394
1288.400024,-0.342489719
1288.5,-0.340630054
1288.599976,-0.333477497
1288.700073,-0.344873905
1288.800049,-0.340487003
1288.900024,-0.333572865
1289,-0.329948902
1289.099976,-0.340773106
1289.200073,-0.337864399
1289.300049,-0.338198185
1289.400024,-0.338818073
1289.5,-0.335337162
1289.599976,-0.341679096
1289.700073,-0.333048344
1289.800049,-0.34134531
1289.900024,-0.332380772
1290,-0.331427097
1290.099976,-0.335206032
1290.200073,-0.336052418
1290.300049,-0.332860589
1290.400024,-0.329329014
1290.5,-0.330854893
1290.599976,-0.335527897
1290.700073,-0.338055134
1290.800049,-0.339628696
1290.900024,-0.333143711
1291,-0.326658726
1291.099976,-0.342537403
1291.200073,-0.346638203
1291.300049,-0.340916157
1291.400024,-0.336767673
1291.5,-0.338460445
1291.599976,-0.33800745
1291.700073,-0.338150501
1291.800049,-0.337149143
1291.900024,-0.335432529
1292,-0.337006092
1292.099976,-0.335813999
1292.200073,-0.33595705
1292.300049,-0.334860325
1292.400024,-0.342775822
1292.5,-0.329758167
1292.599976,-0.338245869
1292.700073,-0.332380772
1292.800049,-0.330759525
1292.900024,-0.323130131
1293,-0.340677738
1293.099976,-0.324799061
1293.200073,-0.339199543
1293.300049,-0.345541477
1293.400024,-0.327469349
1293.5,-0.341011524
1293.599976,-0.335527897
1293.700073,-0.329567432
1293.800049,-0.331665516
1293.900024,-0.334240437
1294,-0.338627338
1294.099976,-0.32928133
1294.200073,-0.333715916
1294.300049,-0.338865757
1294.400024,-0.353027821
1294.5,-0.335432529
1294.599976,-0.327707767
1294.700073,-0.334621906
1294.800049,-0.33762598
1294.900024,-0.339628696
1295,-0.336517334
1295.099976,-0.333763599
1295.200073,-0.33505106
1295.300049,-0.337673664
1295.400024,-0.33967638
1295.5,-0.342203617
1295.599976,-0.340510845
1295.700073,-0.339247227
1295.800049,-0.340916157
1295.900024,-0.346542835
1296,-0.332380772
1296.099976,-0.342728138
1296.200073,-0.333715916
1296.300049,-0.336195469
1296.400024,-0.334764957
1296.5,-0.335718632
1296.599976,-0.337673664
1296.700073,-0.337244511
1296.800049,-0.336672306
1296.900024,-0.337196827
1297,-0.338341236
1297.099976,-0.331427097
1297.200073,-0.341440678
1297.300049,-0.336481571
1297.400024,-0.333572865
1297.5,-0.33929491
1297.599976,-0.337244511
1297.700073,-0.343634129
1297.800049,-0.339199543
1297.900024,-0.342728138
1298,-0.342632771
1298.099976,-0.338913441
1298.200073,-0.333477497
1298.300049,-0.336815357
1298.400024,-0.349833012
1298.5,-0.335003376
1298.599976,-0.342012882
1298.700073,-0.338531971
1298.800049,-0.33800745
1298.900024,-0.335146427
1299,-0.342203617
1299.099976,-0.339104176
1299.200073,-0.339151859
1299.300049,-0.337244511
1299.400024,-0.338055134
1299.5,-0.33633852
1299.599976,-0.336576939
1299.700073,-0.336052418
1299.800049,-0.330187321
1299.900024,-0.330997944
1300,-0.333525181
1300.099976,-0.33762598
1300.200073,-0.329424381
1300.300049,-0.331951618
1300.400024,-0.334145069
1300.5,-0.344921589
1300.599976,-0.341440678
1300.700073,-0.340403557
1300.800049,-0.33800745
1300.900024,-0.337244511
1301,-0.331903934
1301.099976,-0.340534687
1301.200073,-0.326134205
1301.300049,-0.338436604
1301.400024,-0.33838892
1301.5,-0.342012882
1301.599976,-0.344778538
1301.700073,-0.33762598
1301.800049,-0.341249943
1301.900024,-0.33838892
1302,-0.335098743
1302.099976,-0.342966557
1302.200073,-0.33800745
1302.300049,-0.341392994
1302.400024,-0.337637901
1302.5,-0.336052418
1302.599976,-0.335098743
1302.700073,-0.340487003
1302.800049,-0.333429813
1302.900024,-0.338245869
1303,-0.342442036
1303.099976,-0.336433887
1303.200073,-0.342298985
1303.300049,-0.33877039
1303.400024,-0.337792873
1303.5,-0.335098743
1303.599976,-0.335003376
1303.700073,-0.336302757
1303.800049,-0.335813999
1303.900024,-0.33929491
1304,-0.343443394
1304.099976,-0.337721348
1304.200073,-0.332428455
1304.300049,-0.33929491
1304.400024,-0.347067356
1304.5,-0.332809925
1304.599976,-0.341440678
1304.700073,-0.335337162
1304.800049,-0.3296628
1304.900024,-0.340582371
1305,-0.336624622
1305.099976,-0.353981495
1305.200073,-0.326181889
1305.300049,-0.339962482
1305.400024,-0.337244511
1305.5,-0.334621906
1305.599976,-0.33004427
1305.700073,-0.337578297
1305.800049,-0.343061924
1305.900024,-0.344349384
1306,-0.33223772
1306.099976,-0.332094669
1306.200073,-0.333453655
1306.300049,-0.334049702
1306.400024,-0.335432529
1306.5,-0.33646965
1306.599976,-0.337721348
1306.700073,-0.338675022
1306.800049,-0.341631413
1306.900024,-0.34544611
1307,-0.337721348
1307.099976,-0.339390278
1307.200073,-0.340582371
1307.300049,-0.339437962
1307.400024,-0.33929491
1307.5,-0.339533329
1307.599976,-0.350786686
1307.700073,-0.337292194
1307.800049,-0.350548267
1307.900024,-0.337387562
1308,-0.339724064
1308.099976,-0.345398426
1308.200073,-0.332094669
1308.300049,-0.33877039
1308.400024,-0.340200901
1308.5,-0.33505106
1308.599976,-0.332142353
1308.700073,-0.340129375
1308.800049,-0.347019672
1308.900024,-0.346304417
1309,-0.341154575
1309.099976,-0.338961124
1309.200073,-0.339581013
1309.300049,-0.339938641
1309.400024,-0.340773106
1309.5,-0.34043932
1309.599976,-0.344277859
1309.700073,-0.347544193
1309.800049,-0.348354816
1309.900024,-0.33929491
1310,-0.333906651
1310.099976,-0.344635487
1310.200073,-0.335146427
1310.300049,-0.344826221
1310.400024,-0.33967638
1310.5,-0.349117756
1310.599976,-0.337769032
1310.700073,-0.342823505
1310.800049,-0.334812641
1310.900024,-0.348259449
1311,-0.338675022
1311.099976,-0.341249943
1311.200073,-0.343443394
1311.300049,-0.345970631
1311.400024,-0.344873905
1311.5,-0.348116398
1311.599976,-0.343872547
1311.700073,-0.338150501
1311.800049,-0.342489719
1311.900024,-0.346495152
1312,-0.341059208
1312.099976,-0.340010166
1312.200073,-0.345827579
1312.300049,-0.342537403
1312.400024,-0.339342594
1312.5,-0.334335804
1312.599976,-0.339151859
1312.700073,-0.349022388
1312.800049,-0.341392994
1312.900024,-0.351406574
1313,-0.336243153
1313.099976,-0.342585087
1313.200073,-0.339008808
1313.300049,-0.341798306
1313.400024,-0.342680454
1313.5,-0.342918873
1313.599976,-0.345124245
1313.700073,-0.346828938
1313.800049,-0.348068714
1313.900024,-0.345970631
1314,-0.347734928
1314.099976,-0.347019672
1314.200073,-0.347258091
1314.300049,-0.346614361
1314.400024,-0.343204975
1314.5,-0.348974705
1314.599976,-0.340820789
1314.700073,-0.348974705
1314.800049,-0.342155933
1314.900024,-0.355698109
1315,-0.355793476
1315.099976,-0.33967638
1315.200073,-0.340200901
1315.300049,-0.348259449
1315.400024,-0.35174036
1315.5,-0.344206333
1315.599976,-0.347723007
1315.700073,-0.349260807
1315.800049,-0.345684528
1315.900024,-0.346828938
1316,-0.346685886
1316.099976,-0.345684528
1316.200073,-0.345493793
1316.300049,-0.343765259
1316.400024,-0.343348026
1316.5,-0.345037818
1316.599976,-0.347544193
1316.700073,-0.345493793
1316.800049,-0.346399784
1316.900024,-0.34968996
1317,-0.353218555
1317.099976,-0.353647709
1317.200073,-0.353933811
1317.300049,-0.345875263
1317.400024,-0.34005785
1317.5,-0.349213123
1317.599976,-0.346256733
1317.700073,-0.360132694
1317.800049,-0.349642277
1317.900024,-0.343157291
1318,-0.347639561
1318.099976,-0.351788044
1318.200073,-0.350166798
1318.300049,-0.352360249
1318.400024,-0.347138882
1318.5,-0.343252659
1318.599976,-0.342775822
1318.700073,-0.346161366
1318.800049,-0.336290836
1318.900024,-0.354887486
1319,-0.346065998
1319.099976,-0.355698109
1319.200073,-0.34468317
1319.300049,-0.345732212
1319.400024,-0.345982552
1319.5,-0.34544611
1319.599976,-0.348068714
1319.700073,-0.346113682
1319.800049,-0.341392994
1319.900024,-0.34043932
1320,-0.34493351
1320.099976,-0.348545551
1320.200073,-0.349356174
1320.300049,-0.353743076
1320.400024,-0.343681812
1320.5,-0.350595951
1320.599976,-0.348545551
1320.700073,-0.342585087
1320.800049,-0.354124546
1320.900024,-0.344158649
1321,-0.344969273
1321.099976,-0.346161366
1321.200073,-0.345589161
1321.300049,-0.346876621
1321.400024,-0.348688602
1321.5,-0.347067356
1321.599976,-0.34749651
1321.700073,-0.349117756
1321.800049,-0.347734928
1321.900024,-0.347913742
1322,-0.347019672
1322.099976,-0.347782612
1322.200073,-0.344456673
1322.300049,-0.340868473
1322.400024,-0.342155933
1322.5,-0.349213123
1322.599976,-0.342966557
1322.700073,-0.349833012
1322.800049,-0.342203617
1322.900024,-0.349928379
1323,-0.356031895
1323.099976,-0.343443394
1323.200073,-0.346447468
1323.300049,-0.349213123
1323.400024,-0.346018314
1323.5,-0.348962784
1323.599976,-0.350214481
1323.700073,-0.350405216
1323.800049,-0.349785328
1323.900024,-0.356031895
1324,-0.346018314
1324.099976,-0.331617832
1324.200073,-0.345255375
1324.300049,-0.352169514
1324.400024,-0.348450184
1324.5,-0.346542835
1324.599976,-0.346876621
1324.700073,-0.348664761
1324.800049,-0.350977421
1324.900024,-0.350262165
1325,-0.355316639
1325.099976,-0.353552341
1325.200073,-0.353623867
1325.300049,-0.352455616
1325.400024,-0.353170872
1325.5,-0.352944374
1325.599976,-0.351120472
1325.700073,-0.355030537
1325.800049,-0.3504529
1325.900024,-0.338675022
1326,-0.350500584
1326.099976,-0.35751009
1326.200073,-0.349356174
1326.300049,-0.351168156
1326.400024,-0.352884769
1326.5,-0.348450184
1326.599976,-0.356079578
1326.700073,-0.344206333
1326.800049,-0.357414722
1326.900024,-0.347830296
1327,-0.353933811
1327.099976,-0.346447468
1327.200073,-0.349499226
1327.300049,-0.35956049
1327.400024,-0.347973347
1327.5,-0.35584116
1327.599976,-0.351931095
1327.700073,-0.350047588
1327.800049,-0.347162724
1327.900024,-0.345255375
1328,-0.361277103
1328.099976,-0.346638203
1328.200073,-0.358702183
1328.300049,-0.355268955
1328.400024,-0.357843876
1328.5,-0.344635487
1328.599976,-0.346447468
1328.700073,-0.355507374
1328.800049,-0.349976063
1328.900024,-0.35712862
1329,-0.35507822
1329.099976,-0.355507374
1329.200073,-0.350977421
1329.300049,-0.352002621
1329.400024,-0.350166798
1329.5,-0.351358891
1329.599976,-0.353886127
1329.700073,-0.353600025
1329.800049,-0.35174036
1329.900024,-0.3514781
1330,-0.352223158
1330.099976,-0.352598667
1330.200073,-0.353075504
1330.300049,-0.351835728
1330.400024,-0.352312565
1330.5,-0.353838444
1330.599976,-0.356174946
1330.700073,-0.355030537
1330.800049,-0.356127262
1330.900024,-0.351966858
1331,-0.350882053
1331.099976,-0.345827579
1331.200073,-0.348831654
1331.300049,-0.338722706
1331.400024,-0.360132694
1331.5,-0.344349384
1331.599976,-0.357843876
1331.700073,-0.338627338
1331.800049,-0.34749651
1331.900024,-0.347925663
1332,-0.353981495
1332.099976,-0.350023746
1332.200073,-0.354458332
1332.300049,-0.347401142
1332.400024,-0.34711504
1332.5,-0.352646351
1332.599976,-0.349403858
1332.700073,-0.354267597
1332.800049,-0.352646351
1332.900024,-0.353361607
1333,-0.356890202
1333.099976,-0.355316639
1333.200073,-0.349737644
1333.300049,-0.347019672
1333.400024,-0.356079578
1333.5,-0.35841608
1333.599976,-0.344444752
1333.700073,-0.339914799
1333.800049,-0.348116398
1333.900024,-0.346399784
1334,-0.351644993
1334.099976,-0.353313923
1334.200073,-0.353266239
1334.300049,-0.3530159
1334.400024,-0.349737644
1334.5,-0.355745792
1334.599976,-0.343634129
1334.700073,-0.359512806
1334.800049,-0.34005785
1334.900024,-0.349737644
1335,-0.359131336
1335.099976,-0.347973347
1335.200073,-0.354839802
1335.300049,-0.344540119
1335.400024,-0.352741718
1335.5,-0.353456974
1335.599976,-0.345922947
1335.700073,-0.344110966
1335.800049,-0.350977421
1335.900024,-0.344730854
1336,-0.342012882
1336.099976,-0.341822147
1336.200073,-0.347305775
1336.300049,-0.343538761
1336.400024,-0.356604099
1336.5,-0.358845234
1336.599976,-0.348879337
1336.700073,-0.354744434
1336.800049,-0.348354816
1336.900024,-0.346876621
1337,-0.349749565
1337.099976,-0.352741718
1337.200073,-0.351025105
1337.300049,-0.341440678
1337.400024,-0.347448826
1337.5,-0.341822147
1337.599976,-0.351835728
1337.700073,-0.350405216
1337.800049,-0.352920532
1337.900024,-0.353838444
1338,-0.351761222
1338.099976,-0.34968996
1338.200073,-0.350595951
1338.300049,-0.357653141
1338.400024,-0.352837086
1338.5,-0.353814602
1338.599976,-0.352217197
1338.700073,-0.352550983
1338.800049,-0.354029179
1338.900024,-0.346447468
1339,-0.352407932
1339.099976,-0.344110966
1339.200073,-0.347067356
1339.300049,-0.347401142
1339.400024,-0.350083351
1339.5,-0.349979043
1339.599976,-0.351215839
1339.700073,-0.351215839
1339.800049,-0.348485947
1339.900024,-0.345350742
1340,-0.346161366
1340.099976,-0.356651783
1340.200073,-0.355650425
1340.300049,-0.353385448
1340.400024,-0.351120472
1340.5,-0.350119114
1340.599976,-0.351263523
1340.700073,-0.359941959
1340.800049,-0.343538761
1340.900024,-0.354649067
1341,-0.35417223
1341.099976,-0.359846592
1341.200073,-0.353397369
1341.300049,-0.34916544
1341.400024,-0.350405216
1341.5,-0.34802103
1341.599976,-0.358654499
1341.700073,-0.355173588
1341.800049,-0.351501942
1341.900024,-0.354267597
1342,-0.355316639
1342.099976,-0.35622263
1342.200073,-0.356019974
1342.300049,-0.35725677
1342.400024,-0.358177662
1342.5,-0.358606815
1342.599976,-0.356031895
1342.700073,-0.34673357
1342.800049,-0.347925663
1342.900024,-0.358177662
1343,-0.356890202
1343.099976,-0.346447468
1343.200073,-0.35174036
1343.300049,-0.359512806
1343.400024,-0.350882053
1343.5,-0.352598667
1343.599976,-0.356461048
1343.700073,-0.353600025
1343.800049,-0.353909969
1343.900024,-0.35622263
1344,-0.349356174
1344.099976,-0.343967915
1344.200073,-0.3484025
1344.300049,-0.35507822
1344.400024,-0.359655857
1344.5,-0.346971989
1344.599976,-0.34005785
1344.700073,-0.358273029
1344.800049,-0.351978779
1344.900024,-0.362612247
1345,-0.34377718
1345.099976,-0.349403858
1345.200073,-0.3504529
1345.300049,-0.34878397
1345.400024,-0.347639561
1345.5,-0.350691319
1345.599976,-0.347877979
1345.700073,-0.361753941
1345.800049,-0.348688602
1345.900024,-0.358654499
1346,-0.361420155
1346.099976,-0.357998848
1346.200073,-0.355555058
1346.300049,-0.356365681
1346.400024,-0.347639561
1346.5,-0.353313923
1346.599976,-0.358654499
1346.700073,-0.353313923
1346.800049,-0.359655857
1346.900024,-0.350023746
1347,-0.358177662
1347.099976,-0.355221272
1347.200073,-0.356317997
1347.300049,-0.358058453
1347.400024,-0.361563206
1347.5,-0.359131336
1347.599976,-0.352074146
1347.700073,-0.355745792
1347.800049,-0.351358891
1347.900024,-0.355316639
1348,-0.349260807
1348.099976,-0.347687244
1348.200073,-0.351215839
1348.300049,-0.358511448
1348.400024,-0.354553699
1348.5,-0.360371113
1348.599976,-0.359274387
1348.700073,-0.349785328
1348.800049,-0.362612247
1348.900024,-0.349260807
1349,-0.35622263
1349.099976,-0.352741718
1349.200073,-0.361038685
1349.300049,-0.349546909
1349.400024,-0.360418797
1349.5,-0.354887486
1349.599976,-0.351501942
1349.700073,-0.354839802
1349.800049,-0.357629299
1349.900024,-0.363136768
1350,-0.361038685
1350.099976,-0.361217499
1350.200073,-0.359655857
1350.300049,-0.361038685
1350.400024,-0.356735229
1350.5,-0.352407932
1350.599976,-0.353838444
1350.700073,-0.353456974
1350.800049,-0.353504658
1350.900024,-0.351597309
1351,-0.349499226
1351.099976,-0.350357533
1351.200073,-0.34955883
1351.300049,-0.350262165
1351.400024,-0.348116398
1351.5,-0.354267597
1351.599976,-0.359083652
1351.700073,-0.357080936
1351.800049,-0.364281178
1351.900024,-0.359655857
1352,-0.364138126
1352.099976,-0.358463764
1352.200073,-0.359369755
1352.300049,-0.360037327
1352.400024,-0.358511448
1352.5,-0.35917902
1352.599976,-0.359238625
1352.700073,-0.357796192
1352.800049,-0.361467838
1352.900024,-0.357223988
1353,-0.354553699
1353.099976,-0.356651783
1353.200073,-0.358845234
1353.300049,-0.359846592
1353.400024,-0.354744434
1353.5,-0.36122942
1353.599976,-0.357176304
1353.700073,-0.364138126
1353.800049,-0.361849308
1353.900024,-0.353266239
1354,-0.360895634
1354.099976,-0.35545969
1354.200073,-0.350357533
1354.300049,-0.364471912
1354.400024,-0.358034611
1354.5,-0.355221272
1354.599976,-0.357033253
1354.700073,-0.351978779
1354.800049,-0.358034611
1354.900024,-0.362802982
1355,-0.363518238
1355.099976,-0.355316639
1355.200073,-0.358702183
1355.300049,-0.355936527
1355.400024,-0.364901066
1355.5,-0.358845234
1355.599976,-0.364662647
1355.700073,-0.360430717
1355.800049,-0.358749866
1355.900024,-0.359465122
1356,-0.349213123
1356.099976,-0.357653141
1356.200073,-0.368000507
1356.300049,-0.357462406
1356.400024,-0.360704899
1356.5,-0.357939243
1356.599976,-0.363136768
1356.700073,-0.358368397
1356.800049,-0.35789156
1356.900024,-0.353743076
1357,-0.355936527
1357.099976,-0.35417223
1357.200073,-0.353600025
1357.300049,-0.355364323
1357.400024,-0.360085011
1357.5,-0.353600025
1357.599976,-0.358737946
1357.700073,-0.360561848
1357.800049,-0.360704899
1357.900024,-0.36122942
1358,-0.358177662
1358.099976,-0.36289835
1358.200073,-0.360561848
1358.300049,-0.366331577
1358.400024,-0.353647709
1358.5,-0.359655857
1358.599976,-0.357176304
1358.700073,-0.356937885
1358.800049,-0.356663704
1358.900024,-0.356604099
1359,-0.358574033
1359.099976,-0.36046648
1359.200073,-0.360561848
1359.300049,-0.363518238
1359.400024,-0.356461048
1359.5,-0.365616322
1359.599976,-0.355364323
1359.700073,-0.351120472
1359.800049,-0.361277103
1359.900024,-0.369001865
1360,-0.369621754
1360.099976,-0.362326145
1360.200073,-0.364376545
1360.300049,-0.358273029
1360.400024,-0.361801624
1360.5,-0.364710331
1360.599976,-0.360609531
1360.700073,-0.358368397
1360.800049,-0.354649067
1360.900024,-0.35879755
1361,-0.360943317
1361.099976,-0.353170872
1361.200073,-0.353838444
1361.300049,-0.363279819
1361.400024,-0.358463764
1361.5,-0.36456728
1361.599976,-0.352455616
1361.700073,-0.35841608
1361.800049,-0.359226704
1361.900024,-0.358606815
1362,-0.360514164
1362.099976,-0.360418797
1362.200073,-0.360895634
1362.300049,-0.361658573
1362.400024,-0.354982853
1362.5,-0.377871037
1362.599976,-0.364901066
1362.700073,-0.35879755
1362.800049,-0.365568638
1362.900024,-0.365664005
1363,-0.366629601
1363.099976,-0.368525028
1363.200073,-0.366760731
1363.300049,-0.358225346
1363.400024,-0.372387409
1363.5,-0.355268955
1363.599976,-0.359226704
1363.700073,-0.355173588
1363.800049,-0.371147633
1363.900024,-0.365377903
1364,-0.359703541
1364.099976,-0.366331577
1364.200073,-0.362421513
1364.300049,-0.352264881
1364.400024,-0.365377903
1364.5,-0.36122942
1364.599976,-0.359608173
1364.700073,-0.362326145
1364.800049,-0.363708973
1364.900024,-0.364758015
1365,-0.363422871
1365.099976,-0.36084795
1365.200073,-0.370050907
1365.300049,-0.35379076
1365.400024,-0.358559132
1365.5,-0.35956049
1365.599976,-0.36046648
1365.700073,-0.358559132
1365.800049,-0.360800266
1365.900024,-0.357462406
1366,-0.358916759
1366.099976,-0.358702183
1366.200073,-0.358702183
1366.300049,-0.361038685
1366.400024,-0.362373829
1366.5,-0.364376545
1366.599976,-0.357462406
1366.700073,-0.363232136
1366.800049,-0.359512806
1366.900024,-0.359083652
1367,-0.359322071
1367.099976,-0.357724667
1367.200073,-0.356651783
1367.300049,-0.35584116
1367.400024,-0.356413364
1367.5,-0.357080936
1367.599976,-0.366188526
1367.700073,-0.36661768
1367.800049,-0.367714405
1367.900024,-0.362850666
1368,-0.367285252
1368.099976,-0.36122942
1368.200073,-0.359798908
1368.300049,-0.35674715
1368.400024,-0.358559132
1368.5,-0.359024048
1368.599976,-0.361086369
1368.700073,-0.359703541
1368.800049,-0.359417439
1368.900024,-0.358559132
1369,-0.358320713
1369.099976,-0.362040043
1369.200073,-0.349117756
1369.300049,-0.362230778
1369.400024,-0.358368397
1369.5,-0.351597309
1369.599976,-0.355936527
1369.700073,-0.35545969
1369.800049,-0.356663704
1369.900024,-0.359322071
1370,-0.355936527
1370.099976,-0.358988285
1370.200073,-0.358082294
1370.300049,-0.355316639
1370.400024,-0.361181736
1370.5,-0.367809772
1370.599976,-0.356890202
1370.700073,-0.360228062
1370.800049,-0.355221272
1370.900024,-0.359131336
1371,-0.357939243
1371.099976,-0.368858814
1371.200073,-0.362421513
1371.300049,-0.366760731
1371.400024,-0.364996433
1371.5,-0.360037327
1371.599976,-0.35674715
1371.700073,-0.355030537
1371.800049,-0.358129978
1371.900024,-0.344921589
1372,-0.364758015
1372.099976,-0.35841608
1372.200073,-0.366522312
1372.300049,-0.35751009
1372.400024,-0.354839802
1372.5,-0.362278461
1372.599976,-0.358463764
1372.700073,-0.363279819
1372.800049,-0.355698109
1372.900024,-0.364996433
1373,-0.359083652
1373.099976,-0.360180378
1373.200073,-0.35545969
1373.300049,-0.364853382
1373.400024,-0.375296116
1373.5,-0.352741718
1373.599976,-0.358988285
1373.700073,-0.360180378
1373.800049,-0.357927322
1373.900024,-0.355507374
1374,-0.357033253
1374.099976,-0.354029179
1374.200073,-0.362755299
1374.300049,-0.355221272
1374.400024,-0.359798908
1374.5,-0.366093159
1374.599976,-0.362421513
1374.700073,-0.358082294
1374.800049,-0.368954182
1374.900024,-0.354839802
1375,-0.359417439
1375.099976,-0.366045475
1375.200073,-0.358511448
1375.300049,-0.366426945
1375.400024,-0.354553699
1375.5,-0.357271671
1375.599976,-0.359941959
1375.700073,-0.364805698
1375.800049,-0.363136768
1375.900024,-0.367285252
1376,-0.356461048
1376.099976,-0.366522312
1376.200073,-0.359989643
1376.300049,-0.357271671
1376.400024,-0.356365681
1376.5,-0.35622263
1376.599976,-0.36213541
1376.700073,-0.367857456
1376.800049,-0.356556416
1376.900024,-0.369478703
1377,-0.367714405
1377.099976,-0.366665363
1377.200073,-0.368858814
1377.300049,-0.369585991
1377.400024,-0.369001865
1377.5,-0.373817921
1377.599976,-0.371719837
1377.700073,-0.369335651
1377.800049,-0.372101307
1377.900024,-0.3707304
1378,-0.370623112
1378.099976,-0.37086153
1378.200073,-0.363470554
1378.300049,-0.355793476
1378.400024,-0.367046833
1378.5,-0.369431019
1378.599976,-0.360752583
1378.700073,-0.363565922
1378.800049,-0.360180378
1378.900024,-0.355268955
1379,-0.370527744
1379.099976,-0.362993717
1379.200073,-0.372339725
1379.300049,-0.362040043
1379.400024,-0.35789156
1379.5,-0.366379261
1379.599976,-0.368477345
1379.700073,-0.36547327
1379.800049,-0.362981796
1379.900024,-0.359894276
1380,-0.358082294
1380.099976,-0.361372471
1380.200073,-0.362802982
1380.300049,-0.360800266
1380.400024,-0.370050907
1380.5,-0.35956049
1380.599976,-0.368620396
1380.700073,-0.366665363
1380.800049,-0.366951466
1380.900024,-0.371576786
1381,-0.368477345
1381.099976,-0.364662647
1381.200073,-0.370432377
1381.300049,-0.358463764
1381.400024,-0.374628544
1381.5,-0.367809772
1381.599976,-0.36623621
1381.700073,-0.36547327
1381.800049,-0.364138126
1381.900024,-0.362612247
1382,-0.362612247
1382.099976,-0.368668079
1382.200073,-0.362278461
1382.300049,-0.368334293
1382.400024,-0.361658573
1382.5,-0.357748508
1382.599976,-0.357271671
1382.700073,-0.366760731
1382.800049,-0.371004581
1382.900024,-0.374056339
1383,-0.37086153
1383.099976,-0.363041401
1383.200073,-0.35879755
1383.300049,-0.359810829
1383.400024,-0.361086369
1383.5,-0.363580823
1383.599976,-0.367475986
1383.700073,-0.365950108
1383.800049,-0.357033253
1383.900024,-0.367428303
1384,-0.375772953
1384.099976,-0.354649067
1384.200073,-0.368763447
1384.300049,-0.363279819
1384.400024,-0.3691926
1384.5,-0.36790514
1384.599976,-0.366903782
1384.700073,-0.369049549
1384.800049,-0.367809772
1384.900024,-0.364042759
1385,-0.365771294
1385.099976,-0.36661768
1385.200073,-0.364614964
1385.300049,-0.364996433
1385.400024,-0.360704899
1385.5,-0.361074448
1385.599976,-0.360037327
1385.700073,-0.363300681
1385.800049,-0.365807056
1385.900024,-0.366283894
1386,-0.365997791
1386.099976,-0.366605759
1386.200073,-0.36828661
1386.300049,-0.36585474
1386.400024,-0.370098591
1386.5,-0.3732934
1386.599976,-0.366045475
1386.700073,-0.363136768
1386.800049,-0.366140842
1386.900024,-0.363422871
1387,-0.368763447
1387.099976,-0.371052265
1387.200073,-0.360323429
1387.300049,-0.364376545
1387.400024,-0.360180378
1387.5,-0.366045475
1387.599976,-0.370384693
1387.700073,-0.36289835
1387.800049,-0.360275745
1387.900024,-0.366760731
1388,-0.371195316
1388.099976,-0.371719837
1388.200073,-0.368215084
1388.300049,-0.364328861
1388.400024,-0.365616322
1388.5,-0.365282536
1388.599976,-0.36752367
1388.700073,-0.362230778
1388.800049,-0.365187168
1388.900024,-0.374628544
1389,-0.375296116
1389.099976,-0.363136768
1389.200073,-0.361753941
1389.300049,-0.365377903
1389.400024,-0.369907856
1389.5,-0.363184452
1389.599976,-0.364328861
1389.700073,-0.366188526
1389.800049,-0.359465122
1389.900024,-0.3691926
1390,-0.37830019
1390.099976,-0.371719837
1390.200073,-0.362278461
1390.300049,-0.371099949
1390.400024,-0.376583576
1390.5,-0.371529102
1390.599976,-0.370098591
1390.700073,-0.367619038
1390.800049,-0.364853382
1390.900024,-0.365711689
1391,-0.365568638
1391.099976,-0.376678944
1391.200073,-0.377060413
1391.300049,-0.355698109
1391.400024,-0.379396915
1391.5,-0.362326145
1391.599976,-0.370813847
1391.700073,-0.37830019
1391.800049,-0.350119114
1391.900024,-0.369144917
1392,-0.358273029
1392.099976,-0.358845234
1392.200073,-0.373627186
1392.300049,-0.362373829
1392.400024,-0.378490925
1392.5,-0.3671422
1392.599976,-0.367094517
1392.700073,-0.377584934
1392.800049,-0.363327503
1392.900024,-0.373627186
1393,-0.368048191
1393.099976,-0.362469196
1393.200073,-0.369097233
1393.300049,-0.362993717
1393.400024,-0.371147633
1393.5,-0.370003223
1393.599976,-0.378395557
1393.700073,-0.361706257
1393.800049,-0.368477345
1393.900024,-0.371862888
1394,-0.36752367
1394.099976,-0.374390125
1394.200073,-0.370766163
1394.300049,-0.375772953
1394.400024,-0.369717121
1394.5,-0.366713047
1394.599976,-0.370432377
1394.700073,-0.367297173
1394.800049,-0.366665363
1394.900024,-0.365377903
1395,-0.364901066
1395.099976,-0.367571354
1395.200073,-0.376011372
1395.300049,-0.372721195
1395.400024,-0.363422871
1395.5,-0.362373829
1395.599976,-0.366152763
1395.700073,-0.365321279
1395.800049,-0.366522312
1395.900024,-0.36623621
1396,-0.366569996
1396.099976,-0.36957407
1396.200073,-0.374008656
1396.300049,-0.371338367
1396.400024,-0.372482777
1396.5,-0.374819279
1396.599976,-0.369764805
1396.700073,-0.373054981
1396.800049,-0.374247074
1396.900024,-0.372315884
1397,-0.370480061
1397.099976,-0.371481419
1397.200073,-0.368143559
1397.300049,-0.36418581
1397.400024,-0.362564564
1397.5,-0.371099949
1397.599976,-0.363041401
1397.700073,-0.369764805
1397.800049,-0.370813847
1397.900024,-0.37791872
1398,-0.359989643
1398.099976,-0.370146275
1398.200073,-0.359131336
1398.300049,-0.375105381
1398.400024,-0.358940601
1398.5,-0.358368397
1398.599976,-0.365020275
1398.700073,-0.372148991
1398.800049,-0.370623112
1398.900024,-0.37291193
1399,-0.374819279
1399.099976,-0.374056339
1399.200073,-0.37201786
1399.300049,-0.369097233
1399.400024,-0.370098591
1399.5,-0.377298832
1399.599976,-0.363947392
1399.700073,-0.371052265
1399.800049,-0.367809772
1399.900024,-0.367952824
1400,-0.366999149
1400.099976,-0.365950108
1400.200073,-0.369025707
1400.300049,-0.370241642
1400.400024,-0.37291193
1400.5,-0.373329163
1400.599976,-0.375010014
1400.700073,-0.375153065
1400.800049,-0.371099949
1400.900024,-0.365568638
1401,-0.366188526
1401.099976,-0.374819279
1401.200073,-0.378729343
1401.300049,-0.372339725
1401.400024,-0.358845234
1401.5,-0.367762089
1401.599976,-0.371481419
1401.700073,-0.371767521
1401.800049,-0.373388767
1401.900024,-0.365091801
1402,-0.367809772
1402.099976,-0.365664005
1402.200073,-0.362087727
1402.300049,-0.363971233
1402.400024,-0.363947392
1402.5,-0.36418581
1402.599976,-0.372292042
1402.700073,-0.374294758
1402.800049,-0.368906498
1402.900024,-0.372244358
1403,-0.366808414
1403.099976,-0.370289326
1403.200073,-0.370718479
1403.300049,-0.371815205
1403.400024,-0.36790514
1403.5,-0.365568638
1403.599976,-0.369395256
1403.700073,-0.371195316
1403.800049,-0.37291193
1403.900024,-0.370289326
1404,-0.364710331
1404.099976,-0.374294758
1404.200073,-0.366713047
1404.300049,-0.373722553
1404.400024,-0.36828661
1404.5,-0.362326145
1404.599976,-0.37086153
1404.700073,-0.370575428
1404.800049,-0.369478703
1404.900024,-0.372292042
1405,-0.378347874
1405.099976,-0.373054981
1405.200073,-0.369621754
1405.300049,-0.371946335
1405.400024,-0.371338367
1405.5,-0.373770237
1405.599976,-0.36623621
1405.700073,-0.369478703
1405.800049,-0.370909214
1405.900024,-0.36547327
1406,-0.359894276
1406.099976,-0.369097233
1406.200073,-0.373150349
1406.300049,-0.378347874
1406.400024,-0.376774311
1406.5,-0.371529102
1406.599976,-0.367332935
1406.700073,-0.368381977
1406.800049,-0.366999149
1406.900024,-0.368191242
1407,-0.366140842
1407.099976,-0.363470554
1407.200073,-0.364769936
1407.300049,-0.364614964
1407.400024,-0.364853382
1407.5,-0.36995554
1407.599976,-0.369717121
1407.700073,-0.357080936
1407.800049,-0.340820789
1407.900024,-0.347830296
1408,-0.348307133
1408.099976,-0.342585087
1408.200073,-0.343967915
1408.300049,-0.341297626
1408.400024,-0.343419552
1408.5,-0.344730854
1408.599976,-0.343681812
1408.700073,-0.343836784
1408.800049,-0.343348026
1408.900024,-0.343586445
1409,-0.342871189
1409.099976,-0.344873905
1409.200073,-0.33967638
1409.300049,-0.34339571
1409.400024,-0.337292194
1409.5,-0.337196827
1409.599976,-0.3504529
1409.700073,-0.337292194
1409.800049,-0.34544611
1409.900024,-0.335337162
1410,-0.349928379
1410.099976,-0.341774464
1410.200073,-0.343824863
1410.300049,-0.346495152
1410.400024,-0.33929491
1410.5,-0.341202259
1410.599976,-0.341869831
1410.700073,-0.337196827
1410.800049,-0.345601082
1410.900024,-0.350166798
1411,-0.342468858
1411.099976,-0.338198185
1411.200073,-0.335909367
1411.300049,-0.339473724
1411.400024,-0.341583729
1411.5,-0.342203617
1411.599976,-0.349880695
1411.700073,-0.343598366
1411.800049,-0.340391636
1411.900024,-0.341917515
1412,-0.346256733
1412.099976,-0.33762598
1412.200073,-0.344301701
1412.300049,-0.34749651
1412.400024,-0.343920231
1412.5,-0.342442036
1412.599976,-0.34377718
1412.700073,-0.335003376
1412.800049,-0.342585087
1412.900024,-0.33056879
1413,-0.345779896
1413.099976,-0.336958408
1413.200073,-0.348211765
1413.300049,-0.343061924
1413.400024,-0.342823505
1413.5,-0.344444752
1413.599976,-0.346447468
1413.700073,-0.349356174
1413.800049,-0.340630054
1413.900024,-0.333763599
1414,-0.340248585
1414.099976,-0.343824863
1414.200073,-0.344873905
1414.300049,-0.340820789
1414.400024,-0.340296268
1414.5,-0.343491077
1414.599976,-0.339056492
1414.700073,-0.334192753
1414.800049,-0.339819431
1414.900024,-0.349737644
1415,-0.343204975
1415.099976,-0.340773106
1415.200073,-0.348307133
1415.300049,-0.350119114
1415.400024,-0.338341236
1415.5,-0.341583729
1415.599976,-0.350405216
1415.700073,-0.349308491
1415.800049,-0.339628696
1415.900024,-0.341440678
1416,-0.342537403
1416.099976,-0.343872547
1416.200073,-0.345207691
1416.300049,-0.343824863
1416.400024,-0.34134531
1416.5,-0.341679096
1416.599976,-0.340665817
1416.700073,-0.339962482
1416.800049,-0.341306567
1416.900024,-0.342251301
1417,-0.342346668
1417.099976,-0.343204975
1417.200073,-0.344158649
1417.300049,-0.344063282
1417.400024,-0.344838142
1417.5,-0.34468317
1417.599976,-0.346447468
1417.700073,-0.342251301
1417.800049,-0.33633852
1417.900024,-0.345016956
1418,-0.341106892
1418.099976,-0.340725422
1418.200073,-0.341297626
1418.300049,-0.342537403
1418.400024,-0.342358589
1418.5,-0.339724064
1418.599976,-0.345875263
1418.700073,-0.340582371
1418.800049,-0.339437962
1418.900024,-0.340868473
1419,-0.341154575
1419.099976,-0.34711504
1419.200073,-0.332476139
1419.300049,-0.340582371
1419.400024,-0.345732212
1419.5,-0.34210825
1419.599976,-0.340379715
1419.700073,-0.337912083
1419.800049,-0.335766315
1419.900024,-0.347639561
1420,-0.337530613
1420.099976,-0.347448826
1420.200073,-0.343920231
1420.300049,-0.342251301
1420.400024,-0.345827579
1420.5,-0.34802103
1420.599976,-0.343967915
1420.700073,-0.335813999
1420.800049,-0.341440678
1420.900024,-0.351072788
1421,-0.341774464
1421.099976,-0.336147785
1421.200073,-0.339151859
1421.300049,-0.339104176
1421.400024,-0.341106892
1421.5,-0.340010166
1421.599976,-0.337292194
1421.700073,-0.334526539
1421.800049,-0.333525181
1421.900024,-0.342966557
1422,-0.354267597
1422.099976,-0.347305775
1422.200073,-0.340153217
1422.300049,-0.345970631
1422.400024,-0.341154575
1422.5,-0.332380772
1422.599976,-0.33671999
1422.700073,-0.341202259
1422.800049,-0.339485645
1422.900024,-0.337792873
1423,-0.334812641
1423.099976,-0.335670948
1423.200073,-0.340820789
1423.300049,-0.344397068
1423.400024,-0.346876621
1423.5,-0.343443394
1423.599976,-0.345827579
1423.700073,-0.345636845
1423.800049,-0.346685886
1423.900024,-0.345648766
1424,-0.343443394
1424.099976,-0.346828938
1424.200073,-0.345875263
1424.300049,-0.342489719
1424.400024,-0.339199543
1424.5,-0.342918873
1424.599976,-0.340689659
1424.700073,-0.34043932
1424.800049,-0.340200901
1424.900024,-0.340153217
1425,-0.345779896
1425.099976,-0.349976063
1425.200073,-0.341977119
1425.300049,-0.336767673
1425.400024,-0.335384846
1425.5,-0.342060566
1425.599976,-0.343157291
1425.700073,-0.342537403
1425.800049,-0.345112324
1425.900024,-0.341059208
1426,-0.342489719
1426.099976,-0.341965199
1426.200073,-0.342477798
1426.300049,-0.342871189
1426.400024,-0.342585087
1426.5,-0.342060566
1426.599976,-0.339962482
1426.700073,-0.343586445
1426.800049,-0.345732212
1426.900024,-0.334717274
1427,-0.341297626
1427.099976,-0.336481571
1427.200073,-0.346638203
1427.300049,-0.33929491
1427.400024,-0.334955692
1427.5,-0.339056492
1427.599976,-0.335861683
1427.700073,-0.341249943
1427.800049,-0.348593235
1427.900024,-0.34172678
1428,-0.345255375
1428.099976,-0.34096384
1428.200073,-0.346018314
1428.300049,-0.341631413
1428.400024,-0.344540119
1428.5,-0.345827579
1428.599976,-0.343443394
1428.700073,-0.352789402
1428.800049,-0.344254017
1428.900024,-0.337864399
1429,-0.345541477
1429.099976,-0.342537403
1429.200073,-0.344587803
1429.300049,-0.344158649
1429.400024,-0.342692375
1429.5,-0.342012882
1429.599976,-0.340010166
1429.700073,-0.335766315
1429.800049,-0.348164082
1429.900024,-0.34377718
1430,-0.340773106
1430.099976,-0.342632771
1430.200073,-0.34468317
1430.300049,-0.343491077
1430.400024,-0.34608984
1430.5,-0.350929737
1430.599976,-0.345255375
1430.700073,-0.333858967
1430.800049,-0.348593235
1430.900024,-0.344206333
1431,-0.334097385
1431.099976,-0.341059208
1431.200073,-0.331903934
1431.300049,-0.343824863
1431.400024,-0.336958408
1431.5,-0.346495152
1431.599976,-0.345732212
1431.700073,-0.347639561
1431.800049,-0.347448826
1431.900024,-0.345016956
1432,-0.349070072
1432.099976,-0.333858967
1432.200073,-0.337244511
1432.300049,-0.339247227
1432.400024,-0.330187321
1432.5,-0.337482929
1432.599976,-0.344778538
1432.700073,-0.349928379
1432.800049,-0.353170872
1432.900024,-0.339581013
1433,-0.342060566
1433.099976,-0.346924305
1433.200073,-0.33428812
1433.300049,-0.341631413
1433.400024,-0.340582371
1433.5,-0.343443394
1433.599976,-0.347401142
1433.700073,-0.344158649
1433.800049,-0.337006092
1433.900024,-0.34377718
1434,-0.335718632
1434.099976,-0.34210825
1434.200073,-0.348831654
1434.300049,-0.336624622
1434.400024,-0.34210825
1434.5,-0.348211765
1434.599976,-0.337482929
1434.700073,-0.346924305
1434.800049,-0.342728138
1434.900024,-0.339724064
1435,-0.336815357
1435.099976,-0.345684528
1435.200073,-0.341488361
1435.300049,-0.343443394
1435.400024,-0.350309849
1435.5,-0.347305775
1435.599976,-0.34749651
1435.700073,-0.347174644
1435.800049,-0.347019672
1435.900024,-0.346876621
1436,-0.340296268
1436.099976,-0.35379076
1436.200073,-0.343252659
1436.300049,-0.336290836
1436.400024,-0.339044571
1436.5,-0.339533329
1436.599976,-0.33710146
1436.700073,-0.345589161
1436.800049,-0.342775822
1436.900024,-0.335813999
1437,-0.339056492
1437.099976,-0.342871189
1437.200073,-0.342680454
1437.300049,-0.34878397
1437.400024,-0.334764957
1437.5,-0.342823505
1437.599976,-0.334908009
1437.700073,-0.3463521
1437.800049,-0.345684528
1437.900024,-0.346340179
1438,-0.345398426
1438.099976,-0.347925663
1438.200073,-0.343955994
1438.300049,-0.340487003
1438.400024,-0.342012882
1438.5,-0.33595705
1438.599976,-0.342346668
1438.700073,-0.345732212
1438.800049,-0.343491077
1438.900024,-0.347448826
1439,-0.340630054
1439.099976,-0.342966557
1439.200073,-0.340820789
1439.300049,-0.340534687
1439.400024,-0.339151859
1439.5,-0.344492435
1439.599976,-0.341869831
1439.700073,-0.346209049
1439.800049,-0.339056492
1439.900024,-0.333620548
1440,-0.342632771
1440.099976,-0.346018314
1440.200073,-0.346685886
1440.300049,-0.345875263
1440.400024,-0.337578297
1440.5,-0.33762598
1440.599976,-0.341917515
1440.700073,-0.342823505
1440.800049,-0.346542835
1440.900024,-0.344206333
1441,-0.340296268
1441.099976,-0.343586445
1441.200073,-0.337721348
1441.300049,-0.342871189
1441.400024,-0.346685886
1441.5,-0.34544611
1441.599976,-0.34043932
1441.700073,-0.346209049
1441.800049,-0.338722706
1441.900024,-0.347353458
1442,-0.326754093
1442.099976,-0.335670948
1442.200073,-0.346542835
1442.300049,-0.344110966
1442.400024,-0.34506464
1442.5,-0.344015598
1442.599976,-0.342298985
1442.700073,-0.342442036
1442.800049,-0.33633852
1442.900024,-0.342775822
1443,-0.336910725
1443.099976,-0.337912083
1443.200073,-0.341202259
1443.300049,-0.345779896
1443.400024,-0.344206333
1443.5,-0.344254017
1443.599976,-0.340749264
1443.700073,-0.336290836
1443.800049,-0.338245869
1443.900024,-0.336433887
1444,-0.336827278
1444.099976,-0.336746812
1444.200073,-0.337053776
1444.300049,-0.336672306
1444.400024,-0.33825779
1444.5,-0.341488361
1444.599976,-0.337816715
1444.700073,-0.344587803
1444.800049,-0.340725422
1444.900024,-0.342346668
1445,-0.340773106
1445.099976,-0.338198185
1445.200073,-0.340630054
1445.300049,-0.347019672
1445.400024,-0.330616474
1445.5,-0.350357533
1445.599976,-0.333143711
1445.700073,-0.347734928
1445.800049,-0.353695393
1445.900024,-0.341392994
1446,-0.335575581
1446.099976,-0.334717274
1446.200073,-0.340916157
1446.300049,-0.334574223
1446.400024,-0.340916157
1446.5,-0.328995228
1446.599976,-0.338484287
1446.700073,-0.339533329
1446.800049,-0.340773106
1446.900024,-0.339247227
1447,-0.339104176
1447.099976,-0.337578297
1447.200073,-0.339247227
1447.300049,-0.34172678
1447.400024,-0.342465878
1447.5,-0.344254017
1447.599976,-0.344635487
1447.700073,-0.34377718
1447.800049,-0.337244511
1447.900024,-0.336386204
1448,-0.338198185
1448.099976,-0.339342594
1448.200073,-0.339819431
1448.300049,-0.341774464
1448.400024,-0.337149143
1448.5,-0.340606213
1448.599976,-0.341536045
1448.700073,-0.341965199
1448.800049,-0.342310905
1448.900024,-0.343586445
1449,-0.342155933
1449.099976,-0.343979836
1449.200073,-0.347782612
1449.300049,-0.342394352
1449.400024,-0.345970631
1449.5,-0.337339878
1449.599976,-0.342871189
1449.700073,-0.341631413
1449.800049,-0.344206333
1449.900024,-0.335861683
1450,-0.343920231
1450.099976,-0.340153217
1450.200073,-0.334145069
1450.300049,-0.346447468
1450.400024,-0.355030537
1450.5,-0.338961124
1450.599976,-0.340343952
1450.700073,-0.345398426
1450.800049,-0.349737644
1450.900024,-0.342298985
1451,-0.335861683
1451.099976,-0.342585087
1451.200073,-0.335623264
1451.300049,-0.342251301
1451.400024,-0.350691319
1451.5,-0.339867115
1451.599976,-0.341154575
1451.700073,-0.349117756
1451.800049,-0.355888844
1451.900024,-0.339342594
1452,-0.337196827
1452.099976,-0.347877979
1452.200073,-0.340916157
1452.300049,-0.347067356
1452.400024,-0.3504529
1452.5,-0.338245869
1452.599976,-0.340487003
1452.700073,-0.339068413
1452.800049,-0.337435246
1452.900024,-0.340105534
1453,-0.340725422
1453.099976,-0.33762598
1453.200073,-0.337578297
1453.300049,-0.338126659
1453.400024,-0.338627338
1453.5,-0.338675022
1453.599976,-0.342155933
1453.700073,-0.337578297
1453.800049,-0.34005785
1453.900024,-0.336910725
1454,-0.341965199
1454.099976,-0.338341236
1454.200073,-0.343252659
1454.300049,-0.346495152
1454.400024,-0.346209049
1454.5,-0.344659328
1454.599976,-0.344826221
1454.700073,-0.341106892
1454.800049,-0.334192753
1454.900024,-0.331570148
1455,-0.3276124
1455.099976,-0.346065998
1455.200073,-0.335527897
1455.300049,-0.340391636
1455.400024,-0.346590519
1455.5,-0.342489719
1455.599976,-0.346781254
1455.700073,-0.34916544
1455.800049,-0.348879337
1455.900024,-0.344969273
1456,-0.343109608
1456.099976,-0.341583729
1456.200073,-0.334192753
1456.300049,-0.339819431
1456.400024,-0.334860325
1456.5,-0.337435246
1456.599976,-0.336195469
1456.700073,-0.336195469
1456.800049,-0.348259449
1456.900024,-0.341106892
1457,-0.34802103
1457.099976,-0.343872547
1457.200073,-0.334478855
1457.300049,-0.341583729
1457.400024,-0.347353458
1457.5,-0.345303059
1457.599976,-0.345541477
1457.700073,-0.343729496
1457.800049,-0.345779896
1457.900024,-0.341059208
1458,-0.341750622
1458.099976,-0.339151859
1458.200073,-0.341011524
1458.300049,-0.340105534
1458.400024,-0.34711504
1458.5,-0.346876621
1458.599976,-0.350357533
1458.700073,-0.343824863
1458.800049,-0.346638203
1458.900024,-0.343991756
1459,-0.341774464
1459.099976,-0.343729496
1459.200073,-0.342608929
1459.300049,-0.344730854
1459.400024,-0.340200901
1459.5,-0.34711504
1459.599976,-0.343634129
1459.700073,-0.333715916
1459.800049,-0.336481571
1459.900024,-0.338579655
1460,-0.346447468
1460.099976,-0.326849461
1460.200073,-0.342298985
1460.300049,-0.337482929
1460.400024,-0.35674715
1460.5,-0.349070072
1460.599976,-0.340868473
1460.700073,-0.336147785
1460.800049,-0.343300343
1460.900024,-0.337244511
1461,-0.34339571
1461.099976,-0.336815357
1461.200073,-0.343634129
1461.300049,-0.346685886
1461.400024,-0.344969273
1461.5,-0.348354816
1461.599976,-0.350643635
1461.700073,-0.340248585
1461.800049,-0.347210407
1461.900024,-0.342442036
1462,-0.330616474
1462.099976,-0.342871189
1462.200073,-0.339342594
1462.300049,-0.348307133
1462.400024,-0.348497868
1462.5,-0.341679096
1462.599976,-0.348211765
1462.700073,-0.336529255
1462.800049,-0.334860325
1462.900024,-0.339437962
1463,-0.341297626
1463.099976,-0.34506464
1463.200073,-0.342442036
1463.300049,-0.343491077
1463.400024,-0.340391636
1463.5,-0.341440678
1463.599976,-0.34172678
1463.700073,-0.341583729
1463.800049,-0.341679096
1463.900024,-0.341488361
1464,-0.337816715
1464.099976,-0.343872547
1464.200073,-0.34916544
1464.300049,-0.342012882
1464.400024,-0.345970631
1464.5,-0.34544611
1464.599976,-0.331570148
1464.700073,-0.34916544
1464.800049,-0.338579655
1464.900024,-0.334097385
1465,-0.340582371
1465.099976,-0.339771748
1465.200073,-0.339199543
1465.300049,-0.340796947
1465.400024,-0.343920231
1465.5,-0.340296268
1465.599976,-0.346542835
1465.700073,-0.347353458
1465.800049,-0.338865757
1465.900024,-0.338627338
1466,-0.339104176
1466.099976,-0.342012882
1466.200073,-0.336910725
1466.300049,-0.343252659
1466.400024,-0.336624622
1466.5,-0.340248585
1466.599976,-0.336195469
1466.700073,-0.331570148
1466.800049,-0.34673357
1466.900024,-0.342012882
1467,-0.339628696
1467.099976,-0.341679096
1467.200073,-0.346781254
1467.300049,-0.339068413
1467.400024,-0.333096027
1467.5,-0.334717274
1467.599976,-0.338222027
1467.700073,-0.342585087
1467.800049,-0.342489719
1467.900024,-0.337947845
1468,-0.338755488
1468.099976,-0.336672306
1468.200073,-0.337912083
1468.300049,-0.340105534
1468.400024,-0.347019672
1468.5,-0.347210407
1468.599976,-0.342394352
1468.700073,-0.340248585
1468.800049,-0.34134531
1468.900024,-0.338293552
1469,-0.344254017
1469.099976,-0.347448826
1469.200073,-0.350309849
1469.300049,-0.338102818
1469.400024,-0.348354816
1469.5,-0.342585087
1469.599976,-0.34749651
1469.700073,-0.339724064
1469.800049,-0.34043932
1469.900024,-0.342203617
1470,-0.345541477
1470.099976,-0.343109608
1470.200073,-0.34711504
1470.300049,-0.343848705
1470.400024,-0.34134531
1470.5,-0.343824863
1470.599976,-0.337053776
1470.700073,-0.338722706
1470.800049,-0.345827579
1470.900024,-0.336386204
1471,-0.342394352
1471.099976,-0.341965199
1471.200073,-0.341154575
1471.300049,-0.334383488
1471.400024,-0.333191395
1471.5,-0.344015598
1471.599976,-0.344635487
1471.700073,-0.339867115
1471.800049,-0.341011524
1471.900024,-0.33929491
1472,-0.344254017
1472.099976,-0.340200901
1472.200073,-0.341202259
1472.300049,-0.344969273
1472.400024,-0.343252659
1472.5,-0.348879337
1472.599976,-0.346971989
1472.700073,-0.346924305
1472.800049,-0.345636845
1472.900024,-0.344254017
1473,-0.344397068
1473.099976,-0.342263222
1473.200073,-0.338198185
1473.300049,-0.342203617
1473.400024,-0.339485645
1473.5,-0.337339878
1473.599976,-0.34711504
1473.700073,-0.35379076
1473.800049,-0.350786686
1473.900024,-0.35187149
1474,-0.352169514
1474.099976,-0.350739002
1474.200073,-0.35622263
1474.300049,-0.346018314
1474.400024,-0.338293552
1474.5,-0.341011524
1474.599976,-0.340451241
1474.700073,-0.339724064
1474.800049,-0.342775822
1474.900024,-0.347544193
1475,-0.342394352
1475.099976,-0.340582371
1475.200073,-0.347877979
1475.300049,-0.35083437
1475.400024,-0.345160007
1475.5,-0.352074146
1475.599976,-0.344444752
1475.700073,-0.334860325
1475.800049,-0.343300343
1475.900024,-0.340725422
1476,-0.334812641
1476.099976,-0.354982853
1476.200073,-0.332857609
1476.300049,-0.342298985
1476.400024,-0.334574223
1476.5,-0.332476139
1476.599976,-0.337244511
1476.700073,-0.349403858
1476.800049,-0.331093311
1476.900024,-0.348450184
1477,-0.349022388
1477.099976,-0.346316338
1477.200073,-0.345970631
1477.300049,-0.345425248
1477.400024,-0.345541477
1477.5,-0.343872547
1477.599976,-0.340916157
1477.700073,-0.341178417
1477.800049,-0.340153217
1477.900024,-0.339771748
1478,-0.344969273
1478.099976,-0.343109608
1478.200073,-0.337769032
1478.300049,-0.340010166
1478.400024,-0.339151859
1478.5,-0.336147785
1478.599976,-0.345112324
1478.700073,-0.334383488
1478.800049,-0.345398426
1478.900024,-0.333906651
1479,-0.337578297
1479.099976,-0.348307133
1479.200073,-0.341249943
1479.300049,-0.333954334
1479.400024,-0.342060566
1479.5,-0.342394352
1479.599976,-0.341643333
1479.700073,-0.343348026
1479.800049,-0.33877039
1479.900024,-0.335813999
1480,-0.348974705
1480.099976,-0.33505106
1480.200073,-0.340677738
1480.300049,-0.337196827
1480.400024,-0.343204975
1480.5,-0.345684528
1480.599976,-0.347973347
1480.700073,-0.338913441
1480.800049,-0.331474781
1480.900024,-0.342918873
1481,-0.345255375
1481.099976,-0.345493793
1481.200073,-0.349451542
1481.300049,-0.347734928
1481.400024,-0.334955692
1481.5,-0.349880695
1481.599976,-0.339199543
1481.700073,-0.338055134
1481.800049,-0.340820789
1481.900024,-0.343538761
1482,-0.342489719
1482.099976,-0.352360249
1482.200073,-0.341106892
1482.300049,-0.348688602
1482.400024,-0.336624622
1482.5,-0.348831654
1482.599976,-0.336767673
1482.700073,-0.324417591
1482.800049,-0.338055134
1482.900024,-0.342155933
1483,-0.340916157
1483.099976,-0.346638203
1483.200073,-0.33671999
1483.300049,-0.3484025
1483.400024,-0.340916157
1483.5,-0.33595705
1483.599976,-0.344254017
1483.700073,-0.335432529
1483.800049,-0.344444752
1483.900024,-0.347544193
1484,-0.341059208
1484.099976,-0.336481571
1484.200073,-0.345207691
1484.300049,-0.334478855
1484.400024,-0.341249943
1484.5,-0.335575581
1484.599976,-0.34005785
1484.700073,-0.341440678
1484.800049,-0.338293552
1484.900024,-0.340343952
1485,-0.333858967
1485.099976,-0.335146427
1485.200073,-0.342489719
1485.300049,-0.346209049
1485.400024,-0.338675022
1485.5,-0.340725422
1485.599976,-0.348974705
1485.700073,-0.335813999
1485.800049,-0.343252659
1485.900024,-0.340105534
1486,-0.340725422
1486.099976,-0.35007143
1486.200073,-0.353075504
1486.300049,-0.347031593
1486.400024,-0.34749651
1486.5,-0.343112588
1486.599976,-0.338484287
1486.700073,-0.339437962
1486.800049,-0.34043932
1486.900024,-0.348307133
1487,-0.334383488
1487.099976,-0.324942112
1487.200073,-0.333572865
1487.300049,-0.345016956
1487.400024,-0.344492435
1487.5,-0.332476139
1487.599976,-0.345207691
1487.700073,-0.32928133
1487.800049,-0.347830296
1487.900024,-0.338722706
1488,-0.34043932
1488.099976,-0.336290836
1488.200073,-0.339008808
1488.300049,-0.336815357
1488.400024,-0.338293552
1488.5,-0.348640919
1488.599976,-0.336386204
1488.700073,-0.326372623
1488.800049,-0.338531971
1488.900024,-0.351406574
1489,-0.339867115
1489.099976,-0.342442036
1489.200073,-0.336100101
1489.300049,-0.335098743
1489.400024,-0.344587803
1489.5,-0.342060566
1489.599976,-0.331379414
1489.700073,-0.337530613
1489.800049,-0.349499226
1489.900024,-0.333715916
1490,-0.339771748
1490.099976,-0.344540119
1490.200073,-0.35507822
1490.300049,-0.334049702
1490.400024,-0.345160007
1490.5,-0.335861683
1490.599976,-0.351120472
1490.700073,-0.342823505
1490.800049,-0.328184605
1490.900024,-0.335718632
1491,-0.346161366
1491.099976,-0.331999302
1491.200073,-0.34005785
1491.300049,-0.345970631
1491.400024,-0.344587803
1491.5,-0.345636845
1491.599976,-0.342298985
1491.700073,-0.340010166
1491.800049,-0.34506464
1491.900024,-0.344349384
1492,-0.342918873
1492.099976,-0.339533329
1492.200073,-0.34468317
1492.300049,-0.335909367
1492.400024,-0.332476139
1492.5,-0.336386204
1492.599976,-0.338961124
1492.700073,-0.338198185
1492.800049,-0.348164082
1492.900024,-0.353170872
1493,-0.338484287
1493.099976,-0.339962482
1493.200073,-0.342012882
1493.300049,-0.33762598
1493.400024,-0.338198185
1493.5,-0.336052418
1493.599976,-0.33466959
1493.700073,-0.333715916
1493.800049,-0.335623264
1493.900024,-0.338627338
1494,-0.347639561
1494.099976,-0.329233646
1494.200073,-0.342442036
1494.300049,-0.325228214
1494.400024,-0.336290836
1494.5,-0.346304417
1494.599976,-0.339533329
1494.700073,-0.343157291
1494.800049,-0.342823505
1494.900024,-0.343348026
1495,-0.345255375
1495.099976,-0.347162724
1495.200073,-0.342823505
1495.300049,-0.337673664
1495.400024,-0.341202259
1495.5,-0.345541477
1495.599976,-0.340200901
1495.700073,-0.333191395
1495.800049,-0.339104176
1495.900024,-0.351454258
1496,-0.336958408
1496.099976,-0.346638203
1496.200073,-0.339056492
1496.300049,-0.341154575
1496.400024,-0.339437962
1496.5,-0.343872547
1496.599976,-0.34096384
1496.700073,-0.339628696
1496.800049,-0.347067356
1496.900024,-0.339139938
1497,-0.335146427
1497.099976,-0.334717274
1497.200073,-0.337196827
1497.300049,-0.335289478
1497.400024,-0.338484287
1497.5,-0.338961124
1497.599976,-0.341440678
1497.700073,-0.340725422
1497.800049,-0.346971989
1497.900024,-0.355364323
1498,-0.350357533
1498.099976,-0.344873905
1498.200073,-0.33671999
1498.300049,-0.331617832
1498.400024,-0.340010166
1498.5,-0.341011524
1498.599976,-0.345160007
1498.700073,-0.33428812
1498.800049,-0.342728138
1498.900024,-0.330664158
1499,-0.337339878
1499.099976,-0.344444752
1499.200073,-0.33929491
1499.300049,-0.330997944
1499.400024,-0.346256733
1499.5,-0.337530613
1499.599976,-0.336863041
1499.700073,-0.351168156
1499.800049,-0.339247227
1499.900024,-0.346971989
1500,-0.34544611
1500.099976,-0.341869831
1500.200073,-0.342489719
1500.300049,-0.345255375
1500.400024,-0.342203617
1500.5,-0.336004734
1500.599976,-0.340248585
1500.700073,-0.34749651
1500.800049,-0.335384846
1500.900024,-0.342585087
1501,-0.330187321
1501.099976,-0.337149143
1501.200073,-0.343920231
1501.300049,-0.339390278
1501.400024,-0.343729496
1501.5,-0.347544193
1501.599976,-0.341440678
1501.700073,-0.344349384
1501.800049,-0.340034008
1501.900024,-0.33762598
1502,-0.33671999
1502.099976,-0.336815357
1502.200073,-0.341917515
1502.300049,-0.343348026
1502.400024,-0.346209049
1502.5,-0.342298985
1502.599976,-0.34096384
1502.700073,-0.344492435
1502.800049,-0.346781254
1502.900024,-0.344349384
1503,-0.342680454
1503.099976,-0.339581013
1503.200073,-0.340010166
1503.300049,-0.33710146
1503.400024,-0.340820789
1503.5,-0.345589161
1503.599976,-0.330091953
1503.700073,-0.338913441
1503.800049,-0.343967915
1503.900024,-0.346447468
1504,-0.338198185
1504.099976,-0.340630054
1504.200073,-0.341822147
1504.300049,-0.342203617
1504.400024,-0.340296268
1504.5,-0.340725422
1504.599976,-0.338150501
1504.700073,-0.333477497
1504.800049,-0.338102818
1504.900024,-0.345255375
1505,-0.336195469
1505.099976,-0.348736286
1505.200073,-0.34043932
1505.300049,-0.346256733
1505.400024,-0.347353458
1505.5,-0.331570148
1505.599976,-0.332428455
1505.700073,-0.342489719
1505.800049,-0.346399784
1505.900024,-0.338293552
1506,-0.328947544
1506.099976,-0.33633852
1506.200073,-0.336195469
1506.300049,-0.347210407
1506.400024,-0.332809925
1506.5,-0.34096384
1506.599976,-0.335909367
1506.700073,-0.348545551
1506.800049,-0.344540119
1506.900024,-0.348974705
1507,-0.343204975
1507.099976,-0.346065998
1507.200073,-0.341488361
1507.300049,-0.340630054
1507.400024,-0.324608326
1507.5,-0.350166798
1507.599976,-0.338436604
1507.700073,-0.344778538
1507.800049,-0.343491077
1507.900024,-0.345124245
1508,-0.34711504
1508.099976,-0.345112324
1508.200073,-0.336243153
1508.300049,-0.343872547
1508.400024,-0.332762241
1508.5,-0.343443394
1508.599976,-0.34096384
1508.700073,-0.336624622
1508.800049,-0.335635185
1508.900024,-0.332905293
1509,-0.332046986
1509.099976,-0.338436604
1509.200073,-0.348354816
1509.300049,-0.339485645
1509.400024,-0.343300343
1509.5,-0.342251301
1509.599976,-0.347258091
1509.700073,-0.344778538
1509.800049,-0.343252659
1509.900024,-0.3463521
1510,-0.339008808
1510.099976,-0.342394352
1510.200073,-0.350595951
1510.300049,-0.347734928
1510.400024,-0.343300343
1510.5,-0.346113682
1510.599976,-0.34005785
1510.700073,-0.332762241
1510.800049,-0.345350742
1510.900024,-0.337816715
1511,-0.334812641
1511.099976,-0.339354515
1511.200073,-0.342251301
1511.300049,-0.342537403
1511.400024,-0.332333088
1511.5,-0.344873905
1511.599976,-0.337006092
1511.700073,-0.337244511
1511.800049,-0.348831654
1511.900024,-0.350929737
1512,-0.344981194
1512.099976,-0.340630054
1512.200073,-0.339533329
1512.300049,-0.340534687
1512.400024,-0.337292194
1512.5,-0.333239079
1512.599976,-0.339342594
1512.700073,-0.337769032
1512.800049,-0.343348026
1512.900024,-0.336481571
1513,-0.333477497
1513.099976,-0.340105534
1513.200073,-0.338102818
1513.300049,-0.342203617
1513.400024,-0.343634129
1513.5,-0.341392994
1513.599976,-0.341488361
1513.700073,-0.339569092
1513.800049,-0.335718632
1513.900024,-0.33967638
1514,-0.342489719
1514.099976,-0.345255375
1514.200073,-0.338198185
1514.300049,-0.344540119
1514.400024,-0.340010166
1514.5,-0.342442036
1514.599976,-0.341202259
1514.700073,-0.341965199
1514.800049,-0.33929491
1514.900024,-0.334717274
1515,-0.340391636
1515.099976,-0.342632771
1515.200073,-0.342346668
1515.300049,-0.34185791
1515.400024,-0.342680454
1515.5,-0.339771748
1515.599976,-0.346304417
1515.700073,-0.329948902
1515.800049,-0.342966557
1515.900024,-0.353743076
1516,-0.34916544
1516.099976,-0.348187923
1516.200073,-0.345589161
1516.300049,-0.344254017
1516.400024,-0.346113682
1516.5,-0.349499226
1516.599976,-0.348593235
1516.700073,-0.342871189
1516.800049,-0.343061924
1516.900024,-0.343193054
1517,-0.342394352
1517.099976,-0.344444752
1517.200073,-0.341369152
1517.300049,-0.338961124
1517.400024,-0.33967638
1517.5,-0.345493793
1517.599976,-0.351311207
1517.700073,-0.336433887
1517.800049,-0.347210407
1517.900024,-0.342585087
1518,-0.34468317
1518.099976,-0.346113682
1518.200073,-0.344730854
1518.300049,-0.340916157
1518.400024,-0.333811283
1518.5,-0.339771748
1518.599976,-0.345160007
1518.700073,-0.343109608
1518.800049,-0.341917515
1518.900024,-0.338460445
1519,-0.335813999
1519.099976,-0.342328787
1519.200073,-0.347305775
1519.300049,-0.347734928
1519.400024,-0.34711504
1519.5,-0.336624622
1519.599976,-0.331903934
1519.700073,-0.345684528
1519.800049,-0.336910725
1519.900024,-0.344301701
1520,-0.338055134
1520.099976,-0.345160007
1520.200073,-0.348497868
1520.300049,-0.347067356
1520.400024,-0.344063282
1520.5,-0.340677738
1520.599976,-0.340534687
1520.700073,-0.341011524
1520.800049,-0.339485645
1520.900024,-0.340105534
1521,-0.347973347
1521.099976,-0.344873905
1521.200073,-0.353600025
1521.300049,-0.342060566
1521.400024,-0.353695393
1521.5,-0.342489719
1521.599976,-0.352360249
1521.700073,-0.343729496
1521.800049,-0.342489719
1521.900024,-0.338579655
1522,-0.348259449
1522.099976,-0.339342594
1522.200073,-0.345589161
1522.300049,-0.341774464
1522.400024,-0.344444752
1522.5,-0.339962482
1522.599976,-0.343586445
1522.700073,-0.354553699
1522.800049,-0.348688602
1522.900024,-0.336243153
1523,-0.340296268
1523.099976,-0.347258091
1523.200073,-0.346685886
1523.300049,-0.345541477
1523.400024,-0.345303059
1523.5,-0.341440678
1523.599976,-0.338245869
1523.700073,-0.345589161
1523.800049,-0.35174036
1523.900024,-0.350023746
1524,-0.338484287
1524.099976,-0.336863041
1524.200073,-0.343252659
1524.300049,-0.345875263
1524.400024,-0.338818073
1524.5,-0.348879337
1524.599976,-0.344492435
1524.700073,-0.334383488
1524.800049,-0.342918873
1524.900024,-0.347973347
1525,-0.336100101
1525.099976,-0.337864399
1525.200073,-0.337673664
1525.300049,-0.340904236
1525.400024,-0.341106892
1525.5,-0.346971989
1525.599976,-0.333334446
1525.700073,-0.34749651
1525.800049,-0.345398426
1525.900024,-0.332190037
1526,-0.355030537
1526.099976,-0.338913441
1526.200073,-0.33671999
1526.300049,-0.341965199
1526.400024,-0.339867115
1526.5,-0.343061924
1526.599976,-0.342179775
1526.700073,-0.342298985
1526.800049,-0.343491077
1526.900024,-0.34210825
1527,-0.341488361
1527.099976,-0.342573166
1527.200073,-0.343204975
1527.300049,-0.343491077
1527.400024,-0.339962482
1527.5,-0.334717274
1527.599976,-0.335909367
1527.700073,-0.342966557
1527.800049,-0.336624622
1527.900024,-0.346161366
1528,-0.336433887
1528.099976,-0.340773106
1528.200073,-0.345732212
1528.300049,-0.340534687
1528.400024,-0.348497868
1528.5,-0.339962482
1528.599976,-0.350882053
1528.700073,-0.343872547
1528.800049,-0.340296268
1528.900024,-0.341202259
1529,-0.340916157
1529.099976,-0.340224743
1529.200073,-0.33877039
1529.300049,-0.340010166
1529.400024,-0.334049702
1529.5,-0.345732212
1529.599976,-0.339056492
1529.700073,-0.34468317
1529.800049,-0.344921589
1529.900024,-0.345112324
1530,-0.341392994
1530.099976,-0.339771748
1530.200073,-0.338245869
1530.300049,-0.347067356
1530.400024,-0.344730854
1530.5,-0.33877039
1530.599976,-0.342394352
1530.700073,-0.340343952
1530.800049,-0.34968996
1530.900024,-0.34172678
1531,-0.33762598
1531.099976,-0.344110966
1531.200073,-0.341869831
1531.300049,-0.346113682
1531.400024,-0.343586445
1531.5,-0.344134808
1531.599976,-0.343443394
1531.700073,-0.34339571
1531.800049,-0.348545551
1531.900024,-0.353313923
1532,-0.354029179
1532.099976,-0.348557472
1532.200073,-0.34096384
1532.300049,-0.345922947
1532.400024,-0.348450184
1532.5,-0.339390278
1532.599976,-0.345016956
1532.700073,-0.34043932
1532.800049,-0.342918873
1532.900024,-0.351406574
1533,-0.341822147
1533.099976,-0.336100101
1533.200073,-0.346495152
1533.300049,-0.336863041
1533.400024,-0.342537403
1533.5,-0.33710146
1533.599976,-0.338436604
1533.700073,-0.344158649
1533.800049,-0.347830296
1533.900024,-0.347258091
1534,-0.347448826
1534.099976,-0.345875263
1534.200073,-0.345493793
1534.300049,-0.345112324
1534.400024,-0.341392994
1534.5,-0.345684528
1534.599976,-0.338102818
1534.700073,-0.343681812
1534.800049,-0.338317394
1534.900024,-0.335003376
1535,-0.336481571
1535.099976,-0.342537403
1535.200073,-0.341106892
1535.300049,-0.337959766
1535.400024,-0.333429813
1535.5,-0.334764957
1535.599976,-0.345779896
1535.700073,-0.335241795
1535.800049,-0.344540119
1535.900024,-0.338341236
1536,-0.33967638
1536.099976,-0.342251301
1536.200073,-0.342442036
1536.300049,-0.345112324
1536.400024,-0.342954636
1536.5,-0.34210825
1536.599976,-0.342155933
1536.700073,-0.341965199
1536.800049,-0.34172678
1536.900024,-0.341869831
1537,-0.341500282
1537.099976,-0.341822147
1537.200073,-0.340582371
1537.300049,-0.34339571
1537.400024,-0.35379076
1537.5,-0.346828938
1537.599976,-0.350357533
1537.700073,-0.349451542
1537.800049,-0.349141598
1537.900024,-0.345684528
1538,-0.342579126
1538.099976,-0.337673664
1538.200073,-0.337816715
1538.300049,-0.340427399
1538.400024,-0.34544611
1538.5,-0.340773106
1538.599976,-0.345398426
1538.700073,-0.355173588
1538.800049,-0.337006092
1538.900024,-0.343586445
1539,-0.332571507
1539.099976,-0.342298985
1539.200073,-0.346447468
1539.300049,-0.33505106
1539.400024,-0.337530613
1539.5,-0.348354816
1539.599976,-0.344397068
1539.700073,-0.337578297
1539.800049,-0.341106892
1539.900024,-0.343932152
1540,-0.349499226
1540.099976,-0.347544193
1540.200073,-0.346304417
1540.300049,-0.341440678
1540.400024,-0.339724064
1540.5,-0.330759525
1540.599976,-0.345541477
1540.700073,-0.336815357
1540.800049,-0.345970631
1540.900024,-0.344921589
1541,-0.344110966
1541.099976,-0.341869831
1541.200073,-0.343681812
1541.300049,-0.35340929
1541.400024,-0.33967638
1541.5,-0.345112324
1541.599976,-0.341488361
1541.700073,-0.332666874
1541.800049,-0.339533329
1541.900024,-0.335861683
1542,-0.343204975
1542.099976,-0.339581013
1542.200073,-0.3463521
1542.300049,-0.338579655
1542.400024,-0.343824863
1542.5,-0.349308491
1542.599976,-0.356174946
1542.700073,-0.350691319
1542.800049,-0.356127262
1542.900024,-0.348497868
1543,-0.341249943
1543.099976,-0.348593235
1543.200073,-0.334192753
1543.300049,-0.337292194
1543.400024,-0.340105534
1543.5,-0.346209049
1543.599976,-0.354506016
1543.700073,-0.349546909
1543.800049,-0.344826221
1543.900024,-0.347258091
1544,-0.344695091
1544.099976,-0.342442036
1544.200073,-0.344254017
1544.300049,-0.342549324
1544.400024,-0.340725422
1544.5,-0.342775822
1544.599976,-0.344397068
1544.700073,-0.34301424
1544.800049,-0.341655254
1544.900024,-0.341059208
1545,-0.338150501
1545.099976,-0.34210825
1545.200073,-0.338543892
1545.300049,-0.337864399
1545.400024,-0.336052418
1545.5,-0.341774464
1545.599976,-0.336100101
1545.700073,-0.350929737
1545.800049,-0.343538761
1545.900024,-0.346685886
1546,-0.343443394
1546.099976,-0.336290836
1546.200073,-0.34377718
1546.300049,-0.348450184
1546.400024,-0.349308491
1546.5,-0.354553699
1546.599976,-0.347877979
1546.700073,-0.343729496
1546.800049,-0.343920231
1546.900024,-0.356842518
1547,-0.336672306
1547.099976,-0.347019672
1547.200073,-0.332762241
1547.300049,-0.343491077
1547.400024,-0.331522465
1547.5,-0.347687244
1547.599976,-0.347162724
1547.700073,-0.335575581
1547.800049,-0.349356174
1547.900024,-0.340773106
1548,-0.344873905
1548.099976,-0.345303059
1548.200073,-0.343348026
1548.300049,-0.341297626
1548.400024,-0.337387562
1548.5,-0.345219612
1548.599976,-0.350929737
1548.700073,-0.351263523
1548.800049,-0.349272728
1548.900024,-0.350205541
1549,-0.350357533
1549.099976,-0.349928379
1549.200073,-0.348497868
1549.300049,-0.344909668
1549.400024,-0.340820789
1549.5,-0.340391636
1549.599976,-0.341059208
1549.700073,-0.343348026
1549.800049,-0.344301701
1549.900024,-0.341392994
1550,-0.333906651
1550.099976,-0.33838892
1550.200073,-0.348450184
1550.300049,-0.340487003
1550.400024,-0.343204975
1550.5,-0.348068714
1550.599976,-0.337912083
1550.700073,-0.347305775
1550.800049,-0.348688602
1550.900024,-0.346209049
1551,-0.33838892
1551.099976,-0.344730854
1551.200073,-0.336195469
1551.300049,-0.344921589
1551.400024,-0.341536045
1551.5,-0.34005785
1551.599976,-0.345350742
1551.700073,-0.339390278
1551.800049,-0.351406574
1551.900024,-0.345779896
1552,-0.346971989
1552.099976,-0.345636845
1552.200073,-0.34506464
1552.300049,-0.348450184
1552.400024,-0.352312565
1552.5,-0.347401142
1552.599976,-0.342012882
1552.700073,-0.339724064
1552.800049,-0.340773106
1552.900024,-0.340677738
1553,-0.344635487
1553.099976,-0.332809925
1553.200073,-0.354076862
1553.300049,-0.335813999
1553.400024,-0.345398426
1553.5,-0.342155933
1553.599976,-0.344063282
1553.700073,-0.343729496
1553.800049,-0.344969273
1553.900024,-0.352312565
1554,-0.345160007
1554.099976,-0.352741718
1554.200073,-0.338484287
1554.300049,-0.341869831
1554.400024,-0.342489719
1554.5,-0.337244511
1554.599976,-0.343348026
1554.700073,-0.337673664
1554.800049,-0.340725422
1554.900024,-0.340153217
1555,-0.341869831
1555.099976,-0.340487003
1555.200073,-0.348736286
1555.300049,-0.356174946
1555.400024,-0.337435246
1555.5,-0.349546909
1555.599976,-0.333572865
1555.700073,-0.340582371
1555.800049,-0.350929737
1555.900024,-0.351311207
1556,-0.345779896
1556.099976,-0.345112324
1556.200073,-0.346375942
1556.300049,-0.349785328
1556.400024,-0.344826221
1556.5,-0.341154575
1556.599976,-0.340820789
1556.700073,-0.342823505
1556.800049,-0.341536045
1556.900024,-0.345303059
1557,-0.341679096
1557.099976,-0.343085766
1557.200073,-0.342012882
1557.300049,-0.343348026
1557.400024,-0.343729496
1557.5,-0.35007143
1557.599976,-0.349594593
1557.700073,-0.343443394
1557.800049,-0.334621906
1557.900024,-0.349785328
1558,-0.342394352
1558.099976,-0.34210825
1558.200073,-0.347162724
1558.300049,-0.342489719
1558.400024,-0.338531971
1558.5,-0.341202259
1558.599976,-0.347591877
1558.700073,-0.351406574
1558.800049,-0.347019672
1558.900024,-0.336195469
1559,-0.345779896
1559.099976,-0.352312565
1559.200073,-0.356890202
1559.300049,-0.350643635
1559.400024,-0.347401142
1559.5,-0.345636845
1559.599976,-0.352837086
1559.700073,-0.346304417
1559.800049,-0.339104176
1559.900024,-0.350023746
1560,-0.348974705
1560.099976,-0.345815659
1560.200073,-0.342012882
1560.300049,-0.342251301
1560.400024,-0.342132092
1560.5,-0.345398426
1560.599976,-0.338865757
1560.700073,-0.348640919
1560.800049,-0.343348026
1560.900024,-0.344337463
1561,-0.343872547
1561.099976,-0.341488361
1561.200073,-0.339724064
1561.300049,-0.344349384
1561.400024,-0.34916544
1561.5,-0.347019672
1561.599976,-0.349260807
1561.700073,-0.343300343
1561.800049,-0.340296268
1561.900024,-0.350691319
1562,-0.345589161
1562.099976,-0.339008808
1562.200073,-0.347067356
1562.300049,-0.338913441
1562.400024,-0.348593235
1562.5,-0.348068714
1562.599976,-0.347258091
1562.700073,-0.351072788
1562.800049,-0.346447468
1562.900024,-0.346566677
1563,-0.342489719
1563.099976,-0.346256733
1563.200073,-0.342012882
1563.300049,-0.34005785
1563.400024,-0.339247227
1563.5,-0.346113682
1563.599976,-0.349642277
1563.700073,-0.352360249
1563.800049,-0.343204975
1563.900024,-0.346018314
1564,-0.341249943
1564.099976,-0.337387562
1564.200073,-0.342632771
1564.300049,-0.344444752
1564.400024,-0.344921589
1564.5,-0.343300343
1564.599976,-0.340391636
1564.700073,-0.343443394
1564.800049,-0.33710146
1564.900024,-0.343204975
1565,-0.346638203
1565.099976,-0.342537403
1565.200073,-0.347162724
1565.300049,-0.355221272
1565.400024,-0.350166798
1565.5,-0.350023746
1565.599976,-0.348259449
1565.700073,-0.350595951
1565.800049,-0.351215839
1565.900024,-0.352884769
1566,-0.34711504
1566.099976,-0.344349384
1566.200073,-0.344540119
1566.300049,-0.344969273
1566.400024,-0.34711504
1566.5,-0.345124245
1566.599976,-0.345112324
1566.700073,-0.343300343
1566.800049,-0.353218555
1566.900024,-0.343109608
1567,-0.329329014
1567.099976,-0.352169514
1567.200073,-0.345779896
1567.300049,-0.340534687
1567.400024,-0.346065998
1567.5,-0.346685886
1567.599976,-0.348497868
1567.700073,-0.345875263
1567.800049,-0.343157291
1567.900024,-0.34749651
1568,-0.341774464
1568.099976,-0.342918873
1568.200073,-0.352264881
1568.300049,-0.349308491
1568.400024,-0.351513863
1568.5,-0.351549625
1568.599976,-0.352932453
1568.700073,-0.345303059
1568.800049,-0.340010166
1568.900024,-0.343586445
1569,-0.349833012
1569.099976,-0.350214481
1569.200073,-0.343967915
1569.300049,-0.349594593
1569.400024,-0.346447468
1569.5,-0.34468317
1569.599976,-0.349499226
1569.700073,-0.345160007
1569.800049,-0.343681812
1569.900024,-0.350882053
1570,-0.342966557
1570.099976,-0.338293552
1570.200073,-0.339008808
1570.300049,-0.358749866
1570.400024,-0.354553699
1570.5,-0.339724064
1570.599976,-0.350166798
1570.700073,-0.33967638
1570.800049,-0.34339571
1570.900024,-0.34711504
1571,-0.349785328
1571.099976,-0.342203617
1571.200073,-0.347687244
1571.300049,-0.352264881
1571.400024,-0.340773106
1571.5,-0.345303059
1571.599976,-0.339581013
1571.700073,-0.34916544
1571.800049,-0.346495152
1571.900024,-0.34005785
1572,-0.350595951
1572.099976,-0.346399784
1572.200073,-0.339724064
1572.300049,-0.345493793
1572.400024,-0.350739002
1572.5,-0.342489719
1572.599976,-0.347639561
1572.700073,-0.347305775
1572.800049,-0.345028877
1572.900024,-0.342155933
1573,-0.34301424
1573.099976,-0.344158649
1573.200073,-0.342048645
1573.300049,-0.340916157
1573.400024,-0.340105534
1573.5,-0.342060566
1573.599976,-0.336386204
1573.700073,-0.342728138
1573.800049,-0.3504529
1573.900024,-0.340725422
1574,-0.350357533
1574.099976,-0.349928379
1574.200073,-0.345398426
1574.300049,-0.342442036
1574.400024,-0.347675323
1574.5,-0.350595951
1574.599976,-0.352264881
1574.700073,-0.348545551
1574.800049,-0.346113682
1574.900024,-0.344778538
1575,-0.346542835
1575.099976,-0.346685886
1575.200073,-0.348354816
1575.300049,-0.344015598
1575.400024,-0.347830296
1575.5,-0.353552341
1575.599976,-0.34802103
1575.700073,-0.348307133
1575.800049,-0.342394352
1575.900024,-0.340773106
1576,-0.339008808
1576.099976,-0.343681812
1576.200073,-0.348307133
1576.300049,-0.346638203
1576.400024,-0.350643635
1576.5,-0.345970631
1576.599976,-0.343348026
1576.700073,-0.341106892
1576.800049,-0.339104176
1576.900024,-0.351406574
1577,-0.347687244
1577.099976,-0.341106892
1577.200073,-0.350357533
1577.300049,-0.343634129
1577.400024,-0.344921589
1577.5,-0.347734928
1577.599976,-0.347901821
1577.700073,-0.348688602
1577.800049,-0.350262165
1577.900024,-0.345613003
1578,-0.341249943
1578.099976,-0.342251301
1578.200073,-0.343276501
1578.300049,-0.343967915
1578.400024,-0.345636845
1578.5,-0.350929737
1578.599976,-0.338341236
1578.700073,-0.35340929
1578.800049,-0.337959766
1578.900024,-0.346685886
1579,-0.341011524
1579.099976,-0.343085766
1579.200073,-0.342966557
1579.300049,-0.341679096
1579.400024,-0.344540119
1579.5,-0.348831654
1579.599976,-0.350595951
1579.700073,-0.342060566
1579.800049,-0.353266239
1579.900024,-0.346065998
1580,-0.345922947
1580.099976,-0.340868473
1580.200073,-0.34711504
1580.300049,-0.340105534
1580.400024,-0.337435246
1580.5,-0.336410046
1580.599976,-0.335623264
1580.700073,-0.332476139
1580.800049,-0.339962482
1580.900024,-0.358559132
1581,-0.335670948
1581.099976,-0.343872547
1581.200073,-0.345541477
1581.300049,-0.350595951
1581.400024,-0.341917515
1581.5,-0.35674715
1581.599976,-0.338484287
1581.700073,-0.345160007
1581.800049,-0.348974705
1581.900024,-0.34468317
1582,-0.339247227
1582.099976,-0.346590519
1582.200073,-0.342298985
1582.300049,-0.349356174
1582.400024,-0.350357533
1582.5,-0.348068714
1582.599976,-0.347734928
1582.700073,-0.345160007
1582.800049,-0.346328259
1582.900024,-0.347639561
1583,-0.344778538
1583.099976,-0.343920231
1583.200073,-0.345922947
1583.300049,-0.342918873
1583.400024,-0.348545551
1583.5,-0.341106892
1583.599976,-0.345016956
1583.700073,-0.347401142
1583.800049,-0.343967915
1583.900024,-0.344873905
1584,-0.351025105
1584.099976,-0.35174036
1584.200073,-0.339581013
1584.300049,-0.343967915
1584.400024,-0.337196827
1584.5,-0.341631413
1584.599976,-0.346495152
1584.700073,-0.34968996
1584.800049,-0.347436905
1584.900024,-0.346018314
1585,-0.347544193
1585.099976,-0.3484025
1585.200073,-0.349260807
1585.300049,-0.347973347
1585.400024,-0.346971989
1585.5,-0.346054077
1585.599976,-0.345684528
1585.700073,-0.343586445
1585.800049,-0.342251301
1585.900024,-0.342442036
1586,-0.337387562
1586.099976,-0.347544193
1586.200073,-0.340248585
1586.300049,-0.346209049
1586.400024,-0.346495152
1586.5,-0.345827579
1586.599976,-0.346876621
1586.700073,-0.348497868
1586.800049,-0.346256733
1586.900024,-0.350786686
1587,-0.341011524
1587.099976,-0.330091953
1587.200073,-0.348116398
1587.300049,-0.361324787
1587.400024,-0.329853535
1587.5,-0.339151859
1587.599976,-0.345875263
1587.700073,-0.350405216
1587.800049,-0.345231533
1587.900024,-0.344158649
1588,-0.340487003
1588.099976,-0.353456974
1588.200073,-0.344730854
1588.300049,-0.348688602
1588.400024,-0.347639561
1588.5,-0.351454258
1588.599976,-0.346971989
1588.700073,-0.339342594
1588.800049,-0.346495152
1588.900024,-0.339151859
1589,-0.351692677
1589.099976,-0.336290836
1589.200073,-0.344158649
1589.300049,-0.347687244
1589.400024,-0.34005785
1589.5,-0.342680454
1589.599976,-0.337292194
1589.700073,-0.345636845
1589.800049,-0.341631413
1589.900024,-0.349594593
1590,-0.349260807
1590.099976,-0.339819431
1590.200073,-0.351454258
1590.300049,-0.339771748
1590.400024,-0.346018314
1590.5,-0.340737343
1590.599976,-0.339008808
1590.700073,-0.338150501
1590.800049,-0.340510845
1590.900024,-0.344301701
1591,-0.340582371
1591.099976,-0.345255375
1591.200073,-0.345493793
1591.300049,-0.346817017
1591.400024,-0.347639561
1591.5,-0.348879337
1591.599976,-0.346876621
1591.700073,-0.344301701
1591.800049,-0.346685886
1591.900024,-0.343872547
1592,-0.3453269
1592.099976,-0.345684528
1592.200073,-0.34506464
1592.300049,-0.3504529
1592.400024,-0.338293552
1592.5,-0.358749866
1592.599976,-0.343443394
1592.700073,-0.345160007
1592.800049,-0.347782612
1592.900024,-0.338102818
1593,-0.344397068
1593.099976,-0.34878397
1593.200073,-0.351311207
1593.300049,-0.344540119
1593.400024,-0.332571507
1593.5,-0.335813999
1593.599976,-0.352217197
1593.700073,-0.348593235
1593.800049,-0.342966557
1593.900024,-0.343443394
1594,-0.334192753
1594.099976,-0.339724064
1594.200073,-0.346971989
1594.300049,-0.346685886
1594.400024,-0.344921589
1594.5,-0.346018314
1594.599976,-0.33671999
1594.700073,-0.345398426
1594.800049,-0.340153217
1594.900024,-0.336052418
1595,-0.340296268
1595.099976,-0.344778538
1595.200073,-0.348259449
1595.300049,-0.333572865
1595.400024,-0.343204975
1595.5,-0.338484287
1595.599976,-0.34544611
1595.700073,-0.344969273
1595.800049,-0.344206333
1595.900024,-0.344516277
1596,-0.345106363
1596.099976,-0.346399784
1596.200073,-0.345303059
1596.300049,-0.351168156
1596.400024,-0.343586445
1596.5,-0.337244511
1596.599976,-0.346828938
1596.700073,-0.343061924
1596.800049,-0.348736286
1596.900024,-0.360323429
1597,-0.357557774
1597.099976,-0.348307133
1597.200073,-0.344397068
1597.300049,-0.340630054
1597.400024,-0.343944073
1597.5,-0.345732212
1597.599976,-0.345016956
1597.700073,-0.344516277
1597.800049,-0.339533329
1597.900024,-0.347782612
1598,-0.342442036
1598.099976,-0.339485645
1598.200073,-0.343538761
1598.300049,-0.342823505
1598.400024,-0.344730854
1598.5,-0.346018314
1598.599976,-0.346542835
1598.700073,-0.34210825
1598.800049,-0.337769032
1598.900024,-0.350643635
1599,-0.342251301
1599.099976,-0.346447468
1599.200073,-0.342632771
1599.300049,-0.353838444
1599.400024,-0.359655857
1599.5,-0.348879337
1599.599976,-0.337292194
1599.700073,-0.352741718
1599.800049,-0.339628696
1599.900024,-0.34005785
1600,-0.342346668
1600.099976,-0.346971989
1600.200073,-0.340773106
1600.300049,-0.350500584
1600.400024,-0.348497868
1600.5,-0.345732212
1600.599976,-0.341965199
1600.700073,-0.344063282
1600.800049,-0.344730854
1600.900024,-0.346638203
1601,-0.35174036
1601.099976,-0.350929737
1601.200073,-0.349844933
1601.300049,-0.349356174
1601.400024,-0.347353458
1601.5,-0.351978779
1601.599976,-0.34802103
1601.700073,-0.335718632
1601.800049,-0.355173588
1601.900024,-0.344540119
1602,-0.347258091
1602.099976,-0.346924305
1602.200073,-0.345493793
1602.300049,-0.334955692
1602.400024,-0.334812641
1602.5,-0.336874962
1602.599976,-0.340343952
1602.700073,-0.337387562
1602.800049,-0.346495152
1602.900024,-0.34544611
1603,-0.346113682
1603.099976,-0.347365379
1603.200073,-0.348450184
1603.300049,-0.344757676
1603.400024,-0.341249943
1603.5,-0.341965199
1603.599976,-0.33505106
1603.700073,-0.341297626
1603.800049,-0.342525482
1603.900024,-0.345493793
1604,-0.348259449
1604.099976,-0.34339571
1604.200073,-0.348688602
1604.300049,-0.346781254
1604.400024,-0.341059208
1604.5,-0.342298985
1604.599976,-0.334002018
1604.700073,-0.334955692
1604.800049,-0.346065998
1604.900024,-0.3484025
1605,-0.341536045
1605.099976,-0.341297626
1605.200073,-0.341774464
1605.300049,-0.33108139
1605.400024,-0.316215992
1605.5,-0.325037479
1605.599976,-0.311208725
1605.700073,-0.320364475
1605.800049,-0.313450336
1605.900024,-0.328232288
1606,-0.320316792
1606.099976,-0.32131815
1606.200073,-0.316025257
1606.300049,-0.317503452
1606.400024,-0.316311359
1606.5,-0.330091953
1606.599976,-0.335527897
1606.700073,-0.318743229
1606.800049,-0.32465601
1606.900024,-0.319029331
1607,-0.33095026
1607.099976,-0.324894428
1607.200073,-0.326801777
1607.300049,-0.314070225
1607.400024,-0.313307285
1607.5,-0.322748661
1607.599976,-0.3296628
1607.700073,-0.323940754
1607.800049,-0.315071583
1607.900024,-0.319124699
1608,-0.328089237
1608.099976,-0.32389307
1608.200073,-0.316263676
1608.300049,-0.321985722
1608.400024,-0.317789555
1608.5,-0.319172382
1608.599976,-0.316883564
1608.700073,-0.326611042
1608.800049,-0.322939396
1608.900024,-0.315643787
1609,-0.313211918
1609.099976,-0.327183247
1609.200073,-0.325800419
1609.300049,-0.323475838
1609.400024,-0.323034763
1609.5,-0.317884922
1609.599976,-0.313307285
1609.700073,-0.32632494
1609.800049,-0.319029331
1609.900024,-0.320793629
1610,-0.321938038
1610.099976,-0.318039894
1610.200073,-0.313021183
1610.300049,-0.316406727
1610.400024,-0.322510242
1610.5,-0.317694187
1610.599976,-0.328470707
1610.700073,-0.330235004
1610.800049,-0.32427454
1610.900024,-0.317074299
1611,-0.32131815
1611.099976,-0.324131489
1611.200073,-0.326515675
1611.300049,-0.326849461
1611.400024,-0.321270466
1611.5,-0.321508884
1611.599976,-0.314547062
1611.700073,-0.314404011
1611.800049,-0.314248919
1611.900024,-0.317503452
1612,-0.317548126
1612.099976,-0.319124699
1612.200073,-0.319315434
1612.300049,-0.323606968
1612.400024,-0.320698261
1612.5,-0.3276124
1612.599976,-0.324751377
1612.700073,-0.329376698
1612.800049,-0.320126057
1612.900024,-0.311923981
1613,-0.31311655
1613.099976,-0.31683588
1613.200073,-0.320471764
1613.300049,-0.327373981
1613.400024,-0.324560642
1613.5,-0.320602894
1613.599976,-0.321461201
1613.700073,-0.323833466
1613.800049,-0.326229572
1613.900024,-0.321303248
1614,-0.316978931
1614.099976,-0.318171024
1614.200073,-0.325085163
1614.300049,-0.329758167
1614.400024,-0.316883564
1614.5,-0.314165592
1614.599976,-0.318290234
1614.700073,-0.321270466
1614.800049,-0.320841312
1614.900024,-0.31926775
1615,-0.31230545
1615.099976,-0.315882206
1615.200073,-0.319506168
1615.300049,-0.318600178
1615.400024,-0.332523823
1615.5,-0.310112
1615.599976,-0.329233646
1615.700073,-0.315500736
1615.800049,-0.310159683
1615.900024,-0.310970306
1616,-0.319744587
1616.099976,-0.308824539
1616.200073,-0.317455769
1616.300049,-0.320459843
1616.400024,-0.315691471
1616.5,-0.323845387
1616.599976,-0.325037479
1616.700073,-0.320471764
1616.800049,-0.316883564
1616.900024,-0.316120625
1617,-0.310445786
1617.099976,-0.321413517
1617.200073,-0.315023899
1617.300049,-0.312400818
1617.400024,-0.31554842
1617.5,-0.319839954
1617.599976,-0.316263676
1617.700073,-0.316788197
1617.800049,-0.322319508
1617.900024,-0.313354969
1618,-0.321079731
1618.099976,-0.319458485
1618.200073,-0.31964922
1618.300049,-0.32389307
1618.400024,-0.314451694
1618.5,-0.318695545
1618.599976,-0.330330372
1618.700073,-0.312782764
1618.800049,-0.323702335
1618.900024,-0.303913116
1619,-0.316072941
1619.099976,-0.313259602
1619.200073,-0.323559284
1619.300049,-0.321556568
1619.400024,-0.31926775
1619.5,-0.310493469
1619.599976,-0.310541153
1619.700073,-0.308109283
1619.800049,-0.309539795
1619.900024,-0.320388079
1620,-0.328804493
1620.099976,-0.335098743
1620.200073,-0.3317132
1620.300049,-0.329030991
1620.400024,-0.324751377
1620.5,-0.324560642
1620.599976,-0.322557926
1620.700073,-0.321938038
1620.800049,-0.32017374
1620.900024,-0.321222782
1621,-0.319792271
1621.099976,-0.3235116
1621.200073,-0.32723093
1621.300049,-0.325800419
1621.400024,-0.329138279
1621.5,-0.315643787
1621.599976,-0.327946186
1621.700073,-0.311733246
1621.800049,-0.319983006
1621.900024,-0.303197861
1622,-0.305057526
1622.099976,-0.312687397
1622.200073,-0.317837238
1622.300049,-0.322844028
1622.400024,-0.318266392
1622.5,-0.320507526
1622.599976,-0.318552494
1622.700073,-0.309253693
1622.800049,-0.304437637
1622.900024,-0.303627014
1623,-0.317932606
1623.099976,-0.327421665
1623.200073,-0.313259602
1623.300049,-0.318647861
1623.400024,-0.327803135
1623.5,-0.314833164
1623.599976,-0.331427097
1623.700073,-0.318361759
1623.800049,-0.320841312
1623.900024,-0.318314075
1624,-0.315643787
1624.099976,-0.313831806
1624.200073,-0.316215992
1624.300049,-0.314010501
1624.400024,-0.309682846
1624.5,-0.316311359
1624.599976,-0.318552494
1624.700073,-0.321604252
1624.800049,-0.328661442
1624.900024,-0.321604252
1625,-0.317265034
1625.099976,-0.309873581
1625.200073,-0.308776855
1625.300049,-0.318838596
1625.400024,-0.321127415
1625.5,-0.316919327
1625.599976,-0.312878132
1625.700073,-0.314833164
1625.800049,-0.323416233
1625.900024,-0.313164234
1626,-0.320030689
1626.099976,-0.326277256
1626.200073,-0.305915833
1626.300049,-0.323559284
1626.400024,-0.314642429
1626.5,-0.323988438
1626.599976,-0.316359043
1626.700073,-0.315834522
1626.800049,-0.323845387
1626.900024,-0.310302734
1627,-0.319124699
1627.099976,-0.312973499
1627.200073,-0.313307285
1627.300049,-0.309062958
1627.400024,-0.311447144
1627.5,-0.319696903
1627.599976,-0.319553852
1627.700073,-0.318027973
1627.800049,-0.309062958
1627.900024,-0.3235116
1628,-0.308443069
1628.099976,-0.314928532
1628.200073,-0.313450336
1628.300049,-0.313784122
1628.400024,-0.316645145
1628.5,-0.322557926
1628.599976,-0.315596104
1628.700073,-0.31759882
1628.800049,-0.316120625
1628.900024,-0.31426096
1629,-0.309158325
1629.099976,-0.324989796
1629.200073,-0.311161041
1629.300049,-0.321175098
1629.400024,-0.312448502
1629.5,-0.322700977
1629.599976,-0.321413517
1629.700073,-0.315882206
1629.800049,-0.312973499
1629.900024,-0.314463615
1630,-0.314308643
1630.099976,-0.314690113
1630.200073,-0.316311359
1630.300049,-0.317837238
1630.400024,-0.318409443
1630.5,-0.314666152
1630.599976,-0.313545704
1630.700073,-0.308872223
1630.800049,-0.315643787
1630.900024,-0.320507526
1631,-0.321079731
1631.099976,-0.306821823
1631.200073,-0.318314075
1631.300049,-0.308872223
1631.400024,-0.317265034
1631.5,-0.318695545
1631.599976,-0.318981647
1631.700073,-0.317503452
1631.800049,-0.322462559
1631.900024,-0.315500736
1632,-0.325275898
1632.099976,-0.316931248
1632.200073,-0.309301376
1632.300049,-0.318600178
1632.400024,-0.308776855
1632.5,-0.302148819
1632.599976,-0.308156967
1632.700073,-0.311828613
1632.800049,-0.313784122
1632.900024,-0.314213276
1633,-0.310064316
1633.099976,-0.314594746
1633.200073,-0.309635162
1633.300049,-0.316072941
1633.400024,-0.322319508
1633.5,-0.314022541
1633.599976,-0.311256409
1633.700073,-0.319983006
1633.800049,-0.312961221
1633.900024,-0.310350418
1634,-0.310255051
1634.099976,-0.310338497
1634.200073,-0.309492111
1634.300049,-0.311256409
1634.400024,-0.312735081
1634.5,-0.313140273
1634.599976,-0.312991351
1634.700073,-0.312878132
1634.800049,-0.313211918
1634.900024,-0.32131815
1635,-0.320459843
1635.099976,-0.317157626
1635.200073,-0.311637878
1635.300049,-0.315214634
1635.400024,-0.309778214
1635.5,-0.310684204
1635.599976,-0.311936021
1635.700073,-0.312257767
1635.800049,-0.312976271
1635.900024,-0.314117908
1636,-0.313593388
1636.099976,-0.315786839
1636.200073,-0.31349802
1636.300049,-0.310827255
1636.400024,-0.316406727
1636.5,-0.314928532
1636.599976,-0.315882206
1636.700073,-0.310302734
1636.800049,-0.314547062
1636.900024,-0.308347702
1637,-0.312353134
1637.099976,-0.306726456
1637.200073,-0.314642429
1637.300049,-0.322748661
1637.400024,-0.307346344
1637.5,-0.319839954
1637.599976,-0.313068867
1637.700073,-0.312544346
1637.800049,-0.309539795
1637.900024,-0.30934906
1638,-0.313164234
1638.099976,-0.314451694
1638.200073,-0.31503582
1638.300049,-0.314117908
1638.400024,-0.318409443
1638.5,-0.315608025
1638.599976,-0.313736439
1638.700073,-0.316168308
1638.800049,-0.31387949
1638.900024,-0.317312717
1639,-0.320316792
1639.099976,-0.314499378
1639.200073,-0.315786839
1639.300049,-0.316788197
1639.400024,-0.307870865
1639.5,-0.312400818
1639.599976,-0.311077714
1639.700073,-0.312687397
1639.800049,-0.311351776
1639.900024,-0.3060112
1640,-0.311923981
1640.099976,-0.304628372
1640.200073,-0.3080616
1640.300049,-0.310112238
1640.400024,-0.315023899
1640.5,-0.312735081
1640.599976,-0.306726456
1640.700073,-0.302625656
1640.800049,-0.305105209
1640.900024,-0.307870865
1641,-0.306774139
1641.099976,-0.307107925
1641.200073,-0.304533005
1641.300049,-0.301624298
1641.400024,-0.311065674
1641.5,-0.314022541
1641.599976,-0.320602894
1641.700073,-0.313450336
1641.800049,-0.30934906
1641.900024,-0.310493469
1642,-0.31478548
1642.099976,-0.314928532
1642.200073,-0.316585541
1642.300049,-0.317503452
1642.400024,-0.310860276
1642.5,-0.304008484
1642.599976,-0.305343628
1642.700073,-0.314165592
1642.800049,-0.320698261
1642.900024,-0.315643787
1643,-0.30934906
1643.099976,-0.311971664
1643.200073,-0.309110641
1643.300049,-0.316549778
1643.400024,-0.317694187
1643.5,-0.317026615
1643.599976,-0.314725757
1643.700073,-0.312735081
1643.800049,-0.311447144
1643.900024,-0.313831806
1644,-0.317360401
1644.099976,-0.318552494
1644.200073,-0.312735081
1644.300049,-0.310016632
1644.400024,-0.308776855
1644.5,-0.315262318
1644.599976,-0.306583405
1644.700073,-0.321556568
1644.800049,-0.317503452
1644.900024,-0.318123341
1645,-0.312162399
1645.099976,-0.318361759
1645.200073,-0.312973499
1645.300049,-0.312973499
1645.400024,-0.308156967
1645.5,-0.309015274
1645.599976,-0.31683588
1645.700073,-0.318027973
1645.800049,-0.325037479
1645.900024,-0.311542511
1646,-0.320316792
1646.099976,-0.315596104
1646.200073,-0.31554842
1646.300049,-0.314499378
1646.400024,-0.316680908
1646.5,-0.318123341
1646.599976,-0.318552494
1646.700073,-0.317408085
1646.800049,-0.314690113
1646.900024,-0.318266392
1647,-0.313593388
1647.099976,-0.303197861
1647.200073,-0.312400818
1647.300049,-0.318790913
1647.400024,-0.308919907
1647.5,-0.319363117
1647.599976,-0.316406727
1647.700073,-0.319601536
1647.800049,-0.317312717
1647.900024,-0.313211918
1648,-0.316454411
1648.099976,-0.309968948
1648.200073,-0.304914474
1648.300049,-0.318743229
1648.400024,-0.316406727
1648.5,-0.311685562
1648.599976,-0.319935322
1648.700073,-0.311733246
1648.800049,-0.312257767
1648.900024,-0.31385541
1649,-0.316072941
1649.099976,-0.315357685
1649.200073,-0.321985722
1649.300049,-0.323225498
1649.400024,-0.318027973
1649.5,-0.320984364
1649.599976,-0.306964874
1649.700073,-0.316883564
1649.800049,-0.303817749
1649.900024,-0.319553852
1650,-0.317551136
1650.099976,-0.314976215
1650.200073,-0.313641071
1650.300049,-0.318027973
1650.400024,-0.316215992
1650.5,-0.323654652
1650.599976,-0.311971664
1650.700073,-0.317265034
1650.800049,-0.312639713
1650.900024,-0.312544346
1651,-0.310445786
1651.099976,-0.308586121
1651.200073,-0.31116116
1651.300049,-0.313831806
1651.400024,-0.31178093
1651.5,-0.318981647
1651.599976,-0.314070225
1651.700073,-0.316025257
1651.800049,-0.316168308
1651.900024,-0.318480968
1652,-0.318409443
1652.099976,-0.315864205
1652.200073,-0.314928532
1652.300049,-0.311637878
1652.400024,-0.312067032
1652.5,-0.313545704
1652.599976,-0.316454411
1652.700073,-0.314833164
1652.800049,-0.316120625
1652.900024,-0.315572262
1653,-0.31554842
1653.099976,-0.315786839
1653.200073,-0.312973499
1653.300049,-0.313974857
1653.400024,-0.312878013
1653.5,-0.312544346
1653.599976,-0.312019348
1653.700073,-0.314499378
1653.800049,-0.319506168
1653.900024,-0.319410801
1654,-0.321032047
1654.099976,-0.323750019
1654.200073,-0.317694187
1654.300049,-0.309015274
1654.400024,-0.310445786
1654.5,-0.313450336
1654.599976,-0.322653294
1654.700073,-0.321699619
1654.800049,-0.319887638
1654.900024,-0.316549778
1655,-0.317312717
1655.099976,-0.314880848
1655.200073,-0.317932606
1655.300049,-0.318671703
1655.400024,-0.321508884
1655.5,-0.320364475
1655.599976,-0.316406727
1655.700073,-0.310016632
1655.800049,-0.313402653
1655.900024,-0.324846745
1656,-0.308586121
1656.099976,-0.316978931
1656.200073,-0.318314075
1656.300049,-0.316168308
1656.400024,-0.316359043
1656.5,-0.307155609
1656.599976,-0.318933964
1656.700073,-0.313021183
1656.800049,-0.311542511
1656.900024,-0.316645145
1657,-0.324131489
1657.099976,-0.316740513
1657.200073,-0.31759882
1657.300049,-0.317670345
1657.400024,-0.317074299
1657.5,-0.31926775
1657.599976,-0.316764355
1657.700073,-0.312973499
1657.800049,-0.317741871
1657.900024,-0.315691471
1658,-0.316108704
1658.099976,-0.315739155
1658.200073,-0.315262318
1658.300049,-0.315786839
1658.400024,-0.308347702
1658.5,-0.310779572
1658.599976,-0.316645145
1658.700073,-0.322939396
1658.800049,-0.310970306
1658.900024,-0.297475815
1659,-0.320412159
1659.099976,-0.307727814
1659.200073,-0.311542511
1659.300049,-0.309587479
1659.400024,-0.314165592
1659.5,-0.311196923
1659.599976,-0.310874939
1659.700073,-0.310159683
1659.800049,-0.316740513
1659.900024,-0.313307285
1660,-0.316502094
1660.099976,-0.31178093
1660.200073,-0.309682846
1660.300049,-0.316311359
1660.400024,-0.312782764
1660.5,-0.307727814
1660.599976,-0.308109283
1660.700073,-0.310922623
1660.800049,-0.317265034
1660.900024,-0.313259602
1661,-0.305200577
1661.099976,-0.312925816
1661.200073,-0.3039608
1661.300049,-0.323702335
1661.400024,-0.308013916
1661.5,-0.303388596
1661.599976,-0.314070225
1661.700073,-0.320221424
1661.800049,-0.308109283
1661.900024,-0.312400818
1662,-0.315786839
1662.099976,-0.320459843
1662.200073,-0.317694187
1662.300049,-0.317980289
1662.400024,-0.3019104
1662.5,-0.302482605
1662.599976,-0.308872223
1662.700073,-0.313164234
1662.800049,-0.31554842
1662.900024,-0.309587479
1663,-0.314463496
1663.099976,-0.316549778
1663.200073,-0.316168308
1663.300049,-0.314737797
1663.400024,-0.309778214
1663.5,-0.312067032
1663.599976,-0.315357685
1663.700073,-0.312830448
1663.800049,-0.31721735
1663.900024,-0.312162399
1664,-0.30768013
1664.099976,-0.310207367
1664.200073,-0.311494946
1664.300049,-0.310648471
1664.400024,-0.31101799
1664.5,-0.309873581
1664.599976,-0.304914474
1664.700073,-0.296569824
1664.800049,-0.297428131
1664.900024,-0.303090572
1665,-0.309253693
1665.099976,-0.309110641
1665.200073,-0.312353134
1665.300049,-0.309968948
1665.400024,-0.303436279
1665.5,-0.299812317
1665.599976,-0.303913116
1665.700073,-0.307537079
1665.800049,-0.311876297
1665.900024,-0.310445786
1666,-0.310445786
1666.099976,-0.310684204
1666.200073,-0.310445786
1666.300049,-0.311566472
1666.400024,-0.309968948
1666.5,-0.31516695
1666.599976,-0.300336838
1666.700073,-0.306201935
1666.800049,-0.30357933
1666.900024,-0.303865433
1667,-0.306058884
1667.099976,-0.301540852
1667.200073,-0.297952652
1667.300049,-0.298286438
1667.400024,-0.299776554
1667.5,-0.297332764
1667.599976,-0.305534363
1667.700073,-0.308156967
1667.800049,-0.302959442
1667.900024,-0.296283722
1668,-0.298667908
1668.099976,-0.29766655
1668.200073,-0.306201935
1668.300049,-0.312973499
1668.400024,-0.302148819
1668.5,-0.30934906
1668.599976,-0.305307865
1668.700073,-0.305009842
1668.800049,-0.30472374
1668.900024,-0.307870865
1669,-0.29318428
1669.099976,-0.309587479
1669.200073,-0.29857254
1669.300049,-0.30357933
1669.400024,-0.300718307
1669.5,-0.307394028
1669.599976,-0.3039608
1669.700073,-0.299526215
1669.800049,-0.307012558
1669.900024,-0.304389954
1670,-0.310731888
1670.099976,-0.316740513
1670.200073,-0.305200577
1670.300049,-0.306583405
1670.400024,-0.315500736
1670.5,-0.30524826
1670.599976,-0.309968948
1670.700073,-0.301242828
1670.800049,-0.304914474
1670.900024,-0.307537079
1671,-0.306154251
1671.099976,-0.312353134
1671.200073,-0.3060112
1671.300049,-0.315453053
1671.400024,-0.304914474
1671.5,-0.306488037
1671.599976,-0.302196503
1671.700073,-0.304533005
1671.800049,-0.311494827
1671.900024,-0.31478548
1672,-0.310874939
1672.099976,-0.299907684
1672.200073,-0.301290512
1672.300049,-0.305868149
1672.400024,-0.300718307
1672.5,-0.303722382
1672.599976,-0.304485321
1672.700073,-0.307537079
1672.800049,-0.30896759
1672.900024,-0.3060112
1673,-0.303007126
1673.099976,-0.314070225
1673.200073,-0.306821823
1673.300049,-0.316168308
1673.400024,-0.309921265
1673.5,-0.309587479
1673.599976,-0.313354969
1673.700073,-0.313927174
1673.800049,-0.307346344
1673.900024,-0.307346344
1674,-0.312544346
1674.099976,-0.302959442
1674.200073,-0.313593388
1674.300049,-0.30305481
1674.400024,-0.310302734
1674.5,-0.304008484
1674.599976,-0.31478548
1674.700073,-0.318266392
1674.800049,-0.313354969
1674.900024,-0.31311655
1675,-0.309301376
1675.099976,-0.304628372
1675.200073,-0.307966232
1675.300049,-0.309659243
1675.400024,-0.31349802
1675.5,-0.312544346
1675.599976,-0.311864614
1675.700073,-0.309682846
1675.800049,-0.311733246
1675.900024,-0.313545704
1676,-0.317074299
1676.099976,-0.320126057
1676.200073,-0.307107925
1676.300049,-0.311685562
1676.400024,-0.31888628
1676.5,-0.308252335
1676.599976,-0.310207367
1676.700073,-0.312019348
1676.800049,-0.314499378
1676.900024,-0.314022541
1677,-0.313402653
1677.099976,-0.313080668
1677.200073,-0.311685562
1677.300049,-0.313211918
1677.400024,-0.310445786
1677.5,-0.31759882
1677.599976,-0.321604252
1677.700073,-0.314308643
1677.800049,-0.313927174
1677.900024,-0.312830448
1678,-0.310362577
1678.099976,-0.310139
1678.200073,-0.308872223
1678.300049,-0.308490753
1678.400024,-0.311816931
1678.5,-0.31311655
1678.599976,-0.316788197
1678.700073,-0.311733246
1678.800049,-0.30768013
1678.900024,-0.308347702
1679,-0.311065674
1679.099976,-0.319172382
1679.200073,-0.311113358
1679.300049,-0.306678772
1679.400024,-0.308156967
1679.5,-0.30729866
1679.599976,-0.313318968
1679.700073,-0.320078373
1679.800049,-0.317741871
1679.900024,-0.316883564
1680,-0.314964175
1680.099976,-0.314690113
1680.200073,-0.310541153
1680.300049,-0.310159683
1680.400024,-0.314880848
1680.5,-0.3080616
1680.599976,-0.314308643
1680.700073,-0.31259203
1680.800049,-0.313688755
1680.900024,-0.314284801
1681,-0.317074299
1681.099976,-0.313784122
1681.200073,-0.301719666
1681.300049,-0.320030689
1681.400024,-0.305868149
1681.5,-0.307107925
1681.599976,-0.308741093
1681.700073,-0.311256409
1681.800049,-0.310731888
1681.900024,-0.307155609
1682,-0.320984364
1682.099976,-0.309825897
1682.200073,-0.297046661
1682.300049,-0.299621582
1682.400024,-0.313545704
1682.5,-0.316645145
1682.599976,-0.316978931
1682.700073,-0.309062958
1682.800049,-0.309444427
1682.900024,-0.317408085
1683,-0.312019348
1683.099976,-0.301671982
1683.200073,-0.317789555
1683.300049,-0.303245544
1683.400024,-0.317026615
1683.5,-0.302625656
1683.599976,-0.31683588
1683.700073,-0.310874939
1683.800049,-0.313021183
1683.900024,-0.312353134
1684,-0.308133245
1684.099976,-0.305200577
1684.200073,-0.301958084
1684.300049,-0.301147461
1684.400024,-0.307060242
1684.5,-0.315739155
1684.599976,-0.312639713
1684.700073,-0.313450336
1684.800049,-0.303150177
1684.900024,-0.302530289
1685,-0.305379391
1685.099976,-0.305963516
1685.200073,-0.309873581
1685.300049,-0.302005768
1685.400024,-0.316502094
1685.5,-0.309778214
1685.599976,-0.305486679
1685.700073,-0.30524826
1685.800049,-0.300050735
1685.900024,-0.314022541
1686,-0.297142029
1686.099976,-0.309253693
1686.200073,-0.306297302
1686.300049,-0.314404011
1686.400024,-0.308443069
1686.5,-0.315357685
1686.599976,-0.300670624
1686.700073,-0.304676056
1686.800049,-0.30896759
1686.900024,-0.30729866
1687,-0.29895401
1687.099976,-0.314022541
1687.200073,-0.307870865
1687.300049,-0.301958084
1687.400024,-0.304676056
1687.5,-0.316692829
1687.599976,-0.302864075
1687.700073,-0.310731888
1687.800049,-0.317026615
1687.900024,-0.308252335
1688,-0.30562973
1688.099976,-0.315310001
1688.200073,-0.310207367
1688.300049,-0.312925577
1688.400024,-0.311447144
1688.5,-0.314737797
1688.599976,-0.307394028
1688.700073,-0.313402653
1688.800049,-0.318838596
1688.900024,-0.299097061
1689,-0.308681488
1689.099976,-0.315453053
1689.200073,-0.307441711
1689.300049,-0.302482605
1689.400024,-0.308156967
1689.5,-0.307727814
1689.599976,-0.308586121
1689.700073,-0.308443069
1689.800049,-0.310016632
1689.900024,-0.307966232
1690,-0.310016632
1690.099976,-0.309444427
1690.200073,-0.308288097
1690.300049,-0.305200577
1690.400024,-0.308490753
1690.5,-0.312400818
1690.599976,-0.318409443
1690.700073,-0.311304092
1690.800049,-0.305963516
1690.900024,-0.310970426
1691,-0.310731888
1691.099976,-0.308156997
1691.200073,-0.30434227
1691.300049,-0.306583405
1691.400024,-0.303150177
1691.5,-0.301958084
1691.599976,-0.306488037
1691.700073,-0.300384521
1691.800049,-0.317026615
1691.900024,-0.308872223
1692,-0.306058884
1692.099976,-0.307727814
1692.200073,-0.307906628
1692.300049,-0.308872223
1692.400024,-0.30896759
1692.5,-0.302482605
1692.599976,-0.306488037
1692.700073,-0.312878132
1692.800049,-0.307012558
1692.900024,-0.29933548
1693,-0.300289154
1693.099976,-0.303150177
1693.200073,-0.309158325
1693.300049,-0.303722382
1693.400024,-0.294662476
1693.5,-0.299478531
1693.599976,-0.296522141
1693.700073,-0.300050735
1693.800049,-0.303388596
1693.900024,-0.308538437
1694,-0.316931248
1694.099976,-0.300336838
1694.200073,-0.309062958
1694.300049,-0.300718307
1694.400024,-0.305200577
1694.5,-0.302232265
1694.599976,-0.301290512
1694.700073,-0.301719666
1694.800049,-0.30434227
1694.900024,-0.30562973
1695,-0.308013916
1695.099976,-0.306678772
1695.200073,-0.30305481
1695.300049,-0.300575256
1695.400024,-0.306964874
1695.5,-0.307441711
1695.599976,-0.306774139
1695.700073,-0.306058884
1695.800049,-0.306881428
1695.900024,-0.307775497
1696,-0.306917191
1696.099976,-0.310016751
1696.200073,-0.313688755
1696.300049,-0.311685562
1696.400024,-0.31139946
1696.5,-0.306297302
1696.599976,-0.306964874
1696.700073,-0.310922623
1696.800049,-0.3039608
1696.900024,-0.309206009
1697,-0.304449558
1697.099976,-0.302530289
1697.200073,-0.302101135
1697.300049,-0.29857254
1697.400024,-0.314690113
1697.5,-0.297952652
1697.599976,-0.303817749
1697.700073,-0.30062294
1697.800049,-0.306297302
1697.900024,-0.309444427
1698,-0.303722382
1698.099976,-0.296998978
1698.200073,-0.307394028
1698.300049,-0.306249619
1698.400024,-0.311161041
1698.5,-0.3019104
1698.599976,-0.304866791
1698.700073,-0.314451694
1698.800049,-0.313974857
1698.900024,-0.318647861
1699,-0.313533545
1699.099976,-0.310731888
1699.200073,-0.310779572
1699.300049,-0.312019348
1699.400024,-0.303197861
1699.5,-0.310112
1699.599976,-0.316215992
1699.700073,-0.308872223
1699.800049,-0.313974857
1699.900024,-0.308586121
1700,-0.303293228
1700.099976,-0.311828613
1700.200073,-0.305438995
1700.300049,-0.316454411
1700.400024,-0.307060242
1700.5,-0.301290512
1700.599976,-0.309015274
1700.700073,-0.309015274
1700.800049,-0.308490753
1700.900024,-0.311447144
1701,-0.307072163
1701.099976,-0.30267334
1701.200073,-0.305677414
1701.300049,-0.311876297
1701.400024,-0.310684204
1701.5,-0.297761917
1701.599976,-0.320412159
1701.700073,-0.300479889
1701.800049,-0.313307285
1701.900024,-0.305677414
1702,-0.313164234
1702.099976,-0.3060112
1702.200073,-0.313688755
1702.300049,-0.308538437
1702.400024,-0.310350418
1702.5,-0.31349802
1702.599976,-0.305295944
1702.700073,-0.308252335
1702.800049,-0.309444427
1702.900024,-0.314916372
1703,-0.321413517
1703.099976,-0.32055521
1703.200073,-0.307870865
1703.300049,-0.303817749
1703.400024,-0.307250977
1703.5,-0.319458485
1703.599976,-0.307346344
1703.700073,-0.312496662
1703.800049,-0.304294586
1703.900024,-0.308538437
1704,-0.316645145
1704.099976,-0.309444427
1704.200073,-0.306678772
1704.300049,-0.307572842
1704.400024,-0.304771423
1704.5,-0.309396744
1704.599976,-0.307584763
1704.700073,-0.301290512
1704.800049,-0.309206009
1704.900024,-0.298858643
1705,-0.303102493
1705.099976,-0.3060112
1705.200073,-0.316740513
1705.300049,-0.30100441
1705.400024,-0.308538437
1705.5,-0.317312717
1705.599976,-0.306964874
1705.700073,-0.319506168
1705.800049,-0.308681488
1705.900024,-0.306106567
1706,-0.304485321
1706.099976,-0.303817749
1706.200073,-0.305391312
1706.300049,-0.299287796
1706.400024,-0.309825897
1706.5,-0.315071583
1706.599976,-0.308729172
1706.700073,-0.311876297
1706.800049,-0.301815033
1706.900024,-0.309301376
1707,-0.30062294
1707.099976,-0.310207367
1707.200073,-0.308395386
1707.300049,-0.310588837
1707.400024,-0.314594746
1707.5,-0.307155609
1707.599976,-0.323320866
1707.700073,-0.299907684
1707.800049,-0.304580688
1707.900024,-0.316883564
1708,-0.318123341
1708.099976,-0.316502094
1708.200073,-0.315906048
1708.300049,-0.313068867
1708.400024,-0.31592989
1708.5,-0.319124699
1708.599976,-0.306964874
1708.700073,-0.309921265
1708.800049,-0.309396744
1708.900024,-0.310684204
1709,-0.310016632
1709.099976,-0.314356327
1709.200073,-0.314928532
1709.300049,-0.313152075
1709.400024,-0.311876297
1709.5,-0.311447144
1709.599976,-0.309396744
1709.700073,-0.308395386
1709.800049,-0.305868149
1709.900024,-0.302959442
1710,-0.311113358
1710.099976,-0.303388596
1710.200073,-0.306821823
1710.300049,-0.307727814
1710.400024,-0.300909042
1710.5,-0.307859063
1710.599976,-0.312496662
1710.700073,-0.310302734
1710.800049,-0.312830448
1710.900024,-0.305915833
1711,-0.309587479
1711.099976,-0.315262318
1711.200073,-0.301958084
1711.300049,-0.311208725
1711.400024,-0.308681488
1711.5,-0.312878132
1711.599976,-0.309492111
1711.700073,-0.306821823
1711.800049,-0.311637878
1711.900024,-0.307203293
1712,-0.311351776
1712.099976,-0.307918549
1712.200073,-0.313688755
1712.300049,-0.30639267
1712.400024,-0.313688755
1712.5,-0.31139946
1712.599976,-0.311351776
1712.700073,-0.307870865
1712.800049,-0.307060242
1712.900024,-0.310731888
1713,-0.311733246
1713.099976,-0.311828613
1713.200073,-0.309337139
1713.300049,-0.307870865
1713.400024,-0.305915833
1713.5,-0.302577972
1713.599976,-0.315834522
1713.700073,-0.305868149
1713.800049,-0.298143387
1713.900024,-0.30768013
1714,-0.303436279
1714.099976,-0.315739155
1714.200073,-0.307107925
1714.300049,-0.313164234
1714.400024,-0.312496662
1714.5,-0.307441711
1714.599976,-0.316502094
1714.700073,-0.312830448
1714.800049,-0.307823181
1714.900024,-0.29933548
1715,-0.31063652
1715.099976,-0.317121983
1715.200073,-0.300098419
1715.300049,-0.302530289
1715.400024,-0.309635162
1715.5,-0.314213276
1715.599976,-0.306774139
1715.700073,-0.299860001
1715.800049,-0.312353134
1715.900024,-0.304771423
1716,-0.311876297
1716.099976,-0.313068867
1716.200073,-0.310374379
1716.300049,-0.3060112
1716.400024,-0.310541153
1716.5,-0.309945107
1716.599976,-0.312114716
1716.700073,-0.311113358
1716.800049,-0.309539795
1716.900024,-0.306297302
1717,-0.308633804
1717.099976,-0.311447144
1717.200073,-0.309253693
1717.300049,-0.302721024
1717.400024,-0.310398102
1717.5,-0.304008484
1717.599976,-0.304771423
1717.700073,-0.308204651
1717.800049,-0.306154251
1717.900024,-0.307060242
1718,-0.308776855
1718.099976,-0.305105209
1718.200073,-0.299812317
1718.300049,-0.314833164
1718.400024,-0.303102493
1718.5,-0.310731888
1718.599976,-0.316597462
1718.700073,-0.307107925
1718.800049,-0.305200577
1718.900024,-0.294805527
1719,-0.297475815
1719.099976,-0.307394028
1719.200073,-0.315834522
1719.300049,-0.312067032
1719.400024,-0.309015274
1719.5,-0.305200577
1719.599976,-0.3070364
1719.700073,-0.306774139
1719.800049,-0.307155609
1719.900024,-0.30678606
1720,-0.308586121
1720.099976,-0.304628372
1720.200073,-0.306249619
1720.300049,-0.305963516
1720.400024,-0.305820465
1720.5,-0.312782764
1720.599976,-0.302959442
1720.700073,-0.31311655
1720.800049,-0.311542511
1720.900024,-0.312484503
1721,-0.313688755
1721.099976,-0.311590195
1721.200073,-0.31230545
1721.300049,-0.303436279
1721.400024,-0.303483963
1721.5,-0.302244186
1721.599976,-0.30896759
1721.700073,-0.304819107
1721.800049,-0.313259602
1721.900024,-0.302387238
1722,-0.304008484
1722.099976,-0.312878132
1722.200073,-0.303436279
1722.300049,-0.316645145
1722.400024,-0.309158325
1722.5,-0.29561615
1722.599976,-0.305582047
1722.700073,-0.301815033
1722.800049,-0.302053452
1722.900024,-0.299669266
1723,-0.301147461
1723.099976,-0.303209782
1723.200073,-0.305772781
1723.300049,-0.306249619
1723.400024,-0.308347702
1723.5,-0.304652214
1723.599976,-0.303531647
1723.700073,-0.300479889
1723.800049,-0.309110641
1723.900024,-0.304199219
1724,-0.29356575
1724.099976,-0.300193787
1724.200073,-0.303674698
1724.300049,-0.309396744
1724.400024,-0.313354969
1724.5,-0.300718307
1724.599976,-0.296092987
1724.700073,-0.305438995
1724.800049,-0.312162399
1724.900024,-0.299430847
1725,-0.294900894
1725.099976,-0.297618866
1725.200073,-0.304676056
1725.300049,-0.304258823
1725.400024,-0.305167794
1725.5,-0.306249619
1725.599976,-0.305486679
1725.700073,-0.306917191
1725.800049,-0.299526215
1725.900024,-0.303722382
1726,-0.299955368
1726.099976,-0.303531647
1726.200073,-0.304676056
1726.300049,-0.306344986
1726.400024,-0.312353134
1726.5,-0.303483963
1726.599976,-0.310922623
1726.700073,-0.305438995
1726.800049,-0.302196503
1726.900024,-0.302613735
1727,-0.301099777
1727.099976,-0.301719666
1727.200073,-0.30973053
1727.300049,-0.311590195
1727.400024,-0.307537079
1727.5,-0.303865433
1727.599976,-0.303340912
1727.700073,-0.302041531
1727.800049,-0.300909042
1727.900024,-0.300050735
1728,-0.305319786
1728.099976,-0.311447144
1728.200073,-0.308872223
1728.300049,-0.307632446
1728.400024,-0.314022541
1728.5,-0.310064316
1728.599976,-0.310791612
1728.700073,-0.310302734
1728.800049,-0.308776855
1728.900024,-0.307918549
1729,-0.309539795
1729.099976,-0.301719666
1729.200073,-0.304199219
1729.300049,-0.29857254
1729.400024,-0.300050735
1729.5,-0.305725098
1729.599976,-0.305534363
1729.700073,-0.30062294
1729.800049,-0.295520782
1729.900024,-0.309062958
1730,-0.303483963
1730.099976,-0.302959442
1730.200073,-0.304580688
1730.300049,-0.300909042
1730.400024,-0.306726456
1730.5,-0.312114716
1730.599976,-0.302625656
1730.700073,-0.31063652
1730.800049,-0.311542511
1730.900024,-0.309396744
1731,-0.307727814
1731.099976,-0.30768013
1731.200073,-0.308443069
1731.300049,-0.308872223
1731.400024,-0.314308643
1731.5,-0.314308643
1731.599976,-0.308490753
1731.700073,-0.309968948
1731.800049,-0.304866791
1731.900024,-0.308586121
1732,-0.313211918
1732.099976,-0.314451694
1732.200073,-0.309778214
1732.300049,-0.313211918
1732.400024,-0.309587479
1732.5,-0.309778214
1732.599976,-0.308490753
1732.700073,-0.308300018
1732.800049,-0.311411619
1732.900024,-0.314594746
1733,-0.31426096
1733.099976,-0.316215992
1733.200073,-0.314594746
1733.300049,-0.321413517
1733.400024,-0.304246902
1733.5,-0.312544346
1733.599976,-0.317694187
1733.700073,-0.316788197
1733.800049,-0.314725757
1733.900024,-0.311351776
1734,-0.313068867
1734.099976,-0.309444427
1734.200073,-0.310064316
1734.300049,-0.310207367
1734.400024,-0.313104391
1734.5,-0.315691471
1734.599976,-0.307617724
1734.700073,-0.29933548
1734.800049,-0.302339554
1734.900024,-0.30305481
1735,-0.303793907
1735.099976,-0.30305481
1735.200073,-0.306726456
1735.300049,-0.307870865
1735.400024,-0.309682846
1735.5,-0.312019348
1735.599976,-0.31387949
1735.700073,-0.308919907
1735.800049,-0.314117908
1735.900024,-0.31926775
1736,-0.313641071
1736.099976,-0.31311655
1736.200073,-0.309682846
1736.300049,-0.30434227
1736.400024,-0.317312717
1736.5,-0.31063652
1736.599976,-0.309539795
1736.700073,-0.31592989
1736.800049,-0.301195145
1736.900024,-0.30639267
1737,-0.310445786
1737.099976,-0.318314075
1737.200073,-0.319935322
1737.300049,-0.312830448
1737.400024,-0.313164234
1737.5,-0.311447382
1737.599976,-0.309301376
1737.700073,-0.310493469
1737.800049,-0.312019587
1737.900024,-0.314308643
1738,-0.313974857
1738.099976,-0.309790373
1738.200073,-0.307346344
1738.300049,-0.303531647
1738.400024,-0.309206009
1738.5,-0.300098419
1738.599976,-0.311637878
1738.700073,-0.310445786
1738.800049,-0.311113358
1738.900024,-0.310731888
1739,-0.310159683
1739.099976,-0.311804891
1739.200073,-0.311590195
1739.300049,-0.314737797
1739.400024,-0.311208725
1739.5,-0.313927174
1739.599976,-0.31114924
1739.700073,-0.310970306
1739.800049,-0.308490753
1739.900024,-0.306583405
1740,-0.300718307
1740.099976,-0.301147461
1740.200073,-0.304056168
1740.300049,-0.302864075
1740.400024,-0.309444427
1740.5,-0.306154251
1740.599976,-0.302911758
1740.700073,-0.303102493
1740.800049,-0.302732944
1740.900024,-0.304297566
1741,-0.304628372
1741.099976,-0.306726456
1741.200073,-0.305462837
1741.300049,-0.305105209
1741.400024,-0.305391312
1741.5,-0.306440353
1741.599976,-0.306666851
1741.700073,-0.307060242
1741.800049,-0.307775497
1741.900024,-0.31012404
1742,-0.312114716
1742.099976,-0.313545704
1742.200073,-0.311113477
1742.300049,-0.308013916
1742.400024,-0.310779572
1742.5,-0.310684204
1742.599976,-0.309778214
1742.700073,-0.306058884
1742.800049,-0.310970306
1742.900024,-0.300861359
1743,-0.315071583
1743.099976,-0.304533005
1743.200073,-0.312400818
1743.300049,-0.311113358
1743.400024,-0.308633804
1743.5,-0.30267334
1743.599976,-0.31230545
1743.700073,-0.302387238
1743.800049,-0.308681488
1743.900024,-0.310684204
1744,-0.298715591
1744.099976,-0.302959442
1744.200073,-0.303603172
1744.300049,-0.306631088
1744.400024,-0.306106567
1744.5,-0.313974857
1744.599976,-0.310064316
1744.700073,-0.304914474
1744.800049,-0.311590195
1744.900024,-0.305820465
1745,-0.319220066
1745.099976,-0.300098419
1745.200073,-0.306678772
1745.300049,-0.306249619
1745.400024,-0.306774139
1745.5,-0.307155609
1745.599976,-0.307012558
1745.700073,-0.310588837
1745.800049,-0.308538437
1745.900024,-0.300098419
1746,-0.304819107
1746.099976,-0.309301376
1746.200073,-0.31387949
1746.300049,-0.312878132
1746.400024,-0.311828613
1746.5,-0.315977573
1746.599976,-0.310732007
1746.700073,-0.307632446
1746.800049,-0.307489395
1746.900024,-0.304997921
1747,-0.303770065
1747.099976,-0.301099777
1747.200073,-0.307489395
1747.300049,-0.297142029
1747.400024,-0.305200577
1747.5,-0.304246902
1747.599976,-0.301576614
1747.700073,-0.304199219
1747.800049,-0.303483963
1747.900024,-0.301874638
1748,-0.300765991
1748.099976,-0.299049377
1748.200073,-0.301469326
1748.300049,-0.302434921
1748.400024,-0.303627014
1748.5,-0.292135239
1748.599976,-0.317360401
1748.700073,-0.302625656
1748.800049,-0.30896759
1748.900024,-0.29189682
1749,-0.312925816
1749.099976,-0.303722382
1749.200073,-0.308204651
1749.300049,-0.311351776
1749.400024,-0.306440353
1749.5,-0.308204651
1749.599976,-0.301195145
1749.700073,-0.29356575
1749.800049,-0.296569824
1749.900024,-0.299240112
1750,-0.303674698
1750.099976,-0.303150177
1750.200073,-0.305963516
1750.300049,-0.301099777
1750.400024,-0.30472374
1750.5,-0.296617508
1750.599976,-0.314833164
1750.700073,-0.307394028
1750.800049,-0.314117908
1750.900024,-0.310207367
1751,-0.309027314
1751.099976,-0.307250977
1751.200073,-0.304533005
1751.300049,-0.302339554
1751.400024,-0.30934906
1751.5,-0.299097061
1751.599976,-0.307155609
1751.700073,-0.302864075
1751.800049,-0.308538437
1751.900024,-0.305009842
1752,-0.292230606
1752.099976,-0.310970306
1752.200073,-0.300098419
1752.300049,-0.308872223
1752.400024,-0.311590195
1752.5,-0.300050735
1752.599976,-0.296379089
1752.700073,-0.302387238
1752.800049,-0.308872223
1752.900024,-0.301338196
1753,-0.303770065
1753.099976,-0.307394028
1753.200073,-0.306058884
1753.300049,-0.306774139
1753.400024,-0.306297302
1753.5,-0.306499958
1753.599976,-0.30524826
1753.700073,-0.30768013
1753.800049,-0.305343628
1753.900024,-0.294757843
1754,-0.310350418
1754.099976,-0.300432205
1754.200073,-0.307346344
1754.300049,-0.310588837
1754.400024,-0.309921265
1754.5,-0.307310581
1754.599976,-0.303865433
1754.700073,-0.304866791
1754.800049,-0.306631088
1754.900024,-0.313784122
1755,-0.309587479
1755.099976,-0.314308643
1755.200073,-0.3019104
1755.300049,-0.29318428
1755.400024,-0.31139946
1755.5,-0.301242828
1755.599976,-0.317646503
1755.700073,-0.304628372
1755.800049,-0.307823181
1755.900024,-0.308872223
1756,-0.303674698
1756.099976,-0.299573898
1756.200073,-0.306583405
1756.300049,-0.311447144
1756.400024,-0.299907684
1756.5,-0.297857285
1756.599976,-0.307870865
1756.700073,-0.319792271
1756.800049,-0.326944828
1756.900024,-0.313641071
1757,-0.308633804
1757.099976,-0.308490753
1757.200073,-0.302911758
1757.300049,-0.318314075
1757.400024,-0.296760559
1757.5,-0.310874939
1757.599976,-0.317312717
1757.700073,-0.305152893
1757.800049,-0.320507526
1757.900024,-0.314117908
1758,-0.308681488
1758.099976,-0.307012558
1758.200073,-0.30896759
1758.300049,-0.310159683
1758.400024,-0.310016632
1758.5,-0.308240414
1758.599976,-0.305915833
1758.700073,-0.306869507
1758.800049,-0.308300018
1758.900024,-0.305725098
1759,-0.30934906
1759.099976,-0.298763275
1759.200073,-0.313545704
1759.300049,-0.306201935
1759.400024,-0.318027973
1759.5,-0.306964874
1759.599976,-0.30729866
1759.700073,-0.308490753
1759.800049,-0.308729172
1759.900024,-0.307191372
1760,-0.306154251
1760.099976,-0.305391312
1760.200073,-0.308919907
1760.300049,-0.304914474
1760.400024,-0.310684204
1760.5,-0.298667908
1760.599976,-0.302864075
1760.700073,-0.301815033
1760.800049,-0.305534363
1760.900024,-0.306964874
1761,-0.308300018
1761.099976,-0.308872223
1761.200073,-0.309158325
1761.300049,-0.311065674
1761.400024,-0.315596104
1761.5,-0.313021183
1761.599976,-0.304819107
1761.700073,-0.313259602
1761.800049,-0.309873581
1761.900024,-0.307870865
1762,-0.308586121
1762.099976,-0.315834522
1762.200073,-0.309206009
1762.300049,-0.313021183
1762.400024,-0.306440353
1762.5,-0.313211918
1762.599976,-0.295330048
1762.700073,-0.304151535
1762.800049,-0.31230545
1762.900024,-0.31139946
1763,-0.311065674
1763.099976,-0.308109283
1763.200073,-0.312448502
1763.300049,-0.304485321
1763.400024,-0.309587479
1763.5,-0.316549778
1763.599976,-0.296426773
1763.700073,-0.31101799
1763.800049,-0.300813675
1763.900024,-0.308204651
1764,-0.302864075
1764.099976,-0.299955368
1764.200073,-0.310493469
1764.300049,-0.312114716
1764.400024,-0.302768707
1764.5,-0.305438995
1764.599976,-0.30267334
1764.700073,-0.304914474
1764.800049,-0.306356907
1764.900024,-0.309539795
1765,-0.308300018
1765.099976,-0.307203293
1765.200073,-0.305200577
1765.300049,-0.303340912
1765.400024,-0.306488037
1765.5,-0.311065674
1765.599976,-0.307870865
1765.700073,-0.306261539
1765.800049,-0.302482605
1765.900024,-0.303627014
1766,-0.302339554
1766.099976,-0.300479889
1766.200073,-0.306821823
1766.300049,-0.315786839
1766.400024,-0.293231964
1766.5,-0.30229187
1766.599976,-0.306869507
1766.700073,-0.316931248
1766.800049,-0.305677414
1766.900024,-0.310827255
1767,-0.305915833
1767.099976,-0.311411619
1767.200073,-0.314022541
1767.300049,-0.314880848
1767.400024,-0.308347702
1767.5,-0.306106567
1767.599976,-0.308395386
1767.700073,-0.303865433
1767.800049,-0.300193787
1767.900024,-0.303865433
1768,-0.306583405
1768.099976,-0.3019104
1768.200073,-0.307966232
1768.300049,-0.304962158
1768.400024,-0.292802811
1768.5,-0.292230606
1768.599976,-0.313354969
1768.700073,-0.298477173
1768.800049,-0.317884922
1768.900024,-0.291563034
1769,-0.309873581
1769.099976,-0.302387238
1769.200073,-0.30100441
1769.300049,-0.303853512
1769.400024,-0.302959442
1769.5,-0.301895499
1769.599976,-0.302005768
1769.700073,-0.298763275
1769.800049,-0.300670624
1769.900024,-0.298715591
1770,-0.301767349
1770.099976,-0.304580688
1770.200073,-0.303102493
1770.300049,-0.304914474
1770.400024,-0.306917191
1770.5,-0.305057526
1770.599976,-0.307525158
1770.700073,-0.308919907
1770.800049,-0.309206009
1770.900024,-0.307489395
1771,-0.298763275
1771.099976,-0.304008484
1771.200073,-0.294519424
1771.300049,-0.299192429
1771.400024,-0.29432869
1771.5,-0.304866791
1771.599976,-0.302721024
1771.700073,-0.309921265
1771.800049,-0.300146103
1771.900024,-0.306964874
1772,-0.302482605
1772.099976,-0.296712875
1772.200073,-0.301862717
1772.300049,-0.307489395
1772.400024,-0.304771423
1772.5,-0.303436279
1772.599976,-0.297952652
1772.700073,-0.298787117
1772.800049,-0.297428131
1772.900024,-0.296331406
1773,-0.301087856
1773.099976,-0.304628372
1773.200073,-0.305963516
1773.300049,-0.308490753
1773.400024,-0.29690361
1773.5,-0.30472374
1773.599976,-0.31349802
1773.700073,-0.299955368
1773.800049,-0.30639267
1773.900024,-0.307918549
1774,-0.302864075
1774.099976,-0.299573898
1774.200073,-0.304437637
1774.300049,-0.303245544
1774.400024,-0.305212498
1774.5,-0.309396744
1774.599976,-0.303770065
1774.700073,-0.305522442
1774.800049,-0.3039608
1774.900024,-0.304962158
1775,-0.30138588
1775.099976,-0.302530289
1775.200073,-0.30138588
1775.300049,-0.299573898
1775.400024,-0.302053452
1775.5,-0.305725098
1775.599976,-0.302864075
1775.700073,-0.30024147
1775.800049,-0.29394722
1775.900024,-0.29356575
1776,-0.309968948
1776.099976,-0.29356575
1776.200073,-0.311065674
1776.300049,-0.30524826
1776.400024,-0.298000336
1776.5,-0.313211918
1776.599976,-0.300813675
1776.700073,-0.302911758
1776.800049,-0.296855927
1776.900024,-0.303627014
1777,-0.296760559
1777.099976,-0.296617508
1777.200073,-0.296808243
1777.300049,-0.297809601
1777.400024,-0.300467968
1777.5,-0.302244186
1777.599976,-0.305009842
1777.700073,-0.311351776
1777.800049,-0.294281006
1777.900024,-0.305772781
1778,-0.293470383
1778.099976,-0.309539795
1778.200073,-0.299716949
1778.300049,-0.300050735
1778.400024,-0.301600456
1778.5,-0.306726456
1778.599976,-0.299907684
1778.700073,-0.313927174
1778.800049,-0.306774139
1778.900024,-0.310398102
1779,-0.31259203
1779.099976,-0.304819107
1779.200073,-0.29895401
1779.300049,-0.303686619
1779.400024,-0.304866791
1779.5,-0.306106567
1779.599976,-0.302911758
1779.700073,-0.309682846
1779.800049,-0.296474457
1779.900024,-0.303674698
1780,-0.311161041
1780.099976,-0.304056168
1780.200073,-0.307012558
1780.300049,-0.306201935
1780.400024,-0.305677414
1780.5,-0.300765991
1780.599976,-0.303722382
1780.700073,-0.299192429
1780.800049,-0.309968948
1780.900024,-0.300384521
1781,-0.302530289
1781.099976,-0.305486679
1781.200073,-0.296712875
1781.300049,-0.305486679
1781.400024,-0.3019104
1781.5,-0.314451694
1781.599976,-0.295806885
1781.700073,-0.302768707
1781.800049,-0.312687397
1781.900024,-0.310445786
1782,-0.304151535
1782.099976,-0.305915833
1782.200073,-0.303674698
1782.300049,-0.30357933
1782.400024,-0.301052094
1782.5,-0.304914474
1782.599976,-0.303531647
1782.700073,-0.304389954
1782.800049,-0.303770065
1782.900024,-0.302339554
1783,-0.298429489
1783.099976,-0.301719666
1783.200073,-0.302613735
1783.300049,-0.30524826
1783.400024,-0.305057526
1783.5,-0.307823181
1783.599976,-0.309527993
1783.700073,-0.31230545
1783.800049,-0.312925816
1783.900024,-0.309456468
1784,-0.307155609
1784.099976,-0.305438995
1784.200073,-0.305677414
1784.300049,-0.306440353
1784.400024,-0.307632446
1784.5,-0.307012558
1784.599976,-0.305737019
1784.700073,-0.304056168
1784.800049,-0.304246902
1784.900024,-0.3019104
1785,-0.307918549
1785.099976,-0.305534363
1785.200073,-0.309003353
1785.300049,-0.310970306
1785.400024,-0.311590195
1785.5,-0.303913116
1785.599976,-0.30138588
1785.700073,-0.307060242
1785.800049,-0.301624298
1785.900024,-0.309921265
1786,-0.304914474
1786.099976,-0.303817749
1786.200073,-0.308729172
1786.300049,-0.302005768
1786.400024,-0.314499378
1786.5,-0.312019348
1786.599976,-0.304389954
1786.700073,-0.313736439
1786.800049,-0.30524826
1786.900024,-0.312210083
1787,-0.304866791
1787.099976,-0.308395386
1787.200073,-0.307918549
1787.300049,-0.312544346
1787.400024,-0.307966232
1787.5,-0.304246902
1787.599976,-0.309301376
1787.700073,-0.309682846
1787.800049,-0.310159683
1787.900024,-0.306821823
1788,-0.310731888
1788.099976,-0.300050735
1788.200073,-0.303102493
1788.300049,-0.308395386
1788.400024,-0.309253693
1788.5,-0.305438995
1788.599976,-0.299287796
1788.700073,-0.307250977
1788.800049,-0.315023899
1788.900024,-0.306821823
1789,-0.301481247
1789.099976,-0.307489395
1789.200073,-0.317455769
1789.300049,-0.307775497
1789.400024,-0.301433563
1789.5,-0.312544346
1789.599976,-0.306678772
1789.700073,-0.306726456
1789.800049,-0.317932606
1789.900024,-0.305009842
1790,-0.312687397
1790.099976,-0.315643787
1790.200073,-0.316597462
1790.300049,-0.311769247
1790.400024,-0.308300018
1790.5,-0.306535721
1790.599976,-0.309158325
1790.700073,-0.309062958
1790.800049,-0.301242828
1790.900024,-0.298524857
1791,-0.305093288
1791.099976,-0.311208725
1791.200073,-0.309396744
1791.300049,-0.306297302
1791.400024,-0.305582047
1791.5,-0.306178093
1791.599976,-0.306154251
1791.700073,-0.306678772
1791.800049,-0.306917191
1791.900024,-0.308681607
1792,-0.307584792
1792.099976,-0.307346344
1792.200073,-0.307394028
1792.300049,-0.310159683
1792.400024,-0.308264256
1792.5,-0.30729866
1792.599976,-0.308204651
1792.700073,-0.304771423
1792.800049,-0.3019104
1792.900024,-0.303102493
1793,-0.304246902
1793.099976,-0.301481247
1793.200073,-0.304199219
1793.300049,-0.309110641
1793.400024,-0.305057526
1793.5,-0.315834522
1793.599976,-0.304866791
1793.700073,-0.296140671
1793.800049,-0.307918549
1793.900024,-0.299764633
1794,-0.308776855
1794.099976,-0.312448502
1794.200073,-0.301242828
1794.300049,-0.304628372
1794.400024,-0.313068867
1794.5,-0.313736439
1794.599976,-0.308204651
1794.700073,-0.308681488
1794.800049,-0.30562973
1794.900024,-0.311113358
1795,-0.319601536
1795.099976,-0.298477173
1795.200073,-0.303388596
1795.300049,-0.302530289
1795.400024,-0.301528931
1795.5,-0.307537079
1795.599976,-0.30305481
1795.700073,-0.300956726
1795.800049,-0.302196503
1795.900024,-0.304962158
1796,-0.303770065
1796.099976,-0.305438995
1796.200073,-0.31178093
1796.300049,-0.307775497
1796.400024,-0.299430847
1796.5,-0.314356327
1796.599976,-0.303627014
1796.700073,-0.309253693
1796.800049,-0.307823181
1796.900024,-0.300098419
1797,-0.299955368
1797.099976,-0.304103851
1797.200073,-0.303197861
1797.300049,-0.307584763
1797.400024,-0.316215992
1797.5,-0.304199219
1797.599976,-0.310016632
1797.700073,-0.30472374
1797.800049,-0.298715591
1797.900024,-0.310016632
1798,-0.297618866
1798.099976,-0.308443069
1798.200073,-0.309778214
1798.300049,-0.30100441
1798.400024,-0.308300018
1798.5,-0.301815033
1798.599976,-0.300146103
1798.700073,-0.299573898
1798.800049,-0.293899536
1798.900024,-0.308109283
1799,-0.29523468
1799.099976,-0.307441711
1799.200073,-0.307775497
1799.300049,-0.302959442
1799.400024,-0.302577972
1799.5,-0.294948578
1799.599976,-0.307346344
1799.700073,-0.295091629
1799.800049,-0.29895401
1799.900024,-0.29394722
1800,-0.299955368
1800.099976,-0.305725098
1800.200073,-0.303245544
1800.300049,-0.300789833
1800.400024,-0.300390482
1800.5,-0.298667908
1800.599976,-0.298858643
1800.700073,-0.310207367
1800.800049,-0.316502094
1800.900024,-0.308204651
1801,-0.30639267
1801.099976,-0.30574894
1801.200073,-0.303913116
1801.300049,-0.304485321
1801.400024,-0.303007126
1801.5,-0.303340912
1801.599976,-0.30524826
1801.700073,-0.308681488
1801.800049,-0.305963516
1801.900024,-0.309396744
1802,-0.296855927
1802.099976,-0.308824539
1802.200073,-0.302101135
1802.300049,-0.301195145
1802.400024,-0.301457405
1802.5,-0.299669266
1802.599976,-0.302864075
1802.700073,-0.300289154
1802.800049,-0.298357964
1802.900024,-0.294233322
1803,-0.296045303
1803.099976,-0.298191071
1803.200073,-0.300050735
1803.300049,-0.299144745
1803.400024,-0.309825897
1803.5,-0.29599762
1803.599976,-0.305725098
1803.700073,-0.292325974
1803.800049,-0.3039608
1803.900024,-0.307632446
1804,-0.308156967
1804.099976,-0.310827255
1804.200073,-0.310207367
1804.300049,-0.304199219
1804.400024,-0.306726456
1804.5,-0.298763275
1804.599976,-0.302005768
1804.700073,-0.314213276
1804.800049,-0.313068867
1804.900024,-0.310064316
1805,-0.304628372
1805.099976,-0.304819107
1805.200073,-0.304115772
1805.300049,-0.302434921
1805.400024,-0.304580688
1805.5,-0.312687397
1805.599976,-0.306488037
1805.700073,-0.311923981
1805.800049,-0.301338196
1805.900024,-0.295425415
1806,-0.300003052
1806.099976,-0.300479889
1806.200073,-0.306058884
1806.300049,-0.298357964
1806.400024,-0.292755127
1806.5,-0.294137955
1806.599976,-0.293756485
1806.700073,-0.298119545
1806.800049,-0.304771423
1806.900024,-0.299812317
1807,-0.3039608
1807.099976,-0.3019104
1807.200073,-0.31063652
1807.300049,-0.3080616
1807.400024,-0.303293228
1807.5,-0.305725098
1807.599976,-0.301433563
1807.700073,-0.306726456
1807.800049,-0.302721024
1807.900024,-0.308824539
1808,-0.305582047
1808.099976,-0.299955368
1808.200073,-0.297952652
1808.300049,-0.304676056
1808.400024,-0.300479889
1808.5,-0.296426773
1808.599976,-0.295663834
1808.700073,-0.307632446
1808.800049,-0.295139313
1808.900024,-0.305438995
1809,-0.310922623
1809.099976,-0.304103851
1809.200073,-0.30357933
1809.300049,-0.3039608
1809.400024,-0.30472374
1809.5,-0.301099777
1809.599976,-0.311828613
1809.700073,-0.300861359
1809.800049,-0.303531647
1809.900024,-0.302482605
1810,-0.308300018
1810.099976,-0.313068867
1810.200073,-0.311161041
1810.300049,-0.309194207
1810.400024,-0.309048086
1810.5,-0.308443069
1810.599976,-0.307394028
1810.700073,-0.303793907
1810.800049,-0.300050735
1810.900024,-0.299287796
1811,-0.300253391
1811.099976,-0.298477173
1811.200073,-0.303197861
1811.300049,-0.301195145
1811.400024,-0.31259203
1811.5,-0.306964874
1811.599976,-0.29318428
1811.700073,-0.30305481
1811.800049,-0.307537079
1811.900024,-0.296379089
1812,-0.300765991
1812.099976,-0.311876297
1812.200073,-0.312114716
1812.300049,-0.302959442
1812.400024,-0.30357933
1812.5,-0.310731888
1812.599976,-0.299240112
1812.700073,-0.307966232
1812.800049,-0.312257767
1812.900024,-0.307060242
1813,-0.29933548
1813.099976,-0.303293228
1813.200073,-0.307537079
1813.300049,-0.309778214
1813.400024,-0.304139614
1813.5,-0.298143387
1813.599976,-0.301099777
1813.700073,-0.312925816
1813.800049,-0.296426773
1813.900024,-0.307107925
1814,-0.309158325
1814.099976,-0.307918549
1814.200073,-0.303293228
1814.300049,-0.315310001
1814.400024,-0.309396744
1814.5,-0.310922623
1814.599976,-0.30524826
1814.700073,-0.305677414
1814.800049,-0.299764633
1814.900024,-0.313164234
1815,-0.301052094
1815.099976,-0.308109283
1815.200073,-0.30973053
1815.300049,-0.29895401
1815.400024,-0.307203293
1815.5,-0.300003052
1815.599976,-0.295949936
1815.700073,-0.308443069
1815.800049,-0.317455769
1815.900024,-0.30229187
1816,-0.310493469
1816.099976,-0.306106567
1816.200073,-0.302530289
1816.300049,-0.304485321
1816.400024,-0.311733246
1816.5,-0.308919907
1816.599976,-0.292182922
1816.700073,-0.299526215
1816.800049,-0.306678772
1816.900024,-0.306678772
1817,-0.310731888
1817.099976,-0.310159683
1817.200073,-0.305653572
1817.300049,-0.301958084
1817.400024,-0.299764633
1817.5,-0.312353134
1817.599976,-0.309158325
1817.700073,-0.301671982
1817.800049,-0.307346344
1817.900024,-0.301481247
1818,-0.310588837
1818.099976,-0.299240112
1818.200073,-0.317169666
1818.300049,-0.302339554
1818.400024,-0.309778214
1818.5,-0.306821823
1818.599976,-0.299907684
1818.700073,-0.307823181
1818.800049,-0.310970306
1818.900024,-0.301862717
1819,-0.305486679
1819.099976,-0.301528931
1819.200073,-0.302101135
1819.300049,-0.310064316
1819.400024,-0.308395386
1819.5,-0.30267334
1819.599976,-0.30472374
1819.700073,-0.30434227
1819.800049,-0.304461479
1819.900024,-0.304294586
1820,-0.304485321
1820.099976,-0.303603172
1820.200073,-0.304634333
1820.300049,-0.304676056
1820.400024,-0.305772781
1820.5,-0.305343628
1820.599976,-0.305891991
1820.700073,-0.30639267
1820.800049,-0.306058884
1820.900024,-0.307632446
1821,-0.301719666
1821.099976,-0.30562973
1821.200073,-0.302148819
1821.300049,-0.300146103
1821.400024,-0.305391312
1821.5,-0.297618866
1821.599976,-0.302768707
1821.700073,-0.31516695
1821.800049,-0.309206009
1821.900024,-0.302721024
1822,-0.315071583
1822.099976,-0.305963516
1822.200073,-0.308156967
1822.300049,-0.29857254
1822.400024,-0.315882206
1822.5,-0.293613434
1822.599976,-0.300432205
1822.700073,-0.307584763
1822.800049,-0.29766655
1822.900024,-0.305725098
1823,-0.295854568
1823.099976,-0.292421341
1823.200073,-0.31230545
1823.300049,-0.304389954
1823.400024,-0.29485321
1823.5,-0.292945862
1823.599976,-0.302864075
1823.700073,-0.311208725
1823.800049,-0.302864075
1823.900024,-0.308443069
1824,-0.303293228
1824.099976,-0.304580688
1824.200073,-0.296045303
1824.300049,-0.296617508
1824.400024,-0.296057224
1824.5,-0.296617508
1824.599976,-0.294948578
1824.700073,-0.308633804
1824.800049,-0.297237396
1824.900024,-0.308156967
1825,-0.299764633
1825.099976,-0.302768707
1825.200073,-0.300479889
1825.300049,-0.307250977
1825.400024,-0.299097061
1825.5,-0.308586121
1825.599976,-0.309492111
1825.700073,-0.305331707
1825.800049,-0.302196503
1825.900024,-0.301052094
1826,-0.305915833
1826.099976,-0.297189713
1826.200073,-0.302577972
1826.300049,-0.293661118
1826.400024,-0.300289154
1826.5,-0.299478531
1826.599976,-0.299621582
1826.700073,-0.293422699
1826.800049,-0.302625656
1826.900024,-0.291086197
1827,-0.309301376
1827.099976,-0.309968948
1827.200073,-0.311542511
1827.300049,-0.302959442
1827.400024,-0.305534363
1827.5,-0.296998978
1827.599976,-0.307060242
1827.700073,-0.291992188
1827.800049,-0.311733246
1827.900024,-0.303865433
1828,-0.296617508
1828.099976,-0.3060112
1828.200073,-0.297380447
1828.300049,-0.296092987
1828.400024,-0.301099777
1828.5,-0.30305481
1828.599976,-0.30229187
1828.700073,-0.302101135
1828.800049,-0.303197861
1828.900024,-0.308252335
1829,-0.301481247
1829.099976,-0.306821823
1829.200073,-0.291419983
1829.300049,-0.306440353
1829.400024,-0.298334122
1829.5,-0.30768013
1829.599976,-0.307441711
1829.700073,-0.303114414
1829.800049,-0.298000336
1829.900024,-0.29933548
1830,-0.298536777
1830.099976,-0.297857285
1830.200073,-0.29895401
1830.300049,-0.303531647
1830.400024,-0.301528931
1830.5,-0.303531647
1830.599976,-0.305915833
1830.700073,-0.304962158
1830.800049,-0.300634861
1830.900024,-0.295759201
1831,-0.295902252
1831.099976,-0.299097061
1831.200073,-0.304962158
1831.300049,-0.299764633
1831.400024,-0.305534363
1831.5,-0.291038513
1831.599976,-0.298810959
1831.700073,-0.293136597
1831.800049,-0.296712875
1831.900024,-0.296808243
1832,-0.298095703
1832.099976,-0.298417568
1832.200073,-0.299955368
1832.300049,-0.298810959
1832.400024,-0.310445786
1832.5,-0.299716949
1832.599976,-0.305677414
1832.700073,-0.29690361
1832.800049,-0.292898178
1832.900024,-0.302721024
1833,-0.304246902
1833.099976,-0.299955368
1833.200073,-0.311733246
1833.300049,-0.318695545
1833.400024,-0.308633804
1833.5,-0.308490753
1833.599976,-0.306094646
1833.700073,-0.306079745
1833.800049,-0.304866791
1833.900024,-0.304866791
1834,-0.293327332
1834.099976,-0.311590195
1834.200073,-0.292325974
1834.300049,-0.30357933
1834.400024,-0.292325974
1834.5,-0.312878132
1834.599976,-0.306344986
1834.700073,-0.307346344
1834.800049,-0.296760559
1834.900024,-0.292230606
1835,-0.295043945
1835.099976,-0.29561615
1835.200073,-0.295568466
1835.300049,-0.302816391
1835.400024,-0.306726456
1835.5,-0.300813675
1835.599976,-0.302530289
1835.700073,-0.311494827
1835.800049,-0.304485321
1835.900024,-0.298286438
1836,-0.305963516
1836.099976,-0.309158325
1836.200073,-0.305915833
1836.300049,-0.300670624
1836.400024,-0.306774139
1836.5,-0.305009842
1836.599976,-0.301958084
1836.700073,-0.297904968
1836.800049,-0.300861359
1836.900024,-0.307966232
1837,-0.311447144
1837.099976,-0.29690361
1837.200073,-0.307394028
1837.300049,-0.301338196
1837.400024,-0.304771423
1837.5,-0.305438995
1837.599976,-0.304389954
1837.700073,-0.31259203
1837.800049,-0.299049377
1837.900024,-0.304533005
1838,-0.304676056
1838.099976,-0.303340912
1838.200073,-0.309206009
1838.300049,-0.305486679
1838.400024,-0.310207367
1838.5,-0.310493469
1838.599976,-0.309015274
1838.700073,-0.311542511
1838.800049,-0.305582047
1838.900024,-0.292993546
1839,-0.308633804
1839.099976,-0.302959442
1839.200073,-0.307346344
1839.300049,-0.301719666
1839.400024,-0.301195145
1839.5,-0.294996262
1839.599976,-0.307537079
1839.700073,-0.3019104
1839.800049,-0.300003052
1839.900024,-0.30024147
1840,-0.28855896
1840.099976,-0.295806885
1840.200073,-0.306535721
1840.300049,-0.302482605
1840.400024,-0.317074299
1840.5,-0.31850481
1840.599976,-0.303722382
1840.700073,-0.315071583
1840.800049,-0.305295944
1840.900024,-0.301767349
1841,-0.304676056
1841.099976,-0.307012558
1841.200073,-0.298810959
1841.300049,-0.296283722
1841.400024,-0.303674698
1841.5,-0.308156967
1841.599976,-0.308109283
1841.700073,-0.30472374
1841.800049,-0.303436279
1841.900024,-0.299669266
1842,-0.302339554
1842.099976,-0.305486679
1842.200073,-0.303531647
1842.300049,-0.305152893
1842.400024,-0.307107925
1842.5,-0.303817749
1842.599976,-0.298667908
1842.700073,-0.308490753
1842.800049,-0.314356327
1842.900024,-0.303388596
1843,-0.311208725
1843.099976,-0.301862717
1843.200073,-0.315643787
1843.300049,-0.310064316
1843.400024,-0.305105209
1843.5,-0.30562973
1843.599976,-0.307727814
1843.700073,-0.301290512
1843.800049,-0.297761917
1843.900024,-0.304008484
1844,-0.299573898
1844.099976,-0.299955368
1844.200073,-0.304389954
1844.300049,-0.310350418
1844.400024,-0.304151535
1844.5,-0.305200577
1844.599976,-0.304866791
1844.700073,-0.30356741
1844.800049,-0.3039608
1844.900024,-0.30024147
1845,-0.303197861
1845.099976,-0.311494827
1845.200073,-0.29728508
1845.300049,-0.310302734
1845.400024,-0.300146103
1845.5,-0.303531647
1845.599976,-0.306297302
1845.700073,-0.304437637
1845.800049,-0.301576614
1845.900024,-0.305438995
1846,-0.303627014
1846.099976,-0.302482605
1846.200073,-0.302339554
1846.300049,-0.300336838
1846.400024,-0.302911758
1846.5,-0.301052094
1846.599976,-0.309253693
1846.700073,-0.303483963
1846.800049,-0.301362038
1846.900024,-0.29728508
1847,-0.295425415
1847.099976,-0.300181866
1847.200073,-0.301624298
1847.300049,-0.30639267
1847.400024,-0.302196503
1847.5,-0.307060242
1847.599976,-0.299526215
1847.700073,-0.316168308
1847.800049,-0.300479889
1847.900024,-0.303007126
1848,-0.307870865
1848.099976,-0.311685562
1848.200073,-0.316502094
1848.300049,-0.306821823
1848.400024,-0.304246902
1848.5,-0.30472374
1848.599976,-0.301719666
1848.700073,-0.304628372
1848.800049,-0.296140671
1848.900024,-0.300670624
1849,-0.297237396
1849.099976,-0.302387238
1849.200073,-0.303913116
1849.300049,-0.294900894
1849.400024,-0.311304092
1849.5,-0.301242828
1849.599976,-0.306154251
1849.700073,-0.300527573
1849.800049,-0.302196503
1849.900024,-0.299144745
1850,-0.305725098
1850.099976,-0.292707443
1850.200073,-0.31230545
1850.300049,-0.297237396
1850.400024,-0.310255051
1850.5,-0.306535721
1850.599976,-0.300336838
1850.700073,-0.300861359
1850.800049,-0.3034482
1850.900024,-0.305200577
1851,-0.307394028
1851.099976,-0.312019348
1851.200073,-0.311208725
1851.300049,-0.311542511
1851.400024,-0.306702614
1851.5,-0.30357933
1851.599976,-0.300479889
1851.700073,-0.298238754
1851.800049,-0.300718307
1851.900024,-0.303996563
1852,-0.309635162
1852.099976,-0.307394028
1852.200073,-0.307465553
1852.300049,-0.307060242
1852.400024,-0.305772781
1852.5,-0.301230907
1852.599976,-0.296998978
1852.700073,-0.295091629
1852.800049,-0.295663834
1852.900024,-0.300575256
1853,-0.309587479
1853.099976,-0.306774139
1853.200073,-0.307346344
1853.300049,-0.304103851
1853.400024,-0.303388596
1853.5,-0.302625656
1853.599976,-0.308538437
1853.700073,-0.310970306
1853.800049,-0.301862717
1853.900024,-0.304914474
1854,-0.300193787
1854.099976,-0.307489395
1854.200073,-0.300193787
1854.300049,-0.3080616
1854.400024,-0.298191071
1854.5,-0.297237396
1854.599976,-0.298524857
1854.700073,-0.299192429
1854.800049,-0.299478531
1854.900024,-0.30729866
1855,-0.311113358
1855.099976,-0.308633804
1855.200073,-0.292469025
1855.300049,-0.309778214
1855.400024,-0.298524857
1855.5,-0.309015274
1855.599976,-0.294090271
1855.700073,-0.290466309
1855.800049,-0.301338196
1855.900024,-0.299907684
1856,-0.295330048
1856.099976,-0.299252033
1856.200073,-0.303007126
1856.300049,-0.298763275
1856.400024,-0.299716949
1856.5,-0.305534363
1856.599976,-0.302244186
1856.700073,-0.305152893
1856.800049,-0.299860001
1856.900024,-0.301815033
1857,-0.296236038
1857.099976,-0.294424057
1857.200073,-0.299907684
1857.300049,-0.29060936
1857.400024,-0.295139313
1857.5,-0.306201935
1857.599976,-0.303388596
1857.700073,-0.301612377
1857.800049,-0.297428131
1857.900024,-0.299430847
1858,-0.304008484
1858.099976,-0.300336838
1858.200073,-0.301528931
1858.300049,-0.304151535
1858.400024,-0.298381805
1858.5,-0.302768707
1858.599976,-0.300980568
1858.700073,-0.302005768
1858.800049,-0.300765991
1858.900024,-0.301338196
1859,-0.29933548
1859.099976,-0.295282364
1859.200073,-0.299955368
1859.300049,-0.298095703
1859.400024,-0.298667908
1859.5,-0.298477173
1859.599976,-0.300956726
1859.700073,-0.303150177
1859.800049,-0.303197861
1859.900024,-0.298501015
1860,-0.29523468
1860.099976,-0.292421341
1860.200073,-0.291419983
1860.300049,-0.297714233
1860.400024,-0.300527573
1860.5,-0.306440353
1860.599976,-0.287796021
1860.700073,-0.295759201
1860.800049,-0.302864075
1860.900024,-0.305868149
1861,-0.296522141
1861.099976,-0.305009842
1861.200073,-0.308204651
1861.300049,-0.29857254
1861.400024,-0.298858643
1861.5,-0.300003052
1861.599976,-0.30062294
1861.700073,-0.301958084
1861.800049,-0.300098419
1861.900024,-0.295377731
1862,-0.301624298
1862.099976,-0.299430847
1862.200073,-0.299526215
1862.300049,-0.306726456
1862.400024,-0.298381805
1862.5,-0.305486679
1862.599976,-0.302101135
1862.700073,-0.315500736
1862.800049,-0.30639267
1862.900024,-0.309539795
1863,-0.301671982
1863.099976,-0.294424057
1863.200073,-0.304389954
1863.300049,-0.302816391
1863.400024,-0.303007126
1863.5,-0.3039608
1863.599976,-0.302148819
1863.700073,-0.295330048
1863.800049,-0.306440353
1863.900024,-0.298334122
1864,-0.308109283
1864.099976,-0.300861359
1864.200073,-0.304962158
1864.300049,-0.29728508
1864.400024,-0.306201935
1864.5,-0.313593388
1864.599976,-0.299001694
1864.700073,-0.299526215
1864.800049,-0.302387238
1864.900024,-0.309968948
1865,-0.302101135
1865.099976,-0.317455769
1865.200073,-0.293708801
1865.300049,-0.308872223
1865.400024,-0.304866791
1865.5,-0.298286438
1865.599976,-0.294090271
1865.700073,-0.302220345
1865.800049,-0.309158325
1865.900024,-0.307346344
1866,-0.308204651
1866.099976,-0.300479889
1866.200073,-0.299860001
1866.300049,-0.308729172
1866.400024,-0.30934906
1866.5,-0.306631088
1866.599976,-0.305617809
1866.700073,-0.302768707
1866.800049,-0.303722382
1866.900024,-0.304246902
1867,-0.296951294
1867.099976,-0.311637878
1867.200073,-0.3019104
1867.300049,-0.303388596
1867.400024,-0.303865433
1867.5,-0.312687397
1867.599976,-0.317121983
1867.700073,-0.309468508
1867.800049,-0.303245544
1867.900024,-0.304819107
1868,-0.302482605
1868.099976,-0.307537079
1868.200073,-0.303674698
1868.300049,-0.311494827
1868.400024,-0.308526516
1868.5,-0.307966232
1868.599976,-0.310970306
1868.700073,-0.313211918
1868.800049,-0.302864075
1868.900024,-0.304962158
1869,-0.298763275
1869.099976,-0.303340912
1869.200073,-0.301433563
1869.300049,-0.303770065
1869.400024,-0.30305481
1869.5,-0.307250977
1869.599976,-0.310779572
1869.700073,-0.310112
1869.800049,-0.301242828
1869.900024,-0.295377731
1870,-0.3039608
1870.099976,-0.300098419
1870.200073,-0.309635162
1870.300049,-0.300098419
1870.400024,-0.314737797
1870.5,-0.30562973
1870.599976,-0.305391312
1870.700073,-0.306344986
1870.800049,-0.30267334
1870.900024,-0.299192429
1871,-0.308300018
1871.099976,-0.306821823
1871.200073,-0.304771423
1871.300049,-0.301290512
1871.400024,-0.309110641
1871.5,-0.297237396
1871.599976,-0.304246902
1871.700073,-0.309825897
1871.800049,-0.300909042
1871.900024,-0.295568466
1872,-0.313831806
1872.099976,-0.290466309
1872.200073,-0.305057526
1872.300049,-0.307823181
1872.400024,-0.300289154
1872.5,-0.309015274
1872.599976,-0.298143387
1872.700073,-0.301338196
1872.800049,-0.307918549
1872.900024,-0.306774139
1873,-0.301052094
1873.099976,-0.31426096
1873.200073,-0.306869507
1873.300049,-0.313688755
1873.400024,-0.291801453
1873.5,-0.294948578
1873.599976,-0.296522141
1873.700073,-0.29151535
1873.800049,-0.302530289
1873.900024,-0.308347702
1874,-0.303865433
1874.099976,-0.309587479
1874.200073,-0.307250977
1874.300049,-0.300432205
1874.400024,-0.302625656
1874.5,-0.302792549
1874.599976,-0.304962158
1874.700073,-0.303150177
1874.800049,-0.305140972
1874.900024,-0.306344986
1875,-0.306106567
1875.099976,-0.309587479
1875.200073,-0.308919907
1875.300049,-0.304914474
1875.400024,-0.305057526
1875.5,-0.301671982
1875.599976,-0.303197861
1875.700073,-0.307584763
1875.800049,-0.307394028
1875.900024,-0.310493469
1876,-0.304771423
1876.099976,-0.299478531
1876.200073,-0.303770065
1876.300049,-0.308300018
1876.400024,-0.303770065
1876.5,-0.308395386
1876.599976,-0.308156967
1876.700073,-0.305462837
1876.800049,-0.303293228
1876.900024,-0.302005768
1877,-0.308300018
1877.099976,-0.300575256
1877.200073,-0.310874939
1877.300049,-0.303865433
1877.400024,-0.305677414
1877.5,-0.297189713
1877.599976,-0.295043945
1877.700073,-0.302721024
1877.800049,-0.308729172
1877.900024,-0.309921265
1878,-0.301099777
1878.099976,-0.292373657
1878.200073,-0.297904968
1878.300049,-0.301338196
1878.400024,-0.306631088
1878.5,-0.302053452
1878.599976,-0.308633804
1878.700073,-0.302339554
1878.800049,-0.298143387
1878.900024,-0.303865433
1879,-0.299860001
1879.099976,-0.307537079
1879.200073,-0.306964874
1879.300049,-0.301576614
1879.400024,-0.303388596
1879.5,-0.294996262
1879.599976,-0.296236038
1879.700073,-0.292564392
1879.800049,-0.284887314
1879.900024,-0.294137955
1880,-0.289941788
1880.099976,-0.30524826
1880.200073,-0.29227829
1880.300049,-0.297904968
1880.400024,-0.305391312
1880.5,-0.289655685
1880.599976,-0.293422699
1880.700073,-0.296283722
1880.800049,-0.300479889
1880.900024,-0.309635162
1881,-0.296283722
1881.099976,-0.302101135
1881.200073,-0.294996262
1881.300049,-0.303150177
1881.400024,-0.301576614
1881.5,-0.309778214
1881.599976,-0.303197861
1881.700073,-0.299049377
1881.800049,-0.296665192
1881.900024,-0.295520782
1882,-0.302482605
1882.099976,-0.301052094
1882.200073,-0.299418926
1882.300049,-0.296569824
1882.400024,-0.297571182
1882.5,-0.300813675
1882.599976,-0.302434921
1882.700073,-0.295806885
1882.800049,-0.301719666
1882.900024,-0.306249619
1883,-0.297475815
1883.099976,-0.297237396
1883.200073,-0.29779768
1883.300049,-0.299260974
1883.400024,-0.300336838
1883.5,-0.301671982
1883.599976,-0.299812317
1883.700073,-0.296581745
1883.800049,-0.293375015
1883.900024,-0.291467667
1884,-0.293208122
1884.099976,-0.290752411
1884.200073,-0.297237396
1884.300049,-0.292564392
1884.400024,-0.303627014
1884.5,-0.30024147
1884.599976,-0.3060112
1884.700073,-0.302959442
1884.800049,-0.307918549
1884.900024,-0.3065238
1885,-0.307966232
1885.099976,-0.307250977
1885.200073,-0.306809902
1885.300049,-0.304914474
1885.400024,-0.307107925
1885.5,-0.300289154
1885.599976,-0.292755127
1885.700073,-0.30472374
1885.800049,-0.299478531
1885.900024,-0.296426773
1886,-0.300003052
1886.099976,-0.306964874
1886.200073,-0.304056168
1886.300049,-0.306774139
1886.400024,-0.293422699
1886.5,-0.303388596
1886.599976,-0.297809601
1886.700073,-0.306678772
1886.800049,-0.304819107
1886.900024,-0.304676056
1887,-0.308204651
1887.099976,-0.298524857
1887.200073,-0.305582047
1887.300049,-0.295663834
1887.400024,-0.287605286
1887.5,-0.296808243
1887.599976,-0.304151535
1887.700073,-0.290466309
1887.800049,-0.301338196
1887.900024,-0.305343628
1888,-0.30138588
1888.099976,-0.299430847
1888.200073,-0.311113358
1888.300049,-0.302387238
1888.400024,-0.311065674
1888.5,-0.304962158
1888.599976,-0.301052094
1888.700073,-0.305200577
1888.800049,-0.304962158
1888.900024,-0.30138588
1889,-0.294710159
1889.099976,-0.302768707
1889.200073,-0.307107925
1889.300049,-0.298906326
1889.400024,-0.312114716
1889.5,-0.302721024
1889.599976,-0.300193787
1889.700073,-0.30267334
1889.800049,-0.3039608
1889.900024,-0.298810959
1890,-0.297094345
1890.099976,-0.303102493
1890.200073,-0.309921265
1890.300049,-0.298763275
1890.400024,-0.312639713
1890.5,-0.303865433
1890.599976,-0.308729172
1890.700073,-0.307394028
1890.800049,-0.305582047
1890.900024,-0.3060112
1891,-0.305915833
1891.099976,-0.305343628
1891.200073,-0.303650856
1891.300049,-0.301052094
1891.400024,-0.30229187
1891.5,-0.306678772
1891.599976,-0.306344986
1891.700073,-0.305438995
1891.800049,-0.303293228
1891.900024,-0.305438995
1892,-0.300193787
1892.099976,-0.294757843
1892.200073,-0.29728508
1892.300049,-0.309873581
1892.400024,-0.307394028
1892.5,-0.315596104
1892.599976,-0.312735081
1892.700073,-0.312019587
1892.800049,-0.312210083
1892.900024,-0.307537079
1893,-0.302387238
1893.099976,-0.309635162
1893.200073,-0.301767349
1893.300049,-0.308538437
1893.400024,-0.302005768
1893.5,-0.314976215
1893.599976,-0.296808243
1893.700073,-0.305152893
1893.800049,-0.298810959
1893.900024,-0.308395386
1894,-0.306249619
1894.099976,-0.306750298
1894.200073,-0.307537079
1894.300049,-0.304819107
1894.400024,-0.298763275
1894.5,-0.291229248
1894.599976,-0.30729866
1894.700073,-0.304199219
1894.800049,-0.297761917
1894.900024,-0.312735081
1895,-0.299144745
1895.099976,-0.304485321
1895.200073,-0.299812317
1895.300049,-0.300432205
1895.400024,-0.302947521
1895.5,-0.305725098
1895.599976,-0.305820465
1895.700073,-0.307453632
1895.800049,-0.30768013
1895.900024,-0.304738641
1896,-0.30357933
1896.099976,-0.30024147
1896.200073,-0.296855927
1896.300049,-0.307060242
1896.400024,-0.299049377
1896.5,-0.30305481
1896.599976,-0.304914474
1896.700073,-0.302411079
1896.800049,-0.300479889
1896.900024,-0.301195145
1897,-0.30472374
1897.099976,-0.308395386
1897.200073,-0.310541153
1897.300049,-0.308443069
1897.400024,-0.300813675
1897.5,-0.30472374
1897.599976,-0.29265976
1897.700073,-0.290990829
1897.800049,-0.296355247
1897.900024,-0.300670624
1898,-0.301099777
1898.099976,-0.302721024
1898.200073,-0.306154251
1898.300049,-0.302768707
1898.400024,-0.310922623
1898.5,-0.293136597
1898.599976,-0.305582047
1898.700073,-0.306297302
1898.800049,-0.307060242
1898.900024,-0.300432205
1899,-0.306917191
1899.099976,-0.302005768
1899.200073,-0.309206009
1899.300049,-0.298667908
1899.400024,-0.29485321
1899.5,-0.30896759
1899.599976,-0.300098419
1899.700073,-0.307537079
1899.800049,-0.304103851
1899.900024,-0.314308643
1900,-0.307012558
1900.099976,-0.295949936
1900.200073,-0.314117908
1900.300049,-0.306344986
1900.400024,-0.300336838
1900.5,-0.302387238
1900.599976,-0.298381805
1900.700073,-0.302530289
1900.800049,-0.299430847
1900.900024,-0.305152893
1901,-0.293375015
1901.099976,-0.296379089
1901.200073,-0.29523468
1901.300049,-0.293994904
1901.400024,-0.297189713
1901.5,-0.301481247
1901.599976,-0.302339554
1901.700073,-0.294519424
1901.800049,-0.290800095
1901.900024,-0.298667908
1902,-0.302148819
1902.099976,-0.302434921
1902.200073,-0.296379089
1902.300049,-0.289608002
1902.400024,-0.302911758
1902.5,-0.290513992
1902.599976,-0.288749695
1902.700073,-0.287509918
1902.800049,-0.303293228
1902.900024,-0.287891388
1903,-0.30639267
1903.099976,-0.306821823
1903.200073,-0.298000336
1903.300049,-0.289798737
1903.400024,-0.31178093
1903.5,-0.301195145
1903.599976,-0.287319183
1903.700073,-0.291992188
1903.800049,-0.296426773
1903.900024,-0.303531647
1904,-0.299287796
1904.099976,-0.301767349
1904.200073,-0.303150177
1904.300049,-0.303090572
1904.400024,-0.305057526
1904.5,-0.302387238
1904.599976,-0.29599762
1904.700073,-0.30973053
1904.800049,-0.293422699
1904.900024,-0.306869507
1905,-0.295043945
1905.099976,-0.30434227
1905.200073,-0.298667908
1905.300049,-0.309635162
1905.400024,-0.294519424
1905.5,-0.308633804
1905.599976,-0.301481247
1905.700073,-0.301576614
1905.800049,-0.306678772
1905.900024,-0.2831707
1906,-0.292612076
1906.099976,-0.299240112
1906.200073,-0.307775497
1906.300049,-0.291086197
1906.400024,-0.295520782
1906.5,-0.295282364
1906.599976,-0.293673038
1906.700073,-0.291658401
1906.800049,-0.292230606
1906.900024,-0.301671982
1907,-0.290037155
1907.099976,-0.306821823
1907.200073,-0.305868149
1907.300049,-0.304533005
1907.400024,-0.302434921
1907.5,-0.301564693
1907.599976,-0.299383163
1907.700073,-0.299907684
1907.800049,-0.303340912
1907.900024,-0.305343628
1908,-0.301719666
1908.099976,-0.296951294
1908.200073,-0.297809601
1908.300049,-0.301433563
1908.400024,-0.298906326
1908.5,-0.299108982
1908.599976,-0.297618866
1908.700073,-0.298477173
1908.800049,-0.304437637
1908.900024,-0.295902252
1909,-0.309301376
1909.099976,-0.297332764
1909.200073,-0.302530289
1909.300049,-0.297857285
1909.400024,-0.302053452
1909.5,-0.298810959
1909.599976,-0.308204651
1909.700073,-0.308252335
1909.800049,-0.300479889
1909.900024,-0.308633804
1910,-0.303197861
1910.099976,-0.31311655
1910.200073,-0.303197861
1910.300049,-0.301195145
1910.400024,-0.296855927
1910.5,-0.300718307
1910.599976,-0.29599762
1910.700073,-0.310112
1910.800049,-0.307489395
1910.900024,-0.307703972
1911,-0.307155609
1911.099976,-0.306058884
1911.200073,-0.312019348
1911.300049,-0.310207367
1911.400024,-0.297809601
1911.5,-0.303483963
1911.599976,-0.310588837
1911.700073,-0.29895401
1911.800049,-0.295711517
1911.900024,-0.306964874
1912,-0.303913116
1912.099976,-0.307441711
1912.200073,-0.30305481
1912.300049,-0.310398102
1912.400024,-0.300289154
1912.5,-0.304866791
1912.599976,-0.302339554
1912.700073,-0.30177927
1912.800049,-0.300289154
1912.900024,-0.299621582
1913,-0.298906326
1913.099976,-0.300765991
1913.200073,-0.302816391
1913.300049,-0.300670624
1913.400024,-0.297428131
1913.5,-0.301671982
1913.599976,-0.295759201
1913.700073,-0.295759201
1913.800049,-0.30934906
1913.900024,-0.300336838
1914,-0.307489395
1914.099976,-0.301147461
1914.200073,-0.300336838
1914.300049,-0.300765991
1914.400024,-0.298655987
1914.5,-0.297475815
1914.599976,-0.296045303
1914.700073,-0.298858643
1914.800049,-0.305009842
1914.900024,-0.308395386
1915,-0.301719666
1915.099976,-0.306678772
1915.200073,-0.3019104
1915.300049,-0.309253693
1915.400024,-0.307441711
1915.5,-0.307012558
1915.599976,-0.30896759
1915.700073,-0.305653572
1915.800049,-0.304151535
1915.900024,-0.302482605
1916,-0.302482605
1916.099976,-0.299860001
1916.200073,-0.303436279
1916.300049,-0.307775497
1916.400024,-0.29227829
1916.5,-0.297142029
1916.599976,-0.294662476
1916.700073,-0.302005768
1916.800049,-0.30768013
1916.900024,-0.293470383
1917,-0.30472374
1917.099976,-0.315262318
1917.200073,-0.294281006
1917.300049,-0.296188354
1917.400024,-0.303627014
1917.5,-0.298143387
1917.599976,-0.308109283
1917.700073,-0.306297302
1917.800049,-0.300956726
1917.900024,-0.307441711
1918,-0.300575256
1918.099976,-0.30934906
1918.200073,-0.301767349
1918.300049,-0.295806885
1918.400024,-0.298429489
1918.5,-0.301815033
1918.599976,-0.301958084
1918.700073,-0.308538437
1918.800049,-0.293804169
1918.900024,-0.299860001
1919,-0.297451973
1919.099976,-0.296760559
1919.200073,-0.299383163
1919.300049,-0.300575256
1919.400024,-0.299454689
1919.5,-0.299383163
1919.599976,-0.298477173
1919.700073,-0.298191071
1919.800049,-0.299049377
1919.900024,-0.302947521
1920,-0.309015274
1920.099976,-0.305534363
1920.200073,-0.29857254
1920.300049,-0.29690361
1920.400024,-0.30024147
1920.5,-0.304866791
1920.599976,-0.300384521
1920.700073,-0.298143387
1920.800049,-0.305009842
1920.900024,-0.301815033
1921,-0.307870865
1921.099976,-0.305725098
1921.200073,-0.297142029
1921.300049,-0.29857254
1921.400024,-0.303817749
1921.5,-0.290370941
1921.599976,-0.296998978
1921.700073,-0.298238754
1921.800049,-0.301052094
1921.900024,-0.304485321
1922,-0.304485321
1922.099976,-0.29265976
1922.200073,-0.289989471
1922.300049,-0.296426773
1922.400024,-0.303293228
1922.5,-0.302101135
1922.599976,-0.298095703
1922.700073,-0.292325974
1922.800049,-0.299526215
1922.900024,-0.297094345
1923,-0.29189682
1923.099976,-0.290418625
1923.200073,-0.292862415
1923.300049,-0.297046661
1923.400024,-0.292087555
1923.5,-0.298715591
1923.599976,-0.301290512
1923.700073,-0.296379089
1923.800049,-0.298858643
1923.900024,-0.294090271
1924,-0.308872223
1924.099976,-0.30562973
1924.200073,-0.295473099
1924.300049,-0.308633804
1924.400024,-0.296045303
1924.5,-0.293279648
1924.599976,-0.300384521
1924.700073,-0.296951294
1924.800049,-0.302196503
1924.900024,-0.293375015
1925,-0.298715591
1925.099976,-0.288654327
1925.200073,-0.299001694
1925.300049,-0.304389954
1925.400024,-0.30305481
1925.5,-0.304294586
1925.599976,-0.301111698
1925.700073,-0.298191071
1925.800049,-0.298906326
1925.900024,-0.293804169
1926,-0.295949936
1926.099976,-0.296927452
1926.200073,-0.29933548
1926.300049,-0.298620224
1926.400024,-0.298703671
1926.5,-0.298906326
1926.599976,-0.297952652
1926.700073,-0.295067787
1926.800049,-0.290752411
1926.900024,-0.29265976
1927,-0.310922623
1927.099976,-0.302101135
1927.200073,-0.290990829
1927.300049,-0.300193787
1927.400024,-0.287700653
1927.5,-0.301052094
1927.599976,-0.297380447
1927.700073,-0.298763275
1927.800049,-0.292421341
1927.900024,-0.30100441
1928,-0.294614792
1928.099976,-0.297571182
1928.200073,-0.299669266
1928.300049,-0.303865433
1928.400024,-0.298715591
1928.5,-0.302434921
1928.599976,-0.299347401
1928.700073,-0.298763275
1928.800049,-0.297475815
1928.900024,-0.300670624
1929,-0.297332764
1929.099976,-0.292325974
1929.200073,-0.305009842
1929.300049,-0.295091629
1929.400024,-0.309301376
1929.5,-0.295330048
1929.599976,-0.295473099
1929.700073,-0.297857285
1929.800049,-0.294900894
1929.900024,-0.302434921
1930,-0.295186996
1930.099976,-0.306917191
1930.200073,-0.306201935
1930.300049,-0.305295944
1930.400024,-0.296140671
1930.5,-0.304866791
1930.599976,-0.299955368
1930.700073,-0.301528931
1930.800049,-0.295330048
1930.900024,-0.31139946
1931,-0.306344986
1931.099976,-0.303722382
1931.200073,-0.301671982
1931.300049,-0.301767349
1931.400024,-0.302768707
1931.5,-0.302339554
1931.599976,-0.304103851
1931.700073,-0.298334122
1931.800049,-0.300301075
1931.900024,-0.298524857
1932,-0.30024147
1932.099976,-0.300694466
1932.200073,-0.300861359
1932.300049,-0.303150177
1932.400024,-0.300193787
1932.5,-0.299383163
1932.599976,-0.297380447
1932.700073,-0.302911758
1932.800049,-0.307966232
1932.900024,-0.303627014
1933,-0.298095703
1933.099976,-0.299895763
1933.200073,-0.299669266
1933.300049,-0.298191071
1933.400024,-0.297523499
1933.5,-0.300229549
1933.599976,-0.303388596
1933.700073,-0.301815033
1933.800049,-0.30356741
1933.900024,-0.304819107
1934,-0.304246902
1934.099976,-0.305045605
1934.200073,-0.303302169
1934.300049,-0.302148819
1934.400024,-0.301767349
1934.5,-0.303483963
1934.599976,-0.299907684
1934.700073,-0.307167649
1934.800049,-0.313402653
1934.900024,-0.311876297
1935,-0.307119966
1935.099976,-0.300575256
1935.200073,-0.302625656
1935.300049,-0.302339554
1935.400024,-0.308204651
1935.5,-0.303865433
1935.599976,-0.307012558
1935.700073,-0.30768013
1935.800049,-0.308490753
1935.900024,-0.305152893
1936,-0.297809601
1936.099976,-0.306917191
1936.200073,-0.302244186
1936.300049,-0.296379089
1936.400024,-0.299716949
1936.5,-0.310874939
1936.599976,-0.299144745
1936.700073,-0.30973053
1936.800049,-0.298810959
1936.900024,-0.305486679
1937,-0.3080616
1937.099976,-0.29933548
1937.200073,-0.303865433
1937.300049,-0.302244186
1937.400024,-0.307775497
1937.5,-0.30639267
1937.599976,-0.305546284
1937.700073,-0.305009842
1937.800049,-0.303007126
1937.900024,-0.299526215
1938,-0.299240112
1938.099976,-0.301242828
1938.200073,-0.304437637
1938.300049,-0.301767349
1938.400024,-0.299097061
1938.5,-0.297714233
1938.599976,-0.301481247
1938.700073,-0.303388596
1938.800049,-0.303913116
1938.900024,-0.298715591
1939,-0.299097061
1939.099976,-0.301958084
1939.200073,-0.303340912
1939.300049,-0.306678772
1939.400024,-0.298620224
1939.5,-0.302864075
1939.599976,-0.298620224
1939.700073,-0.308347702
1939.800049,-0.311447144
1939.900024,-0.304676056
1940,-0.297380447
1940.099976,-0.296760559
1940.200073,-0.301862717
1940.300049,-0.30357933
1940.400024,-0.303102493
1940.5,-0.305295944
1940.599976,-0.30024147
1940.700073,-0.292039871
1940.800049,-0.296617508
1940.900024,-0.295520782
1941,-0.296712875
1941.099976,-0.299907684
1941.200073,-0.30472374
1941.300049,-0.30357933
1941.400024,-0.309873581
1941.5,-0.302959442
1941.599976,-0.29394722
1941.700073,-0.291706085
1941.800049,-0.29523468
1941.900024,-0.296951294
1942,-0.296367168
1942.099976,-0.297952652
1942.200073,-0.295330048
1942.300049,-0.297904968
1942.400024,-0.299955368
1942.5,-0.298381805
1942.599976,-0.299097061
1942.700073,-0.300372601
1942.800049,-0.303388596
1942.900024,-0.30062294
1943,-0.299287796
1943.099976,-0.299526215
1943.200073,-0.300050735
1943.300049,-0.300765991
1943.400024,-0.30062294
1943.5,-0.300205708
1943.599976,-0.300479889
1943.700073,-0.29895401
1943.800049,-0.297380447
1943.900024,-0.292135239
1944,-0.296474457
1944.099976,-0.30100441
1944.200073,-0.291944504
1944.300049,-0.295377731
1944.400024,-0.290704727
1944.5,-0.288368225
1944.599976,-0.293410778
1944.700073,-0.298906326
1944.800049,-0.295663834
1944.900024,-0.298930168
1945,-0.301052094
1945.099976,-0.300098419
1945.200073,-0.305152893
1945.300049,-0.299287796
1945.400024,-0.293375015
1945.5,-0.299049377
1945.599976,-0.298191071
1945.700073,-0.299716949
1945.800049,-0.304294586
1945.900024,-0.296426773
1946,-0.292039871
1946.099976,-0.302721024
1946.200073,-0.298715591
1946.300049,-0.306058884
1946.400024,-0.294662476
1946.5,-0.298667908
1946.599976,-0.306106567
1946.700073,-0.287509918
1946.800049,-0.297142029
1946.900024,-0.298906326
1947,-0.295771122
1947.099976,-0.29394722
1947.200073,-0.293088913
1947.300049,-0.302482605
1947.400024,-0.306774139
1947.5,-0.302196503
1947.599976,-0.298715591
1947.700073,-0.296426773
1947.800049,-0.303245544
1947.900024,-0.30100441
1948,-0.297952652
1948.099976,-0.293375015
1948.200073,-0.299097061
1948.300049,-0.295806885
1948.400024,-0.309015274
1948.5,-0.287843704
1948.599976,-0.307394028
1948.700073,-0.294567108
1948.800049,-0.296188354
1948.900024,-0.293613434
1949,-0.296760559
1949.099976,-0.303293228
1949.200073,-0.291610718
1949.300049,-0.298858643
1949.400024,-0.298048019
1949.5,-0.3013978
1949.599976,-0.304914474
1949.700073,-0.303770065
1949.800049,-0.293375015
1949.900024,-0.293518066
1950,-0.297952652
1950.099976,-0.301433563
1950.200073,-0.307584763
1950.300049,-0.302053452
1950.400024,-0.305486679
1950.5,-0.309921265
1950.599976,-0.307918549
1950.700073,-0.313354969
1950.800049,-0.303817749
1950.900024,-0.306344986
1951,-0.302995205
1951.099976,-0.302244186
1951.200073,-0.299573898
1951.300049,-0.30305481
1951.400024,-0.30524826
1951.5,-0.296760559
1951.599976,-0.292182922
1951.700073,-0.300861359
1951.800049,-0.302339554
1951.900024,-0.308109283
1952,-0.308490753
1952.099976,-0.299573898
1952.200073,-0.301433563
1952.300049,-0.293136597
1952.400024,-0.297094345
1952.5,-0.307918549
1952.599976,-0.312448502
1952.700073,-0.295473099
1952.800049,-0.309206009
1952.900024,-0.29728508
1953,-0.307107925
1953.099976,-0.312878132
1953.200073,-0.31349802
1953.300049,-0.299669266
1953.400024,-0.298238754
1953.5,-0.29561615
1953.599976,-0.305486679
1953.700073,-0.310255051
1953.800049,-0.309587479
1953.900024,-0.302959442
1954,-0.298286438
1954.099976,-0.305200577
1954.200073,-0.300098419
1954.300049,-0.304389954
1954.400024,-0.300384521
1954.5,-0.301862717
1954.599976,-0.29895401
1954.700073,-0.303770065
1954.800049,-0.299907684
1954.900024,-0.30254221
1955,-0.302434921
1955.099976,-0.304056168
1955.200073,-0.306535721
1955.300049,-0.305963516
1955.400024,-0.303388596
1955.5,-0.299383163
1955.599976,-0.302959442
1955.700073,-0.295854568
1955.800049,-0.300050735
1955.900024,-0.299478531
1956,-0.301445484
1956.099976,-0.303245544
1956.200073,-0.303007126
1956.300049,-0.304866791
1956.400024,-0.302148819
1956.5,-0.312496662
1956.599976,-0.306106567
1956.700073,-0.297142029
1956.800049,-0.298334122
1956.900024,-0.299275875
1957,-0.302434921
1957.099976,-0.299192429
1957.200073,-0.31230545
1957.300049,-0.30357933
1957.400024,-0.295425415
1957.5,-0.305915833
1957.599976,-0.300813675
1957.700073,-0.311590195
1957.800049,-0.304485321
1957.900024,-0.306344986
1958,-0.300098419
1958.099976,-0.303388596
1958.200073,-0.310159683
1958.300049,-0.298429489
1958.400024,-0.307203293
1958.5,-0.298048019
1958.599976,-0.30100441
1958.700073,-0.312448502
1958.800049,-0.307727814
1958.900024,-0.303674698
1959,-0.303102493
1959.099976,-0.298429489
1959.200073,-0.298703671
1959.300049,-0.296522141
1959.400024,-0.296760559
1959.5,-0.299764633
1959.599976,-0.294376373
1959.700073,-0.304914474
1959.800049,-0.298095703
1959.900024,-0.294281006
1960,-0.300718307
1960.099976,-0.305438995
1960.200073,-0.300289154
1960.300049,-0.298191071
1960.400024,-0.297046661
1960.5,-0.298262596
1960.599976,-0.299287796
1960.700073,-0.298524857
1960.800049,-0.296283722
1960.900024,-0.295282364
1961,-0.296736717
1961.099976,-0.298191071
1961.200073,-0.297189713
1961.300049,-0.298369884
1961.400024,-0.299716949
1961.5,-0.298381805
1961.599976,-0.299287796
1961.700073,-0.298238754
1961.800049,-0.300813675
1961.900024,-0.298238754
1962,-0.309158325
1962.099976,-0.304294586
1962.200073,-0.301242828
1962.300049,-0.303722382
1962.400024,-0.29227829
1962.5,-0.296092987
1962.599976,-0.299955368
1962.700073,-0.296665192
1962.800049,-0.297714233
1962.900024,-0.293518066
1963,-0.301862717
1963.099976,-0.293327332
1963.200073,-0.299526215
1963.300049,-0.289178848
1963.400024,-0.305582047
1963.5,-0.294567108
1963.599976,-0.29933548
1963.700073,-0.297571182
1963.800049,-0.296569824
1963.900024,-0.295568466
1964,-0.29407835
1964.099976,-0.290800095
1964.200073,-0.293375015
1964.300049,-0.292612076
1964.400024,-0.296617508
1964.5,-0.295806885
1964.599976,-0.294352531
1964.700073,-0.294471741
1964.800049,-0.299246073
1964.900024,-0.301338196
1965,-0.299277365
1965.099976,-0.299526215
1965.200073,-0.296998978
1965.300049,-0.304485321
1965.400024,-0.300909042
1965.5,-0.296569824
1965.599976,-0.296379089
1965.700073,-0.294710159
1965.800049,-0.295043945
1965.900024,-0.294710159
1966,-0.294376373
1966.099976,-0.294042587
1966.200073,-0.299621582
1966.300049,-0.294662476
1966.400024,-0.288368225
1966.5,-0.294662476
1966.599976,-0.294567108
1966.700073,-0.299764633
1966.800049,-0.302577972
1966.900024,-0.290943146
1967,-0.299478531
1967.099976,-0.290180206
1967.200073,-0.297952652
1967.300049,-0.293661118
1967.400024,-0.294888973
1967.5,-0.295425415
1967.599976,-0.292516708
1967.700073,-0.298191071
1967.800049,-0.302577972
1967.900024,-0.296283722
1968,-0.29857254
1968.099976,-0.299287796
1968.200073,-0.300146103
1968.300049,-0.298775196
1968.400024,-0.297523499
1968.5,-0.298143387
1968.599976,-0.296998978
1968.700073,-0.297428131
1968.800049,-0.294900894
1968.900024,-0.295949936
1969,-0.302530289
1969.099976,-0.295902252
1969.200073,-0.300384521
1969.300049,-0.296808243
1969.400024,-0.305772781
1969.5,-0.292421341
1969.599976,-0.300336838
1969.700073,-0.288892746
1969.800049,-0.294614792
1969.900024,-0.29728508
1970,-0.296998978
1970.099976,-0.307775497
1970.200073,-0.297809601
1970.300049,-0.288892746
1970.400024,-0.303150177
1970.5,-0.298000336
1970.599976,-0.298429489
1970.700073,-0.311494827
1970.800049,-0.311637878
1970.900024,-0.301338196
1971,-0.294376373
1971.099976,-0.299049377
1971.200073,-0.296855927
1971.300049,-0.296188354
1971.400024,-0.290275574
1971.5,-0.304819107
1971.599976,-0.297571182
1971.700073,-0.29895401
1971.800049,-0.302148819
1971.900024,-0.298489094
1972,-0.295568466
1972.099976,-0.29728508
1972.200073,-0.302768707
1972.300049,-0.306154251
1972.400024,-0.304676056
1972.5,-0.301099777
1972.599976,-0.308633804
1972.700073,-0.301528931
1972.800049,-0.298810959
1972.900024,-0.290466309
1973,-0.308013916
1973.099976,-0.299287796
1973.200073,-0.303293228
1973.300049,-0.306106567
1973.400024,-0.306631088
1973.5,-0.305641651
1973.599976,-0.306249619
1973.700073,-0.30357933
1973.800049,-0.297428131
1973.900024,-0.294757843
1974,-0.302482605
1974.099976,-0.298048019
1974.200073,-0.30434227
1974.300049,-0.303722382
1974.400024,-0.301576614
1974.5,-0.293994904
1974.599976,-0.293422699
1974.700073,-0.300861359
1974.800049,-0.30562973
1974.900024,-0.309492111
1975,-0.305295944
1975.099976,-0.304294586
1975.200073,-0.301767349
1975.300049,-0.305820465
1975.400024,-0.289178848
1975.5,-0.293470383
1975.599976,-0.298381805
1975.700073,-0.30062294
1975.800049,-0.295425415
1975.900024,-0.309253693
1976,-0.296855927
1976.099976,-0.301052094
1976.200073,-0.3019104
1976.300049,-0.306917191
1976.400024,-0.302816391
1976.5,-0.296808243
1976.599976,-0.304676056
1976.700073,-0.315739155
1976.800049,-0.295425415
1976.900024,-0.303913116
1977,-0.307632446
1977.099976,-0.304199219
1977.200073,-0.302196503
1977.300049,-0.30305481
1977.400024,-0.306917191
1977.5,-0.300336838
1977.599976,-0.303102493
1977.700073,-0.302423
1977.800049,-0.30138588
1977.900024,-0.304866791
1978,-0.298620224
1978.099976,-0.302005768
1978.200073,-0.309396744
1978.300049,-0.292707443
1978.400024,-0.307250977
1978.5,-0.290752411
1978.599976,-0.306297302
1978.700073,-0.304056168
1978.800049,-0.30024147
1978.900024,-0.299097061
1979,-0.297904968
1979.099976,-0.288749695
1979.200073,-0.306201935
1979.300049,-0.29561615
1979.400024,-0.296426773
1979.5,-0.300813675
1979.599976,-0.298095703
1979.700073,-0.302911758
1979.800049,-0.303340912
1979.900024,-0.30768013
1980,-0.302959442
1980.099976,-0.292707443
1980.200073,-0.305772781
1980.300049,-0.296998978
1980.400024,-0.30357933
1980.5,-0.295711517
1980.599976,-0.301147461
1980.700073,-0.297857285
1980.800049,-0.300479889
1980.900024,-0.297523499
1981,-0.295806885
1981.099976,-0.295949936
1981.200073,-0.301671982
1981.300049,-0.298000336
1981.400024,-0.291229248
1981.5,-0.295854568
1981.599976,-0.296998978
1981.700073,-0.300050735
1981.800049,-0.300861359
1981.900024,-0.298751354
1982,-0.297189713
1982.099976,-0.29690361
1982.200073,-0.296104908
1982.300049,-0.298524857
1982.400024,-0.291801453
1982.5,-0.297237396
1982.599976,-0.300575256
1982.700073,-0.293804169
1982.800049,-0.296569824
1982.900024,-0.297857285
1983,-0.297332764
1983.099976,-0.294650555
1983.200073,-0.292421341
1983.300049,-0.290990829
1983.400024,-0.299860001
1983.5,-0.296283722
1983.599976,-0.293088913
1983.700073,-0.289464951
1983.800049,-0.298000336
1983.900024,-0.293041229
1984,-0.294519424
1984.099976,-0.292910099
1984.200073,-0.291229248
1984.300049,-0.292850494
1984.400024,-0.29432869
1984.5,-0.299430847
1984.599976,-0.30267334
1984.700073,-0.301242828
1984.800049,-0.296724796
1984.900024,-0.291324615
1985,-0.291658401
1985.099976,-0.289083481
1985.200073,-0.291527271
1985.300049,-0.29318428
1985.400024,-0.292182922
1985.5,-0.294805527
1985.599976,-0.297332764
1985.700073,-0.296522141
1985.800049,-0.298131466
1985.900024,-0.298858643
1986,-0.299812317
1986.099976,-0.298858643
1986.200073,-0.29227829
1986.300049,-0.297952652
1986.400024,-0.28355217
1986.5,-0.303245544
1986.599976,-0.310112
1986.700073,-0.301481247
1986.800049,-0.301671982
1986.900024,-0.301183224
1987,-0.302276969
1987.099976,-0.30305481
1987.200073,-0.303197861
1987.300049,-0.307250977
1987.400024,-0.299955368
1987.5,-0.293136597
1987.599976,-0.298858643
1987.700073,-0.301862717
1987.800049,-0.301624298
1987.900024,-0.302625656
1988,-0.303817749
1988.099976,-0.310302734
1988.200073,-0.304389954
1988.300049,-0.296092987
1988.400024,-0.305391312
1988.5,-0.310731888
1988.599976,-0.295043945
1988.700073,-0.293422699
1988.800049,-0.29895401
1988.900024,-0.298417568
1989,-0.300765991
1989.099976,-0.300527573
1989.200073,-0.29857254
1989.300049,-0.308776855
1989.400024,-0.294424057
1989.5,-0.301576614
1989.599976,-0.292945862
1989.700073,-0.302625656
1989.800049,-0.299001694
1989.900024,-0.301576614
1990,-0.300670624
1990.099976,-0.300837517
1990.200073,-0.302864075
1990.300049,-0.298238754
1990.400024,-0.300730228
1990.5,-0.300336838
1990.599976,-0.301481247
1990.700073,-0.306821823
1990.800049,-0.300575256
1990.900024,-0.307441711
1991,-0.302530289
1991.099976,-0.308633804
1991.200073,-0.300909042
1991.300049,-0.299812317
1991.400024,-0.310731888
1991.5,-0.302196503
1991.599976,-0.307394028
1991.700073,-0.299621582
1991.800049,-0.296140671
1991.900024,-0.305725098
1992,-0.295949936
1992.099976,-0.311304092
1992.200073,-0.302101135
1992.300049,-0.302244186
1992.400024,-0.301958084
1992.5,-0.302196503
1992.599976,-0.297380447
1992.700073,-0.305057526
1992.800049,-0.301576614
1992.900024,-0.301528931
1993,-0.303150177
1993.099976,-0.29523468
1993.200073,-0.314642429
1993.300049,-0.304580688
1993.400024,-0.303102493
1993.5,-0.28984642
1993.599976,-0.295425415
1993.700073,-0.308538437
1993.800049,-0.294948578
1993.900024,-0.302387238
1994,-0.308919907
1994.099976,-0.29690361
1994.200073,-0.302053452
1994.300049,-0.298048019
1994.400024,-0.302577972
1994.5,-0.304437637
1994.599976,-0.297714233
1994.700073,-0.296283722
1994.800049,-0.306297302
1994.900024,-0.310541153
1995,-0.299049377
1995.099976,-0.296998978
1995.200073,-0.30024147
1995.300049,-0.304008484
1995.400024,-0.303102493
1995.5,-0.299812317
1995.599976,-0.302482605
1995.700073,-0.300193787
1995.800049,-0.303817749
1995.900024,-0.293327332
1996,-0.303817749
1996.099976,-0.29561615
1996.200073,-0.296712875
1996.300049,-0.298763275
1996.400024,-0.298846722
1996.5,-0.299812317
1996.599976,-0.300098419
1996.700073,-0.297046661
1996.800049,-0.29432869
1996.900024,-0.303245544
1997,-0.290084839
1997.099976,-0.306964874
1997.200073,-0.297046661
1997.300049,-0.302577972
1997.400024,-0.302005768
1997.5,-0.300336838
1997.599976,-0.299001694
1997.700073,-0.291038513
1997.800049,-0.296379089
1997.900024,-0.304485321
1998,-0.307441711
1998.099976,-0.300050735
1998.200073,-0.293088913
1998.300049,-0.295186996
1998.400024,-0.294066429
1998.5,-0.296808243
1998.599976,-0.296444654
1998.700073,-0.297189713
1998.800049,-0.297714233
1998.900024,-0.295341969
1999,-0.295425415
1999.099976,-0.291038513
1999.200073,-0.289894104
1999.300049,-0.308443069
1999.400024,-0.285984039
1999.5,-0.297952652
1999.599976,-0.294757843
1999.700073,-0.295306206
1999.800049,-0.293279648
1999.900024,-0.29523468
2000,-0.290084839
2000.099976,-0.294090271
2000.200073,-0.305438995
2000.300049,-0.291849136
2000.400024,-0.299860001
2000.5,-0.287986755
2000.599976,-0.296855927
2000.700073,-0.289417267
2000.800049,-0.305725098
2000.900024,-0.300098419
2001,-0.292898178
2001.099976,-0.299669266
2001.200073,-0.288272858
2001.300049,-0.294471741
2001.400024,-0.300289154
2001.5,-0.293613434
2001.599976,-0.290800095
2001.700073,-0.296188354
2001.800049,-0.286985397
2001.900024,-0.292087555
2002,-0.300527573
2002.099976,-0.297523499
2002.200073,-0.296665192
2002.300049,-0.29766655
2002.400024,-0.295330048
2002.5,-0.293470383
2002.599976,-0.296569824
2002.700073,-0.29265976
2002.800049,-0.297690392
2002.900024,-0.298906326
2003,-0.298542738
2003.099976,-0.298524857
2003.200073,-0.299049377
2003.300049,-0.282121658
2003.400024,-0.299716949
2003.5,-0.289226532
2003.599976,-0.291944504
2003.700073,-0.294090271
2003.800049,-0.298000336
2003.900024,-0.296236038
2004,-0.298095703
2004.099976,-0.293661118
2004.200073,-0.293708801
2004.300049,-0.298715591
2004.400024,-0.300193787
2004.5,-0.290037155
2004.599976,-0.293994904
2004.700073,-0.286746979
2004.800049,-0.291419983
2004.900024,-0.300813675
2005,-0.306154251
2005.099976,-0.293375015
2005.200073,-0.29523468
2005.300049,-0.300527573
2005.400024,-0.299526215
2005.5,-0.292135239
2005.599976,-0.287605286
2005.700073,-0.291133881
2005.800049,-0.297428131
2005.900024,-0.29690361
2006,-0.297297001
2006.099976,-0.296665192
2006.200073,-0.298191071
2006.300049,-0.29728508
2006.400024,-0.300765991
2006.5,-0.295961857
2006.599976,-0.292325974
2006.700073,-0.293470383
2006.800049,-0.299907684
2006.900024,-0.296379089
2007,-0.290895462
2007.099976,-0.303245544
2007.200073,-0.310445786
2007.300049,-0.297904968
2007.400024,-0.304151535
2007.5,-0.308109283
2007.599976,-0.297189713
2007.700073,-0.30562973
2007.800049,-0.30229187
2007.900024,-0.306106567
2008,-0.308490753
2008.099976,-0.308013916
2008.200073,-0.298906326
2008.300049,-0.308109283
2008.400024,-0.29728508
2008.5,-0.31178093
2008.599976,-0.297142029
2008.700073,-0.300670624
2008.800049,-0.298858643
2008.900024,-0.299192429
2009,-0.298429489
2009.099976,-0.297189713
2009.200073,-0.300003052
2009.300049,-0.303674698
2009.400024,-0.300718307
2009.5,-0.301338196
2009.599976,-0.304533005
2009.700073,-0.303722382
2009.800049,-0.30524826
2009.900024,-0.312687397
2010,-0.311590195
2010.099976,-0.308323979
2010.200073,-0.303674698
2010.300049,-0.305343628
2010.400024,-0.303627014
2010.5,-0.303770065
2010.599976,-0.297475815
2010.700073,-0.29895401
2010.800049,-0.299192429
2010.900024,-0.300527573
2011,-0.299812317
2011.099976,-0.294662476
2011.200073,-0.299716949
2011.300049,-0.291419983
2011.400024,-0.292612076
2011.5,-0.304151535
2011.599976,-0.299907684
2011.700073,-0.307823181
2011.800049,-0.298858643
2011.900024,-0.30138588
2012,-0.299716949
2012.099976,-0.305057526
2012.200073,-0.310922623
2012.300049,-0.308204651
2012.400024,-0.303388596
2012.5,-0.294662476
2012.599976,-0.299764633
2012.700073,-0.296998978
2012.800049,-0.298048019
2012.900024,-0.298381805
2013,-0.300396442
2013.099976,-0.302959442
2013.200073,-0.302196503
2013.300049,-0.302148819
2013.400024,-0.29702282
2013.5,-0.294137955
2013.599976,-0.289608002
2013.700073,-0.298882484
2013.800049,-0.306344986
2013.900024,-0.305438995
2014,-0.304866791
2014.099976,-0.30305481
2014.200073,-0.300956726
2014.300049,-0.300956726
2014.400024,-0.303007126
2014.5,-0.289989471
2014.599976,-0.295330048
2014.700073,-0.303865433
2014.800049,-0.293136597
2014.900024,-0.308252335
2015,-0.303483963
2015.099976,-0.298000336
2015.200073,-0.292707443
2015.300049,-0.297428131
2015.400024,-0.305820465
2015.5,-0.3080616
2015.599976,-0.300861359
2015.700073,-0.299716949
2015.800049,-0.300718307
2015.900024,-0.300384521
2016,-0.30524826
2016.099976,-0.30062294
2016.200073,-0.300324917
2016.300049,-0.296379089
2016.400024,-0.299049377
2016.5,-0.306297302
2016.599976,-0.295520782
2016.700073,-0.299669266
2016.800049,-0.284982681
2016.900024,-0.289941788
2017,-0.302148819
2017.099976,-0.291610718
2017.200073,-0.295759201
2017.300049,-0.295139313
2017.400024,-0.295568466
2017.5,-0.295139313
2017.599976,-0.296474457
2017.700073,-0.301147461
2017.800049,-0.292230606
2017.900024,-0.304199219
2018,-0.293804169
2018.099976,-0.29318428
2018.200073,-0.294471741
2018.300049,-0.301290512
2018.400024,-0.298715591
2018.5,-0.306154251
2018.599976,-0.295043945
2018.700073,-0.300289154
2018.800049,-0.298286438
2018.900024,-0.298524857
2019,-0.299287796
2019.099976,-0.299764633
2019.200073,-0.297809601
2019.300049,-0.293792248
2019.400024,-0.287700653
2019.5,-0.289894104
2019.599976,-0.296855927
2019.700073,-0.298143387
2019.800049,-0.302196503
2019.900024,-0.295759201
2020,-0.298000336
2020.099976,-0.294805527
2020.200073,-0.303150177
2020.300049,-0.288511276
2020.400024,-0.298238754
2020.5,-0.295473099
2020.599976,-0.291467667
2020.700073,-0.290800095
2020.800049,-0.303483963
2020.900024,-0.283456802
2021,-0.297904968
2021.099976,-0.295806885
2021.200073,-0.289894104
2021.300049,-0.306201935
2021.400024,-0.293756485
2021.5,-0.296474457
2021.599976,-0.293899536
2021.700073,-0.306440353
2021.800049,-0.292230606
2021.900024,-0.299287796
2022,-0.296712875
2022.099976,-0.296045303
2022.200073,-0.300003052
2022.300049,-0.296855927
2022.400024,-0.306106567
2022.5,-0.302768707
2022.599976,-0.290895462
2022.700073,-0.289608002
2022.800049,-0.293863773
2022.900024,-0.297332764
2023,-0.297618866
2023.099976,-0.304676056
2023.200073,-0.288272858
2023.300049,-0.29857254
2023.400024,-0.290084839
2023.5,-0.29766655
2023.599976,-0.301481247
2023.700073,-0.305391312
2023.800049,-0.294662476
2023.900024,-0.288272858
2024,-0.294352531
2024.099976,-0.29728508
2024.200073,-0.297189713
2024.300049,-0.291801453
2024.400024,-0.295687675
2024.5,-0.296808243
2024.599976,-0.296951294
2024.700073,-0.299812317
2024.800049,-0.293708801
2024.900024,-0.300289154
2025,-0.3019104
2025.099976,-0.298906326
2025.200073,-0.297428131
2025.300049,-0.297654629
2025.400024,-0.296101928
2025.5,-0.293279648
2025.599976,-0.296045303
2025.700073,-0.307060242
2025.800049,-0.306726456
2025.900024,-0.305069447
2026,-0.302911758
2026.099976,-0.30357933
2026.200073,-0.301481247
2026.300049,-0.298429489
2026.400024,-0.307775497
2026.5,-0.294948578
2026.599976,-0.304962158
2026.700073,-0.303483963
2026.800049,-0.296998978
2026.900024,-0.302482605
2027,-0.31063652
2027.099976,-0.30100441
2027.200073,-0.304628372
2027.300049,-0.307966232
2027.400024,-0.305391312
2027.5,-0.302339554
2027.599976,-0.301719666
2027.700073,-0.300861359
2027.800049,-0.301481247
2027.900024,-0.301624298
2028,-0.302005768
2028.099976,-0.300003052
2028.200073,-0.302101135
2028.300049,-0.304676056
2028.400024,-0.297237396
2028.5,-0.299621582
2028.599976,-0.295186996
2028.700073,-0.301147461
2028.800049,-0.302196503
2028.900024,-0.29895401
2029,-0.299299717
2029.099976,-0.298191071
2029.200073,-0.297857285
2029.300049,-0.304485321
2029.400024,-0.300289154
2029.5,-0.289894104
2029.599976,-0.3060112
2029.700073,-0.297952652
2029.800049,-0.300718307
2029.900024,-0.308347702
2030,-0.31101799
2030.099976,-0.302101135
2030.200073,-0.304389954
2030.300049,-0.296760559
2030.400024,-0.294471741
2030.5,-0.297809601
2030.599976,-0.300146103
2030.700073,-0.299860001
2030.800049,-0.301433563
2030.900024,-0.292325974
2031,-0.301564693
2031.099976,-0.306726456
2031.200073,-0.305772781
2031.300049,-0.302148819
2031.400024,-0.303925037
2031.5,-0.303627014
2031.599976,-0.304151535
2031.700073,-0.308776855
2031.800049,-0.304676056
2031.900024,-0.301862717
2032,-0.303913116
2032.099976,-0.300384521
2032.200073,-0.30973053
2032.300049,-0.301958084
2032.400024,-0.287700653
2032.5,-0.302053452
2032.599976,-0.296331406
2032.700073,-0.307584763
2032.800049,-0.302053452
2032.900024,-0.304425716
2033,-0.304389954
2033.099976,-0.303674698
2033.200073,-0.303007126
2033.300049,-0.300098419
2033.400024,-0.296569824
2033.5,-0.299287796
2033.599976,-0.296236038
2033.700073,-0.290895462
2033.800049,-0.307060242
2033.900024,-0.29895401
2034,-0.309158325
2034.099976,-0.296998978
2034.200073,-0.303865433
2034.300049,-0.298095703
2034.400024,-0.300050735
2034.5,-0.300575256
2034.599976,-0.297714233
2034.700073,-0.301147461
2034.800049,-0.291849136
2034.900024,-0.296045303
2035,-0.303293228
2035.099976,-0.289751053
2035.200073,-0.298524857
2035.300049,-0.29933548
2035.400024,-0.312973499
2035.5,-0.308681488
2035.599976,-0.300050735
2035.700073,-0.289608002
2035.800049,-0.303483963
2035.900024,-0.297475815
2036,-0.297618866
2036.099976,-0.304103851
2036.200073,-0.295330048
2036.300049,-0.28560257
2036.400024,-0.290561676
2036.5,-0.291324615
2036.599976,-0.295854568
2036.700073,-0.301052094
2036.800049,-0.29561615
2036.900024,-0.301958084
2037,-0.298048019
2037.099976,-0.291038513
2037.200073,-0.294805527
2037.300049,-0.299907684
2037.400024,-0.296665192
2037.5,-0.297618866
2037.599976,-0.29432869
2037.700073,-0.295890331
2037.800049,-0.295568466
2037.900024,-0.296045303
2038,-0.295568466
2038.099976,-0.287939072
2038.200073,-0.308013916
2038.300049,-0.29151535
2038.400024,-0.284124374
2038.5,-0.301195145
2038.599976,-0.293613434
2038.700073,-0.294233322
2038.800049,-0.296092987
2038.900024,-0.293375015
2039,-0.298286438
2039.099976,-0.296426773
2039.200073,-0.29805994
2039.300049,-0.298810959
2039.400024,-0.298715591
2039.5,-0.289083481
2039.599976,-0.294662476
2039.700073,-0.290084839
2039.800049,-0.299860001
2039.900024,-0.301624298
2040,-0.298286438
2040.099976,-0.299907684
2040.200073,-0.289608002
2040.300049,-0.29485321
2040.400024,-0.292623997
2040.5,-0.292707443
2040.599976,-0.293327332
2040.700073,-0.29561615
2040.800049,-0.292421341
2040.900024,-0.298763275
2041,-0.296331406
2041.099976,-0.297606945
2041.200073,-0.296283722
2041.300049,-0.299049377
2041.400024,-0.293804169
2041.5,-0.299097061
2041.599976,-0.293971062
2041.700073,-0.291753769
2041.800049,-0.291229248
2041.900024,-0.295949936
2042,-0.304056168
2042.099976,-0.304676056
2042.200073,-0.302387238
2042.300049,-0.302911758
2042.400024,-0.297904968
2042.5,-0.303770065
2042.599976,-0.28021431
2042.700073,-0.30639267
2042.800049,-0.298000336
2042.900024,-0.291419983
2043,-0.29895401
2043.099976,-0.299764633
2043.200073,-0.307966232
2043.300049,-0.298238754
2043.400024,-0.287796021
2043.5,-0.302196503
2043.599976,-0.295473099
2043.700073,-0.302911758
2043.800049,-0.313068867
2043.900024,-0.299860001
2044,-0.291086197
2044.099976,-0.301052094
2044.200073,-0.292039871
2044.300049,-0.305105209
2044.400024,-0.297332764
2044.5,-0.294042587
2044.599976,-0.298000336
2044.700073,-0.29599762
2044.800049,-0.29805994
2044.900024,-0.300289154
2045,-0.297952652
2045.099976,-0.303531647
2045.200073,-0.301147461
2045.300049,-0.30305481
2045.400024,-0.302661419
2045.5,-0.303388596
2045.599976,-0.30305481
2045.700073,-0.303722382
2045.800049,-0.306440353
2045.900024,-0.30524826
2046,-0.305462837
2046.099976,-0.304246902
2046.200073,-0.305915833
2046.300049,-0.295854568
2046.400024,-0.305534363
2046.5,-0.296808243
2046.599976,-0.30100441
2046.700073,-0.302077293
2046.800049,-0.30524826
2046.900024,-0.30524826
2047,-0.301195145
2047.099976,-0.298906326
2047.200073,-0.30934906
2047.300049,-0.291229248
2047.400024,-0.307346344
2047.5,-0.299860001
2047.599976,-0.295759201
2047.700073,-0.31349802
2047.800049,-0.3080616
2047.900024,-0.294900894
2048,-0.296665192
2048.100098,-0.304294586
2048.199951,-0.303531647
2048.300049,-0.295520782
2048.400146,-0.296998978
2048.5,-0.296975136
2048.600098,-0.298524857
2048.699951,-0.296855927
2048.800049,-0.301147461
2048.900146,-0.299430847
2049,-0.302148819
2049.100098,-0.307060242
2049.199951,-0.309635162
2049.300049,-0.299860001
2049.400146,-0.299526215
2049.5,-0.299550056
2049.600098,-0.298667908
2049.699951,-0.300146103
2049.800049,-0.303483963
2049.900146,-0.304771423
2050,-0.305820465
2050.100098,-0.303627014
2050.199951,-0.303627014
2050.300049,-0.300289154
2050.400146,-0.289655685
2050.5,-0.298763275
2050.600098,-0.307060242
2050.699951,-0.308824539
2050.800049,-0.307858944
2050.900146,-0.306678772
2051,-0.308872223
2051.100098,-0.305808544
2051.199951,-0.302005768
2051.300049,-0.305677414
2051.400146,-0.302744865
2051.5,-0.30305481
2051.600098,-0.30024147
2051.699951,-0.30024147
2051.800049,-0.293375015
2051.900146,-0.304676056
2052,-0.296188354
2052.100098,-0.307870865
2052.199951,-0.299716949
2052.300049,-0.307441711
2052.400146,-0.30434227
2052.5,-0.303674698
2052.600098,-0.30138588
2052.699951,-0.301528931
2052.800049,-0.299561977
2052.900146,-0.301037192
2053,-0.301719666
2053.100098,-0.301338196
2053.199951,-0.296426773
2053.300049,-0.309921265
2053.400146,-0.304771423
2053.5,-0.303340912
2053.600098,-0.301624298
2053.699951,-0.304509163
2053.800049,-0.306631088
2053.900146,-0.306440353
2054,-0.290418625
2054.100098,-0.308204651
2054.199951,-0.289608002
2054.300049,-0.309253693
2054.400146,-0.301671982
2054.5,-0.309396744
2054.600098,-0.291849136
2054.699951,-0.299621582
2054.800049,-0.289608002
2054.900146,-0.304103851
2055,-0.304246902
2055.100098,-0.302637577
2055.199951,-0.303913116
2055.300049,-0.298286438
2055.400146,-0.309062958
2055.5,-0.297523499
2055.600098,-0.303007126
2055.699951,-0.295425415
2055.800049,-0.31139946
2055.900146,-0.298477173
2056,-0.301815033
2056.100098,-0.303102493
2056.199951,-0.300765991
2056.300049,-0.30267334
2056.400146,-0.295759201
2056.5,-0.296188354
2056.600098,-0.298286438
2056.699951,-0.292230606
2056.800049,-0.302196503
2056.900146,-0.295806885
2057,-0.290084839
2057.100098,-0.305582047
2057.199951,-0.302244186
2057.300049,-0.30100441
2057.400146,-0.302816391
2057.5,-0.302101135
2057.600098,-0.300730228
2057.699951,-0.297761917
2057.800049,-0.30024147
2057.900146,-0.293231964
2058,-0.29060936
2058.100098,-0.297237396
2058.199951,-0.290847778
2058.300049,-0.296855927
2058.400146,-0.287939072
2058.5,-0.295330048
2058.600098,-0.29599762
2058.699951,-0.293804169
2058.800049,-0.295711517
2058.900146,-0.29265976
2059,-0.299192429
2059.100098,-0.297952652
2059.199951,-0.302244186
2059.300049,-0.301242828
2059.400146,-0.290132523
2059.5,-0.29933548
2059.600098,-0.290370941
2059.699951,-0.295759201
2059.800049,-0.295520782
2059.900146,-0.294471741
2060,-0.295186996
2060.100098,-0.291419983
2060.199951,-0.29227829
2060.300049,-0.299716949
2060.400146,-0.294424057
2060.5,-0.299383163
2060.600098,-0.294805527
2060.699951,-0.295091629
2060.800049,-0.296629429
2060.900146,-0.296331406
2061,-0.300289154
2061.100098,-0.307346344
2061.199951,-0.298667908
2061.300049,-0.306344986
2061.400146,-0.28855896
2061.5,-0.298715591
2061.600098,-0.29151535
2061.699951,-0.293899536
2061.800049,-0.296355247
2061.900146,-0.299621582
2062,-0.300384521
2062.100098,-0.301302433
2062.199951,-0.300983548
2062.300049,-0.301242828
2062.400146,-0.30100441
2062.5,-0.29690361
2062.600098,-0.304533005
2062.699951,-0.292421341
2062.800049,-0.297904968
2062.900146,-0.291086197
2063,-0.290513992
2063.100098,-0.285173416
2063.199951,-0.299478531
2063.300049,-0.294137955
2063.400146,-0.300336838
2063.5,-0.28817749
2063.600098,-0.301147461
2063.699951,-0.299478531
2063.800049,-0.298667908
2063.900146,-0.292087555
2064,-0.289751053
2064.100098,-0.299573898
2064.199951,-0.295377731
2064.300049,-0.303007126
2064.400146,-0.291563034
2064.5,-0.298000336
2064.600098,-0.310398102
2064.699951,-0.284648895
2064.800049,-0.294662476
2064.900146,-0.29728508
2065,-0.302434921
2065.100098,-0.298655987
2065.199951,-0.298334122
2065.300049,-0.296569824
2065.400146,-0.297952652
2065.5,-0.297308922
2065.600098,-0.298143387
2065.699951,-0.296569824
2065.800049,-0.299526215
2065.900146,-0.296283722
2066,-0.298262596
2066.100098,-0.297523499
2066.199951,-0.299716949
2066.300049,-0.292945862
2066.400146,-0.310779572
2066.5,-0.301195145
2066.600098,-0.292850494
2066.699951,-0.29690361
2066.800049,-0.305438995
2066.900146,-0.303340912
2067,-0.304771423
2067.100098,-0.294567108
2067.199951,-0.299049377
2067.300049,-0.291658401
2067.400146,-0.298000336
2067.5,-0.298000336
2067.600098,-0.298763275
2067.699951,-0.299478531
2067.800049,-0.299573898
2067.900146,-0.300539494
2068,-0.301099777
2068.100098,-0.302005768
2068.199951,-0.302875996
2068.300049,-0.304199219
2068.400146,-0.304199219
2068.5,-0.300432205
2068.600098,-0.295425415
2068.699951,-0.293851852
2068.800049,-0.29227829
2068.900146,-0.30100441
2069,-0.296712875
2069.100098,-0.308729172
2069.199951,-0.299716949
2069.300049,-0.304056168
2069.400146,-0.305152893
2069.5,-0.299192429
2069.600098,-0.291419983
2069.699951,-0.304866791
2069.800049,-0.302959442
2069.900146,-0.305200577
2070,-0.307250977
2070.100098,-0.299097061
2070.199951,-0.308252335
2070.300049,-0.296760559
2070.400146,-0.301958084
2070.5,-0.309444427
2070.600098,-0.295663834
2070.699951,-0.305391312
2070.800049,-0.307823181
2070.900146,-0.303662777
2071,-0.300050735
2071.100098,-0.30138588
2071.199951,-0.300670624
2071.300049,-0.299669266
2071.400146,-0.307561159
2071.5,-0.316597462
2071.600098,-0.313307285
2071.699951,-0.304676056
2071.800049,-0.307012558
2071.900146,-0.303913116
2072,-0.295568466
2072.100098,-0.310302734
2072.199951,-0.298143387
2072.300049,-0.313688755
2072.400146,-0.308633804
2072.5,-0.298238754
2072.600098,-0.296379089
2072.699951,-0.30100441
2072.800049,-0.299860001
2072.900146,-0.299120903
2073,-0.299621582
2073.100098,-0.29599762
2073.199951,-0.300014973
2073.300049,-0.300003052
2073.400146,-0.304437637
2073.5,-0.300432205
2073.600098,-0.294042587
2073.699951,-0.29728508
2073.800049,-0.297237396
2073.900146,-0.297332764
2074,-0.299538136
2074.100098,-0.300956726
2074.199951,-0.295940995
2074.300049,-0.292182922
2074.400146,-0.291086197
2074.5,-0.30472374
2074.600098,-0.301290512
2074.699951,-0.307489395
2074.800049,-0.305677414
2074.900146,-0.306571484
2075,-0.307537079
2075.100098,-0.305582047
2075.199951,-0.302339554
2075.300049,-0.298715591
2075.400146,-0.301755428
2075.5,-0.300861359
2075.600098,-0.305105209
2075.699951,-0.299049377
2075.800049,-0.294090271
2075.900146,-0.303197861
2076,-0.292039871
2076.100098,-0.29690361
2076.199951,-0.295854568
2076.300049,-0.312353134
2076.400146,-0.296092987
2076.5,-0.309921265
2076.600098,-0.287700653
2076.699951,-0.306201935
2076.800049,-0.299716949
2076.900146,-0.306917191
2077,-0.302625656
2077.100098,-0.300718307
2077.199951,-0.299526215
2077.300049,-0.297845364
2077.400146,-0.294137955
2077.5,-0.296998978
2077.600098,-0.307584763
2077.699951,-0.301767349
2077.800049,-0.302744865
2077.900146,-0.302148819
2078,-0.299478531
2078.100098,-0.30524826
2078.199951,-0.303483963
2078.300049,-0.30524826
2078.400146,-0.3039608
2078.5,-0.30934906
2078.600098,-0.299192429
2078.699951,-0.306726456
2078.800049,-0.303817749
2078.900146,-0.298620224
2079,-0.300575256
2079.100098,-0.30138588
2079.199951,-0.297332764
2079.300049,-0.301433563
2079.400146,-0.308395386
2079.5,-0.306440353
2079.600098,-0.306917191
2079.699951,-0.295425415
2079.800049,-0.302530289
2079.900146,-0.297142029
2080,-0.299287796
2080.100098,-0.296808243
2080.199951,-0.296760559
2080.300049,-0.298000336
2080.400146,-0.309206009
2080.5,-0.304151535
2080.600098,-0.296998978
2080.699951,-0.299669266
2080.800049,-0.299383163
2080.900146,-0.300193787
2081,-0.298942089
2081.100098,-0.298524857
2081.199951,-0.29766655
2081.300049,-0.299395084
2081.400146,-0.301195145
2081.5,-0.300193787
2081.600098,-0.304199219
2081.699951,-0.296474457
2081.800049,-0.313021183
2081.900146,-0.301719666
2082,-0.297952652
2082.100098,-0.295330048
2082.199951,-0.295425415
2082.300049,-0.293756485
2082.400146,-0.293971062
2082.5,-0.293136597
2082.600098,-0.29356575
2082.699951,-0.298429489
2082.800049,-0.302005768
2082.900146,-0.305009842
2083,-0.295949936
2083.100098,-0.309635162
2083.199951,-0.304533005
2083.300049,-0.295282364
2083.400146,-0.297809601
2083.5,-0.300098419
2083.600098,-0.30434227
2083.699951,-0.296855927
2083.800049,-0.303293228
2083.900146,-0.297559261
2084,-0.295663834
2084.100098,-0.294424057
2084.199951,-0.294614792
2084.300049,-0.294424057
2084.400146,-0.294519424
2084.5,-0.294281006
2084.600098,-0.294757843
2084.699951,-0.299001694
2084.800049,-0.295902252
2084.900146,-0.299383163
2085,-0.297142029
2085.100098,-0.297189713
2085.199951,-0.29625988
2085.300049,-0.294662476
2085.400146,-0.296045303
2085.5,-0.296855927
2085.600098,-0.292373657
2085.699951,-0.298381805
2085.800049,-0.291181564
2085.900146,-0.284601212
2086,-0.308156967
2086.100098,-0.299812317
2086.199951,-0.293661118
2086.300049,-0.291944504
2086.400146,-0.29933548
2086.5,-0.295854568
2086.600098,-0.293279648
2086.699951,-0.29690361
2086.800049,-0.303483963
2086.900146,-0.292230606
2087,-0.307203293
2087.100098,-0.294567108
2087.199951,-0.299860001
2087.300049,-0.297368526
2087.400146,-0.297857285
2087.5,-0.297189713
2087.600098,-0.296760559
2087.699951,-0.297857285
2087.800049,-0.299144745
2087.900146,-0.299001694
2088,-0.302005768
2088.100098,-0.301719666
2088.199951,-0.302005768
2088.300049,-0.298465252
2088.400146,-0.295520782
2088.5,-0.300000072
2088.600098,-0.303197861
2088.699951,-0.302816391
2088.800049,-0.3039608
2088.900146,-0.304974079
2089,-0.308633804
2089.100098,-0.304485321
2089.199951,-0.291086197
2089.300049,-0.290132523
2089.400146,-0.302625656
2089.5,-0.292850494
2089.600098,-0.302434921
2089.699951,-0.304628372
2089.800049,-0.300909042
2089.900146,-0.29895401
2090,-0.297618866
2090.100098,-0.298858643
2090.199951,-0.290704727
2090.300049,-0.303388596
2090.400146,-0.296855927
2090.5,-0.298143387
2090.600098,-0.294424057
2090.699951,-0.298810959
2090.800049,-0.289464951
2090.900146,-0.294900894
2091,-0.300384521
2091.100098,-0.294471741
2091.199951,-0.302387238
2091.300049,-0.309825897
2091.400146,-0.303388596
2091.5,-0.299526215
2091.600098,-0.294185638
2091.699951,-0.294888973
2091.800049,-0.292993546
2091.900146,-0.292850494
2092,-0.294471741
2092.100098,-0.304437637
2092.199951,-0.290037155
2092.300049,-0.306821823
2092.400146,-0.295854568
2092.5,-0.311351776
2092.600098,-0.309587479
2092.699951,-0.306929111
2092.800049,-0.303483963
2092.900146,-0.303293228
2093,-0.302625656
2093.100098,-0.299287796
2093.199951,-0.29189682
2093.300049,-0.296808243
2093.400146,-0.30472374
2093.5,-0.300193787
2093.600098,-0.302864075
2093.699951,-0.302339554
2093.800049,-0.305582047
2093.900146,-0.304270744
2094,-0.304246902
2094.100098,-0.304914474
2094.199951,-0.294376373
2094.300049,-0.311256409
2094.400146,-0.281692505
2094.5,-0.299812317
2094.600098,-0.302434921
2094.699951,-0.29895401
2094.800049,-0.29227829
2094.900146,-0.292612076
2095,-0.305725098
2095.100098,-0.293899536
2095.199951,-0.302816391
2095.300049,-0.302577972
2095.400146,-0.303293228
2095.5,-0.3060112
2095.600098,-0.312067032
2095.699951,-0.306106567
2095.800049,-0.293613434
2095.900146,-0.3019104
2096,-0.294757843
2096.100098,-0.310350418
2096.199951,-0.298000336
2096.300049,-0.304246902
2096.400146,-0.294662476
2096.5,-0.296474457
2096.600098,-0.304008484
2096.699951,-0.300527573
2096.800049,-0.296808243
2096.900146,-0.297952652
2097,-0.297952652
2097.100098,-0.297475815
2097.199951,-0.301195145
2097.300049,-0.306249619
2097.400146,-0.299001694
2097.5,-0.296855927
2097.600098,-0.299097061
2097.699951,-0.29356575
2097.800049,-0.296474457
2097.900146,-0.294233322
2098,-0.294233322
2098.100098,-0.29265976
2098.199951,-0.295473099
2098.300049,-0.297046661
2098.400146,-0.297952652
2098.5,-0.301278591
2098.600098,-0.304151535
2098.699951,-0.305963516
2098.800049,-0.305677414
2098.900146,-0.304962158
2099,-0.300217628
2099.100098,-0.293708801
2099.199951,-0.296522141
2099.300049,-0.297881126
2099.400146,-0.299144745
2099.5,-0.302148819
2099.600098,-0.30357933
2099.699951,-0.302530289
2099.800049,-0.301695824
2099.900146,-0.300670624
2100,-0.300003052
2100.100098,-0.297809601
2100.199951,-0.301815033
2100.300049,-0.298810959
2100.400146,-0.299240112
2100.5,-0.299764633
2100.600098,-0.299526215
2100.699951,-0.300813675
2100.800049,-0.301731586
2100.900146,-0.303483963
2101,-0.303102493
2101.100098,-0.296379089
2101.199951,-0.297904968
2101.300049,-0.290370941
2101.400146,-0.291658401
2101.5,-0.302530289
2101.600098,-0.308538437
2101.699951,-0.29432869
2101.800049,-0.303102493
2101.900146,-0.294996262
2102,-0.294090271
2102.100098,-0.296796322
2102.199951,-0.300098419
2102.300049,-0.298000336
2102.400146,-0.300527573
2102.5,-0.30267334
2102.600098,-0.302482605
2102.699951,-0.298763275
2102.800049,-0.297332764
2102.900146,-0.300193787
2103,-0.29394722
2103.100098,-0.301481247
2103.199951,-0.298858643
2103.300049,-0.297571182
2103.400146,-0.297904968
2103.5,-0.292421341
2103.600098,-0.296283722
2103.699951,-0.309396744
2103.800049,-0.302339554
2103.900146,-0.288892746
2104,-0.299049377
2104.100098,-0.28650856
2104.199951,-0.301624298
2104.300049,-0.295139313
2104.400146,-0.301862717
2104.5,-0.301481247
2104.600098,-0.296569824
2104.699951,-0.295186996
2104.800049,-0.295330048
2104.900146,-0.297070503
2105,-0.299240112
2105.100098,-0.298524857
2105.199951,-0.299418926
2105.300049,-0.299526215
2105.400146,-0.300384521
2105.5,-0.298334122
2105.600098,-0.300575256
2105.699951,-0.296140671
2105.800049,-0.299669266
2105.900146,-0.299144745
2106,-0.308013916
2106.100098,-0.293279648
2106.199951,-0.299526215
2106.300049,-0.305057526
2106.400146,-0.296760559
2106.5,-0.295425415
2106.600098,-0.294137955
2106.699951,-0.291992188
2106.800049,-0.292838573
2106.900146,-0.291276932
2107,-0.29394722
2107.100098,-0.305725098
2107.199951,-0.303722382
2107.300049,-0.291324615
2107.400146,-0.291229248
2107.5,-0.290597439
2107.600098,-0.291226268
2107.699951,-0.291086197
2107.800049,-0.291992188
2107.900146,-0.299621582
2108,-0.297332764
2108.100098,-0.303150177
2108.199951,-0.295139313
2108.300049,-0.290275574
2108.400146,-0.289417267
2108.5,-0.292802811
2108.600098,-0.295759201
2108.699951,-0.295759201
2108.800049,-0.298334122
2108.900146,-0.291610718
2109,-0.283885956
2109.100098,-0.294233322
2109.199951,-0.293422699
2109.300049,-0.30305481
2109.400146,-0.300861359
2109.5,-0.29022789
2109.600098,-0.291276932
2109.699951,-0.295473099
2109.800049,-0.291181564
2109.900146,-0.29933548
2110,-0.287986755
2110.100098,-0.29394722
2110.199951,-0.299764633
2110.300049,-0.291229248
2110.400146,-0.292707443
2110.5,-0.295139313
2110.600098,-0.295032024
2110.699951,-0.29690361
2110.800049,-0.295377731
2110.900146,-0.297571182
2111,-0.291324615
2111.100098,-0.295186996
2111.199951,-0.290037155
2111.300049,-0.303293228
2111.400146,-0.293804169
2111.5,-0.299812317
2111.600098,-0.292898178
2111.699951,-0.304485321
2111.800049,-0.293470383
2111.900146,-0.289941788
2112,-0.297523499
2112.100098,-0.303531647
2112.199951,-0.301099777
2112.300049,-0.295473099
2112.400146,-0.292325974
2112.5,-0.299001694
2112.600098,-0.307155609
2112.699951,-0.298000336
2112.800049,-0.302005768
2112.900146,-0.289798737
2113,-0.302768707
2113.100098,-0.297428131
2113.199951,-0.295139313
2113.300049,-0.292039871
2113.400146,-0.295473099
2113.5,-0.307918549
2113.600098,-0.302959442
2113.699951,-0.308681488
2113.800049,-0.302387238
2113.900146,-0.30934906
2114,-0.303674698
2114.100098,-0.293518066
2114.199951,-0.297809601
2114.300049,-0.303007126
2114.400146,-0.297428131
2114.5,-0.299812317
2114.600098,-0.303197861
2114.699951,-0.3019104
2114.800049,-0.307823181
2114.900146,-0.300479889
2115,-0.302744865
2115.100098,-0.301147461
2115.199951,-0.301528931
2115.300049,-0.298000336
2115.400146,-0.291276932
2115.5,-0.298048019
2115.600098,-0.300718307
2115.699951,-0.30267334
2115.800049,-0.30062294
2115.900146,-0.295043945
2116,-0.300479889
2116.100098,-0.296998978
2116.199951,-0.301433563
2116.300049,-0.310874939
2116.400146,-0.299621582
2116.5,-0.302577972
2116.600098,-0.298524857
2116.699951,-0.301624298
2116.800049,-0.291849136
2116.900146,-0.299860001
2117,-0.305677414
2117.100098,-0.303531647
2117.199951,-0.310350418
2117.300049,-0.308300018
2117.400146,-0.303865433
2117.5,-0.297189713
2117.600098,-0.303150177
2117.699951,-0.306917191
2117.800049,-0.304676056
2117.900146,-0.295902252
2118,-0.300432205
2118.100098,-0.304628372
2118.199951,-0.305963516
2118.300049,-0.304914474
2118.400146,-0.291372299
2118.5,-0.306821823
2118.600098,-0.29485321
2118.699951,-0.296665192
2118.800049,-0.307203293
2118.900146,-0.298048019
2119,-0.306631088
2119.100098,-0.301767349
2119.199951,-0.306917191
2119.300049,-0.304485321
2119.400146,-0.306678772
2119.5,-0.308681488
2119.600098,-0.298906326
2119.699951,-0.295473099
2119.800049,-0.29766655
2119.900146,-0.302613735
2120,-0.306249619
2120.100098,-0.311065674
2120.199951,-0.288463593
2120.300049,-0.308443069
2120.400146,-0.295282364
2120.5,-0.295473099
2120.600098,-0.304819107
2120.699951,-0.305343628
2120.800049,-0.303472042
2120.900146,-0.303674698
2121,-0.300050735
2121.100098,-0.30434227
2121.199951,-0.298620224
2121.300049,-0.303627014
2121.400146,-0.297142029
2121.5,-0.302148819
2121.600098,-0.304676056
2121.699951,-0.293613434
2121.800049,-0.299907684
2121.900146,-0.296450615
2122,-0.295949936
2122.100098,-0.296331406
2122.199951,-0.298274517
2122.300049,-0.30229187
2122.400146,-0.298524857
2122.5,-0.294996262
2122.600098,-0.300098419
2122.699951,-0.295186996
2122.800049,-0.304819107
2122.900146,-0.300432205
2123,-0.294757843
2123.100098,-0.296474457
2123.199951,-0.291181564
2123.300049,-0.297952652
2123.400146,-0.303913116
2123.5,-0.298906326
2123.600098,-0.30434227
2123.699951,-0.299478531
2123.800049,-0.293470383
2123.900146,-0.296474457
2124,-0.294376373
2124.100098,-0.300098419
2124.199951,-0.297142029
2124.300049,-0.294519424
2124.400146,-0.293231964
2124.5,-0.299001694
2124.600098,-0.293899536
2124.699951,-0.300527573
2124.800049,-0.297237396
2124.900146,-0.299144745
2125,-0.306106567
2125.100098,-0.300551414
2125.199951,-0.297189713
2125.300049,-0.299764633
2125.400146,-0.302423
2125.5,-0.30729866
2125.600098,-0.305438995
2125.699951,-0.293756485
2125.800049,-0.304199219
2125.900146,-0.297904968
2126,-0.290275574
2126.100098,-0.306583405
2126.199951,-0.286413193
2126.300049,-0.298286438
2126.400146,-0.296855927
2126.5,-0.299621582
2126.600098,-0.296045303
2126.699951,-0.300146103
2126.800049,-0.29151535
2126.900146,-0.298429489
2127,-0.294948578
2127.100098,-0.301815033
2127.199951,-0.296092987
2127.300049,-0.299573898
2127.400146,-0.29318428
2127.5,-0.304437637
2127.600098,-0.299764633
2127.699951,-0.309301376
2127.800049,-0.304008484
2127.900146,-0.300289154
2128,-0.296474457
2128.100098,-0.295806885
2128.199951,-0.294745922
2128.300049,-0.292135239
2128.400146,-0.294567108
2128.5,-0.307107925
2128.600098,-0.290800095
2128.699951,-0.298810959
2128.800049,-0.282169342
2128.900146,-0.294042587
2129,-0.301338196
2129.100098,-0.289083481
2129.199951,-0.299621582
2129.300049,-0.303531647
2129.400146,-0.29728508
2129.5,-0.293613434
2129.600098,-0.297332764
2129.699951,-0.301624298
2129.800049,-0.289941788
2129.900146,-0.303483963
2130,-0.30024147
2130.100098,-0.302244186
2130.199951,-0.294805527
2130.300049,-0.289989471
2130.400146,-0.296379089
2130.5,-0.298858643
2130.600098,-0.301719666
2130.699951,-0.29728508
2130.800049,-0.299097061
2130.900146,-0.298357964
2131,-0.300527573
2131.100098,-0.296522141
2131.199951,-0.298906326
2131.300049,-0.296569824
2131.400146,-0.302101135
2131.5,-0.298858643
2131.600098,-0.289512634
2131.699951,-0.297428131
2131.800049,-0.28984642
2131.900146,-0.294233322
2132,-0.29523468
2132.100098,-0.295318127
2132.199951,-0.299478531
2132.300049,-0.292325974
2132.400146,-0.301862717
2132.5,-0.295425415
2132.600098,-0.297475815
2132.699951,-0.301481247
2132.800049,-0.285507202
2132.900146,-0.299526215
2133,-0.293708801
2133.100098,-0.298238754
2133.199951,-0.296283722
2133.300049,-0.300765991
2133.400146,-0.285697937
2133.5,-0.298763275
2133.600098,-0.307155609
2133.699951,-0.285554886
2133.800049,-0.300575256
2133.900146,-0.290943146
2134,-0.287080765
2134.100098,-0.298763275
2134.199951,-0.300432205
2134.300049,-0.296951294
2134.400146,-0.291229248
2134.5,-0.300336838
2134.600098,-0.291753769
2134.699951,-0.292135239
2134.800049,-0.293136597
2134.900146,-0.294757843
2135,-0.289035797
2135.100098,-0.296617508
2135.199951,-0.29151535
2135.300049,-0.307203293
2135.400146,-0.287319183
2135.5,-0.295139313
2135.600098,-0.299478531
2135.699951,-0.283599854
2135.800049,-0.295282364
2135.900146,-0.302434921
2136,-0.290513992
2136.100098,-0.295663834
2136.199951,-0.294662476
2136.300049,-0.290800095
2136.400146,-0.29561615
2136.5,-0.303293228
2136.600098,-0.304866791
2136.699951,-0.302124977
2136.800049,-0.297046661
2136.900146,-0.303293228
2137,-0.294376373
2137.100098,-0.298238754
2137.199951,-0.297511578
2137.300049,-0.299240112
2137.400146,-0.303910136
2137.5,-0.310445786
2137.600098,-0.308443069
2137.699951,-0.304544926
2137.800049,-0.300146103
2137.900146,-0.299144745
2138,-0.296855927
2138.100098,-0.296998978
2138.199951,-0.297952652
2138.300049,-0.303483963
2138.400146,-0.304771423
2138.5,-0.299383163
2138.600098,-0.299418926
2138.699951,-0.296522141
2138.800049,-0.296998978
2138.900146,-0.300432205
2139,-0.30100441
2139.100098,-0.300837517
2139.199951,-0.301195145
2139.300049,-0.300718307
2139.400146,-0.289941788
2139.5,-0.306058884
2139.600098,-0.296188354
2139.699951,-0.294042587
2139.800049,-0.293708801
2139.900146,-0.298238754
2140,-0.312448502
2140.100098,-0.305105209
2140.199951,-0.300003052
2140.300049,-0.291086197
2140.400146,-0.287509918
2140.5,-0.30562973
2140.600098,-0.297952652
2140.699951,-0.303293228
2140.800049,-0.307537079
2140.900146,-0.308633804
2141,-0.306917191
2141.100098,-0.300432205
2141.199951,-0.306583405
2141.300049,-0.293708801
2141.400146,-0.298858643
2141.5,-0.294996262
2141.600098,-0.297571182
2141.699951,-0.29933548
2141.800049,-0.295175076
2141.900146,-0.291658401
2142,-0.292135239
2142.100098,-0.295473099
2142.199951,-0.300813675
2142.300049,-0.306869507
2142.400146,-0.297714233
2142.5,-0.308109283
2142.600098,-0.297094345
2142.699951,-0.30896759
2142.800049,-0.310302734
2142.900146,-0.297094345
2143,-0.303722382
2143.100098,-0.294519424
2143.199951,-0.302721024
2143.300049,-0.303007126
2143.400146,-0.308347702
2143.5,-0.301052094
2143.600098,-0.310350418
2143.699951,-0.30434227
2143.800049,-0.300527573
2143.900146,-0.297809601
2144,-0.300003052
2144.100098,-0.299001694
2144.199951,-0.295377731
2144.300049,-0.297714233
2144.400146,-0.295377731
2144.5,-0.30062294
2144.600098,-0.300384521
2144.699951,-0.302864075
2144.800049,-0.303233624
2144.900146,-0.304866791
2145,-0.304819107
2145.100098,-0.312162399
2145.199951,-0.300956726
2145.300049,-0.307346344
2145.400146,-0.309444427
2145.5,-0.306106567
2145.600098,-0.299955368
2145.699951,-0.303436279
2145.800049,-0.306201935
2145.900146,-0.302053452
2146,-0.293756485
2146.100098,-0.309492111
2146.199951,-0.305486679
2146.300049,-0.303150177
2146.400146,-0.30229187
2146.5,-0.302339554
2146.600098,-0.297761917
2146.699951,-0.301862717
2146.800049,-0.294710159
2146.900146,-0.292230606
2147,-0.288797379
2147.100098,-0.30524826
2147.199951,-0.298286438
2147.300049,-0.310255051
2147.400146,-0.296951294
2147.5,-0.299573898
2147.600098,-0.292135239
2147.699951,-0.301719666
2147.800049,-0.292469025
2147.900146,-0.307870865
2148,-0.299430847
2148.100098,-0.296236038
2148.199951,-0.296092987
2148.300049,-0.295186996
2148.400146,-0.299860001
2148.5,-0.308252335
2148.600098,-0.289703369
2148.699951,-0.299287796
2148.800049,-0.298858643
2148.900146,-0.299430847
2149,-0.300003052
2149.100098,-0.299573898
2149.199951,-0.295663834
2149.300049,-0.29356575
2149.400146,-0.298191071
2149.5,-0.289751053
2149.600098,-0.296379089
2149.699951,-0.30138588
2149.800049,-0.28984642
2149.900146,-0.291467667
2150,-0.301290512
2150.100098,-0.300670624
2150.199951,-0.297380447
2150.300049,-0.294662476
2150.400146,-0.295449257
2150.5,-0.294471741
2150.600098,-0.295282364
2150.699951,-0.299073219
2150.800049,-0.302482605
2150.900146,-0.304056168
2151,-0.293851852
2151.100098,-0.298000336
2151.199951,-0.302482605
2151.300049,-0.291419983
2151.400146,-0.306535721
2151.5,-0.295377731
2151.600098,-0.297475815
2151.699951,-0.29895401
2151.800049,-0.308633804
2151.900146,-0.294281006
2152,-0.305295944
2152.100098,-0.298858643
2152.199951,-0.29561615
2152.300049,-0.292898178
2152.400146,-0.292421341
2152.5,-0.294090271
2152.600098,-0.29599762
2152.699951,-0.29265976
2152.800049,-0.298942089
2152.900146,-0.304199219
2153,-0.302911758
2153.100098,-0.296522141
2153.199951,-0.292802811
2153.300049,-0.296140671
2153.400146,-0.299907684
2153.5,-0.297475815
2153.600098,-0.297475815
2153.699951,-0.293017387
2153.800049,-0.288606644
2153.900146,-0.29741025
2154,-0.304533005
2154.100098,-0.303483963
2154.199951,-0.298477173
2154.300049,-0.293231964
2154.400146,-0.299907684
2154.5,-0.288129807
2154.600098,-0.297380447
2154.699951,-0.289894104
2154.800049,-0.297761917
2154.900146,-0.296951294
2155,-0.299573898
2155.100098,-0.296855927
2155.199951,-0.290943146
2155.300049,-0.299526215
2155.400146,-0.292421341
2155.5,-0.293613434
2155.600098,-0.300765991
2155.699951,-0.292325974
2155.800049,-0.300670624
2155.900146,-0.294567108
2156,-0.291419983
2156.100098,-0.300003052
2156.199951,-0.301290512
2156.300049,-0.285697937
2156.400146,-0.299526215
2156.5,-0.288225174
2156.600098,-0.299669266
2156.699951,-0.292707443
2156.800049,-0.306678772
2156.900146,-0.297809601
2157,-0.28855896
2157.100098,-0.296045303
2157.199951,-0.293327332
2157.300049,-0.296236038
2157.400146,-0.289178848
2157.5,-0.295091629
2157.600098,-0.302816391
2157.699951,-0.29485321
2157.800049,-0.293327332
2157.900146,-0.304008484
2158,-0.299049377
2158.100098,-0.290418625
2158.199951,-0.290943146
2158.300049,-0.295520782
2158.400146,-0.288368225
2158.5,-0.30024147
2158.600098,-0.294710159
2158.699951,-0.307203293
2158.800049,-0.295425415
2158.900146,-0.297332764
2159,-0.290990829
2159.100098,-0.300193787
2159.199951,-0.295139313
2159.300049,-0.290847778
2159.400146,-0.297475815
2159.5,-0.291610718
2159.600098,-0.299669266
2159.699951,-0.288654327
2159.800049,-0.302005768
2159.900146,-0.294185638
2160,-0.286365509
2160.100098,-0.300909042
2160.199951,-0.302864075
2160.300049,-0.301719666
2160.400146,-0.295186996
2160.5,-0.301576614
2160.600098,-0.308490753
2160.699951,-0.294519424
2160.800049,-0.298763275
2160.900146,-0.295949936
2161,-0.292087555
2161.100098,-0.296426773
2161.199951,-0.298000336
2161.300049,-0.289417267
2161.400146,-0.289512634
2161.5,-0.29432869
2161.600098,-0.296522141
2161.699951,-0.300432205
2161.800049,-0.299526215
2161.900146,-0.305677414
2162,-0.290895462
2162.100098,-0.301242828
2162.199951,-0.300146103
2162.300049,-0.299526215
2162.400146,-0.299120903
2162.5,-0.295711517
2162.600098,-0.301099777
2162.699951,-0.292135239
2162.800049,-0.294424057
2162.900146,-0.294662476
2163,-0.296653271
2163.100098,-0.300575256
2163.199951,-0.296951294
2163.300049,-0.303627014
2163.400146,-0.293851852
2163.5,-0.299907684
2163.600098,-0.295043945
2163.699951,-0.295663834
2163.800049,-0.292850494
2163.900146,-0.294614792
2164,-0.299573898
2164.100098,-0.303770065
2164.199951,-0.311208725
2164.300049,-0.298715591
2164.400146,-0.306201935
2164.5,-0.308252335
2164.600098,-0.302721024
2164.699951,-0.304389954
2164.800049,-0.298048019
2164.900146,-0.308156967
2165,-0.292612076
2165.100098,-0.302196503
2165.199951,-0.302530289
2165.300049,-0.301087856
2165.400146,-0.299621582
2165.5,-0.300003052
2165.600098,-0.300563335
2165.699951,-0.299713969
2165.800049,-0.300237745
2165.900146,-0.300289154
2166,-0.300384521
2166.100098,-0.303460121
2166.199951,-0.306440353
2166.300049,-0.306726456
2166.400146,-0.304366112
2166.5,-0.302816391
2166.600098,-0.301481247
2166.699951,-0.297392368
2166.800049,-0.293136597
2166.900146,-0.292135239
2167,-0.29394722
2167.100098,-0.298810959
2167.199951,-0.290466309
2167.300049,-0.299526215
2167.400146,-0.304199219
2167.5,-0.304294586
2167.600098,-0.299240112
2167.699951,-0.307394028
2167.800049,-0.298095703
2167.900146,-0.294519424
2168,-0.295806885
2168.100098,-0.303197861
2168.199951,-0.305438995
2168.300049,-0.296522141
2168.400146,-0.297904968
2168.5,-0.302053452
2168.600098,-0.30267334
2168.699951,-0.300003052
2168.800049,-0.293899536
2168.900146,-0.29933548
2169,-0.289083481
2169.100098,-0.294757843
2169.199951,-0.288749695
2169.300049,-0.288845062
2169.400146,-0.286079407
2169.5,-0.289178848
2169.600098,-0.299669266
2169.699951,-0.29022789
2169.800049,-0.301481247
2169.900146,-0.297952652
2170,-0.301576614
2170.100098,-0.305152893
2170.199951,-0.301719666
2170.300049,-0.296188354
2170.400146,-0.290418625
2170.5,-0.29356575
2170.600098,-0.293661118
2170.699951,-0.293994904
2170.800049,-0.294424057
2170.900146,-0.294090271
2171,-0.295949936
2171.100098,-0.300312996
2171.199951,-0.306821823
2171.300049,-0.304389954
2171.400146,-0.299478531
2171.5,-0.298906326
2171.600098,-0.291276932
2171.699951,-0.295854568
2171.800049,-0.284887314
2171.900146,-0.303340912
