CA i vs t,
s,ÊA
0,-6.25
0.100000001,-23.03346825
0.200000003,-18.11153412
0.300000012,-16.08878708
0.400000006,-14.88238335
0.5,-14.05554295
0.600000024,-13.43279362
0.699999988,-12.95452118
0.800000012,-12.57781982
0.900000036,-12.25881577
1,-11.98368073
1.100000024,-11.74191952
1.200000048,-11.53687954
1.300000072,-11.35854244
1.399999976,-11.18354321
1.5,-11.03477001
1.600000024,-10.90077877
1.700000048,-10.77298641
1.800000072,-10.64948559
1.899999976,-10.5426693
2,-10.443964
2.100000143,-10.33619881
2.200000048,-10.24512291
2.299999952,-10.16692162
2.400000095,-10.08013725
2.5,-10.00145912
2.600000143,-9.920396805
2.700000048,-9.846010208
2.799999952,-9.78020668
2.900000095,-9.707727432
3,-9.639062881
3.100000143,-9.590425491
3.200000048,-9.533205032
3.299999952,-9.462156296
3.400000095,-9.413518906
3.5,-9.350571632
3.600000143,-9.298119545
3.700000048,-9.24519062
3.799999952,-9.198460579
3.900000095,-9.148869514
4,-9.102139473
4.099999905,-9.054455757
4.200000286,-9.010586739
4.300000191,-8.959088326
4.400000095,-8.919510841
4.5,-8.868012428
4.599999905,-8.833203316
4.700000286,-8.780274391
4.800000191,-8.743081093
4.900000095,-8.706841469
5,-8.670125008
5.099999905,-8.616719246
5.200000286,-8.588109016
5.300000191,-8.549008369
5.400000095,-8.515152931
5.5,-8.469376564
5.599999905,-8.440766335
5.700000286,-8.402142525
5.800000191,-8.374962807
5.900000095,-8.33586216
6,-8.302006721
6.099999905,-8.266720772
6.200000286,-8.236203194
6.300000191,-8.205208778
6.400000095,-8.172783852
6.5,-8.137021065
6.599999905,-8.111743927
6.700000286,-8.083610535
6.800000191,-8.049278259
6.900000095,-8.014469147
7,-7.984905243
7.099999905,-7.962017059
7.200000286,-7.93674469
7.300000191,-7.897167206
7.400000095,-7.868080139
7.5,-7.845191956
7.599999905,-7.8175354
7.700000286,-7.789878845
7.800000191,-7.760314941
7.900000095,-7.733612061
8,-7.703094482
8.100000381,-7.67829895
8.199999809,-7.656841278
8.300000191,-7.627754211
8.400000572,-7.597236633
8.5,-7.578639984
8.600000381,-7.54240036
8.699999809,-7.519035339
8.800000191,-7.502346039
8.900000572,-7.470874786
9,-7.447986603
9.100000381,-7.423191071
9.199999809,-7.401256561
9.300000191,-7.380275726
9.400000572,-7.358818054
9.5,-7.32925415
9.600000381,-7.304935455
9.699999809,-7.285861969
9.800000191,-7.262020111
9.900000572,-7.233886719
10,-7.207660675
10.10000038,-7.188587189
10.19999981,-7.18000412
10.30000019,-7.148532867
10.40000057,-7.129936218
10.5,-7.107524872
10.60000038,-7.077007294
10.69999981,-7.065563202
10.80000019,-7.041244507
10.90000057,-7.016448975
11,-6.990699768
11.10000038,-6.975440979
11.19999981,-6.954460144
11.30000019,-6.93157196
11.40000057,-6.92155838
11.5,-6.902008057
11.60000038,-6.875305176
11.69999981,-6.85479641
11.80000019,-6.83619976
11.90000057,-6.820940971
12,-6.801390648
12.10000038,-6.778025627
12.19999981,-6.758475304
12.30000019,-6.740355492
12.40000057,-6.71889782
12.5,-6.705069542
12.60000038,-6.678843498
12.69999981,-6.664061546
12.80000019,-6.640219688
12.90000057,-6.623530388
13,-6.607317924
13.10000038,-6.592059135
13.19999981,-6.572031975
13.30000019,-6.558203697
13.40000057,-6.535315514
13.5,-6.517195702
13.60000038,-6.500506401
13.69999981,-6.484293938
13.80000019,-6.466174126
13.90000057,-6.448531151
14,-6.43517971
14.10000038,-6.410861015
14.19999981,-6.399416924
14.30000019,-6.377959251
14.40000057,-6.362223625
14.5,-6.354117393
14.60000038,-6.332659721
14.69999981,-6.318354607
14.80000019,-6.293082237
14.90000057,-6.284976006
15,-6.274485588
15.10000038,-6.252074242
15.19999981,-6.23729229
15.30000019,-6.226325035
15.40000057,-6.205821037
15.5,-6.181979179
15.60000038,-6.171011925
15.69999981,-6.152892113
15.80000019,-6.133818626
15.90000057,-6.130480766
16,-6.108546257
16.10000038,-6.089949608
16.20000076,-6.081843376
16.30000114,-6.06276989
16.39999962,-6.051802635
16.5,-6.033682823
16.60000038,-6.018424034
16.70000076,-6.000781059
16.80000114,-5.985045433
16.89999962,-5.973601341
17,-5.954527855
17.10000038,-5.944991112
17.20000076,-5.931639671
17.30000114,-5.908274651
17.39999962,-5.903506279
17.5,-5.883955956
17.60000038,-5.868220329
17.70000076,-5.852007866
17.80000114,-5.850577354
17.89999962,-5.825781822
18,-5.822443962
18.10000038,-5.795741081
18.20000076,-5.79097271
18.30000114,-5.776667595
18.39999962,-5.761408806
18.5,-5.744242668
18.60000038,-5.732798576
18.70000076,-5.719923973
18.80000114,-5.711340904
18.89999962,-5.696082115
19,-5.677008629
19.10000038,-5.670332909
19.20000076,-5.66174984
19.30000114,-5.641245842
19.39999962,-5.635523796
19.5,-5.618829727
19.60000038,-5.598802567
19.70000076,-5.594034195
19.80000114,-5.580205917
19.89999962,-5.567331314
20,-5.551595688
20.10000038,-5.546350479
20.20000076,-5.535383224
20.30000114,-5.51774025
20.39999962,-5.512495041
20.5,-5.493898392
20.60000038,-5.486268997
20.70000076,-5.468626022
20.80000114,-5.45050621
20.89999962,-5.451459885
21,-5.425233841
21.10000038,-5.420465469
21.20000076,-5.417127609
21.30000114,-5.397577286
21.39999962,-5.382318497
21.5,-5.369443893
21.60000038,-5.360860825
21.70000076,-5.34989357
21.80000114,-5.333204269
21.89999962,-5.327959061
22,-5.313653946
22.10000038,-5.305070877
22.20000076,-5.287427902
22.30000114,-5.285997391
22.39999962,-5.266447067
22.5,-5.266447067
22.60000038,-5.248327255
22.70000076,-5.233068466
22.80000114,-5.220193863
22.89999962,-5.209226608
23,-5.205411911
23.10000038,-5.193967819
23.20000076,-5.18538475
23.30000114,-5.180616379
23.39999962,-5.16201973
23.5,-5.154390335
23.60000038,-5.142469406
23.70000076,-5.131502151
23.80000114,-5.12339592
23.89999962,-5.109090805
24,-5.093832016
24.10000038,-5.090970993
24.20000076,-5.086679459
24.30000114,-5.060930252
24.39999962,-5.061883926
24.5,-5.047578812
24.60000038,-5.030889511
24.70000076,-5.021352768
24.80000114,-5.017061234
24.89999962,-5.004663467
25,-5.002279282
25.10000038,-4.979391098
25.20000076,-4.972238541
25.30000114,-4.971284866
25.39999962,-4.956026077
25.5,-4.941244125
25.60000038,-4.943151474
25.70000076,-4.925985336
25.80000114,-4.914541245
25.89999962,-4.908342361
26,-4.90023613
26.10000038,-4.884977341
26.20000076,-4.880208969
26.30000114,-4.868764877
26.39999962,-4.851121902
26.5,-4.844923019
26.60000038,-4.836339951
26.70000076,-4.836816788
26.80000114,-4.825372696
26.89999962,-4.813928604
27,-4.802484512
27.10000038,-4.789133072
27.20000076,-4.789133072
27.30000114,-4.776735306
27.39999962,-4.76099968
27.5,-4.751939774
27.60000038,-4.750509262
27.70000076,-4.738111496
27.80000114,-4.72905159
27.89999962,-4.721899033
28,-4.706163406
28.10000038,-4.698534012
28.20000076,-4.694242477
28.30000114,-4.685182571
28.39999962,-4.676122665
28.5,-4.668970108
28.60000038,-4.659433365
28.70000076,-4.64846611
28.80000114,-4.63845253
28.89999962,-4.629869461
29,-4.616518021
29.10000038,-4.614133835
29.20000076,-4.602689743
29.30000114,-4.59649086
29.39999962,-4.586000443
29.5,-4.580278397
29.60000038,-4.570741653
29.70000076,-4.566450119
29.80000114,-4.557390213
29.89999962,-4.546899796
30,-4.536409378
30.10000038,-4.528303146
30.20000076,-4.520673752
30.30000114,-4.507799149
30.39999962,-4.501600266
30.5,-4.49921608
30.60000038,-4.488725662
30.70000076,-4.482049942
30.80000114,-4.47728157
30.89999962,-4.461545944
31,-4.452009201
31.10000038,-4.447717667
31.20000076,-4.444379807
31.30000114,-4.438180923
31.39999962,-4.419584274
31.5,-4.42196846
31.60000038,-4.409093857
31.70000076,-4.399557114
31.80000114,-4.388589859
31.89999962,-4.381437302
32,-4.38000679
32.10000229,-4.37189579
32.20000076,-4.356160164
32.29999924,-4.355683327
32.40000153,-4.345192909
32.5,-4.337563515
32.60000229,-4.329457283
32.70000076,-4.319443703
32.79999924,-4.314198494
32.90000153,-4.301800728
33,-4.296555519
33.10000229,-4.297509193
33.20000076,-4.293694496
33.29999924,-4.277482033
33.40000153,-4.27128315
33.5,-4.258408546
33.60000229,-4.255070686
33.70000076,-4.247918129
33.79999924,-4.240765572
33.90000153,-4.23265934
34,-4.22598362
34.10000229,-4.219784737
34.20000076,-4.209294319
34.29999924,-4.197850227
34.40000153,-4.205479622
34.5,-4.184498787
34.60000229,-4.176392555
34.70000076,-4.168763161
34.79999924,-4.167809486
34.90000153,-4.155888557
35,-4.148736
35.10000229,-4.143013954
35.20000076,-4.141583443
35.29999924,-4.122986794
35.40000153,-4.121079445
35.5,-4.11678791
35.60000229,-4.109635353
35.70000076,-4.101529121
35.79999924,-4.094376564
35.90000153,-4.087224007
36,-4.072442055
36.10000229,-4.06815052
36.20000076,-4.068627357
36.29999924,-4.056706429
36.40000153,-4.050984383
36.5,-4.042878151
36.60000229,-4.042401314
36.70000076,-4.027142525
36.79999924,-4.021420479
36.90000153,-4.017605782
37,-4.010453224
37.10000229,-4.004254341
37.20000076,-3.995194435
37.29999924,-3.98422718
37.40000153,-3.98088932
37.5,-3.975167274
37.60000229,-3.96753788
37.70000076,-3.968968391
37.79999924,-3.953232765
37.90000153,-3.947033882
38,-3.939881325
38.10000229,-3.931775093
38.20000076,-3.928437233
38.29999924,-3.919377327
38.40000153,-3.916516304
38.5,-3.906025887
38.60000229,-3.904118538
38.70000076,-3.896489143
38.79999924,-3.885998726
38.90000153,-3.88361454
39,-3.871693611
39.10000229,-3.873124123
39.20000076,-3.8702631
39.29999924,-3.851189613
39.40000153,-3.846898079
39.5,-3.84165287
39.60000229,-3.843083382
39.70000076,-3.832592964
39.79999924,-3.827347755
39.90000153,-3.812565804
40,-3.817811012
40.10000229,-3.802552223
40.20000076,-3.801121712
40.29999924,-3.79635334
40.40000153,-3.78633976
40.5,-3.782525063
40.60000229,-3.779187202
40.70000076,-3.767743111
40.79999924,-3.769650459
40.90000153,-3.758683205
41,-3.754868507
41.10000229,-3.750100136
41.20000076,-3.734841347
41.29999924,-3.733410835
41.40000153,-3.728165627
41.5,-3.728642464
41.60000229,-3.713860512
41.70000076,-3.714337349
41.79999924,-3.702893257
41.90000153,-3.696694374
42,-3.686203957
42.10000229,-3.676667213
42.20000076,-3.68906498
42.29999924,-3.682389259
42.40000153,-3.668560982
42.5,-3.659024239
42.60000229,-3.655686378
42.70000076,-3.655209541
42.79999924,-3.642811775
42.90000153,-3.640904427
43,-3.631367683
43.10000229,-3.626599312
43.20000076,-3.623261452
43.29999924,-3.617062569
43.40000153,-3.605618477
43.5,-3.605618477
43.60000229,-3.602280617
43.70000076,-3.590359688
43.79999924,-3.595128059
43.90000153,-3.582730293
44,-3.57986927
44.10000229,-3.56985569
44.20000076,-3.568425179
44.29999924,-3.562703133
44.40000153,-3.555550575
44.5,-3.557457924
44.60000229,-3.546490669
44.70000076,-3.530278206
44.79999924,-3.536477089
44.90000153,-3.538384438
45,-3.51788044
45.10000229,-3.507866859
45.20000076,-3.515019417
45.29999924,-3.507866859
45.40000153,-3.496899605
45.5,-3.494515419
45.60000229,-3.492131233
45.70000076,-3.488316536
45.79999924,-3.485455513
45.90000153,-3.477826118
46,-3.463044167
46.10000229,-3.463044167
46.20000076,-3.458752632
46.29999924,-3.461136818
46.40000153,-3.452076912
46.5,-3.444924355
46.60000229,-3.435864449
46.70000076,-3.434433937
46.79999924,-3.428235054
46.90000153,-3.424420357
47,-3.420128822
47.10000229,-3.410115242
47.20000076,-3.408684731
47.29999924,-3.406300545
47.40000153,-3.39199543
47.5,-3.393425941
47.60000229,-3.382458687
47.70000076,-3.384366035
47.79999924,-3.368630409
47.90000153,-3.374352455
48,-3.369107246
48.10000229,-3.368630409
48.20000076,-3.359928131
48.29999924,-3.353848457
48.40000153,-3.348126411
48.5,-3.344311714
48.60000229,-3.341927528
48.70000076,-3.330960274
48.79999924,-3.324284554
48.90000153,-3.324284554
49,-3.317847252
49.10000229,-3.310933113
49.20000076,-3.311886787
49.29999924,-3.297581673
49.40000153,-3.297581673
49.5,-3.285660744
49.60000229,-3.280892372
49.70000076,-3.293290138
49.79999924,-3.276600838
49.90000153,-3.268971443
50,-3.26611042
50.10000229,-3.266587257
50.20000076,-3.255620003
50.29999924,-3.253712654
50.40000153,-3.25275898
50.5,-3.242268562
50.60000229,-3.234162331
50.70000076,-3.236069679
50.79999924,-3.228917122
50.90000153,-3.232254982
51,-3.226056099
51.10000229,-3.219857216
51.20000076,-3.212704659
51.29999924,-3.203644753
51.40000153,-3.198399544
51.5,-3.196015358
51.60000229,-3.199353218
51.70000076,-3.199353218
51.79999924,-3.183140755
51.90000153,-3.176941872
52,-3.179326057
52.10000229,-3.172650337
52.20000076,-3.169312477
52.29999924,-3.166451454
52.40000153,-3.166928291
52.5,-3.156914711
52.60000229,-3.155961037
52.70000076,-3.142609596
52.79999924,-3.134503365
52.90000153,-3.143086433
53,-3.13354969
53.10000229,-3.127827644
53.20000076,-3.126397133
53.29999924,-3.121623993
53.40000153,-3.109226227
53.5,-3.109226227
53.60000229,-3.10541153
53.70000076,-3.103504181
53.79999924,-3.100643158
53.90000153,-3.097305298
54,-3.086338043
54.10000229,-3.088245392
54.20000076,-3.079185486
54.29999924,-3.072032928
54.40000153,-3.074893951
54.5,-3.072032928
54.60000229,-3.068695068
54.70000076,-3.062019348
54.79999924,-3.060112
54.90000153,-3.058681488
55,-3.050932884
55.10000229,-3.040084839
55.20000076,-3.04485321
55.29999924,-3.040561676
55.40000153,-3.033885956
55.5,-3.026256561
55.60000229,-3.022441864
55.70000076,-3.025302887
55.79999924,-3.010044098
55.90000153,-3.016242981
56,-3.001937866
56.10000229,-2.997646332
56.20000076,-3.003845215
56.29999924,-3.001461029
56.40000153,-2.995738983
56.5,-2.990016937
56.60000229,-2.983341217
56.70000076,-2.976665497
56.79999924,-2.977142334
56.90000153,-2.970466614
57,-2.966175079
57.10000229,-2.970943451
57.20000076,-2.956161499
57.29999924,-2.952823639
57.40000153,-2.951869965
57.5,-2.950439453
57.60000229,-2.934703827
57.70000076,-2.940425873
57.79999924,-2.93422699
57.90000153,-2.932796478
58,-2.931365967
58.10000229,-2.921829224
58.20000076,-2.917537689
58.29999924,-2.908000946
58.40000153,-2.909431458
58.5,-2.906093597
58.60000229,-2.901325226
58.70000076,-2.896080017
58.79999924,-2.896080017
58.90000153,-2.891788483
59,-2.895126343
59.10000229,-2.890834808
59.20000076,-2.881298065
59.29999924,-2.880821228
59.40000153,-2.875099182
59.5,-2.873668671
59.60000229,-2.86365509
59.70000076,-2.862224579
59.79999924,-2.86031723
59.90000153,-2.857456207
60,-2.848873138
60.10000229,-2.84696579
60.20000076,-2.847919464
60.29999924,-2.836952209
60.40000153,-2.834568024
60.5,-2.831707001
60.60000229,-2.827892303
60.70000076,-2.823600769
60.79999924,-2.82169342
60.90000153,-2.818832397
61,-2.8150177
61.10000229,-2.805957794
61.20000076,-2.806434631
61.29999924,-2.799282074
61.40000153,-2.801189423
61.5,-2.80500412
61.60000229,-2.794036865
61.70000076,-2.789745331
61.79999924,-2.784023285
61.90000153,-2.777824402
62,-2.774486542
62.10000229,-2.782115936
62.20000076,-2.771625519
62.29999924,-2.768764496
62.40000153,-2.763996124
62.5,-2.763519287
62.60000229,-2.756962776
62.70000076,-2.747306824
62.79999924,-2.75302887
62.90000153,-2.742538452
63,-2.738723755
63.10000229,-2.737293243
63.20000076,-2.740154266
63.29999924,-2.738246918
63.40000153,-2.731571198
63.5,-2.7277565
63.60000229,-2.726802826
63.70000076,-2.721557617
63.79999924,-2.720127106
63.90000153,-2.718696594
64,-2.709159851
64.09999847,-2.718219757
64.20000458,-2.697238922
64.30000305,-2.697715759
64.40000153,-2.698192596
64.5,-2.692947388
64.59999847,-2.687702179
64.70000458,-2.690086365
64.80000305,-2.686271667
64.90000153,-2.67244339
65,-2.678165436
65.09999847,-2.671012878
65.20000458,-2.673873901
65.30000305,-2.664337158
65.40000153,-2.663383484
65.5,-2.660522461
65.59999847,-2.663860321
65.70000458,-2.654323578
65.80000305,-2.652893066
65.90000153,-2.648482323
66,-2.642879486
66.09999847,-2.64383316
66.20000458,-2.635250092
66.30000305,-2.632865906
66.40000153,-2.632865906
66.5,-2.623806
66.59999847,-2.62714386
66.70000458,-2.622375488
66.80000305,-2.614746094
66.90000153,-2.609500885
67,-2.610931396
67.09999847,-2.609024048
67.20000458,-2.608070374
67.30000305,-2.598056793
67.40000153,-2.60187149
67.5,-2.596149445
67.59999847,-2.587566376
67.70000458,-2.593288422
67.80000305,-2.588043213
67.90000153,-2.584466934
68,-2.578029633
68.09999847,-2.57850647
68.20000458,-2.573261261
68.30000305,-2.569446564
68.40000153,-2.567062378
68.5,-2.566585541
68.59999847,-2.566108704
68.70000458,-2.560863495
68.80000305,-2.552757263
68.90000153,-2.557525635
69,-2.552280426
69.09999847,-2.545604706
69.20000458,-2.544174194
69.30000305,-2.540359497
69.40000153,-2.546081543
69.5,-2.529392242
69.59999847,-2.533683777
69.70000458,-2.530822754
69.80000305,-2.526054382
69.90000153,-2.523670197
70,-2.518901825
70.09999847,-2.523193359
70.20000458,-2.517471313
70.30000305,-2.509841919
70.40000153,-2.506504059
70.5,-2.504119873
70.59999847,-2.502689362
70.70000458,-2.490291595
70.80000305,-2.502212524
70.90000153,-2.491722107
71,-2.483615875
71.09999847,-2.489814758
71.20000458,-2.49124527
71.30000305,-2.477893829
71.40000153,-2.496037483
71.5,-2.472195625
71.59999847,-2.472529411
71.70000458,-2.468714476
71.80000305,-2.463421583
71.90000153,-2.462849379
72,-2.462324858
72.09999847,-2.456459761
72.20000458,-2.445635557
72.30000305,-2.458128691
72.40000153,-2.452931166
72.5,-2.447829008
72.59999847,-2.439150572
72.70000458,-2.438912153
72.80000305,-2.437231302
72.90000153,-2.436146498
73,-2.434715986
73.09999847,-2.435526609
73.20000458,-2.42962575
73.30000305,-2.425465345
73.40000153,-2.422795057
73.5,-2.421364546
73.59999847,-2.409634352
73.70000458,-2.409682035
73.80000305,-2.414164305
73.90000153,-2.408060789
74,-2.400431156
74.09999847,-2.399429798
74.20000458,-2.399858952
74.30000305,-2.395233631
74.40000153,-2.389225483
74.5,-2.389559269
74.59999847,-2.387890339
74.70000458,-2.387461185
74.80000305,-2.385935307
74.90000153,-2.376493931
75,-2.377352238
75.09999847,-2.366337299
75.20000458,-2.370819569
75.30000305,-2.367183685
75.40000153,-2.366528034
75.5,-2.365049839
75.59999847,-2.354321003
75.70000458,-2.366909504
75.80000305,-2.355989933
75.90000153,-2.355274677
76,-2.353653431
76.09999847,-2.352032185
76.20000458,-2.345833302
76.30000305,-2.345022678
76.40000153,-2.342161417
76.5,-2.337774515
76.59999847,-2.332433939
76.70000458,-2.335485697
76.80000305,-2.333530664
76.90000153,-2.32641387
77,-2.320751429
77.09999847,-2.31588769
77.20000458,-2.319654703
77.30000305,-2.323660135
77.40000153,-2.318355322
77.5,-2.314981699
77.59999847,-2.31512475
77.70000458,-2.30716157
77.80000305,-2.299484491
77.90000153,-2.30139184
78,-2.295860529
78.09999847,-2.296718836
78.20000458,-2.28689599
78.30000305,-2.292856455
78.40000153,-2.285131693
78.5,-2.283224344
78.59999847,-2.273115158
78.70000458,-2.284082651
78.80000305,-2.278598785
78.90000153,-2.274927139
79,-2.275403976
79.09999847,-2.267345428
79.20000458,-2.273448944
79.30000305,-2.267202377
79.40000153,-2.259239197
79.5,-2.267250061
79.59999847,-2.259000778
79.70000458,-2.25876236
79.80000305,-2.256616592
79.90000153,-2.256044388
80,-2.250322342
80.09999847,-2.246793747
80.20000458,-2.244814873
80.30000305,-2.241786957
80.40000153,-2.240356445
80.5,-2.226480484
80.59999847,-2.242931366
80.70000458,-2.235111237
80.80000305,-2.227767944
80.90000153,-2.225288391
81,-2.221569061
81.09999847,-2.218851089
81.20000458,-2.217325211
81.30000305,-2.219423294
81.40000153,-2.218183517
81.5,-2.209505081
81.59999847,-2.213748932
81.70000458,-2.201065063
81.80000305,-2.206596375
81.90000153,-2.210124969
82,-2.203783035
82.09999847,-2.195390701
82.20000458,-2.191337585
82.30000305,-2.19357872
82.40000153,-2.187236309
82.5,-2.184899807
82.59999847,-2.189334869
82.70000458,-2.181657314
82.80000305,-2.184279919
82.90000153,-2.180369854
83,-2.177270412
83.09999847,-2.181895733
83.20000458,-2.165158749
83.30000305,-2.170499325
83.40000153,-2.167685986
83.5,-2.160676479
83.59999847,-2.159722805
83.70000458,-2.159579754
83.80000305,-2.156373024
83.90000153,-2.15452528
84,-2.151664257
84.09999847,-2.146419048
84.20000458,-2.145560741
84.30000305,-2.148850918
84.40000153,-2.143653393
84.5,-2.137406826
84.59999847,-2.143558025
84.70000458,-2.13745451
84.80000305,-2.14117384
84.90000153,-2.139647961
85,-2.134200096
85.09999847,-2.128299236
85.20000458,-2.127679348
85.30000305,-2.12128973
85.40000153,-2.117999554
85.5,-2.115949154
85.59999847,-2.109797955
85.70000458,-2.11218214
85.80000305,-2.108379364
85.90000153,-2.104028225
86,-2.107509136
86.09999847,-2.11385107
86.20000458,-2.104457378
86.30000305,-2.100404263
86.40000153,-2.092631817
86.5,-2.091582775
86.59999847,-2.093108654
86.70000458,-2.091153622
86.80000305,-2.090962887
86.90000153,-2.088626385
87,-2.087768078
87.09999847,-2.085956097
87.20000458,-2.083714962
87.30000305,-2.083714962
87.40000153,-2.077802181
87.5,-2.07303381
87.59999847,-2.074845791
87.70000458,-2.076657772
87.80000305,-2.071066856
87.90000153,-2.068217754
88,-2.064546108
88.09999847,-2.063783169
88.20000458,-2.058632851
88.30000305,-2.059205055
88.40000153,-2.057869911
88.5,-2.05798912
88.59999847,-2.058632851
88.70000458,-2.056248665
88.80000305,-2.052541256
88.90000153,-2.048142433
89,-2.047141075
89.09999847,-2.042277336
89.20000458,-2.045424461
89.30000305,-2.03283596
89.40000153,-2.039797783
89.5,-2.03283596
89.59999847,-2.036698341
89.70000458,-2.032406807
89.80000305,-2.025206566
89.90000153,-2.022965431
90,-2.021010399
90.09999847,-2.025683403
90.20000458,-2.023633003
90.30000305,-2.018340111
90.40000153,-2.012618065
90.5,-2.011425972
90.59999847,-2.010949135
90.70000458,-2.015669823
90.80000305,-2.009375572
90.90000153,-2.001841545
91,-2.00074482
91.09999847,-1.998873234
91.20000458,-1.995642662
91.30000305,-1.997263908
91.40000153,-1.992352486
91.5,-1.991589546
91.59999847,-1.993401527
91.70000458,-1.980813026
91.80000305,-1.989539146
91.90000153,-1.98086071
92,-1.984150887
92.09999847,-1.98124218
92.20000458,-1.98047924
92.30000305,-1.978619576
92.40000153,-1.974804878
92.5,-1.969559669
92.59999847,-1.969273567
92.70000458,-1.969845772
92.80000305,-1.962788582
92.90000153,-1.967843056
93,-1.961930275
93.09999847,-1.961882591
93.20000458,-1.958330154
93.30000305,-1.951821327
93.40000153,-1.957686424
93.5,-1.956542015
93.59999847,-1.953061104
93.70000458,-1.938279152
93.80000305,-1.954730034
93.90000153,-1.937038898
94,-1.937659264
94.09999847,-1.942284584
94.20000458,-1.937563658
94.30000305,-1.935417652
94.40000153,-1.934893131
94.5,-1.926834583
94.59999847,-1.930363178
94.70000458,-1.924641132
94.80000305,-1.925976276
94.90000153,-1.922924519
95,-1.919109821
95.09999847,-1.921923161
95.20000458,-1.917488575
95.30000305,-1.91190958
95.40000153,-1.916964054
95.5,-1.917631626
95.59999847,-1.90766573
95.70000458,-1.904995441
95.80000305,-1.904041767
95.90000153,-1.908476353
96,-1.901848316
96.09999847,-1.904232502
96.20000458,-1.899130344
96.30000305,-1.899130344
96.40000153,-1.894350052
96.5,-1.888210773
96.59999847,-1.890928745
96.70000458,-1.888115406
96.80000305,-1.885826588
96.90000153,-1.886589527
97,-1.883966923
97.09999847,-1.880104542
97.20000458,-1.879103184
97.30000305,-1.880581379
97.40000153,-1.878483295
97.5,-1.874859333
97.59999847,-1.872808933
97.70000458,-1.871330738
97.80000305,-1.872808933
97.90000153,-1.869101524
98,-1.867706776
98.09999847,-1.86455965
98.20000458,-1.85158968
98.30000305,-1.86455965
98.40000153,-1.858742237
98.5,-1.859886646
98.59999847,-1.855940819
98.70000458,-1.852972507
98.80000305,-1.852161884
98.90000153,-1.844246387
99,-1.85158968
99.09999847,-1.841814518
99.20000458,-1.84415102
99.30000305,-1.840193272
99.40000153,-1.839287281
99.5,-1.838524342
99.59999847,-1.834328175
99.70000458,-1.833040714
99.80000305,-1.837189198
99.90000153,-1.834185123
100,-1.833040714
100.0999985,-1.823503971
100.2000046,-1.823456287
100.3000031,-1.827509403
100.4000015,-1.826174259
100.5,-1.823694706
100.5999985,-1.812250137
100.7000046,-1.823313236
100.8000031,-1.815111637
100.9000015,-1.812822819
101,-1.816065311
101.0999985,-1.81139183
101.2000046,-1.806241989
101.3000031,-1.804477692
101.4000015,-1.804477692
101.5,-1.800567627
101.5999985,-1.799566269
101.7000046,-1.797277451
101.8000031,-1.795942307
101.9000015,-1.795465469
102,-1.797229767
102.0999985,-1.795322418
102.2000046,-1.796085358
102.3000031,-1.786739349
102.4000015,-1.79174614
102.5,-1.787502289
102.5999985,-1.790267944
102.7000046,-1.780826569
102.8000031,-1.785928726
102.9000015,-1.782114029
103,-1.777345657
103.0999985,-1.783353806
103.2000046,-1.779348373
103.3000031,-1.774150848
103.4000015,-1.771575928
103.5,-1.777011871
103.5999985,-1.767093658
103.7000046,-1.760656357
103.8000031,-1.765758514
103.9000015,-1.765424728
104,-1.76480484
104.0999985,-1.76313591
104.2000046,-1.755411148
104.3000031,-1.753742218
104.4000015,-1.750642776
104.5,-1.75274086
104.5999985,-1.749510288
104.7000046,-1.750609994
104.8000031,-1.749832153
104.9000015,-1.744948298
105,-1.739866257
105.0999985,-1.739484787
105.2000046,-1.738435745
105.3000031,-1.740009308
105.4000015,-1.737052917
105.5,-1.734716415
105.5999985,-1.735050201
105.7000046,-1.727754593
105.8000031,-1.723939896
105.9000015,-1.724273682
106,-1.726276398
106.0999985,-1.728183746
106.2000046,-1.722282887
106.3000031,-1.718265533
106.4000015,-1.716405869
106.5,-1.722318649
106.5999985,-1.719219208
106.7000046,-1.713020325
106.8000031,-1.721698761
106.9000015,-1.718551636
107,-1.710206985
107.0999985,-1.710493088
107.2000046,-1.714021683
107.3000031,-1.711112976
107.4000015,-1.706964493
107.5,-1.70243454
107.5999985,-1.700574875
107.7000046,-1.701051712
107.8000031,-1.697189331
107.9000015,-1.693231583
108,-1.693899155
108.0999985,-1.692230225
108.2000046,-1.691038132
108.3000031,-1.690752029
108.4000015,-1.691514969
108.5,-1.68740201
108.5999985,-1.681405544
108.7000046,-1.685935497
108.8000031,-1.687175274
108.9000015,-1.682216167
109,-1.6841712
109.0999985,-1.675254345
109.2000046,-1.679402828
109.3000031,-1.674777508
109.4000015,-1.675349712
109.5,-1.676208019
109.5999985,-1.672441006
109.7000046,-1.676541805
109.8000031,-1.666528225
109.9000015,-1.667577267
110,-1.666957378
110.0999985,-1.662236691
110.2000046,-1.662332058
110.3000031,-1.669198513
110.4000015,-1.661902905
110.5,-1.666671276
110.5999985,-1.659566402
110.7000046,-1.656371593
110.8000031,-1.653081417
110.9000015,-1.661092281
111,-1.656610012
111.0999985,-1.652890682
111.2000046,-1.647073269
111.3000031,-1.641875744
111.4000015,-1.6384902
111.5,-1.639396191
111.5999985,-1.641637325
111.7000046,-1.642161846
111.8000031,-1.638823986
111.9000015,-1.639205456
112,-1.633960247
112.0999985,-1.637345791
112.2000046,-1.633626461
112.3000031,-1.627427578
112.4000015,-1.636058331
112.5,-1.629859447
112.5999985,-1.63052702
112.7000046,-1.627749443
112.8000031,-1.625043392
112.9000015,-1.625567913
113,-1.625901699
113.0999985,-1.625174522
113.2000046,-1.624471188
113.3000031,-1.62475729
113.4000015,-1.610547543
113.5,-1.616984844
113.5999985,-1.610070705
113.7000046,-1.610738277
113.8000031,-1.609391212
113.9000015,-1.607066631
114,-1.609689236
114.0999985,-1.600295544
114.2000046,-1.610213757
114.3000031,-1.605922222
114.4000015,-1.606065273
114.5,-1.599008083
114.5999985,-1.606446743
114.7000046,-1.601630688
114.8000031,-1.603108883
114.9000015,-1.595479488
115,-1.600200176
115.0999985,-1.593429089
115.2000046,-1.594668865
115.3000031,-1.590520382
115.4000015,-1.592284679
115.5,-1.58575201
115.5999985,-1.581794262
115.7000046,-1.582938671
115.8000031,-1.582068443
115.9000015,-1.581889629
116,-1.581651211
116.0999985,-1.578980923
116.2000046,-1.573211193
116.3000031,-1.584178448
116.4000015,-1.573974133
116.5,-1.573401928
116.5999985,-1.581794262
116.7000046,-1.576882839
116.8000031,-1.570207119
116.9000015,-1.573497295
117,-1.567489147
117.0999985,-1.570016384
117.2000046,-1.561242104
117.3000031,-1.556330681
117.4000015,-1.557570457
117.5,-1.562673092
117.5999985,-1.55952549
117.7000046,-1.556759834
117.8000031,-1.561146736
117.9000015,-1.560860634
118,-1.55375576
118.0999985,-1.543694496
118.2000046,-1.5524683
118.3000031,-1.550608635
118.4000015,-1.545172691
118.5,-1.546126366
118.5999985,-1.552659035
118.7000046,-1.548701286
118.8000031,-1.539784431
118.9000015,-1.548653603
119,-1.544838905
119.0999985,-1.535826683
119.2000046,-1.536255836
119.3000031,-1.536828041
119.4000015,-1.537400246
119.5,-1.537829399
119.5999985,-1.531725883
119.7000046,-1.5275774
119.8000031,-1.529103279
119.9000015,-1.533061028
120,-1.531582832
120.0999985,-1.526003838
120.2000046,-1.522522926
120.3000031,-1.521390438
120.4000015,-1.516943932
120.5,-1.520091057
120.5999985,-1.523047447
120.7000046,-1.523619652
120.8000031,-1.518612862
120.9000015,-1.515704155
121,-1.521473885
121.0999985,-1.512127876
121.2000046,-1.518040657
121.3000031,-1.517849922
121.4000015,-1.513939857
121.5,-1.507836342
121.5999985,-1.511889458
121.7000046,-1.502543449
121.8000031,-1.507740974
121.9000015,-1.503115654
122,-1.50716877
122.0999985,-1.503973961
122.2000046,-1.498871803
122.3000031,-1.502686501
122.4000015,-1.49715519
122.5,-1.499396324
122.5999985,-1.495295525
122.7000046,-1.49715519
122.8000031,-1.491862297
122.9000015,-1.496106148
123,-1.489907265
123.0999985,-1.483088493
123.2000046,-1.488762856
123.3000031,-1.492291451
123.4000015,-1.489144325
123.5,-1.483231544
123.5999985,-1.484280586
123.7000046,-1.48470974
123.8000031,-1.481991768
123.9000015,-1.481705666
124,-1.47727108
124.0999985,-1.479655266
124.2000046,-1.473647118
124.3000031,-1.476078987
124.4000015,-1.47317028
124.5,-1.472812653
124.5999985,-1.470643044
124.7000046,-1.471358299
124.8000031,-1.471572876
124.9000015,-1.473504066
125,-1.470786095
125.0999985,-1.460677147
125.2000046,-1.460057259
125.3000031,-1.46854496
125.4000015,-1.455765724
125.5,-1.464301109
125.5999985,-1.459485054
125.7000046,-1.458006859
125.8000031,-1.452666283
125.9000015,-1.458006859
126,-1.448756218
126.0999985,-1.451235771
126.2000046,-1.451521873
126.3000031,-1.453476906
126.4000015,-1.452618599
126.5,-1.441126823
126.5999985,-1.448660851
126.7000046,-1.438170433
126.8000031,-1.451045036
126.9000015,-1.438313484
127,-1.447802544
127.0999985,-1.438075066
127.2000046,-1.439934731
127.3000031,-1.438361168
127.4000015,-1.439505577
127.5,-1.439553261
127.5999985,-1.434367418
127.7000046,-1.428061008
127.8000031,-1.430349827
127.9000015,-1.433783054
128,-1.435404301
128.1000061,-1.426201344
128.1999969,-1.433449268
128.3000031,-1.429825306
128.4000092,-1.426821232
128.5,-1.422195911
128.6000061,-1.422720432
128.6999969,-1.416044712
128.8000031,-1.424675465
128.9000092,-1.416950703
129,-1.423197269
129.1000061,-1.415329456
129.1999969,-1.417284489
129.3000031,-1.413660526
129.4000092,-1.413088322
129.5,-1.410894871
129.6000061,-1.413755894
129.6999969,-1.408129215
129.8000031,-1.406889439
129.9000092,-1.3999753
130,-1.407843113
130.1000061,-1.403789997
130.1999969,-1.402454853
130.3000031,-1.40498209
130.4000092,-1.401918411
130.5,-1.401215076
130.6000061,-1.399021626
130.6999969,-1.398604393
130.8000031,-1.397400379
130.9000092,-1.396780491
131,-1.390247822
131.1000061,-1.39291811
131.1999969,-1.397829533
131.3000031,-1.397829533
131.4000092,-1.387339115
131.5,-1.386433125
131.6000061,-1.385622501
131.6999969,-1.387672901
131.8000031,-1.386480808
131.9000092,-1.381330967
132,-1.382308483
132.1000061,-1.382189274
132.1999969,-1.379232883
132.3000031,-1.382809162
132.4000092,-1.385431767
132.5,-1.375561237
132.6000061,-1.38290453
132.6999969,-1.379805088
132.8000031,-1.372223377
132.9000092,-1.383285999
133,-1.372890949
133.1000061,-1.371984959
133.1999969,-1.373510838
133.3000031,-1.368599415
133.4000092,-1.376944065
133.5,-1.368837833
133.6000061,-1.361256123
133.6999969,-1.37341547
133.8000031,-1.365261555
133.9000092,-1.365166187
134,-1.364605904
134.1000061,-1.363640308
134.1999969,-1.360984921
134.3000031,-1.357393742
134.4000092,-1.358299732
134.5,-1.356916904
134.6000061,-1.353972435
134.6999969,-1.349621296
134.8000031,-1.351051807
134.9000092,-1.34928751
135,-1.348429203
135.1000061,-1.348751068
135.1999969,-1.348476887
135.3000031,-1.348810673
135.4000092,-1.349573612
135.5,-1.351385593
135.6000061,-1.349907398
135.6999969,-1.340370655
135.8000031,-1.345139027
135.9000092,-1.350288868
136,-1.339750767
136.1000061,-1.344757557
136.1999969,-1.339464664
136.3000031,-1.338940144
136.4000092,-1.337461948
136.5,-1.335506916
136.6000061,-1.334553242
136.6999969,-1.340847492
136.8000031,-1.335316181
136.9000092,-1.330070972
137,-1.331215382
137.1000061,-1.338558674
137.1999969,-1.325493336
137.3000031,-1.331215382
137.4000092,-1.325684071
137.5,-1.332693577
137.6000061,-1.319103718
137.6999969,-1.321774006
137.8000031,-1.32606554
137.9000092,-1.330500126
138,-1.325397968
138.1000061,-1.325278759
138.1999969,-1.320915699
138.3000031,-1.324301243
138.4000092,-1.316290379
138.5,-1.312332153
138.6000061,-1.312618732
138.6999969,-1.311593175
138.8000031,-1.310186386
138.9000092,-1.311235428
139,-1.308422089
139.1000061,-1.312379837
139.1999969,-1.307468414
139.3000031,-1.311187744
139.4000092,-1.303462982
139.5,-1.307373047
139.6000061,-1.303462982
139.6999969,-1.305274963
139.8000031,-1.304750443
139.9000092,-1.302163601
140,-1.296930313
140.1000061,-1.301698685
140.1999969,-1.298503876
140.3000031,-1.30074501
140.4000092,-1.29817009
140.5,-1.300458908
140.6000061,-1.29483223
140.6999969,-1.294355392
140.8000031,-1.29483223
140.9000092,-1.286773682
141,-1.29983902
141.1000061,-1.293497086
141.1999969,-1.2931633
141.3000031,-1.292495728
141.4000092,-1.290326118
141.5,-1.286296844
141.6000061,-1.289348602
141.6999969,-1.281576157
141.8000031,-1.284770966
141.9000092,-1.282577515
142,-1.275997162
142.1000061,-1.270608902
142.1999969,-1.27828598
142.3000031,-1.288394928
142.4000092,-1.280860901
142.5,-1.278476715
142.6000061,-1.272087097
142.6999969,-1.270751953
142.8000031,-1.278142929
142.9000092,-1.269798279
143,-1.275758743
143.1000061,-1.270704269
143.1999969,-1.273803711
143.3000031,-1.269750595
143.4000092,-1.264505386
143.5,-1.271181107
143.6000061,-1.264314651
143.6999969,-1.261262894
143.8000031,-1.263742447
143.9000092,-1.263074875
144,-1.267080307
144.1000061,-1.264123917
144.1999969,-1.25992775
144.3000031,-1.260356903
144.4000092,-1.253728867
144.5,-1.263456345
144.6000061,-1.257400513
144.6999969,-1.249437332
144.8000031,-1.254301071
144.9000092,-1.253538132
145,-1.246004105
145.1000061,-1.257543564
145.1999969,-1.250295639
145.3000031,-1.25248909
145.4000092,-1.251678467
145.5,-1.243000031
145.6000061,-1.241664886
145.6999969,-1.248865128
145.8000031,-1.246385574
145.9000092,-1.245265007
146,-1.243429184
146.1000061,-1.242380142
146.1999969,-1.23799324
146.3000031,-1.23837471
146.4000092,-1.241378784
146.5,-1.243572235
146.6000061,-1.241807938
146.6999969,-1.243143082
146.8000031,-1.241569519
146.9000092,-1.232938766
147,-1.23465538
147.1000061,-1.23208046
147.1999969,-1.230077744
147.3000031,-1.228694916
147.4000092,-1.226024628
147.5,-1.226596832
147.6000061,-1.226739883
147.6999969,-1.227741241
147.8000031,-1.226596832
147.9000092,-1.229124069
148,-1.229028702
148.1000061,-1.225404739
148.1999969,-1.223402023
148.3000031,-1.229600906
148.4000092,-1.220588684
148.5,-1.217155457
148.6000061,-1.217727661
148.6999969,-1.223211288
148.8000031,-1.215820313
148.9000092,-1.223402023
149,-1.220827103
149.1000061,-1.218204498
149.1999969,-1.215057373
149.3000031,-1.217441559
149.4000092,-1.211338043
149.5,-1.210956573
149.6000061,-1.208000183
149.6999969,-1.216726303
149.8000031,-1.213245392
149.9000092,-1.210002899
150,-1.207475662
150.1000061,-1.206104755
150.1999969,-1.202802658
150.3000031,-1.204137802
150.4000092,-1.208763123
150.5,-1.20513916
150.6000061,-1.201372147
150.6999969,-1.211147308
150.8000031,-1.206331253
150.9000092,-1.200418472
151,-1.199178696
151.1000061,-1.199226379
151.1999969,-1.18897438
151.3000031,-1.191120148
151.4000092,-1.201038361
151.5,-1.196556091
151.6000061,-1.192550659
151.6999969,-1.187782288
151.8000031,-1.190452576
151.9000092,-1.187496185
152,-1.191358566
152.1000061,-1.185540676
152.1999969,-1.18482542
152.3000031,-1.190643311
152.4000092,-1.188163757
152.5,-1.183108807
152.6000061,-1.188926697
152.6999969,-1.186017513
152.8000031,-1.187161922
152.9000092,-1.185683727
153,-1.184443951
153.1000061,-1.181106091
153.1999969,-1.179532528
153.3000031,-1.177815914
153.4000092,-1.184873104
153.5,-1.177339077
153.6000061,-1.180486202
153.6999969,-1.17891264
153.8000031,-1.177935123
153.9000092,-1.175717831
154,-1.176623821
154.1000061,-1.172046185
154.1999969,-1.174621105
154.3000031,-1.169614315
154.4000092,-1.171330929
154.5,-1.164321423
154.6000061,-1.174287319
154.6999969,-1.169995785
154.8000031,-1.166800976
154.9000092,-1.172713757
155,-1.169137478
155.1000061,-1.162843227
155.1999969,-1.16813612
155.3000031,-1.165513515
155.4000092,-1.160506725
155.5,-1.157454967
155.6000061,-1.15902853
155.6999969,-1.158694744
155.8000031,-1.149253368
155.9000092,-1.158456326
156,-1.169709682
156.1000061,-1.155213833
156.1999969,-1.152591228
156.3000031,-1.159553051
156.4000092,-1.150493145
156.5,-1.144532681
156.6000061,-1.152877331
156.6999969,-1.147441387
156.8000031,-1.151017666
156.9000092,-1.148871899
157,-1.153211117
157.1000061,-1.145200253
157.1999969,-1.140002728
157.3000031,-1.153211117
157.4000092,-1.143340588
157.5,-1.136474133
157.6000061,-1.141051769
157.6999969,-1.148108959
157.8000031,-1.139382839
157.9000092,-1.145915508
158,-1.139430523
158.1000061,-1.138810635
158.1999969,-1.135949612
158.3000031,-1.139859676
158.4000092,-1.140574932
158.5,-1.143388271
158.6000061,-1.143102169
158.6999969,-1.135997295
158.8000031,-1.139287472
158.9000092,-1.133088589
159,-1.130752087
159.1000061,-1.132564068
159.1999969,-1.130895138
159.3000031,-1.134995937
159.4000092,-1.127938747
159.5,-1.132277966
159.6000061,-1.125554562
159.6999969,-1.123694897
159.8000031,-1.127604961
159.9000092,-1.124362469
160,-1.12579298
160.1000061,-1.123408794
160.1999969,-1.123647213
160.3000031,-1.124410152
160.4000092,-1.124743938
160.5,-1.120988846
160.6000061,-1.11706686
160.6999969,-1.117734432
160.8000031,-1.124171734
160.9000092,-1.116303921
161,-1.10910368
161.1000061,-1.125316143
161.1999969,-1.11539793
161.3000031,-1.107911587
161.4000092,-1.123027325
161.5,-1.114301205
161.6000061,-1.110724926
161.6999969,-1.112346172
161.8000031,-1.119832516
161.9000092,-1.121072292
162,-1.113013744
162.1000061,-1.111011028
162.1999969,-1.105241299
162.3000031,-1.103429317
162.4000092,-1.105479717
162.5,-1.110152721
162.6000061,-1.105753899
162.6999969,-1.103667736
162.8000031,-1.10371542
162.9000092,-1.102904797
163,-1.103572369
163.1000061,-1.100520611
163.1999969,-1.094703197
163.3000031,-1.097850323
163.4000092,-1.100091457
163.5,-1.099566936
163.6000061,-1.102904797
163.6999969,-1.097278118
163.8000031,-1.093940258
163.9000092,-1.088599682
164,-1.091413021
164.1000061,-1.088933468
164.1999969,-1.087884426
164.3000031,-1.087836742
164.4000092,-1.090316296
164.5,-1.089076519
164.6000061,-1.087312222
164.6999969,-1.085381031
164.8000031,-1.083402157
164.9000092,-1.081733227
165,-1.087693691
165.1000061,-1.090125561
165.1999969,-1.087264538
165.3000031,-1.087216854
165.4000092,-1.087193012
165.5,-1.087455273
165.6000061,-1.086835384
165.6999969,-1.084022045
165.8000031,-1.080970287
165.9000092,-1.080827236
166,-1.078633785
166.1000061,-1.077107906
166.1999969,-1.082067013
166.3000031,-1.086501598
166.4000092,-1.077870846
166.5,-1.074962139
166.6000061,-1.075498581
166.6999969,-1.074151516
166.8000031,-1.075009823
166.9000092,-1.074831009
167,-1.073868394
167.1000061,-1.073483944
167.1999969,-1.0721488
167.3000031,-1.072649479
167.4000092,-1.072768688
167.5,-1.072196484
167.6000061,-1.063899517
167.6999969,-1.064042568
167.8000031,-1.067475796
167.9000092,-1.06509161
168,-1.068572521
168.1000061,-1.062755108
168.1999969,-1.061419487
168.3000031,-1.0623734
168.4000092,-1.062039375
168.5,-1.063279629
168.6000061,-1.062755108
168.6999969,-1.060275078
168.8000031,-1.055649757
168.9000092,-1.05722332
169,-1.061610222
169.1000061,-1.055649757
169.1999969,-1.052264214
169.3000031,-1.049593925
169.4000092,-1.053265572
169.5,-1.054457664
169.6000061,-1.05221653
169.6999969,-1.051930428
169.8000031,-1.053694725
169.9000092,-1.057509422
170,-1.049927711
170.1000061,-1.053170204
170.1999969,-1.059369087
170.3000031,-1.046732903
170.4000092,-1.050213814
170.5,-1.053790092
170.6000061,-1.049069405
170.6999969,-1.04220295
170.8000031,-1.043681145
170.9000092,-1.041487694
171,-1.041630745
171.1000061,-1.041630745
171.1999969,-1.043824196
171.3000031,-1.040104866
171.4000092,-1.036385536
171.5,-1.045254707
171.6000061,-1.042679787
171.6999969,-1.036767006
171.8000031,-1.031521797
171.9000092,-1.039723396
172,-1.044491768
172.1000061,-1.041392326
172.1999969,-1.037100792
172.3000031,-1.041630745
172.4000092,-1.031283379
172.5,-1.039532661
172.6000061,-1.031283379
172.6999969,-1.036385536
172.8000031,-1.031283379
172.9000092,-1.026658058
173,-1.029185295
173.1000061,-1.026181221
173.1999969,-1.028803825
173.3000031,-1.027468681
173.4000092,-1.02732563
173.5,-1.031950951
173.6000061,-1.033190727
173.6999969,-1.030091286
173.8000031,-1.0256567
173.9000092,-1.017741203
174,-1.023653984
174.1000061,-1.02641964
174.1999969,-1.027087212
174.3000031,-1.021126747
174.4000092,-1.024607658
174.5,-1.031092644
174.6000061,-1.013497353
174.6999969,-1.02231884
174.8000031,-1.020125389
174.9000092,-1.020697594
175,-1.019398212
175.1000061,-1.01821804
175.1999969,-1.018551826
175.3000031,-1.016072273
175.4000092,-1.014784813
175.5,-1.012734413
175.6000061,-1.012782097
175.6999969,-1.012925148
175.8000031,-1.013020515
175.9000092,-1.021794319
176,-1.023177147
176.1000061,-1.013449669
176.1999969,-1.011828423
176.3000031,-1.008442879
176.4000092,-1.011160851
176.5,-1.005963326
176.6000061,-1.012829781
176.6999969,-1.001290321
176.8000031,-1.009253502
176.9000092,-1.003531456
177,-1.005724907
177.1000061,-0.999716759
177.1999969,-1.007346153
177.3000031,-0.996045113
177.4000092,-0.998143196
177.5,-1.0007658
177.6000061,-1.003293037
177.6999969,-1.001767159
177.8000031,-1.003340721
177.9000092,-0.997523308
178,-0.994614601
178.1000061,-0.999514103
178.1999969,-1.003340721
178.3000031,-1.002577782
178.4000092,-0.996951103
178.5,-0.994709969
178.6000061,-0.993815899
178.6999969,-0.99203968
178.8000031,-0.991562843
178.9000092,-0.990990639
179,-0.989989281
179.1000061,-0.989369392
179.1999969,-0.988868713
179.3000031,-0.988654137
179.4000092,-0.987462044
179.5,-0.992325783
179.6000061,-0.985650063
179.6999969,-0.991372108
179.8000031,-0.983790398
179.9000092,-0.986794472
180,-0.991372108
180.1000061,-0.984267235
180.1999969,-0.987557411
180.3000031,-0.989512444
180.4000092,-0.984314919
180.5,-0.985316277
180.6000061,-0.982586384
180.6999969,-0.980071068
180.8000031,-0.980643272
180.9000092,-0.981406212
181,-0.976208687
181.1000061,-0.97945118
181.1999969,-0.975529194
181.3000031,-0.972584724
181.4000092,-0.973872185
181.5,-0.975016594
181.6000061,-0.975541115
181.6999969,-0.978974342
181.8000031,-0.979963779
181.9000092,-0.98240757
182,-0.982932091
182.1000061,-0.974253654
182.1999969,-0.97573185
182.3000031,-0.974742413
182.4000092,-0.97458744
182.5,-0.974396706
182.6000061,-0.968054771
182.6999969,-0.973252296
182.8000031,-0.96662426
182.9000092,-0.975636482
183,-0.969389915
183.1000061,-0.972107887
183.1999969,-0.96829319
183.3000031,-0.969747543
183.4000092,-0.97034359
183.5,-0.968245506
183.6000061,-0.963191032
183.6999969,-0.962857246
183.8000031,-0.961653233
183.9000092,-0.959805489
184,-0.960759163
184.1000061,-0.961903572
184.1999969,-0.960759163
184.3000031,-0.960544586
184.4000092,-0.959662437
184.5,-0.959853172
184.6000061,-0.958065033
184.6999969,-0.956181526
184.8000031,-0.956562996
184.9000092,-0.955704689
185,-0.962618828
185.1000061,-0.951556206
185.1999969,-0.958994865
185.3000031,-0.956944466
185.4000092,-0.954321861
185.5,-0.959042549
185.6000061,-0.951699257
185.6999969,-0.957087517
185.8000031,-0.953320503
185.9000092,-0.949219704
186,-0.953034401
186.1000061,-0.949839592
186.1999969,-0.94674015
186.3000031,-0.952986717
186.4000092,-0.947836876
186.5,-0.944642067
186.6000061,-0.945917606
186.6999969,-0.945500374
186.8000031,-0.945691109
186.9000092,-0.946585178
187,-0.947312355
187.1000061,-0.947836876
187.1999969,-0.938347816
187.3000031,-0.934198856
187.4000092,-0.937012196
187.5,-0.940398216
187.6000061,-0.946263313
187.6999969,-0.94082737
187.8000031,-0.936058521
187.9000092,-0.938490868
188,-0.9383955
188.1000061,-0.939516068
188.1999969,-0.942019463
188.3000031,-0.93915844
188.4000092,-0.933006763
188.5,-0.941971779
188.6000061,-0.929668903
188.6999969,-0.933102131
188.8000031,-0.938920021
188.9000092,-0.934866428
189,-0.930670261
189.1000061,-0.934043884
189.1999969,-0.934866428
189.3000031,-0.935772419
189.4000092,-0.934437275
189.5,-0.927904606
189.6000061,-0.931337833
189.6999969,-0.927999973
189.8000031,-0.927809238
189.9000092,-0.926140308
190,-0.925758839
190.1000061,-0.931766987
190.1999969,-0.930193424
190.3000031,-0.921753407
190.4000092,-0.923088551
190.5,-0.924590588
190.6000061,-0.928429127
190.6999969,-0.925091267
190.8000031,-0.929335117
190.9000092,-0.921228886
191,-0.923946857
191.1000061,-0.917700291
191.1999969,-0.923899174
191.3000031,-0.920227528
191.4000092,-0.9188447
191.5,-0.920048714
191.6000061,-0.92256403
191.6999969,-0.918558598
191.8000031,-0.909403324
191.9000092,-0.92013216
192,-0.916126728
192.1000061,-0.911692142
192.1999969,-0.916651249
192.3000031,-0.915602207
192.4000092,-0.910213947
192.5,-0.916174412
192.6000061,-0.907591343
192.6999969,-0.916317463
192.8000031,-0.91178751
192.9000092,-0.903395176
193,-0.915840626
193.1000061,-0.911262989
193.1999969,-0.911429882
193.3000031,-0.908783436
193.4000092,-0.909832478
193.5,-0.904921055
193.6000061,-0.907877445
193.6999969,-0.902155399
193.8000031,-0.899437428
193.9000092,-0.90228653
194,-0.904682636
194.1000061,-0.902870655
194.1999969,-0.903156757
194.3000031,-0.903645515
194.4000092,-0.902918339
194.5,-0.905636311
194.6000061,-0.900867939
194.6999969,-0.898817539
194.8000031,-0.895098209
194.9000092,-0.905874729
195,-0.899532795
195.1000061,-0.905064106
195.1999969,-0.89972353
195.3000031,-0.896337986
195.4000092,-0.897911549
195.5,-0.901487827
195.6000061,-0.896051884
195.6999969,-0.901678562
195.8000031,-0.89896059
195.9000092,-0.895396233
196,-0.889948368
196.1000061,-0.89099741
196.1999969,-0.892046452
196.3000031,-0.891140461
196.4000092,-0.89061594
196.5,-0.892618656
196.6000061,-0.893667698
196.6999969,-0.894907475
196.8000031,-0.89023447
196.9000092,-0.900438786
197,-0.882366657
197.1000061,-0.887516499
197.1999969,-0.895813465
197.3000031,-0.890329838
197.4000092,-0.888899326
197.5,-0.888470173
197.6000061,-0.885704517
197.6999969,-0.88894701
197.8000031,-0.882462025
197.9000092,-0.879505634
198,-0.882938862
198.1000061,-0.881174564
198.1999969,-0.881317616
198.3000031,-0.882807732
198.4000092,-0.882938862
198.5,-0.885799885
198.6000061,-0.888899326
198.6999969,-0.883832932
198.8000031,-0.878742695
198.9000092,-0.88188982
199,-0.887754917
199.1000061,-0.871828556
199.1999969,-0.878742695
199.3000031,-0.882795811
199.4000092,-0.87688303
199.5,-0.87278223
199.6000061,-0.877550602
199.6999969,-0.875786304
199.8000031,-0.872293472
199.9000092,-0.867441654
200,-0.868395329
200.1000061,-0.8731637
200.1999969,-0.874737263
200.3000031,-0.875786304
200.4000092,-0.875929356
200.5,-0.874892235
200.6000061,-0.872877598
200.6999969,-0.874975681
200.8000031,-0.870016575
200.9000092,-0.871017933
201,-0.868955612
201.1000061,-0.868013859
201.1999969,-0.866774082
201.3000031,-0.866201878
201.4000092,-0.866845608
201.5,-0.867012501
201.6000061,-0.86739397
201.6999969,-0.869730473
201.8000031,-0.869110584
201.9000092,-0.866440296
202,-0.863817692
202.1000061,-0.863245487
202.1999969,-0.865820408
202.3000031,-0.868299961
202.4000092,-0.861671925
202.5,-0.857904911
202.6000061,-0.857857227
202.6999969,-0.86109972
202.8000031,-0.862482548
202.9000092,-0.857952595
203,-0.86148119
203.1000061,-0.859716892
203.1999969,-0.858381748
203.3000031,-0.857094288
203.4000092,-0.855234623
203.5,-0.858298302
203.6000061,-0.859526157
203.6999969,-0.857419133
203.8000031,-0.855234623
203.9000092,-0.856617451
204,-0.850370884
204.1000061,-0.85571146
204.1999969,-0.851276875
204.3000031,-0.854328632
204.4000092,-0.856903553
204.5,-0.853422642
204.6000061,-0.852993488
204.6999969,-0.85480547
204.8000031,-0.849846363
204.9000092,-0.844696522
205,-0.849274158
205.1000061,-0.843075275
205.1999969,-0.84569788
205.3000031,-0.853518009
205.4000092,-0.841072559
205.5,-0.845888615
205.6000061,-0.845507145
205.6999969,-0.847652912
205.8000031,-0.848749638
205.9000092,-0.844172001
206,-0.848749638
206.1000061,-0.841787815
206.1999969,-0.842503071
206.3000031,-0.838688374
206.4000092,-0.839594364
206.5,-0.838402271
206.6000061,-0.839391708
206.6999969,-0.841501713
206.8000031,-0.838068485
206.9000092,-0.845364094
207,-0.840548038
207.1000061,-0.844410419
207.1999969,-0.842550755
207.3000031,-0.837210178
207.4000092,-0.832203388
207.5,-0.829771519
207.6000061,-0.837210178
207.6999969,-0.83864069
207.8000031,-0.836113453
207.9000092,-0.846222401
208,-0.839117527
208.1000061,-0.834301472
208.1999969,-0.830725193
208.3000031,-0.83082056
208.4000092,-0.83787775
208.5,-0.83864069
208.6000061,-0.832584858
208.6999969,-0.837019444
208.8000031,-0.833204746
208.9000092,-0.833693504
209,-0.832441807
209.1000061,-0.832108021
209.1999969,-0.829580784
209.3000031,-0.825623035
209.4000092,-0.831821918
209.5,-0.824669361
209.6000061,-0.833347797
209.6999969,-0.828913212
209.8000031,-0.835779667
209.9000092,-0.823668003
210,-0.826624393
210.1000061,-0.817183018
210.1999969,-0.824764729
210.3000031,-0.827816486
210.4000092,-0.828436375
210.5,-0.826242924
210.6000061,-0.81951952
210.6999969,-0.82991457
210.8000031,-0.819614887
210.9000092,-0.821379185
211,-0.830152988
211.1000061,-0.818518162
211.1999969,-0.826767445
211.3000031,-0.825527668
211.4000092,-0.821426868
211.5,-0.824001789
211.6000061,-0.81951952
211.6999969,-0.821426868
211.8000031,-0.820473194
211.9000092,-0.819662571
212,-0.818851948
212.1000061,-0.817898273
212.1999969,-0.81374979
212.3000031,-0.815835953
212.4000092,-0.815847874
212.5,-0.814223528
212.6000061,-0.813034534
212.6999969,-0.812175751
212.8000031,-0.812271118
212.9000092,-0.810745239
213,-0.816229343
213.1000061,-0.812128067
213.1999969,-0.814274311
213.3000031,-0.816706181
213.4000092,-0.814095378
213.5,-0.810840607
213.6000061,-0.814560413
213.6999969,-0.817755222
213.8000031,-0.810602188
213.9000092,-0.812223434
214,-0.807598114
214.1000061,-0.81036377
214.1999969,-0.806930542
214.3000031,-0.811889648
214.4000092,-0.813654423
214.5,-0.810792923
214.6000061,-0.804355621
214.6999969,-0.806930542
214.8000031,-0.808694839
214.9000092,-0.804403305
215,-0.803783417
215.1000061,-0.804808617
215.1999969,-0.805118561
215.3000031,-0.805929184
215.4000092,-0.805309296
215.5,-0.80497551
215.6000061,-0.80292511
215.6999969,-0.803163528
215.8000031,-0.802758217
215.9000092,-0.800111771
216,-0.804832458
216.1000061,-0.802305222
216.1999969,-0.799777985
216.3000031,-0.79214859
216.4000092,-0.80497551
216.5,-0.794961929
216.6000061,-0.793722153
216.6999969,-0.796440125
216.8000031,-0.796297073
216.9000092,-0.800779343
217,-0.789716721
217.1000061,-0.795248032
217.1999969,-0.801113129
217.3000031,-0.796535492
217.4000092,-0.793579102
217.5,-0.799491882
217.6000061,-0.7891922
217.6999969,-0.798442841
217.8000031,-0.794103622
217.9000092,-0.794771194
218,-0.786903381
218.1000061,-0.787427902
218.1999969,-0.788190842
218.3000031,-0.788286209
218.4000092,-0.790145874
218.5,-0.788000107
218.6000061,-0.789335251
218.6999969,-0.788619995
218.8000031,-0.788536549
218.9000092,-0.787097096
219,-0.78585434
219.1000061,-0.785377502
219.1999969,-0.790145874
219.3000031,-0.775888443
219.4000092,-0.788381577
219.5,-0.782945633
219.6000061,-0.781610489
219.6999969,-0.785997391
219.8000031,-0.792768478
219.9000092,-0.782945633
220,-0.787427902
220.1000061,-0.783374786
220.1999969,-0.783946991
220.3000031,-0.780609131
220.4000092,-0.777843475
220.5,-0.782897949
220.6000061,-0.770452499
220.6999969,-0.774362564
220.8000031,-0.776842117
220.9000092,-0.779285908
221,-0.782850266
221.1000061,-0.783088684
221.1999969,-0.776937485
221.3000031,-0.772598267
221.4000092,-0.777271271
221.5,-0.777700424
221.6000061,-0.775030136
221.6999969,-0.775888443
221.8000031,-0.77469635
221.9000092,-0.776079178
222,-0.77712822
222.1000061,-0.778892517
222.1999969,-0.773456573
222.3000031,-0.768783569
222.4000092,-0.774648666
222.5,-0.774791718
222.6000061,-0.774553299
222.6999969,-0.774124146
222.8000031,-0.774648666
222.9000092,-0.775030136
223,-0.776412964
223.1000061,-0.772979736
223.1999969,-0.779941559
223.3000031,-0.772169113
223.4000092,-0.76725769
223.5,-0.775602341
223.6000061,-0.77264595
223.6999969,-0.768449783
223.8000031,-0.76802063
223.9000092,-0.766149044
224,-0.76301384
224.1000061,-0.765111923
224.1999969,-0.761678696
224.3000031,-0.762775421
224.4000092,-0.769594193
224.5,-0.763967514
224.6000061,-0.759342194
224.6999969,-0.763395309
224.8000031,-0.766876221
224.9000092,-0.765207291
225,-0.763395309
225.1000061,-0.765350342
225.1999969,-0.761917114
225.3000031,-0.763299942
225.4000092,-0.760057449
225.5,-0.758150101
225.6000061,-0.757387161
225.6999969,-0.763252258
225.8000031,-0.768735886
225.9000092,-0.763729095
226,-0.75261879
226.1000061,-0.756767273
226.1999969,-0.760248184
226.3000031,-0.758090496
226.4000092,-0.75762558
226.5,-0.757720947
226.6000061,-0.761583328
226.6999969,-0.756719589
226.8000031,-0.763061523
226.9000092,-0.764539719
227,-0.763204575
227.1000061,-0.759914398
227.1999969,-0.752094269
227.3000031,-0.75390625
227.4000092,-0.756624222
227.5,-0.754955292
227.6000061,-0.747421265
227.6999969,-0.760772705
227.8000031,-0.74813652
227.9000092,-0.756958008
228,-0.758626938
228.1000061,-0.756814957
228.1999969,-0.750616074
228.3000031,-0.74928093
228.4000092,-0.750282288
228.5,-0.748363018
228.6000061,-0.746801376
228.6999969,-0.747087479
228.8000031,-0.745394707
228.9000092,-0.744464874
229,-0.743225098
229.1000061,-0.751712799
229.1999969,-0.74389267
229.3000031,-0.752046585
229.4000092,-0.739601135
229.5,-0.748851776
229.6000061,-0.753715515
229.6999969,-0.743797302
229.8000031,-0.746896744
229.9000092,-0.7414608
230,-0.733306885
230.1000061,-0.740316391
230.1999969,-0.738218307
230.3000031,-0.741544247
230.4000092,-0.74312973
230.5,-0.738441825
230.6000061,-0.734975815
230.6999969,-0.734117508
230.8000031,-0.739219666
230.9000092,-0.744512558
231,-0.739744186
231.1000061,-0.747373581
231.1999969,-0.738409042
231.3000031,-0.739362717
231.4000092,-0.739827633
231.5,-0.740507126
231.6000061,-0.741031647
231.6999969,-0.737503052
231.8000031,-0.733211517
231.9000092,-0.737264633
232,-0.741889954
232.1000061,-0.733974457
232.1999969,-0.736644745
232.3000031,-0.732019424
232.4000092,-0.733449936
232.5,-0.729730606
232.6000061,-0.737216949
232.6999969,-0.735404968
232.8000031,-0.737455368
232.9000092,-0.73683548
233,-0.735214233
233.1000061,-0.740602493
233.1999969,-0.734689713
233.3000031,-0.739887238
233.4000092,-0.727203369
233.5,-0.723484039
233.6000061,-0.730445862
233.6999969,-0.733020782
233.8000031,-0.735071182
233.9000092,-0.73607254
234,-0.730493546
234.1000061,-0.731590271
234.1999969,-0.726917267
234.3000031,-0.726202011
234.4000092,-0.720575333
234.5,-0.730970383
234.6000061,-0.720527649
234.6999969,-0.734212875
234.8000031,-0.721004486
234.9000092,-0.726488113
235,-0.722196579
235.1000061,-0.722434998
235.1999969,-0.727632523
235.3000031,-0.729873657
235.4000092,-0.730493546
235.5,-0.721481323
235.6000061,-0.728347778
235.6999969,-0.717142105
235.8000031,-0.723913193
235.9000092,-0.719097137
236,-0.723960876
236.1000061,-0.723484039
236.1999969,-0.7206707
236.3000031,-0.727012634
236.4000092,-0.721672058
236.5,-0.723340988
236.6000061,-0.717475891
236.6999969,-0.719621658
236.8000031,-0.717285156
236.9000092,-0.722816467
237,-0.719097137
237.1000061,-0.717666626
237.1999969,-0.713184357
237.3000031,-0.719430923
237.4000092,-0.716236115
237.5,-0.713279724
237.6000061,-0.720909119
237.6999969,-0.714710236
237.8000031,-0.707653046
237.9000092,-0.715330124
238,-0.712516785
238.1000061,-0.718048096
238.1999969,-0.708940506
238.3000031,-0.712039948
238.4000092,-0.713375092
238.5,-0.713279724
238.6000061,-0.708034515
238.6999969,-0.716426849
238.8000031,-0.703313828
238.9000092,-0.715759277
239,-0.712898254
239.1000061,-0.717523575
239.1999969,-0.712135315
239.3000031,-0.702980042
239.4000092,-0.710037231
239.5,-0.715806961
239.6000061,-0.708749771
239.6999969,-0.701740265
239.8000031,-0.708082199
239.9000092,-0.71156311
240,-0.709226608
240.1000061,-0.70860672
240.1999969,-0.709083557
240.3000031,-0.706747055
240.4000092,-0.708559036
240.5,-0.703886032
240.6000061,-0.706031799
240.6999969,-0.701358795
240.8000031,-0.700881958
240.9000092,-0.704553604
241,-0.70283699
241.1000061,-0.699022293
241.1999969,-0.703075409
241.3000031,-0.698640823
241.4000092,-0.699594498
241.5,-0.698283195
241.6000061,-0.697591782
241.6999969,-0.697305679
241.8000031,-0.699022293
241.9000092,-0.706460953
242,-0.704601288
242.1000061,-0.700738907
242.1999969,-0.704792023
242.3000031,-0.694396973
242.4000092,-0.695350647
242.5,-0.694587708
242.6000061,-0.695076466
242.6999969,-0.695827484
242.8000031,-0.694540024
242.9000092,-0.699785233
243,-0.703075409
243.1000061,-0.691488266
243.1999969,-0.697925568
243.3000031,-0.701692581
243.4000092,-0.692394257
243.5,-0.69153595
243.6000061,-0.69449234
243.6999969,-0.691249847
243.8000031,-0.694587708
243.9000092,-0.694051266
244,-0.695636749
244.1000061,-0.694730759
244.1999969,-0.691822052
244.3000031,-0.686099529
244.4000092,-0.692918777
244.5,-0.685479641
244.6000061,-0.693967819
244.6999969,-0.682857037
244.8000031,-0.687339306
244.9000092,-0.68948555
245,-0.688627243
245.1000061,-0.688579559
245.1999969,-0.686480999
245.3000031,-0.686910152
245.4000092,-0.686993718
245.5,-0.686957836
245.6000061,-0.687625885
245.6999969,-0.690963745
245.8000031,-0.681712627
245.9000092,-0.685050488
246,-0.684335232
246.1000061,-0.687184572
246.1999969,-0.688531876
246.3000031,-0.687157691
246.4000092,-0.686099529
246.5,-0.686814785
246.6000061,-0.683465004
246.6999969,-0.67918539
246.8000031,-0.681760311
246.9000092,-0.679757595
247,-0.683429241
247.1000061,-0.680425167
247.1999969,-0.684430599
247.3000031,-0.679376125
247.4000092,-0.6782794
247.5,-0.682475567
247.6000061,-0.678613186
247.6999969,-0.675752163
247.8000031,-0.682713985
247.9000092,-0.681426525
248,-0.683178902
248.1000061,-0.683953762
248.1999969,-0.679897666
248.3000031,-0.675513744
248.4000092,-0.676944256
248.5,-0.674369335
248.6000061,-0.678327084
248.6999969,-0.677266121
248.8000031,-0.677993298
248.9000092,-0.678374767
249,-0.678970814
249.1000061,-0.677421093
249.1999969,-0.682094097
249.3000031,-0.671269894
249.4000092,-0.679423809
249.5,-0.673797131
249.6000061,-0.678517818
249.6999969,-0.673606396
249.8000031,-0.674703121
249.9000092,-0.674655437
250,-0.667073727
250.1000061,-0.671937466
250.1999969,-0.680425167
250.3000031,-0.668551922
250.4000092,-0.675656796
250.5,-0.669648647
250.6000061,-0.681140423
250.6999969,-0.666739941
250.8000031,-0.662782192
250.9000092,-0.664784908
251,-0.665786266
251.1000061,-0.666203499
251.1999969,-0.667166114
251.3000031,-0.668361187
251.4000092,-0.668313503
251.5,-0.67045927
251.6000061,-0.66955328
251.6999969,-0.66712141
251.8000031,-0.666072369
251.9000092,-0.666811466
252,-0.666835308
252.1000061,-0.667216778
252.1999969,-0.667264462
252.3000031,-0.666406155
252.4000092,-0.670077801
252.5,-0.666167736
252.6000061,-0.669314861
252.6999969,-0.660541058
252.8000031,-0.661256313
252.9000092,-0.666310787
253,-0.667788982
253.1000061,-0.656535625
253.1999969,-0.660970211
253.3000031,-0.665881634
253.4000092,-0.664117336
253.5,-0.668885708
253.6000061,-0.66082716
253.6999969,-0.657250881
253.8000031,-0.665357113
253.9000092,-0.657012463
254,-0.660493374
254.1000061,-0.664403439
254.1999969,-0.66249609
254.3000031,-0.663974285
254.4000092,-0.660302639
254.5,-0.657536983
254.6000061,-0.657203197
254.6999969,-0.652434826
254.8000031,-0.663640499
254.9000092,-0.6554389
255,-0.657012463
255.1000061,-0.665595531
255.1999969,-0.659444332
255.3000031,-0.649859905
255.4000092,-0.659062862
255.5,-0.657966137
255.6000061,-0.653722286
255.6999969,-0.660254955
255.8000031,-0.657632351
255.9000092,-0.655343533
256,-0.651862621
256.1000061,-0.651624203
256.2000122,-0.650682449
256.3000183,-0.650002956
256.3999939,-0.652700067
256.5,-0.654723644
256.6000061,-0.655391216
256.7000122,-0.647046566
256.8000183,-0.648190975
256.8999939,-0.652530193
257,-0.658442974
257.1000061,-0.658490658
257.2000122,-0.65171957
257.3000183,-0.6533885
257.3999939,-0.647666454
257.5,-0.648667812
257.6000061,-0.650193691
257.7000122,-0.647046566
257.8000183,-0.654294491
257.8999939,-0.650956631
258,-0.642898083
258.1000061,-0.646569729
258.2000122,-0.653293133
258.3000183,-0.644996166
258.3999939,-0.647714138
258.5,-0.644185543
258.6000061,-0.641610622
258.7000122,-0.640704632
258.8000183,-0.641825199
258.8999939,-0.640227795
259,-0.644757748
259.1000061,-0.647046566
259.2000122,-0.648429394
259.3000183,-0.638415813
259.3999939,-0.649430752
259.5,-0.635793209
259.6000061,-0.644519329
259.7000122,-0.643994808
259.8000183,-0.64504385
259.8999939,-0.644042492
260,-0.64337492
260.1000061,-0.642039776
260.2000122,-0.636794567
260.3000183,-0.632693768
260.3999939,-0.641086102
260.5,-0.643327236
260.6000061,-0.640323162
260.7000122,-0.639321804
260.8000183,-0.640978813
260.8999939,-0.64208746
261,-0.642182827
261.1000061,-0.634601116
261.2000122,-0.640084743
261.3000183,-0.635745525
261.3999939,-0.640704632
261.5,-0.642230511
261.6000061,-0.639560223
261.7000122,-0.638844967
261.8000183,-0.632693768
261.8999939,-0.633742809
262,-0.640513897
262.1000061,-0.63760519
262.2000122,-0.63131094
262.3000183,-0.634553432
262.3999939,-0.640466213
262.5,-0.640561581
262.6000061,-0.635650158
262.7000122,-0.632121563
262.8000183,-0.641849041
262.8999939,-0.634028912
263,-0.635888577
263.1000061,-0.632824898
263.2000122,-0.630118847
263.3000183,-0.631263256
263.3999939,-0.634112358
263.5,-0.636937618
263.6000061,-0.638129711
263.7000122,-0.633599758
263.8000183,-0.630881786
263.8999939,-0.628449917
264,-0.628807545
264.1000061,-0.627830029
264.2000122,-0.628068447
264.3000183,-0.630166531
264.3999939,-0.629820824
264.5,-0.63131094
264.6000061,-0.629737377
264.7000122,-0.626256466
264.8000183,-0.634076595
264.8999939,-0.624206066
265,-0.632073879
265.1000061,-0.627925396
265.2000122,-0.629355907
265.3000183,-0.624969006
265.3999939,-0.62630415
265.5,-0.631263256
265.6000061,-0.625302792
265.7000122,-0.629451275
265.8000183,-0.622107983
265.8999939,-0.62630415
266,-0.627257824
266.1000061,-0.622298717
266.2000122,-0.619151592
266.3000183,-0.622823238
266.3999939,-0.623788834
266.5,-0.626590252
266.6000061,-0.626590252
266.7000122,-0.627353191
266.8000183,-0.623681545
266.8999939,-0.627686977
267,-0.619580746
267.1000061,-0.618579388
267.2000122,-0.623157024
267.3000183,-0.621631145
267.3999939,-0.620546341
267.5,-0.619151592
267.6000061,-0.618245602
267.7000122,-0.619795322
267.8000183,-0.618960857
267.8999939,-0.622823238
268,-0.612428188
268.1000061,-0.621535778
268.2000122,-0.616910458
268.3000183,-0.617959499
268.3999939,-0.619294643
268.5,-0.622346401
268.6000061,-0.624778271
268.7000122,-0.62015295
268.8000183,-0.620725155
268.8999939,-0.610997677
269,-0.61052084
269.1000061,-0.615241528
269.2000122,-0.614717007
269.3000183,-0.61681509
269.3999939,-0.617959499
269.5,-0.616910458
269.6000061,-0.615992546
269.7000122,-0.612523556
269.8000183,-0.616576672
269.8999939,-0.611712933
270,-0.615336895
270.1000061,-0.612380505
270.2000122,-0.615575314
270.3000183,-0.610187054
270.3999939,-0.615670681
270.5,-0.617148876
270.6000061,-0.613000393
270.7000122,-0.610997677
270.8000183,-0.616719723
270.8999939,-0.6159091
271,-0.611045361
271.1000061,-0.605895519
271.2000122,-0.612237453
271.3000183,-0.618913174
271.3999939,-0.619342327
271.5,-0.616874695
271.6000061,-0.615813732
271.7000122,-0.613429546
271.8000183,-0.611867905
271.8999939,-0.608661175
272,-0.609567165
272.1000061,-0.610616207
272.2000122,-0.609900951
272.3000183,-0.610473156
272.3999939,-0.608947277
272.5,-0.601508617
272.6000061,-0.605227947
272.7000122,-0.601365566
272.8000183,-0.605370998
272.8999939,-0.605227947
273,-0.612380505
273.1000061,-0.614049435
273.2000122,-0.606086254
273.3000183,-0.614812374
273.3999939,-0.601985455
273.5,-0.607564449
273.6000061,-0.609948635
273.7000122,-0.607421398
273.8000183,-0.607659817
273.8999939,-0.605955124
274,-0.603559017
274.1000061,-0.605180264
274.2000122,-0.605275631
274.3000183,-0.600554943
274.3999939,-0.604178905
274.5,-0.597550869
274.6000061,-0.610330105
274.7000122,-0.599553585
274.8000183,-0.596072674
274.8999939,-0.602986813
275,-0.596597195
275.1000061,-0.601270199
275.2000122,-0.59731245
275.3000183,-0.597932339
275.3999939,-0.598742962
275.5,-0.60012579
275.6000061,-0.599029064
275.7000122,-0.603606701
275.8000183,-0.600888729
275.8999939,-0.595738888
276,-0.593450069
276.1000061,-0.598874092
276.2000122,-0.602748394
276.3000183,-0.603559017
276.3999939,-0.598170757
276.5,-0.593450069
276.6000061,-0.599029064
276.7000122,-0.590016842
276.8000183,-0.600745678
276.8999939,-0.595786572
277,-0.594308376
277.1000061,-0.596454144
277.2000122,-0.59435606
277.3000183,-0.590779781
277.3999939,-0.59397459
277.5,-0.596120358
277.6000061,-0.595023632
277.7000122,-0.595405102
277.8000183,-0.594594479
277.8999939,-0.590016842
278,-0.583531857
278.1000061,-0.596168041
278.2000122,-0.589396954
278.3000183,-0.601222515
278.3999939,-0.592019558
278.5,-0.59731245
278.6000061,-0.596692562
278.7000122,-0.594022274
278.8000183,-0.589873791
278.8999939,-0.59025526
279,-0.595834255
279.1000061,-0.583627224
279.2000122,-0.594689846
279.3000183,-0.592019558
279.3999939,-0.58973074
279.5,-0.59435606
279.6000061,-0.590970516
279.7000122,-0.587203503
279.8000183,-0.588443279
279.8999939,-0.590541363
280,-0.588490963
280.1000061,-0.580670834
280.2000122,-0.589492321
280.3000183,-0.58357954
280.3999939,-0.587251186
280.5,-0.583913326
280.6000061,-0.584104061
280.7000122,-0.591113567
280.8000183,-0.586297512
280.8999939,-0.592639446
281,-0.587275028
281.1000061,-0.583722591
281.2000122,-0.586440563
281.3000183,-0.58229208
281.3999939,-0.584580898
281.5,-0.581147671
281.6000061,-0.584533215
281.7000122,-0.583341122
281.8000183,-0.58524847
281.8999939,-0.587060452
282,-0.575950146
282.1000061,-0.58434248
282.2000122,-0.57394743
282.3000183,-0.582911968
282.3999939,-0.589587688
282.5,-0.576808453
282.6000061,-0.577428341
282.7000122,-0.580289364
282.8000183,-0.579431057
282.8999939,-0.580635071
283,-0.581195354
283.1000061,-0.581624508
283.2000122,-0.576760769
283.3000183,-0.581958294
283.3999939,-0.575854778
283.5,-0.577666759
283.6000061,-0.577523708
283.7000122,-0.579049587
283.8000183,-0.580289364
283.8999939,-0.580718517
284,-0.579681396
284.1000061,-0.577619076
284.2000122,-0.580098629
284.3000183,-0.577189922
284.3999939,-0.570943356
284.5,-0.58062315
284.6000061,-0.570561886
284.7000122,-0.567939281
284.8000183,-0.581147671
284.8999939,-0.578763485
285,-0.571324825
285.1000061,-0.573518276
285.2000122,-0.577094555
285.3000183,-0.574758053
285.3999939,-0.573852062
285.5,-0.57652235
285.6000061,-0.578334332
285.7000122,-0.56159687
285.8000183,-0.570466518
285.8999939,-0.578477383
286,-0.578668118
286.1000061,-0.570847988
286.2000122,-0.584723949
286.3000183,-0.570991039
286.3999939,-0.571658611
286.5,-0.569608212
286.6000061,-0.570883751
286.7000122,-0.570991039
286.8000183,-0.569939017
286.8999939,-0.568892956
287,-0.568988323
287.1000061,-0.574519634
287.2000122,-0.573613644
287.3000183,-0.575425625
287.3999939,-0.578715801
287.5,-0.566842556
287.6000061,-0.572326183
287.7000122,-0.56235981
287.8000183,-0.566079617
287.8999939,-0.57151556
288,-0.572469234
288.1000061,-0.5702281
288.2000122,-0.568463802
288.3000183,-0.564315319
288.3999939,-0.569036007
288.5,-0.567009449
288.6000061,-0.566842556
288.7000122,-0.567843914
288.8000183,-0.564338923
288.8999939,-0.560214043
289,-0.562455177
289.1000061,-0.561358452
289.2000122,-0.5702281
289.3000183,-0.572469234
289.3999939,-0.567176342
289.5,-0.568702221
289.6000061,-0.56946516
289.7000122,-0.566079617
289.8000183,-0.569131374
289.8999939,-0.567235947
290,-0.565984249
290.1000061,-0.567748547
290.2000122,-0.562264442
290.3000183,-0.566222668
290.3999939,-0.563600063
290.5,-0.565936565
290.6000061,-0.564124584
290.7000122,-0.559546471
290.8000183,-0.56107235
290.8999939,-0.564315319
291,-0.56355238
291.1000061,-0.558688164
291.2000122,-0.563361645
291.3000183,-0.55492115
291.3999939,-0.561310768
291.5,-0.564887524
291.6000061,-0.560786366
291.7000122,-0.557448387
291.8000183,-0.559498787
291.8999939,-0.559641838
292,-0.558211327
292.1000061,-0.560881615
292.2000122,-0.557448387
292.3000183,-0.557829857
292.3999939,-0.560500145
292.5,-0.557496071
292.6000061,-0.54953289
292.7000122,-0.553919792
292.8000183,-0.55992794
292.8999939,-0.555064201
293,-0.560452461
293.1000061,-0.559355736
293.2000122,-0.558306694
293.3000183,-0.553776741
293.3999939,-0.555731773
293.5,-0.558020592
293.6000061,-0.562216759
293.7000122,-0.560357094
293.8000183,-0.549342155
293.8999939,-0.5640769
294,-0.553729057
294.1000061,-0.554873466
294.2000122,-0.551774025
294.3000183,-0.547196388
294.3999939,-0.558926582
294.5,-0.553681374
294.6000061,-0.55325222
294.7000122,-0.552155495
294.8000183,-0.55325222
294.8999939,-0.554587364
295,-0.552489281
295.1000061,-0.55196476
295.2000122,-0.558545113
295.3000183,-0.547339439
295.3999939,-0.553204536
295.5,-0.547434807
295.6000061,-0.549008369
295.7000122,-0.552298546
295.8000183,-0.548007011
295.8999939,-0.549962044
296,-0.547577858
296.1000061,-0.552060127
296.2000122,-0.550009727
296.3000183,-0.545908928
296.3999939,-0.557686806
296.5,-0.545432091
296.6000061,-0.549485207
296.7000122,-0.552155495
296.8000183,-0.547720909
296.8999939,-0.543810844
297,-0.543143272
297.1000061,-0.543381691
297.2000122,-0.547482491
297.3000183,-0.548865318
297.3999939,-0.549771309
297.5,-0.547911644
297.6000061,-0.54528904
297.7000122,-0.547196388
297.8000183,-0.546242714
297.8999939,-0.544335365
298,-0.542809486
298.1000061,-0.541092873
298.2000122,-0.545765877
298.3000183,-0.543858528
298.3999939,-0.53951931
298.5,-0.539042473
298.6000061,-0.54041338
298.7000122,-0.541331291
298.8000183,-0.541760445
298.8999939,-0.542094231
299,-0.54092598
299.1000061,-0.541045189
299.2000122,-0.544675112
299.3000183,-0.549294472
299.3999939,-0.547434807
299.5,-0.534178734
299.6000061,-0.539805412
299.7000122,-0.54786396
299.8000183,-0.5424757
299.8999939,-0.531985283
300,-0.539853096
300.1000061,-0.542523384
300.2000122,-0.540329933
300.3000183,-0.545575142
300.3999939,-0.546290398
300.5,-0.543381691
300.6000061,-0.539042473
300.7000122,-0.53913784
300.8000183,-0.538005352
300.8999939,-0.538899422
301,-0.540857434
301.1000061,-0.54323864
301.2000122,-0.543286324
301.3000183,-0.53785038
301.3999939,-0.544430733
301.5,-0.538851738
301.6000061,-0.538184166
301.7000122,-0.537135124
301.8000183,-0.536753654
301.8999939,-0.540520668
302,-0.53413105
302.1000061,-0.53913784
302.2000122,-0.535501957
302.3000183,-0.53413105
302.3999939,-0.534607887
302.5,-0.535132408
302.6000061,-0.540759087
302.7000122,-0.530268669
302.8000183,-0.536133766
302.8999939,-0.534655571
303,-0.53489399
303.1000061,-0.535752296
303.2000122,-0.538994789
303.3000183,-0.531794548
303.3999939,-0.534703255
303.5,-0.537135124
303.6000061,-0.531222343
303.7000122,-0.53246212
303.8000183,-0.532700539
303.8999939,-0.531913757
304,-0.531794548
304.1000061,-0.533862829
304.2000122,-0.53541851
304.3000183,-0.529438674
304.3999939,-0.522734642
304.5,-0.525738716
304.6000061,-0.527932167
304.7000122,-0.529076576
304.8000183,-0.528075218
304.8999939,-0.528409004
305,-0.527407646
305.1000061,-0.527884483
305.2000122,-0.525261879
305.3000183,-0.53041172
305.3999939,-0.52707386
305.5,-0.529267311
305.6000061,-0.530554771
305.7000122,-0.52950573
305.8000183,-0.536896706
305.8999939,-0.528456688
306,-0.533463478
306.1000061,-0.539280891
306.2000122,-0.532700539
306.3000183,-0.526072502
306.3999939,-0.531222343
306.5,-0.523116112
306.6000061,-0.530602455
306.7000122,-0.523831367
306.8000183,-0.526024818
306.8999939,-0.520874977
307,-0.525214195
307.1000061,-0.526215553
307.2000122,-0.522400856
307.3000183,-0.52335453
307.3999939,-0.519062996
307.5,-0.520684242
307.6000061,-0.52001667
307.7000122,-0.520302773
307.8000183,-0.519396782
307.8999939,-0.523116112
308,-0.525738716
308.1000061,-0.526930809
308.2000122,-0.525261879
308.3000183,-0.524832726
308.3999939,-0.521208763
308.5,-0.523306847
308.6000061,-0.518919945
308.7000122,-0.524689674
308.8000183,-0.526787758
308.8999939,-0.523736
309,-0.52502346
309.1000061,-0.525452614
309.2000122,-0.523831367
309.3000183,-0.522305489
309.3999939,-0.522543907
309.5,-0.52091074
309.6000061,-0.519301414
309.7000122,-0.519492149
309.8000183,-0.517334461
309.8999939,-0.51539135
310,-0.515152931
310.1000061,-0.522210121
310.2000122,-0.523974419
310.3000183,-0.520815372
310.3999939,-0.518681526
310.5,-0.518395424
310.6000061,-0.518490791
310.7000122,-0.517251015
310.8000183,-0.517727852
310.8999939,-0.514389992
311,-0.519587517
311.1000061,-0.514342308
311.2000122,-0.513579369
311.3000183,-0.513245583
311.3999939,-0.516345024
311.5,-0.513007164
311.6000061,-0.51744175
311.7000122,-0.514962196
311.8000183,-0.5216856
311.8999939,-0.514962196
312,-0.510956764
312.1000061,-0.521876335
312.2000122,-0.518204689
312.3000183,-0.515057564
312.3999939,-0.52616787
312.5,-0.511385918
312.6000061,-0.516058922
312.7000122,-0.51295948
312.8000183,-0.517632484
312.8999939,-0.522591591
313,-0.512864113
313.1000061,-0.505139351
313.2000122,-0.511099815
313.3000183,-0.510098457
313.3999939,-0.513913155
313.5,-0.513770103
313.6000061,-0.511433601
313.7000122,-0.510718346
313.8000183,-0.509836197
313.8999939,-0.508667946
314,-0.508524895
314.1000061,-0.512291908
314.2000122,-0.509716988
314.3000183,-0.512625694
314.3999939,-0.51038456
314.5,-0.505187035
314.6000061,-0.506426811
314.7000122,-0.512721062
314.8000183,-0.509335518
314.8999939,-0.504281044
315,-0.507714272
315.1000061,-0.511719704
315.2000122,-0.5070467
315.3000183,-0.512434959
315.3999939,-0.503947258
315.5,-0.499417305
315.6000061,-0.507714272
315.7000122,-0.507475853
315.8000183,-0.503649235
315.8999939,-0.501896858
316,-0.497509956
316.1000061,-0.505568504
316.2000122,-0.502039909
316.3000183,-0.503565788
316.3999939,-0.503613472
316.5,-0.503041267
316.6000061,-0.500657082
316.7000122,-0.503899574
316.8000183,-0.498654366
316.8999939,-0.504281044
317,-0.509716988
317.1000061,-0.506426811
317.2000122,-0.506629467
317.3000183,-0.504567146
317.3999939,-0.505806923
317.5,-0.503232002
317.6000061,-0.506188393
317.7000122,-0.503041267
317.8000183,-0.499751091
317.8999939,-0.504757881
318,-0.503708839
318.1000061,-0.503279686
318.2000122,-0.503136635
318.3000183,-0.501610756
318.3999939,-0.502099514
318.5,-0.499751091
318.6000061,-0.503899574
318.7000122,-0.505997658
318.8000183,-0.498368263
318.8999939,-0.504567146
319,-0.495078087
319.1000061,-0.5008955
319.2000122,-0.502421379
319.3000183,-0.503565788
319.3999939,-0.501193523
319.5,-0.499798775
319.6000061,-0.498988152
319.7000122,-0.500704765
319.8000183,-0.502039909
319.8999939,-0.500132561
320,-0.5029459
320.1000061,-0.500752449
320.2000122,-0.496508598
320.3000183,-0.494887352
320.3999939,-0.491024971
320.5,-0.493361473
320.6000061,-0.495030403
320.7000122,-0.494362831
320.8000183,-0.503947258
320.8999939,-0.499751091
321,-0.492646217
321.1000061,-0.493361473
321.2000122,-0.494851589
321.3000183,-0.497033119
321.3999939,-0.496365547
321.5,-0.503232002
321.6000061,-0.507523537
321.7000122,-0.497414589
321.8000183,-0.499560356
321.8999939,-0.49793911
322,-0.497271538
322.1000061,-0.489356041
322.2000122,-0.496508598
322.3000183,-0.491835594
322.3999939,-0.495936394
322.5,-0.499369621
322.6000061,-0.500323296
322.7000122,-0.497581482
322.8000183,-0.495936394
322.8999939,-0.494696617
323,-0.492312431
323.1000061,-0.49011898
323.2000122,-0.493981361
323.3000183,-0.491692543
323.3999939,-0.494124413
323.5,-0.493552208
323.6000061,-0.488783836
323.7000122,-0.498082161
323.8000183,-0.49178791
323.8999939,-0.493123055
324,-0.488688469
324.1000061,-0.490309715
324.2000122,-0.489499092
324.3000183,-0.482632637
324.3999939,-0.484826088
324.5,-0.498702049
324.6000061,-0.484969139
324.7000122,-0.491311073
324.8000183,-0.488163948
324.8999939,-0.495841026
325,-0.492980003
325.1000061,-0.49421978
325.2000122,-0.487639427
325.3000183,-0.489165306
325.3999939,-0.497462273
325.5,-0.492264748
325.6000061,-0.480916023
325.7000122,-0.491835594
325.8000183,-0.487591743
325.8999939,-0.492407799
326,-0.483204842
326.1000061,-0.503613472
326.2000122,-0.488926888
326.3000183,-0.492312431
326.3999939,-0.483204842
326.5,-0.486971855
326.6000061,-0.491358757
326.7000122,-0.493742943
326.8000183,-0.487877846
326.8999939,-0.485159874
327,-0.485970497
327.1000061,-0.492026329
327.2000122,-0.491454124
327.3000183,-0.486304283
327.3999939,-0.483586311
327.5,-0.47676754
327.6000061,-0.485255241
327.7000122,-0.489451408
327.8000183,-0.490023613
327.8999939,-0.484158516
328,-0.480916023
328.1000061,-0.478198051
328.2000122,-0.487353325
328.3000183,-0.484015465
328.3999939,-0.490262032
328.5,-0.485302925
328.6000061,-0.484110832
328.7000122,-0.490166664
328.8000183,-0.478770256
328.8999939,-0.484635353
329,-0.488402367
329.1000061,-0.478674889
329.2000122,-0.481297493
329.3000183,-0.488640785
329.3999939,-0.476672173
329.5,-0.482394218
329.6000061,-0.477530479
329.7000122,-0.478150368
329.8000183,-0.478007317
329.8999939,-0.487019539
330,-0.476481438
330.1000061,-0.484110832
330.2000122,-0.484301567
330.3000183,-0.486065865
330.3999939,-0.477005959
330.5,-0.48382473
330.6000061,-0.480629921
330.7000122,-0.482918739
330.8000183,-0.474097252
330.8999939,-0.481059074
331,-0.476719856
331.1000061,-0.484015465
331.2000122,-0.476624489
331.3000183,-0.46932888
331.3999939,-0.474192619
331.5,-0.475766182
331.6000061,-0.477768898
331.7000122,-0.480439186
331.8000183,-0.479342461
331.8999939,-0.475432396
332,-0.477387428
332.1000061,-0.480057716
332.2000122,-0.481488228
332.3000183,-0.473143578
332.3999939,-0.475813866
332.5,-0.481583595
332.6000061,-0.48048687
332.7000122,-0.47714901
332.8000183,-0.472619057
332.8999939,-0.479962349
333,-0.470520973
333.1000061,-0.472046852
333.2000122,-0.472952843
333.3000183,-0.470377922
333.3999939,-0.477292061
333.5,-0.473954201
333.6000061,-0.47342968
333.7000122,-0.474824429
333.8000183,-0.475241661
333.8999939,-0.476672173
334,-0.476243019
334.1000061,-0.476040363
334.2000122,-0.475766182
334.3000183,-0.47548008
334.3999939,-0.473000526
334.5,-0.475527763
334.6000061,-0.474895954
334.7000122,-0.475003242
334.8000183,-0.472473025
334.8999939,-0.471093178
335,-0.468899727
335.1000061,-0.463892937
335.2000122,-0.477005959
335.3000183,-0.471903801
335.3999939,-0.474192619
335.5,-0.470139503
335.6000061,-0.475432396
335.7000122,-0.470282555
335.8000183,-0.470473289
335.8999939,-0.471879959
336,-0.473286629
336.1000061,-0.473477364
336.2000122,-0.47381115
336.3000183,-0.472642899
336.3999939,-0.471331596
336.5,-0.471951485
336.6000061,-0.465657234
336.7000122,-0.466038704
336.8000183,-0.467028141
336.8999939,-0.467135429
337,-0.469281197
337.1000061,-0.471617699
337.2000122,-0.46765995
337.3000183,-0.471570015
337.3999939,-0.469758034
337.5,-0.466134071
337.6000061,-0.468899727
337.7000122,-0.466610909
337.8000183,-0.46842289
337.8999939,-0.46932888
338,-0.467135429
338.1000061,-0.46997261
338.2000122,-0.472046852
338.3000183,-0.47137928
338.3999939,-0.473906517
338.5,-0.470568657
338.6000061,-0.464274406
338.7000122,-0.460745811
338.8000183,-0.462808132
338.8999939,-0.463129997
339,-0.463082314
339.1000061,-0.471999168
339.2000122,-0.462462425
339.3000183,-0.469519615
339.3999939,-0.466515541
339.5,-0.466229439
339.6000061,-0.466086388
339.7000122,-0.465526104
339.8000183,-0.466292024
339.8999939,-0.466324806
340,-0.467230797
340.1000061,-0.467040062
340.2000122,-0.460650444
340.3000183,-0.471951485
340.3999939,-0.459029198
340.5,-0.464655876
340.6000061,-0.45969677
340.7000122,-0.47009182
340.8000183,-0.457121849
340.8999939,-0.463177681
341,-0.45802784
341.1000061,-0.462128639
341.2000122,-0.467755318
341.3000183,-0.462843895
341.3999939,-0.463463783
341.5,-0.461794853
341.6000061,-0.46560955
341.7000122,-0.455786705
341.8000183,-0.469901085
341.8999939,-0.459553719
342,-0.458981514
342.1000061,-0.459362984
342.2000122,-0.460221291
342.3000183,-0.458695412
342.3999939,-0.457551003
342.5,-0.459076881
342.6000061,-0.462510109
342.7000122,-0.459744453
342.8000183,-0.465037346
342.8999939,-0.460268974
343,-0.461318016
343.1000061,-0.457741737
343.2000122,-0.45392704
343.3000183,-0.458600044
343.3999939,-0.451495171
343.5,-0.460507393
343.6000061,-0.459410667
343.7000122,-0.466801643
343.8000183,-0.458456993
343.8999939,-0.467516899
344,-0.459982872
344.1000061,-0.453974724
344.2000122,-0.459172249
344.3000183,-0.463988304
344.3999939,-0.458600044
344.5,-0.45893383
344.6000061,-0.45764637
344.7000122,-0.458743095
344.8000183,-0.461413383
344.8999939,-0.458170891
345,-0.456549644
345.1000061,-0.453021049
345.2000122,-0.460078239
345.3000183,-0.45468998
345.3999939,-0.455548286
345.5,-0.460698128
345.6000061,-0.453497887
345.7000122,-0.45969677
345.8000183,-0.453116417
345.8999939,-0.453688622
346,-0.452401161
346.1000061,-0.456597328
346.2000122,-0.458313942
346.3000183,-0.450493813
346.3999939,-0.459982872
346.5,-0.454022408
346.6000061,-0.454165459
346.7000122,-0.453164101
346.8000183,-0.451542854
346.8999939,-0.452925682
347,-0.450446129
347.1000061,-0.460364342
347.2000122,-0.447775841
347.3000183,-0.454785347
347.3999939,-0.440814018
347.5,-0.453116417
347.6000061,-0.444342613
347.7000122,-0.456597328
347.8000183,-0.451399803
347.8999939,-0.452734947
348,-0.44558239
348.1000061,-0.448586464
348.2000122,-0.451256752
348.3000183,-0.441576958
348.3999939,-0.451972008
348.5,-0.444008827
348.6000061,-0.450541496
348.7000122,-0.451733589
348.8000183,-0.451924324
348.8999939,-0.451161385
349,-0.453164101
349.1000061,-0.451638222
349.2000122,-0.451972008
349.3000183,-0.450255394
349.3999939,-0.449885845
349.5,-0.448252678
349.6000061,-0.449063301
349.7000122,-0.451638222
349.8000183,-0.450541496
349.8999939,-0.446917534
350,-0.446679115
350.1000061,-0.446249962
350.2000122,-0.44892025
350.3000183,-0.449587822
350.3999939,-0.453164101
350.5,-0.444437981
350.6000061,-0.449063301
350.7000122,-0.443102837
350.8000183,-0.443055153
350.8999939,-0.444890976
351,-0.447728157
351.1000061,-0.445677757
351.2000122,-0.443055153
351.3000183,-0.44353199
351.3999939,-0.439764977
351.5,-0.437809944
351.6000061,-0.443722725
351.7000122,-0.441624641
351.8000183,-0.448395729
351.8999939,-0.447918892
352,-0.447299004
352.1000061,-0.444151878
352.2000122,-0.443853855
352.3000183,-0.441338539
352.3999939,-0.442625999
352.5,-0.44148159
352.6000061,-0.442339897
352.7000122,-0.442292213
352.8000183,-0.447918892
352.8999939,-0.443055153
353,-0.437475681
353.1000061,-0.449158669
353.2000122,-0.445725441
353.3000183,-0.445534706
353.3999939,-0.445057869
353.5,-0.443722725
353.6000061,-0.448109627
353.7000122,-0.445534706
353.8000183,-0.441910744
353.8999939,-0.44186306
354,-0.440945148
354.1000061,-0.440480232
354.2000122,-0.439526558
354.3000183,-0.442959785
354.3999939,-0.434423923
354.5,-0.443341255
354.6000061,-0.441338539
354.7000122,-0.444151878
354.8000183,-0.440051079
354.8999939,-0.440146446
355,-0.440098763
355.1000061,-0.441147804
355.2000122,-0.438858986
355.3000183,-0.437427998
355.3999939,-0.444485664
355.5,-0.442625999
355.6000061,-0.44121933
355.7000122,-0.438954353
355.8000183,-0.438811302
355.8999939,-0.44186306
356,-0.438191414
356.1000061,-0.442959785
356.2000122,-0.437094212
356.3000183,-0.436617374
356.3999939,-0.44429493
356.5,-0.438858986
356.6000061,-0.444151878
356.7000122,-0.44353199
356.8000183,-0.434710026
356.8999939,-0.433422565
357,-0.435341835
357.1000061,-0.437237263
357.2000122,-0.435997486
357.3000183,-0.436247826
357.3999939,-0.436665058
357.5,-0.435091496
357.6000061,-0.438477516
357.7000122,-0.436283588
357.8000183,-0.432468891
357.8999939,-0.435425282
358,-0.433470249
358.1000061,-0.432087421
358.2000122,-0.437952995
358.3000183,-0.433279514
358.3999939,-0.426079273
358.5,-0.440957069
358.6000061,-0.431801319
358.7000122,-0.434185505
358.8000183,-0.43194437
358.8999939,-0.437666893
359,-0.439955711
359.1000061,-0.425125599
359.2000122,-0.433565617
359.3000183,-0.421883106
359.3999939,-0.432230473
359.5,-0.441433907
359.6000061,-0.424553394
359.7000122,-0.436855793
359.8000183,-0.425745487
359.8999939,-0.432754993
360,-0.435711384
360.1000061,-0.435759068
360.2000122,-0.425554752
360.3000183,-0.423695087
360.3999939,-0.429750919
360.5,-0.42989397
360.6000061,-0.431419849
360.7000122,-0.431181431
360.8000183,-0.429512501
360.8999939,-0.435425282
361,-0.42770052
361.1000061,-0.432182789
361.2000122,-0.42989397
361.3000183,-0.437237263
361.3999939,-0.423170567
361.5,-0.435616016
361.6000061,-0.423885822
361.7000122,-0.42770052
361.8000183,-0.427748203
361.8999939,-0.429464817
362,-0.422884464
362.1000061,-0.430132389
362.2000122,-0.427175999
362.3000183,-0.423075199
362.3999939,-0.426460743
362.5,-0.431658268
362.6000061,-0.428725719
362.7000122,-0.427652836
362.8000183,-0.429131031
362.8999939,-0.425793171
363,-0.427986622
363.1000061,-0.422932148
363.2000122,-0.428940296
363.3000183,-0.425888538
363.3999939,-0.419308186
363.5,-0.432993412
363.6000061,-0.420881748
363.7000122,-0.42526865
363.8000183,-0.426985264
363.8999939,-0.422932148
364,-0.423695087
364.1000061,-0.425507069
364.2000122,-0.429417133
364.3000183,-0.426889896
364.3999939,-0.424458027
364.5,-0.425459385
364.6000061,-0.420881748
364.7000122,-0.428654194
364.8000183,-0.421358585
364.8999939,-0.42770052
365,-0.424934864
365.1000061,-0.419069767
365.2000122,-0.425745487
365.3000183,-0.430895329
365.3999939,-0.421883106
365.5,-0.424458027
365.6000061,-0.42193079
365.7000122,-0.425542831
365.8000183,-0.42898798
365.8999939,-0.426794529
366,-0.423885822
366.1000061,-0.420023441
366.2000122,-0.423408985
366.3000183,-0.426222324
366.3999939,-0.429226398
366.5,-0.414778233
366.6000061,-0.42154932
366.7000122,-0.41782999
366.8000183,-0.41616106
366.8999939,-0.420595646
367,-0.419451237
367.1000061,-0.420404911
367.2000122,-0.423885822
367.3000183,-0.425507069
367.3999939,-0.416685581
367.5,-0.420404911
367.6000061,-0.423313618
367.7000122,-0.423742771
367.8000183,-0.423265934
367.8999939,-0.418116093
368,-0.423313618
368.1000061,-0.418116093
368.2000122,-0.422407627
368.3000183,-0.416780949
368.3999939,-0.420881748
368.5,-0.416208744
368.6000061,-0.413156986
368.7000122,-0.418640614
368.8000183,-0.418259144
368.8999939,-0.41782999
369,-0.415827274
369.1000061,-0.425173283
369.2000122,-0.407196522
369.3000183,-0.413729191
369.3999939,-0.415827274
369.5,-0.422836781
369.6000061,-0.404049397
369.7000122,-0.415207386
369.8000183,-0.412966251
369.8999939,-0.418163776
370,-0.422502995
370.1000061,-0.418318748
370.2000122,-0.416065693
370.3000183,-0.41654253
370.3999939,-0.412966251
370.5,-0.412012577
370.6000061,-0.413872242
370.7000122,-0.410534382
370.8000183,-0.407864094
370.8999939,-0.411607265
371,-0.413538456
371.1000061,-0.41449213
371.2000122,-0.419785023
371.3000183,-0.412060261
371.3999939,-0.415636539
371.5,-0.413490772
371.6000061,-0.415302753
371.7000122,-0.412537098
371.8000183,-0.409819126
371.8999939,-0.41153574
372,-0.407911777
372.1000061,-0.417639256
372.2000122,-0.409676075
372.3000183,-0.415874958
372.3999939,-0.414349079
372.5,-0.415779591
372.6000061,-0.418116093
372.7000122,-0.417257786
372.8000183,-0.415982246
372.8999939,-0.412918568
373,-0.415636539
373.1000061,-0.411821842
373.2000122,-0.414587498
373.3000183,-0.411821842
373.3999939,-0.415064335
373.5,-0.41320467
373.6000061,-0.410915852
373.7000122,-0.410057545
373.8000183,-0.411643028
373.8999939,-0.414778233
374,-0.410820484
374.1000061,-0.41358614
374.2000122,-0.410057545
374.3000183,-0.417734623
374.3999939,-0.409914494
374.5,-0.404430866
374.6000061,-0.406672001
374.7000122,-0.40910387
374.8000183,-0.407864094
374.8999939,-0.409389973
375,-0.411118507
375.1000061,-0.413395405
375.2000122,-0.413824558
375.3000183,-0.413967609
375.3999939,-0.414015293
375.5,-0.410832405
375.6000061,-0.408913136
375.7000122,-0.410406232
375.8000183,-0.411058903
375.8999939,-0.410820484
376,-0.404955387
376.1000061,-0.416208744
376.2000122,-0.409008503
376.3000183,-0.41115427
376.3999939,-0.408388615
376.5,-0.406576633
376.6000061,-0.401951313
376.7000122,-0.404812336
376.8000183,-0.407053471
376.8999939,-0.404001713
377,-0.411488056
377.1000061,-0.403906345
377.2000122,-0.410820484
377.3000183,-0.407911777
377.3999939,-0.403572559
377.5,-0.407113075
377.6000061,-0.408722401
377.7000122,-0.408245564
377.8000183,-0.404144764
377.8999939,-0.405861378
378,-0.409294605
378.1000061,-0.411345005
378.2000122,-0.406612396
378.3000183,-0.403954029
378.3999939,-0.401855946
378.5,-0.406004429
378.6000061,-0.404192448
378.7000122,-0.408388615
378.8000183,-0.405241489
378.8999939,-0.411392689
379,-0.408388615
379.1000061,-0.401903629
379.2000122,-0.404907703
379.3000183,-0.409819126
379.3999939,-0.400043964
379.5,-0.409771442
379.6000061,-0.402618885
379.7000122,-0.406099796
379.8000183,-0.400139332
379.8999939,-0.40819788
380,-0.404430866
380.1000061,-0.403334141
380.2000122,-0.400103569
380.3000183,-0.395990849
380.3999939,-0.396658421
380.5,-0.404621601
380.6000061,-0.405193806
380.7000122,-0.407244205
380.8000183,-0.405384541
380.8999939,-0.39947176
381,-0.404907703
381.1000061,-0.396849155
381.2000122,-0.398327351
381.3000183,-0.400043964
381.3999939,-0.402714252
381.5,-0.400926113
381.6000061,-0.398851871
381.7000122,-0.402094364
381.8000183,-0.399996281
381.8999939,-0.403954029
382,-0.402189732
382.1000061,-0.398279667
382.2000122,-0.393415928
382.3000183,-0.398994923
382.3999939,-0.398136616
382.5,-0.393654346
382.6000061,-0.392509937
382.7000122,-0.399710178
382.8000183,-0.403524876
382.8999939,-0.402857304
383,-0.396038532
383.1000061,-0.397516727
383.2000122,-0.402094364
383.3000183,-0.400806904
383.3999939,-0.403000355
383.5,-0.396181583
383.6000061,-0.397516727
383.7000122,-0.40114069
383.8000183,-0.402523518
383.8999939,-0.401808262
384,-0.397755146
384.1000061,-0.393129826
384.2000122,-0.402332783
384.3000183,-0.396276951
384.3999939,-0.395704746
384.5,-0.400103569
384.6000061,-0.403620243
384.7000122,-0.404812336
384.8000183,-0.402189732
384.8999939,-0.396372318
385,-0.396229267
385.1000061,-0.396741867
385.2000122,-0.397135258
385.3000183,-0.397230625
385.3999939,-0.400234699
385.5,-0.394655704
385.6000061,-0.40319109
385.7000122,-0.392462254
385.8000183,-0.394703388
385.8999939,-0.392462254
386,-0.389648914
386.1000061,-0.395847797
386.2000122,-0.393225193
386.3000183,-0.395990849
386.3999939,-0.391270161
386.5,-0.396276951
386.6000061,-0.389315128
386.7000122,-0.395227909
386.8000183,-0.394560337
386.8999939,-0.394488811
387,-0.393940449
387.1000061,-0.394226551
387.2000122,-0.396276951
387.3000183,-0.396706104
387.3999939,-0.396706104
387.5,-0.395454407
387.6000061,-0.394941807
387.7000122,-0.393463612
387.8000183,-0.393010616
387.8999939,-0.391937733
388,-0.391699314
388.1000061,-0.391592026
388.2000122,-0.391508579
388.3000183,-0.391222477
388.3999939,-0.389601231
388.5,-0.403858662
388.6000061,-0.387121677
388.7000122,-0.394751072
388.8000183,-0.392080784
388.8999939,-0.392402649
389,-0.391746998
389.1000061,-0.391031742
389.2000122,-0.389839649
389.3000183,-0.386358738
389.3999939,-0.391758919
389.5,-0.396229267
389.6000061,-0.394608021
389.7000122,-0.390936375
389.8000183,-0.385452747
389.8999939,-0.390793324
390,-0.393845081
390.1000061,-0.388552189
390.2000122,-0.38869524
390.3000183,-0.387753487
390.3999939,-0.385834217
390.5,-0.387932301
390.6000061,-0.383497715
390.7000122,-0.391985416
390.8000183,-0.389219761
390.8999939,-0.385452747
391,-0.39537096
391.1000061,-0.388170719
391.2000122,-0.399042606
391.3000183,-0.387598515
391.3999939,-0.386883259
391.5,-0.387932301
391.6000061,-0.392557621
391.7000122,-0.392986774
391.8000183,-0.387741566
391.8999939,-0.393225193
392,-0.382162571
392.1000061,-0.39870882
392.2000122,-0.38406992
392.3000183,-0.380255222
392.3999939,-0.37958765
392.5,-0.387169361
392.6000061,-0.380207539
392.7000122,-0.388409138
392.8000183,-0.394560337
392.8999939,-0.388266087
393,-0.383974552
393.1000061,-0.380684376
393.2000122,-0.383163929
393.3000183,-0.384737492
393.3999939,-0.379539967
393.5,-0.391746998
393.6000061,-0.383736134
393.7000122,-0.386406422
393.8000183,-0.388409138
393.8999939,-0.380970478
394,-0.38702631
394.1000061,-0.381208897
394.2000122,-0.385786533
394.3000183,-0.388027668
394.3999939,-0.381673813
394.5,-0.374819279
394.6000061,-0.378061771
394.7000122,-0.376965046
394.8000183,-0.380064487
394.8999939,-0.382830143
395,-0.386740208
395.1000061,-0.384880543
395.2000122,-0.383402348
395.3000183,-0.383402348
395.3999939,-0.383008957
395.5,-0.382973194
395.6000061,-0.382257938
395.7000122,-0.384057999
395.8000183,-0.384642124
395.8999939,-0.386358738
396,-0.382877827
396.1000061,-0.388409138
396.2000122,-0.373388767
396.3000183,-0.387646198
396.3999939,-0.380684376
396.5,-0.385262012
396.6000061,-0.388981342
396.7000122,-0.384165287
396.8000183,-0.38497591
396.8999939,-0.375391483
397,-0.384117603
397.1000061,-0.372959614
397.2000122,-0.381399632
397.3000183,-0.383020878
397.3999939,-0.383926868
397.5,-0.379110813
397.6000061,-0.381733418
397.7000122,-0.375820637
397.8000183,-0.379873753
397.8999939,-0.3753438
398,-0.381447315
398.1000061,-0.378347874
398.2000122,-0.377060413
398.3000183,-0.37958765
398.3999939,-0.375010014
398.5,-0.376202106
398.6000061,-0.374211311
398.7000122,-0.372387409
398.8000183,-0.373245716
398.8999939,-0.380827427
399,-0.377584934
399.1000061,-0.380207539
399.2000122,-0.379683018
399.3000183,-0.37843132
399.3999939,-0.375916004
399.5,-0.37791872
399.6000061,-0.382639408
399.7000122,-0.382210255
399.8000183,-0.378061771
399.8999939,-0.379444599
400,-0.375772953
400.1000061,-0.370766163
400.2000122,-0.384022236
400.3000183,-0.371004581
400.3999939,-0.381781101
400.5,-0.378872395
400.6000061,-0.378109455
400.7000122,-0.376059055
400.8000183,-0.375725269
400.8999939,-0.378872395
401,-0.381351948
401.1000061,-0.381781101
401.2000122,-0.38125658
401.3000183,-0.378967762
401.3999939,-0.377584934
401.5,-0.380636692
401.6000061,-0.376988888
401.7000122,-0.374866962
401.8000183,-0.374866962
401.8999939,-0.37689352
402,-0.378014088
402.1000061,-0.379826069
402.2000122,-0.381351948
402.3000183,-0.373722553
402.3999939,-0.381351948
402.5,-0.372959614
402.6000061,-0.374533176
402.7000122,-0.375486851
402.8000183,-0.373817921
402.8999939,-0.373960972
403,-0.373341084
403.1000061,-0.374223232
403.2000122,-0.374390125
403.3000183,-0.375200748
403.3999939,-0.375248432
403.5,-0.374485493
403.6000061,-0.372482777
403.7000122,-0.376678944
403.8000183,-0.37367487
403.8999939,-0.371290684
404,-0.371874809
404.1000061,-0.371433735
404.2000122,-0.371099949
404.3000183,-0.369431019
404.3999939,-0.372578144
404.5,-0.36623621
404.6000061,-0.375916004
404.7000122,-0.371719837
404.8000183,-0.374628544
404.8999939,-0.36494875
405,-0.372673512
405.1000061,-0.36957407
405.2000122,-0.374485493
405.3000183,-0.369621754
405.3999939,-0.372435093
405.5,-0.370956898
405.6000061,-0.371099949
405.7000122,-0.373627186
405.8000183,-0.370146275
405.8999939,-0.366331577
406,-0.369001865
406.1000061,-0.374437809
406.2000122,-0.374533176
406.3000183,-0.366093159
406.3999939,-0.365139484
406.5,-0.36995554
406.6000061,-0.368668079
406.7000122,-0.371052265
406.8000183,-0.370193958
406.8999939,-0.370146275
407,-0.369431019
407.1000061,-0.37046814
407.2000122,-0.369201541
407.3000183,-0.369097233
407.3999939,-0.367809772
407.5,-0.367404461
407.6000061,-0.367285252
407.7000122,-0.365425587
407.8000183,-0.373007298
407.8999939,-0.369860172
408,-0.364853382
408.1000061,-0.374723911
408.2000122,-0.371862888
408.3000183,-0.37086153
408.3999939,-0.371862888
408.5,-0.370587349
408.6000061,-0.370337009
408.7000122,-0.369287968
408.8000183,-0.3691926
408.8999939,-0.369860172
409,-0.369538307
409.1000061,-0.369717121
409.2000122,-0.369383335
409.3000183,-0.370909214
409.3999939,-0.362850666
409.5,-0.368048191
409.6000061,-0.372244358
409.7000122,-0.370289326
409.8000183,-0.370241642
409.8999939,-0.374247074
410,-0.373388767
410.1000061,-0.370098591
410.2000122,-0.370289326
410.3000183,-0.369526386
410.3999939,-0.364042759
410.5,-0.357319355
410.6000061,-0.363661289
410.7000122,-0.372196674
410.8000183,-0.366760731
410.8999939,-0.365187168
411,-0.371529102
411.1000061,-0.363613605
411.2000122,-0.368477345
411.3000183,-0.361277103
411.3999939,-0.3691926
411.5,-0.367762089
411.6000061,-0.361944675
411.7000122,-0.371052265
411.8000183,-0.364424229
411.8999939,-0.366808414
412,-0.361849308
412.1000061,-0.360609531
412.2000122,-0.364018917
412.3000183,-0.364901066
412.3999939,-0.368715763
412.5,-0.361706257
412.6000061,-0.368477345
412.7000122,-0.361467838
412.8000183,-0.371099949
412.8999939,-0.365568638
413,-0.359035969
413.1000061,-0.367714405
413.2000122,-0.36494875
413.3000183,-0.357653141
413.3999939,-0.362087727
413.5,-0.368763447
413.6000061,-0.36418581
413.7000122,-0.36380434
413.8000183,-0.355555058
413.8999939,-0.36585474
414,-0.360275745
414.1000061,-0.366045475
414.2000122,-0.361181736
414.3000183,-0.359846592
414.3999939,-0.364758015
414.5,-0.368668079
414.6000061,-0.358225346
414.7000122,-0.354410648
414.8000183,-0.35789156
414.8999939,-0.362850666
415,-0.361277103
415.1000061,-0.361372471
415.2000122,-0.359870434
415.3000183,-0.357843876
415.3999939,-0.358988285
415.5,-0.362564564
415.6000061,-0.359798908
415.7000122,-0.358559132
415.8000183,-0.35584116
415.8999939,-0.356031895
416,-0.355745792
416.1000061,-0.358249187
416.2000122,-0.360609531
416.3000183,-0.360609531
416.3999939,-0.362326145
416.5,-0.361420155
416.6000061,-0.359751225
416.7000122,-0.358177662
416.8000183,-0.356079578
416.8999939,-0.359679699
417,-0.36213541
417.1000061,-0.362326145
417.2000122,-0.358368397
417.3000183,-0.361658573
417.3999939,-0.352407932
417.5,-0.363327503
417.6000061,-0.353886127
417.7000122,-0.358511448
417.8000183,-0.361992359
417.8999939,-0.360323429
418,-0.357903481
418.1000061,-0.352980137
418.2000122,-0.356317997
418.3000183,-0.360609531
418.3999939,-0.366760731
418.5,-0.367189884
418.6000061,-0.363041401
418.7000122,-0.368238926
418.8000183,-0.365664005
418.8999939,-0.365377903
419,-0.365997791
419.1000061,-0.358559132
419.2000122,-0.349499226
419.3000183,-0.3525033
419.3999939,-0.357033253
419.5,-0.362755299
419.6000061,-0.35007143
419.7000122,-0.366856098
419.8000183,-0.359465122
419.8999939,-0.360561848
420,-0.356031895
420.1000061,-0.356413364
420.2000122,-0.355245113
420.3000183,-0.35417223
420.3999939,-0.354362965
420.5,-0.356508732
420.6000061,-0.351311207
420.7000122,-0.353600025
420.8000183,-0.354351044
420.8999939,-0.356270313
421,-0.35622263
421.1000061,-0.35789156
421.2000122,-0.357605457
421.3000183,-0.355602741
421.3999939,-0.354219913
421.5,-0.359703541
421.6000061,-0.356794834
421.7000122,-0.360180378
421.8000183,-0.354553699
421.8999939,-0.35545969
422,-0.362230778
422.1000061,-0.345779896
422.2000122,-0.353647709
422.3000183,-0.359274387
422.3999939,-0.357414722
422.5,-0.353981495
422.6000061,-0.357653141
422.7000122,-0.354887486
422.8000183,-0.353600025
422.8999939,-0.354923248
423,-0.355602741
423.1000061,-0.355602741
423.2000122,-0.355173588
423.3000183,-0.349642277
423.3999939,-0.353695393
423.5,-0.349213123
423.6000061,-0.355555058
423.7000122,-0.3525033
423.8000183,-0.353170872
423.8999939,-0.352741718
424,-0.353743076
424.1000061,-0.355602741
424.2000122,-0.356461048
424.3000183,-0.349976063
424.3999939,-0.354458332
424.5,-0.357843876
424.6000061,-0.356365681
424.7000122,-0.359703541
424.8000183,-0.35174036
424.8999939,-0.353695393
425,-0.357176304
425.1000061,-0.355888844
425.2000122,-0.354744434
425.3000183,-0.350691319
425.3999939,-0.352312565
425.5,-0.349594593
425.6000061,-0.351239681
425.7000122,-0.351406574
425.8000183,-0.351644993
425.8999939,-0.349153519
426,-0.345779896
426.1000061,-0.347782612
426.2000122,-0.348938942
426.3000183,-0.349880695
426.3999939,-0.348870397
426.5,-0.3484025
426.6000061,-0.348259449
426.7000122,-0.348879337
426.8000183,-0.352169514
426.8999939,-0.346113682
427,-0.350166798
427.1000061,-0.352217197
427.2000122,-0.352646351
427.3000183,-0.3499403
427.3999939,-0.348164082
427.5,-0.34673357
427.6000061,-0.34468317
427.7000122,-0.349833012
427.8000183,-0.347258091
427.8999939,-0.350166798
428,-0.354219913
428.1000061,-0.350357533
428.2000122,-0.345303059
428.3000183,-0.349642277
428.3999939,-0.351788044
428.5,-0.34468317
428.6000061,-0.352837086
428.7000122,-0.341202259
428.8000183,-0.351406574
428.8999939,-0.346447468
429,-0.345827579
429.1000061,-0.347103119
429.2000122,-0.348068714
429.3000183,-0.348068714
429.3999939,-0.34904623
429.5,-0.350691319
429.6000061,-0.349356174
429.7000122,-0.346876621
429.8000183,-0.345303059
429.8999939,-0.346304417
430,-0.348354816
430.1000061,-0.3463521
430.2000122,-0.350297928
430.3000183,-0.354839802
430.3999939,-0.351644993
430.5,-0.340105534
430.6000061,-0.345303059
430.7000122,-0.348831654
430.8000183,-0.347877979
430.8999939,-0.350309849
431,-0.34802103
431.1000061,-0.34916544
431.2000122,-0.34339571
431.3000183,-0.33877039
431.3999939,-0.347544193
431.5,-0.337244511
431.6000061,-0.3463521
431.7000122,-0.347639561
431.8000183,-0.345684528
431.8999939,-0.344909668
432,-0.343586445
432.1000061,-0.342728138
432.2000122,-0.347258091
432.3000183,-0.341440678
432.3999939,-0.345398426
432.5,-0.344492435
432.6000061,-0.338293552
432.7000122,-0.342871189
432.8000183,-0.337959766
432.8999939,-0.338245869
433,-0.352312565
433.1000061,-0.341822147
433.2000122,-0.35083437
433.3000183,-0.344492435
433.3999939,-0.341059208
433.5,-0.345207691
433.6000061,-0.341822147
433.7000122,-0.349403858
433.8000183,-0.348688602
433.8999939,-0.34377718
434,-0.342346668
434.1000061,-0.342585087
434.2000122,-0.339819431
434.3000183,-0.346304417
434.3999939,-0.342155933
434.5,-0.347639561
434.6000061,-0.345398426
434.7000122,-0.342775822
434.8000183,-0.335718632
434.8999939,-0.340487003
435,-0.348068714
435.1000061,-0.344110966
435.2000122,-0.335480213
435.3000183,-0.338579655
435.3999939,-0.343300343
435.5,-0.341106892
435.6000061,-0.345827579
435.7000122,-0.338818073
435.8000183,-0.345732212
435.8999939,-0.344301701
436,-0.341154575
436.1000061,-0.340892315
436.2000122,-0.340153217
436.3000183,-0.337959766
436.3999939,-0.343872547
436.5,-0.341059208
436.6000061,-0.344540119
436.7000122,-0.348211765
436.8000183,-0.341202259
436.8999939,-0.33967638
437,-0.345112324
437.1000061,-0.343300343
437.2000122,-0.34043932
437.3000183,-0.345303059
437.3999939,-0.332523823
437.5,-0.345160007
437.6000061,-0.336910725
437.7000122,-0.341154575
437.8000183,-0.341583729
437.8999939,-0.345398426
438,-0.34377718
438.1000061,-0.340749264
438.2000122,-0.338531971
438.3000183,-0.335289478
438.3999939,-0.343204975
438.5,-0.336100101
438.6000061,-0.342346668
438.7000122,-0.34506464
438.8000183,-0.337816715
438.8999939,-0.334812641
439,-0.34172678
439.1000061,-0.338102818
439.2000122,-0.347591877
439.3000183,-0.339581013
439.3999939,-0.335909367
439.5,-0.338484287
439.6000061,-0.343061924
439.7000122,-0.335194111
439.8000183,-0.342489719
439.8999939,-0.339390278
440,-0.340630054
440.1000061,-0.333811283
440.2000122,-0.33223772
440.3000183,-0.340868473
440.3999939,-0.331236362
440.5,-0.344778538
440.6000061,-0.339008808
440.7000122,-0.336433887
440.8000183,-0.338579655
440.8999939,-0.33800745
441,-0.336481571
441.1000061,-0.339759827
441.2000122,-0.341631413
441.3000183,-0.338409781
441.3999939,-0.335575581
441.5,-0.336672306
441.6000061,-0.340296268
441.7000122,-0.340200901
441.8000183,-0.33710146
441.8999939,-0.334335804
442,-0.337482929
442.1000061,-0.336386204
442.2000122,-0.336672306
442.3000183,-0.337053776
442.3999939,-0.337673664
442.5,-0.334478855
442.6000061,-0.336576939
442.7000122,-0.337196827
442.8000183,-0.338913441
442.8999939,-0.338818073
443,-0.335909367
443.1000061,-0.337518692
443.2000122,-0.337912083
443.3000183,-0.337435246
443.3999939,-0.338198185
443.5,-0.336910725
443.6000061,-0.336624622
443.7000122,-0.335384846
443.8000183,-0.333191395
443.8999939,-0.334049702
444,-0.337435246
444.1000061,-0.325466633
444.2000122,-0.335003376
444.3000183,-0.328470707
444.3999939,-0.331856251
444.5,-0.334717274
444.6000061,-0.335766315
444.7000122,-0.338484287
444.8000183,-0.331808567
444.8999939,-0.335098743
445,-0.329329014
445.1000061,-0.329805851
445.2000122,-0.331427097
445.3000183,-0.331379414
445.3999939,-0.331129074
445.5,-0.33133173
445.6000061,-0.330378056
445.7000122,-0.334908009
445.8000183,-0.327135563
445.8999939,-0.335337162
446,-0.337816715
446.1000061,-0.332857609
446.2000122,-0.332571507
446.3000183,-0.32928133
446.3999939,-0.330425739
446.5,-0.332714558
446.6000061,-0.33313179
446.7000122,-0.335480213
446.8000183,-0.333906651
446.8999939,-0.330521107
447,-0.335384846
447.1000061,-0.328613758
447.2000122,-0.33261919
447.3000183,-0.33133173
447.3999939,-0.332511902
447.5,-0.332952976
447.6000061,-0.333143711
447.7000122,-0.333429813
447.8000183,-0.334002018
447.8999939,-0.333620548
448,-0.331403255
448.1000061,-0.326849461
448.2000122,-0.331140995
448.3000183,-0.333906651
448.3999939,-0.328661442
448.5,-0.327183247
448.6000061,-0.32389307
448.7000122,-0.327135563
448.8000183,-0.328947544
448.8999939,-0.328518391
449,-0.329758167
449.1000061,-0.3235116
449.2000122,-0.333572865
449.3000183,-0.323606968
449.3999939,-0.338913441
449.5,-0.328327656
449.6000061,-0.328089237
449.7000122,-0.329615116
449.8000183,-0.330318451
449.8999939,-0.332476139
450,-0.331093311
450.1000061,-0.331164837
450.2000122,-0.333763599
450.3000183,-0.327326298
450.3999939,-0.33095026
450.5,-0.32465601
450.6000061,-0.335575581
450.7000122,-0.331284046
450.8000183,-0.326038837
450.8999939,-0.327421665
451,-0.328947544
451.1000061,-0.32799387
451.2000122,-0.330032349
451.3000183,-0.329519749
451.3999939,-0.328801513
451.5,-0.328732222
451.6000061,-0.328327656
451.7000122,-0.328279972
451.8000183,-0.329269409
451.8999939,-0.328947544
452,-0.331522465
452.1000061,-0.329841614
452.2000122,-0.330187321
452.3000183,-0.328709126
452.3999939,-0.325085163
452.5,-0.325132847
452.6000061,-0.326515675
452.7000122,-0.328518391
452.8000183,-0.325037479
452.8999939,-0.331045628
453,-0.327183247
453.1000061,-0.332380772
453.2000122,-0.334526539
453.3000183,-0.330091953
453.3999939,-0.319506168
453.5,-0.335384846
453.6000061,-0.322271824
453.7000122,-0.333954334
453.8000183,-0.323273182
453.8999939,-0.321938038
454,-0.326420307
454.1000061,-0.324894428
454.2000122,-0.327087879
454.3000183,-0.329233646
454.3999939,-0.327040195
454.5,-0.319029331
454.6000061,-0.319410801
454.7000122,-0.320471764
454.8000183,-0.321079731
454.8999939,-0.322367191
455,-0.32427454
455.1000061,-0.325037479
455.2000122,-0.322700977
455.3000183,-0.328709126
455.3999939,-0.326086521
455.5,-0.325371265
455.6000061,-0.322176456
455.7000122,-0.330425739
455.8000183,-0.320412159
455.8999939,-0.328184605
456,-0.322891712
456.1000061,-0.320221424
456.2000122,-0.322319508
456.3000183,-0.32427454
456.3999939,-0.322891712
456.5,-0.325395107
456.6000061,-0.32594347
456.7000122,-0.328470707
456.8000183,-0.320507526
456.8999939,-0.329472065
457,-0.324512959
457.1000061,-0.321556568
457.2000122,-0.322462559
457.3000183,-0.315071583
457.3999939,-0.331760883
457.5,-0.320412159
457.6000061,-0.326563358
457.7000122,-0.323940754
457.8000183,-0.318123341
457.8999939,-0.322891712
458,-0.320030689
458.1000061,-0.321747303
458.2000122,-0.323082447
458.3000183,-0.321651936
458.3999939,-0.317360401
458.5,-0.317360401
458.6000061,-0.321127415
458.7000122,-0.325562
458.8000183,-0.322700977
458.8999939,-0.319696903
459,-0.326229572
459.1000061,-0.320364475
459.2000122,-0.319410801
459.3000183,-0.32080555
459.3999939,-0.320745945
459.5,-0.322700977
459.6000061,-0.316978931
459.7000122,-0.326992512
459.8000183,-0.319363117
459.8999939,-0.319935322
460,-0.31901741
460.1000061,-0.319124699
460.2000122,-0.317646503
460.3000183,-0.31888628
460.3999939,-0.321794987
460.5,-0.323320866
460.6000061,-0.320126057
460.7000122,-0.317455769
460.8000183,-0.316311359
460.8999939,-0.318695545
461,-0.323750019
461.1000061,-0.322271824
461.2000122,-0.321258545
461.3000183,-0.319792271
461.3999939,-0.319220066
461.5,-0.323988438
461.6000061,-0.325609684
461.7000122,-0.323130131
461.8000183,-0.322653294
461.8999939,-0.318123341
462,-0.318552494
462.1000061,-0.317646503
462.2000122,-0.315310001
462.3000183,-0.317408085
462.3999939,-0.318457127
462.5,-0.317789555
462.6000061,-0.318027973
462.7000122,-0.31926775
462.8000183,-0.320745945
462.8999939,-0.317837238
463,-0.316406727
463.1000061,-0.314928532
463.2000122,-0.316788197
463.3000183,-0.315453053
463.3999939,-0.316561699
463.5,-0.316978931
463.6000061,-0.317026615
463.7000122,-0.315655589
463.8000183,-0.316779226
463.8999939,-0.316692829
464,-0.317741871
464.1000061,-0.318743229
464.2000122,-0.312400818
464.3000183,-0.318123341
464.3999939,-0.312639713
464.5,-0.318171024
464.6000061,-0.319983006
464.7000122,-0.314356327
464.8000183,-0.312639713
464.8999939,-0.310731888
465,-0.311971664
465.1000061,-0.316645145
465.2000122,-0.317980289
465.3000183,-0.309492111
465.3999939,-0.310874939
465.5,-0.315643787
465.6000061,-0.30639267
465.7000122,-0.317694187
465.8000183,-0.314880848
465.8999939,-0.315178871
466,-0.313927174
466.1000061,-0.314213276
466.2000122,-0.31311655
466.3000183,-0.315691471
466.3999939,-0.317837238
466.5,-0.31759882
466.6000061,-0.313259602
466.7000122,-0.316120625
466.8000183,-0.315453053
466.8999939,-0.317074299
467,-0.315357685
467.1000061,-0.310493469
467.2000122,-0.318600178
467.3000183,-0.314547062
467.3999939,-0.31683588
467.5,-0.31759882
467.6000061,-0.315429211
467.7000122,-0.313831806
467.8000183,-0.313450336
467.8999939,-0.313641071
468,-0.316311359
468.1000061,-0.306726456
468.2000122,-0.310302734
468.3000183,-0.316025257
468.3999939,-0.309587479
468.5,-0.318027973
468.6000061,-0.316692829
468.7000122,-0.309301376
468.8000183,-0.306821823
468.8999939,-0.31259203
469,-0.311876297
469.1000061,-0.312007546
469.2000122,-0.31178093
469.3000183,-0.31178093
469.3999939,-0.311685562
469.5,-0.31178093
469.6000061,-0.310147762
469.7000122,-0.308013916
469.8000183,-0.309110641
469.8999939,-0.310565114
470,-0.312019348
470.1000061,-0.31311655
470.2000122,-0.315786839
470.3000183,-0.309968948
470.3999939,-0.304199219
470.5,-0.307775497
470.6000061,-0.31230545
470.7000122,-0.31101799
470.8000183,-0.319983006
470.8999939,-0.301624298
471,-0.312544346
471.1000061,-0.311447144
471.2000122,-0.306058884
471.3000183,-0.305820465
471.3999939,-0.310541153
471.5,-0.315739155
471.6000061,-0.310779572
471.7000122,-0.311065674
471.8000183,-0.314308643
471.8999939,-0.305725098
472,-0.310350418
472.1000061,-0.303293228
472.2000122,-0.318695545
472.3000183,-0.304294586
472.3999939,-0.309635162
472.5,-0.311733246
472.6000061,-0.309873581
472.7000122,-0.311542511
472.8000183,-0.313831806
472.8999939,-0.311566472
473,-0.309158325
473.1000061,-0.307650357
473.2000122,-0.305009842
473.3000183,-0.304866791
473.3999939,-0.309873581
473.5,-0.314070225
473.6000061,-0.305677414
473.7000122,-0.310112
473.8000183,-0.309968948
473.8999939,-0.310493469
474,-0.310588837
474.1000061,-0.311733246
474.2000122,-0.314976215
474.3000183,-0.302101135
474.3999939,-0.31139946
474.5,-0.306631088
474.6000061,-0.309062958
474.7000122,-0.311542511
474.8000183,-0.310541153
474.8999939,-0.309384823
475,-0.30729866
475.1000061,-0.308156967
475.2000122,-0.302339554
475.3000183,-0.305534363
475.3999939,-0.29523468
475.5,-0.306344986
475.6000061,-0.315453053
475.7000122,-0.302387238
475.8000183,-0.301099777
475.8999939,-0.303197861
476,-0.307739854
476.1000061,-0.314499378
476.2000122,-0.312162399
476.3000183,-0.309945226
476.3999939,-0.305915833
476.5,-0.307203293
476.6000061,-0.308252335
476.7000122,-0.307155609
476.8000183,-0.306869507
476.8999939,-0.307394028
477,-0.300956726
477.1000061,-0.303913116
477.2000122,-0.300670624
477.3000183,-0.30896759
477.3999939,-0.309587479
477.5,-0.311304092
477.6000061,-0.30434227
477.7000122,-0.306440353
477.8000183,-0.302911758
477.8999939,-0.306321144
478,-0.307823181
478.1000061,-0.308109283
478.2000122,-0.309873581
478.3000183,-0.30934906
478.3999939,-0.310016632
478.5,-0.309396744
478.6000061,-0.307918549
478.7000122,-0.304056168
478.8000183,-0.305009842
478.8999939,-0.29895401
479,-0.302005768
479.1000061,-0.299955368
479.2000122,-0.306249619
479.3000183,-0.311113358
479.3999939,-0.305772781
479.5,-0.306774139
479.6000061,-0.302530289
479.7000122,-0.304008484
479.8000183,-0.306726456
479.8999939,-0.30357933
480,-0.301719666
480.1000061,-0.305200577
480.2000122,-0.302244186
480.3000183,-0.302959442
480.3999939,-0.301815033
480.5,-0.303686619
480.6000061,-0.305534363
480.7000122,-0.304437637
480.8000183,-0.301934242
480.8999939,-0.298620224
481,-0.299144745
481.1000061,-0.296569824
481.2000122,-0.29933548
481.3000183,-0.30062294
481.3999939,-0.30100441
481.5,-0.298810959
481.6000061,-0.299669266
481.7000122,-0.300527573
481.8000183,-0.299860001
481.8999939,-0.300384521
482,-0.300861359
482.1000061,-0.300289154
482.2000122,-0.303007126
482.3000183,-0.301862717
482.3999939,-0.302887917
482.5,-0.30267334
482.6000061,-0.304008484
482.7000122,-0.303865433
482.8000183,-0.307870865
482.8999939,-0.298048019
483,-0.307823181
483.1000061,-0.300765991
483.2000122,-0.300718307
483.3000183,-0.301743507
483.3999939,-0.300003052
483.5,-0.305486679
483.6000061,-0.302148819
483.7000122,-0.295043945
483.8000183,-0.296331406
483.8999939,-0.300384521
484,-0.305105209
484.1000061,-0.296045303
484.2000122,-0.301719666
484.3000183,-0.294662476
484.3999939,-0.302864075
484.5,-0.301958084
484.6000061,-0.298381805
484.7000122,-0.303293228
484.8000183,-0.306535721
484.8999939,-0.299907684
485,-0.291563034
485.1000061,-0.301719666
485.2000122,-0.293756485
485.3000183,-0.295282364
485.3999939,-0.306344986
485.5,-0.296951294
485.6000061,-0.306631088
485.7000122,-0.300146103
485.8000183,-0.299287796
485.8999939,-0.297618866
486,-0.300670624
486.1000061,-0.303102493
486.2000122,-0.300861359
486.3000183,-0.299860001
486.3999939,-0.300503731
486.5,-0.300956726
486.6000061,-0.300336838
486.7000122,-0.299383163
486.8000183,-0.301958084
486.8999939,-0.303007126
487,-0.298667908
487.1000061,-0.303674698
487.2000122,-0.300765991
487.3000183,-0.300146103
487.3999939,-0.301612377
487.5,-0.303913116
487.6000061,-0.301624298
487.7000122,-0.29690361
487.8000183,-0.297523499
487.8999939,-0.300849438
488,-0.303674698
488.1000061,-0.305295944
488.2000122,-0.296140671
488.3000183,-0.289941788
488.3999939,-0.295568466
488.5,-0.302005768
488.6000061,-0.30024147
488.7000122,-0.299764633
488.8000183,-0.302721024
488.8999939,-0.298739433
489,-0.296379089
489.1000061,-0.296092987
489.2000122,-0.303674698
489.3000183,-0.296617508
489.3999939,-0.290657043
489.5,-0.300861359
489.6000061,-0.297380447
489.7000122,-0.29022789
489.8000183,-0.294614792
489.8999939,-0.292898178
490,-0.296760559
490.1000061,-0.295139313
490.2000122,-0.295854568
490.3000183,-0.295115471
490.3999939,-0.293708801
490.5,-0.295759201
490.6000061,-0.299907684
490.7000122,-0.296045303
490.8000183,-0.29189682
490.8999939,-0.296474457
491,-0.294185638
491.1000061,-0.299621582
491.2000122,-0.304008484
491.3000183,-0.295186996
491.3999939,-0.295377731
491.5,-0.29318428
491.6000061,-0.296140671
491.7000122,-0.299669266
491.8000183,-0.293708801
491.8999939,-0.291086197
492,-0.295282364
492.1000061,-0.296092987
492.2000122,-0.296617508
492.3000183,-0.295556545
492.3999939,-0.296140671
492.5,-0.293375015
492.6000061,-0.292612076
492.7000122,-0.295139313
492.8000183,-0.296712875
492.8999939,-0.292707443
493,-0.297428131
493.1000061,-0.291181564
493.2000122,-0.290132523
493.3000183,-0.302005768
493.3999939,-0.292516708
493.5,-0.298620224
493.6000061,-0.296808243
493.7000122,-0.294948578
493.8000183,-0.29857254
493.8999939,-0.297237396
494,-0.292612076
494.1000061,-0.300909042
494.2000122,-0.289035797
494.3000183,-0.296998978
494.3999939,-0.290370941
494.5,-0.29766655
494.6000061,-0.291849136
494.7000122,-0.293088913
494.8000183,-0.29356575
494.8999939,-0.290513992
495,-0.294185638
495.1000061,-0.291849136
495.2000122,-0.290895462
495.3000183,-0.295663834
495.3999939,-0.294519424
495.5,-0.292039871
495.6000061,-0.294042587
495.7000122,-0.29728508
495.8000183,-0.299430847
495.8999939,-0.289894104
496,-0.292039871
496.1000061,-0.304056168
496.2000122,-0.283742905
496.3000183,-0.296760559
496.3999939,-0.289274216
496.5,-0.293375015
496.6000061,-0.287700653
496.7000122,-0.295473099
496.8000183,-0.293279648
496.8999939,-0.291372299
497,-0.288892746
497.1000061,-0.292993546
497.2000122,-0.296617508
497.3000183,-0.295210838
497.3999939,-0.295473099
497.5,-0.295759201
497.6000061,-0.285697937
497.7000122,-0.292850494
497.8000183,-0.288082123
497.8999939,-0.296283722
498,-0.292325974
498.1000061,-0.28894043
498.2000122,-0.29561615
498.3000183,-0.284934998
498.3999939,-0.290990829
498.5,-0.291753769
498.6000061,-0.290418625
498.7000122,-0.286746979
498.8000183,-0.287033081
498.8999939,-0.287605286
499,-0.289798737
499.1000061,-0.29394722
499.2000122,-0.296522141
499.3000183,-0.292373657
499.3999939,-0.295186996
499.5,-0.285650253
499.6000061,-0.287748337
499.7000122,-0.28984642
499.8000183,-0.282073975
499.8999939,-0.296426773
500,-0.290323257
500.1000061,-0.283266068
500.2000122,-0.288797379
500.3000183,-0.289131165
500.3999939,-0.288570881
500.5,-0.288892746
500.6000061,-0.287462234
500.7000122,-0.286079407
500.8000183,-0.287199974
500.8999939,-0.287414551
501,-0.287843704
501.1000061,-0.286580086
501.2000122,-0.287939072
501.3000183,-0.287825823
501.3999939,-0.287748337
501.5,-0.289035797
501.6000061,-0.287974834
501.7000122,-0.288368225
501.8000183,-0.286746979
501.8999939,-0.284791946
502,-0.296808243
502.1000061,-0.284791946
502.2000122,-0.290800095
502.3000183,-0.291038513
502.3999939,-0.290561676
502.5,-0.289083481
502.6000061,-0.288320541
502.7000122,-0.290418625
502.8000183,-0.286031723
502.8999939,-0.288225174
503,-0.280118942
503.1000061,-0.290752411
503.2000122,-0.286937714
503.3000183,-0.282884598
503.3999939,-0.285507202
503.5,-0.290370941
503.6000061,-0.283981323
503.7000122,-0.289274216
503.8000183,-0.283456802
503.8999939,-0.292182922
504,-0.289560318
504.1000061,-0.283885956
504.2000122,-0.285078049
504.3000183,-0.289608002
504.3999939,-0.287796021
504.5,-0.294948578
504.6000061,-0.275636673
504.7000122,-0.285411835
504.8000183,-0.279594421
504.8999939,-0.287700653
505,-0.281549454
505.1000061,-0.283123016
505.2000122,-0.28393364
505.3000183,-0.286270142
505.3999939,-0.284791946
505.5,-0.285840988
505.6000061,-0.286365509
505.7000122,-0.283981323
505.8000183,-0.282932281
505.8999939,-0.283456802
506,-0.288749695
506.1000061,-0.293088913
506.2000122,-0.288463593
506.3000183,-0.282646179
506.3999939,-0.283313751
506.5,-0.280071259
506.6000061,-0.284315109
506.7000122,-0.280834198
506.8000183,-0.282360077
506.8999939,-0.282693863
507,-0.281597137
507.1000061,-0.276828766
507.2000122,-0.282073975
507.3000183,-0.285697937
507.3999939,-0.283218384
507.5,-0.28483963
507.6000061,-0.282574654
507.7000122,-0.280309677
507.8000183,-0.281930923
507.8999939,-0.276351929
508,-0.281024933
508.1000061,-0.285364151
508.2000122,-0.283027649
508.3000183,-0.284696579
508.3999939,-0.279928207
508.5,-0.2852211
508.6000061,-0.27611351
508.7000122,-0.286985397
508.8000183,-0.277877808
508.8999939,-0.286651611
509,-0.286317825
509.1000061,-0.28508997
509.2000122,-0.285364151
509.3000183,-0.282026291
509.3999939,-0.282252789
509.5,-0.280929565
509.6000061,-0.280691147
509.7000122,-0.278306961
509.8000183,-0.284029007
509.8999939,-0.287319183
510,-0.289798737
510.1000061,-0.277257919
510.2000122,-0.28150177
510.3000183,-0.275636673
510.3999939,-0.278593063
510.5,-0.274015427
510.6000061,-0.2811203
510.7000122,-0.290180206
510.8000183,-0.28355217
510.8999939,-0.284744263
511,-0.284112453
511.1000061,-0.283838272
511.2000122,-0.280199409
511.3000183,-0.276447296
511.3999939,-0.276399612
511.5,-0.28355217
511.6000061,-0.28445816
511.7000122,-0.277877808
511.8000183,-0.286794662
511.8999939,-0.279069901
512,-0.273300171
512.1000366,-0.285793304
512.2000122,-0.285984039
512.2999878,-0.28548336
512.4000244,-0.286460876
512.5,-0.283695221
512.6000366,-0.279737473
512.7000122,-0.27778244
512.7999878,-0.27687645
512.9000244,-0.27983284
513,-0.277067184
513.1000366,-0.283409119
513.2000122,-0.284267426
513.2999878,-0.282169342
513.4000244,-0.282884598
513.5,-0.28278923
513.6000366,-0.282312393
513.7000122,-0.27816391
513.7999878,-0.281263351
513.9000244,-0.278354645
514,-0.279212952
514.1000366,-0.278450012
514.2000122,-0.280643463
514.2999878,-0.278926849
514.4000244,-0.27573204
514.5,-0.278092384
514.6000366,-0.278640747
514.7000122,-0.279069901
514.7999878,-0.280643463
514.9000244,-0.275112152
515,-0.285888672
515.1000366,-0.278306961
515.2000122,-0.277830124
515.2999878,-0.276065826
515.4000244,-0.281930923
515.5,-0.278831482
515.6000366,-0.275684357
515.7000122,-0.278306961
515.7999878,-0.278831482
515.9000244,-0.281692505
516,-0.275922775
516.1000366,-0.285459518
516.2000122,-0.274921417
516.2999878,-0.281215668
516.4000244,-0.279975891
516.5,-0.279689789
516.6000366,-0.279618263
516.7000122,-0.277877808
516.7999878,-0.280929565
516.9000244,-0.278688431
517,-0.282598495
517.1000366,-0.282407761
517.2000122,-0.275636673
517.2999878,-0.276590347
517.4000244,-0.273920059
517.5,-0.279022217
517.6000366,-0.282646179
517.7000122,-0.272060394
517.7999878,-0.279069901
517.9000244,-0.27444458
518,-0.280786514
518.1000366,-0.27649498
518.2000122,-0.280977249
518.2999878,-0.273252487
518.4000244,-0.273395538
518.5,-0.277210236
518.6000366,-0.277210236
518.7000122,-0.278056622
518.7999878,-0.278402328
518.9000244,-0.279403687
519,-0.278306961
519.1000366,-0.280452728
519.2000122,-0.280500412
519.2999878,-0.283599854
519.4000244,-0.282360077
519.5,-0.280297756
519.6000366,-0.27816391
519.7000122,-0.277067184
519.7999878,-0.278926849
519.9000244,-0.27983284
520,-0.280643463
520.1000366,-0.280810356
520.2000122,-0.280881882
520.2999878,-0.28188324
520.4000244,-0.281024933
520.5,-0.281740189
520.6000366,-0.279594421
520.7000122,-0.270009995
520.7999878,-0.280071259
520.9000244,-0.26981926
521,-0.272823334
521.1000366,-0.274730682
521.2000122,-0.273538589
521.2999878,-0.272966385
521.4000244,-0.273633957
521.5,-0.279594421
521.6000366,-0.276161194
521.7000122,-0.272489548
521.7999878,-0.267625809
521.9000244,-0.277734756
522,-0.274206161
522.1000366,-0.277591705
522.2000122,-0.276065826
522.2999878,-0.276590347
522.4000244,-0.275016785
522.5,-0.276614189
522.6000366,-0.277734756
522.7000122,-0.277114868
522.7999878,-0.278688431
522.9000244,-0.27983284
523,-0.273645878
523.1000366,-0.266958237
523.2000122,-0.269104004
523.2999878,-0.271726608
523.4000244,-0.275684357
523.5,-0.271249771
523.6000366,-0.274206161
523.7000122,-0.282979965
523.7999878,-0.27649498
523.9000244,-0.280500412
524,-0.274778366
524.1000366,-0.281740189
524.2000122,-0.270629883
524.2999878,-0.274253845
524.4000244,-0.265527725
524.5,-0.268484116
524.6000366,-0.267053604
524.7000122,-0.270534515
524.7999878,-0.272823334
524.9000244,-0.269342422
525,-0.266958237
525.1000366,-0.267530441
525.2000122,-0.269330502
525.2999878,-0.269580841
525.4000244,-0.273252487
525.5,-0.271059036
525.6000366,-0.273586273
525.7000122,-0.275541306
525.7999878,-0.272918701
525.9000244,-0.277067184
526,-0.267816544
526.1000366,-0.272203445
526.2000122,-0.274253845
526.2999878,-0.270296097
526.4000244,-0.275493622
526.5,-0.27315712
526.6000366,-0.275064468
526.7000122,-0.273633957
526.7999878,-0.274253845
526.9000244,-0.273443222
527,-0.268436432
527.1000366,-0.274921417
527.2000122,-0.265670776
527.2999878,-0.269866943
527.4000244,-0.267292023
527.5,-0.268007278
527.6000366,-0.268305302
527.7000122,-0.269771576
527.7999878,-0.26815033
527.9000244,-0.274635315
528,-0.270391464
528.1000366,-0.274396896
528.2000122,-0.26905632
528.2999878,-0.27520752
528.4000244,-0.269628525
528.5,-0.27072525
528.6000366,-0.276542664
528.7000122,-0.274396896
528.7999878,-0.27110672
528.9000244,-0.269676208
529,-0.26867485
529.1000366,-0.272108078
529.2000122,-0.26404953
529.2999878,-0.271392822
529.4000244,-0.266910553
529.5,-0.266052246
529.6000366,-0.268770218
529.7000122,-0.270868301
529.7999878,-0.270200729
529.9000244,-0.273300171
530,-0.266004562
530.1000366,-0.268817902
530.2000122,-0.26776886
530.2999878,-0.271059036
530.4000244,-0.269676208
530.5,-0.273300171
530.6000366,-0.274635315
530.7000122,-0.274396896
530.7999878,-0.268591404
530.9000244,-0.261760712
531,-0.263572693
531.1000366,-0.26981926
531.2000122,-0.272823334
531.2999878,-0.269342422
531.4000244,-0.268007278
531.5,-0.26981926
531.6000366,-0.264001846
531.7000122,-0.272680283
531.7999878,-0.269866943
531.9000244,-0.270677567
532,-0.269866943
532.1000366,-0.264431
532.2000122,-0.266195297
532.2999878,-0.268829823
532.4000244,-0.272727966
532.5,-0.271965027
532.6000366,-0.269771576
532.7000122,-0.266195297
532.7999878,-0.267053604
532.9000244,-0.26815033
533,-0.270105362
533.1000366,-0.269247055
533.2000122,-0.268531799
533.2999878,-0.266529083
533.4000244,-0.268245697
533.5,-0.268043041
533.6000366,-0.268388748
533.7000122,-0.269008636
533.7999878,-0.266958237
533.9000244,-0.270629883
534,-0.265050888
534.1000366,-0.276065826
534.2000122,-0.279165268
534.2999878,-0.272167683
534.4000244,-0.267339706
534.5,-0.26609993
534.6000366,-0.269723892
534.7000122,-0.268722534
534.7999878,-0.269425869
534.9000244,-0.269723892
535,-0.269533157
535.1000366,-0.267959595
535.2000122,-0.265623093
535.2999878,-0.266958237
535.4000244,-0.272060394
535.5,-0.273967743
535.6000366,-0.264097214
535.7000122,-0.262619019
535.7999878,-0.269151688
535.9000244,-0.269866943
536,-0.261426926
536.1000366,-0.258327484
536.2000122,-0.271631241
536.2999878,-0.267578125
536.4000244,-0.272632599
536.5,-0.26943779
536.6000366,-0.260854721
536.7000122,-0.266815186
536.7999878,-0.272155762
536.9000244,-0.261236191
537,-0.271726608
537.1000366,-0.263620377
537.2000122,-0.265480042
537.2999878,-0.263811111
537.4000244,-0.263715744
537.5,-0.265861511
537.6000366,-0.270153046
537.7000122,-0.269342422
537.7999878,-0.269485474
537.9000244,-0.269008636
538,-0.26943779
538.1000366,-0.261808395
538.2000122,-0.27444458
538.2999878,-0.25737381
538.4000244,-0.258708954
538.5,-0.26199913
538.6000366,-0.268531799
538.7000122,-0.263143539
538.7999878,-0.259281158
538.9000244,-0.263954163
539,-0.260616302
539.1000366,-0.268627167
539.2000122,-0.264812469
539.2999878,-0.264526367
539.4000244,-0.264860153
539.5,-0.26815033
539.6000366,-0.262666702
539.7000122,-0.257278442
539.7999878,-0.265193939
539.9000244,-0.260616302
540,-0.264001846
540.1000366,-0.259221554
540.2000122,-0.255180359
540.2999878,-0.257087708
540.4000244,-0.267196655
540.5,-0.263763428
540.6000366,-0.267244339
540.7000122,-0.267244339
540.7999878,-0.26584959
540.9000244,-0.266338348
541,-0.262571335
541.1000366,-0.268293381
541.2000122,-0.264335632
541.2999878,-0.267613888
541.4000244,-0.267816544
541.5,-0.270009995
541.6000366,-0.266910553
541.7000122,-0.264383316
541.7999878,-0.265432358
541.9000244,-0.266004562
542,-0.260807037
542.1000366,-0.268865585
542.2000122,-0.263095856
542.2999878,-0.2623806
542.4000244,-0.2603302
542.5,-0.263238907
542.6000366,-0.263441563
542.7000122,-0.263301492
542.7999878,-0.262952805
542.9000244,-0.263572693
543,-0.265289307
543.1000366,-0.264860153
543.2000122,-0.262714386
543.2999878,-0.260282516
543.4000244,-0.264860153
543.5,-0.261760712
543.6000366,-0.259710312
543.7000122,-0.261188507
543.7999878,-0.262237549
543.9000244,-0.261045456
544,-0.263095856
544.1000366,-0.263715744
544.2000122,-0.264669418
544.2999878,-0.266052246
544.4000244,-0.265193939
544.5,-0.264860153
544.6000366,-0.257993698
544.7000122,-0.256658554
544.7999878,-0.261331558
544.9000244,-0.26366806
545,-0.264526367
545.1000366,-0.265146255
545.2000122,-0.259662628
545.2999878,-0.261283875
545.4000244,-0.264764786
545.5,-0.258041382
545.6000366,-0.261522293
545.7000122,-0.262619019
545.7999878,-0.257802963
545.9000244,-0.263572693
546,-0.258041382
546.1000366,-0.26700592
546.2000122,-0.264240265
546.2999878,-0.264013767
546.4000244,-0.263334274
546.5,-0.264958501
546.6000366,-0.265623093
546.7000122,-0.266862869
546.7999878,-0.264717102
546.9000244,-0.265384674
547,-0.259710312
547.1000366,-0.260044098
547.2000122,-0.261951447
547.2999878,-0.260759354
547.4000244,-0.258422852
547.5,-0.261951447
547.6000366,-0.263858795
547.7000122,-0.263143539
547.7999878,-0.259519577
547.9000244,-0.268388748
548,-0.253892899
548.1000366,-0.263620377
548.2000122,-0.265146255
548.2999878,-0.259710312
548.4000244,-0.257469177
548.5,-0.259889126
548.6000366,-0.262905121
548.7000122,-0.259471893
548.7999878,-0.262952805
548.9000244,-0.259662628
549,-0.265003204
549.1000366,-0.267339706
549.2000122,-0.268198013
549.2999878,-0.258232117
549.4000244,-0.260950089
549.5,-0.255514145
549.6000366,-0.257278442
549.7000122,-0.258267879
549.7999878,-0.258503318
549.9000244,-0.258995056
550,-0.259471893
550.1000366,-0.261045456
550.2000122,-0.260091782
550.2999878,-0.25866127
550.4000244,-0.259376526
550.5,-0.261236191
550.6000366,-0.264669418
550.7000122,-0.263286591
550.7999878,-0.264812469
550.9000244,-0.260187149
551,-0.262666702
551.1000366,-0.257040024
551.2000122,-0.257040024
551.2999878,-0.256789684
551.4000244,-0.257326126
551.5,-0.255752563
551.6000366,-0.264431
551.7000122,-0.258565903
551.7999878,-0.261331558
551.9000244,-0.259614944
552,-0.262547493
552.1000366,-0.264287949
552.2000122,-0.264955521
552.2999878,-0.264621735
552.4000244,-0.262297153
552.5,-0.258899689
552.6000366,-0.26071167
552.7000122,-0.257707596
552.7999878,-0.255466461
552.9000244,-0.255752563
553,-0.260663986
553.1000366,-0.254512787
553.2000122,-0.260997772
553.2999878,-0.265861511
553.4000244,-0.262094498
553.5,-0.260854721
553.6000366,-0.257659912
553.7000122,-0.259281158
553.7999878,-0.254226685
553.9000244,-0.25403595
554,-0.262332916
554.1000366,-0.252033234
554.2000122,-0.258470535
554.2999878,-0.256038666
554.4000244,-0.256086349
554.5,-0.256324768
554.6000366,-0.25532341
554.7000122,-0.257707596
554.7999878,-0.255895615
554.9000244,-0.264621735
555,-0.249744415
555.1000366,-0.258422852
555.2000122,-0.260950089
555.2999878,-0.258947372
555.4000244,-0.257659912
555.5,-0.258041382
555.6000366,-0.261951447
555.7000122,-0.258899689
555.7999878,-0.252796173
555.9000244,-0.256706238
556,-0.260234833
556.1000366,-0.257898331
556.2000122,-0.251747131
556.2999878,-0.25866127
556.4000244,-0.253845215
556.5,-0.259281158
556.6000366,-0.257946014
556.7000122,-0.260044098
556.7999878,-0.25763607
556.9000244,-0.256515503
557,-0.256038666
557.1000366,-0.256134033
557.2000122,-0.256277084
557.2999878,-0.25570488
557.4000244,-0.254608154
557.5,-0.253034592
557.6000366,-0.262475967
557.7000122,-0.256372452
557.7999878,-0.251794815
557.9000244,-0.255895615
558,-0.260473251
558.1000366,-0.25494194
558.2000122,-0.257802963
558.2999878,-0.251127243
558.4000244,-0.253988266
558.5,-0.259853363
558.6000366,-0.259328842
558.7000122,-0.255752563
558.7999878,-0.255359173
558.9000244,-0.253129959
559,-0.253225327
559.1000366,-0.250793457
559.2000122,-0.252474308
559.2999878,-0.253320694
559.4000244,-0.252557755
559.5,-0.253702164
559.6000366,-0.251031876
559.7000122,-0.252986908
559.7999878,-0.24993515
559.9000244,-0.251031876
560,-0.258375168
560.1000366,-0.260807037
560.2000122,-0.262094498
560.2999878,-0.251842499
560.4000244,-0.254655838
560.5,-0.251699448
560.6000366,-0.250650406
560.7000122,-0.254798889
560.7999878,-0.25866127
560.9000244,-0.25570488
561,-0.250650406
561.1000366,-0.25737381
561.2000122,-0.255418777
561.2999878,-0.256324768
561.4000244,-0.250841141
561.5,-0.267530441
561.6000366,-0.252843857
561.7000122,-0.247026443
561.7999878,-0.258327484
561.9000244,-0.253129959
562,-0.249744415
562.1000366,-0.26109314
562.2000122,-0.258613586
562.2999878,-0.254655838
562.4000244,-0.254846573
562.5,-0.251413345
562.6000366,-0.253845215
562.7000122,-0.248170853
562.7999878,-0.254226685
562.9000244,-0.250793457
563,-0.250125885
563.1000366,-0.249172211
563.2000122,-0.251508713
563.2999878,-0.251651764
563.4000244,-0.255084991
563.5,-0.253797531
563.6000366,-0.251890182
563.7000122,-0.25160408
563.7999878,-0.250268936
563.9000244,-0.254751205
564,-0.249410629
564.1000366,-0.254655838
564.2000122,-0.252700806
564.2999878,-0.25532341
564.4000244,-0.260091782
564.5,-0.251651764
564.6000366,-0.255180359
564.7000122,-0.249219894
564.7999878,-0.251317978
564.9000244,-0.253702164
565,-0.25185442
565.1000366,-0.251031876
565.2000122,-0.251365662
565.2999878,-0.25494194
565.4000244,-0.249696732
565.5,-0.259090424
565.6000366,-0.258470535
565.7000122,-0.252736568
565.7999878,-0.245452881
565.9000244,-0.247932434
566,-0.248600006
566.1000366,-0.25365448
566.2000122,-0.245357513
566.2999878,-0.257659912
566.4000244,-0.252414703
566.5,-0.249458313
566.6000366,-0.258518219
566.7000122,-0.252176285
566.7999878,-0.253797531
566.9000244,-0.254894257
567,-0.252319336
567.1000366,-0.25198555
567.2000122,-0.248361588
567.2999878,-0.249172211
567.4000244,-0.250757694
567.5,-0.253129959
567.6000366,-0.25236702
567.7000122,-0.250364304
567.7999878,-0.249374866
567.9000244,-0.246406555
568,-0.248361588
568.1000366,-0.250841141
568.2000122,-0.249601364
568.2999878,-0.252736568
568.4000244,-0.256181717
568.5,-0.254322052
568.6000366,-0.253034592
568.7000122,-0.251174927
568.7999878,-0.252843857
568.9000244,-0.255514145
569,-0.254095554
569.1000366,-0.255752563
569.2000122,-0.252271652
569.2999878,-0.249505997
569.4000244,-0.25198555
569.5,-0.252128601
569.6000366,-0.246788025
569.7000122,-0.243164063
569.7999878,-0.243402481
569.9000244,-0.25365448
570,-0.247598648
570.1000366,-0.253129959
570.2000122,-0.249362946
570.2999878,-0.25532341
570.4000244,-0.247598648
570.5,-0.252700806
570.6000366,-0.245834351
570.7000122,-0.249124527
570.7999878,-0.243831635
570.9000244,-0.255084991
571,-0.247217178
571.1000366,-0.253511429
571.2000122,-0.249124527
571.2999878,-0.24993515
571.4000244,-0.24980402
571.5,-0.24942553
571.6000366,-0.248504639
571.7000122,-0.249458313
571.7999878,-0.247694016
571.9000244,-0.248170853
572,-0.24749136
572.1000366,-0.246120453
572.2000122,-0.247980118
572.2999878,-0.245977402
572.4000244,-0.246823788
572.5,-0.246549606
572.6000366,-0.246788025
572.7000122,-0.246788025
572.7999878,-0.249839783
572.9000244,-0.247932434
573,-0.249172211
573.1000366,-0.249792099
573.2000122,-0.249124527
573.2999878,-0.251461029
573.4000244,-0.248576164
573.5,-0.247026443
573.6000366,-0.246692657
573.7000122,-0.247825146
573.7999878,-0.248886108
573.9000244,-0.248695374
574,-0.244403839
574.1000366,-0.246501923
574.2000122,-0.249792099
574.2999878,-0.247980118
574.4000244,-0.247407913
574.5,-0.246072769
574.6000366,-0.243211746
574.7000122,-0.245214462
574.7999878,-0.245536327
574.9000244,-0.246740341
575,-0.24697876
575.1000366,-0.244856834
575.2000122,-0.241733551
575.2999878,-0.243974686
575.4000244,-0.246454239
575.5,-0.245691299
575.6000366,-0.245929718
575.7000122,-0.245870113
575.7999878,-0.24530983
575.9000244,-0.246549606
576,-0.244308472
576.1000366,-0.242591858
576.2000122,-0.245071411
576.2999878,-0.251461029
576.4000244,-0.239969254
576.5,-0.245119095
576.6000366,-0.248218536
576.7000122,-0.248933792
576.7999878,-0.248147011
576.9000244,-0.247789383
577,-0.247646332
577.1000366,-0.247670174
577.2000122,-0.246740341
577.2999878,-0.248504639
577.4000244,-0.242830276
577.5,-0.244880676
577.6000366,-0.24325943
577.7000122,-0.247694016
577.7999878,-0.24621582
577.9000244,-0.245929718
578,-0.245357513
578.1000366,-0.244451523
578.2000122,-0.245786667
578.2999878,-0.243021011
578.4000244,-0.247741699
578.5,-0.240922928
578.6000366,-0.242019653
578.7000122,-0.244213104
578.7999878,-0.241781235
578.9000244,-0.239206314
579,-0.241685867
579.1000366,-0.247121811
579.2000122,-0.243116379
579.2999878,-0.239063263
579.4000244,-0.247360229
579.5,-0.2436409
579.6000366,-0.238777161
579.7000122,-0.24249649
579.7999878,-0.239683151
579.9000244,-0.243831635
580,-0.243164063
580.1000366,-0.244296551
580.2000122,-0.244976044
580.2999878,-0.245214462
580.4000244,-0.249458313
580.5,-0.250555038
580.6000366,-0.242401123
580.7000122,-0.239683151
580.7999878,-0.243783951
580.9000244,-0.24030304
581,-0.244403839
581.1000366,-0.244022369
581.2000122,-0.24300909
581.2999878,-0.242925644
581.4000244,-0.240684509
581.5,-0.245595932
581.6000366,-0.239015579
581.7000122,-0.24120903
581.7999878,-0.241006374
581.9000244,-0.244213104
582,-0.239587784
582.1000366,-0.244737625
582.2000122,-0.243402481
582.2999878,-0.240636826
582.4000244,-0.245834351
582.5,-0.240922928
582.6000366,-0.239349365
582.7000122,-0.249362946
582.7999878,-0.244737625
582.9000244,-0.248552322
583,-0.240732193
583.1000366,-0.246311188
583.2000122,-0.241399765
583.2999878,-0.24287796
583.4000244,-0.240779877
583.5,-0.24621582
583.6000366,-0.239826202
583.7000122,-0.237203598
583.7999878,-0.239718914
583.9000244,-0.241876602
584,-0.239969254
584.1000366,-0.241781235
584.2000122,-0.231433868
584.2999878,-0.237346649
584.4000244,-0.24287796
584.5,-0.234485626
584.6000366,-0.245452881
584.7000122,-0.242687225
584.7999878,-0.24249649
584.9000244,-0.242162704
585,-0.241304398
585.1000366,-0.241089821
585.2000122,-0.239063263
585.2999878,-0.241828918
585.4000244,-0.239826202
585.5,-0.236345291
585.6000366,-0.240636826
585.7000122,-0.245214462
585.7999878,-0.24287796
585.9000244,-0.242687225
586,-0.243831635
586.1000366,-0.244296551
586.2000122,-0.244403839
586.2999878,-0.244388938
586.4000244,-0.244260788
586.5,-0.244594574
586.6000366,-0.24030304
586.7000122,-0.243211746
586.7999878,-0.237155914
586.9000244,-0.24864769
587,-0.238395691
587.1000366,-0.23787117
587.2000122,-0.24492836
587.2999878,-0.247503281
587.4000244,-0.234962463
587.5,-0.243593216
587.6000366,-0.237346649
587.7000122,-0.2436409
587.7999878,-0.243497849
587.9000244,-0.238967896
588,-0.239683151
588.1000366,-0.244356155
588.2000122,-0.235773087
588.2999878,-0.240970612
588.4000244,-0.237394333
588.5,-0.243116379
588.6000366,-0.238300323
588.7000122,-0.240779877
588.7999878,-0.23992157
588.9000244,-0.23979044
589,-0.239587784
589.1000366,-0.238872528
589.2000122,-0.238824844
589.2999878,-0.240422249
589.4000244,-0.240165949
589.5,-0.240732193
589.6000366,-0.240684509
589.7000122,-0.239838123
589.7999878,-0.239873886
589.9000244,-0.238061905
590,-0.238502979
590.1000366,-0.238348007
590.2000122,-0.237728119
590.2999878,-0.238967896
590.4000244,-0.236953259
590.5,-0.234819412
590.6000366,-0.236297607
590.7000122,-0.239206314
590.7999878,-0.243164063
590.9000244,-0.236011505
591,-0.239635468
591.1000366,-0.231815338
591.2000122,-0.23825264
591.2999878,-0.23620224
591.4000244,-0.239110947
591.5,-0.239253998
591.6000366,-0.237728119
591.7000122,-0.23415184
591.7999878,-0.235844612
591.9000244,-0.236965179
592,-0.238830805
592.1000366,-0.241542816
592.2000122,-0.240970612
592.2999878,-0.236726761
592.4000244,-0.239397049
592.5,-0.231863022
592.6000366,-0.244260788
592.7000122,-0.238681793
592.7999878,-0.239063263
592.9000244,-0.238395691
593,-0.237716198
593.1000366,-0.237298965
593.2000122,-0.236106873
593.2999878,-0.23825264
593.4000244,-0.23774004
593.5,-0.238729477
593.6000366,-0.23787117
593.7000122,-0.238872528
593.7999878,-0.237203598
593.9000244,-0.23491478
594,-0.241256714
594.1000366,-0.239635468
594.2000122,-0.236154556
594.2999878,-0.240064621
594.4000244,-0.237537384
594.5,-0.236965179
594.6000366,-0.235916138
594.7000122,-0.244880676
594.7999878,-0.228572845
594.9000244,-0.238061905
595,-0.24621582
595.1000366,-0.235296249
595.2000122,-0.237060547
595.2999878,-0.239397049
595.4000244,-0.242925644
595.5,-0.232912064
595.6000366,-0.242305756
595.7000122,-0.225759506
595.7999878,-0.236154556
595.9000244,-0.235200882
596,-0.234724045
596.1000366,-0.24325943
596.2000122,-0.235773087
596.2999878,-0.241065979
596.4000244,-0.245119095
596.5,-0.233484268
596.6000366,-0.240159988
596.7000122,-0.234580994
596.7999878,-0.237346649
596.9000244,-0.234008789
597,-0.236106873
597.1000366,-0.237823486
597.2000122,-0.235916138
597.2999878,-0.235057831
597.4000244,-0.234676361
597.5,-0.235725403
597.6000366,-0.235796928
597.7000122,-0.235582352
597.7999878,-0.237203598
597.9000244,-0.229812622
598,-0.235391617
598.1000366,-0.242019653
598.2000122,-0.238014221
598.2999878,-0.237155914
598.4000244,-0.238538742
598.5,-0.230051041
598.6000366,-0.238872528
598.7000122,-0.232292175
598.7999878,-0.229240417
598.9000244,-0.23453331
599,-0.226379395
599.1000366,-0.244308472
599.2000122,-0.23415184
599.2999878,-0.239206314
599.4000244,-0.231386185
599.5,-0.238872528
599.6000366,-0.235630035
599.7000122,-0.2374897
599.7999878,-0.235630035
599.9000244,-0.229669571
600,-0.238586426
600.1000366,-0.232912064
600.2000122,-0.236822128
600.2999878,-0.235343933
600.4000244,-0.238824844
600.5,-0.232578278
600.6000366,-0.235725403
600.7000122,-0.232959747
600.7999878,-0.231004715
600.9000244,-0.231290817
601,-0.240207672
601.1000366,-0.23210144
601.2000122,-0.237680435
601.2999878,-0.229955673
601.4000244,-0.229240417
601.5,-0.231779575
601.6000366,-0.232196808
601.7000122,-0.235725403
601.7999878,-0.234485626
601.9000244,-0.230480194
602,-0.227571487
602.1000366,-0.235725403
602.2000122,-0.231004715
602.2999878,-0.237251282
602.4000244,-0.238109589
602.5,-0.234247208
602.6000366,-0.239444733
602.7000122,-0.234342575
602.7999878,-0.238395691
602.9000244,-0.228954315
603,-0.237966537
603.1000366,-0.236726761
603.2000122,-0.233150482
603.2999878,-0.230146408
603.4000244,-0.234342575
603.5,-0.232292175
603.6000366,-0.238157272
603.7000122,-0.236154556
603.7999878,-0.237966537
603.9000244,-0.232625961
604,-0.237728119
604.1000366,-0.230957031
604.2000122,-0.229669571
604.2999878,-0.235105515
604.4000244,-0.232196808
604.5,-0.233579636
604.6000366,-0.234437943
604.7000122,-0.234986305
604.7999878,-0.236011505
604.9000244,-0.235916138
605,-0.232149124
605.1000366,-0.227905273
605.2000122,-0.231767654
605.2999878,-0.230861664
605.4000244,-0.230980873
605.5,-0.230861664
605.6000366,-0.23043251
605.7000122,-0.228620529
605.7999878,-0.23157692
605.9000244,-0.237203598
606,-0.229192734
606.1000366,-0.236679077
606.2000122,-0.230575562
606.2999878,-0.229478836
606.4000244,-0.233436584
606.5,-0.232578278
606.6000366,-0.233150482
606.7000122,-0.233675003
606.7999878,-0.232912064
606.9000244,-0.230718613
607,-0.227666855
607.1000366,-0.232673645
607.2000122,-0.228715897
607.2999878,-0.235582352
607.4000244,-0.231052399
607.5,-0.239397049
607.6000366,-0.22208786
607.7000122,-0.233150482
607.7999878,-0.22990799
607.9000244,-0.232053757
608,-0.232435226
608.1000366,-0.231624603
608.2000122,-0.230456352
608.2999878,-0.228906631
608.4000244,-0.228858948
608.5,-0.232244492
608.6000366,-0.233007431
608.7000122,-0.231910706
608.7999878,-0.231112003
608.9000244,-0.228715897
609,-0.23081398
609.1000366,-0.23377037
609.2000122,-0.232912064
609.2999878,-0.233722687
609.4000244,-0.232530594
609.5,-0.235916138
609.6000366,-0.234628677
609.7000122,-0.229574203
609.7999878,-0.226665497
609.9000244,-0.235868454
610,-0.236249924
610.1000366,-0.230051041
610.2000122,-0.234962463
610.2999878,-0.231386185
610.4000244,-0.237442017
610.5,-0.232339859
610.6000366,-0.228906631
610.7000122,-0.229192734
610.7999878,-0.229574203
610.9000244,-0.229049683
611,-0.229860306
611.1000366,-0.231863022
611.2000122,-0.23324585
611.2999878,-0.233865738
611.4000244,-0.231112003
611.5,-0.227619171
611.6000366,-0.229717255
611.7000122,-0.226427078
611.7999878,-0.228954315
611.9000244,-0.22990799
612,-0.229764938
612.1000366,-0.236297607
612.2000122,-0.224710464
612.2999878,-0.230289459
612.4000244,-0.225616455
612.5,-0.230241776
612.6000366,-0.227714539
612.7000122,-0.227190018
612.7999878,-0.230098724
612.9000244,-0.231529236
613,-0.227523804
613.1000366,-0.223279953
613.2000122,-0.238824844
613.2999878,-0.226665497
613.4000244,-0.233102798
613.5,-0.226331711
613.6000366,-0.233198166
613.7000122,-0.225664139
613.7999878,-0.225187302
613.9000244,-0.231004715
614,-0.221420288
614.1000366,-0.228334427
614.2000122,-0.229001999
614.2999878,-0.235248566
614.4000244,-0.22876358
614.5,-0.233579636
614.6000366,-0.224662781
614.7000122,-0.233293533
614.7999878,-0.230051041
614.9000244,-0.233615398
615,-0.236106873
615.1000366,-0.235010147
615.2000122,-0.234485626
615.2999878,-0.231290817
615.4000244,-0.230003357
615.5,-0.230957031
615.6000366,-0.229431152
615.7000122,-0.227142334
615.7999878,-0.227190018
615.9000244,-0.22721386
616,-0.226236343
616.1000366,-0.228286743
616.2000122,-0.230575562
616.2999878,-0.22170639
616.4000244,-0.229335785
616.5,-0.224996567
616.6000366,-0.225616455
616.7000122,-0.226284027
616.7999878,-0.228858948
616.9000244,-0.224805832
617,-0.23248291
617.1000366,-0.231100082
617.2000122,-0.231600761
617.2999878,-0.231290817
617.4000244,-0.231529236
617.5,-0.229121208
617.6000366,-0.228048325
617.7000122,-0.225616455
617.7999878,-0.229383469
617.9000244,-0.232149124
618,-0.223852158
618.1000366,-0.222898483
618.2000122,-0.232625961
618.2999878,-0.233531952
618.4000244,-0.226236343
618.5,-0.229383469
618.6000366,-0.225616455
618.7000122,-0.230766296
618.7999878,-0.232959747
618.9000244,-0.21836853
619,-0.220752716
619.1000366,-0.22914505
619.2000122,-0.231719971
619.2999878,-0.230718613
619.4000244,-0.228620529
619.5,-0.225187302
619.6000366,-0.226462841
619.7000122,-0.226570129
619.7999878,-0.225473404
619.9000244,-0.226939678
620,-0.228429794
620.1000366,-0.227285385
620.2000122,-0.226617813
620.2999878,-0.218893051
620.4000244,-0.228572845
620.5,-0.222135544
620.6000366,-0.223995209
620.7000122,-0.222564697
620.7999878,-0.222624302
620.9000244,-0.220609665
621,-0.223327637
621.1000366,-0.222946167
621.2000122,-0.223852158
621.2999878,-0.223995209
621.4000244,-0.222362041
621.5,-0.220132828
621.6000366,-0.221467972
621.7000122,-0.221801758
621.7999878,-0.225616455
621.9000244,-0.22375679
622,-0.225854874
622.1000366,-0.226808548
622.2000122,-0.22734499
622.2999878,-0.227333069
622.4000244,-0.229383469
622.5,-0.236822128
622.6000366,-0.217748642
622.7000122,-0.224567413
622.7999878,-0.230098724
622.9000244,-0.226760864
623,-0.223852158
623.1000366,-0.230051041
623.2000122,-0.214172363
623.2999878,-0.223566055
623.4000244,-0.231719971
623.5,-0.228191376
623.6000366,-0.2208004
623.7000122,-0.228525162
623.7999878,-0.223279953
623.9000244,-0.227619171
624,-0.227809906
624.1000366,-0.227237701
624.2000122,-0.223470688
624.2999878,-0.218893051
624.4000244,-0.227762222
624.5,-0.224185944
624.6000366,-0.219751358
624.7000122,-0.218273163
624.7999878,-0.224805832
624.9000244,-0.225950241
625,-0.225318432
625.1000366,-0.226284027
625.2000122,-0.224233627
625.2999878,-0.226999283
625.4000244,-0.221372604
625.5,-0.217987061
625.6000366,-0.222946167
625.7000122,-0.225234985
625.7999878,-0.224567413
625.9000244,-0.227523804
626,-0.216890335
626.1000366,-0.231004715
626.2000122,-0.225187302
626.2999878,-0.230861664
626.4000244,-0.224758148
626.5,-0.225616455
626.6000366,-0.228858948
626.7000122,-0.22914505
626.7999878,-0.226129055
626.9000244,-0.224805832
627,-0.22170639
627.1000366,-0.220752716
627.2000122,-0.225950241
627.2999878,-0.215984344
627.4000244,-0.223423004
627.5,-0.223232269
627.6000366,-0.218320847
627.7000122,-0.223852158
627.7999878,-0.229431152
627.9000244,-0.231147766
628,-0.230623245
628.1000366,-0.229478836
628.2000122,-0.232435226
628.2999878,-0.227237701
628.4000244,-0.224185944
628.5,-0.224328995
628.6000366,-0.222373962
628.7000122,-0.218511581
628.7999878,-0.224233627
628.9000244,-0.21746254
629,-0.230766296
629.1000366,-0.224042892
629.2000122,-0.227714539
629.2999878,-0.228954315
629.4000244,-0.222755432
629.5,-0.22337532
629.6000366,-0.225330353
629.7000122,-0.225664139
629.7999878,-0.220705032
629.9000244,-0.21708107
630,-0.222946167
630.1000366,-0.220991135
630.2000122,-0.231529236
630.2999878,-0.226999283
630.4000244,-0.226689339
630.5,-0.223423004
630.6000366,-0.224805832
630.7000122,-0.233007431
630.7999878,-0.214029312
630.9000244,-0.221134186
631,-0.222660065
631.1000366,-0.225282669
631.2000122,-0.230384827
631.2999878,-0.222707748
631.4000244,-0.21746254
631.5,-0.217700958
631.6000366,-0.219751358
631.7000122,-0.223613739
631.7999878,-0.221849442
631.9000244,-0.221467972
632,-0.222564697
632.1000366,-0.226903915
632.2000122,-0.220705032
632.2999878,-0.213171005
632.4000244,-0.219894409
632.5,-0.220371246
632.6000366,-0.221754074
632.7000122,-0.218559265
632.7999878,-0.221086502
632.9000244,-0.221801758
633,-0.221265316
633.1000366,-0.22118187
633.2000122,-0.220991135
633.2999878,-0.221467972
633.4000244,-0.221944809
633.5,-0.221229553
633.6000366,-0.223566055
633.7000122,-0.22504425
633.7999878,-0.221527576
633.9000244,-0.219512939
634,-0.217987061
634.1000366,-0.217653275
634.2000122,-0.220216274
634.2999878,-0.222183228
634.4000244,-0.223041534
634.5,-0.22451973
634.6000366,-0.225759506
634.7000122,-0.220895767
634.7999878,-0.225854874
634.9000244,-0.221801758
635,-0.218702316
635.1000366,-0.228525162
635.2000122,-0.215555191
635.2999878,-0.224805832
635.4000244,-0.213790894
635.5,-0.220180511
635.6000366,-0.215698242
635.7000122,-0.226379395
635.7999878,-0.216747284
635.9000244,-0.222040176
636,-0.214506149
636.1000366,-0.210739136
636.2000122,-0.212026596
636.2999878,-0.213433266
636.4000244,-0.216610193
636.5,-0.219608307
636.6000366,-0.221372604
636.7000122,-0.227380753
636.7999878,-0.226331711
636.9000244,-0.216794968
637,-0.221467972
637.1000366,-0.218142033
637.2000122,-0.217224121
637.2999878,-0.21708107
637.4000244,-0.221754074
637.5,-0.223804474
637.6000366,-0.219226837
637.7000122,-0.221086502
637.7999878,-0.22195673
637.9000244,-0.223804474
638,-0.223709106
638.1000366,-0.220466614
638.2000122,-0.221611023
638.2999878,-0.223566055
638.4000244,-0.22106266
638.5,-0.218034744
638.6000366,-0.221038818
638.7000122,-0.224996567
638.7999878,-0.220514297
638.9000244,-0.218559265
639,-0.217891693
639.1000366,-0.225378036
639.2000122,-0.219179153
639.2999878,-0.213790894
639.4000244,-0.222230911
639.5,-0.224853516
639.6000366,-0.225568771
639.7000122,-0.216175079
639.7999878,-0.218463898
639.9000244,-0.21298027
640,-0.22041893
640.1000366,-0.225664139
640.2000122,-0.220657349
640.2999878,-0.21746254
640.4000244,-0.21503067
640.5,-0.218559265
640.6000366,-0.217796326
640.7000122,-0.218130112
640.7999878,-0.212121964
640.9000244,-0.224185944
641,-0.218463898
641.1000366,-0.2228508
641.2000122,-0.219608307
641.2999878,-0.221467972
641.4000244,-0.219894409
641.5,-0.212503433
641.6000366,-0.214172363
641.7000122,-0.218702316
641.7999878,-0.218797684
641.9000244,-0.217510223
642,-0.216032028
642.1000366,-0.218559265
642.2000122,-0.219369888
642.2999878,-0.222517014
642.4000244,-0.217367172
642.5,-0.219179153
642.6000366,-0.215126038
642.7000122,-0.214267731
642.7999878,-0.214708805
642.9000244,-0.215984344
643,-0.213457108
643.1000366,-0.216532707
643.2000122,-0.217367172
643.2999878,-0.219322205
643.4000244,-0.222564697
643.5,-0.21875
643.6000366,-0.216032028
643.7000122,-0.219846725
643.7999878,-0.217510223
643.9000244,-0.221134186
644,-0.213457108
644.1000366,-0.218416214
644.2000122,-0.223279953
644.2999878,-0.218845367
644.4000244,-0.224376678
644.5,-0.213838577
644.6000366,-0.217653275
644.7000122,-0.222993851
644.7999878,-0.213933945
644.9000244,-0.219655991
645,-0.225234985
645.1000366,-0.215269089
645.2000122,-0.212503433
645.2999878,-0.220561981
645.4000244,-0.21631813
645.5,-0.220275879
645.6000366,-0.214553833
645.7000122,-0.208164215
645.7999878,-0.225902557
645.9000244,-0.21245575
646,-0.21541214
646.1000366,-0.219655991
646.2000122,-0.219322205
646.2999878,-0.217820168
646.4000244,-0.21708107
646.5,-0.215221405
646.6000366,-0.212694168
646.7000122,-0.208211899
646.7999878,-0.218416214
646.9000244,-0.214315414
647,-0.211549759
647.1000366,-0.212217331
647.2000122,-0.21913147
647.2999878,-0.219226837
647.4000244,-0.213171005
647.5,-0.211740494
647.6000366,-0.224758148
647.7000122,-0.217748642
647.7999878,-0.222421646
647.9000244,-0.21040535
648,-0.22041893
648.1000366,-0.215364456
648.2000122,-0.210309982
648.2999878,-0.21875
648.4000244,-0.215602875
648.5,-0.217367172
648.6000366,-0.21412468
648.7000122,-0.213838577
648.7999878,-0.213695526
648.9000244,-0.216985703
649,-0.215483665
649.1000366,-0.216413498
649.2000122,-0.214839935
649.2999878,-0.217319489
649.4000244,-0.215173721
649.5,-0.214982986
649.6000366,-0.214172363
649.7000122,-0.213266373
649.7999878,-0.216890335
649.9000244,-0.212932587
650,-0.219369888
650.1000366,-0.211978912
650.2000122,-0.219894409
650.2999878,-0.216747284
650.4000244,-0.220561981
650.5,-0.217224121
650.6000366,-0.217271805
650.7000122,-0.215888977
650.7999878,-0.205827713
650.9000244,-0.209308624
651,-0.218702316
651.1000366,-0.212026596
651.2000122,-0.214744568
651.2999878,-0.213600159
651.4000244,-0.22041893
651.5,-0.210119247
651.6000366,-0.220132828
651.7000122,-0.208831787
651.7999878,-0.216175079
651.9000244,-0.218559265
652,-0.218404293
652.1000366,-0.219799042
652.2000122,-0.219083786
652.2999878,-0.215936661
652.4000244,-0.216794968
652.5,-0.214410782
652.6000366,-0.214041233
652.7000122,-0.211072922
652.7999878,-0.213886261
652.9000244,-0.217033386
653,-0.212932587
653.1000366,-0.215126038
653.2000122,-0.216890335
653.2999878,-0.217414856
653.4000244,-0.212217331
653.5,-0.211502075
653.6000366,-0.215316772
653.7000122,-0.214982986
653.7999878,-0.212837219
653.9000244,-0.217653275
654,-0.20501709
654.1000366,-0.208211899
654.2000122,-0.216127396
654.2999878,-0.216985703
654.4000244,-0.219608307
654.5,-0.217033386
654.6000366,-0.215650558
654.7000122,-0.215888977
654.7999878,-0.211597443
654.9000244,-0.209547043
655,-0.210500717
655.1000366,-0.205493927
655.2000122,-0.216890335
655.2999878,-0.212932587
655.4000244,-0.214553833
655.5,-0.218273163
655.6000366,-0.212217331
655.7000122,-0.208021164
655.7999878,-0.213123322
655.9000244,-0.216222763
656,-0.204444885
656.1000366,-0.208068848
656.2000122,-0.213647842
656.2999878,-0.20501709
656.4000244,-0.210357666
656.5,-0.214220047
656.6000366,-0.210834503
656.7000122,-0.213600159
656.7999878,-0.215173721
656.9000244,-0.214172363
657,-0.208641052
657.1000366,-0.208307266
657.2000122,-0.20848608
657.2999878,-0.208974838
657.4000244,-0.208021164
657.5,-0.205112457
657.6000366,-0.209606647
657.7000122,-0.21336174
657.7999878,-0.211931229
657.9000244,-0.212408066
658,-0.209690094
658.1000366,-0.2146492
658.2000122,-0.209737778
658.2999878,-0.211502075
658.4000244,-0.212551117
658.5,-0.209499359
658.6000366,-0.208593369
658.7000122,-0.213695526
658.7999878,-0.207162857
658.9000244,-0.210739136
659,-0.220466614
659.1000366,-0.210500717
659.2000122,-0.204969406
659.2999878,-0.210882187
659.4000244,-0.214315414
659.5,-0.212169647
659.6000366,-0.21336174
659.7000122,-0.210596085
659.7999878,-0.213075638
659.9000244,-0.20167923
660,-0.203872681
660.1000366,-0.20797348
660.2000122,-0.207496643
660.2999878,-0.210691452
660.4000244,-0.20539856
660.5,-0.214506149
660.6000366,-0.21040535
660.7000122,-0.214172363
660.7999878,-0.211072922
660.9000244,-0.212503433
661,-0.20835495
661.1000366,-0.21631813
661.2000122,-0.201965332
661.2999878,-0.205350876
661.4000244,-0.206018448
661.5,-0.206387997
661.6000366,-0.206876755
661.7000122,-0.207305908
661.7999878,-0.207878113
661.9000244,-0.210166931
662,-0.213027954
662.1000366,-0.21245575
662.2000122,-0.216938019
662.2999878,-0.206638336
662.4000244,-0.215173721
662.5,-0.213647842
662.6000366,-0.209165573
662.7000122,-0.206018448
662.7999878,-0.21169281
662.9000244,-0.214887619
663,-0.207353592
663.1000366,-0.211263657
663.2000122,-0.213457108
663.2999878,-0.218082428
663.4000244,-0.216604233
663.5,-0.212789536
663.6000366,-0.217605591
663.7000122,-0.209737778
663.7999878,-0.208974838
663.9000244,-0.211025238
664,-0.210882187
664.1000366,-0.205541611
664.2000122,-0.20797348
664.2999878,-0.205255508
664.4000244,-0.209070206
664.5,-0.211549759
664.6000366,-0.212503433
664.7000122,-0.212026596
664.7999878,-0.208927155
664.9000244,-0.214553833
665,-0.21040535
665.1000366,-0.201726913
665.2000122,-0.210739136
665.2999878,-0.207735062
665.4000244,-0.216222763
665.5,-0.215745926
665.6000366,-0.214887619
665.7000122,-0.211931229
665.7999878,-0.215650558
665.9000244,-0.211549759
666,-0.210977554
666.1000366,-0.209833145
666.2000122,-0.208164215
666.2999878,-0.208641052
666.4000244,-0.212026596
666.5,-0.21631813
666.6000366,-0.210453033
666.7000122,-0.213123322
666.7999878,-0.214172363
666.9000244,-0.214506149
667,-0.211549759
667.1000366,-0.202442169
667.2000122,-0.210882187
667.2999878,-0.205112457
667.4000244,-0.207019806
667.5,-0.209260941
667.6000366,-0.215602875
667.7000122,-0.211883545
667.7999878,-0.209833145
667.9000244,-0.214696884
668,-0.207544327
668.1000366,-0.214935303
668.2000122,-0.206590652
668.2999878,-0.208784103
668.4000244,-0.200439453
668.5,-0.202394485
668.6000366,-0.21131134
668.7000122,-0.21836853
668.7999878,-0.208307266
668.9000244,-0.203634262
669,-0.213504791
669.1000366,-0.203634262
669.2000122,-0.211120605
669.2999878,-0.204683304
669.4000244,-0.200248718
669.5,-0.211263657
669.6000366,-0.20797348
669.7000122,-0.21374321
669.7999878,-0.211835861
669.9000244,-0.207019806
670,-0.207258224
670.1000366,-0.206447601
670.2000122,-0.213027954
670.2999878,-0.206209183
670.4000244,-0.211835861
670.5,-0.208307266
670.6000366,-0.214839935
670.7000122,-0.209165573
670.7999878,-0.211978912
670.9000244,-0.210596085
671,-0.209165573
671.1000366,-0.204397202
671.2000122,-0.210786819
671.2999878,-0.202060699
671.4000244,-0.210643768
671.5,-0.209785461
671.6000366,-0.209547043
671.7000122,-0.202680588
671.7999878,-0.202632904
671.9000244,-0.205160141
672,-0.205493927
672.1000366,-0.200248718
672.2000122,-0.204349518
672.2999878,-0.201393127
672.4000244,-0.209785461
672.5,-0.206161499
672.6000366,-0.215888977
672.7000122,-0.209260941
672.7999878,-0.203300476
672.9000244,-0.210643768
673,-0.207496643
673.1000366,-0.207639694
673.2000122,-0.209439754
673.2999878,-0.211454391
673.4000244,-0.211168289
673.5,-0.211359024
673.6000366,-0.206733704
673.7000122,-0.204921722
673.7999878,-0.20835495
673.9000244,-0.221611023
674,-0.201726913
674.1000366,-0.211215973
674.2000122,-0.204063416
674.2999878,-0.205064774
674.4000244,-0.204838276
674.5,-0.205827713
674.6000366,-0.204397202
674.7000122,-0.204874039
674.7999878,-0.206495285
674.9000244,-0.202680588
675,-0.20835495
675.1000366,-0.212551117
675.2000122,-0.199771881
675.2999878,-0.206352234
675.4000244,-0.208927155
675.5,-0.202728271
675.6000366,-0.203300476
675.7000122,-0.211120605
675.7999878,-0.202489853
675.9000244,-0.207353592
676,-0.206638336
676.1000366,-0.203300476
676.2000122,-0.204683304
676.2999878,-0.207353592
676.4000244,-0.20167923
676.5,-0.212312698
676.6000366,-0.201107025
676.7000122,-0.212884903
676.7999878,-0.211597443
676.9000244,-0.203681946
677,-0.208688736
677.1000366,-0.202680588
677.2000122,-0.200487137
677.2999878,-0.203157425
677.4000244,-0.206113815
677.5,-0.206733704
677.6000366,-0.207210541
677.7000122,-0.203824997
677.7999878,-0.209165573
677.9000244,-0.203252792
678,-0.202632904
678.1000366,-0.202299118
678.2000122,-0.202060699
678.2999878,-0.204444885
678.4000244,-0.212121964
678.5,-0.207878113
678.6000366,-0.202346802
678.7000122,-0.200487137
678.7999878,-0.202251434
678.9000244,-0.202823639
679,-0.203157425
679.1000366,-0.206447601
679.2000122,-0.209165573
679.2999878,-0.205589294
679.4000244,-0.20630455
679.5,-0.207866192
679.6000366,-0.208641052
679.7000122,-0.210929871
679.7999878,-0.210929871
679.9000244,-0.208164215
680,-0.200487137
680.1000366,-0.202919006
680.2000122,-0.210882187
680.2999878,-0.209022522
680.4000244,-0.20129776
680.5,-0.201107025
680.6000366,-0.203383923
680.7000122,-0.207019806
680.7999878,-0.204111099
680.9000244,-0.209308624
681,-0.200057983
681.1000366,-0.206590652
681.2000122,-0.204921722
681.2999878,-0.202346802
681.4000244,-0.206542969
681.5,-0.200582504
681.6000366,-0.199342728
681.7000122,-0.201059341
681.7999878,-0.203431606
681.9000244,-0.205780029
682,-0.207544327
682.1000366,-0.202525616
682.2000122,-0.199008942
682.2999878,-0.197769165
682.4000244,-0.199986458
682.5,-0.201869965
682.6000366,-0.20129776
682.7000122,-0.201834202
682.7999878,-0.202060699
682.9000244,-0.202108383
683,-0.201202393
683.1000366,-0.203383923
683.2000122,-0.204826355
683.2999878,-0.20539856
683.4000244,-0.197912216
683.5,-0.19962883
683.6000366,-0.207925797
683.7000122,-0.208211899
683.7999878,-0.204969406
683.9000244,-0.201154709
684,-0.198007584
684.1000366,-0.208879471
684.2000122,-0.204111099
684.2999878,-0.200725555
684.4000244,-0.206733704
684.5,-0.202108383
684.6000366,-0.211025238
684.7000122,-0.205732346
684.7999878,-0.203920364
684.9000244,-0.20258522
685,-0.201250076
685.1000366,-0.207878113
685.2000122,-0.204301834
685.2999878,-0.198436737
685.4000244,-0.205207825
685.5,-0.199438095
685.6000366,-0.206876755
685.7000122,-0.203681946
685.7999878,-0.198818207
685.9000244,-0.205064774
686,-0.203777313
686.1000366,-0.203920364
686.2000122,-0.202513695
686.2999878,-0.200439453
686.4000244,-0.201917648
686.5,-0.202251434
686.6000366,-0.198532104
686.7000122,-0.201774597
686.7999878,-0.204111099
686.9000244,-0.202108383
687,-0.198246002
687.1000366,-0.197244644
687.2000122,-0.202096462
687.2999878,-0.207305908
687.4000244,-0.205589294
687.5,-0.213695526
687.6000366,-0.195289612
687.7000122,-0.210834503
687.7999878,-0.198818207
687.9000244,-0.201011658
688,-0.196958542
688.1000366,-0.203824997
688.2000122,-0.200630188
688.2999878,-0.197483063
688.4000244,-0.202680588
688.5,-0.204111099
688.6000366,-0.204778671
688.7000122,-0.202537537
688.7999878,-0.201631546
688.9000244,-0.195957184
689,-0.200439453
689.1000366,-0.204111099
689.2000122,-0.199914932
689.2999878,-0.197769165
689.4000244,-0.196624756
689.5,-0.200201035
689.6000366,-0.196338654
689.7000122,-0.203491211
689.7999878,-0.201202393
689.9000244,-0.197053909
690,-0.20372963
690.1000366,-0.201869965
690.2000122,-0.197769165
690.2999878,-0.197292328
690.4000244,-0.199962616
690.5,-0.203681946
690.6000366,-0.203014374
690.7000122,-0.20425415
690.7999878,-0.198436737
690.9000244,-0.208498001
691,-0.199724197
691.1000366,-0.19834137
691.2000122,-0.1979599
691.2999878,-0.2000103
691.4000244,-0.202728271
691.5,-0.201011658
691.6000366,-0.203491211
691.7000122,-0.204444885
691.7999878,-0.205780029
691.9000244,-0.205470085
692,-0.205875397
692.1000366,-0.205780029
692.2000122,-0.203407764
692.2999878,-0.200105667
692.4000244,-0.201869965
692.5,-0.203336239
692.6000366,-0.206924438
692.7000122,-0.204444885
692.7999878,-0.201440811
692.9000244,-0.195480347
693,-0.200391769
693.1000366,-0.198746681
693.2000122,-0.199724197
693.2999878,-0.199390411
693.4000244,-0.202537537
693.5,-0.200248718
693.6000366,-0.199438095
693.7000122,-0.19962883
693.7999878,-0.20065403
693.9000244,-0.201345444
694,-0.202203751
694.1000366,-0.206066132
694.2000122,-0.197101593
694.2999878,-0.206018448
694.4000244,-0.19962883
694.5,-0.202871323
694.6000366,-0.198389053
694.7000122,-0.204730988
694.7999878,-0.1979599
694.9000244,-0.202442169
695,-0.200439453
695.1000366,-0.198293686
695.2000122,-0.201631546
695.2999878,-0.201107025
695.4000244,-0.202275276
695.5,-0.203681946
695.6000366,-0.202680588
695.7000122,-0.201345444
695.7999878,-0.204587936
695.9000244,-0.197626114
696,-0.194812775
696.1000366,-0.194955826
696.2000122,-0.195802212
696.2999878,-0.197483063
696.4000244,-0.195957184
696.5,-0.202013016
696.6000366,-0.199724197
696.7000122,-0.196004868
696.7999878,-0.200773239
696.9000244,-0.197864532
697,-0.193429947
697.1000366,-0.203824997
697.2000122,-0.200677872
697.2999878,-0.202716351
697.4000244,-0.203920364
697.5,-0.202442169
697.6000366,-0.204051495
697.7000122,-0.204492569
697.7999878,-0.205350876
697.9000244,-0.197721481
698,-0.202299118
698.1000366,-0.192762375
698.2000122,-0.198198318
698.2999878,-0.204444885
698.4000244,-0.194526672
698.5,-0.200963974
698.6000366,-0.200630188
698.7000122,-0.199676514
698.7999878,-0.197483063
698.9000244,-0.200439453
699,-0.199390411
699.1000366,-0.194335938
699.2000122,-0.201631546
699.2999878,-0.197626114
699.4000244,-0.195146561
699.5,-0.199485779
699.6000366,-0.189853668
699.7000122,-0.201631546
699.7999878,-0.198532104
699.9000244,-0.197816849
700,-0.196445942
700.1000366,-0.195861816
700.2000122,-0.193572998
700.2999878,-0.195957184
700.4000244,-0.199867249
700.5,-0.200391769
700.6000366,-0.204587936
700.7000122,-0.201858044
700.7999878,-0.201107025
700.9000244,-0.201345444
701,-0.198532104
701.1000366,-0.202060699
701.2000122,-0.197864532
701.2999878,-0.200963974
701.4000244,-0.200356007
701.5,-0.201965332
701.6000366,-0.200630188
701.7000122,-0.19552803
701.7999878,-0.191951752
701.9000244,-0.189424515
702,-0.195683002
702.1000366,-0.199771881
702.2000122,-0.201583862
702.2999878,-0.194478989
702.4000244,-0.20129776
702.5,-0.197721481
702.6000366,-0.201869965
702.7000122,-0.197435379
702.7999878,-0.195766449
702.9000244,-0.194526672
703,-0.204015732
703.1000366,-0.196767807
703.2000122,-0.20425415
703.2999878,-0.189805984
703.4000244,-0.19629097
703.5,-0.199819565
703.6000366,-0.198722839
703.7000122,-0.199962616
703.7999878,-0.203634262
703.9000244,-0.19219017
704,-0.196243286
704.1000366,-0.199867249
704.2000122,-0.200105667
704.2999878,-0.198460579
704.4000244,-0.197387695
704.5,-0.196481705
704.6000366,-0.197483063
704.7000122,-0.200630188
704.7999878,-0.194526672
704.9000244,-0.198961258
705,-0.20129776
705.1000366,-0.199819565
705.2000122,-0.198246002
705.2999878,-0.194431305
705.4000244,-0.191379547
705.5,-0.198198318
705.6000366,-0.19629097
705.7000122,-0.200773239
705.7999878,-0.198818207
705.9000244,-0.19552803
706,-0.19924736
706.1000366,-0.192667007
706.2000122,-0.202013016
706.2999878,-0.190616608
706.4000244,-0.199390411
706.5,-0.192333221
706.6000366,-0.194574356
706.7000122,-0.193477631
706.7999878,-0.194526672
706.9000244,-0.196577072
707,-0.19719696
707.1000366,-0.195241928
707.2000122,-0.196243286
707.2999878,-0.195480347
707.4000244,-0.197864532
707.5,-0.192047119
707.6000366,-0.201822281
707.7000122,-0.195766449
707.7999878,-0.196004868
707.9000244,-0.194431305
708,-0.192142487
708.1000366,-0.198675156
708.2000122,-0.197244644
708.2999878,-0.194192886
708.4000244,-0.197769165
708.5,-0.194908142
708.6000366,-0.196434021
708.7000122,-0.197435379
708.7999878,-0.201440811
708.9000244,-0.186419964
709,-0.197435379
709.1000366,-0.1938591
709.2000122,-0.200057983
709.2999878,-0.201393127
709.4000244,-0.195098877
709.5,-0.194145203
709.6000366,-0.194204807
709.7000122,-0.192380905
709.7999878,-0.195194244
709.9000244,-0.19719696
710,-0.198532104
710.1000366,-0.205684662
710.2000122,-0.193239212
710.2999878,-0.199390411
710.4000244,-0.197053909
710.5,-0.194002151
710.6000366,-0.188947678
710.7000122,-0.199914932
710.7999878,-0.195289612
710.9000244,-0.189519882
711,-0.192380905
711.1000366,-0.199199677
711.2000122,-0.194908142
711.2999878,-0.192476273
711.4000244,-0.190425873
711.5,-0.195480347
711.6000366,-0.202632904
711.7000122,-0.205350876
711.7999878,-0.195241928
711.9000244,-0.192285538
712,-0.192285538
712.1000366,-0.195170403
712.2000122,-0.196481705
712.2999878,-0.19962883
712.4000244,-0.196004868
712.5,-0.189043045
712.6000366,-0.200439453
712.7000122,-0.19462204
712.7999878,-0.188804626
712.9000244,-0.19719696
713,-0.191808701
713.1000366,-0.192619324
713.2000122,-0.195623398
713.2999878,-0.193286896
713.4000244,-0.200439453
713.5,-0.201059341
713.6000366,-0.199855328
713.7000122,-0.19757843
713.7999878,-0.200344086
713.9000244,-0.197435379
714,-0.19924736
714.1000366,-0.193096161
714.2000122,-0.194955826
714.2999878,-0.196195602
714.4000244,-0.198198318
714.5,-0.198532104
714.6000366,-0.192774057
714.7000122,-0.186944485
714.7999878,-0.187421322
714.9000244,-0.195432663
715,-0.198102951
715.1000366,-0.198102951
715.2000122,-0.193429947
715.2999878,-0.199342728
715.4000244,-0.194955826
715.5,-0.196434021
715.6000366,-0.193763733
715.7000122,-0.193096161
715.7999878,-0.194955826
715.9000244,-0.199533463
716,-0.198913574
716.1000366,-0.196052551
716.2000122,-0.200105667
716.2999878,-0.190235138
716.4000244,-0.196195602
716.5,-0.190664291
716.6000366,-0.191761017
716.7000122,-0.193763733
716.7999878,-0.195766449
716.9000244,-0.196004868
717,-0.194145203
717.1000366,-0.193382263
717.2000122,-0.191951752
717.2999878,-0.191427231
717.4000244,-0.194526672
717.5,-0.196338654
717.6000366,-0.196565151
717.7000122,-0.19757843
717.7999878,-0.197816849
717.9000244,-0.198067188
718,-0.198484421
718.1000366,-0.198389053
718.2000122,-0.196362495
718.2999878,-0.1938591
718.4000244,-0.194717407
718.5,-0.192321301
718.6000366,-0.190711975
718.7000122,-0.189996719
718.7999878,-0.190855026
718.9000244,-0.193990231
719,-0.196720123
719.1000366,-0.198389053
719.2000122,-0.199581146
719.2999878,-0.19462204
719.4000244,-0.193096161
719.5,-0.198961258
719.6000366,-0.192237854
719.7000122,-0.198865891
719.7999878,-0.197530746
719.9000244,-0.191379547
720,-0.187994003
720.1000366,-0.187707901
720.2000122,-0.19090271
720.2999878,-0.199485779
720.4000244,-0.190187454
720.5,-0.198055267
720.6000366,-0.192237854
720.7000122,-0.196767807
720.7999878,-0.19052124
720.9000244,-0.195337296
721,-0.194002151
721.1000366,-0.194145203
721.2000122,-0.195075035
721.2999878,-0.197006226
721.4000244,-0.195146561
721.5,-0.194288254
721.6000366,-0.19629097
721.7000122,-0.1928339
721.7999878,-0.191236496
721.9000244,-0.189519882
722,-0.184846401
722.1000366,-0.188137054
722.2000122,-0.200677872
722.2999878,-0.192333221
722.4000244,-0.202060699
722.5,-0.187421322
722.6000366,-0.192285538
722.7000122,-0.192667007
722.7999878,-0.192094803
722.9000244,-0.191761017
723,-0.184989452
723.1000366,-0.196481705
723.2000122,-0.184560299
723.2999878,-0.195623398
723.4000244,-0.197435379
723.5,-0.188041687
723.6000366,-0.19128418
723.7000122,-0.200391769
723.7999878,-0.193191528
723.9000244,-0.196338654
724,-0.189472198
724.1000366,-0.194049835
724.2000122,-0.200487137
724.2999878,-0.191379547
724.4000244,-0.18847084
724.5,-0.193191528
724.6000366,-0.185037136
724.7000122,-0.195671082
724.7999878,-0.188995361
724.9000244,-0.190616608
725,-0.181985378
725.1000366,-0.196052551
725.2000122,-0.183320522
725.2999878,-0.187850952
725.4000244,-0.182748318
725.5,-0.198913574
725.6000366,-0.186086178
725.7000122,-0.191999435
725.7999878,-0.192476273
725.9000244,-0.193954468
726,-0.192452431
726.1000366,-0.193143845
726.2000122,-0.190235138
726.2999878,-0.191093445
726.4000244,-0.189829826
726.5,-0.190330505
726.6000366,-0.187660217
726.7000122,-0.188125014
726.7999878,-0.185895443
726.9000244,-0.188613892
727,-0.194145203
727.1000366,-0.188327789
727.2000122,-0.193096161
727.2999878,-0.193525314
727.4000244,-0.190950394
727.5,-0.189662933
727.6000366,-0.18923378
727.7000122,-0.197101593
727.7999878,-0.192094803
727.9000244,-0.18713522
728,-0.190807343
728.1000366,-0.187278271
728.2000122,-0.191093445
728.2999878,-0.188232422
728.4000244,-0.186896801
728.5,-0.192476273
728.6000366,-0.190187454
728.7000122,-0.182557583
728.7999878,-0.185895443
728.9000244,-0.189853668
729,-0.191808701
729.1000366,-0.186181545
729.2000122,-0.182462215
729.2999878,-0.189281464
729.4000244,-0.187755585
729.5,-0.186634779
729.6000366,-0.184798717
729.7000122,-0.18470335
729.7999878,-0.194097519
729.9000244,-0.189472198
730,-0.182033062
730.1000366,-0.195051193
730.2000122,-0.190092087
730.2999878,-0.187994003
730.4000244,-0.190759659
730.5,-0.190473557
730.6000366,-0.19295311
730.7000122,-0.185418606
730.7999878,-0.189805984
730.9000244,-0.194765091
731,-0.187707901
731.1000366,-0.195384979
731.2000122,-0.185418606
731.2999878,-0.194288254
731.4000244,-0.190664291
731.5,-0.193143845
731.6000366,-0.191641808
731.7000122,-0.192237854
731.7999878,-0.19052124
731.9000244,-0.185370922
732,-0.188137054
732.1000366,-0.189853668
732.2000122,-0.194717407
732.2999878,-0.186944485
732.4000244,-0.189853668
732.5,-0.19257164
732.6000366,-0.187612534
732.7000122,-0.187087536
732.7999878,-0.195861816
732.9000244,-0.193382263
733,-0.188089371
733.1000366,-0.18508482
733.2000122,-0.191188812
733.2999878,-0.187994003
733.4000244,-0.195051193
733.5,-0.183225155
733.6000366,-0.18794632
733.7000122,-0.192285538
733.7999878,-0.191808701
733.9000244,-0.187182903
734,-0.186944485
734.1000366,-0.185752392
734.2000122,-0.18546629
734.2999878,-0.18432188
734.4000244,-0.184846401
734.5,-0.187111616
734.6000366,-0.188995361
734.7000122,-0.190282822
734.7999878,-0.189257622
734.9000244,-0.189805984
735,-0.18794632
735.1000366,-0.188232422
735.2000122,-0.192905426
735.2999878,-0.184989452
735.4000244,-0.190473557
735.5,-0.1959095
735.6000366,-0.193477631
735.7000122,-0.191331863
735.7999878,-0.192905426
735.9000244,-0.190950394
736,-0.18599081
736.1000366,-0.195241928
736.2000122,-0.190568924
736.2999878,-0.191999435
736.4000244,-0.192619324
736.5,-0.185561657
736.6000366,-0.190807343
736.7000122,-0.182080746
736.7999878,-0.188280106
736.9000244,-0.19090271
737,-0.187660217
737.1000366,-0.184607983
737.2000122,-0.181460857
737.2999878,-0.184154987
737.4000244,-0.186276913
737.5,-0.184274197
737.6000366,-0.184369564
737.7000122,-0.185323238
737.7999878,-0.190378189
737.9000244,-0.187421322
738,-0.194288254
738.1000366,-0.182939053
738.2000122,-0.190711975
738.2999878,-0.190616608
738.4000244,-0.190211296
738.5,-0.190282822
738.6000366,-0.18923378
738.7000122,-0.187958002
738.7999878,-0.185370922
738.9000244,-0.186944485
739,-0.185847759
739.1000366,-0.182605267
739.2000122,-0.190425873
739.2999878,-0.184226513
739.4000244,-0.193954468
739.5,-0.185561657
739.6000366,-0.191570282
739.7000122,-0.184607983
739.7999878,-0.189043045
739.9000244,-0.186133862
740,-0.193954468
740.1000366,-0.191141129
740.2000122,-0.184989452
740.2999878,-0.188041687
740.4000244,-0.189567566
740.5,-0.188613892
740.6000366,-0.187731504
740.7000122,-0.186610699
740.7999878,-0.186133862
740.9000244,-0.192237854
741,-0.187087536
741.1000366,-0.194526672
741.2000122,-0.180268764
741.2999878,-0.185275555
741.4000244,-0.188756943
741.5,-0.185323238
741.6000366,-0.192667007
741.7000122,-0.192142487
741.7999878,-0.186276913
741.9000244,-0.186086178
742,-0.185287476
742.1000366,-0.184512615
742.2000122,-0.184274197
742.2999878,-0.184214592
742.4000244,-0.184274197
742.5,-0.183797359
742.6000366,-0.185657024
742.7000122,-0.187182903
742.7999878,-0.185323238
742.9000244,-0.181127071
743,-0.191093445
743.1000366,-0.186086178
743.2000122,-0.19219017
743.2999878,-0.183940411
743.4000244,-0.187039852
743.5,-0.184560299
743.6000366,-0.182939053
743.7000122,-0.186408281
743.7999878,-0.189519882
743.9000244,-0.188613892
744,-0.182271481
744.1000366,-0.18713522
744.2000122,-0.183272839
744.2999878,-0.191379547
744.4000244,-0.176072598
744.5,-0.189710617
744.6000366,-0.189329147
744.7000122,-0.189090729
744.7999878,-0.186563015
744.9000244,-0.187994003
745,-0.186181545
745.1000366,-0.186622739
745.2000122,-0.185513973
745.2999878,-0.186801434
745.4000244,-0.189472198
745.5,-0.18432188
745.6000366,-0.179410458
745.7000122,-0.184655666
745.7999878,-0.183749676
745.9000244,-0.180459499
746,-0.182509899
746.1000366,-0.189043045
746.2000122,-0.18923378
746.2999878,-0.188566208
746.4000244,-0.183558941
746.5,-0.191856384
746.6000366,-0.188327789
746.7000122,-0.191665649
746.7999878,-0.177741528
746.9000244,-0.181985378
747,-0.189472198
747.1000366,-0.189186096
747.2000122,-0.190473557
747.2999878,-0.188375473
747.4000244,-0.188136816
747.5,-0.186276913
747.6000366,-0.187421322
747.7000122,-0.186133862
747.7999878,-0.185919285
747.9000244,-0.185370922
748,-0.184751034
748.1000366,-0.185120583
748.2000122,-0.183845043
748.2999878,-0.186515331
748.4000244,-0.184798717
748.5,-0.189376831
748.6000366,-0.180125713
748.7000122,-0.189472198
748.7999878,-0.181317806
748.9000244,-0.188566208
749,-0.184178829
749.1000366,-0.181985378
749.2000122,-0.187660217
749.2999878,-0.184989452
749.4000244,-0.190425873
749.5,-0.185513973
749.6000366,-0.195718765
749.7000122,-0.185609341
749.7999878,-0.178885937
749.9000244,-0.187994003
750,-0.183749676
750.1000366,-0.193382263
750.2000122,-0.186086178
750.2999878,-0.183082104
750.4000244,-0.185370922
750.5,-0.184607983
750.6000366,-0.184178829
750.7000122,-0.182796001
750.7999878,-0.183272839
750.9000244,-0.179124355
751,-0.177217007
751.1000366,-0.179684639
751.2000122,-0.181794643
751.2999878,-0.180602551
751.4000244,-0.182748318
751.5,-0.183845043
751.6000366,-0.18341589
751.7000122,-0.185025215
751.7999878,-0.185800076
751.9000244,-0.187039852
752,-0.18316555
752.1000366,-0.178647518
752.2000122,-0.181174755
752.2999878,-0.17931509
752.4000244,-0.191141129
752.5,-0.176454067
752.6000366,-0.190807343
752.7000122,-0.179934978
752.7999878,-0.180316448
752.9000244,-0.185895443
753,-0.183511257
753.1000366,-0.190950394
753.2000122,-0.17597723
753.2999878,-0.182080746
753.4000244,-0.18508482
753.5,-0.182843685
753.6000366,-0.190044403
753.7000122,-0.183463573
753.7999878,-0.185227871
753.9000244,-0.179172039
754,-0.193048477
754.1000366,-0.181651592
754.2000122,-0.190044403
754.2999878,-0.188566208
754.4000244,-0.19424057
754.5,-0.18923378
754.6000366,-0.180793285
754.7000122,-0.183988094
754.7999878,-0.18265295
754.9000244,-0.180507183
755,-0.182366848
755.1000366,-0.185180187
755.2000122,-0.185847759
755.2999878,-0.17931509
755.4000244,-0.17969656
755.5,-0.182414532
755.6000366,-0.181174755
755.7000122,-0.185323238
755.7999878,-0.185561657
755.9000244,-0.184131145
756,-0.181794643
756.1000366,-0.186419964
756.2000122,-0.192094803
756.2999878,-0.185323238
756.4000244,-0.181651592
756.5,-0.185227871
756.6000366,-0.183177471
756.7000122,-0.184655666
756.7999878,-0.188995361
756.9000244,-0.188518524
757,-0.183606625
757.1000366,-0.181508541
757.2000122,-0.18599081
757.2999878,-0.184917927
757.4000244,-0.187373638
757.5,-0.184798717
757.6000366,-0.191665649
757.7000122,-0.188613892
757.7999878,-0.185561657
757.9000244,-0.17802763
758,-0.182605267
758.1000366,-0.186181545
758.2000122,-0.177312374
758.2999878,-0.18303442
758.4000244,-0.182223797
758.5,-0.182509899
758.6000366,-0.183749676
758.7000122,-0.184655666
758.7999878,-0.181222439
758.9000244,-0.186992168
759,-0.179410458
759.1000366,-0.190425873
759.2000122,-0.181699276
759.2999878,-0.191904068
759.4000244,-0.192047119
759.5,-0.182986736
759.6000366,-0.181079388
759.7000122,-0.175023556
759.7999878,-0.18007803
759.9000244,-0.1789217
760,-0.180364132
760.1000366,-0.180221081
760.2000122,-0.17597723
760.2999878,-0.187707901
760.4000244,-0.182128429
760.5,-0.184178829
760.6000366,-0.182223797
760.7000122,-0.184846401
760.7999878,-0.183701992
760.9000244,-0.184894085
761,-0.180554867
761.1000366,-0.185370922
761.2000122,-0.180840969
761.2999878,-0.18341589
761.4000244,-0.178361416
761.5,-0.185943127
761.6000366,-0.171113491
761.7000122,-0.183797359
761.7999878,-0.183082104
761.9000244,-0.18007803
762,-0.183654308
762.1000366,-0.180745602
762.2000122,-0.185513973
762.2999878,-0.178218365
762.4000244,-0.184560299
762.5,-0.185561657
762.6000366,-0.182891369
762.7000122,-0.183225155
762.7999878,-0.177121639
762.9000244,-0.186467648
763,-0.179076672
763.1000366,-0.177169323
763.2000122,-0.183845043
763.2999878,-0.183082104
763.4000244,-0.178170681
763.5,-0.186563015
763.6000366,-0.180936337
763.7000122,-0.18713522
763.7999878,-0.186419964
763.9000244,-0.182605267
764,-0.179076672
764.1000366,-0.18007803
764.2000122,-0.180495262
764.2999878,-0.182557583
764.4000244,-0.180268764
764.5,-0.174642086
764.6000366,-0.177455425
764.7000122,-0.17893362
764.7999878,-0.181937695
764.9000244,-0.188137054
765,-0.190711975
765.1000366,-0.183797359
765.2000122,-0.177407742
765.2999878,-0.179601192
765.4000244,-0.182700634
765.5,-0.178814411
765.6000366,-0.176930904
765.7000122,-0.176024914
765.7999878,-0.181317806
765.9000244,-0.183082104
766,-0.179505825
766.1000366,-0.183511257
766.2000122,-0.181782722
766.2999878,-0.181890011
766.4000244,-0.179467082
766.5,-0.177407742
766.6000366,-0.176787853
766.7000122,-0.178325653
766.7999878,-0.178790569
766.9000244,-0.180316448
767,-0.177789211
767.1000366,-0.180697918
767.2000122,-0.179458141
767.2999878,-0.179076672
767.4000244,-0.182176113
767.5,-0.183082104
767.6000366,-0.183356285
767.7000122,-0.182605267
767.7999878,-0.185561657
767.9000244,-0.18794632
768,-0.179744244
768.1000366,-0.176024914
768.2000122,-0.18136549
768.2999878,-0.177407742
768.4000244,-0.174069881
768.5,-0.175357342
768.6000366,-0.176156044
768.7000122,-0.17674017
768.7999878,-0.178456783
768.9000244,-0.185704708
769,-0.179458141
769.1000366,-0.184226513
769.2000122,-0.177455425
769.2999878,-0.180602551
769.4000244,-0.181317806
769.5,-0.175691128
769.6000366,-0.176167965
769.7000122,-0.177813053
769.7999878,-0.180888653
769.9000244,-0.178504467
770,-0.176835537
770.1000366,-0.172448635
770.2000122,-0.188709259
770.2999878,-0.175548077
770.4000244,-0.17969656
770.5,-0.18136549
770.6000366,-0.179625034
770.7000122,-0.179887295
770.7999878,-0.177550793
770.9000244,-0.179327011
771,-0.180316448
771.1000366,-0.179553509
771.2000122,-0.178218365
771.2999878,-0.176167965
771.4000244,-0.17802763
771.5,-0.182366848
771.6000366,-0.178981304
771.7000122,-0.183654308
771.7999878,-0.174594402
771.9000244,-0.188041687
772,-0.178266048
772.1000366,-0.176454067
772.2000122,-0.184607983
772.2999878,-0.173163891
772.4000244,-0.178599834
772.5,-0.183511257
772.6000366,-0.178981304
772.7000122,-0.178647518
772.7999878,-0.173497677
772.9000244,-0.186610699
773,-0.170827389
773.1000366,-0.186896801
773.2000122,-0.170779705
773.2999878,-0.182176113
773.4000244,-0.17802763
773.5,-0.178695202
773.6000366,-0.181985378
773.7000122,-0.186849117
773.7999878,-0.179410458
773.9000244,-0.184178829
774,-0.179028988
774.1000366,-0.180888653
774.2000122,-0.181699276
774.2999878,-0.179410458
774.4000244,-0.179076672
774.5,-0.174928188
774.6000366,-0.176394463
774.7000122,-0.175834179
774.7999878,-0.175738811
774.9000244,-0.176454067
775,-0.177026272
775.1000366,-0.177538872
775.2000122,-0.178456783
775.2999878,-0.178218365
775.4000244,-0.180292606
775.5,-0.183797359
775.6000366,-0.180697918
775.7000122,-0.182223797
775.7999878,-0.185323238
775.9000244,-0.179601192
776,-0.175214291
776.1000366,-0.174594402
776.2000122,-0.182033062
776.2999878,-0.182223797
776.4000244,-0.181985378
776.5,-0.182271481
776.6000366,-0.181413174
776.7000122,-0.179028988
776.7999878,-0.1784091
776.9000244,-0.174260616
777,-0.18432188
777.1000366,-0.174546719
777.2000122,-0.181651592
777.2999878,-0.177932262
777.4000244,-0.179458141
777.5,-0.177979946
777.6000366,-0.177121639
777.7000122,-0.180650234
777.7999878,-0.183701992
777.9000244,-0.179744244
778,-0.180840969
778.1000366,-0.179887295
778.2000122,-0.180030346
778.2999878,-0.175357342
778.4000244,-0.175452709
778.5,-0.175369263
778.6000366,-0.174594402
778.7000122,-0.176072598
778.7999878,-0.185037136
778.9000244,-0.181985378
779,-0.171447277
779.1000366,-0.166202068
779.2000122,-0.179553509
779.2999878,-0.174355984
779.4000244,-0.175881863
779.5,-0.178504467
779.6000366,-0.179362774
779.7000122,-0.174928188
779.7999878,-0.18303442
779.9000244,-0.17802763
780,-0.173783779
780.1000366,-0.177026272
780.2000122,-0.179601192
780.2999878,-0.185418606
780.4000244,-0.175071239
780.5,-0.182223797
780.6000366,-0.180936337
780.7000122,-0.179028988
780.7999878,-0.168204784
780.9000244,-0.171065807
781,-0.177932262
781.1000366,-0.182843685
781.2000122,-0.1784091
781.2999878,-0.1763587
781.4000244,-0.177050114
781.5,-0.175405025
781.6000366,-0.17802763
781.7000122,-0.177562714
781.7999878,-0.177884579
781.9000244,-0.17893362
782,-0.177598476
782.1000366,-0.180554867
782.2000122,-0.179362774
782.2999878,-0.17893362
782.4000244,-0.177741528
782.5,-0.179172039
782.6000366,-0.175071239
782.7000122,-0.16892004
782.7999878,-0.179267406
782.9000244,-0.182128429
783,-0.181603909
783.1000366,-0.177979946
783.2000122,-0.178122997
783.2999878,-0.179076672
783.4000244,-0.18007803
783.5,-0.180125713
783.6000366,-0.172019482
783.7000122,-0.174355984
783.7999878,-0.174940109
783.9000244,-0.178838253
784,-0.174546719
784.1000366,-0.179124355
784.2000122,-0.185513973
784.2999878,-0.174546719
784.4000244,-0.180411816
784.5,-0.176883221
784.6000366,-0.178695202
784.7000122,-0.175071239
784.7999878,-0.177979946
784.9000244,-0.182557583
785,-0.183368206
785.1000366,-0.171304226
785.2000122,-0.184607983
785.2999878,-0.170779705
785.4000244,-0.172496319
785.5,-0.177360058
785.6000366,-0.1784091
785.7000122,-0.1784091
785.7999878,-0.177240849
785.9000244,-0.177932262
786,-0.174212933
786.1000366,-0.174594402
786.2000122,-0.17802763
786.2999878,-0.176835537
786.4000244,-0.172114849
786.5,-0.177693844
786.6000366,-0.174785137
786.7000122,-0.179553509
786.7999878,-0.183606625
786.9000244,-0.17135191
787,-0.172973156
787.1000366,-0.176311016
787.2000122,-0.179028988
787.2999878,-0.178003788
787.4000244,-0.178790569
787.5,-0.177884579
787.6000366,-0.175452709
787.7000122,-0.178075314
787.7999878,-0.174832821
787.9000244,-0.176239491
788,-0.175118923
788.1000366,-0.176930904
788.2000122,-0.176692486
788.2999878,-0.173497677
788.4000244,-0.178361416
788.5,-0.17097044
788.6000366,-0.179744244
788.7000122,-0.175500393
788.7999878,-0.174451351
788.9000244,-0.174546719
789,-0.180840969
789.1000366,-0.171733379
789.2000122,-0.180268764
789.2999878,-0.173068523
789.4000244,-0.172210217
789.5,-0.175881863
789.6000366,-0.178504467
789.7000122,-0.170016766
789.7999878,-0.166821957
789.9000244,-0.17186451
790,-0.175023556
790.1000366,-0.17559576
790.2000122,-0.174260616
790.2999878,-0.173736095
790.4000244,-0.172591686
790.5,-0.176978588
790.6000366,-0.173593044
790.7000122,-0.168395519
790.7999878,-0.175738811
790.9000244,-0.168729305
791,-0.174928188
791.1000366,-0.168586254
791.2000122,-0.173163891
791.2999878,-0.184083462
791.4000244,-0.178313732
791.5,-0.168633938
791.6000366,-0.180459499
791.7000122,-0.173974514
791.7999878,-0.177360058
791.9000244,-0.176883221
792,-0.173831463
792.1000366,-0.170732021
792.2000122,-0.1763587
792.2999878,-0.180030346
792.4000244,-0.182700634
792.5,-0.174594402
792.6000366,-0.169349194
792.7000122,-0.169158459
792.7999878,-0.171638012
792.9000244,-0.175309658
793,-0.172734737
793.1000366,-0.175834179
793.2000122,-0.174165249
793.2999878,-0.165772915
793.4000244,-0.169206142
793.5,-0.177360058
793.6000366,-0.177884579
793.7000122,-0.1722579
793.7999878,-0.173545361
793.9000244,-0.179410458
794,-0.177503109
794.1000366,-0.176465988
794.2000122,-0.174165249
794.2999878,-0.174785137
794.4000244,-0.175738811
794.5,-0.17802763
794.6000366,-0.17597723
794.7000122,-0.169539928
794.7999878,-0.172400951
794.9000244,-0.1702075
795,-0.176263332
795.1000366,-0.169253826
795.2000122,-0.175738811
795.2999878,-0.173974514
795.4000244,-0.169396877
795.5,-0.175309658
795.6000366,-0.171399593
795.7000122,-0.176120281
795.7999878,-0.17559576
795.9000244,-0.175142765
796,-0.175738811
796.1000366,-0.173116207
796.2000122,-0.167870998
796.2999878,-0.17263937
796.4000244,-0.170636654
796.5,-0.175071239
796.6000366,-0.168776989
796.7000122,-0.173879147
796.7999878,-0.172400951
796.9000244,-0.17597723
797,-0.171924114
797.1000366,-0.173497677
797.2000122,-0.170016766
797.2999878,-0.172973156
797.4000244,-0.175500393
797.5,-0.173295021
797.6000366,-0.171876431
797.7000122,-0.172830105
797.7999878,-0.172019482
797.9000244,-0.173354626
798,-0.167346478
798.1000366,-0.170541286
798.2000122,-0.174212933
798.2999878,-0.171065807
798.4000244,-0.168443203
798.5,-0.172544003
798.6000366,-0.172544003
798.7000122,-0.172353268
798.7999878,-0.173259258
798.9000244,-0.171065807
799,-0.173736095
799.1000366,-0.177741528
799.2000122,-0.174642086
799.2999878,-0.180650234
799.4000244,-0.174403667
799.5,-0.175357342
799.6000366,-0.175214291
799.7000122,-0.172019482
799.7999878,-0.167966366
799.9000244,-0.164437771
800,-0.174165249
800.1000366,-0.176167965
800.2000122,-0.170636654
800.2999878,-0.175929546
800.4000244,-0.169110775
800.5,-0.175166607
800.6000366,-0.168061733
800.7000122,-0.175738811
800.7999878,-0.173116207
800.9000244,-0.173616886
801,-0.171494961
801.1000366,-0.174117565
801.2000122,-0.171018124
801.2999878,-0.175834179
801.4000244,-0.175691128
801.5,-0.170684338
801.6000366,-0.175786495
801.7000122,-0.166917324
801.7999878,-0.173545361
801.9000244,-0.175500393
802,-0.169921398
802.1000366,-0.180459499
802.2000122,-0.168443203
802.2999878,-0.176263332
802.4000244,-0.179219723
802.5,-0.167823315
802.6000366,-0.174117565
802.7000122,-0.171590328
802.7999878,-0.179219723
802.9000244,-0.176549435
803,-0.166631222
803.1000366,-0.173593044
803.2000122,-0.166726589
803.2999878,-0.169349194
803.4000244,-0.177217007
803.5,-0.169158459
803.6000366,-0.181985378
803.7000122,-0.172973156
803.7999878,-0.16725111
803.9000244,-0.168776989
804,-0.170779705
804.1000366,-0.170493603
804.2000122,-0.177789211
804.2999878,-0.174975872
804.4000244,-0.169921398
804.5,-0.161910534
804.6000366,-0.171304226
804.7000122,-0.175214291
804.7999878,-0.168300152
804.9000244,-0.174212933
805,-0.17392683
805.1000366,-0.173306942
805.2000122,-0.172734737
805.2999878,-0.171494961
805.4000244,-0.16981411
805.5,-0.167346478
805.6000366,-0.167680264
805.7000122,-0.169158459
805.7999878,-0.176454067
805.9000244,-0.171494961
806,-0.167346478
806.1000366,-0.17263937
806.2000122,-0.1722579
806.2999878,-0.170255184
806.4000244,-0.170732021
806.5,-0.173402309
806.6000366,-0.170493603
806.7000122,-0.172162533
806.7999878,-0.169110775
806.9000244,-0.169015408
807,-0.16673851
807.1000366,-0.163436413
807.2000122,-0.165391445
807.2999878,-0.168395519
807.4000244,-0.174451351
807.5,-0.162292004
807.6000366,-0.167537212
807.7000122,-0.168776989
807.7999878,-0.172734737
807.9000244,-0.17263937
808,-0.172603607
808.1000366,-0.173306942
808.2000122,-0.171733379
808.2999878,-0.1784091
808.4000244,-0.171256542
808.5,-0.165105343
808.6000366,-0.172448635
808.7000122,-0.167537212
808.7999878,-0.173688412
808.9000244,-0.169539928
809,-0.175643444
809.1000366,-0.16725111
809.2000122,-0.175166607
809.2999878,-0.172544003
809.4000244,-0.169253826
809.5,-0.171912193
809.6000366,-0.173831463
809.7000122,-0.172019482
809.7999878,-0.167394161
809.9000244,-0.16801405
810,-0.168490887
810.1000366,-0.170922756
810.2000122,-0.164342403
810.2999878,-0.173354626
810.4000244,-0.168729305
810.5,-0.165153027
810.6000366,-0.172448635
810.7000122,-0.170445919
810.7999878,-0.169444561
810.9000244,-0.173783779
811,-0.168526649
811.1000366,-0.164342403
811.2000122,-0.166535854
811.2999878,-0.17263937
811.4000244,-0.167060375
811.5,-0.169539928
811.6000366,-0.177217007
811.7000122,-0.172019482
811.7999878,-0.168872356
811.9000244,-0.170541286
812,-0.16558218
812.1000366,-0.166774273
812.2000122,-0.168514729
812.2999878,-0.168347836
812.4000244,-0.173354626
812.5,-0.171924114
812.6000366,-0.161910534
812.7000122,-0.164056301
812.7999878,-0.17097044
812.9000244,-0.16801405
813,-0.174403667
813.1000366,-0.176835537
813.2000122,-0.171816826
813.2999878,-0.167155743
813.4000244,-0.168872356
813.5,-0.170875072
813.6000366,-0.175452709
813.7000122,-0.169969082
813.7999878,-0.171828747
813.9000244,-0.161719799
814,-0.174785137
814.1000366,-0.169110775
814.2000122,-0.165820599
814.2999878,-0.176215649
814.4000244,-0.174737453
814.5,-0.165868282
814.6000366,-0.166392803
814.7000122,-0.169730663
814.7999878,-0.172210217
814.9000244,-0.174451351
815,-0.163245678
815.1000366,-0.174117565
815.2000122,-0.167584896
815.2999878,-0.163865566
815.4000244,-0.16763258
815.5,-0.166392803
815.6000366,-0.170827389
815.7000122,-0.176406384
815.7999878,-0.177884579
815.9000244,-0.170779705
816,-0.16596365
816.1000366,-0.163865566
816.2000122,-0.171065807
816.2999878,-0.163197994
816.4000244,-0.169969082
816.5,-0.163436413
816.6000366,-0.175929546
816.7000122,-0.164342403
816.7999878,-0.169778347
816.9000244,-0.17302084
817,-0.166583538
817.1000366,-0.165868282
817.2000122,-0.165701389
817.2999878,-0.164103985
817.4000244,-0.166249752
817.5,-0.171113491
817.6000366,-0.17559576
817.7000122,-0.173783779
817.7999878,-0.169873714
817.9000244,-0.164342403
818,-0.168490887
818.1000366,-0.168395519
818.2000122,-0.165725231
818.2999878,-0.170875072
818.4000244,-0.167203426
818.5,-0.167346478
818.6000366,-0.166059017
818.7000122,-0.165248394
818.7999878,-0.167966366
818.9000244,-0.168288231
819,-0.168443203
819.1000366,-0.171494961
819.2000122,-0.172448635
819.2999878,-0.171971798
819.4000244,-0.171912193
819.5,-0.171018124
819.6000366,-0.172210217
819.7000122,-0.166297436
819.7999878,-0.175405025
819.9000244,-0.167823315
820,-0.172400951
820.1000366,-0.169492245
820.2000122,-0.172317505
820.2999878,-0.173545361
820.4000244,-0.173831463
820.5,-0.172520161
820.6000366,-0.171399593
820.7000122,-0.171304226
820.7999878,-0.17083931
820.9000244,-0.171685696
821,-0.168967724
821.1000366,-0.166440487
821.2000122,-0.16571331
821.2999878,-0.162959576
821.4000244,-0.164485455
821.5,-0.169969082
821.6000366,-0.171971798
821.7000122,-0.16892004
821.7999878,-0.172067165
821.9000244,-0.170445919
822,-0.171161175
822.1000366,-0.169635296
822.2000122,-0.169158459
822.2999878,-0.169265747
822.4000244,-0.169921398
822.5,-0.168347836
822.6000366,-0.166440487
822.7000122,-0.16635704
822.7999878,-0.166821957
822.9000244,-0.167671323
823,-0.168204784
823.1000366,-0.16930151
823.2000122,-0.173545361
823.2999878,-0.169110775
823.4000244,-0.160813808
823.5,-0.170445919
823.6000366,-0.165820599
823.7000122,-0.16892004
823.7999878,-0.171971798
823.9000244,-0.169587612
824,-0.166011333
824.1000366,-0.166059017
824.2000122,-0.165391445
824.2999878,-0.167775631
824.4000244,-0.166631222
824.5,-0.167882919
824.6000366,-0.168300152
824.7000122,-0.168824673
824.7999878,-0.169158459
824.9000244,-0.167966366
825,-0.175405025
825.1000366,-0.172544003
825.2000122,-0.168633938
825.2999878,-0.16930151
825.4000244,-0.164151669
825.5,-0.167489529
825.6000366,-0.170016766
825.7000122,-0.174355984
825.7999878,-0.16520071
825.9000244,-0.16968298
826,-0.168729305
826.1000366,-0.170112133
826.2000122,-0.173879147
826.2999878,-0.170493603
826.4000244,-0.168109417
826.5,-0.164866924
826.6000366,-0.167870998
826.7000122,-0.164962292
826.7999878,-0.16750145
826.9000244,-0.168443203
827,-0.168729305
827.1000366,-0.168252468
827.2000122,-0.168681622
827.2999878,-0.167155743
827.4000244,-0.167036533
827.5,-0.164676189
827.6000366,-0.16763258
827.7000122,-0.16596365
827.7999878,-0.16429472
827.9000244,-0.169396877
828,-0.171924114
828.1000366,-0.166178226
828.2000122,-0.161529064
828.2999878,-0.16186285
828.4000244,-0.171256542
828.5,-0.172496319
828.6000366,-0.170112133
828.7000122,-0.174928188
828.7999878,-0.169063091
828.9000244,-0.16801405
829,-0.16801405
829.1000366,-0.171685696
829.2000122,-0.167870998
829.2999878,-0.170112133
829.4000244,-0.167966366
829.5,-0.164866924
829.6000366,-0.165009975
829.7000122,-0.167477608
829.7999878,-0.17058897
829.9000244,-0.169444561
830,-0.173163891
830.1000366,-0.170255184
830.2000122,-0.168204784
830.2999878,-0.169110775
830.4000244,-0.168252468
830.5,-0.170636654
830.6000366,-0.165629864
830.7000122,-0.175071239
830.7999878,-0.168490887
830.9000244,-0.169063091
831,-0.174022198
831.1000366,-0.16968298
831.2000122,-0.172961235
831.2999878,-0.174499035
831.4000244,-0.173640728
831.5,-0.160766125
831.6000366,-0.168872356
831.7000122,-0.163341045
831.7999878,-0.173211575
831.9000244,-0.165248394
832,-0.166535854
832.1000366,-0.169182301
832.2000122,-0.172305584
832.2999878,-0.17263937
832.4000244,-0.170159817
832.5,-0.170398235
832.6000366,-0.169289589
832.7000122,-0.168872356
832.7999878,-0.167727947
832.9000244,-0.167012691
833,-0.166571617
833.1000366,-0.165439129
833.2000122,-0.166106701
833.2999878,-0.172734737
833.4000244,-0.164342403
833.5,-0.169539928
833.6000366,-0.16558218
833.7000122,-0.166726589
833.7999878,-0.166965008
833.9000244,-0.165725231
834,-0.169826031
834.1000366,-0.16763258
834.2000122,-0.167561054
834.2999878,-0.167197466
834.4000244,-0.166678905
834.5,-0.166917324
834.6000366,-0.166392803
834.7000122,-0.161576748
834.7999878,-0.16429472
834.9000244,-0.167823315
835,-0.163245678
835.1000366,-0.16853857
835.2000122,-0.175023556
835.2999878,-0.160527706
835.4000244,-0.168681622
835.5,-0.170445919
835.6000366,-0.168514729
835.7000122,-0.167918682
835.7999878,-0.167012691
835.9000244,-0.166011333
836,-0.167680264
836.1000366,-0.166500092
836.2000122,-0.166011333
836.2999878,-0.166297436
836.4000244,-0.170684338
836.5,-0.170016766
836.6000366,-0.166631222
836.7000122,-0.160289288
836.7999878,-0.159669399
836.9000244,-0.165439129
837,-0.160480022
837.1000366,-0.165057659
837.2000122,-0.162435055
837.2999878,-0.164008617
837.4000244,-0.165439129
837.5,-0.164151669
837.6000366,-0.155473232
837.7000122,-0.161576748
837.7999878,-0.169778347
837.9000244,-0.157857418
838,-0.163436413
838.1000366,-0.170159817
838.2000122,-0.155425549
838.2999878,-0.172067165
838.4000244,-0.159574032
838.5,-0.171018124
838.6000366,-0.166821957
838.7000122,-0.162673473
838.7999878,-0.158429623
838.9000244,-0.167489529
839,-0.166535854
839.1000366,-0.163102627
839.2000122,-0.168061733
839.2999878,-0.165153027
839.4000244,-0.16558218
839.5,-0.164628506
839.6000366,-0.164866924
839.7000122,-0.162911892
839.7999878,-0.164151669
839.9000244,-0.169778347
840,-0.161719799
840.1000366,-0.165248394
840.2000122,-0.167537212
840.2999878,-0.166297436
840.4000244,-0.16224432
840.5,-0.164199352
840.6000366,-0.162387371
840.7000122,-0.162482738
840.7999878,-0.160623074
840.9000244,-0.161052227
841,-0.169730663
841.1000366,-0.162530422
841.2000122,-0.175214291
841.2999878,-0.164866924
841.4000244,-0.169015408
841.5,-0.17058897
841.6000366,-0.1702075
841.7000122,-0.169539928
841.7999878,-0.16853857
841.9000244,-0.166678905
842,-0.167727947
842.1000366,-0.164759636
842.2000122,-0.162435055
842.2999878,-0.162196636
842.4000244,-0.163472176
842.5,-0.163960934
842.6000366,-0.165296078
842.7000122,-0.164151669
842.7999878,-0.166464329
842.9000244,-0.166726589
843,-0.16968298
843.1000366,-0.16391325
843.2000122,-0.160670757
843.2999878,-0.163007259
843.4000244,-0.164771557
843.5,-0.165474892
843.6000366,-0.168252468
843.7000122,-0.165868282
843.7999878,-0.162339687
843.9000244,-0.161099911
844,-0.169492245
844.1000366,-0.173593044
844.2000122,-0.16429472
844.2999878,-0.161624432
844.4000244,-0.166726589
844.5,-0.155950069
844.6000366,-0.165868282
844.7000122,-0.163484097
844.7999878,-0.166011333
844.9000244,-0.166059017
845,-0.166535854
845.1000366,-0.162530422
845.2000122,-0.155520916
845.2999878,-0.165772915
845.4000244,-0.162864208
845.5,-0.165105343
845.6000366,-0.164676189
845.7000122,-0.165009975
845.7999878,-0.164962292
845.9000244,-0.164580822
846,-0.16558218
846.1000366,-0.166535854
846.2000122,-0.163448334
846.2999878,-0.16095686
846.4000244,-0.160718441
846.5,-0.161505222
846.6000366,-0.162005901
846.7000122,-0.162339687
846.7999878,-0.163484097
846.9000244,-0.158715725
847,-0.160480022
847.1000366,-0.167108059
847.2000122,-0.156617641
847.2999878,-0.173545361
847.4000244,-0.160861492
847.5,-0.165343761
847.6000366,-0.170350552
847.7000122,-0.166821957
847.7999878,-0.161815166
847.9000244,-0.166583538
848,-0.160766125
848.1000366,-0.15928793
848.2000122,-0.163960934
848.2999878,-0.158668041
848.4000244,-0.162911892
848.5,-0.162530422
848.6000366,-0.159717083
848.7000122,-0.156617641
848.7999878,-0.161958218
848.9000244,-0.166535854
849,-0.161719799
849.1000366,-0.153184414
849.2000122,-0.161052227
849.2999878,-0.16353178
849.4000244,-0.162768841
849.5,-0.160432339
849.6000366,-0.164485455
849.7000122,-0.160718441
849.7999878,-0.166821957
849.9000244,-0.167108059
850,-0.165009975
850.1000366,-0.162387371
850.2000122,-0.163722515
850.2999878,-0.159430981
850.4000244,-0.161004543
850.5,-0.163960934
850.6000366,-0.16095686
850.7000122,-0.163972855
850.7999878,-0.165772915
850.9000244,-0.16520071
851,-0.165343761
851.1000366,-0.166965008
851.2000122,-0.167203426
851.2999878,-0.162673473
851.4000244,-0.164390087
851.5,-0.162339687
851.6000366,-0.16429472
851.7000122,-0.165677547
851.7999878,-0.157332897
851.9000244,-0.166345119
852,-0.158811092
852.1000366,-0.165391445
852.2000122,-0.160766125
852.2999878,-0.170302868
852.4000244,-0.16596365
852.5,-0.166011333
852.6000366,-0.165105343
852.7000122,-0.162470818
852.7999878,-0.159669399
852.9000244,-0.159097195
853,-0.157618999
853.1000366,-0.15313673
853.2000122,-0.163817883
853.2999878,-0.170350552
853.4000244,-0.160861492
853.5,-0.168490887
853.6000366,-0.164533138
853.7000122,-0.160480022
853.7999878,-0.167823315
853.9000244,-0.162721157
854,-0.160527706
854.1000366,-0.165343761
854.2000122,-0.164866924
854.2999878,-0.16353178
854.4000244,-0.164676189
854.5,-0.160813808
854.6000366,-0.161672115
854.7000122,-0.16108799
854.7999878,-0.160098553
854.9000244,-0.161767483
855,-0.162065506
855.1000366,-0.163007259
855.2000122,-0.163388729
855.2999878,-0.164962292
855.4000244,-0.163484097
855.5,-0.156999111
855.6000366,-0.167918682
855.7000122,-0.162768841
855.7999878,-0.169063091
855.9000244,-0.161052227
856,-0.157809734
856.1000366,-0.158000469
856.2000122,-0.155473232
856.2999878,-0.158334255
856.4000244,-0.162959576
856.5,-0.161958218
856.6000366,-0.162876129
856.7000122,-0.162959576
856.7999878,-0.163627148
856.9000244,-0.161529064
857,-0.154853344
857.1000366,-0.153708935
857.2000122,-0.163817883
857.2999878,-0.158477306
857.4000244,-0.166249752
857.5,-0.163388729
857.6000366,-0.153613567
857.7000122,-0.163007259
857.7999878,-0.159478664
857.9000244,-0.167918682
858,-0.161195278
858.1000366,-0.16262579
858.2000122,-0.159609795
858.2999878,-0.156713009
858.4000244,-0.157905102
858.5,-0.159025669
858.6000366,-0.160098553
858.7000122,-0.161386013
858.7999878,-0.161767483
858.9000244,-0.163054943
859,-0.164056301
859.1000366,-0.165009975
859.2000122,-0.165248394
859.2999878,-0.164008617
859.4000244,-0.16262579
859.5,-0.162053585
859.6000366,-0.161624432
859.7000122,-0.163627148
859.7999878,-0.162196636
859.9000244,-0.163007259
860,-0.16224432
860.1000366,-0.158572674
860.2000122,-0.157952785
860.2999878,-0.15903759
860.4000244,-0.160909176
860.5,-0.158715725
860.6000366,-0.163817883
860.7000122,-0.161910534
860.7999878,-0.157809734
860.9000244,-0.160098553
861,-0.156760693
861.1000366,-0.161576748
861.2000122,-0.164676189
861.2999878,-0.161338329
861.4000244,-0.168729305
861.5,-0.165915966
861.6000366,-0.161791325
861.7000122,-0.156760693
861.7999878,-0.155759335
861.9000244,-0.163197994
862,-0.16725111
862.1000366,-0.163245678
862.2000122,-0.16019392
862.2999878,-0.163770199
862.4000244,-0.156665325
862.5,-0.167680264
862.6000366,-0.157905102
862.7000122,-0.149560452
862.7999878,-0.158811092
862.9000244,-0.159383297
863,-0.164962292
863.1000366,-0.157857418
863.2000122,-0.165534496
863.2999878,-0.157428265
863.4000244,-0.163388729
863.5,-0.163341045
863.6000366,-0.15685606
863.7000122,-0.166631222
863.7999878,-0.161624432
863.9000244,-0.166297436
864,-0.158429623
864.1000366,-0.160336971
864.2000122,-0.16288805
864.2999878,-0.166678905
864.4000244,-0.166106701
864.5,-0.162792683
864.6000366,-0.159526348
864.7000122,-0.158858776
864.7999878,-0.161433697
864.9000244,-0.158477306
865,-0.162101269
865.1000366,-0.16391325
865.2000122,-0.16224432
865.2999878,-0.163341045
865.4000244,-0.161052227
865.5,-0.159907818
865.6000366,-0.155234814
865.7000122,-0.163484097
865.7999878,-0.159192562
865.9000244,-0.158191204
866,-0.163436413
866.1000366,-0.157332897
866.2000122,-0.161767483
866.2999878,-0.160718441
866.4000244,-0.159383297
866.5,-0.158107758
866.6000366,-0.157428265
866.7000122,-0.154901028
866.7999878,-0.15852499
866.9000244,-0.161004543
867,-0.160861492
867.1000366,-0.161171436
867.2000122,-0.162005901
867.2999878,-0.160813808
867.4000244,-0.164914608
867.5,-0.169539928
867.6000366,-0.163007259
867.7000122,-0.160003185
867.7999878,-0.162721157
867.9000244,-0.161195278
868,-0.164342403
868.1000366,-0.1535182
868.2000122,-0.161242962
868.2999878,-0.166965008
868.4000244,-0.16057539
868.5,-0.156379223
868.6000366,-0.160432339
868.7000122,-0.16353178
868.7999878,-0.161517143
868.9000244,-0.161052227
869,-0.161052227
869.1000366,-0.16095686
869.2000122,-0.160038948
869.2999878,-0.159955502
869.4000244,-0.158191204
869.5,-0.161147594
869.6000366,-0.155711651
869.7000122,-0.153851986
869.7999878,-0.157571316
869.9000244,-0.159478664
870,-0.153804302
870.1000366,-0.157011032
870.2000122,-0.157857418
870.2999878,-0.156903744
870.4000244,-0.155950069
870.5,-0.159144878
870.6000366,-0.165105343
870.7000122,-0.163484097
870.7999878,-0.158858776
870.9000244,-0.172496319
871,-0.164819241
871.1000366,-0.159669399
871.2000122,-0.159621716
871.2999878,-0.158381939
871.4000244,-0.162196636
871.5,-0.160432339
871.6000366,-0.158715725
871.7000122,-0.160050869
871.7999878,-0.159478664
871.9000244,-0.15928793
872,-0.157821655
872.1000366,-0.156569958
872.2000122,-0.155950069
872.2999878,-0.154972553
872.4000244,-0.154948711
872.5,-0.152421474
872.6000366,-0.155890465
872.7000122,-0.157571316
872.7999878,-0.158620358
872.9000244,-0.160336971
873,-0.162530422
873.1000366,-0.16262579
873.2000122,-0.159645557
873.2999878,-0.15814352
873.4000244,-0.155282497
873.5,-0.167203426
873.6000366,-0.161099911
873.7000122,-0.157571316
873.7999878,-0.156331539
873.9000244,-0.159144878
874,-0.156808376
874.1000366,-0.161147594
874.2000122,-0.15814352
874.2999878,-0.154996395
874.4000244,-0.16558218
874.5,-0.1494174
874.6000366,-0.158620358
874.7000122,-0.163341045
874.7999878,-0.159907818
874.9000244,-0.154567242
875,-0.165009975
875.1000366,-0.153613567
875.2000122,-0.15685606
875.2999878,-0.163627148
875.4000244,-0.155807018
875.5,-0.158095837
875.6000366,-0.157762051
875.7000122,-0.158918381
875.7999878,-0.159907818
875.9000244,-0.159907818
876,-0.162578106
876.1000366,-0.157428265
876.2000122,-0.153565884
876.2999878,-0.153661251
876.4000244,-0.161958218
876.5,-0.15518713
876.6000366,-0.159955502
876.7000122,-0.156093121
876.7999878,-0.162101269
876.9000244,-0.154328823
877,-0.155520916
877.1000366,-0.15852499
877.2000122,-0.157714367
877.2999878,-0.158811092
877.4000244,-0.154757977
877.5,-0.153565884
877.6000366,-0.152850628
877.7000122,-0.154233456
877.7999878,-0.148845196
877.9000244,-0.157142162
878,-0.153041363
878.1000366,-0.154614925
878.2000122,-0.15723753
878.2999878,-0.160050869
878.4000244,-0.161242962
878.5,-0.160181999
878.6000366,-0.159907818
878.7000122,-0.159526348
878.7999878,-0.153565884
878.9000244,-0.158048153
879,-0.151372433
879.1000366,-0.149894238
879.2000122,-0.153613567
879.2999878,-0.163817883
879.4000244,-0.153565884
879.5,-0.159097195
879.6000366,-0.155711651
879.7000122,-0.157380581
879.7999878,-0.156605721
879.9000244,-0.155377865
880,-0.157952785
880.1000366,-0.156188488
880.2000122,-0.15313673
880.2999878,-0.1540308
880.4000244,-0.153613567
880.5,-0.153184414
880.6000366,-0.15313673
880.7000122,-0.156808376
880.7999878,-0.155854702
880.9000244,-0.157738209
881,-0.158238888
881.1000366,-0.160050869
881.2000122,-0.154614925
881.2999878,-0.165820599
881.4000244,-0.156665325
881.5,-0.154948711
881.6000366,-0.159001827
881.7000122,-0.1535182
881.7999878,-0.15518713
881.9000244,-0.161910534
882,-0.153089046
882.1000366,-0.157809734
882.2000122,-0.156760693
882.2999878,-0.161624432
882.4000244,-0.155997753
882.5,-0.16019392
882.6000366,-0.163770199
882.7000122,-0.15685606
882.7999878,-0.149274349
882.9000244,-0.158095837
883,-0.163245678
883.1000366,-0.154090405
883.2000122,-0.157952785
883.2999878,-0.156569958
883.4000244,-0.16057539
883.5,-0.15275526
883.6000366,-0.156045437
883.7000122,-0.155950069
883.7999878,-0.156236172
883.9000244,-0.158763409
884,-0.154757977
884.1000366,-0.161290646
884.2000122,-0.153756618
884.2999878,-0.159430981
884.4000244,-0.151134014
884.5,-0.163054943
884.6000366,-0.151896954
884.7000122,-0.153184414
884.7999878,-0.150037289
884.9000244,-0.155425549
885,-0.1535182
885.1000366,-0.155282497
885.2000122,-0.157857418
885.2999878,-0.153422832
885.4000244,-0.162387371
885.5,-0.154996395
885.6000366,-0.159383297
885.7000122,-0.151181698
885.7999878,-0.150514126
885.9000244,-0.157142162
886,-0.15723753
886.1000366,-0.159907818
886.2000122,-0.150037289
886.2999878,-0.161767483
886.4000244,-0.153232098
886.5,-0.156283855
886.6000366,-0.149989605
886.7000122,-0.162673473
886.7999878,-0.152040005
886.9000244,-0.154519558
887,-0.158811092
887.1000366,-0.151229382
887.2000122,-0.156713009
887.2999878,-0.164247036
887.4000244,-0.156617641
887.5,-0.160146236
887.6000366,-0.159860134
887.7000122,-0.157285213
887.7999878,-0.151324749
887.9000244,-0.155282497
888,-0.154090405
888.1000366,-0.158763409
888.2000122,-0.156903744
888.2999878,-0.160098553
888.4000244,-0.152135372
888.5,-0.157189846
888.6000366,-0.156093121
888.7000122,-0.152612209
888.7999878,-0.152600288
888.9000244,-0.149846554
889,-0.15184927
889.1000366,-0.154376507
889.2000122,-0.152898312
889.2999878,-0.14851141
889.4000244,-0.153851986
889.5,-0.150800228
889.6000366,-0.152469158
889.7000122,-0.152290344
889.7999878,-0.153375149
889.9000244,-0.152516842
890,-0.159192562
890.1000366,-0.151801586
890.2000122,-0.155759335
890.2999878,-0.157094479
890.4000244,-0.154209614
890.5,-0.153375149
890.6000366,-0.153965235
890.7000122,-0.153470516
890.7999878,-0.15480566
890.9000244,-0.155282497
891,-0.154865265
891.1000366,-0.154138088
891.2000122,-0.155234814
891.2999878,-0.156903744
891.4000244,-0.150609493
891.5,-0.166011333
891.6000366,-0.158048153
891.7000122,-0.15313673
891.7999878,-0.149512768
891.9000244,-0.15928793
892,-0.154662609
892.1000366,-0.153470516
892.2000122,-0.154757977
892.2999878,-0.155139446
892.4000244,-0.155759335
892.5,-0.156200409
892.6000366,-0.156426907
892.7000122,-0.157475948
892.7999878,-0.150847912
892.9000244,-0.146985531
893,-0.153422832
893.1000366,-0.155282497
893.2000122,-0.154853344
893.2999878,-0.156760693
893.4000244,-0.157666683
893.5,-0.148940563
893.6000366,-0.152993679
893.7000122,-0.147367001
893.7999878,-0.153422832
893.9000244,-0.150371075
894,-0.163293362
894.1000366,-0.155091763
894.2000122,-0.158715725
894.2999878,-0.153613567
894.4000244,-0.155807018
894.5,-0.15981245
894.6000366,-0.155950069
894.7000122,-0.146365643
894.7999878,-0.14979887
894.9000244,-0.160718441
895,-0.158191204
895.1000366,-0.157189846
895.2000122,-0.155711651
895.2999878,-0.154138088
895.4000244,-0.158191204
895.5,-0.151181698
895.6000366,-0.157189846
895.7000122,-0.157189846
895.7999878,-0.149608135
895.9000244,-0.152802944
896,-0.159574032
896.1000366,-0.157857418
896.2000122,-0.157130241
896.2999878,-0.154519558
896.4000244,-0.156569958
896.5,-0.155473232
896.6000366,-0.151992321
896.7000122,-0.153184414
896.7999878,-0.146174908
896.9000244,-0.158048153
897,-0.153756618
897.1000366,-0.151515484
897.2000122,-0.159574032
897.2999878,-0.150800228
897.4000244,-0.155282497
897.5,-0.145793438
897.6000366,-0.152564526
897.7000122,-0.154376507
897.7999878,-0.149846554
897.9000244,-0.154757977
898,-0.157380581
898.1000366,-0.157618999
898.2000122,-0.15685606
898.2999878,-0.154626846
898.4000244,-0.151658535
898.5,-0.152373791
898.6000366,-0.153804302
898.7000122,-0.154853344
898.7999878,-0.156331539
898.9000244,-0.15928793
899,-0.152040005
899.1000366,-0.149369717
899.2000122,-0.150406837
899.2999878,-0.150514126
899.4000244,-0.149703503
899.5,-0.149846554
899.6000366,-0.149012089
899.7000122,-0.150228024
899.7999878,-0.151914835
899.9000244,-0.154471874
900,-0.153947353
900.1000366,-0.150323391
900.2000122,-0.163341045
900.2999878,-0.150132656
900.4000244,-0.161624432
900.5,-0.15184927
900.6000366,-0.152421474
900.7000122,-0.152183056
900.7999878,-0.152850628
900.9000244,-0.151610851
901,-0.149751186
901.1000366,-0.151706219
901.2000122,-0.150466442
901.2999878,-0.154376507
901.4000244,-0.153422832
901.5,-0.154793739
901.6000366,-0.155473232
901.7000122,-0.155902386
901.7999878,-0.153339386
901.9000244,-0.152326107
902,-0.153831124
902.1000366,-0.154853344
902.2000122,-0.15480566
902.2999878,-0.157046795
902.4000244,-0.154757977
902.5,-0.152373791
902.6000366,-0.155044079
902.7000122,-0.156665325
902.7999878,-0.155354023
902.9000244,-0.156569958
903,-0.15313673
903.1000366,-0.157332897
903.2000122,-0.156784534
903.2999878,-0.157714367
903.4000244,-0.158954144
903.5,-0.15018034
903.6000366,-0.156903744
903.7000122,-0.150466442
903.7999878,-0.160098553
903.9000244,-0.156522274
904,-0.155997753
904.1000366,-0.155580521
904.2000122,-0.153708935
904.2999878,-0.156093121
904.4000244,-0.146937847
904.5,-0.16148138
904.6000366,-0.15313673
904.7000122,-0.150514126
904.7999878,-0.153232098
904.9000244,-0.155234814
905,-0.15018034
905.1000366,-0.148368359
905.2000122,-0.149274349
905.2999878,-0.1494174
905.4000244,-0.154948711
905.5,-0.159478664
905.6000366,-0.156760693
905.7000122,-0.157571316
905.7999878,-0.149322033
905.9000244,-0.163245678
906,-0.152612209
906.1000366,-0.153089046
906.2000122,-0.153565884
906.2999878,-0.157475948
906.4000244,-0.158381939
906.5,-0.151801586
906.6000366,-0.145555019
906.7000122,-0.149178982
906.7999878,-0.149989605
906.9000244,-0.149894238
907,-0.150704861
907.1000366,-0.149703503
907.2000122,-0.151002884
907.2999878,-0.151944637
907.4000244,-0.151658535
907.5,-0.153089046
907.6000366,-0.154042721
907.7000122,-0.154710293
907.7999878,-0.157571316
907.9000244,-0.160623074
908,-0.150275707
908.1000366,-0.15685606
908.2000122,-0.153089046
908.2999878,-0.146651745
908.4000244,-0.152135372
908.5,-0.144601345
908.6000366,-0.155902386
908.7000122,-0.151658535
908.7999878,-0.156093121
908.9000244,-0.152516842
909,-0.149322033
909.1000366,-0.148702145
909.2000122,-0.150943279
909.2999878,-0.152326107
909.4000244,-0.153422832
909.5,-0.155091763
909.6000366,-0.153804302
909.7000122,-0.145888805
909.7999878,-0.157189846
909.9000244,-0.15223074
910,-0.154233456
910.1000366,-0.150895596
910.2000122,-0.146365643
910.2999878,-0.148082256
910.4000244,-0.155330181
910.5,-0.153279781
910.6000366,-0.156045437
910.7000122,-0.157714367
910.7999878,-0.156760693
910.9000244,-0.151372433
911,-0.150084972
911.1000366,-0.150895596
911.2000122,-0.152659893
911.2999878,-0.14774847
911.4000244,-0.150895596
911.5,-0.153661251
911.6000366,-0.145698071
911.7000122,-0.157046795
911.7999878,-0.151420116
911.9000244,-0.149894238
912,-0.15223074
912.1000366,-0.150490284
912.2000122,-0.148559093
912.2999878,-0.151277065
912.4000244,-0.150037289
912.5,-0.153041363
912.6000366,-0.150132656
912.7000122,-0.155520916
912.7999878,-0.151610851
912.9000244,-0.158763409
913,-0.151992321
913.1000366,-0.159621716
913.2000122,-0.148416042
913.2999878,-0.153851986
913.4000244,-0.153851986
913.5,-0.1555686
913.6000366,-0.153756618
913.7000122,-0.147796154
913.7999878,-0.154471874
913.9000244,-0.148940563
914,-0.157285213
914.1000366,-0.15890646
914.2000122,-0.158238888
914.2999878,-0.155056
914.4000244,-0.150228024
914.5,-0.152850628
914.6000366,-0.152254581
914.7000122,-0.153661251
914.7999878,-0.152278423
914.9000244,-0.15647459
915,-0.156903744
915.1000366,-0.149846554
915.2000122,-0.145316601
915.2999878,-0.154614925
915.4000244,-0.153565884
915.5,-0.152612209
915.6000366,-0.155175209
915.7000122,-0.156045437
915.7999878,-0.158477306
915.9000244,-0.154471874
916,-0.155807018
916.1000366,-0.153565884
916.2000122,-0.153995037
916.2999878,-0.152469158
916.4000244,-0.155950069
916.5,-0.1535182
916.6000366,-0.148225307
916.7000122,-0.153851986
916.7999878,-0.144362926
916.9000244,-0.151896954
917,-0.148725986
917.1000366,-0.149465084
917.2000122,-0.149178982
917.2999878,-0.15685606
917.4000244,-0.153279781
917.5,-0.158191204
917.6000366,-0.149226665
917.7000122,-0.155377865
917.7999878,-0.152469158
917.9000244,-0.152469158
918,-0.147367001
918.1000366,-0.148702145
918.2000122,-0.151837349
918.2999878,-0.156617641
918.4000244,-0.154662609
918.5,-0.156236172
918.6000366,-0.154328823
918.7000122,-0.153470516
918.7999878,-0.152469158
918.9000244,-0.156999111
919,-0.154710293
919.1000366,-0.151801586
919.2000122,-0.152135372
919.2999878,-0.150514126
919.4000244,-0.152850628
919.5,-0.154471874
919.6000366,-0.154769897
919.7000122,-0.155711651
919.7999878,-0.156045437
919.9000244,-0.145030499
920,-0.148225307
920.1000366,-0.155330181
920.2000122,-0.152802944
920.2999878,-0.153851986
920.4000244,-0.157285213
920.5,-0.150466442
920.6000366,-0.154376507
920.7000122,-0.157046795
920.7999878,-0.151944637
920.9000244,-0.147843838
921,-0.151050568
921.1000366,-0.152278423
921.2000122,-0.152135372
921.2999878,-0.150466442
921.4000244,-0.149846554
921.5,-0.152349949
921.6000366,-0.155234814
921.7000122,-0.153851986
921.7999878,-0.154662609
921.9000244,-0.150704861
922,-0.148845196
922.1000366,-0.15480566
922.2000122,-0.151324749
922.2999878,-0.156426907
922.4000244,-0.149655819
922.5,-0.150847912
922.6000366,-0.153232098
922.7000122,-0.15518713
922.7999878,-0.160241604
922.9000244,-0.148177624
923,-0.152087688
923.1000366,-0.151372433
923.2000122,-0.1535182
923.2999878,-0.146937847
923.4000244,-0.14350462
923.5,-0.143266201
923.6000366,-0.145996094
923.7000122,-0.147986889
923.7999878,-0.149226665
923.9000244,-0.146937847
924,-0.151324749
924.1000366,-0.152469158
924.2000122,-0.156951427
924.2999878,-0.154710293
924.4000244,-0.158095837
924.5,-0.142693996
924.6000366,-0.149512768
924.7000122,-0.144744396
924.7999878,-0.141263485
924.9000244,-0.148559093
925,-0.146413326
925.1000366,-0.151896954
925.2000122,-0.150752544
925.2999878,-0.151622772
925.4000244,-0.150037289
925.5,-0.153804302
925.6000366,-0.152183056
925.7000122,-0.155711651
925.7999878,-0.1494174
925.9000244,-0.151372433
926,-0.152612209
926.1000366,-0.154567242
926.2000122,-0.152802944
926.2999878,-0.152469158
926.4000244,-0.151563168
926.5,-0.146794796
926.6000366,-0.141692638
926.7000122,-0.147986889
926.7999878,-0.147271633
926.9000244,-0.147033215
927,-0.154424191
927.1000366,-0.149131298
927.2000122,-0.155997753
927.2999878,-0.151277065
927.4000244,-0.152326107
927.5,-0.149941921
927.6000366,-0.156140804
927.7000122,-0.149178982
927.7999878,-0.146794796
927.9000244,-0.149941921
928,-0.148845196
928.1000366,-0.148988247
928.2000122,-0.148106098
928.2999878,-0.147367001
928.4000244,-0.148910761
928.5,-0.150084972
928.6000366,-0.150084972
928.7000122,-0.152135372
928.7999878,-0.1494174
928.9000244,-0.145793438
929,-0.150895596
929.1000366,-0.147080898
929.2000122,-0.1494174
929.2999878,-0.150514126
929.4000244,-0.148463726
929.5,-0.152850628
929.6000366,-0.150132656
929.7000122,-0.147796154
929.7999878,-0.145268917
929.9000244,-0.151134014
930,-0.150132656
930.1000366,-0.143552303
930.2000122,-0.14607954
930.2999878,-0.153422832
930.4000244,-0.150323391
930.5,-0.153995037
930.6000366,-0.143552303
930.7000122,-0.15056181
930.7999878,-0.146937847
930.9000244,-0.154042721
931,-0.140071392
931.1000366,-0.150275707
931.2000122,-0.146222591
931.2999878,-0.149512768
931.4000244,-0.152564526
931.5,-0.151706219
931.6000366,-0.151181698
931.7000122,-0.147843838
931.7999878,-0.148225307
931.9000244,-0.156617641
932,-0.150990963
932.1000366,-0.144315243
932.2000122,-0.151372433
932.2999878,-0.146651745
932.4000244,-0.147510052
932.5,-0.150228024
932.6000366,-0.155902386
932.7000122,-0.151277065
932.7999878,-0.14479208
932.9000244,-0.147223949
933,-0.144649029
933.1000366,-0.149703503
933.2000122,-0.144696712
933.2999878,-0.1535182
933.4000244,-0.148559093
933.5,-0.155759335
933.6000366,-0.149131298
933.7000122,-0.150132656
933.7999878,-0.147295475
933.9000244,-0.146747112
934,-0.143170834
934.1000366,-0.147223949
934.2000122,-0.143838406
934.2999878,-0.150990963
934.4000244,-0.151134014
934.5,-0.150406837
934.6000366,-0.150132656
934.7000122,-0.149369717
934.7999878,-0.154281139
934.9000244,-0.152564526
935,-0.150371075
935.1000366,-0.155330181
935.2000122,-0.140977383
935.2999878,-0.145030499
935.4000244,-0.148177624
935.5,-0.149369717
935.6000366,-0.148892879
935.7000122,-0.142217159
935.7999878,-0.146937847
935.9000244,-0.144398689
936,-0.144744396
936.1000366,-0.143695354
936.2000122,-0.152850628
936.2999878,-0.145793438
936.4000244,-0.15275526
936.5,-0.151277065
936.6000366,-0.151277065
936.7000122,-0.145936489
936.7999878,-0.146556377
936.9000244,-0.144124508
937,-0.147557735
937.1000366,-0.149941921
937.2000122,-0.149608135
937.2999878,-0.147653103
937.4000244,-0.152326107
937.5,-0.141692638
937.6000366,-0.144219875
937.7000122,-0.147271633
937.7999878,-0.145888805
937.9000244,-0.143456936
938,-0.14517355
938.1000366,-0.145256996
938.2000122,-0.146270275
938.2999878,-0.146127224
938.4000244,-0.152278423
938.5,-0.14350462
938.6000366,-0.150800228
938.7000122,-0.15223074
938.7999878,-0.149703503
938.9000244,-0.149226665
939,-0.1489048
939.1000366,-0.148177624
939.2000122,-0.14851141
939.2999878,-0.14979887
939.4000244,-0.147223949
939.5,-0.150847912
939.6000366,-0.150084972
939.7000122,-0.149846554
939.7999878,-0.151181698
939.9000244,-0.146985531
940,-0.149608135
940.1000366,-0.151420116
940.2000122,-0.148463726
940.2999878,-0.149465084
940.4000244,-0.153041363
940.5,-0.1535182
940.6000366,-0.150418758
940.7000122,-0.145555019
940.7999878,-0.145221233
940.9000244,-0.147879601
941,-0.15056181
941.1000366,-0.15018034
941.2000122,-0.1494174
941.2999878,-0.150609493
941.4000244,-0.147891521
941.5,-0.148368359
941.6000366,-0.148606777
941.7000122,-0.150323391
941.7999878,-0.151992321
941.9000244,-0.145698071
942,-0.143170834
942.1000366,-0.149941921
942.2000122,-0.148463726
942.2999878,-0.146413326
942.4000244,-0.144517899
942.5,-0.140977383
942.6000366,-0.142217159
942.7000122,-0.147700787
942.7999878,-0.1555686
942.9000244,-0.145793438
943,-0.149894238
943.1000366,-0.150418758
943.2000122,-0.147796154
943.2999878,-0.156713009
943.4000244,-0.150228024
943.5,-0.152421474
943.6000366,-0.148892879
943.7000122,-0.146222591
943.7999878,-0.141931057
943.9000244,-0.155330181
944,-0.146890163
944.1000366,-0.141931057
944.2000122,-0.147700787
944.2999878,-0.141168118
944.4000244,-0.146985531
944.5,-0.143552303
944.6000366,-0.145078182
944.7000122,-0.143599987
944.7999878,-0.146174908
944.9000244,-0.144744396
945,-0.152516842
945.1000366,-0.141692638
945.2000122,-0.147986889
945.2999878,-0.146365643
945.4000244,-0.146508694
945.5,-0.150228024
945.6000366,-0.1494174
945.7000122,-0.148439884
945.7999878,-0.149655819
945.9000244,-0.144458294
946,-0.142407894
946.1000366,-0.151229382
946.2000122,-0.145316601
946.2999878,-0.1514678
946.4000244,-0.152135372
946.5,-0.150847912
946.6000366,-0.150466442
946.7000122,-0.151730061
946.7999878,-0.152612209
946.9000244,-0.152993679
947,-0.145888805
947.1000366,-0.151134014
947.2000122,-0.143838406
947.2999878,-0.144362926
947.4000244,-0.149095535
947.5,-0.154328823
947.6000366,-0.153851986
947.7000122,-0.152659893
947.7999878,-0.15480566
947.9000244,-0.149560452
948,-0.143599987
948.1000366,-0.142932415
948.2000122,-0.153041363
948.2999878,-0.152421474
948.4000244,-0.147653103
948.5,-0.146985531
948.6000366,-0.148320675
948.7000122,-0.152945995
948.7999878,-0.149894238
948.9000244,-0.146222591
949,-0.148797512
949.1000366,-0.148034573
949.2000122,-0.142121792
949.2999878,-0.15108633
949.4000244,-0.157666683
949.5,-0.147414684
949.6000366,-0.143361568
949.7000122,-0.154042721
949.7999878,-0.150847912
949.9000244,-0.149465084
950,-0.153232098
950.1000366,-0.143361568
950.2000122,-0.156999111
950.2999878,-0.15184927
950.4000244,-0.145984173
950.5,-0.14402914
950.6000366,-0.146019936
950.7000122,-0.146651745
950.7999878,-0.147414684
950.9000244,-0.142503262
951,-0.146937847
951.1000366,-0.144315243
951.2000122,-0.1494174
951.2999878,-0.147080898
951.4000244,-0.149369717
951.5,-0.145364285
951.6000366,-0.147140503
951.7000122,-0.146556377
951.7999878,-0.147271633
951.9000244,-0.147939205
952,-0.145555019
952.1000366,-0.147033215
952.2000122,-0.156045437
952.2999878,-0.151420116
952.4000244,-0.145411968
952.5,-0.150275707
952.6000366,-0.149751186
952.7000122,-0.149381638
952.7999878,-0.149655819
952.9000244,-0.147843838
953,-0.149012089
953.1000366,-0.147796154
953.2000122,-0.145763636
953.2999878,-0.143886089
953.4000244,-0.14236021
953.5,-0.142467499
953.6000366,-0.142121792
953.7000122,-0.141501904
953.7999878,-0.147080898
953.9000244,-0.143886089
954,-0.143754959
954.1000366,-0.142169476
954.2000122,-0.141883373
954.2999878,-0.148749828
954.4000244,-0.152373791
954.5,-0.148082256
954.6000366,-0.142789364
954.7000122,-0.14646101
954.7999878,-0.146651745
954.9000244,-0.149131298
955,-0.148940563
955.1000366,-0.146890163
955.2000122,-0.14697361
955.2999878,-0.146031857
955.4000244,-0.146031857
955.5,-0.147176266
955.6000366,-0.147271633
955.7000122,-0.152183056
955.7999878,-0.150418758
955.9000244,-0.142646313
956,-0.146699429
956.1000366,-0.150275707
956.2000122,-0.143313885
956.2999878,-0.145555019
956.4000244,-0.143790722
956.5,-0.147295475
956.6000366,-0.149655819
956.7000122,-0.15018034
956.7999878,-0.150466442
956.9000244,-0.147080898
957,-0.147891521
957.1000366,-0.145936489
957.2000122,-0.145841122
957.2999878,-0.148463726
957.4000244,-0.152373791
957.5,-0.153851986
957.6000366,-0.148630619
957.7000122,-0.145078182
957.7999878,-0.143218517
957.9000244,-0.141501904
958,-0.146365643
958.1000366,-0.15313673
958.2000122,-0.153851986
958.2999878,-0.153041363
958.4000244,-0.148225307
958.5,-0.152135372
958.6000366,-0.147223949
958.7000122,-0.149858475
958.7999878,-0.150466442
958.9000244,-0.149608135
959,-0.145555019
959.1000366,-0.149560452
959.2000122,-0.142455578
959.2999878,-0.148463726
959.4000244,-0.147605419
959.5,-0.142455578
959.6000366,-0.145841122
959.7000122,-0.141215801
959.7999878,-0.153184414
959.9000244,-0.144505978
960,-0.142598629
960.1000366,-0.139880657
960.2000122,-0.140357494
960.2999878,-0.148797512
960.4000244,-0.1514678
960.5,-0.140643597
960.6000366,-0.147176266
960.7000122,-0.151706219
960.7999878,-0.150704861
960.9000244,-0.149512768
961,-0.149608135
961.1000366,-0.146031857
961.2000122,-0.143981457
961.2999878,-0.145555019
961.4000244,-0.147140503
961.5,-0.149560452
961.6000366,-0.149465084
961.7000122,-0.146794796
961.7999878,-0.145316601
961.9000244,-0.142074108
962,-0.148988247
962.1000366,-0.145936489
962.2000122,-0.145364285
962.2999878,-0.148559093
962.4000244,-0.14274168
962.5,-0.145793438
962.6000366,-0.145411968
962.7000122,-0.146925926
962.7999878,-0.148797512
962.9000244,-0.147700787
963,-0.142169476
963.1000366,-0.14312315
963.2000122,-0.146604061
963.2999878,-0.146604061
963.4000244,-0.145411968
963.5,-0.145745754
963.6000366,-0.147271633
963.7000122,-0.14312315
963.7999878,-0.138831615
963.9000244,-0.139928341
964,-0.14646101
964.1000366,-0.151706219
964.2000122,-0.145125866
964.2999878,-0.149369717
964.4000244,-0.144172192
964.5,-0.146174908
964.6000366,-0.142503262
964.7000122,-0.143695354
964.7999878,-0.14441061
964.9000244,-0.146651745
965,-0.144267559
965.1000366,-0.135636806
965.2000122,-0.148940563
965.2999878,-0.143313885
965.4000244,-0.143886089
965.5,-0.145364285
965.6000366,-0.14479208
965.7000122,-0.136209011
965.7999878,-0.151420116
965.9000244,-0.135493755
966,-0.150704861
966.1000366,-0.143933773
966.2000122,-0.147605419
966.2999878,-0.143838406
966.4000244,-0.151515484
966.5,-0.151944637
966.6000366,-0.148296833
966.7000122,-0.144887447
966.7999878,-0.144839764
966.9000244,-0.144804001
967,-0.144172192
967.1000366,-0.145316601
967.2000122,-0.147128582
967.2999878,-0.147176266
967.4000244,-0.144696712
967.5,-0.142550945
967.6000366,-0.140500546
967.7000122,-0.143313885
967.7999878,-0.143003941
967.9000244,-0.144076824
968,-0.144124508
968.1000366,-0.142693996
968.2000122,-0.144076824
968.2999878,-0.140643597
968.4000244,-0.13568449
968.5,-0.140023708
968.6000366,-0.142884731
968.7000122,-0.141728401
968.7999878,-0.142169476
968.9000244,-0.14183569
969,-0.147605419
969.1000366,-0.145221233
969.2000122,-0.136971951
969.2999878,-0.152373791
969.4000244,-0.139928341
969.5,-0.140882015
969.6000366,-0.147223949
969.7000122,-0.141215801
969.7999878,-0.137162685
969.9000244,-0.140214443
970,-0.148797512
970.1000366,-0.13940382
970.2000122,-0.145459652
970.2999878,-0.144744396
970.4000244,-0.143933773
970.5,-0.145030499
970.6000366,-0.146604061
970.7000122,-0.144839764
970.7999878,-0.146413326
970.9000244,-0.144732475
971,-0.144219875
971.1000366,-0.143456936
971.2000122,-0.151944637
971.2999878,-0.138259411
971.4000244,-0.144219875
971.5,-0.145555019
971.6000366,-0.144505978
971.7000122,-0.142264843
971.7999878,-0.147557735
971.9000244,-0.141263485
972,-0.144744396
972.1000366,-0.14441061
972.2000122,-0.142598629
972.2999878,-0.145221233
972.4000244,-0.137639523
972.5,-0.143361568
972.6000366,-0.145078182
972.7000122,-0.141120434
972.7999878,-0.1494174
972.9000244,-0.139928341
973,-0.144839764
973.1000366,-0.143933773
973.2000122,-0.142407894
973.2999878,-0.145996094
973.4000244,-0.147700787
973.5,-0.149941921
973.6000366,-0.147510052
973.7000122,-0.149465084
973.7999878,-0.144172192
973.9000244,-0.142264843
974,-0.149369717
974.1000366,-0.142837048
974.2000122,-0.144935131
974.2999878,-0.144780159
974.4000244,-0.144741416
974.5,-0.144935131
974.6000366,-0.144315243
974.7000122,-0.143743038
974.7999878,-0.14350462
974.9000244,-0.151372433
975,-0.143933773
975.1000366,-0.151944637
975.2000122,-0.143218517
975.2999878,-0.143075466
975.4000244,-0.143456936
975.5,-0.147700787
975.6000366,-0.144649029
975.7000122,-0.132251263
975.7999878,-0.152564526
975.9000244,-0.141358852
976,-0.148416042
976.1000366,-0.144887447
976.2000122,-0.147891521
976.2999878,-0.142932415
976.4000244,-0.143456936
976.5,-0.148416042
976.6000366,-0.142074108
976.7000122,-0.145459652
976.7999878,-0.143695354
976.9000244,-0.141489983
977,-0.139928341
977.1000366,-0.136876583
977.2000122,-0.139546871
977.2999878,-0.14441061
977.4000244,-0.144744396
977.5,-0.143135071
977.6000366,-0.140500546
977.7000122,-0.142884731
977.7999878,-0.142455578
977.9000244,-0.141597271
978,-0.149083614
978.1000366,-0.137305737
978.2000122,-0.144458294
978.2999878,-0.139213085
978.4000244,-0.146270275
978.5,-0.143647671
978.6000366,-0.145507336
978.7000122,-0.143886089
978.7999878,-0.14401722
978.9000244,-0.14274168
979,-0.143933773
979.1000366,-0.14247942
979.2000122,-0.139880657
979.2999878,-0.143361568
979.4000244,-0.151896954
979.5,-0.147510052
979.6000366,-0.145030499
979.7000122,-0.149512768
979.7999878,-0.140309811
979.9000244,-0.141788006
980,-0.141311169
980.1000366,-0.140548229
980.2000122,-0.145411968
980.2999878,-0.137401104
980.4000244,-0.144744396
980.5,-0.149226665
980.6000366,-0.142074108
980.7000122,-0.140214443
980.7999878,-0.145793438
980.9000244,-0.148606777
981,-0.141501904
981.1000366,-0.14236021
981.2000122,-0.142455578
981.2999878,-0.137162685
981.4000244,-0.147510052
981.5,-0.142264843
981.6000366,-0.140977383
981.7000122,-0.139642239
981.7999878,-0.138926983
981.9000244,-0.142884731
982,-0.146747112
982.1000366,-0.146222591
982.2000122,-0.144315243
982.2999878,-0.141406536
982.4000244,-0.142884731
982.5,-0.144505978
982.6000366,-0.137877941
982.7000122,-0.148177624
982.7999878,-0.137258053
982.9000244,-0.139117718
983,-0.14607954
983.1000366,-0.147700787
983.2000122,-0.143075466
983.2999878,-0.138879299
983.4000244,-0.145888805
983.5,-0.142789364
983.6000366,-0.143695354
983.7000122,-0.14094162
983.7999878,-0.137830257
983.9000244,-0.139451504
984,-0.143170834
984.1000366,-0.14183569
984.2000122,-0.143218517
984.2999878,-0.137925625
984.4000244,-0.148606777
984.5,-0.145030499
984.6000366,-0.144219875
984.7000122,-0.14454174
984.7999878,-0.145125866
984.9000244,-0.143790722
985,-0.138450146
985.1000366,-0.150657177
985.2000122,-0.143409252
985.2999878,-0.137448788
985.4000244,-0.141215801
985.5,-0.145030499
985.6000366,-0.143456936
985.7000122,-0.142789364
985.7999878,-0.144839764
985.9000244,-0.142026424
986,-0.143313885
986.1000366,-0.137830257
986.2000122,-0.137067318
986.2999878,-0.146604061
986.4000244,-0.146222591
986.5,-0.144494057
986.6000366,-0.141931057
986.7000122,-0.143218517
986.7999878,-0.149131298
986.9000244,-0.143075466
987,-0.146413326
987.1000366,-0.145125866
987.2000122,-0.142932415
987.2999878,-0.145209312
987.4000244,-0.146890163
987.5,-0.145888805
987.6000366,-0.147939205
987.7000122,-0.148654461
987.7999878,-0.143313885
987.9000244,-0.141215801
988,-0.148272991
988.1000366,-0.137305737
988.2000122,-0.141549587
988.2999878,-0.139594555
988.4000244,-0.14132309
988.5,-0.142932415
988.6000366,-0.141215801
988.7000122,-0.143886089
988.7999878,-0.14236021
988.9000244,-0.143981457
989,-0.143409252
989.1000366,-0.138688564
989.2000122,-0.144196033
989.2999878,-0.147891521
989.4000244,-0.146794796
989.5,-0.141501904
989.6000366,-0.135875225
989.7000122,-0.143218517
989.7999878,-0.139213085
989.9000244,-0.143933773
990,-0.147462368
990.1000366,-0.145411968
990.2000122,-0.141311169
990.2999878,-0.143075466
990.4000244,-0.142837048
990.5,-0.144124508
990.6000366,-0.149703503
990.7000122,-0.138640881
990.7999878,-0.148559093
990.9000244,-0.142980099
991,-0.143743038
991.1000366,-0.147700787
991.2000122,-0.147176266
991.2999878,-0.146306038
991.4000244,-0.143743038
991.5,-0.146604061
991.6000366,-0.143456936
991.7000122,-0.139928341
991.7999878,-0.140786648
991.9000244,-0.144887447
992,-0.146127224
992.1000366,-0.143695354
992.2000122,-0.144362926
992.2999878,-0.142503262
992.4000244,-0.13978529
992.5,-0.142169476
992.6000366,-0.142646313
992.7000122,-0.142026424
992.7999878,-0.141978741
992.9000244,-0.142574787
993,-0.145411968
993.1000366,-0.140882015
993.2000122,-0.147367001
993.2999878,-0.136399746
993.4000244,-0.145125866
993.5,-0.142312527
993.6000366,-0.145268917
993.7000122,-0.144041061
993.7999878,-0.145078182
993.9000244,-0.14350462
994,-0.146937847
994.1000366,-0.149846554
994.2000122,-0.149322033
994.2999878,-0.144649029
994.4000244,-0.142264843
994.5,-0.144124508
994.6000366,-0.142550945
994.7000122,-0.13978529
994.7999878,-0.14441061
994.9000244,-0.140452862
995,-0.143409252
995.1000366,-0.14350462
995.2000122,-0.14774847
995.2999878,-0.147080898
995.4000244,-0.138736248
995.5,-0.140786648
995.6000366,-0.144696712
995.7000122,-0.143170834
995.7999878,-0.145268917
995.9000244,-0.139832973
996,-0.141025066
996.1000366,-0.145030499
996.2000122,-0.145602703
996.2999878,-0.144982815
996.4000244,-0.137877941
996.5,-0.147700787
996.6000366,-0.143266201
996.7000122,-0.145507336
996.7999878,-0.139880657
996.9000244,-0.142884731
997,-0.146127224
997.1000366,-0.146127224
997.2000122,-0.148463726
997.2999878,-0.146556377
997.4000244,-0.143933773
997.5,-0.153327465
997.6000366,-0.150132656
997.7000122,-0.147116661
997.7999878,-0.141549587
997.9000244,-0.143456936
998,-0.140500546
998.1000366,-0.147653103
998.2000122,-0.135064602
998.2999878,-0.142837048
998.4000244,-0.146604061
998.5,-0.147128582
998.6000366,-0.144815922
998.7000122,-0.143838406
998.7999878,-0.141692638
998.9000244,-0.145841122
999,-0.141549587
999.1000366,-0.138593197
999.2000122,-0.146127224
999.2999878,-0.149083614
999.4000244,-0.140357494
999.5,-0.14274168
999.6000366,-0.143266201
999.7000122,-0.138354778
999.7999878,-0.142932415
999.9000244,-0.139499187
1000,-0.147939205
1000.100037,-0.139213085
1000.200012,-0.134492397
1000.299988,-0.145030499
1000.400024,-0.13902235
1000.5,-0.142264843
1000.600037,-0.139594555
1000.700012,-0.14812994
1000.799988,-0.137830257
1000.900024,-0.145936489
1001,-0.144172192
1001.100037,-0.14069128
1001.200012,-0.136971951
1001.299988,-0.140119076
1001.400024,-0.150037289
1001.5,-0.149751186
1001.600037,-0.144327164
1001.700012,-0.137067318
1001.799988,-0.140452862
1001.900024,-0.138545513
1002,-0.146937847
1002.100037,-0.141168118
1002.200012,-0.13568449
1002.299988,-0.14646101
1002.400024,-0.145364285
1002.5,-0.146389484
1002.600037,-0.14556098
1002.700012,-0.145078182
1002.799988,-0.142707407
1002.900024,-0.139832973
1003,-0.140357494
1003.100037,-0.134587765
1003.200012,-0.145364285
1003.299988,-0.137830257
1003.400024,-0.145841122
1003.5,-0.130248547
1003.600037,-0.136161327
1003.700012,-0.146556377
1003.799988,-0.139260769
1003.900024,-0.146413326
1004,-0.135112286
1004.100037,-0.145364285
1004.200012,-0.143027782
1004.299988,-0.142217159
1004.400024,-0.137782574
1004.5,-0.147462368
1004.600037,-0.143218517
1004.700012,-0.144744396
1004.799988,-0.140405178
1004.900024,-0.135970592
1005,-0.145411968
1005.100037,-0.131106853
1005.200012,-0.142980099
1005.299988,-0.135732174
1005.400024,-0.143027782
1005.5,-0.147557735
1005.600037,-0.147080898
1005.700012,-0.139832973
1005.799988,-0.143170834
1005.900024,-0.13439703
1006,-0.139880657
1006.100037,-0.134826183
1006.200012,-0.142312527
1006.299988,-0.136638165
1006.400024,-0.139260769
1006.5,-0.141025066
1006.600037,-0.142789364
1006.700012,-0.139940262
1006.799988,-0.13902235
1006.900024,-0.142792344
1007,-0.144839764
1007.100037,-0.143052369
1007.200012,-0.142503262
1007.299988,-0.142074108
1007.400024,-0.131536007
1007.5,-0.135589123
1007.600037,-0.143552303
1007.700012,-0.141263485
1007.799988,-0.145888805
1007.900024,-0.142169476
1008,-0.143313885
1008.100037,-0.138259411
1008.200012,-0.140977383
1008.299988,-0.134683132
1008.400024,-0.148082256
1008.5,-0.143170834
1008.600037,-0.140309811
1008.700012,-0.136542797
1008.799988,-0.140405178
1008.900024,-0.135493755
1009,-0.141358852
1009.100037,-0.140262127
1009.200012,-0.142169476
1009.299988,-0.140548229
1009.400024,-0.137258053
1009.5,-0.144887447
1009.600037,-0.138402462
1009.700012,-0.139689922
1009.799988,-0.133538723
1009.900024,-0.148416042
1010,-0.137830257
1010.100037,-0.139976025
1010.200012,-0.140226364
1010.299988,-0.141549587
1010.400024,-0.141549587
1010.5,-0.137973309
1010.600037,-0.142217159
1010.700012,-0.138688564
1010.799988,-0.14222908
1010.900024,-0.143599987
1011,-0.1409446
1011.100037,-0.13902235
1011.200012,-0.138926983
1011.299988,-0.141025066
1011.400024,-0.141168118
1011.5,-0.140583992
1011.600037,-0.140405178
1011.700012,-0.142381072
1011.799988,-0.144649029
1011.900024,-0.143886089
1012,-0.142264843
1012.100037,-0.143790722
1012.200012,-0.135732174
1012.299988,-0.145698071
1012.400024,-0.137019634
1012.5,-0.137258053
1012.600037,-0.138497829
1012.700012,-0.139880657
1012.799988,-0.139594555
1012.900024,-0.13439703
1013,-0.14479208
1013.100037,-0.134206295
1013.200012,-0.135016918
1013.299988,-0.136304379
1013.400024,-0.145078182
1013.5,-0.136971951
1013.600037,-0.14236021
1013.700012,-0.146174908
1013.799988,-0.143325806
1013.900024,-0.141406536
1014,-0.143361568
1014.100037,-0.142932415
1014.200012,-0.140643597
1014.299988,-0.138640881
1014.400024,-0.137639523
1014.5,-0.140417099
1014.600037,-0.142693996
1014.700012,-0.142693996
1014.799988,-0.140631676
1014.900024,-0.139546871
1015,-0.137591839
1015.100037,-0.139880657
1015.200012,-0.140452862
1015.299988,-0.141931057
1015.400024,-0.142825127
1015.5,-0.14441061
1015.600037,-0.144505978
1015.700012,-0.143456936
1015.799988,-0.13644743
1015.900024,-0.136876583
1016,-0.142407894
1016.100037,-0.140023708
1016.200012,-0.142789364
1016.299988,-0.13644743
1016.400024,-0.146174908
1016.5,-0.129056454
1016.600037,-0.133920193
1016.700012,-0.144076824
1016.799988,-0.135064602
1016.900024,-0.144935131
1017,-0.133300304
1017.100037,-0.139499187
1017.200012,-0.138354778
1017.299988,-0.145125866
1017.400024,-0.137019634
1017.5,-0.144219875
1017.600037,-0.139260769
1017.700012,-0.137591839
1017.799988,-0.139880657
1017.900024,-0.141358852
1018,-0.140882015
1018.100037,-0.143170834
1018.200012,-0.138736248
1018.299988,-0.142407894
1018.400024,-0.131345272
1018.5,-0.135159969
1018.600037,-0.137019634
1018.700012,-0.140119076
1018.799988,-0.137210369
1018.900024,-0.14107275
1019,-0.139487267
1019.100037,-0.140119076
1019.200012,-0.139546871
1019.299988,-0.137019634
1019.400024,-0.136304379
1019.5,-0.139594555
1019.600037,-0.137627602
1019.700012,-0.136018276
1019.799988,-0.138593197
1019.900024,-0.131536007
1020,-0.133491039
1020.100037,-0.135493755
1020.200012,-0.138640881
1020.299988,-0.138307095
1020.400024,-0.142074108
1020.5,-0.143886089
1020.600037,-0.139308453
1020.700012,-0.133777142
1020.799988,-0.149941921
1020.900024,-0.14479208
1021,-0.131726742
1021.100037,-0.143361568
1021.200012,-0.138354778
1021.299988,-0.134969234
1021.400024,-0.141311169
1021.5,-0.132060528
1021.600037,-0.138354778
1021.700012,-0.137687206
1021.799988,-0.140882015
1021.900024,-0.134730816
1022,-0.147605419
1022.100037,-0.141025066
1022.200012,-0.141883373
1022.299988,-0.14274168
1022.400024,-0.138879299
1022.5,-0.141549587
1022.600037,-0.149131298
1022.700012,-0.137877941
1022.799988,-0.145793438
1022.900024,-0.139260769
1023,-0.1347785
1023.100037,-0.137782574
1023.200012,-0.138736248
1023.299988,-0.139880657
1023.400024,-0.138879299
1023.5,-0.139737606
1023.600037,-0.137591839
1023.700012,-0.13310957
1023.799988,-0.134206295
1023.900024,-0.14145422
1024,-0.136495113
1024.099976,-0.139308453
1024.200073,-0.138164043
1024.300049,-0.137365341
1024.400024,-0.13735342
1024.5,-0.134635448
1024.599976,-0.141692638
1024.700073,-0.136733532
1024.800049,-0.142264843
1024.900024,-0.142503262
1025,-0.13902235
1025.099976,-0.136113644
1025.200073,-0.13773489
1025.300049,-0.138259411
1025.400024,-0.136864662
1025.5,-0.134587765
1025.599976,-0.136876583
1025.700073,-0.137556076
1025.800049,-0.139356136
1025.900024,-0.13940382
1026,-0.139594555
1026.099976,-0.138056755
1026.200073,-0.136542797
1026.300049,-0.136685848
1026.400024,-0.138497829
1026.5,-0.140786648
1026.599976,-0.138164043
1026.700073,-0.143361568
1026.800049,-0.140023708
1026.900024,-0.13234663
1027,-0.143838406
1027.099976,-0.140071392
1027.200073,-0.134635448
1027.300049,-0.138831615
1027.400024,-0.142980099
1027.5,-0.13902235
1027.599976,-0.141740322
1027.700073,-0.137830257
1027.800049,-0.134587765
1027.900024,-0.131869793
1028,-0.130963802
1028.099976,-0.142884731
1028.200073,-0.136685848
1028.300049,-0.14183569
1028.400024,-0.134635448
1028.5,-0.137115002
1028.599976,-0.137591839
1028.700073,-0.141311169
1028.800049,-0.134492397
1028.900024,-0.137448788
1029,-0.14145422
1029.099976,-0.138831615
1029.200073,-0.140595913
1029.300049,-0.13927269
1029.400024,-0.137258053
1029.5,-0.140405178
1029.599976,-0.133586407
1029.700073,-0.138736248
1029.800049,-0.139499187
1029.900024,-0.135958672
1030,-0.133443356
1030.099976,-0.132155895
1030.200073,-0.139499187
1030.300049,-0.142884731
1030.400024,-0.137162685
1030.5,-0.138307095
1030.599976,-0.143170834
1030.700073,-0.144458294
1030.800049,-0.14120388
1030.900024,-0.137019634
1031,-0.140166759
1031.099976,-0.129342556
1031.200073,-0.133395672
1031.300049,-0.139070034
1031.400024,-0.136352062
1031.5,-0.136495113
1031.599976,-0.137019634
1031.700073,-0.134826183
1031.800049,-0.144172192
1031.900024,-0.127816677
1032,-0.142074108
1032.099976,-0.136018276
1032.200073,-0.13439703
1032.300049,-0.136495113
1032.400024,-0.132155895
1032.5,-0.133061886
1032.599976,-0.136673927
1032.700073,-0.139832973
1032.800049,-0.141644955
1032.900024,-0.131202221
1033,-0.140738964
1033.099976,-0.134921551
1033.200073,-0.137925625
1033.300049,-0.136495113
1033.400024,-0.137401104
1033.5,-0.13811636
1033.599976,-0.137067318
1033.700073,-0.13978529
1033.800049,-0.135016918
1033.900024,-0.141740322
1034,-0.139737606
1034.099976,-0.139832973
1034.200073,-0.130868435
1034.300049,-0.130725384
1034.400024,-0.136781216
1034.5,-0.132537365
1034.599976,-0.139737606
1034.700073,-0.143743038
1034.800049,-0.141120434
1034.900024,-0.141120434
1035,-0.132441998
1035.099976,-0.133967876
1035.200073,-0.130820751
1035.300049,-0.13568449
1035.400024,-0.140309811
1035.5,-0.138402462
1035.599976,-0.130057812
1035.700073,-0.140882015
1035.800049,-0.135636806
1035.900024,-0.136590481
1036,-0.138307095
1036.099976,-0.13363409
1036.200073,-0.130486965
1036.300049,-0.136828899
1036.400024,-0.132227421
1036.5,-0.131202221
1036.599976,-0.130391598
1036.700073,-0.137115002
1036.800049,-0.141168118
1036.900024,-0.144601345
1037,-0.13644743
1037.099976,-0.142837048
1037.200073,-0.135016918
1037.300049,-0.133395672
1037.400024,-0.135493755
1037.5,-0.137401104
1037.599976,-0.142264843
1037.700073,-0.138545513
1037.800049,-0.134826183
1037.900024,-0.132680416
1038,-0.136971951
1038.099976,-0.136018276
1038.200073,-0.136495113
1038.300049,-0.137854099
1038.400024,-0.140023708
1038.5,-0.138879299
1038.599976,-0.137496471
1038.700073,-0.136518955
1038.800049,-0.134158611
1038.900024,-0.135541439
1039,-0.136495113
1039.099976,-0.137162685
1039.200073,-0.132871151
1039.300049,-0.138974667
1039.400024,-0.133204937
1039.5,-0.136113644
1039.599976,-0.139880657
1039.700073,-0.134492397
1039.800049,-0.132203579
1039.900024,-0.139260769
1040,-0.13902235
1040.099976,-0.138724327
1040.200073,-0.137877941
1040.300049,-0.138736248
1040.400024,-0.136399746
1040.5,-0.132060528
1040.599976,-0.142312527
1040.700073,-0.139689922
1040.800049,-0.131679058
1040.900024,-0.137067318
1041,-0.133681774
1041.099976,-0.13439703
1041.200073,-0.13644743
1041.300049,-0.133014202
1041.400024,-0.137067318
1041.5,-0.141597271
1041.599976,-0.136209011
1041.700073,-0.140405178
1041.800049,-0.133967876
1041.900024,-0.14183569
1042,-0.128341198
1042.099976,-0.14236021
1042.200073,-0.135350704
1042.300049,-0.133729458
1042.400024,-0.12900877
1042.5,-0.136971951
1042.599976,-0.133729458
1042.700073,-0.13644743
1042.800049,-0.133061886
1042.900024,-0.134921551
1043,-0.137544155
1043.099976,-0.13363409
1043.200073,-0.136638165
1043.300049,-0.132775784
1043.400024,-0.136828899
1043.5,-0.13644743
1043.599976,-0.133395672
1043.700073,-0.138211727
1043.800049,-0.133204937
1043.900024,-0.130773067
1044,-0.136161327
1044.099976,-0.145316601
1044.200073,-0.140977383
1044.300049,-0.138259411
1044.400024,-0.137711048
1044.5,-0.135541439
1044.599976,-0.13606596
1044.700073,-0.136793137
1044.800049,-0.137687206
1044.900024,-0.137877941
1045,-0.143075466
1045.099976,-0.142121792
1045.200073,-0.133967876
1045.300049,-0.139928341
1045.400024,-0.130820751
1045.5,-0.130153179
1045.599976,-0.139976025
1045.700073,-0.131297588
1045.800049,-0.139499187
1045.900024,-0.129199505
1046,-0.132251263
1046.099976,-0.129056454
1046.200073,-0.136495113
1046.300049,-0.134444714
1046.400024,-0.131822109
1046.5,-0.134253979
1046.599976,-0.137401104
1046.700073,-0.136304379
1046.800049,-0.136876583
1046.900024,-0.136685848
1047,-0.13439703
1047.099976,-0.134349346
1047.200073,-0.129676342
1047.300049,-0.133586407
1047.400024,-0.141215801
1047.5,-0.140834332
1047.599976,-0.138354778
1047.700073,-0.137591839
1047.800049,-0.138068676
1047.900024,-0.137591839
1048,-0.138736248
1048.099976,-0.135207653
1048.200073,-0.129628658
1048.300049,-0.133872509
1048.400024,-0.133252621
1048.5,-0.133586407
1048.599976,-0.131035328
1048.700073,-0.129533291
1048.800049,-0.127768993
1048.900024,-0.14069128
1049,-0.128961086
1049.099976,-0.135636806
1049.200073,-0.135064602
1049.300049,-0.135350704
1049.400024,-0.138736248
1049.5,-0.131440639
1049.599976,-0.139356136
1049.700073,-0.129771709
1049.800049,-0.130391598
1049.900024,-0.137305737
1050,-0.133777142
1050.099976,-0.138450146
1050.200073,-0.129294872
1050.300049,-0.137830257
1050.400024,-0.135064602
1050.5,-0.134206295
1050.599976,-0.137305737
1050.700073,-0.12695837
1050.800049,-0.134873867
1050.900024,-0.143886089
1051,-0.140214443
1051.099976,-0.135016918
1051.200073,-0.135732174
1051.300049,-0.130630016
1051.400024,-0.134206295
1051.5,-0.137925625
1051.599976,-0.133347988
1051.700073,-0.133967876
1051.800049,-0.133061886
1051.900024,-0.136018276
1052,-0.132287025
1052.099976,-0.130868435
1052.200073,-0.134322524
1052.300049,-0.137591839
1052.400024,-0.136542797
1052.5,-0.136971951
1052.599976,-0.136161327
1052.700073,-0.135159969
1052.800049,-0.133347988
1052.900024,-0.134158611
1053,-0.133204937
1053.099976,-0.133443356
1053.200073,-0.133646011
1053.300049,-0.132775784
1053.400024,-0.135159969
1053.5,-0.13196516
1053.599976,-0.130486965
1053.700073,-0.137162685
1053.800049,-0.128293514
1053.900024,-0.140119076
1054,-0.138640881
1054.099976,-0.137651443
1054.200073,-0.136209011
1054.300049,-0.135636806
1054.400024,-0.13363409
1054.5,-0.133479118
1054.599976,-0.131917477
1054.700073,-0.1327281
1054.800049,-0.130820751
1054.900024,-0.134444714
1055,-0.133252621
1055.099976,-0.135446072
1055.200073,-0.131273746
1055.300049,-0.126910686
1055.400024,-0.129485607
1055.5,-0.133729458
1055.599976,-0.136590481
1055.700073,-0.136685848
1055.800049,-0.140452862
1055.900024,-0.137544155
1056,-0.13196516
1056.099976,-0.131679058
1056.200073,-0.130963802
1056.300049,-0.130439281
1056.400024,-0.131202221
1056.5,-0.132060528
1056.599976,-0.131345272
1056.700073,-0.133491039
1056.800049,-0.133395672
1056.900024,-0.13029623
1057,-0.129437923
1057.099976,-0.130486965
1057.200073,-0.133777142
1057.300049,-0.129962444
1057.400024,-0.136399746
1057.5,-0.129056454
1057.599976,-0.133157253
1057.700073,-0.130534649
1057.800049,-0.136161327
1057.900024,-0.132108212
1058,-0.138879299
1058.099976,-0.132537365
1058.200073,-0.135875225
1058.300049,-0.136304379
1058.400024,-0.135779858
1058.5,-0.134408951
1058.599976,-0.13310957
1058.700073,-0.132441998
1058.800049,-0.1311903
1058.900024,-0.129533291
1059,-0.129676342
1059.099976,-0.130534649
1059.200073,-0.13363409
1059.300049,-0.129294872
1059.400024,-0.132871151
1059.5,-0.132775784
1059.599976,-0.1327281
1059.700073,-0.132632732
1059.800049,-0.132632732
1059.900024,-0.129056454
1060,-0.127482891
1060.099976,-0.135207653
1060.200073,-0.13363409
1060.300049,-0.136113644
1060.400024,-0.132680416
1060.5,-0.128961086
1060.599976,-0.134301662
1060.700073,-0.136495113
1060.800049,-0.131679058
1060.900024,-0.138450146
1061,-0.128770351
1061.099976,-0.137162685
1061.200073,-0.13029623
1061.300049,-0.131822109
1061.400024,-0.130200863
1061.5,-0.129437923
1061.599976,-0.131297588
1061.700073,-0.13285923
1061.800049,-0.134730816
1061.900024,-0.135970592
1062,-0.136340141
1062.099976,-0.136399746
1062.200073,-0.138259411
1062.300049,-0.135636806
1062.400024,-0.131154537
1062.5,-0.131154537
1062.599976,-0.13041544
1062.700073,-0.128007412
1062.800049,-0.131345272
1062.900024,-0.133729458
1063,-0.135064602
1063.099976,-0.134158611
1063.200073,-0.134873867
1063.300049,-0.132966518
1063.400024,-0.134110928
1063.5,-0.132441998
1063.599976,-0.131488323
1063.700073,-0.137544155
1063.800049,-0.133681774
1063.900024,-0.128865719
1064,-0.134587765
1064.099976,-0.133538723
1064.200073,-0.129104137
1064.300049,-0.141740322
1064.400024,-0.1347785
1064.5,-0.136113644
1064.599976,-0.13530302
1064.700073,-0.140262127
1064.800049,-0.129437923
1064.900024,-0.13940382
1065,-0.13029623
1065.099976,-0.135112286
1065.200073,-0.130868435
1065.300049,-0.131011486
1065.400024,-0.132418156
1065.5,-0.1347785
1065.599976,-0.133014202
1065.700073,-0.129294872
1065.800049,-0.129819393
1065.900024,-0.130582333
1066,-0.130725384
1066.099976,-0.132489681
1066.200073,-0.128722668
1066.300049,-0.139165401
1066.400024,-0.134110928
1066.5,-0.137067318
1066.599976,-0.130820751
1066.700073,-0.133061886
1066.800049,-0.1286273
1066.900024,-0.128722668
1067,-0.130868435
1067.099976,-0.131345272
1067.200073,-0.133395672
1067.300049,-0.133872509
1067.400024,-0.135732174
1067.5,-0.136399746
1067.599976,-0.131392956
1067.700073,-0.126290798
1067.800049,-0.127149105
1067.900024,-0.129867077
1068,-0.131130695
1068.099976,-0.134730816
1068.200073,-0.132775784
1068.300049,-0.131536007
1068.400024,-0.129342556
1068.5,-0.132012844
1068.599976,-0.137210369
1068.700073,-0.131202221
1068.800049,-0.132585049
1068.900024,-0.127482891
1069,-0.132871151
1069.099976,-0.128865719
1069.200073,-0.136256695
1069.300049,-0.133347988
1069.400024,-0.131440639
1069.5,-0.133967876
1069.599976,-0.128436565
1069.700073,-0.138688564
1069.800049,-0.134253979
1069.900024,-0.1306777
1070,-0.129962444
1070.099976,-0.124764919
1070.200073,-0.136828899
1070.300049,-0.1306777
1070.400024,-0.132918835
1070.5,-0.140452862
1070.599976,-0.128579617
1070.700073,-0.139117718
1070.800049,-0.127482891
1070.900024,-0.131106853
1071,-0.133824825
1071.099976,-0.128818035
1071.200073,-0.134110928
1071.300049,-0.131679058
1071.400024,-0.134110928
1071.5,-0.132060528
1071.599976,-0.128150463
1071.700073,-0.133061886
1071.800049,-0.126672268
1071.900024,-0.125861645
1072,-0.127578259
1072.099976,-0.129056454
1072.200073,-0.128722668
1072.300049,-0.130248547
1072.400024,-0.137210369
1072.5,-0.136256695
1072.599976,-0.134587765
1072.700073,-0.137401104
1072.800049,-0.134587765
1072.900024,-0.136399746
1073,-0.132918835
1073.099976,-0.137401104
1073.200073,-0.13530302
1073.300049,-0.133967876
1073.400024,-0.134873867
1073.5,-0.134110928
1073.599976,-0.13234663
1073.700073,-0.131035328
1073.800049,-0.129914761
1073.900024,-0.127768993
1074,-0.129628658
1074.099976,-0.131392956
1074.200073,-0.135493755
1074.300049,-0.130010128
1074.400024,-0.135875225
1074.5,-0.130963802
1074.599976,-0.135541439
1074.700073,-0.128579617
1074.800049,-0.133920193
1074.900024,-0.129437923
1075,-0.136256695
1075.099976,-0.133586407
1075.200073,-0.138068676
1075.300049,-0.126719952
1075.400024,-0.130153179
1075.5,-0.129485607
1075.599976,-0.13401556
1075.700073,-0.13310957
1075.800049,-0.137925625
1075.900024,-0.13644743
1076,-0.1347785
1076.099976,-0.134921551
1076.200073,-0.133300304
1076.300049,-0.135064602
1076.400024,-0.128961086
1076.5,-0.138545513
1076.599976,-0.128913403
1076.700073,-0.137401104
1076.800049,-0.130105495
1076.900024,-0.128198147
1077,-0.137019634
1077.099976,-0.129294872
1077.200073,-0.140262127
1077.300049,-0.133443356
1077.400024,-0.132441998
1077.5,-0.133061886
1077.599976,-0.128245831
1077.700073,-0.130248547
1077.800049,-0.135970592
1077.900024,-0.136733532
1078,-0.133300304
1078.099976,-0.135541439
1078.200073,-0.13029623
1078.300049,-0.131536007
1078.400024,-0.132775784
1078.5,-0.133860588
1078.599976,-0.135255337
1078.700073,-0.135875225
1078.800049,-0.134444714
1078.900024,-0.13439703
1079,-0.132251263
1079.099976,-0.128722668
1079.200073,-0.133300304
1079.300049,-0.134873867
1079.400024,-0.130999565
1079.5,-0.127387524
1079.599976,-0.128436565
1079.700073,-0.132585049
1079.800049,-0.13606596
1079.900024,-0.132430077
1080,-0.12939024
1080.099976,-0.131679058
1080.200073,-0.133204937
1080.300049,-0.134301662
1080.400024,-0.133395672
1080.5,-0.132775784
1080.599976,-0.131154537
1080.700073,-0.13310957
1080.800049,-0.130534649
1080.900024,-0.129151821
1081,-0.129151821
1081.099976,-0.128007412
1081.200073,-0.128913403
1081.300049,-0.132966518
1081.400024,-0.132251263
1081.5,-0.130534649
1081.599976,-0.130248547
1081.700073,-0.126290798
1081.800049,-0.135779858
1081.900024,-0.126386166
1082,-0.138211727
1082.099976,-0.131011486
1082.200073,-0.12900877
1082.300049,-0.134873867
1082.400024,-0.134206295
1082.5,-0.1265769
1082.599976,-0.136113644
1082.700073,-0.125575542
1082.800049,-0.128341198
1082.900024,-0.128937244
1083,-0.129288912
1083.099976,-0.129867077
1083.200073,-0.130010128
1083.300049,-0.128853798
1083.400024,-0.127578259
1083.5,-0.127959728
1083.599976,-0.129819393
1083.700073,-0.137544155
1083.800049,-0.133347988
1083.900024,-0.129437923
1084,-0.136256695
1084.099976,-0.125241756
1084.200073,-0.133252621
1084.300049,-0.131154537
1084.400024,-0.132298946
1084.5,-0.133967876
1084.599976,-0.128341198
1084.700073,-0.129819393
1084.800049,-0.131106853
1084.900024,-0.131249905
1085,-0.135446072
1085.099976,-0.134253979
1085.200073,-0.129104137
1085.300049,-0.129437923
1085.400024,-0.133204937
1085.5,-0.134540081
1085.599976,-0.128674984
1085.700073,-0.129342556
1085.800049,-0.130916119
1085.900024,-0.131392956
1086,-0.132108212
1086.099976,-0.133204937
1086.200073,-0.135016918
1086.300049,-0.135875225
1086.400024,-0.133824825
1086.5,-0.135016918
1086.599976,-0.13644743
1086.700073,-0.133920193
1086.800049,-0.135159969
1086.900024,-0.134253979
1087,-0.135541439
1087.099976,-0.127435207
1087.200073,-0.1306777
1087.300049,-0.137782574
1087.400024,-0.134683132
1087.5,-0.137115002
1087.599976,-0.135112286
1087.700073,-0.134635448
1087.800049,-0.13401556
1087.900024,-0.135636806
1088,-0.129294872
1088.099976,-0.133252621
1088.200073,-0.135779858
1088.300049,-0.129533291
1088.400024,-0.131774426
1088.5,-0.136542797
1088.599976,-0.130582333
1088.700073,-0.127864361
1088.800049,-0.131726742
1088.900024,-0.129962444
1089,-0.130868435
1089.099976,-0.12939024
1089.200073,-0.136161327
1089.300049,-0.133491039
1089.400024,-0.129580975
1089.5,-0.131345272
1089.599976,-0.137162685
1089.700073,-0.125909328
1089.800049,-0.132680416
1089.900024,-0.1286273
1090,-0.13401556
1090.099976,-0.135159969
1090.200073,-0.136495113
1090.300049,-0.133586407
1090.400024,-0.129962444
1090.5,-0.128341198
1090.599976,-0.138259411
1090.700073,-0.136256695
1090.800049,-0.130630016
1090.900024,-0.126386166
1091,-0.131392956
1091.099976,-0.133252621
1091.200073,-0.137067318
1091.300049,-0.136828899
1091.400024,-0.135231495
1091.5,-0.133920193
1091.599976,-0.13310957
1091.700073,-0.134349346
1091.800049,-0.122571468
1091.900024,-0.132585049
1092,-0.125003338
1092.099976,-0.127053738
1092.200073,-0.133967876
1092.300049,-0.124478817
1092.400024,-0.13902235
1092.5,-0.134063244
1092.599976,-0.129771709
1092.700073,-0.131392956
1092.800049,-0.1327281
1092.900024,-0.130200863
1093,-0.126100063
1093.099976,-0.138068676
1093.200073,-0.133586407
1093.300049,-0.130343914
1093.400024,-0.131536007
1093.5,-0.133824825
1093.599976,-0.121713161
1093.700073,-0.128293514
1093.800049,-0.134444714
1093.900024,-0.136161327
1094,-0.127435207
1094.099976,-0.130248547
1094.200073,-0.135827541
1094.300049,-0.131249905
1094.400024,-0.128722668
1094.5,-0.131774426
1094.599976,-0.137019634
1094.700073,-0.133777142
1094.800049,-0.130725384
1094.900024,-0.13196516
1095,-0.128055096
1095.099976,-0.134683132
1095.200073,-0.130439281
1095.300049,-0.136876583
1095.400024,-0.133491039
1095.5,-0.131154537
1095.599976,-0.130963802
1095.700073,-0.132918835
1095.800049,-0.130153179
1095.900024,-0.131822109
1096,-0.128293514
1096.099976,-0.127637863
1096.200073,-0.123906612
1096.300049,-0.126529217
1096.400024,-0.130582333
1096.5,-0.125098705
1096.599976,-0.129294872
1096.700073,-0.132155895
1096.800049,-0.132692337
1096.900024,-0.132966518
1097,-0.136352062
1097.099976,-0.13363409
1097.200073,-0.127482891
1097.300049,-0.127959728
1097.400024,-0.130630016
1097.5,-0.133300304
1097.599976,-0.127816677
1097.700073,-0.133252621
1097.800049,-0.137305737
1097.900024,-0.13029623
1098,-0.130963802
1098.099976,-0.127244473
1098.200073,-0.128484249
1098.300049,-0.127244473
1098.400024,-0.128007412
1098.5,-0.133967876
1098.599976,-0.123858929
1098.700073,-0.129724026
1098.800049,-0.130868435
1098.900024,-0.128913403
1099,-0.133300304
1099.099976,-0.128150463
1099.200073,-0.134349346
1099.300049,-0.12605238
1099.400024,-0.125813961
1099.5,-0.133777142
1099.599976,-0.136971951
1099.700073,-0.132203579
1099.800049,-0.127053738
1099.900024,-0.12900877
1100,-0.123668194
1100.099976,-0.129104137
1100.200073,-0.126529217
1100.300049,-0.129819393
1100.400024,-0.128770351
1100.5,-0.130343914
1100.599976,-0.131488323
1100.700073,-0.131297588
1100.800049,-0.132203579
1100.900024,-0.133538723
1101,-0.132489681
1101.099976,-0.130820751
1101.200073,-0.127816677
1101.300049,-0.129437923
1101.400024,-0.126147747
1101.5,-0.120521069
1101.599976,-0.132155895
1101.700073,-0.1286273
1101.800049,-0.5445261
1101.900024,-0.557734489
1102,-0.561930656
1102.099976,-0.554420471
1102.200073,-0.550105095
1102.300049,-0.547911644
1102.400024,-0.54953289
1102.5,-0.55120182
1102.599976,-0.542666435
1102.700073,-0.546528816
1102.800049,-0.544824123
1102.900024,-0.544573784
1103,-0.545527458
1103.099976,-0.549818993
1103.200073,-0.550868034
1103.300049,-0.552536964
1103.400024,-0.550915718
1103.5,-0.551392555
1103.599976,-0.55234623
1103.700073,-0.553156853
1103.800049,-0.554837704
1103.900024,-0.556399345
1104,-0.557448387
1104.099976,-0.554301262
1104.200073,-0.556733131
1104.300049,-0.548769951
1104.400024,-0.544049263
1104.5,-0.552060127
1104.599976,-0.553824425
1104.700073,-0.553347588
1104.800049,-0.554968834
1104.900024,-0.55325222
1105,-0.559117317
1105.099976,-0.56317091
1105.200073,-0.558402061
1105.300049,-0.549962044
1105.400024,-0.563457012
1105.5,-0.553299904
1105.599976,-0.555874825
1105.700073,-0.56030941
1105.800049,-0.552060127
1105.900024,-0.564744473
1106,-0.553538322
1106.099976,-0.554587364
1106.200073,-0.559069633
1106.300049,-0.556065559
1106.400024,-0.55196476
1106.5,-0.557877541
1106.599976,-0.562837124
1106.700073,-0.565650463
1106.800049,-0.558402061
1106.900024,-0.558020592
1107,-0.558878899
1107.099976,-0.552727699
1107.200073,-0.555207253
1107.300049,-0.566079617
1107.400024,-0.557925224
1107.5,-0.561739922
1107.599976,-0.560833931
1107.700073,-0.563981533
1107.800049,-0.560070992
1107.900024,-0.565173626
1108,-0.564219952
1108.099976,-0.561120033
1108.200073,-0.566270351
1108.300049,-0.571753979
1108.400024,-0.56650877
1108.5,-0.558115959
1108.599976,-0.567557812
1108.700073,-0.563790798
1108.800049,-0.570323467
1108.900024,-0.561644554
1109,-0.568034649
1109.099976,-0.561644554
1109.200073,-0.573661327
1109.300049,-0.562980175
1109.400024,-0.56069088
1109.5,-0.567462444
1109.599976,-0.564649105
1109.700073,-0.566842556
1109.800049,-0.568225384
1109.900024,-0.567033291
1110,-0.564124584
1110.099976,-0.569941998
1110.200073,-0.566174984
1110.300049,-0.568988323
1110.400024,-0.565268993
1110.5,-0.568606853
1110.599976,-0.568988323
1110.700073,-0.567319393
1110.800049,-0.569858551
1110.900024,-0.5702281
1111,-0.572898388
1111.099976,-0.573327541
1111.200073,-0.56779623
1111.300049,-0.566651821
1111.400024,-0.566699505
1111.5,-0.568058491
1111.599976,-0.569274426
1111.700073,-0.569608212
1111.800049,-0.5722785
1111.900024,-0.568225384
1112,-0.570466518
1112.099976,-0.571289063
1112.200073,-0.571745038
1112.300049,-0.572183132
1112.400024,-0.573041439
1112.5,-0.570514202
1112.599976,-0.574328899
1112.700073,-0.576283932
1112.800049,-0.575807095
1112.900024,-0.570275784
1113,-0.577046871
1113.099976,-0.57189703
1113.200073,-0.567653179
1113.300049,-0.568988323
1113.400024,-0.573089123
1113.5,-0.576665401
1113.599976,-0.569369793
1113.700073,-0.579144955
1113.800049,-0.571324825
1113.900024,-0.574090481
1114,-0.572552681
1114.099976,-0.572135448
1114.200073,-0.572659969
1114.300049,-0.570800304
1114.400024,-0.571026802
1114.5,-0.567986965
1114.599976,-0.572659969
1114.700073,-0.579717159
1114.800049,-0.576379299
1114.900024,-0.574901104
1115,-0.583674908
1115.099976,-0.580861568
1115.200073,-0.578286648
1115.300049,-0.573804379
1115.400024,-0.574805737
1115.5,-0.576426983
1115.599976,-0.577046871
1115.700073,-0.57986021
1115.800049,-0.582005978
1115.900024,-0.58229208
1116,-0.583353043
1116.099976,-0.584676266
1116.200073,-0.584437847
1116.300049,-0.582244396
1116.400024,-0.587584972
1116.5,-0.573709011
1116.599976,-0.581386089
1116.700073,-0.584104061
1116.800049,-0.575520992
1116.900024,-0.585868359
1117,-0.581338406
1117.099976,-0.584819317
1117.200073,-0.578238964
1117.300049,-0.584628582
1117.400024,-0.581338406
1117.5,-0.580956936
1117.599976,-0.581481457
1117.700073,-0.580670834
1117.800049,-0.583484173
1117.900024,-0.579764843
1118,-0.582637787
1118.099976,-0.584151745
1118.200073,-0.583150387
1118.300049,-0.587155819
1118.400024,-0.583817959
1118.5,-0.591256618
1118.599976,-0.589063168
1118.700073,-0.587537289
1118.800049,-0.588681698
1118.900024,-0.587596893
1119,-0.587441921
1119.099976,-0.586726665
1119.200073,-0.580861568
1119.300049,-0.579955578
1119.400024,-0.583198071
1119.5,-0.581338406
1119.599976,-0.581719875
1119.700073,-0.580480099
1119.800049,-0.594308376
1119.900024,-0.588395596
1120,-0.580146313
1120.099976,-0.584533215
1120.200073,-0.585916042
1120.300049,-0.587489605
1120.400024,-0.585677624
1120.5,-0.589540005
1120.599976,-0.594642162
1120.700073,-0.587871075
1120.800049,-0.589540005
1120.900024,-0.585427284
1121,-0.581052303
1121.099976,-0.583245754
1121.200073,-0.586059093
1121.300049,-0.593640804
1121.400024,-0.596120358
1121.5,-0.591721535
1121.599976,-0.588920116
1121.700073,-0.588204861
1121.800049,-0.59037447
1121.900024,-0.591828823
1122,-0.592544079
1122.099976,-0.589826107
1122.200073,-0.594213009
1122.300049,-0.591304302
1122.400024,-0.594308376
1122.5,-0.590112209
1122.599976,-0.594499111
1122.700073,-0.593402386
1122.800049,-0.592830181
1122.900024,-0.591685772
1123,-0.587966442
1123.099976,-0.595118999
1123.200073,-0.599792004
1123.300049,-0.591781139
1123.400024,-0.591828823
1123.5,-0.597264767
1123.599976,-0.592162609
1123.700073,-0.587108135
1123.800049,-0.592353344
1123.900024,-0.596549511
1124,-0.596740246
1124.099976,-0.598170757
1124.200073,-0.60012579
1124.300049,-0.597264767
1124.400024,-0.595595837
1124.5,-0.595595837
1124.599976,-0.597169399
1124.700073,-0.595214367
1124.800049,-0.59640646
1124.900024,-0.600030422
1125,-0.603702068
1125.099976,-0.601389408
1125.200073,-0.601317883
1125.300049,-0.600507259
1125.400024,-0.601449013
1125.5,-0.602605343
1125.599976,-0.601365566
1125.700073,-0.592496395
1125.800049,-0.606753826
1125.900024,-0.593116283
1126,-0.598266125
1126.099976,-0.598647594
1126.200073,-0.600411892
1126.300049,-0.602939129
1126.400024,-0.600841045
1126.5,-0.601592064
1126.599976,-0.602271557
1126.700073,-0.60423553
1126.800049,-0.606896877
1126.900024,-0.606181622
1127,-0.604035854
1127.099976,-0.601317883
1127.200073,-0.601747036
1127.300049,-0.600411892
1127.400024,-0.599601269
1127.5,-0.598123074
1127.599976,-0.598123074
1127.700073,-0.601437092
1127.800049,-0.603702068
1127.900024,-0.60115695
1128,-0.59936285
1128.099976,-0.60012579
1128.200073,-0.604560375
1128.300049,-0.607612133
1128.400024,-0.604321957
1128.5,-0.603511333
1128.599976,-0.607230663
1128.700073,-0.609376431
1128.800049,-0.605800152
1128.900024,-0.603654385
1129,-0.607421398
1129.099976,-0.605800152
1129.200073,-0.605895519
1129.300049,-0.604560375
1129.400024,-0.601985455
1129.5,-0.604560375
1129.599976,-0.609185696
1129.700073,-0.60346365
1129.800049,-0.606372356
1129.900024,-0.610282421
1130,-0.606467724
1130.099976,-0.607326031
1130.200073,-0.608565807
1130.300049,-0.609948635
1130.400024,-0.605180264
1130.5,-0.607326031
1130.599976,-0.605752468
1130.700073,-0.608613491
1130.800049,-0.611093044
1130.900024,-0.6097579
1131,-0.61552763
1131.099976,-0.612332821
1131.200073,-0.602653027
1131.300049,-0.611140728
1131.400024,-0.615289211
1131.5,-0.609710217
1131.599976,-0.612475872
1131.700073,-0.614573956
1131.800049,-0.608756542
1131.900024,-0.607373714
1132,-0.612761974
1132.099976,-0.607945919
1132.200073,-0.60513258
1132.300049,-0.611188412
1132.400024,-0.606706142
1132.5,-0.609328747
1132.599976,-0.615766048
1132.700073,-0.613620281
1132.800049,-0.613191128
1132.900024,-0.611760616
1133,-0.611617565
1133.099976,-0.610723495
1133.200073,-0.610711575
1133.300049,-0.608804226
1133.400024,-0.609662533
1133.5,-0.615050793
1133.599976,-0.611712933
1133.700073,-0.616767406
1133.800049,-0.621488094
1133.900024,-0.614097118
1134,-0.618960857
1134.099976,-0.617864132
1134.200073,-0.616338253
1134.300049,-0.614383221
1134.400024,-0.614144802
1134.5,-0.614430904
1134.599976,-0.615825653
1134.700073,-0.61719656
1134.800049,-0.617530346
1134.900024,-0.61514616
1135,-0.622680187
1135.099976,-0.613334179
1135.200073,-0.617530346
1135.300049,-0.610616207
1135.400024,-0.615384579
1135.5,-0.624492168
1135.599976,-0.615050793
1135.700073,-0.619580746
1135.800049,-0.621774197
1135.900024,-0.61719656
1136,-0.616338253
1136.099976,-0.621345043
1136.200073,-0.627543926
1136.300049,-0.623443127
1136.400024,-0.622298717
1136.5,-0.621440411
1136.599976,-0.622346401
1136.700073,-0.625731945
1136.800049,-0.623633862
1136.900024,-0.619103909
1137,-0.620820522
1137.099976,-0.619056225
1137.200073,-0.624778271
1137.300049,-0.632932186
1137.400024,-0.620486736
1137.5,-0.623204708
1137.599976,-0.623347759
1137.700073,-0.623729229
1137.800049,-0.624396801
1137.900024,-0.623967648
1138,-0.628688335
1138.099976,-0.620296001
1138.200073,-0.626542568
1138.300049,-0.622727871
1138.400024,-0.628592968
1138.5,-0.630548
1138.599976,-0.624539852
1138.700073,-0.632741451
1138.800049,-0.615384579
1138.900024,-0.624969006
1139,-0.628783703
1139.099976,-0.623729229
1139.200073,-0.629355907
1139.300049,-0.631167889
1139.400024,-0.629200935
1139.5,-0.63092947
1139.599976,-0.625350475
1139.700073,-0.62592268
1139.800049,-0.627055168
1139.900024,-0.628926754
1140,-0.628020763
1140.099976,-0.634982586
1140.200073,-0.629069805
1140.300049,-0.632407665
1140.400024,-0.626256466
1140.5,-0.619819164
1140.599976,-0.623443127
1140.700073,-0.626351833
1140.800049,-0.63092947
1140.900024,-0.631215572
1141,-0.631215572
1141.099976,-0.630214214
1141.200073,-0.629212856
1141.300049,-0.629212856
1141.400024,-0.627877712
1141.5,-0.631120205
1141.599976,-0.6346488
1141.700073,-0.632884502
1141.800049,-0.633409023
1141.900024,-0.638034344
1142,-0.634505749
1142.099976,-0.639560223
1142.200073,-0.631549358
1142.300049,-0.632741451
1142.400024,-0.631215572
1142.5,-0.63169241
1142.599976,-0.62887907
1142.700073,-0.630643368
1142.800049,-0.629403591
1142.900024,-0.6325984
1143,-0.62964201
1143.099976,-0.632693768
1143.200073,-0.632073879
1143.300049,-0.637938976
1143.400024,-0.630071163
1143.5,-0.621392727
1143.599976,-0.630500317
1143.700073,-0.63798666
1143.800049,-0.630404949
1143.900024,-0.637080669
1144,-0.63388586
1144.099976,-0.634505749
1144.200073,-0.633552074
1144.300049,-0.635650158
1144.400024,-0.634088516
1144.5,-0.634887218
1144.599976,-0.632264614
1144.700073,-0.633695126
1144.800049,-0.635650158
1144.900024,-0.631978512
1145,-0.639417171
1145.099976,-0.635268688
1145.200073,-0.63836813
1145.300049,-0.642182827
1145.400024,-0.632884502
1145.5,-0.629355907
1145.599976,-0.64003706
1145.700073,-0.644567013
1145.800049,-0.638034344
1145.900024,-0.641467571
1146,-0.633552074
1146.099976,-0.641896725
1146.200073,-0.645329952
1146.300049,-0.639607906
1146.400024,-0.6346488
1146.5,-0.631883144
1146.599976,-0.644423962
1146.700073,-0.639607906
1146.800049,-0.635888577
1146.900024,-0.639321804
1147,-0.635602474
1147.099976,-0.635173321
1147.200073,-0.644185543
1147.300049,-0.646474361
1147.400024,-0.643517971
1147.5,-0.643994808
1147.599976,-0.643279552
1147.700073,-0.641133785
1147.800049,-0.632455349
1147.900024,-0.638940334
1148,-0.636520386
1148.099976,-0.637414455
1148.200073,-0.637271404
1148.300049,-0.641896725
1148.400024,-0.646665096
1148.5,-0.642325878
1148.599976,-0.636174679
1148.700073,-0.641276836
1148.800049,-0.643184185
1148.900024,-0.646522045
1149,-0.642278194
1149.099976,-0.640752316
1149.200073,-0.650908947
1149.300049,-0.649764538
1149.400024,-0.646188259
1149.5,-0.652816296
1149.599976,-0.64800024
1149.700073,-0.646045208
1149.800049,-0.64132452
1149.900024,-0.646188259
1150,-0.642898083
1150.099976,-0.635459423
1150.200073,-0.640227795
1150.300049,-0.64876318
1150.400024,-0.642468929
1150.5,-0.647380352
1150.599976,-0.643231869
1150.700073,-0.646855831
1150.800049,-0.647857189
1150.900024,-0.646760464
1151,-0.650146008
1151.099976,-0.64800024
1151.200073,-0.64876318
1151.300049,-0.654675961
1151.400024,-0.638272762
1151.5,-0.64542532
1151.599976,-0.651147366
1151.700073,-0.644519329
1151.800049,-0.64838171
1151.900024,-0.652387142
1152,-0.644185543
1152.099976,-0.648620129
1152.200073,-0.653436184
1152.300049,-0.65171957
1152.400024,-0.650575161
1152.5,-0.649716854
1152.599976,-0.64876318
1152.700073,-0.647809505
1152.800049,-0.648941994
1152.900024,-0.650289059
1153,-0.648906231
1153.099976,-0.649955273
1153.200073,-0.641896725
1153.300049,-0.654675961
1153.400024,-0.647380352
1153.5,-0.656249523
1153.599976,-0.652148724
1153.700073,-0.658109188
1153.800049,-0.651624203
1153.900024,-0.657727718
1154,-0.658442974
1154.099976,-0.656821728
1154.200073,-0.654437542
1154.300049,-0.65672636
1154.400024,-0.650765896
1154.5,-0.651290417
1154.599976,-0.654199123
1154.700073,-0.653197765
1154.800049,-0.661685467
1154.900024,-0.654342175
1155,-0.661828518
1155.099976,-0.660159588
1155.200073,-0.652005672
1155.300049,-0.655248165
1155.400024,-0.66173315
1155.5,-0.6574893
1155.599976,-0.65171957
1155.700073,-0.660302639
1155.800049,-0.654342175
1155.900024,-0.651957989
1156,-0.654866695
1156.099976,-0.653150082
1156.200073,-0.653936863
1156.300049,-0.653483868
1156.400024,-0.654246807
1156.5,-0.655796528
1156.599976,-0.657250881
1156.700073,-0.658204556
1156.800049,-0.653913021
1156.900024,-0.663259029
1157,-0.658681393
1157.099976,-0.65915823
1157.200073,-0.656535625
1157.300049,-0.656988621
1157.400024,-0.65582037
1157.5,-0.656440258
1157.599976,-0.657346249
1157.700073,-0.661447048
1157.800049,-0.651290417
1157.900024,-0.662782192
1158,-0.655200481
1158.099976,-0.657584667
1158.200073,-0.661780834
1158.300049,-0.656917095
1158.400024,-0.6595397
1158.5,-0.663115978
1158.599976,-0.665690899
1158.700073,-0.659301281
1158.800049,-0.649001598
1158.900024,-0.65672636
1159,-0.664117336
1159.099976,-0.660350323
1159.200073,-0.66712141
1159.300049,-0.66454649
1159.400024,-0.660159588
1159.5,-0.662782192
1159.599976,-0.663449764
1159.700073,-0.661613941
1159.800049,-0.660159588
1159.900024,-0.662978888
1160,-0.664975643
1160.099976,-0.665166378
1160.200073,-0.661399364
1160.300049,-0.66454649
1160.400024,-0.658252239
1160.5,-0.66006422
1160.599976,-0.659682751
1160.700073,-0.65787077
1160.800049,-0.662543774
1160.900024,-0.658156872
1161,-0.67084074
1161.099976,-0.664594173
1161.200073,-0.666358471
1161.300049,-0.658681393
1161.400024,-0.668361187
1161.5,-0.662972927
1161.599976,-0.671126842
1161.700073,-0.657060146
1161.800049,-0.669076443
1161.900024,-0.665357113
1162,-0.659396648
1162.099976,-0.665357113
1162.200073,-0.667169094
1162.300049,-0.672795773
1162.400024,-0.668170452
1162.5,-0.664594173
1162.599976,-0.667359829
1162.700073,-0.665023327
1162.800049,-0.668551922
1162.900024,-0.665738583
1163,-0.672843456
1163.099976,-0.662925243
1163.200073,-0.673320293
1163.300049,-0.663115978
1163.400024,-0.669410229
1163.5,-0.671555996
1163.599976,-0.67032814
1163.700073,-0.670220852
1163.800049,-0.670125484
1163.900024,-0.666358471
1164,-0.666167736
1164.099976,-0.66826582
1164.200073,-0.670173168
1164.300049,-0.670697689
1164.400024,-0.669219494
1164.5,-0.667788982
1164.599976,-0.673129559
1164.700073,-0.672175884
1164.800049,-0.672605038
1164.900024,-0.673224926
1165,-0.672354698
1165.099976,-0.67327261
1165.200073,-0.670316219
1165.300049,-0.668122768
1165.400024,-0.667359829
1165.5,-0.671412945
1165.599976,-0.671746731
1165.700073,-0.668218136
1165.800049,-0.677659512
1165.900024,-0.672366619
1166,-0.681283474
1166.099976,-0.674417019
1166.200073,-0.670983791
1166.300049,-0.677468777
1166.400024,-0.669410229
1166.5,-0.675561428
1166.599976,-0.671699047
1166.700073,-0.670506954
1166.800049,-0.670220852
1166.900024,-0.676801205
1167,-0.682809353
1167.099976,-0.672605038
1167.200073,-0.680234432
1167.300049,-0.672223568
1167.400024,-0.677325726
1167.5,-0.678100586
1167.599976,-0.682475567
1167.700073,-0.680377483
1167.800049,-0.676038265
1167.900024,-0.679233074
1168,-0.674703121
1168.099976,-0.684239864
1168.200073,-0.673511028
1168.300049,-0.679900646
1168.400024,-0.68123579
1168.5,-0.680091381
1168.599976,-0.681521893
1168.700073,-0.678756237
1168.800049,-0.677087307
1168.900024,-0.679042339
1169,-0.680472851
1169.099976,-0.679852962
1169.200073,-0.679900646
1169.300049,-0.679900646
1169.400024,-0.672986507
1169.5,-0.680568218
1169.599976,-0.670602322
1169.700073,-0.673081875
1169.800049,-0.675120354
1169.900024,-0.678231716
1170,-0.678565502
1170.099976,-0.679328442
1170.200073,-0.679280758
1170.300049,-0.678768158
1170.400024,-0.6782794
1170.5,-0.678184032
1170.599976,-0.681152344
1170.700073,-0.683953762
1170.800049,-0.684192181
1170.900024,-0.677945614
1171,-0.67584753
1171.099976,-0.678839684
1171.200073,-0.68161726
1171.300049,-0.67994833
1171.400024,-0.68354845
1171.5,-0.686004162
1171.599976,-0.68662405
1171.700073,-0.686039925
1171.800049,-0.685670376
1171.900024,-0.685861111
1172,-0.683131218
1172.099976,-0.679757595
1172.200073,-0.68123579
1172.300049,-0.683405399
1172.400024,-0.686957836
1172.5,-0.685670376
1172.599976,-0.679042339
1172.700073,-0.682475567
1172.800049,-0.686385632
1172.900024,-0.686767101
1173,-0.688102722
1173.099976,-0.68457365
1173.200073,-0.685765743
1173.300049,-0.68277359
1173.400024,-0.681378841
1173.5,-0.679376125
1173.599976,-0.681462288
1173.700073,-0.68199873
1173.800049,-0.683095455
1173.900024,-0.680186749
1174,-0.691202164
1174.099976,-0.68161726
1174.200073,-0.687434673
1174.300049,-0.68872261
1174.400024,-0.686528683
1174.5,-0.683143139
1174.599976,-0.689199448
1174.700073,-0.685193539
1174.800049,-0.67789793
1174.900024,-0.684478283
1175,-0.687864304
1175.099976,-0.684800267
1175.200073,-0.684144497
1175.300049,-0.682713985
1175.400024,-0.685861111
1175.5,-0.693490982
1175.599976,-0.680711269
1175.700073,-0.686385632
1175.800049,-0.681092739
1175.900024,-0.684144497
1176,-0.685861349
1176.099976,-0.689771652
1176.200073,-0.688436508
1176.300049,-0.687434673
1176.400024,-0.687482834
1176.5,-0.688341141
1176.599976,-0.688388824
1176.700073,-0.690963745
1176.800049,-0.68948555
1176.900024,-0.68700552
1177,-0.691202164
1177.099976,-0.680997372
1177.200073,-0.691869736
1177.300049,-0.686862469
1177.400024,-0.69320488
1177.5,-0.691249847
1177.599976,-0.68662405
1177.700073,-0.689819336
1177.800049,-0.683715343
1177.900024,-0.681092739
1178,-0.693490982
1178.099976,-0.6957798
1178.200073,-0.69244194
1178.300049,-0.697925568
1178.400024,-0.693634033
1178.5,-0.689628601
1178.599976,-0.685575008
1178.700073,-0.689008713
1178.800049,-0.691345215
1178.900024,-0.688817859
1179,-0.687959671
1179.099976,-0.686957836
1179.200073,-0.689008594
1179.300049,-0.691679001
1179.400024,-0.689437866
1179.5,-0.68910408
1179.599976,-0.69115448
1179.700073,-0.695159912
1179.800049,-0.688055038
1179.900024,-0.694778442
1180,-0.689914703
1180.099976,-0.6957798
1180.200073,-0.695541382
1180.300049,-0.69821167
1180.400024,-0.695970535
1180.5,-0.682094097
1180.599976,-0.701263428
1180.700073,-0.692966461
1180.800049,-0.691345215
1180.900024,-0.691392899
1181,-0.692155838
1181.099976,-0.694206238
1181.200073,-0.690820694
1181.300049,-0.694540024
1181.400024,-0.689771652
1181.5,-0.691249847
1181.599976,-0.698736191
1181.700073,-0.695446014
1181.800049,-0.698163986
1181.900024,-0.693300247
1182,-0.690200806
1182.099976,-0.702121735
1182.200073,-0.704553604
1182.300049,-0.695493698
1182.400024,-0.69525528
1182.5,-0.692346573
1182.599976,-0.690629959
1182.700073,-0.703933716
1182.800049,-0.699594498
1182.900024,-0.704029083
1183,-0.695112228
1183.099976,-0.696065903
1183.200073,-0.695493698
1183.300049,-0.697591782
1183.400024,-0.699069977
1183.5,-0.699737549
1183.599976,-0.69320488
1183.700073,-0.696208954
1183.800049,-0.702693939
1183.900024,-0.697353363
1184,-0.699308395
1184.099976,-0.698283195
1184.200073,-0.698020935
1184.300049,-0.698450089
1184.400024,-0.698462009
1184.5,-0.699311376
1184.599976,-0.699785233
1184.700073,-0.697854787
1184.800049,-0.695922852
1184.900024,-0.696399689
1185,-0.70359993
1185.099976,-0.709751129
1185.200073,-0.702121735
1185.300049,-0.702980042
1185.400024,-0.704315186
1185.5,-0.700643539
1185.599976,-0.698402405
1185.700073,-0.696876526
1185.800049,-0.696781158
1185.900024,-0.696733475
1186,-0.698247433
1186.099976,-0.700500488
1186.200073,-0.698974609
1186.300049,-0.702550888
1186.400024,-0.696352005
1186.5,-0.697782516
1186.599976,-0.701740265
1186.700073,-0.702884674
1186.800049,-0.698354721
1186.900024,-0.708797455
1187,-0.697162628
1187.099976,-0.701644897
1187.200073,-0.696495056
1187.300049,-0.703838348
1187.400024,-0.695827484
1187.5,-0.706747055
1187.599976,-0.701406479
1187.700073,-0.698450089
1187.800049,-0.705316544
1187.900024,-0.713041306
1188,-0.699785233
1188.099976,-0.701215744
1188.200073,-0.701179981
1188.300049,-0.701358795
1188.400024,-0.702360153
1188.5,-0.699308395
1188.599976,-0.71027565
1188.700073,-0.695732117
1188.800049,-0.710895538
1188.900024,-0.707939148
1189,-0.706127167
1189.099976,-0.700786591
1189.200073,-0.704601288
1189.300049,-0.700929642
1189.400024,-0.700309753
1189.5,-0.705507278
1189.599976,-0.70617485
1189.700073,-0.707378864
1189.800049,-0.709703445
1189.900024,-0.708129883
1190,-0.708559036
1190.099976,-0.704792023
1190.200073,-0.709131241
1190.300049,-0.702264786
1190.400024,-0.706079483
1190.5,-0.704029083
1190.599976,-0.704601288
1190.700073,-0.707939148
1190.800049,-0.71194458
1190.900024,-0.703933716
1191,-0.706222534
1191.099976,-0.706794739
1191.200073,-0.705793381
1191.300049,-0.706270218
1191.400024,-0.707939148
1191.5,-0.70822525
1191.599976,-0.705459595
1191.700073,-0.710180283
1191.800049,-0.703075409
1191.900024,-0.704935074
1192,-0.705221176
1192.099976,-0.705078125
1192.200073,-0.713804245
1192.300049,-0.707366943
1192.400024,-0.713708878
1192.5,-0.705507278
1192.599976,-0.714042664
1192.700073,-0.69949913
1192.800049,-0.718095779
1192.900024,-0.710895538
1193,-0.709369659
1193.099976,-0.713565826
1193.200073,-0.70116806
1193.300049,-0.708702087
1193.400024,-0.710943222
1193.5,-0.711372375
1193.599976,-0.708559036
1193.700073,-0.707843781
1193.800049,-0.711896896
1193.900024,-0.712612152
1194,-0.710561752
1194.099976,-0.70898819
1194.200073,-0.708749771
1194.300049,-0.708690166
1194.400024,-0.70822227
1194.5,-0.707414627
1194.599976,-0.708034515
1194.700073,-0.710752487
1194.800049,-0.71490097
1194.900024,-0.710990906
1195,-0.715330124
1195.099976,-0.713708878
1195.200073,-0.715950012
1195.300049,-0.709131241
1195.400024,-0.71566391
1195.5,-0.713136673
1195.599976,-0.712373734
1195.700073,-0.711372375
1195.800049,-0.713518143
1195.900024,-0.705936432
1196,-0.715997696
1196.099976,-0.712039948
1196.200073,-0.713518143
1196.300049,-0.717094421
1196.400024,-0.721338272
1196.5,-0.714948654
1196.599976,-0.71194458
1196.700073,-0.718238831
1196.800049,-0.706890106
1196.900024,-0.715234756
1197,-0.712516785
1197.099976,-0.723484039
1197.200073,-0.705888748
1197.300049,-0.71361351
1197.400024,-0.712564468
1197.5,-0.715187073
1197.599976,-0.717761993
1197.700073,-0.716450691
1197.800049,-0.715997696
1197.900024,-0.716856003
1198,-0.714233398
1198.099976,-0.712802887
1198.200073,-0.711086273
1198.300049,-0.716188431
1198.400024,-0.714519501
1198.5,-0.721576691
1198.599976,-0.707462311
1198.700073,-0.722530365
1198.800049,-0.714138031
1198.900024,-0.715520859
1199,-0.715759277
1199.099976,-0.715187073
1199.200073,-0.715091705
1199.300049,-0.716140747
1199.400024,-0.714209557
1199.5,-0.711992264
1199.599976,-0.71361351
1199.700073,-0.716999054
1199.800049,-0.72028923
1199.900024,-0.71437645
1200,-0.719478607
1200.099976,-0.713136673
1200.200073,-0.727441788
1200.300049,-0.716569901
1200.400024,-0.718429565
1200.5,-0.716569901
1200.599976,-0.723245621
1200.700073,-0.721290588
1200.800049,-0.716236115
1200.900024,-0.718524933
1201,-0.721338272
1201.099976,-0.716808319
1201.200073,-0.721195221
1201.300049,-0.71361351
1201.400024,-0.719192505
1201.5,-0.716140747
1201.599976,-0.722482681
1201.700073,-0.718763351
1201.800049,-0.724342346
1201.900024,-0.719335556
1202,-0.715473175
1202.099976,-0.720241547
1202.200073,-0.719478607
1202.300049,-0.719955444
1202.400024,-0.720766068
1202.5,-0.716379166
1202.599976,-0.718203068
1202.700073,-0.717857361
1202.800049,-0.717809677
1202.900024,-0.718954086
1203,-0.719907761
1203.099976,-0.721719742
1203.200073,-0.720050812
1203.300049,-0.723400593
1203.400024,-0.726297379
1203.5,-0.725534439
1203.599976,-0.719907761
1203.700073,-0.722387314
1203.800049,-0.728443146
1203.900024,-0.721242905
1204,-0.716903687
1204.099976,-0.720229626
1204.200073,-0.721624374
1204.300049,-0.721147537
1204.400024,-0.726774216
1204.5,-0.720575333
1204.599976,-0.725963593
1204.700073,-0.721719742
1204.800049,-0.718238831
1204.900024,-0.723388672
1205,-0.721147537
1205.099976,-0.718906403
1205.200073,-0.719764709
1205.300049,-0.717046738
1205.400024,-0.718286514
1205.5,-0.725534439
1205.599976,-0.718858719
1205.700073,-0.724819183
1205.800049,-0.721672058
1205.900024,-0.722578049
1206,-0.726726532
1206.099976,-0.726535797
1206.200073,-0.725486755
1206.300049,-0.717905045
1206.400024,-0.717237473
1206.5,-0.720861435
1206.599976,-0.721147537
1206.700073,-0.722768784
1206.800049,-0.720003128
1206.900024,-0.728872299
1207,-0.71900177
1207.099976,-0.728729248
1207.200073,-0.722625732
1207.300049,-0.72233963
1207.400024,-0.723245621
1207.5,-0.727298737
1207.599976,-0.719192505
1207.700073,-0.726869583
1207.800049,-0.720861435
1207.900024,-0.723722458
1208,-0.726011276
1208.099976,-0.723710537
1208.200073,-0.721624374
1208.300049,-0.723484039
1208.400024,-0.71900177
1208.5,-0.726011276
1208.599976,-0.723150253
1208.700073,-0.728252411
1208.800049,-0.726249695
1208.900024,-0.718954086
1209,-0.721719742
1209.099976,-0.733211517
1209.200073,-0.721195221
1209.300049,-0.727012634
1209.400024,-0.72439003
1209.5,-0.726917267
1209.599976,-0.72195816
1209.700073,-0.723150253
1209.800049,-0.723817825
1209.900024,-0.726821899
1210,-0.731256485
1210.099976,-0.7227211
1210.200073,-0.734498978
1210.300049,-0.726297379
1210.400024,-0.718858719
1210.5,-0.722053528
1210.599976,-0.72977829
1210.700073,-0.731781006
1210.800049,-0.727155685
1210.900024,-0.737455368
1211,-0.734928131
1211.099976,-0.727680206
1211.200073,-0.724914551
1211.300049,-0.721290588
1211.400024,-0.723579407
1211.5,-0.72734642
1211.599976,-0.728157043
1211.700073,-0.728490829
1211.800049,-0.729587555
1211.900024,-0.728872299
1212,-0.734498978
1212.099976,-0.731781006
1212.200073,-0.727394104
1212.300049,-0.731399536
1212.400024,-0.728872299
1212.5,-0.734212875
1212.599976,-0.723150253
1212.700073,-0.728872299
1212.800049,-0.727155685
1212.900024,-0.730779648
1213,-0.736215591
1213.099976,-0.731924057
1213.200073,-0.726821899
1213.300049,-0.732782364
1213.400024,-0.730731964
1213.5,-0.726821899
1213.599976,-0.727203369
1213.700073,-0.735214233
1213.800049,-0.73645401
1213.900024,-0.736215591
1214,-0.727680206
1214.099976,-0.725534439
1214.200073,-0.73015976
1214.300049,-0.727108002
1214.400024,-0.73015976
1214.5,-0.735071182
1214.599976,-0.724246979
1214.700073,-0.733068466
1214.800049,-0.737407684
1214.900024,-0.726345062
1215,-0.735738754
1215.099976,-0.73144722
1215.200073,-0.734928131
1215.300049,-0.724199295
1215.400024,-0.730112076
1215.5,-0.735595703
1215.599976,-0.735881805
1215.700073,-0.734713554
1215.800049,-0.734975815
1215.900024,-0.732400894
1216,-0.730779648
1216.099976,-0.730398178
1216.200073,-0.735452652
1216.300049,-0.737121582
1216.400024,-0.724914551
1216.5,-0.74055481
1216.599976,-0.732114792
1216.700073,-0.733163834
1216.800049,-0.731971741
1216.900024,-0.732686996
1217,-0.733068466
1217.099976,-0.732973099
1217.200073,-0.738599777
1217.300049,-0.728586197
1217.400024,-0.735023499
1217.5,-0.728633881
1217.599976,-0.734069824
1217.700073,-0.732400894
1217.800049,-0.728824615
1217.900024,-0.734546661
1218,-0.732448578
1218.099976,-0.736549377
1218.200073,-0.736167908
1218.300049,-0.731161118
1218.400024,-0.742033005
1218.5,-0.736024857
1218.599976,-0.730779648
1218.700073,-0.730350494
1218.800049,-0.732686996
1218.900024,-0.73235321
1219,-0.737693787
1219.099976,-0.737503052
1219.200073,-0.728538513
1219.300049,-0.737312317
1219.400024,-0.746658325
1219.5,-0.736358643
1219.599976,-0.734451294
1219.700073,-0.734975815
1219.800049,-0.730636597
1219.900024,-0.732710838
1220,-0.73311615
1220.099976,-0.732114792
1220.200073,-0.737360001
1220.300049,-0.734451294
1220.400024,-0.735536098
1220.5,-0.734424472
1220.599976,-0.733879089
1220.700073,-0.733831406
1220.800049,-0.734260559
1220.900024,-0.736263275
1221,-0.733068466
1221.099976,-0.735643387
1221.200073,-0.734260559
1221.300049,-0.739839554
1221.400024,-0.726535797
1221.5,-0.742414474
1221.599976,-0.736310959
1221.700073,-0.730731964
1221.800049,-0.737407684
1221.900024,-0.734451294
1222,-0.73850441
1222.099976,-0.739219666
1222.200073,-0.742652893
1222.300049,-0.728729248
1222.400024,-0.741556168
1222.5,-0.734498978
1222.599976,-0.738695145
1222.700073,-0.739028931
1222.800049,-0.731924057
1222.900024,-0.734069824
1223,-0.744226456
1223.099976,-0.735643387
1223.200073,-0.741365433
1223.300049,-0.735023499
1223.400024,-0.732067108
1223.5,-0.739934921
1223.599976,-0.738599777
1223.700073,-0.733592987
1223.800049,-0.735357285
1223.900024,-0.7414608
1224,-0.737693787
1224.099976,-0.744512558
1224.200073,-0.743415833
1224.300049,-0.738981247
1224.400024,-0.74030447
1224.5,-0.738552094
1224.599976,-0.740268707
1224.700073,-0.737169266
1224.800049,-0.736930847
1224.900024,-0.734820843
1225,-0.73478508
1225.099976,-0.737666965
1225.200073,-0.739076614
1225.300049,-0.741985321
1225.400024,-0.737979889
1225.5,-0.740840912
1225.599976,-0.74184227
1225.700073,-0.737121582
1225.800049,-0.737646103
1225.900024,-0.738599777
1226,-0.741127014
1226.099976,-0.737455368
1226.200073,-0.745227814
1226.300049,-0.728919983
1226.400024,-0.740840912
1226.5,-0.734642029
1226.599976,-0.738552094
1226.700073,-0.73812294
1226.800049,-0.740316391
1226.900024,-0.740888596
1227,-0.742533684
1227.099976,-0.7414608
1227.200073,-0.747468948
1227.300049,-0.74518013
1227.400024,-0.740411758
1227.5,-0.742176056
1227.599976,-0.740221024
1227.700073,-0.739601135
1227.800049,-0.736692429
1227.900024,-0.739315033
1228,-0.742462158
1228.099976,-0.744178772
1228.200073,-0.74017334
1228.300049,-0.733736038
1228.400024,-0.737550735
1228.5,-0.739219666
1228.599976,-0.743463516
1228.700073,-0.748231888
1228.800049,-0.739315033
1228.900024,-0.742080688
1229,-0.739601135
1229.099976,-0.745323181
1229.200073,-0.738456726
1229.300049,-0.743415833
1229.400024,-0.748661041
1229.5,-0.739934921
1229.599976,-0.742557526
1229.700073,-0.746658325
1229.800049,-0.743797302
1229.900024,-0.744321823
1230,-0.742271423
1230.099976,-0.745537758
1230.200073,-0.747802734
1230.300049,-0.747755051
1230.400024,-0.74222374
1230.5,-0.74055481
1230.599976,-0.744560242
1230.700073,-0.745656967
1230.800049,-0.745895386
1230.900024,-0.743940353
1231,-0.7455616
1231.099976,-0.743606567
1231.200073,-0.74491787
1231.300049,-0.744226456
1231.400024,-0.746276855
1231.5,-0.743988037
1231.599976,-0.739028931
1231.700073,-0.746562958
1231.800049,-0.741651535
1231.900024,-0.742271423
1232,-0.743093967
1232.099976,-0.743940353
1232.200073,-0.744512558
1232.300049,-0.738552094
1232.400024,-0.742080688
1232.5,-0.74684906
1232.599976,-0.738838196
1232.700073,-0.748947144
1232.800049,-0.74184227
1232.900024,-0.738838196
1233,-0.744274139
1233.099976,-0.745895386
1233.200073,-0.745370865
1233.300049,-0.745394707
1233.400024,-0.745370865
1233.5,-0.744941711
1233.599976,-0.737693787
1233.700073,-0.744560242
1233.800049,-0.739553452
1233.900024,-0.74222374
1234,-0.741985321
1234.099976,-0.742652893
1234.200073,-0.743844986
1234.300049,-0.74980545
1234.400024,-0.744464874
1234.5,-0.750902176
1234.599976,-0.742128372
1234.700073,-0.746419907
1234.800049,-0.744274139
1234.900024,-0.742843628
1235,-0.742795944
1235.099976,-0.743749619
1235.200073,-0.741508484
1235.300049,-0.748613358
1235.400024,-0.737598419
1235.5,-0.744750977
1235.599976,-0.747612
1235.700073,-0.744750977
1235.800049,-0.749662399
1235.900024,-0.745037079
1236,-0.753047943
1236.099976,-0.738409042
1236.200073,-0.747325897
1236.300049,-0.739696503
1236.400024,-0.745990753
1236.5,-0.745037079
1236.599976,-0.748994827
1236.700073,-0.75352478
1236.800049,-0.749567032
1236.900024,-0.746658325
1237,-0.747719288
1237.099976,-0.745752335
1237.200073,-0.74889946
1237.300049,-0.740268707
1237.400024,-0.754764557
1237.5,-0.741365433
1237.599976,-0.746181488
1237.700073,-0.751188278
1237.800049,-0.745609283
1237.900024,-0.744703293
1238,-0.745275497
1238.099976,-0.747612
1238.200073,-0.750520706
1238.300049,-0.749662399
1238.400024,-0.746562958
1238.5,-0.74389267
1238.599976,-0.742176056
1238.700073,-0.753858566
1238.800049,-0.748374939
1238.900024,-0.755670547
1239,-0.744417191
1239.099976,-0.75094986
1239.200073,-0.745418549
1239.300049,-0.746610641
1239.400024,-0.745800018
1239.5,-0.746241093
1239.599976,-0.747039795
1239.700073,-0.745513916
1239.800049,-0.747910023
1239.900024,-0.75018692
1240,-0.74889946
1240.099976,-0.749519348
1240.200073,-0.746276855
1240.300049,-0.745990753
1240.400024,-0.745847702
1240.5,-0.744989395
1240.599976,-0.746133804
1240.700073,-0.745513916
1240.800049,-0.747612
1240.900024,-0.74813652
1241,-0.750663757
1241.099976,-0.744178772
1241.200073,-0.749328613
1241.300049,-0.753715515
1241.400024,-0.749137878
1241.5,-0.749948502
1241.599976,-0.744607925
1241.700073,-0.747421265
1241.800049,-0.745275497
1241.900024,-0.751188278
1242,-0.749519348
1242.099976,-0.750091553
1242.200073,-0.74980545
1242.300049,-0.752475739
1242.400024,-0.75352478
1242.5,-0.747659683
1242.599976,-0.74723053
1242.700073,-0.748458385
1242.800049,-0.748947144
1242.900024,-0.749996185
1243,-0.74851799
1243.099976,-0.756052017
1243.200073,-0.748613358
1243.300049,-0.761011124
1243.400024,-0.745275497
1243.5,-0.756576538
1243.599976,-0.747087479
1243.700073,-0.746753693
1243.800049,-0.749137878
1243.900024,-0.749948502
1244,-0.753667831
1244.099976,-0.757291794
1244.200073,-0.745037079
1244.300049,-0.749710083
1244.400024,-0.753381729
1244.5,-0.756481171
1244.599976,-0.756242752
1244.700073,-0.747945786
1244.800049,-0.748947144
1244.900024,-0.754955292
1245,-0.744703293
1245.099976,-0.750711441
1245.200073,-0.756719589
1245.300049,-0.751712799
1245.400024,-0.752141953
1245.5,-0.749519348
1245.599976,-0.751092911
1245.700073,-0.74980545
1245.800049,-0.74928093
1245.900024,-0.753286362
1246,-0.747659683
1246.099976,-0.752189636
1246.200073,-0.756052017
1246.300049,-0.745990753
1246.400024,-0.749328613
1246.5,-0.748374939
1246.599976,-0.752332687
1246.700073,-0.749710083
1246.800049,-0.747087479
1246.900024,-0.749757767
1247,-0.758197784
1247.099976,-0.751951218
1247.200073,-0.745084763
1247.300049,-0.754907608
1247.400024,-0.748279572
1247.5,-0.749567032
1247.599976,-0.751903534
1247.700073,-0.751522064
1247.800049,-0.75094986
1247.900024,-0.754478455
1248,-0.750711441
1248.099976,-0.753620148
1248.200073,-0.754311562
1248.300049,-0.756433487
1248.400024,-0.756481171
1248.5,-0.753620148
1248.599976,-0.750806808
1248.700073,-0.755241394
1248.800049,-0.752714157
1248.900024,-0.755289078
1249,-0.753572464
1249.099976,-0.755134106
1249.200073,-0.755002975
1249.300049,-0.755095363
1249.400024,-0.755479813
1249.5,-0.754764557
1249.599976,-0.754144669
1249.700073,-0.754812241
1249.800049,-0.751808167
1249.900024,-0.751188278
1250,-0.755432129
1250.099976,-0.754335403
1250.200073,-0.752904892
1250.300049,-0.75390625
1250.400024,-0.756624222
1250.5,-0.75686264
1250.599976,-0.751903534
1250.700073,-0.75853157
1250.800049,-0.753047943
1250.900024,-0.750902176
1251,-0.753429413
1251.099976,-0.752904892
1251.200073,-0.75415659
1251.300049,-0.755050659
1251.400024,-0.755241394
1251.5,-0.75094986
1251.599976,-0.75891304
1251.700073,-0.748661041
1251.800049,-0.755718231
1251.900024,-0.755622864
1252,-0.754001617
1252.099976,-0.753489017
1252.200073,-0.750663757
1252.300049,-0.753667831
1252.400024,-0.750139236
1252.5,-0.752666473
1252.599976,-0.75595665
1252.700073,-0.753095627
1252.800049,-0.754526138
1252.900024,-0.755038738
1253,-0.756242752
1253.099976,-0.756290436
1253.200073,-0.752761841
1253.300049,-0.754096985
1253.400024,-0.753787041
1253.5,-0.753381729
1253.599976,-0.754907608
1253.700073,-0.758102417
1253.800049,-0.759723663
1253.900024,-0.759246826
1254,-0.756004333
1254.099976,-0.760105133
1254.200073,-0.756290436
1254.300049,-0.754526138
1254.400024,-0.751903534
1254.5,-0.757005692
1254.599976,-0.758817673
1254.700073,-0.754430771
1254.800049,-0.752285004
1254.900024,-0.756779194
1255,-0.76058197
1255.099976,-0.759819031
1255.200073,-0.757387161
1255.300049,-0.761487961
1255.400024,-0.757875919
1255.5,-0.756099701
1255.599976,-0.756528854
1255.700073,-0.758257389
1255.800049,-0.759342194
1255.900024,-0.761058807
1256,-0.75261879
1256.099976,-0.757673264
1256.200073,-0.748708725
1256.300049,-0.756004333
1256.400024,-0.763109207
1256.5,-0.753190994
1256.599976,-0.758579254
1256.700073,-0.757959366
1256.800049,-0.751140594
1256.900024,-0.754478455
1257,-0.759151459
1257.099976,-0.751617432
1257.200073,-0.755622864
1257.300049,-0.757816315
1257.400024,-0.756147385
1257.5,-0.761106491
1257.599976,-0.758054733
1257.700073,-0.759568691
1257.800049,-0.75967598
1257.900024,-0.759437561
1258,-0.758293152
1258.099976,-0.754764557
1258.200073,-0.751379013
1258.300049,-0.759199142
1258.400024,-0.753047943
1258.5,-0.756719589
1258.599976,-0.75762558
1258.700073,-0.75557518
1258.800049,-0.755861282
1258.900024,-0.755479813
1259,-0.756767273
1259.099976,-0.756481171
1259.200073,-0.757291794
1259.300049,-0.749137878
1259.400024,-0.752094269
1259.5,-0.756958008
1259.599976,-0.753953934
1259.700073,-0.758626938
1259.800049,-0.752475739
1259.900024,-0.755241394
1260,-0.751760483
1260.099976,-0.755861282
1260.200073,-0.758102417
1260.300049,-0.758340836
1260.400024,-0.756612301
1260.5,-0.755241394
1260.599976,-0.754764557
1260.700073,-0.754383087
1260.800049,-0.755646706
1260.900024,-0.757530212
1261,-0.755908966
1261.099976,-0.757923603
1261.200073,-0.759485245
1261.300049,-0.758769989
1261.400024,-0.756588459
1261.5,-0.75390625
1261.599976,-0.754192352
1261.700073,-0.756147385
1261.800049,-0.757005692
1261.900024,-0.755765915
1262,-0.753000259
1262.099976,-0.758579254
1262.200073,-0.761487961
1262.300049,-0.760725021
1262.400024,-0.761201859
1262.5,-0.760343552
1262.599976,-0.7622509
1262.700073,-0.756433487
1262.800049,-0.753477097
1262.900024,-0.755765915
1263,-0.757530212
1263.099976,-0.755622864
1263.200073,-0.756886482
1263.300049,-0.758483887
1263.400024,-0.755908966
1263.5,-0.761917114
1263.599976,-0.751712799
1263.700073,-0.762918472
1263.800049,-0.754192352
1263.900024,-0.75428772
1264,-0.758626938
1264.099976,-0.756195068
1264.200073,-0.758150101
1264.300049,-0.763299942
1264.400024,-0.758150101
1264.5,-0.76301384
1264.599976,-0.762346268
1264.700073,-0.764110565
1264.800049,-0.762346268
1264.900024,-0.763240337
1265,-0.762489319
1265.099976,-0.764015198
1265.200073,-0.751760483
1265.300049,-0.767210007
1265.400024,-0.758197784
1265.5,-0.758769989
1265.599976,-0.756719589
1265.700073,-0.761487961
1265.800049,-0.756242752
1265.900024,-0.75762558
1266,-0.759532928
1266.099976,-0.761964798
1266.200073,-0.760057449
1266.300049,-0.756147385
1266.400024,-0.76301384
1266.5,-0.756147385
1266.599976,-0.758674622
1266.700073,-0.759580612
1266.800049,-0.760629654
1266.900024,-0.755861282
1267,-0.757434845
1267.099976,-0.755002975
1267.200073,-0.760772705
1267.300049,-0.767591476
1267.400024,-0.760152817
1267.5,-0.757101059
1267.599976,-0.763252258
1267.700073,-0.763490677
1267.800049,-0.762823105
1267.900024,-0.75595665
1268,-0.756147385
1268.099976,-0.75826931
1268.200073,-0.760248184
1268.300049,-0.760725021
1268.400024,-0.762393951
1268.5,-0.762966156
1268.599976,-0.760009766
1268.700073,-0.757673264
1268.800049,-0.757005692
1268.900024,-0.759628296
1269,-0.759485245
1269.099976,-0.761440277
1269.200073,-0.758674622
1269.300049,-0.759914398
1269.400024,-0.758960724
1269.5,-0.759532928
1269.599976,-0.759079933
1269.700073,-0.75929451
1269.800049,-0.762197256
1269.900024,-0.764968872
1270,-0.765445709
1270.099976,-0.761154175
1270.200073,-0.760820389
1270.300049,-0.766399384
1270.400024,-0.761106491
1270.5,-0.765922546
1270.599976,-0.758054733
1270.700073,-0.753047943
1270.800049,-0.75800705
1270.900024,-0.762393951
1271,-0.767496109
1271.099976,-0.755241394
1271.200073,-0.763681412
1271.300049,-0.764968872
1271.400024,-0.764313221
1271.5,-0.764062881
1271.599976,-0.761133313
1271.700073,-0.757816315
1271.800049,-0.758340836
1271.900024,-0.76673317
1272,-0.758054733
1272.099976,-0.76506424
1272.200073,-0.761917114
1272.300049,-0.760868073
1272.400024,-0.759914398
1272.5,-0.763490677
1272.599976,-0.766208649
1272.700073,-0.766971588
1272.800049,-0.765636444
1272.900024,-0.765922546
1273,-0.763442993
1273.099976,-0.755813599
1273.200073,-0.769832611
1273.300049,-0.763538361
1273.400024,-0.766923904
1273.5,-0.765350342
1273.599976,-0.753858566
1273.700073,-0.771120071
1273.800049,-0.760629654
1273.900024,-0.763633728
1274,-0.754096985
1274.099976,-0.760534286
1274.200073,-0.767543793
1274.300049,-0.759914398
1274.400024,-0.758674622
1274.5,-0.760379314
1274.599976,-0.761106491
1274.700073,-0.761821747
1274.800049,-0.763538361
1274.900024,-0.765636444
1275,-0.76558876
1275.099976,-0.760772705
1275.200073,-0.760534286
1275.300049,-0.75891304
1275.400024,-0.767543793
1275.5,-0.758674622
1275.599976,-0.765207291
1275.700073,-0.764873505
1275.800049,-0.765111923
1275.900024,-0.760820389
1276,-0.765779495
1276.099976,-0.760105133
1276.200073,-0.756576538
1276.300049,-0.76558876
1276.400024,-0.768497467
1276.5,-0.765636444
1276.599976,-0.768878937
1276.700073,-0.759485245
1276.800049,-0.760868073
1276.900024,-0.756576538
1277,-0.760820389
1277.099976,-0.764015198
1277.200073,-0.763967514
1277.300049,-0.762823105
1277.400024,-0.764778137
1277.5,-0.763109207
1277.599976,-0.7663517
1277.700073,-0.767066956
1277.800049,-0.763156891
1277.900024,-0.767448425
1278,-0.75686264
1278.099976,-0.772312164
1278.200073,-0.760534286
1278.300049,-0.764062881
1278.400024,-0.761726379
1278.5,-0.765159607
1278.599976,-0.764062881
1278.700073,-0.764444351
1278.800049,-0.762203217
1278.900024,-0.763729095
1279,-0.759389877
1279.099976,-0.756052017
1279.200073,-0.753143311
1279.300049,-0.765493393
1279.400024,-0.761631012
1279.5,-0.75724411
1279.599976,-0.76263237
1279.700073,-0.759437561
1279.800049,-0.760438919
1279.900024,-0.758054733
1280,-0.757482529
1280.099976,-0.760057449
1280.200073,-0.766113281
1280.300049,-0.763872147
1280.400024,-0.76506424
1280.5,-0.765398026
1280.599976,-0.763586044
1280.700073,-0.762680054
1280.800049,-0.761201859
1280.900024,-0.7602005
1281,-0.766494751
1281.099976,-0.758626938
1281.200073,-0.763776779
1281.300049,-0.760152817
1281.400024,-0.757577896
1281.5,-0.761631012
1281.599976,-0.768688202
1281.700073,-0.763538361
1281.800049,-0.764205933
1281.900024,-0.764062881
1282,-0.760391235
1282.099976,-0.765207291
1282.200073,-0.756719589
1282.300049,-0.755336761
1282.400024,-0.761440277
1282.5,-0.75557518
1282.599976,-0.769117355
1282.700073,-0.766685486
1282.800049,-0.761487961
1282.900024,-0.756242752
1283,-0.759056091
1283.099976,-0.769021988
1283.200073,-0.770309448
1283.300049,-0.759771347
1283.400024,-0.761631012
1283.5,-0.765016556
1283.599976,-0.766971588
1283.700073,-0.766160965
1283.800049,-0.765016556
1283.900024,-0.766065598
1284,-0.764396667
1284.099976,-0.770452499
1284.200073,-0.763776779
1284.300049,-0.758865356
1284.400024,-0.768783569
1284.5,-0.763061523
1284.599976,-0.763538361
1284.700073,-0.761762142
1284.800049,-0.759628296
1284.900024,-0.760820389
1285,-0.763061523
1285.099976,-0.759389877
1285.200073,-0.761440277
1285.300049,-0.766876221
1285.400024,-0.762966156
1285.5,-0.764325142
1285.599976,-0.76301384
1285.700073,-0.764444351
1285.800049,-0.759580612
1285.900024,-0.76058197
1286,-0.758340836
1286.099976,-0.762584686
1286.200073,-0.765636444
1286.300049,-0.767162323
1286.400024,-0.762537003
1286.5,-0.762966156
1286.599976,-0.772121429
1286.700073,-0.765302658
1286.800049,-0.758626938
1286.900024,-0.764635086
1287,-0.763442993
1287.099976,-0.765541077
1287.200073,-0.757387161
1287.300049,-0.769069672
1287.400024,-0.764444351
1287.5,-0.763872147
1287.599976,-0.763252258
1287.700073,-0.758769989
1287.800049,-0.756767273
1287.900024,-0.75724411
1288,-0.762680054
1288.099976,-0.760820389
1288.200073,-0.758150101
1288.300049,-0.765922546
1288.400024,-0.771120071
1288.5,-0.771263123
1288.599976,-0.768068314
1288.700073,-0.768366337
1288.800049,-0.767305374
1288.900024,-0.766828537
1289,-0.766017914
1289.099976,-0.763824463
1289.200073,-0.765302658
1289.300049,-0.763073444
1289.400024,-0.762298584
1289.5,-0.760868073
1289.599976,-0.768688202
1289.700073,-0.764778137
1289.800049,-0.767972946
1289.900024,-0.761201859
1290,-0.764348984
1290.099976,-0.764062881
1290.200073,-0.76597023
1290.300049,-0.76725769
1290.400024,-0.759628296
1290.5,-0.769165039
1290.599976,-0.75967598
1290.700073,-0.759342194
1290.800049,-0.764587402
1290.900024,-0.772026062
1291,-0.762012482
1291.099976,-0.772693634
1291.200073,-0.76058197
1291.300049,-0.763252258
1291.400024,-0.761011124
1291.5,-0.768497467
1291.599976,-0.766685486
1291.700073,-0.762489319
1291.800049,-0.765731812
1291.900024,-0.762775421
1292,-0.76301384
1292.099976,-0.76160717
1292.200073,-0.761631012
1292.300049,-0.763198614
1292.400024,-0.76597023
1292.5,-0.763586044
1292.599976,-0.765207291
1292.700073,-0.761106491
1292.800049,-0.763252258
1292.900024,-0.767353058
1293,-0.764921188
1293.099976,-0.768831253
1293.200073,-0.760248184
1293.300049,-0.769546509
1293.400024,-0.767448425
1293.5,-0.760725021
1293.599976,-0.760295868
1293.700073,-0.761952877
1293.800049,-0.764873505
1293.900024,-0.761917114
1294,-0.757720947
1294.099976,-0.766160965
1294.200073,-0.763347626
1294.300049,-0.763872147
1294.400024,-0.758293152
1294.5,-0.762584686
1294.599976,-0.766685486
1294.700073,-0.765302658
1294.800049,-0.766017914
1294.900024,-0.765922546
1295,-0.761297226
1295.099976,-0.763061523
1295.200073,-0.767591476
1295.300049,-0.766447067
1295.400024,-0.762727737
1295.5,-0.761535645
1295.599976,-0.762703896
1295.700073,-0.764110565
1295.800049,-0.762441635
1295.900024,-0.76968956
1296,-0.765636444
1296.099976,-0.769212723
1296.200073,-0.765207291
1296.300049,-0.766661644
1296.400024,-0.766065598
1296.5,-0.766160965
1296.599976,-0.763586044
1296.700073,-0.768640518
1296.800049,-0.761535645
1296.900024,-0.763061523
1297,-0.763729095
1297.099976,-0.762537003
1297.200073,-0.764277458
1297.300049,-0.767829895
1297.400024,-0.76301384
1297.5,-0.756195068
1297.599976,-0.763442993
1297.700073,-0.761726379
1297.800049,-0.768115997
1297.900024,-0.766447067
1298,-0.765016556
1298.099976,-0.76456356
1298.200073,-0.763204575
1298.300049,-0.763586044
1298.400024,-0.759389877
1298.5,-0.762298584
1298.599976,-0.766208649
1298.700073,-0.763538361
1298.800049,-0.769021988
1298.900024,-0.760105133
1299,-0.763776779
1299.099976,-0.761297226
1299.200073,-0.763776779
1299.300049,-0.760009766
1299.400024,-0.760391235
1299.5,-0.759532928
1299.599976,-0.761774063
1299.700073,-0.762823105
1299.800049,-0.759878635
1299.900024,-0.757482529
1300,-0.757434845
1300.099976,-0.759389877
1300.200073,-0.7663517
1300.300049,-0.766160965
1300.400024,-0.764921188
1300.5,-0.762727737
1300.599976,-0.764444351
1300.700073,-0.762346268
1300.800049,-0.760629654
1300.900024,-0.761583328
1301,-0.763633728
1301.099976,-0.760939598
1301.200073,-0.762185335
1301.300049,-0.761726379
1301.400024,-0.762441635
1301.5,-0.766447067
1301.599976,-0.81708765
1301.700073,-0.830009937
1301.800049,-0.837639332
1301.900024,-0.820854664
1302,-0.826004505
1302.099976,-0.828341007
1302.200073,-0.821140766
1302.300049,-0.821808338
1302.400024,-0.823048115
1302.5,-0.827244282
1302.599976,-0.817039967
1302.700073,-0.825861454
1302.800049,-0.821712971
1302.900024,-0.824478626
1303,-0.825146198
1303.099976,-0.828293324
1303.200073,-0.826099873
1303.300049,-0.822189808
1303.400024,-0.820950031
1303.5,-0.813034534
1303.599976,-0.816706181
1303.700073,-0.824240208
1303.800049,-0.823048115
1303.900024,-0.822010994
1304,-0.820044041
1304.099976,-0.820711613
1304.200073,-0.819567204
1304.300049,-0.818518162
1304.400024,-0.818994999
1304.5,-0.820663929
1304.599976,-0.821844101
1304.700073,-0.823429585
1304.800049,-0.824287891
1304.900024,-0.822618961
1305,-0.822380543
1305.099976,-0.820377827
1305.200073,-0.825575352
1305.300049,-0.813797474
1305.400024,-0.817039967
1305.5,-0.820473194
1305.599976,-0.816658497
1305.700073,-0.822618961
1305.800049,-0.818089008
1305.900024,-0.824955463
1306,-0.81126976
1306.099976,-0.8128438
1306.200073,-0.820044041
1306.300049,-0.824240208
1306.400024,-0.811889648
1306.5,-0.816610813
1306.599976,-0.820997715
1306.700073,-0.828341007
1306.800049,-0.816658497
1306.900024,-0.820091724
1307,-0.818518162
1307.099976,-0.820044041
1307.200073,-0.821248055
1307.300049,-0.824097157
1307.400024,-0.822332859
1307.5,-0.821546078
1307.599976,-0.821379185
1307.700073,-0.818375111
1307.800049,-0.818398952
1307.900024,-0.816992283
1308,-0.816849232
1308.099976,-0.816324711
1308.200073,-0.818947315
1308.300049,-0.818720818
1308.400024,-0.819328785
1308.5,-0.820282459
1308.599976,-0.821903706
1308.700073,-0.816992283
1308.800049,-0.81990099
1308.900024,-0.821093082
1309,-0.820377827
1309.099976,-0.822368622
1309.200073,-0.82490778
1309.300049,-0.823095798
1309.400024,-0.821426868
1309.5,-0.820091724
1309.599976,-0.819662571
1309.700073,-0.820079803
1309.800049,-0.820282459
1309.900024,-0.820282459
1310,-0.819948673
1310.099976,-0.820592403
1310.200073,-0.820950031
1310.300049,-0.82118845
1310.400024,-0.822237492
1310.5,-0.818184376
1310.599976,-0.813606739
1310.700073,-0.815704823
1310.800049,-0.817516804
1310.900024,-0.818565845
1311,-0.820568562
1311.099976,-0.822237492
1311.200073,-0.823954105
1311.300049,-0.822571278
1311.400024,-0.824430943
1311.5,-0.817612171
1311.599976,-0.816038609
1311.700073,-0.817659855
1311.800049,-0.820950031
1311.900024,-0.824287891
1312,-0.816896915
1312.099976,-0.822332859
1312.200073,-0.817612171
1312.300049,-0.817707539
1312.400024,-0.819185734
1312.5,-0.823763371
1312.599976,-0.822189808
1312.700073,-0.818422794
1312.800049,-0.820473194
1312.900024,-0.822428226
1313,-0.815227985
1313.099976,-0.820473194
1313.200073,-0.823668003
1313.300049,-0.815514088
1313.400024,-0.820330143
1313.5,-0.824573994
1313.599976,-0.81990099
1313.700073,-0.817898273
1313.800049,-0.816896915
1313.900024,-0.820520878
1314,-0.813654423
1314.099976,-0.820520878
1314.200073,-0.81374979
1314.300049,-0.821951389
1314.400024,-0.816515446
1314.5,-0.815514088
1314.599976,-0.819996357
1314.700073,-0.815084934
1314.800049,-0.819471836
1314.900024,-0.819567204
1315,-0.816229224
1315.099976,-0.814274311
1315.200073,-0.811603546
1315.300049,-0.825098515
1315.400024,-0.815466404
1315.5,-0.823811054
1315.599976,-0.822809696
1315.700073,-0.814226627
1315.800049,-0.822666645
1315.900024,-0.814274311
1316,-0.823191166
1316.099976,-0.817183018
1316.200073,-0.818327427
1316.300049,-0.818375111
1316.400024,-0.817349911
1316.5,-0.813988209
1316.599976,-0.818708897
1316.700073,-0.82285738
1316.800049,-0.823095798
1316.900024,-0.819185734
1317,-0.819042683
1317.099976,-0.823524952
1317.200073,-0.825384617
1317.300049,-0.828102589
1317.400024,-0.823715687
1317.5,-0.819710255
1317.599976,-0.817993641
1317.700073,-0.823334217
1317.800049,-0.819757938
1317.900024,-0.828388691
1318,-0.816324711
1318.099976,-0.821856022
1318.200073,-0.818232059
1318.300049,-0.815847874
1318.400024,-0.815227985
1318.5,-0.817028046
1318.599976,-0.818613529
1318.700073,-0.818422794
1318.800049,-0.823429585
1318.900024,-0.818470478
1319,-0.814035892
1319.099976,-0.817564487
1319.200073,-0.823143482
1319.300049,-0.821617603
1319.400024,-0.820377827
1319.5,-0.816944599
1319.599976,-0.818899632
1319.700073,-0.81126976
1319.800049,-0.827530384
1319.900024,-0.821856022
1320,-0.821760654
1320.099976,-0.815895557
1320.200073,-0.813272953
1320.300049,-0.818422794
1320.400024,-0.816849232
1320.5,-0.818232059
1320.599976,-0.819710255
1320.700073,-0.820282459
1320.800049,-0.817564487
1320.900024,-0.82581377
1321,-0.821712971
1321.099976,-0.825193882
1321.200073,-0.81618166
1321.300049,-0.817373753
1321.400024,-0.824383259
1321.5,-0.817326069
1321.599976,-0.820854664
1321.700073,-0.825003147
1321.800049,-0.818708897
1321.900024,-0.820377827
1322,-0.817373753
1322.099976,-0.817039967
1322.200073,-0.827244282
1322.300049,-0.824955463
1322.400024,-0.818232059
1322.5,-0.814226627
1322.599976,-0.818327427
1322.700073,-0.820234776
1322.800049,-0.810554504
1322.900024,-0.81746912
1323,-0.824430943
1323.099976,-0.820437431
1323.200073,-0.819614887
1323.300049,-0.820234776
1323.400024,-0.816992283
1323.5,-0.821856022
1323.599976,-0.817898273
1323.700073,-0.814465046
1323.800049,-0.814846516
1323.900024,-0.818708897
1324,-0.823048115
1324.099976,-0.818470478
1324.200073,-0.813129902
1324.300049,-0.81913805
1324.400024,-0.824717045
1324.5,-0.818708897
1324.599976,-0.816086292
1324.700073,-0.820950031
1324.800049,-0.818279743
1324.900024,-0.819662571
1325,-0.822285175
1325.099976,-0.826910496
1325.200073,-0.824287891
1325.300049,-0.818708897
1325.400024,-0.822618961
1325.5,-0.820616245
1325.599976,-0.820377827
1325.700073,-0.818613529
1325.800049,-0.819662571
1325.900024,-0.817659855
1326,-0.816086292
1326.099976,-0.819734097
1326.200073,-0.822380543
1326.300049,-0.822809696
1326.400024,-0.821665287
1326.5,-0.82209444
1326.599976,-0.821236134
1326.700073,-0.821236134
1326.800049,-0.819948673
1326.900024,-0.821808338
1327,-0.816038609
1327.099976,-0.82285738
1327.200073,-0.816372395
1327.300049,-0.821617603
1327.400024,-0.81913805
1327.5,-0.819710255
1327.599976,-0.819948673
1327.700073,-0.82080698
1327.800049,-0.820139408
1327.900024,-0.825479984
1328,-0.821856022
1328.099976,-0.818136692
1328.200073,-0.811317444
1328.300049,-0.826815128
1328.400024,-0.818041325
1328.5,-0.823429585
1328.599976,-0.817790985
1328.700073,-0.814751148
1328.800049,-0.814941883
1328.900024,-0.816992283
1329,-0.816658497
1329.099976,-0.816944599
1329.200073,-0.817755222
1329.300049,-0.81451273
1329.400024,-0.816849232
1329.5,-0.823191166
1329.599976,-0.819185734
1329.700073,-0.81165123
1329.800049,-0.817993641
1329.900024,-0.823572636
1330,-0.818136692
1330.099976,-0.815466404
1330.200073,-0.817707539
1330.300049,-0.816896915
1330.400024,-0.818542004
1330.5,-0.819376469
1330.599976,-0.820187092
1330.700073,-0.82209444
1330.800049,-0.825289249
1330.900024,-0.823524952
1331,-0.815752506
1331.099976,-0.813845158
1331.200073,-0.821426868
1331.300049,-0.818804264
1331.400024,-0.81451273
1331.5,-0.816801548
1331.599976,-0.818089008
1331.700073,-0.81580019
1331.800049,-0.818136692
1331.900024,-0.815835953
1332,-0.813797474
1332.099976,-0.815609455
1332.200073,-0.823668003
1332.300049,-0.822666645
1332.400024,-0.821116924
1332.5,-0.818518162
1332.599976,-0.819614887
1332.700073,-0.817516804
1332.800049,-0.815275669
1332.900024,-0.815704823
1333,-0.816420078
1333.099976,-0.816753864
1333.200073,-0.817516804
1333.300049,-0.817373753
1333.400024,-0.823095798
1333.5,-0.814560413
1333.599976,-0.819757938
1333.700073,-0.822142124
1333.800049,-0.821808338
1333.900024,-0.813082218
1334,-0.816372395
1334.099976,-0.82118845
1334.200073,-0.820854664
1334.300049,-0.818994999
1334.400024,-0.817421436
1334.5,-0.817886353
1334.599976,-0.817802906
1334.700073,-0.817326069
1334.800049,-0.813320637
1334.900024,-0.815084934
1335,-0.823095798
1335.099976,-0.815895557
1335.200073,-0.819471836
1335.300049,-0.815323353
1335.400024,-0.816753864
1335.5,-0.815990925
1335.599976,-0.816229343
1335.700073,-0.816122055
1335.800049,-0.816229343
1335.900024,-0.816038609
1336,-0.81413126
1336.099976,-0.816420078
1336.200073,-0.818994999
1336.300049,-0.806453705
1336.400024,-0.822905064
1336.5,-0.814178944
1336.599976,-0.816610813
1336.700073,-0.819090366
1336.800049,-0.820377827
1336.900024,-0.81708765
1337,-0.810792923
1337.099976,-0.822142124
1337.200073,-0.818470478
1337.300049,-0.821808338
1337.400024,-0.815466404
1337.5,-0.817707539
1337.599976,-0.819853306
1337.700073,-0.816563129
1337.800049,-0.813463688
1337.900024,-0.815227985
1338,-0.812748432
1338.099976,-0.814679623
1338.200073,-0.814465046
1338.300049,-0.816277027
1338.400024,-0.823429585
1338.5,-0.818422794
1338.599976,-0.821856022
1338.700073,-0.810554504
1338.800049,-0.811841965
1338.900024,-0.814941645
1339,-0.819567204
1339.099976,-0.817802906
1339.200073,-0.817373753
1339.300049,-0.8128438
1339.400024,-0.810697556
1339.5,-0.817898273
1339.599976,-0.818422794
1339.700073,-0.818327427
1339.800049,-0.818899632
1339.900024,-0.814321995
1340,-0.815943241
1340.099976,-0.813702106
1340.200073,-0.822237492
1340.300049,-0.820616245
1340.400024,-0.822618961
1340.5,-0.82285738
1340.599976,-0.818911552
1340.700073,-0.816563129
1340.800049,-0.813606739
1340.900024,-0.816932678
1341,-0.818375111
1341.099976,-0.819185734
1341.200073,-0.815060854
1341.300049,-0.811603546
1341.400024,-0.811079025
1341.5,-0.814417362
1341.599976,-0.81618166
1341.700073,-0.817659855
1341.800049,-0.820759296
1341.900024,-0.823334217
1342,-0.82209444
1342.099976,-0.819471836
1342.200073,-0.822285175
1342.300049,-0.815132618
1342.400024,-0.819281101
1342.5,-0.817421436
1342.599976,-0.811412811
1342.700073,-0.817183018
1342.800049,-0.812080383
1342.900024,-0.819281101
1343,-0.82156992
1343.099976,-0.821093082
1343.200073,-0.819614887
1343.300049,-0.817266464
1343.400024,-0.813463688
1343.5,-0.814894199
1343.599976,-0.817516804
1343.700073,-0.821522236
1343.800049,-0.814560413
1343.900024,-0.819614887
1344,-0.815466404
1344.099976,-0.821140766
1344.200073,-0.823477268
1344.300049,-0.812510014
1344.400024,-0.819376469
1344.5,-0.813940525
1344.599976,-0.813654423
1344.700073,-0.818422794
1344.800049,-0.818899632
1344.900024,-0.823429585
1345,-0.820044041
1345.099976,-0.823191166
1345.200073,-0.821975231
1345.300049,-0.821236134
1345.400024,-0.823429585
1345.5,-0.81580019
1345.599976,-0.824097157
1345.700073,-0.821474552
1345.800049,-0.817898273
1345.900024,-0.813702106
1346,-0.816944599
1346.099976,-0.818661213
1346.200073,-0.814345598
1346.300049,-0.809696198
1346.400024,-0.812080383
1346.5,-0.816038609
1346.599976,-0.816086292
1346.700073,-0.81618166
1346.800049,-0.817898273
1346.900024,-0.817564487
1347,-0.81875658
1347.099976,-0.815752506
1347.200073,-0.808218002
1347.300049,-0.813916564
1347.400024,-0.816277027
1347.5,-0.81541872
1347.599976,-0.819567204
1347.700073,-0.820616245
1347.800049,-0.812986851
1347.900024,-0.813559055
1348,-0.81165123
1348.099976,-0.811222076
1348.200073,-0.812593222
1348.300049,-0.812891483
1348.400024,-0.814608097
1348.5,-0.818089008
1348.599976,-0.810792923
1348.700073,-0.816992283
1348.800049,-0.810029984
1348.900024,-0.813845158
1349,-0.817135334
1349.099976,-0.815990925
1349.200073,-0.814810753
1349.300049,-0.813606739
1349.400024,-0.812510014
1349.5,-0.814441204
1349.599976,-0.817802906
1349.700073,-0.813845158
1349.800049,-0.815657139
1349.900024,-0.811603546
1350,-0.812986851
1350.099976,-0.814941883
1350.200073,-0.81541872
1350.300049,-0.814655781
1350.400024,-0.817326069
1350.5,-0.816944599
1350.599976,-0.819710255
1350.700073,-0.816086292
1350.800049,-0.813654423
1350.900024,-0.816610813
1351,-0.821665287
1351.099976,-0.811222076
1351.200073,-0.813654423
1351.300049,-0.815609336
1351.400024,-0.819805622
1351.5,-0.817755222
1351.599976,-0.820234776
1351.700073,-0.818422794
1351.800049,-0.809648514
1351.900024,-0.816896915
1352,-0.812939167
1352.099976,-0.815704823
1352.200073,-0.815514088
1352.300049,-0.820044041
1352.400024,-0.815943241
1352.5,-0.814465046
1352.599976,-0.81374979
1352.700073,-0.816706181
1352.800049,-0.81580019
1352.900024,-0.819662571
1353,-0.815180302
1353.099976,-0.807073593
1353.200073,-0.819710255
1353.300049,-0.810173035
1353.400024,-0.82118845
1353.5,-0.809171677
1353.599976,-0.821712971
1353.700073,-0.812223434
1353.800049,-0.812461853
1353.900024,-0.818613529
1354,-0.809267044
1354.099976,-0.816992283
1354.200073,-0.817612171
1354.300049,-0.813892841
1354.400024,-0.80960083
1354.5,-0.816801548
1354.599976,-0.813797474
1354.700073,-0.819853306
1354.800049,-0.816324711
1354.900024,-0.813988209
1355,-0.814321995
1355.099976,-0.810459137
1355.200073,-0.814178944
1355.300049,-0.807407379
1355.400024,-0.811412811
1355.5,-0.811412811
1355.599976,-0.82080698
1355.700073,-0.807216644
1355.800049,-0.818422794
1355.900024,-0.816610813
1356,-0.815704823
1356.099976,-0.815514088
1356.200073,-0.815561771
1356.300049,-0.813952327
1356.400024,-0.8120327
1356.5,-0.812700748
1356.599976,-0.812390566
1356.700073,-0.812318802
1356.800049,-0.812510014
1356.900024,-0.818947315
1357,-0.822762012
1357.099976,-0.818291664
1357.200073,-0.815514088
1357.300049,-0.815943241
1357.400024,-0.81336832
1357.5,-0.820473194
1357.599976,-0.813559055
1357.700073,-0.817278385
1357.800049,-0.811794281
1357.900024,-0.815943241
1358,-0.8120327
1358.099976,-0.819662571
1358.200073,-0.814035892
1358.300049,-0.819424152
1358.400024,-0.809886932
1358.5,-0.818041325
1358.599976,-0.81990099
1358.700073,-0.816515446
1358.800049,-0.817135334
1358.900024,-0.809076309
1359,-0.822714329
1359.099976,-0.810268402
1359.200073,-0.811031342
1359.300049,-0.813678026
1359.400024,-0.816896915
1359.5,-0.816515446
1359.599976,-0.810745239
1359.700073,-0.817326069
1359.800049,-0.813892841
1359.900024,-0.810792923
1360,-0.81374979
1360.099976,-0.812128067
1360.200073,-0.812497854
1360.300049,-0.811508179
1360.400024,-0.812605381
1360.5,-0.815466404
1360.599976,-0.81374979
1360.700073,-0.812700748
1360.800049,-0.807073593
1360.900024,-0.815895557
1361,-0.810745239
1361.099976,-0.810173035
1361.200073,-0.807216644
1361.300049,-0.818661213
1361.400024,-0.814369678
1361.5,-0.819710255
1361.599976,-0.816229343
1361.700073,-0.813797474
1361.800049,-0.816563129
1361.900024,-0.814321995
1362,-0.810029984
1362.099976,-0.815657139
1362.200073,-0.817421436
1362.300049,-0.815895557
1362.400024,-0.813272953
1362.5,-0.813940525
1362.599976,-0.816706181
1362.700073,-0.817135334
1362.800049,-0.817707539
1362.900024,-0.819805622
1363,-0.809553146
1363.099976,-0.80421257
1363.200073,-0.816133976
1363.300049,-0.812414169
1363.400024,-0.812557697
1363.5,-0.811555862
1363.599976,-0.813082218
1363.700073,-0.809886932
1363.800049,-0.815657139
1363.900024,-0.818661213
1364,-0.81451273
1364.099976,-0.812772036
1364.200073,-0.80960083
1364.300049,-0.80831337
1364.400024,-0.813988209
1364.5,-0.816944599
1364.599976,-0.81126976
1364.700073,-0.809839249
1364.800049,-0.811555862
1364.900024,-0.813177586
1365,-0.816420078
1365.099976,-0.813141584
1365.200073,-0.811174393
1365.300049,-0.811794281
1365.400024,-0.808122635
1365.5,-0.81374979
1365.599976,-0.818994999
1365.700073,-0.802019119
1365.800049,-0.81785059
1365.900024,-0.80921936
1366,-0.814751148
1366.099976,-0.816324711
1366.200073,-0.806453705
1366.300049,-0.820711613
1366.400024,-0.806024551
1366.5,-0.813034534
1366.599976,-0.814274311
1366.700073,-0.814226627
1366.800049,-0.808790207
1366.900024,-0.80960083
1367,-0.812510014
1367.099976,-0.811794281
1367.200073,-0.811317563
1367.300049,-0.810554504
1367.400024,-0.814178735
1367.5,-0.818089008
1367.599976,-0.816753864
1367.700073,-0.811555862
1367.800049,-0.81374979
1367.900024,-0.806787491
1368,-0.820044041
1368.099976,-0.815275669
1368.200073,-0.811841965
1368.300049,-0.808122635
1368.400024,-0.816467762
1368.5,-0.814465046
1368.599976,-0.808218002
1368.700073,-0.812605381
1368.800049,-0.810983658
1368.900024,-0.811615586
1369,-0.812318802
1369.099976,-0.810554504
1369.200073,-0.805833817
1369.300049,-0.808551788
1369.400024,-0.81165123
1369.5,-0.811317444
1369.599976,-0.811389089
1369.700073,-0.812510014
1369.800049,-0.810077667
1369.900024,-0.808027267
1370,-0.810077667
1370.099976,-0.807729244
1370.200073,-0.805261612
1370.300049,-0.80755043
1370.400024,-0.811460495
1370.5,-0.811794281
1370.599976,-0.807598114
1370.700073,-0.805833817
1370.800049,-0.810029984
1370.900024,-0.810459137
1371,-0.810029984
1371.099976,-0.811126709
1371.200073,-0.811484456
1371.300049,-0.811460495
1371.400024,-0.813320637
1371.5,-0.803115845
1371.599976,-0.817802906
1371.700073,-0.808742523
1371.800049,-0.813177586
1371.900024,-0.81336832
1372,-0.815704823
1372.099976,-0.814417362
1372.200073,-0.81515646
1372.300049,-0.816324711
1372.400024,-0.814178944
1372.5,-0.81088829
1372.599976,-0.807168961
1372.700073,-0.815371037
1372.800049,-0.80626297
1372.900024,-0.813177586
1373,-0.805595398
1373.099976,-0.808218002
1373.200073,-0.805547714
1373.300049,-0.810077667
1373.400024,-0.810125351
1373.5,-0.805929184
1373.599976,-0.812891483
1373.700073,-0.807216644
1373.800049,-0.810840607
1373.900024,-0.809886932
1374,-0.812557697
1374.099976,-0.811734915
1374.200073,-0.811841965
1374.300049,-0.812653065
1374.400024,-0.814560413
1374.5,-0.814703465
1374.599976,-0.810220718
1374.700073,-0.805929184
1374.800049,-0.808742523
1374.900024,-0.810840607
1375,-0.807025909
1375.099976,-0.810125351
1375.200073,-0.807073593
1375.300049,-0.808408737
1375.400024,-0.803783417
1375.5,-0.812557697
1375.599976,-0.808885574
1375.700073,-0.809934616
1375.800049,-0.814226627
1375.900024,-0.812796116
1376,-0.806978226
1376.099976,-0.806835175
1376.200073,-0.808074951
1376.300049,-0.808742523
1376.400024,-0.809743881
1376.5,-0.808170319
1376.599976,-0.804880142
1376.700073,-0.8120327
1376.800049,-0.808790207
1376.900024,-0.804021835
1377,-0.809743881
1377.099976,-0.808551788
1377.200073,-0.809743881
1377.300049,-0.808837891
1377.400024,-0.812461853
1377.5,-0.802495956
1377.599976,-0.821093082
1377.700073,-0.808980942
1377.800049,-0.807216644
1377.900024,-0.809267044
1378,-0.806692123
1378.099976,-0.806167603
1378.200073,-0.80831337
1378.300049,-0.804260254
1378.400024,-0.808122635
1378.5,-0.813272953
1378.599976,-0.813177586
1378.700073,-0.811412811
1378.800049,-0.80664444
1378.900024,-0.801542282
1379,-0.814035892
1379.099976,-0.805690765
1379.200073,-0.800970078
1379.300049,-0.805166245
1379.400024,-0.815943241
1379.5,-0.802400589
1379.599976,-0.810173035
1379.700073,-0.807312012
1379.800049,-0.809028625
1379.900024,-0.807061672
1380,-0.805738449
1380.099976,-0.806167603
1380.200073,-0.807598114
1380.300049,-0.806024551
1380.400024,-0.808885574
1380.5,-0.80330658
1380.599976,-0.806215286
1380.700073,-0.806882858
1380.800049,-0.807228565
1380.900024,-0.808408737
1381,-0.807407379
1381.099976,-0.809350491
1381.200073,-0.810935974
1381.300049,-0.810649872
1381.400024,-0.804546356
1381.5,-0.806119919
1381.599976,-0.805440426
1381.700073,-0.804260254
1381.800049,-0.806835175
1381.900024,-0.812796116
1382,-0.809696198
1382.099976,-0.807073593
1382.200073,-0.808170319
1382.300049,-0.804546356
1382.400024,-0.801780701
1382.5,-0.809362411
1382.599976,-0.806119919
1382.700073,-0.803068161
1382.800049,-0.80125618
1382.900024,-0.809267044
1383,-0.801494598
1383.099976,-0.805738449
1383.200073,-0.799777985
1383.300049,-0.810459137
1383.400024,-0.804450989
1383.5,-0.813988209
1383.599976,-0.812700748
1383.700073,-0.810971975
1383.800049,-0.807693481
1383.900024,-0.809505463
1384,-0.815943241
1384.099976,-0.81088829
1384.200073,-0.804117203
1384.300049,-0.81036377
1384.400024,-0.805166245
1384.5,-0.809362411
1384.599976,-0.8079319
1384.700073,-0.812653065
1384.800049,-0.805738449
1384.900024,-0.815943241
1385,-0.810173035
1385.099976,-0.804832458
1385.200073,-0.807645798
1385.300049,-0.806978226
1385.400024,-0.807788849
1385.5,-0.804880142
1385.599976,-0.802019119
1385.700073,-0.811841965
1385.800049,-0.79920578
1385.900024,-0.808408737
1386,-0.805452347
1386.099976,-0.805798054
1386.200073,-0.804585099
1386.300049,-0.803544998
1386.400024,-0.803544998
1386.5,-0.80755043
1386.599976,-0.803640366
1386.700073,-0.80626297
1386.800049,-0.809267044
1386.900024,-0.812605381
1387,-0.813320637
1387.099976,-0.801303864
1387.200073,-0.804784775
1387.300049,-0.800683975
1387.400024,-0.810220718
1387.5,-0.808408737
1387.599976,-0.808551788
1387.700073,-0.803258896
1387.800049,-0.804403305
1387.900024,-0.805833817
1388,-0.808265686
1388.099976,-0.807407379
1388.200073,-0.805213928
1388.300049,-0.803592682
1388.400024,-0.805225849
1388.5,-0.805786133
1388.599976,-0.806310654
1388.700073,-0.805798054
1388.800049,-0.804641724
1388.900024,-0.806453705
1389,-0.80125618
1389.099976,-0.805500031
1389.200073,-0.808933258
1389.300049,-0.806310654
1389.400024,-0.80921936
1389.5,-0.805690765
1389.599976,-0.798252106
1389.700073,-0.807121277
1389.800049,-0.804641724
1389.900024,-0.805118561
1390,-0.805809975
1390.099976,-0.808027267
1390.200073,-0.805452347
1390.300049,-0.807693481
1390.400024,-0.803783417
1390.5,-0.801542282
1390.599976,-0.805511951
1390.700073,-0.808361053
1390.800049,-0.808361053
1390.900024,-0.802829742
1391,-0.80254364
1391.099976,-0.806358337
1391.200073,-0.808027267
1391.300049,-0.806096077
1391.400024,-0.805452347
1391.5,-0.804546356
1391.599976,-0.80216217
1391.700073,-0.804641724
1391.800049,-0.79958725
1391.900024,-0.79920578
1392,-0.798156738
1392.099976,-0.801887989
1392.200073,-0.804164886
1392.300049,-0.806024551
1392.400024,-0.810459137
1392.5,-0.799301147
1392.599976,-0.810411453
1392.700073,-0.802257538
1392.800049,-0.805452347
1392.900024,-0.801923752
1393,-0.808456421
1393.099976,-0.797822952
1393.200073,-0.802877426
1393.300049,-0.806167603
1393.400024,-0.80125618
1393.5,-0.802782059
1393.599976,-0.806119919
1393.700073,-0.810983658
1393.800049,-0.804450989
1393.900024,-0.801971436
1394,-0.801923752
1394.099976,-0.804355621
1394.200073,-0.801113129
1394.300049,-0.802686691
1394.400024,-0.803544998
1394.5,-0.801542282
1394.599976,-0.803211212
1394.700073,-0.800016403
1394.800049,-0.800672054
1394.900024,-0.800064087
1395,-0.799396515
1395.099976,-0.800445557
1395.200073,-0.799825668
1395.300049,-0.804450989
1395.400024,-0.805976868
1395.5,-0.806358337
1395.599976,-0.804296017
1395.700073,-0.803878784
1395.800049,-0.800970078
1395.900024,-0.810220718
1396,-0.806024551
1396.099976,-0.797870636
1396.200073,-0.803592682
1396.300049,-0.799301147
1396.400024,-0.804164886
1396.5,-0.806930542
1396.599976,-0.802495956
1396.700073,-0.803783417
1396.800049,-0.802686691
1396.900024,-0.804117203
1397,-0.810554504
1397.099976,-0.803592682
1397.200073,-0.798347473
1397.300049,-0.799444199
1397.400024,-0.800207138
1397.5,-0.800302505
1397.599976,-0.800016403
1397.700073,-0.799873352
1397.800049,-0.800683975
1397.900024,-0.800922394
1398,-0.801923752
1398.099976,-0.797822952
1398.200073,-0.806692123
1398.300049,-0.801923752
1398.400024,-0.809696198
1398.5,-0.808599472
1398.599976,-0.809696198
1398.700073,-0.803592682
1398.800049,-0.801208496
1398.900024,-0.79869318
1399,-0.795724869
1399.099976,-0.794246674
1399.200073,-0.803354263
1399.300049,-0.805356979
1399.400024,-0.805166245
1399.5,-0.805738449
1399.599976,-0.804403305
1399.700073,-0.800540924
1399.800049,-0.806215286
1399.900024,-0.798776627
1400,-0.800016403
1400.099976,-0.801733017
1400.200073,-0.800397873
1400.300049,-0.801446915
1400.400024,-0.804737091
1400.5,-0.806310654
1400.599976,-0.803401947
1400.700073,-0.80216217
1400.800049,-0.802305222
1400.900024,-0.800207138
1401,-0.799634933
1401.099976,-0.798061371
1401.200073,-0.798323631
1401.300049,-0.79791832
1401.400024,-0.797679901
1401.5,-0.79753685
1401.599976,-0.800397873
1401.700073,-0.80497551
1401.800049,-0.799158096
1401.900024,-0.800397873
1402,-0.798919678
1402.099976,-0.807121277
1402.200073,-0.798252106
1402.300049,-0.806072235
1402.400024,-0.80921936
1402.5,-0.80497551
1402.599976,-0.803497314
1402.700073,-0.801113129
1402.800049,-0.800970078
1402.900024,-0.800183296
1403,-0.79920578
1403.099976,-0.799444199
1403.200073,-0.801113129
1403.300049,-0.801399231
1403.400024,-0.804689407
1403.5,-0.802019119
1403.599976,-0.804069519
1403.700073,-0.798919678
1403.800049,-0.806835175
1403.900024,-0.80125618
1404,-0.803068161
1404.099976,-0.797489166
1404.200073,-0.787857056
1404.300049,-0.802686691
1404.400024,-0.79791832
1404.5,-0.797441483
1404.599976,-0.797632217
1404.700073,-0.79920578
1404.800049,-0.802686691
1404.900024,-0.798633575
1405,-0.801685333
1405.099976,-0.795438766
1405.200073,-0.798967361
1405.300049,-0.803068161
1405.400024,-0.796440125
1405.5,-0.799539566
1405.599976,-0.797584534
1405.700073,-0.800064087
1405.800049,-0.799777985
1405.900024,-0.797966003
1406,-0.802019119
1406.099976,-0.802829742
1406.200073,-0.800290585
1406.300049,-0.799158096
1406.400024,-0.79715538
1406.5,-0.803497314
1406.599976,-0.80049324
1406.700073,-0.797346115
1406.800049,-0.800159454
1406.900024,-0.79920578
1407,-0.797250748
1407.099976,-0.796106339
1407.200073,-0.797060013
1407.300049,-0.800683975
1407.400024,-0.797822952
1407.5,-0.800207138
1407.599976,-0.796583176
1407.700073,-0.797441483
1407.800049,-0.798776627
1407.900024,-0.796440125
1408,-0.797393799
1408.099976,-0.798871994
1408.200073,-0.800540924
1408.300049,-0.798490524
1408.400024,-0.796010971
1408.5,-0.79624939
1408.599976,-0.797727585
1408.700073,-0.803258896
1408.800049,-0.795629501
1408.900024,-0.804784775
1409,-0.796678543
1409.099976,-0.793960571
1409.200073,-0.801208496
1409.300049,-0.799062729
1409.400024,-0.799396515
1409.5,-0.798109055
1409.599976,-0.805118561
1409.700073,-0.801351547
1409.800049,-0.797298431
1409.900024,-0.80087471
1410,-0.803401947
1410.099976,-0.794961929
1410.200073,-0.796344757
1410.300049,-0.796392441
1410.400024,-0.795677185
1410.5,-0.798585892
1410.599976,-0.796595097
1410.700073,-0.796678543
1410.800049,-0.795438766
1410.900024,-0.794437408
1411,-0.795724869
1411.099976,-0.800683975
1411.200073,-0.802829742
1411.300049,-0.798013687
1411.400024,-0.797393799
1411.5,-0.805738449
1411.599976,-0.792720795
1411.700073,-0.799777985
1411.800049,-0.796106339
1411.900024,-0.80125618
1412,-0.791624069
1412.099976,-0.792720795
1412.200073,-0.790718079
1412.300049,-0.795021534
1412.400024,-0.796392441
1412.5,-0.800254822
1412.599976,-0.798490524
1412.700073,-0.795200348
1412.800049,-0.789955139
1412.900024,-0.787761688
1413,-0.791147232
1413.099976,-0.792196274
1413.200073,-0.792005539
1413.300049,-0.792005539
1413.400024,-0.792673111
1413.5,-0.798919678
1413.599976,-0.797966003
1413.700073,-0.797083855
1413.800049,-0.793292999
1413.900024,-0.798156738
1414,-0.803783417
1414.099976,-0.791624069
1414.200073,-0.795724869
1414.300049,-0.799634933
1414.400024,-0.798252106
1414.5,-0.797679901
1414.599976,-0.798585892
1414.700073,-0.798013687
1414.800049,-0.797036171
1414.900024,-0.79624939
1415,-0.795295715
1415.099976,-0.797966003
1415.200073,-0.799444199
1415.300049,-0.794008255
1415.400024,-0.800970078
1415.5,-0.787475586
1415.599976,-0.802734375
1415.700073,-0.79458046
1415.800049,-0.793340683
1415.900024,-0.798681259
1416,-0.794723511
1416.099976,-0.799873352
1416.200073,-0.795009613
1416.300049,-0.799158096
1416.400024,-0.799396515
1416.5,-0.798299789
1416.599976,-0.79586792
1416.700073,-0.798776627
1416.800049,-0.800683975
1416.900024,-0.799682617
1417,-0.79856205
1417.099976,-0.796010971
1417.200073,-0.797870636
1417.300049,-0.797513008
1417.400024,-0.796630859
1417.5,-0.794491053
1417.599976,-0.79176712
1417.700073,-0.792053223
1417.800049,-0.793626785
1417.900024,-0.795677185
1418,-0.795009613
1418.099976,-0.792720795
1418.200073,-0.795391083
1418.300049,-0.789287567
1418.400024,-0.796392441
1418.5,-0.789335251
1418.599976,-0.800207138
1418.700073,-0.791004181
1418.800049,-0.79715538
1418.900024,-0.79458046
1419,-0.793865204
1419.099976,-0.79586792
1419.200073,-0.795438766
1419.300049,-0.797393799
1419.400024,-0.794628143
1419.5,-0.796344757
1419.599976,-0.797060013
1419.700073,-0.796297073
1419.800049,-0.791290283
1419.900024,-0.793102264
1420,-0.793006897
1420.099976,-0.793674469
1420.200073,-0.793960571
1420.300049,-0.792577744
1420.400024,-0.794103622
1420.5,-0.791862488
1420.599976,-0.792339325
1420.700073,-0.796487808
1420.800049,-0.79086113
1420.900024,-0.794914246
1421,-0.788286209
1421.099976,-0.793102264
1421.200073,-0.791290283
1421.300049,-0.793090343
1421.400024,-0.79381752
1421.5,-0.794151306
1421.599976,-0.793006897
1421.700073,-0.791624069
1421.800049,-0.793769836
1421.900024,-0.795534134
1422,-0.78752327
1422.099976,-0.79214859
1422.200073,-0.798538208
1422.300049,-0.78881073
1422.400024,-0.795581818
1422.5,-0.794151306
1422.599976,-0.795534134
1422.700073,-0.795772552
1422.800049,-0.796630859
1422.900024,-0.793865204
1423,-0.786426544
1423.099976,-0.793579102
1423.200073,-0.789907455
1423.300049,-0.797584534
1423.400024,-0.79510498
1423.5,-0.799396515
1423.599976,-0.791814804
1423.700073,-0.7871418
1423.800049,-0.792625427
1423.900024,-0.793340683
1424,-0.790193558
1424.099976,-0.789907455
1424.200073,-0.790288925
1424.300049,-0.790622711
1424.400024,-0.790431976
1424.5,-0.792470455
1424.599976,-0.792625427
1424.700073,-0.796201706
1424.800049,-0.794914246
1424.900024,-0.785997391
1425,-0.793245316
1425.099976,-0.78547287
1425.200073,-0.793531418
1425.300049,-0.794342041
1425.400024,-0.789669037
1425.5,-0.794628143
1425.599976,-0.79253006
1425.700073,-0.79510498
1425.800049,-0.79548645
1425.900024,-0.789430618
1426,-0.784948349
1426.099976,-0.792053223
1426.200073,-0.797107697
1426.300049,-0.795057297
1426.400024,-0.791957855
1426.5,-0.790431976
1426.599976,-0.795534134
1426.700073,-0.796678543
1426.800049,-0.788953781
1426.900024,-0.790145874
1427,-0.792720795
1427.099976,-0.797632217
1427.200073,-0.790002823
1427.300049,-0.794246674
1427.400024,-0.790336609
1427.5,-0.796964645
1427.599976,-0.797107697
1427.700073,-0.794628143
1427.800049,-0.794485092
1427.900024,-0.79497385
1428,-0.794151306
1428.099976,-0.794917226
1428.200073,-0.795152664
1428.300049,-0.795391083
1428.400024,-0.79214859
1428.5,-0.787570953
1428.599976,-0.793006897
1428.700073,-0.789573669
1428.800049,-0.787475586
1428.900024,-0.787284851
1429,-0.784376144
1429.099976,-0.787714005
1429.200073,-0.792816162
1429.300049,-0.790670395
1429.400024,-0.790622711
1429.5,-0.791838646
1429.599976,-0.793245316
1429.700073,-0.792816162
1429.800049,-0.792124748
1429.900024,-0.792816162
1430,-0.789621353
1430.099976,-0.78175354
1430.200073,-0.794055939
1430.300049,-0.788000107
1430.400024,-0.789669037
1430.5,-0.785282135
1430.599976,-0.797489166
1430.700073,-0.789859772
1430.800049,-0.785663605
1430.900024,-0.788476944
1431,-0.790145874
1431.099976,-0.789525986
1431.200073,-0.791099548
1431.300049,-0.79099226
1431.400024,-0.790384293
1431.5,-0.792959213
1431.599976,-0.790718079
1431.700073,-0.785711288
1431.800049,-0.783470154
1431.900024,-0.795152664
1432,-0.794532776
1432.099976,-0.789812088
1432.200073,-0.785425186
1432.300049,-0.789049149
1432.400024,-0.786664963
1432.5,-0.789955139
1432.599976,-0.789669037
1432.700073,-0.791671753
1432.800049,-0.792482376
1432.900024,-0.787284851
1433,-0.791576385
1433.099976,-0.788619995
1433.200073,-0.785949707
1433.300049,-0.79458046
1433.400024,-0.787666321
1433.5,-0.790718079
1433.599976,-0.789382935
1433.700073,-0.781705856
1433.800049,-0.782325745
1433.900024,-0.791194916
1434,-0.786235809
1434.099976,-0.794437408
1434.200073,-0.788763046
1434.300049,-0.790193558
1434.400024,-0.784423828
1434.5,-0.783756256
1434.599976,-0.784471512
1434.700073,-0.784996033
1434.800049,-0.790670395
1434.900024,-0.796630859
1435,-0.79253006
1435.099976,-0.787666321
1435.200073,-0.788333893
1435.300049,-0.787761688
1435.400024,-0.788858414
1435.5,-0.783708572
1435.599976,-0.789907455
1435.700073,-0.783374786
1435.800049,-0.792005539
1435.900024,-0.788858414
1436,-0.78342247
1436.099976,-0.785377502
1436.200073,-0.786903381
1436.300049,-0.788858414
1436.400024,-0.789955139
1436.5,-0.790241241
1436.599976,-0.790670395
1436.700073,-0.789096832
1436.800049,-0.7871418
1436.900024,-0.788906097
1437,-0.790288925
1437.099976,-0.789812088
1437.200073,-0.791337967
1437.300049,-0.787094116
1437.400024,-0.784376144
1437.5,-0.789907455
1437.599976,-0.790813446
1437.700073,-0.788906097
1437.800049,-0.789311409
1437.900024,-0.788858414
1438,-0.788667679
1438.099976,-0.787666321
1438.200073,-0.781801224
1438.300049,-0.794246674
1438.400024,-0.78637886
1438.5,-0.787046432
1438.599976,-0.788667679
1438.700073,-0.78380394
1438.800049,-0.789669037
1438.900024,-0.786569595
1439,-0.787618637
1439.099976,-0.7876544
1439.200073,-0.790622711
1439.300049,-0.785806656
1439.400024,-0.791624069
1439.5,-0.781801224
1439.599976,-0.792100906
1439.700073,-0.789955139
1439.800049,-0.782373428
1439.900024,-0.787284851
1440,-0.793292999
1440.099976,-0.780895233
1440.200073,-0.784614563
1440.300049,-0.786569595
1440.400024,-0.7850914
1440.5,-0.785806656
1440.599976,-0.787737846
1440.700073,-0.789621353
1440.800049,-0.790431976
1440.900024,-0.78008461
1441,-0.785234451
1441.099976,-0.792291641
1441.200073,-0.782182693
1441.300049,-0.784996033
1441.400024,-0.785282135
1441.5,-0.785377502
1441.599976,-0.783517838
1441.700073,-0.786426544
1441.800049,-0.785043716
1441.900024,-0.7871418
1442,-0.788095474
1442.099976,-0.785902023
1442.200073,-0.781562805
1442.300049,-0.786521912
1442.400024,-0.788381577
1442.5,-0.788143158
1442.599976,-0.787094116
1442.700073,-0.781229019
1442.800049,-0.785663605
1442.900024,-0.790765762
1443,-0.787380219
1443.099976,-0.788238525
1443.200073,-0.784042358
1443.300049,-0.782087326
1443.400024,-0.793674469
1443.5,-0.788619995
1443.599976,-0.782421112
1443.700073,-0.78046608
1443.800049,-0.788524628
1443.900024,-0.790050507
1444,-0.788667679
1444.099976,-0.786188126
1444.200073,-0.781991959
1444.300049,-0.788476944
1444.400024,-0.785377502
1444.5,-0.785615921
1444.599976,-0.784972191
1444.700073,-0.783374786
1444.800049,-0.785520554
1444.900024,-0.781324387
1445,-0.779560089
1445.099976,-0.781646252
1445.200073,-0.784376144
1445.300049,-0.781324387
1445.400024,-0.776985168
1445.5,-0.781991959
1445.599976,-0.784757614
1445.700073,-0.780418396
1445.800049,-0.785282135
1445.900024,-0.789239883
1446,-0.787666321
1446.099976,-0.788667679
1446.200073,-0.784328461
1446.300049,-0.779798508
1446.400024,-0.787332535
1446.5,-0.783231735
1446.599976,-0.781658173
1446.700073,-0.782564163
1446.800049,-0.785758972
1446.900024,-0.782468796
1447,-0.785139084
1447.099976,-0.785902023
1447.200073,-0.788524628
1447.300049,-0.780036926
1447.400024,-0.787618637
1447.5,-0.781944275
1447.599976,-0.787952423
1447.700073,-0.7871418
1447.800049,-0.783136368
1447.900024,-0.784376144
1448,-0.781896591
1448.099976,-0.776079178
1448.200073,-0.792196274
1448.300049,-0.781705856
1448.400024,-0.785329819
1448.5,-0.784614563
1448.599976,-0.781848907
1448.700073,-0.781705856
1448.800049,-0.782564163
1448.900024,-0.78585434
1449,-0.787380219
1449.099976,-0.786092758
1449.200073,-0.786533833
1449.300049,-0.785329819
1449.400024,-0.787332535
1449.5,-0.778177261
1449.599976,-0.781896591
1449.700073,-0.785615921
1449.800049,-0.782850266
1449.900024,-0.777318954
1450,-0.782945633
1450.099976,-0.776889801
1450.200073,-0.786569595
1450.300049,-0.780036926
1450.400024,-0.776508331
1450.5,-0.790527344
1450.599976,-0.778654099
1450.700073,-0.784423828
1450.800049,-0.788238525
1450.900024,-0.78380394
1451,-0.78637886
1451.099976,-0.77879715
1451.200073,-0.791004181
1451.300049,-0.772169113
1451.400024,-0.777080536
1451.5,-0.784805298
1451.599976,-0.779035568
1451.700073,-0.781658173
1451.800049,-0.78418541
1451.900024,-0.779226303
1452,-0.787332535
1452.099976,-0.782182693
1452.200073,-0.779130936
1452.300049,-0.777605057
1452.400024,-0.781801224
1452.5,-0.777581215
1452.599976,-0.775888443
1452.700073,-0.775030136
1452.800049,-0.778463364
1452.900024,-0.780179977
1453,-0.789907455
1453.099976,-0.78547287
1453.200073,-0.780799866
1453.300049,-0.780942917
1453.400024,-0.783136368
1453.5,-0.780656815
1453.599976,-0.778129578
1453.700073,-0.775411606
1453.800049,-0.787666321
1453.900024,-0.781610489
1454,-0.776889801
1454.099976,-0.786140442
1454.200073,-0.773122787
1454.300049,-0.782802582
1454.400024,-0.775268555
1454.5,-0.780656815
1454.599976,-0.780561447
1454.700073,-0.777843475
1454.800049,-0.780704498
1454.900024,-0.779476643
1455,-0.779655457
1455.099976,-0.777047753
1455.200073,-0.77469635
1455.300049,-0.774362564
1455.400024,-0.776520252
1455.5,-0.775998712
1455.599976,-0.776651382
1455.700073,-0.776460648
1455.800049,-0.782993317
1455.900024,-0.785997391
1456,-0.777986526
1456.099976,-0.781658173
1456.200073,-0.777843475
1456.300049,-0.784519196
1456.400024,-0.779893875
1456.5,-0.778558731
1456.599976,-0.773790359
1456.700073,-0.776699066
1456.800049,-0.779273987
1456.900024,-0.781610489
1457,-0.784090042
1457.099976,-0.779512405
1457.200073,-0.780990601
1457.300049,-0.775936127
1457.400024,-0.775840759
1457.5,-0.780036926
1457.599976,-0.781324387
1457.700073,-0.777366638
1457.800049,-0.776699066
1457.900024,-0.783231735
1458,-0.777891159
1458.099976,-0.781181335
1458.200073,-0.772264481
1458.300049,-0.770500183
1458.400024,-0.778606415
1458.5,-0.781705856
1458.599976,-0.774982452
1458.700073,-0.774934769
1458.800049,-0.776639462
1458.900024,-0.777223587
1459,-0.779417038
1459.099976,-0.775554657
1459.200073,-0.778367996
1459.300049,-0.77970314
1459.400024,-0.77879715
1459.5,-0.778344154
1459.599976,-0.77636528
1459.700073,-0.778511047
1459.800049,-0.779893875
1459.900024,-0.786664963
1460,-0.771072388
1460.099976,-0.79009819
1460.200073,-0.776794434
1460.300049,-0.774457932
1460.400024,-0.780513763
1460.5,-0.775220871
1460.599976,-0.783374786
1460.700073,-0.777223587
1460.800049,-0.78175354
1460.900024,-0.775173187
1461,-0.771596909
1461.099976,-0.777175903
1461.200073,-0.771787643
1461.300049,-0.779321671
1461.400024,-0.777700424
1461.5,-0.775387764
1461.599976,-0.772121429
1461.700073,-0.772407532
1461.800049,-0.777366638
1461.900024,-0.774028778
1462,-0.779941559
1462.099976,-0.777366638
1462.200073,-0.771835327
1462.300049,-0.780370712
1462.400024,-0.787427902
1462.5,-0.774457932
1462.599976,-0.773742676
1462.700073,-0.775936127
1462.800049,-0.773885727
1462.900024,-0.77803421
1463,-0.769737244
1463.099976,-0.776412964
1463.200073,-0.774267197
1463.300049,-0.773647308
1463.400024,-0.775173187
1463.5,-0.777748108
1463.599976,-0.777187824
1463.700073,-0.777748108
1463.800049,-0.778081894
1463.900024,-0.780370712
1464,-0.777938843
1464.099976,-0.774124146
1464.200073,-0.774982452
1464.300049,-0.77765274
1464.400024,-0.775936127
1464.5,-0.770261765
1464.599976,-0.774791718
1464.700073,-0.780323029
1464.800049,-0.775888443
1464.900024,-0.773170471
1465,-0.772216797
1465.099976,-0.773230076
1465.200073,-0.773361206
1465.300049,-0.774171829
1465.400024,-0.780370712
1465.5,-0.777938843
1465.599976,-0.778499126
1465.700073,-0.777843475
1465.800049,-0.777843475
1465.900024,-0.775316238
1466,-0.773456573
1466.099976,-0.772121429
1466.200073,-0.776699066
1466.300049,-0.773313522
1466.400024,-0.778081894
1466.5,-0.775173187
1466.599976,-0.775840759
1466.700073,-0.776889801
1466.800049,-0.779417038
1466.900024,-0.78046608
1467,-0.777235508
1467.099976,-0.775697708
1467.200073,-0.773361206
1467.300049,-0.774457932
1467.400024,-0.771692276
1467.5,-0.77803421
1467.599976,-0.774505615
1467.700073,-0.77173996
1467.800049,-0.778940201
1467.900024,-0.773456573
1468,-0.777748108
1468.099976,-0.778511047
1468.200073,-0.771978378
1468.300049,-0.770452499
1468.400024,-0.770881653
1468.5,-0.76763916
1468.599976,-0.770881653
1468.700073,-0.77302742
1468.800049,-0.776126862
1468.900024,-0.772073746
1469,-0.773981094
1469.099976,-0.761726379
1469.200073,-0.777509689
1469.300049,-0.770690918
1469.400024,-0.779130936
1469.5,-0.778367996
1469.599976,-0.772836685
1469.700073,-0.772073746
1469.800049,-0.771072388
1469.900024,-0.772836685
1470,-0.770261765
1470.099976,-0.768497467
1470.200073,-0.772693634
1470.300049,-0.781562805
1470.400024,-0.777318954
1470.5,-0.780418396
1470.599976,-0.773170471
1470.700073,-0.768592834
1470.800049,-0.777414322
1470.900024,-0.773647308
1471,-0.775506973
1471.099976,-0.774982452
1471.200073,-0.774219513
1471.300049,-0.774422169
1471.400024,-0.773838043
1471.5,-0.774648666
1471.599976,-0.77110815
1471.700073,-0.768783569
1471.800049,-0.767162323
1471.900024,-0.770500183
1472,-0.771930695
1472.099976,-0.777080536
1472.200073,-0.777080536
1472.300049,-0.775554657
1472.400024,-0.770881653
1472.5,-0.771453857
1472.599976,-0.77712822
1472.700073,-0.769212723
1472.800049,-0.779130936
1472.900024,-0.772121429
1473,-0.773265839
1473.099976,-0.773742676
1473.200073,-0.769355774
1473.300049,-0.765493393
1473.400024,-0.764921188
1473.5,-0.766256332
1473.599976,-0.772550583
1473.700073,-0.769212723
1473.800049,-0.772169113
1473.900024,-0.775650024
1474,-0.77598381
1474.099976,-0.769784927
1474.200073,-0.769451141
1474.300049,-0.768831253
1474.400024,-0.767686844
1474.5,-0.770702839
1474.599976,-0.772836685
1474.700073,-0.773456573
1474.800049,-0.77097702
1474.900024,-0.769594193
1475,-0.767353058
1475.099976,-0.772359848
1475.200073,-0.769832611
1475.300049,-0.767019272
1475.400024,-0.769784927
1475.5,-0.771573067
1475.599976,-0.772455215
1475.700073,-0.777032852
1475.800049,-0.770953178
1475.900024,-0.765636444
1476,-0.768688202
1476.099976,-0.769737244
1476.200073,-0.770881653
1476.300049,-0.76597023
1476.400024,-0.769641876
1476.5,-0.768390179
1476.599976,-0.768259048
1476.700073,-0.76968956
1476.800049,-0.772932053
1476.900024,-0.769498825
1477,-0.77097702
1477.099976,-0.773504257
1477.200073,-0.768259048
1477.300049,-0.770786285
1477.400024,-0.77340889
1477.5,-0.7684021
1477.599976,-0.770166397
1477.700073,-0.771167755
1477.800049,-0.768259048
1477.900024,-0.777557373
1478,-0.773551941
1478.099976,-0.775268555
1478.200073,-0.764825821
1478.300049,-0.765398026
1478.400024,-0.768878937
1478.5,-0.766971588
1478.599976,-0.771263123
1478.700073,-0.76892662
1478.800049,-0.772312164
1478.900024,-0.764873505
1479,-0.768545151
1479.099976,-0.767210007
1479.200073,-0.766160965
1479.300049,-0.767734528
1479.400024,-0.768306732
1479.5,-0.769737244
1479.599976,-0.768688202
1479.700073,-0.7663517
1479.800049,-0.766971588
1479.900024,-0.771501541
1480,-0.769069672
1480.099976,-0.768318653
1480.200073,-0.766399384
1480.300049,-0.766304016
1480.400024,-0.771501541
1480.5,-0.76802063
1480.599976,-0.772026062
1480.700073,-0.76558876
1480.800049,-0.756958008
1480.900024,-0.77340889
1481,-0.770261765
1481.099976,-0.768115997
1481.200073,-0.766065598
1481.300049,-0.764062881
1481.400024,-0.763347626
1481.5,-0.768449783
1481.599976,-0.768831253
1481.700073,-0.768974304
1481.800049,-0.767019272
1481.900024,-0.767686844
1482,-0.774124146
1482.099976,-0.767782211
1482.200073,-0.771215439
1482.300049,-0.768127918
1482.400024,-0.767162323
1482.5,-0.7663517
1482.599976,-0.766923904
1482.700073,-0.768354416
1482.800049,-0.765827179
1482.900024,-0.762393951
1483,-0.770404816
1483.099976,-0.766494751
1483.200073,-0.770690918
1483.300049,-0.770357132
1483.400024,-0.7643013
1483.5,-0.761154175
1483.599976,-0.761917114
1483.700073,-0.763383389
1483.800049,-0.764825821
1483.900024,-0.765636444
1484,-0.766065598
1484.099976,-0.76506424
1484.200073,-0.763586044
1484.300049,-0.76558876
1484.400024,-0.765266895
1484.5,-0.76558876
1484.599976,-0.766304016
1484.700073,-0.76892662
1484.800049,-0.767496109
1484.900024,-0.774791718
1485,-0.765541077
1485.099976,-0.770929337
1485.200073,-0.7663517
1485.300049,-0.75800705
1485.400024,-0.762775421
1485.5,-0.764015198
1485.599976,-0.763347626
1485.700073,-0.761011124
1485.800049,-0.763776779
1485.900024,-0.759866714
1486,-0.762715816
1486.099976,-0.763824463
1486.200073,-0.763395309
1486.300049,-0.768068314
1486.400024,-0.757577896
1486.5,-0.763633728
1486.599976,-0.771453857
1486.700073,-0.761106491
1486.800049,-0.767448425
1486.900024,-0.765779495
1487,-0.764635086
1487.099976,-0.761154175
1487.200073,-0.764158249
1487.300049,-0.763681412
1487.400024,-0.764778137
1487.5,-0.764635086
1487.599976,-0.768843174
1487.700073,-0.772789001
1487.800049,-0.773170471
1487.900024,-0.762155533
1488,-0.760343552
1488.099976,-0.763633728
1488.200073,-0.765254974
1488.300049,-0.766780853
1488.400024,-0.767448425
1488.5,-0.769880295
1488.599976,-0.767877579
1488.700073,-0.764587402
1488.800049,-0.76301384
1488.900024,-0.75762558
1489,-0.76802063
1489.099976,-0.76301384
1489.200073,-0.7602005
1489.300049,-0.763872147
1489.400024,-0.76506424
1489.5,-0.767066956
1489.599976,-0.760152817
1489.700073,-0.7622509
1489.800049,-0.761201859
1489.900024,-0.761726379
1490,-0.761189938
1490.099976,-0.7602005
1490.200073,-0.761631012
1490.300049,-0.760772705
1490.400024,-0.760772705
1490.5,-0.760486603
1490.599976,-0.757816315
1490.700073,-0.763156891
1490.800049,-0.766923904
1490.900024,-0.768688202
1491,-0.756481171
1491.099976,-0.766447067
1491.200073,-0.759723663
1491.300049,-0.761678696
1491.400024,-0.758221626
1491.5,-0.756576538
1491.599976,-0.754907608
1491.700073,-0.76058197
1491.800049,-0.763633728
1491.900024,-0.766828537
1492,-0.761964798
1492.099976,-0.762775421
1492.200073,-0.764825821
1492.300049,-0.761392593
1492.400024,-0.765493393
1492.5,-0.758245468
1492.599976,-0.762775421
1492.700073,-0.768449783
1492.800049,-0.756147385
1492.900024,-0.758150101
1493,-0.75428772
1493.099976,-0.763109207
1493.200073,-0.76558876
1493.300049,-0.762155533
1493.400024,-0.759151459
1493.5,-0.760772705
1493.599976,-0.760438919
1493.700073,-0.76109457
1493.800049,-0.760090232
1493.900024,-0.760057449
1494,-0.758769989
1494.099976,-0.767019272
1494.200073,-0.761631012
1494.300049,-0.757148743
1494.400024,-0.761285305
1494.5,-0.763156891
1494.599976,-0.763204575
1494.700073,-0.75724411
1494.800049,-0.76506424
1494.900024,-0.760009766
1495,-0.761440277
1495.099976,-0.759008408
1495.200073,-0.754812241
1495.300049,-0.762060165
1495.400024,-0.767305374
1495.5,-0.768163681
1495.599976,-0.762107849
1495.700073,-0.758102417
1495.800049,-0.758340836
1495.900024,-0.758746147
1496,-0.761440277
1496.099976,-0.757101059
1496.200073,-0.760391235
1496.300049,-0.762203217
1496.400024,-0.760248184
1496.5,-0.756719589
1496.599976,-0.756290436
1496.700073,-0.760677338
1496.800049,-0.764062881
1496.900024,-0.759723663
1497,-0.754526138
1497.099976,-0.75967598
1497.200073,-0.758579254
1497.300049,-0.758579254
1497.400024,-0.761726379
1497.5,-0.756147385
1497.599976,-0.75147438
1497.700073,-0.759485245
1497.800049,-0.754383087
1497.900024,-0.75557518
1498,-0.757482529
1498.099976,-0.762155533
1498.200073,-0.756576538
1498.300049,-0.758436203
1498.400024,-0.758960724
1498.5,-0.757840157
1498.599976,-0.756767273
1498.700073,-0.757196426
1498.800049,-0.759485245
1498.900024,-0.754526138
1499,-0.750997543
1499.099976,-0.753715515
1499.200073,-0.758817673
1499.300049,-0.756767273
1499.400024,-0.758436203
1499.5,-0.759962082
1499.599976,-0.761893272
1499.700073,-0.766590118
1499.800049,-0.762584686
1499.900024,-0.757720947
1500,-0.760725021
1500.099976,-0.760057449
1500.200073,-0.752189636
1500.300049,-0.759342194
1500.400024,-0.751331329
1500.5,-0.761726379
1500.599976,-0.763442993
1500.700073,-0.76096344
1500.800049,-0.755432129
1500.900024,-0.756671906
1501,-0.749710083
1501.099976,-0.755098343
1501.200073,-0.762107849
1501.300049,-0.757148743
1501.400024,-0.756958008
1501.5,-0.755384445
1501.599976,-0.758054733
1501.700073,-0.754955292
1501.800049,-0.752666473
1501.900024,-0.759866714
1502,-0.758865356
1502.099976,-0.756528854
1502.200073,-0.751998901
1502.300049,-0.759103775
1502.400024,-1.035431862
1502.5,-1.046065331
1502.599976,-1.041916847
1502.700073,-1.04554081
1502.800049,-1.044348717
1502.900024,-1.039294243
1503,-1.041487694
1503.099976,-1.039866447
1503.200073,-1.042918205
1503.300049,-1.045397758
1503.400024,-1.044920921
1503.5,-1.042012215
1503.599976,-1.04387188
1503.700073,-1.04400301
1503.800049,-1.045111656
1503.900024,-1.045016289
1504,-1.041213512
1504.099976,-1.035527229
1504.200073,-1.039198875
1504.300049,-1.043669224
1504.400024,-1.049832344
1504.5,-1.050118446
1504.599976,-1.048163414
1504.700073,-1.047686577
1504.800049,-1.046065331
1504.900024,-1.046399117
1505,-1.04105854
1505.099976,-1.051692009
1505.200073,-1.042584419
1505.300049,-1.053980827
1505.400024,-1.039723396
1505.5,-1.043538094
1505.599976,-1.042298317
1505.700073,-1.046017647
1505.800049,-1.049069405
1505.900024,-1.040724754
1506,-1.05221653
1506.099976,-1.040343285
1506.200073,-1.044730186
1506.300049,-1.047352791
1506.400024,-1.049117088
1506.5,-1.051882744
1506.599976,-1.051978111
1506.700073,-1.048354149
1506.800049,-1.045445442
1506.900024,-1.047638893
1507,-1.050452232
1507.099976,-1.047781944
1507.200073,-1.041296959
1507.300049,-1.053217888
1507.400024,-1.043442726
1507.5,-1.050738335
1507.599976,-1.046875954
1507.700073,-1.041916847
1507.800049,-1.052025795
1507.900024,-1.050118446
1508,-1.055840492
1508.099976,-1.048974037
1508.200073,-1.054600716
1508.300049,-1.053313255
1508.400024,-1.050213814
1508.5,-1.047114372
1508.599976,-1.053647041
1508.700073,-1.052836418
1508.800049,-1.04887867
1508.900024,-1.04978466
1509,-1.054028511
1509.099976,-1.049975395
1509.200073,-1.054791451
1509.300049,-1.046351433
1509.400024,-1.051739693
1509.5,-1.050452232
1509.599976,-1.053217888
1509.700073,-1.051548958
1509.800049,-1.048258781
1509.900024,-1.053790092
1510,-1.051596642
1510.099976,-1.051024437
1510.200073,-1.051656246
1510.300049,-1.052264214
1510.400024,-1.051739693
1510.5,-1.052884102
1510.599976,-1.052121162
1510.700073,-1.055411339
1510.800049,-1.049498558
1510.900024,-1.052454948
1511,-1.05016613
1511.099976,-1.053313255
1511.200073,-1.053170204
1511.300049,-1.05092907
1511.400024,-1.052788734
1511.5,-1.056078911
1511.599976,-1.04554081
1511.700073,-1.054076195
1511.800049,-1.05851078
1511.900024,-1.061896324
1512,-1.058606148
1512.099976,-1.058701515
1512.200073,-1.055315971
1512.300049,-1.052073479
1512.400024,-1.055697441
1512.5,-1.057461739
1512.599976,-1.057652473
1512.700073,-1.05748558
1512.800049,-1.057986259
1512.900024,-1.05684185
1513,-1.054791451
1513.099976,-1.056770325
1513.200073,-1.057843208
1513.300049,-1.05760479
1513.400024,-1.055649757
1513.5,-1.053742409
1513.599976,-1.056865692
1513.700073,-1.058939934
1513.800049,-1.059130669
1513.900024,-1.056031227
1514,-1.058844566
1514.099976,-1.056746483
1514.200073,-1.057843208
1514.300049,-1.057414055
1514.400024,-1.058367729
1514.5,-1.058033943
1514.599976,-1.052407265
1514.700073,-1.060894966
1514.800049,-1.05555439
1514.900024,-1.062373161
1515,-1.058796883
1515.099976,-1.057175636
1515.200073,-1.061896324
1515.300049,-1.059607506
1515.400024,-1.064805508
1515.5,-1.058796883
1515.599976,-1.068620205
1515.700073,-1.05760479
1515.800049,-1.052407265
1515.900024,-1.056460381
1516,-1.056794167
1516.099976,-1.057056427
1516.200073,-1.057271004
1516.300049,-1.057700157
1516.400024,-1.061419487
1516.5,-1.056603432
1516.599976,-1.053313255
1516.700073,-1.06132412
1516.800049,-1.070670605
1516.900024,-1.054076195
1517,-1.060465813
1517.099976,-1.058749199
1517.200073,-1.061467171
1517.300049,-1.054648399
1517.400024,-1.063470364
1517.5,-1.057652473
1517.599976,-1.064233303
1517.700073,-1.066045284
1517.800049,-1.060513496
1517.900024,-1.061610222
1518,-1.064471722
1518.099976,-1.058463097
1518.200073,-1.065663815
1518.300049,-1.056508064
1518.400024,-1.071004391
1518.5,-1.068620205
1518.599976,-1.064424038
1518.700073,-1.063136578
1518.800049,-1.059845924
1518.900024,-1.067809582
1519,-1.062993526
1519.099976,-1.060704231
1519.200073,-1.066092968
1519.300049,-1.065425396
1519.400024,-1.066140652
1519.5,-1.062802792
1519.599976,-1.065997601
1519.700073,-1.069907665
1519.800049,-1.063708782
1519.900024,-1.071338177
1520,-1.06919241
1520.099976,-1.069383144
1520.200073,-1.063088894
1520.300049,-1.071719646
1520.400024,-1.060513496
1520.5,-1.065568447
1520.599976,-1.069573879
1520.700073,-1.068572521
1520.800049,-1.069859982
1520.900024,-1.071910381
1521,-1.062468529
1521.099976,-1.067761898
1521.200073,-1.074103832
1521.300049,-1.063565731
1521.400024,-1.068000317
1521.5,-1.070384502
1521.599976,-1.067523479
1521.700073,-1.066569805
1521.800049,-1.066236019
1521.900024,-1.064090252
1522,-1.068524837
1522.099976,-1.07253027
1522.200073,-1.074676037
1522.300049,-1.070432186
1522.400024,-1.06842947
1522.5,-1.07138586
1522.599976,-1.069406986
1522.700073,-1.068858624
1522.800049,-1.068953991
1522.900024,-1.068667889
1523,-1.069132805
1523.099976,-1.068906307
1523.200073,-1.070003033
1523.300049,-1.069097042
1523.400024,-1.0700984
1523.5,-1.073531628
1523.599976,-1.06842947
1523.700073,-1.07920599
1523.800049,-1.072768688
1523.900024,-1.070050716
1524,-1.070527554
1524.099976,-1.070241451
1524.200073,-1.075295925
1524.300049,-1.073102474
1524.400024,-1.069955349
1524.5,-1.072482586
1524.599976,-1.078919888
1524.700073,-1.073722363
1524.800049,-1.066283703
1524.900024,-1.07253027
1525,-1.06547308
1525.099976,-1.067380428
1525.200073,-1.06867981
1525.300049,-1.073626995
1525.400024,-1.068238735
1525.5,-1.070813656
1525.599976,-1.069359303
1525.700073,-1.070575237
1525.800049,-1.067809582
1525.900024,-1.071528912
1526,-1.074151516
1526.099976,-1.073579311
1526.200073,-1.074914455
1526.300049,-1.078538418
1526.400024,-1.072244167
1526.5,-1.074580669
1526.599976,-1.076154232
1526.700073,-1.075057507
1526.800049,-1.073531628
1526.900024,-1.075307846
1527,-1.076344967
1527.099976,-1.076297283
1527.200073,-1.070575237
1527.300049,-1.072673321
1527.400024,-1.071648121
1527.5,-1.07138586
1527.599976,-1.071958065
1527.700073,-1.081208706
1527.800049,-1.07753706
1527.900024,-1.084928036
1528,-1.07176733
1528.099976,-1.077966213
1528.200073,-1.068906307
1528.300049,-1.071433544
1528.400024,-1.078681469
1528.5,-1.082448483
1528.599976,-1.079444408
1528.700073,-1.077966213
1528.800049,-1.079158306
1528.900024,-1.078013897
1529,-1.075582027
1529.099976,-1.074485302
1529.200073,-1.077823162
1529.300049,-1.080922604
1529.400024,-1.076249599
1529.5,-1.080302715
1529.599976,-1.080922604
1529.700073,-1.085118771
1529.800049,-1.074532986
1529.900024,-1.081161022
1530,-1.077632427
1530.099976,-1.085643291
1530.200073,-1.082448483
1530.300049,-1.078776836
1530.400024,-1.083402157
1530.5,-1.083545208
1530.599976,-1.078490734
1530.700073,-1.070765972
1530.800049,-1.08254385
1530.900024,-1.073340893
1531,-1.081733227
1531.099976,-1.077203274
1531.200073,-1.076106548
1531.300049,-1.08087492
1531.400024,-1.083259106
1531.5,-1.077870846
1531.599976,-1.079539776
1531.700073,-1.080016613
1531.800049,-1.081554413
1531.900024,-1.083211422
1532,-1.083449841
1532.099976,-1.080803394
1532.200073,-1.078299999
1532.300049,-1.078252316
1532.400024,-1.081745148
1532.5,-1.085118771
1532.599976,-1.085309505
1532.700073,-1.083640575
1532.800049,-1.085357189
1532.900024,-1.080445766
1533,-1.079539776
1533.099976,-1.088027477
1533.200073,-1.086501598
1533.300049,-1.080350399
1533.400024,-1.077680111
1533.5,-1.082496166
1533.599976,-1.082496166
1533.700073,-1.086406231
1533.800049,-1.083497524
1533.900024,-1.085929394
1534,-1.085929394
1534.099976,-1.086120129
1534.200073,-1.088170528
1534.300049,-1.089457989
1534.400024,-1.083068371
1534.5,-1.079730511
1534.599976,-1.083974361
1534.700073,-1.086358547
1534.800049,-1.080636501
1534.900024,-1.085977077
1535,-1.082114697
1535.099976,-1.080445766
1535.200073,-1.086740017
1535.300049,-1.090268612
1535.400024,-1.088408947
1535.5,-1.086751938
1535.599976,-1.084641933
1535.700073,-1.083688259
1535.800049,-1.088933468
1535.900024,-1.089410305
1536,-1.084022045
1536.099976,-1.086310863
1536.200073,-1.083878994
1536.300049,-1.084641933
1536.400024,-1.084546566
1536.5,-1.081351757
1536.599976,-1.086453915
1536.700073,-1.082067013
1536.800049,-1.088790417
1536.900024,-1.086358547
1537,-1.079492092
1537.099976,-1.08998251
1537.200073,-1.086120129
1537.300049,-1.089314938
1537.400024,-1.093749523
1537.5,-1.086596966
1537.599976,-1.090268612
1537.700073,-1.085214138
1537.800049,-1.091365337
1537.900024,-1.084880352
1538,-1.093415737
1538.099976,-1.088551998
1538.200073,-1.085738659
1538.300049,-1.088146687
1538.400024,-1.088551998
1538.5,-1.089744091
1538.599976,-1.088170528
1538.700073,-1.087026119
1538.800049,-1.087359905
1538.900024,-1.092032909
1539,-1.094130993
1539.099976,-1.090554714
1539.200073,-1.092032909
1539.300049,-1.090316296
1539.400024,-1.09126997
1539.5,-1.096944332
1539.599976,-1.089076519
1539.700073,-1.097659588
1539.800049,-1.097278118
1539.900024,-1.092319012
1540,-1.088456631
1540.099976,-1.08588171
1540.200073,-1.089076519
1540.300049,-1.094703197
1540.400024,-1.090459347
1540.5,-1.095227718
1540.599976,-1.092509747
1540.700073,-1.094750881
1540.800049,-1.094703197
1540.900024,-1.09537077
1541,-1.092795849
1541.099976,-1.093892574
1541.200073,-1.093844891
1541.300049,-1.093558788
1541.400024,-1.090173244
1541.5,-1.089934826
1541.599976,-1.094417095
1541.700073,-1.091413021
1541.800049,-1.097087383
1541.900024,-1.097707272
1542,-1.097230434
1542.099976,-1.086167812
1542.200073,-1.088742733
1542.300049,-1.095036983
1542.400024,-1.092366695
1542.5,-1.093129635
1542.599976,-1.0924263
1542.700073,-1.092319012
1542.800049,-1.091889858
1542.900024,-1.08921957
1543,-1.092795849
1543.099976,-1.096610546
1543.200073,-1.095335007
1543.300049,-1.09794569
1543.400024,-1.093987942
1543.5,-1.090745449
1543.599976,-1.095609188
1543.700073,-1.093809128
1543.800049,-1.093987942
1543.900024,-1.094893932
1544,-1.095513821
1544.099976,-1.095656872
1544.200073,-1.0970397
1544.300049,-1.09756422
1544.400024,-1.093081951
1544.5,-1.09422636
1544.599976,-1.093999863
1544.700073,-1.093359113
1544.800049,-1.0929389
1544.900024,-1.092271328
1545,-1.104859829
1545.099976,-1.088218212
1545.200073,-1.098613262
1545.300049,-1.091794491
1545.400024,-1.097325802
1545.5,-1.098517895
1545.599976,-1.0970397
1545.700073,-1.097993374
1545.800049,-1.094798565
1545.900024,-1.095466137
1546,-1.098136425
1546.099976,-1.096467495
1546.200073,-1.098136425
1546.300049,-1.095561504
1546.400024,-1.097421169
1546.5,-1.096288681
1546.599976,-1.096181393
1546.700073,-1.095990658
1546.800049,-1.096419811
1546.900024,-1.098517895
1547,-1.097754955
1547.099976,-1.099090099
1547.200073,-1.095418453
1547.300049,-1.098231792
1547.400024,-1.096324444
1547.5,-1.093654156
1547.599976,-1.093987942
1547.700073,-1.096515179
1547.800049,-1.095847607
1547.900024,-1.096753597
1548,-1.097182751
1548.099976,-1.097468853
1548.200073,-1.097635746
1548.300049,-1.099328518
1548.400024,-1.096562862
1548.5,-1.103047848
1548.599976,-1.092271328
1548.700073,-1.098947048
1548.800049,-1.103906155
1548.900024,-1.102284908
1549,-1.097182751
1549.099976,-1.089267254
1549.200073,-1.102714062
1549.300049,-1.097611904
1549.400024,-1.104382992
1549.5,-1.097278118
1549.599976,-1.094703197
1549.700073,-1.098803997
1549.800049,-1.103381634
1549.900024,-1.09537077
1550,-1.102094173
1550.099976,-1.104096889
1550.200073,-1.094178677
1550.300049,-1.095466137
1550.400024,-1.096419811
1550.5,-1.095561504
1550.599976,-1.100472927
1550.700073,-1.106481075
1550.800049,-1.102618694
1550.900024,-1.096992016
1551,-1.098899364
1551.099976,-1.098470211
1551.200073,-1.094703197
1551.300049,-1.10629034
1551.400024,-1.098756313
1551.5,-1.103047848
1551.599976,-1.100615978
1551.700073,-1.101808071
1551.800049,-1.103143215
1551.900024,-1.10449028
1552,-1.107244015
1552.099976,-1.10576582
1552.200073,-1.101092815
1552.300049,-1.096372128
1552.400024,-1.105098248
1552.5,-1.103143215
1552.599976,-1.09999609
1552.700073,-1.101808071
1552.800049,-1.101951122
1552.900024,-1.102129936
1553,-1.103906155
1553.099976,-1.100854397
1553.200073,-1.105432034
1553.300049,-1.103953838
1553.400024,-1.098660946
1553.5,-1.099709988
1553.599976,-1.097087383
1553.700073,-1.10128355
1553.800049,-1.098422527
1553.900024,-1.096467495
1554,-1.099948406
1554.099976,-1.096562862
1554.200073,-1.105527401
1554.300049,-1.106862545
1554.400024,-1.106814861
1554.5,-1.106767178
1554.599976,-1.107863903
1554.700073,-1.105527401
1554.800049,-1.108865261
1554.900024,-1.103572369
1555,-1.102141857
1555.099976,-1.102189541
1555.200073,-1.108293056
1555.300049,-1.105718136
1555.400024,-1.101331234
1555.5,-1.10333395
1555.599976,-1.108388424
1555.700073,-1.111392498
1555.800049,-1.105908871
1555.900024,-1.106910229
1556,-1.099948406
1556.099976,-1.10462141
1556.200073,-1.09923315
1556.300049,-1.104955196
1556.400024,-1.106051922
1556.5,-1.102094173
1556.599976,-1.110915661
1556.700073,-1.105336666
1556.800049,-1.102380276
1556.900024,-1.107387066
1557,-1.103858471
1557.099976,-1.104001522
1557.200073,-1.105336666
1557.300049,-1.100806713
1557.400024,-1.104907513
1557.5,-1.109818935
1557.599976,-1.111726284
1557.700073,-1.108960629
1557.800049,-1.104144573
1557.900024,-1.10295248
1558,-1.104573727
1558.099976,-1.108483791
1558.200073,-1.104001522
1558.300049,-1.107720852
1558.400024,-1.10500288
1558.5,-1.112107754
1558.599976,-1.10872221
1558.700073,-1.104478359
1558.800049,-1.106957912
1558.900024,-1.106910229
1559,-1.108233452
1559.099976,-1.111106396
1559.200073,-1.10795927
1559.300049,-1.114921093
1559.400024,-1.113204479
1559.5,-1.112155437
1559.599976,-1.118306637
1559.700073,-1.112298489
1559.800049,-1.107863903
1559.900024,-1.104716778
1560,-1.107863903
1560.099976,-1.110057354
1560.200073,-1.116733074
1560.300049,-1.113109112
1560.400024,-1.106004238
1560.5,-1.10743475
1560.599976,-1.111583233
1560.700073,-1.111392498
1560.800049,-1.1116786
1560.900024,-1.113538265
1561,-1.118545055
1561.099976,-1.115540981
1561.200073,-1.116590023
1561.300049,-1.109818935
1561.400024,-1.117925167
1561.5,-1.11449194
1561.599976,-1.107482433
1561.700073,-1.113919735
1561.800049,-1.110629559
1561.900024,-1.111869335
1562,-1.112107754
1562.099976,-1.112632275
1562.200073,-1.115195274
1562.300049,-1.119069576
1562.400024,-1.116971493
1562.5,-1.11668539
1562.599976,-1.11591053
1562.700073,-1.114253521
1562.800049,-1.115731716
1562.900024,-1.114825726
1563,-1.110963345
1563.099976,-1.106719494
1563.200073,-1.11244154
1563.300049,-1.117496014
1563.400024,-1.111011028
1563.5,-1.113585949
1563.599976,-1.112632275
1563.700073,-1.108054638
1563.800049,-1.106719494
1563.900024,-1.111964703
1564,-1.113252163
1564.099976,-1.114062786
1564.200073,-1.115302563
1564.300049,-1.116208553
1564.400024,-1.114778042
1564.5,-1.118211269
1564.599976,-1.112012386
1564.700073,-1.119641781
1564.800049,-1.113013744
1564.900024,-1.116494656
1565,-1.115827084
1565.099976,-1.112823009
1565.200073,-1.118592739
1565.300049,-1.113490582
1565.400024,-1.117925167
1565.5,-1.119641781
1565.599976,-1.121215343
1565.700073,-1.119069576
1565.800049,-1.115493298
1565.900024,-1.119927883
1566,-1.114634991
1566.099976,-1.118163586
1566.200073,-1.115254879
1566.300049,-1.115803242
1566.400024,-1.115111828
1566.5,-1.114682674
1566.599976,-1.120595455
1566.700073,-1.10834074
1566.800049,-1.121787548
1566.900024,-1.111964703
1567,-1.12116766
1567.099976,-1.113252163
1567.200073,-1.119594097
1567.300049,-1.12078619
1567.400024,-1.120023251
1567.5,-1.118926525
1567.599976,-1.12078619
1567.700073,-1.123647213
1567.800049,-1.125888348
1567.900024,-1.120261669
1568,-1.116399288
1568.099976,-1.121501446
1568.200073,-1.113490582
1568.300049,-1.122931957
1568.400024,-1.121406078
1568.5,-1.118974209
1568.599976,-1.119832516
1568.700073,-1.119069576
1568.800049,-1.11501646
1568.900024,-1.119355679
1569,-1.12207365
1569.099976,-1.12617445
1569.200073,-1.125697613
1569.300049,-1.124410152
1569.400024,-1.123408794
1569.5,-1.122359753
1569.599976,-1.12348032
1569.700073,-1.123933315
1569.800049,-1.124219418
1569.900024,-1.120070934
1570,-1.117257595
1570.099976,-1.121739864
1570.200073,-1.117305279
1570.300049,-1.125936031
1570.400024,-1.122979641
1570.5,-1.118449688
1570.599976,-1.120929241
1570.700073,-1.122550488
1570.800049,-1.120702744
1570.900024,-1.119880199
1571,-1.119451046
1571.099976,-1.121143818
1571.200073,-1.123837948
1571.300049,-1.121406078
1571.400024,-1.125220776
1571.5,-1.120690823
1571.599976,-1.119164944
1571.700073,-1.12321806
1571.800049,-1.118449688
1571.900024,-1.119689465
1572,-1.120643139
1572.099976,-1.127175808
1572.200073,-1.122312069
1572.300049,-1.116733074
1572.400024,-1.12283659
1572.5,-1.121119976
1572.599976,-1.129273891
1572.700073,-1.117305279
1572.800049,-1.122025967
1572.900024,-1.123837948
1573,-1.123110771
1573.099976,-1.121692181
1573.200073,-1.12488699
1573.300049,-1.117257595
1573.400024,-1.125125408
1573.5,-1.11911726
1573.599976,-1.120452404
1573.700073,-1.127604961
1573.800049,-1.12951231
1573.900024,-1.124267101
1574,-1.126412868
1574.099976,-1.129559994
1574.200073,-1.127640724
1574.300049,-1.125506878
1574.400024,-1.129083157
1574.5,-1.123170376
1574.599976,-1.123635292
1574.700073,-1.121882915
1574.800049,-1.12040472
1574.900024,-1.12245512
1575,-1.127557278
1575.099976,-1.125506878
1575.200073,-1.126269817
1575.300049,-1.126663208
1575.400024,-1.127366543
1575.5,-1.127509594
1575.599976,-1.123027325
1575.700073,-1.124839306
1575.800049,-1.12207365
1575.900024,-1.12822485
1576,-1.130370617
1576.099976,-1.126961231
1576.200073,-1.12488699
1576.300049,-1.124362469
1576.400024,-1.120929241
1576.5,-1.122407436
1576.599976,-1.124648571
1576.700073,-1.128510952
1576.800049,-1.126746655
1576.900024,-1.12579298
1577,-1.127366543
1577.099976,-1.125602245
1577.200073,-1.132516384
1577.300049,-1.125268459
1577.400024,-1.129750729
1577.5,-1.122693539
1577.599976,-1.124171734
1577.700073,-1.124267101
1577.800049,-1.124743938
1577.900024,-1.125506878
1578,-1.126031399
1578.099976,-1.124457836
1578.200073,-1.132373333
1578.300049,-1.122979641
1578.400024,-1.129416943
1578.5,-1.129369259
1578.599976,-1.123647213
1578.700073,-1.129679203
1578.800049,-1.132897854
1578.900024,-1.132802486
1579,-1.130692482
1579.099976,-1.12822485
1579.200073,-1.128844738
1579.300049,-1.131085873
1579.400024,-1.127414227
1579.5,-1.12951231
1579.599976,-1.123170376
1579.700073,-1.118783474
1579.800049,-1.124839306
1579.900024,-1.125506878
1580,-1.12655592
1580.099976,-1.12989378
1580.200073,-1.130990505
1580.300049,-1.130275249
1580.400024,-1.121263027
1580.5,-1.139001369
1580.599976,-1.124743938
1580.700073,-1.127604961
1580.800049,-1.126317501
1580.900024,-1.12617445
1581,-1.128272533
1581.099976,-1.130418301
1581.200073,-1.130179882
1581.300049,-1.130680561
1581.400024,-1.13079977
1581.5,-1.131324291
1581.599976,-1.132325649
1581.700073,-1.123170376
1581.800049,-1.127700329
1581.900024,-1.123790264
1582,-1.128797054
1582.099976,-1.130895138
1582.200073,-1.127652645
1582.300049,-1.130370617
1582.400024,-1.132564068
1582.5,-1.129798412
1582.599976,-1.127128124
1582.700073,-1.130656719
1582.800049,-1.134280682
1582.900024,-1.12579298
1583,-1.128558636
1583.099976,-1.130465984
1583.200073,-1.131515026
1583.300049,-1.139335155
1583.400024,-1.137237072
1583.5,-1.129703045
1583.599976,-1.128844738
1583.700073,-1.130465984
1583.800049,-1.128844738
1583.900024,-1.129559994
1584,-1.12617445
1584.099976,-1.136044979
1584.200073,-1.126365185
1584.300049,-1.140765667
1584.400024,-1.127652645
1584.5,-1.134995937
1584.599976,-1.129846096
1584.700073,-1.137189388
1584.800049,-1.128987789
1584.900024,-1.129798412
1585,-1.134328365
1585.099976,-1.126698971
1585.200073,-1.131038189
1585.300049,-1.130704403
1585.400024,-1.135568142
1585.5,-1.1365695
1585.599976,-1.1365695
1585.700073,-1.135591984
1585.800049,-1.133327007
1585.900024,-1.135901928
1586,-1.133756161
1586.099976,-1.134280682
1586.200073,-1.129655361
1586.300049,-1.138047695
1586.400024,-1.133660793
1586.5,-1.132182598
1586.599976,-1.132564068
1586.700073,-1.1365695
1586.800049,-1.13618803
1586.900024,-1.14028883
1587,-1.143531322
1587.099976,-1.144866467
1587.200073,-1.139990807
1587.300049,-1.136903286
1587.400024,-1.134662151
1587.5,-1.136617184
1587.599976,-1.13528204
1587.700073,-1.136140347
1587.800049,-1.135901928
1587.900024,-1.135711193
1588,-1.136474133
1588.099976,-1.132707119
1588.200073,-1.135329723
1588.300049,-1.136807919
1588.400024,-1.135329723
1588.5,-1.135949612
1588.599976,-1.135091305
1588.700073,-1.139096737
1588.800049,-1.133327007
1588.900024,-1.13695097
1589,-1.138000011
1589.099976,-1.135377407
1589.200073,-1.134805202
1589.300049,-1.13618803
1589.400024,-1.140527248
1589.5,-1.138190746
1589.599976,-1.140479565
1589.700073,-1.136235714
1589.800049,-1.141480923
1589.900024,-1.132754803
1590,-1.139621258
1590.099976,-1.140574932
1590.200073,-1.137606621
1590.300049,-1.134566784
1590.400024,-1.135663509
1590.5,-1.138429165
1590.599976,-1.137570858
1590.700073,-1.135651588
1590.800049,-1.133183956
1590.900024,-1.133422375
1591,-1.136760235
1591.099976,-1.139144421
1591.200073,-1.136426449
1591.300049,-1.13528204
1591.400024,-1.1345191
1591.5,-1.138095379
1591.599976,-1.137284756
1591.700073,-1.139764309
1591.800049,-1.137487411
1591.900024,-1.135520458
1592,-1.137380123
1592.099976,-1.13618803
1592.200073,-1.140813351
1592.300049,-1.13823843
1592.400024,-1.139752388
1592.5,-1.141099453
1592.599976,-1.138858318
1592.700073,-1.138095379
1592.800049,-1.138190746
1592.900024,-1.137523174
1593,-1.138286114
1593.099976,-1.138858318
1593.200073,-1.138524532
1593.300049,-1.136760235
1593.400024,-1.139096737
1593.5,-1.140908718
1593.599976,-1.140861034
1593.700073,-1.138894081
1593.800049,-1.13618803
1593.900024,-1.137618542
1594,-1.133660793
1594.099976,-1.14028883
1594.200073,-1.144866467
1594.300049,-1.140098095
1594.400024,-1.137618542
1594.5,-1.138524532
1594.599976,-1.139811993
1594.700073,-1.138429165
1594.800049,-1.13528204
1594.900024,-1.140622616
1595,-1.147679806
1595.099976,-1.136664867
1595.200073,-1.139716625
1595.300049,-1.143674374
1595.400024,-1.140717983
1595.5,-1.142673016
1595.599976,-1.141814709
1595.700073,-1.137570858
1595.800049,-1.148490429
1595.900024,-1.138572216
1596,-1.14195776
1596.099976,-1.138047695
1596.200073,-1.142625332
1596.300049,-1.136235714
1596.400024,-1.13952589
1596.5,-1.139883518
1596.599976,-1.141671658
1596.700073,-1.142100811
1596.800049,-1.137570858
1596.900024,-1.142768383
1597,-1.147489071
1597.099976,-1.144198895
1597.200073,-1.141623974
1597.300049,-1.142434597
1597.400024,-1.146678448
1597.5,-1.147155285
1597.599976,-1.143817425
1597.700073,-1.138047695
1597.800049,-1.144484997
1597.900024,-1.146153927
1598,-1.146296978
1598.099976,-1.145414829
1598.200073,-1.146869183
1598.300049,-1.14233923
1598.400024,-1.137523174
1598.5,-1.138524532
1598.599976,-1.135901928
1598.700073,-1.139049053
1598.800049,-1.13888216
1598.900024,-1.140813351
1599,-1.139764309
1599.099976,-1.136378765
1599.200073,-1.14119482
1599.300049,-1.148299694
1599.400024,-1.138476849
1599.5,-1.1345191
1599.599976,-1.14028883
1599.700073,-1.146535397
1599.800049,-1.139764309
1599.900024,-1.143912792
1600,-1.148776531
1600.099976,-1.140634537
1600.200073,-1.134852886
1600.300049,-1.134995937
1600.400024,-1.138762951
1600.5,-1.142959118
1600.599976,-1.142291546
1600.700073,-1.140098095
1600.800049,-1.143674374
1600.900024,-1.145581722
1601,-1.142959118
1601.099976,-1.138762951
1601.200073,-1.139621258
1601.300049,-1.143149853
1601.400024,-1.14491415
1601.5,-1.147727489
1601.599976,-1.14491415
1601.700073,-1.149539471
1601.800049,-1.140384197
1601.900024,-1.144818783
1602,-1.142768383
1602.099976,-1.145390987
1602.200073,-1.145104885
1602.300049,-1.144496918
1602.400024,-1.142291546
1602.5,-1.145200253
1602.599976,-1.140908718
1602.700073,-1.143006802
1602.800049,-1.145629406
1602.900024,-1.146773815
1603,-1.148538113
1603.099976,-1.146690369
1603.200073,-1.14529562
1603.300049,-1.146153927
1603.400024,-1.143877029
1603.5,-1.141528606
1603.599976,-1.142529964
1603.700073,-1.151351452
1603.800049,-1.143388271
1603.900024,-1.148490429
1604,-1.147536755
1604.099976,-1.144151211
1604.200073,-1.143006802
1604.300049,-1.144639969
1604.400024,-1.146249294
1604.5,-1.145152569
1604.599976,-1.151685238
1604.700073,-1.139764309
1604.800049,-1.145915508
1604.900024,-1.149587154
1605,-1.143102169
1605.099976,-1.144628048
1605.200073,-1.141051769
1605.300049,-1.146821499
1605.400024,-1.144151211
1605.5,-1.139001369
1605.599976,-1.14362669
1605.700073,-1.146726131
1605.800049,-1.143149853
1605.900024,-1.147202969
1606,-1.137809277
1606.099976,-1.14400816
1606.200073,-1.14567709
1606.300049,-1.14491415
1606.400024,-1.147107601
1606.5,-1.149873257
1606.599976,-1.141290188
1606.700073,-1.147632122
1606.800049,-1.143197536
1606.900024,-1.147727489
1607,-1.151399136
1607.099976,-1.149491787
1607.200073,-1.146344662
1607.300049,-1.150314331
1607.400024,-1.153020382
1607.5,-1.152400494
1607.599976,-1.147250652
1607.700073,-1.148156643
1607.800049,-1.143292904
1607.900024,-1.149491787
1608,-1.145772457
1608.099976,-1.150731564
1608.200073,-1.14567709
1608.300049,-1.150159359
1608.400024,-1.143102169
1608.5,-1.151637554
1608.599976,-1.153258801
1608.700073,-1.153687954
1608.800049,-1.148871899
1608.900024,-1.143674374
1609,-1.15364027
1609.099976,-1.150826931
1609.200073,-1.150207043
1609.300049,-1.149348736
1609.400024,-1.148538113
1609.5,-1.148681164
1609.599976,-1.147584438
1609.700073,-1.14504528
1609.800049,-1.141814709
1609.900024,-1.142100811
1610,-1.144580364
1610.099976,-1.14901495
1610.200073,-1.146487713
1610.300049,-1.14863348
1610.400024,-1.153449535
1610.5,-1.147250652
1610.599976,-1.144580364
1610.700073,-1.151351452
1610.800049,-1.143674374
1610.900024,-1.153306484
1611,-1.142291546
1611.099976,-1.137380123
1611.200073,-1.145772457
1611.300049,-1.152400494
1611.400024,-1.151017666
1611.5,-1.151017666
1611.599976,-1.149610996
1611.700073,-1.149110317
1611.800049,-1.147298336
1611.900024,-1.147775173
1612,-1.144866467
1612.099976,-1.154546261
1612.200073,-1.148681164
1612.300049,-1.158456326
1612.400024,-1.148204327
1612.5,-1.148824215
1612.599976,-1.149444103
1612.700073,-1.151113033
1612.800049,-1.149634838
1612.900024,-1.151875973
1613,-1.151160717
1613.099976,-1.149825573
1613.200073,-1.15106535
1613.300049,-1.150159359
1613.400024,-1.14734602
1613.5,-1.148871899
1613.599976,-1.146821499
1613.700073,-1.149754047
1613.800049,-1.152066708
1613.900024,-1.151256084
1614,-1.147059917
1614.099976,-1.149968624
1614.200073,-1.147822857
1614.300049,-1.148323536
1614.400024,-1.147632122
1614.5,-1.147870541
1614.599976,-1.143579006
1614.700073,-1.152925014
1614.800049,-1.149110317
1614.900024,-1.152162075
1615,-1.143531322
1615.099976,-1.153974056
1615.200073,-1.146869183
1615.300049,-1.155356884
1615.400024,-1.154212475
1615.5,-1.152626991
1615.599976,-1.149062634
1615.700073,-1.151875973
1615.800049,-1.14992094
1615.900024,-1.150528908
1616,-1.15030241
1616.099976,-1.150016308
1616.200073,-1.149301052
1616.300049,-1.148192406
1616.400024,-1.146821499
1616.5,-1.149703383
1616.599976,-1.152209759
1616.700073,-1.15158987
1616.800049,-1.155452251
1616.900024,-1.146058559
1617,-1.160125256
1617.099976,-1.152305126
1617.200073,-1.150969982
1617.300049,-1.149646759
1617.400024,-1.147155285
1617.5,-1.148156643
1617.599976,-1.152066708
1617.700073,-1.157502651
1617.800049,-1.155929089
1617.900024,-1.149587154
1618,-1.14939642
1618.099976,-1.155070782
1618.200073,-1.155118465
1618.300049,-1.151732922
1618.400024,-1.148347378
1618.5,-1.150254726
1618.599976,-1.15158987
1618.700073,-1.153592587
1618.800049,-1.149062634
1618.900024,-1.153592587
1619,-1.149491787
1619.099976,-1.156405926
1619.200073,-1.153068066
1619.300049,-1.152686596
1619.400024,-1.156548977
1619.5,-1.146821499
1619.599976,-1.151828289
1619.700073,-1.151208401
1619.800049,-1.153258801
1619.900024,-1.146630764
1620,-1.158742428
1620.099976,-1.153592587
1620.200073,-1.157836437
1620.300049,-1.153592587
1620.400024,-1.148585796
1620.5,-1.153544903
1620.599976,-1.148681164
1620.700073,-1.154355526
1620.800049,-1.149682522
1620.900024,-1.155070782
1621,-1.160983562
1621.099976,-1.150636196
1621.200073,-1.1553092
1621.300049,-1.15941
1621.400024,-1.155929089
1621.5,-1.152877331
1621.599976,-1.155881405
1621.700073,-1.152305126
1621.800049,-1.146821499
1621.900024,-1.145247936
1622,-1.150922298
1622.099976,-1.155070782
1622.200073,-1.156787395
1622.300049,-1.152781963
1622.400024,-1.156262875
1622.5,-1.152448177
1622.599976,-1.150731564
1622.700073,-1.151351452
1622.800049,-1.153258801
1622.900024,-1.154689312
1623,-1.156262875
1623.099976,-1.158456326
1623.200073,-1.157681465
1623.300049,-1.158980846
1623.400024,-1.157025814
1623.5,-1.155547619
1623.599976,-1.158360958
1623.700073,-1.151828289
1623.800049,-1.154355526
1623.900024,-1.157693386
1624,-1.157168865
1624.099976,-1.151828289
1624.200073,-1.152305126
1624.300049,-1.149682522
1624.400024,-1.158313274
1624.5,-1.154260159
1624.599976,-1.152209759
1624.700073,-1.152710438
1624.800049,-1.152972698
1624.900024,-1.151399136
1625,-1.150874615
1625.099976,-1.15106535
1625.200073,-1.154117107
1625.300049,-1.156835079
1625.400024,-1.156501293
1625.5,-1.151923656
1625.599976,-1.153449535
1625.700073,-1.151601791
1625.800049,-1.149825573
1625.900024,-1.151208401
1626,-1.155642986
1626.099976,-1.150350094
1626.200073,-1.155833721
1626.300049,-1.155452251
1626.400024,-1.154307842
1626.5,-1.151256084
1626.599976,-1.159553051
1626.700073,-1.156930447
1626.800049,-1.153306484
1626.900024,-1.156310558
1627,-1.160459042
1627.099976,-1.153306484
1627.200073,-1.155118465
1627.300049,-1.151542187
1627.400024,-1.154975414
1627.5,-1.149444103
1627.599976,-1.157407284
1627.700073,-1.158217907
1627.800049,-1.150350094
1627.900024,-1.164941311
1628,-1.15864706
1628.099976,-1.156453609
1628.200073,-1.158957005
1628.300049,-1.161365032
1628.400024,-1.159362316
1628.5,-1.155833721
1628.599976,-1.154784679
1628.700073,-1.153258801
1628.800049,-1.151780605
1628.900024,-1.158074856
1629,-1.161698818
1629.099976,-1.159457684
1629.200073,-1.157454967
1629.300049,-1.160602093
1629.400024,-1.152781963
1629.5,-1.157025814
1629.599976,-1.15197134
1629.700073,-1.158885479
1629.800049,-1.154307842
1629.900024,-1.157407284
1630,-1.151351452
1630.099976,-1.150063992
1630.200073,-1.155023098
1630.300049,-1.152257442
1630.400024,-1.147918224
1630.5,-1.153926373
1630.599976,-1.152066708
1630.700073,-1.153461456
1630.800049,-1.152117372
1630.900024,-1.151017666
1631,-1.151923656
1631.099976,-1.160077572
1631.200073,-1.15607214
1631.300049,-1.148061275
1631.400024,-1.152066708
1631.5,-1.160649776
1631.599976,-1.151780605
1631.700073,-1.160125256
1631.800049,-1.152925014
1631.900024,-1.154212475
1632,-1.155762196
1632.099976,-1.1573596
1632.200073,-1.158551693
1632.300049,-1.158980846
1632.400024,-1.157407284
1632.5,-1.157216549
1632.599976,-1.156346321
1632.700073,-1.155833721
1632.800049,-1.154927731
1632.900024,-1.153831005
1633,-1.158885479
1633.099976,-1.155070782
1633.200073,-1.161365032
1633.300049,-1.154212475
1633.400024,-1.163415432
1633.5,-1.156215191
1633.599976,-1.156262875
1633.700073,-1.159457684
1633.800049,-1.15697813
1633.900024,-1.154641628
1634,-1.150922298
1634.099976,-1.151208401
1634.200073,-1.157693386
1634.300049,-1.155833721
1634.400024,-1.158790112
1634.5,-1.154164791
1634.599976,-1.158980846
1634.700073,-1.160268307
1634.800049,-1.153735638
1634.900024,-1.149825573
1635,-1.156453609
1635.099976,-1.161126614
1635.200073,-1.159934521
1635.300049,-1.161794186
1635.400024,-1.158217907
1635.5,-1.159648418
1635.599976,-1.160983562
1635.700073,-1.155881405
1635.800049,-1.162604809
1635.900024,-1.1553092
1636,-1.154593945
1636.099976,-1.152400494
1636.200073,-1.156167507
1636.300049,-1.157979488
1636.400024,-1.157502651
1636.5,-1.158504009
1636.599976,-1.165370464
1636.700073,-1.162890911
1636.800049,-1.159862995
1636.900024,-1.155499935
1637,-1.15569067
1637.099976,-1.15555954
1637.200073,-1.154927731
1637.300049,-1.156119823
1637.400024,-1.158742428
1637.5,-1.160077572
1637.599976,-1.157788754
1637.700073,-1.164941311
1637.800049,-1.162223339
1637.900024,-1.16312933
1638,-1.161412716
1638.099976,-1.157311916
1638.200073,-1.158265591
1638.300049,-1.153974056
1638.400024,-1.155118465
1638.5,-1.160411358
1638.599976,-1.160983562
1638.700073,-1.158265591
1638.800049,-1.158074856
1638.900024,-1.158217907
1639,-1.157216549
1639.099976,-1.159314632
1639.200073,-1.160602093
1639.300049,-1.155023098
1639.400024,-1.162890911
1639.5,-1.154498577
1639.599976,-1.154260159
1639.700073,-1.153974056
1639.800049,-1.158933163
1639.900024,-1.161269665
1640,-1.165179729
1640.099976,-1.15979147
1640.200073,-1.15569067
1640.300049,-1.1573596
1640.400024,-1.161365032
1640.5,-1.161496162
1640.599976,-1.164083004
1640.700073,-1.163177013
1640.800049,-1.159648418
1640.900024,-1.153544903
1641,-1.158027172
1641.099976,-1.157168865
1641.200073,-1.16031599
1641.300049,-1.166514874
1641.400024,-1.162271023
1641.5,-1.15569067
1641.599976,-1.165990353
1641.700073,-1.156692028
1641.800049,-1.164607525
1641.900024,-1.15607214
1642,-1.16274786
1642.099976,-1.163987637
1642.200073,-1.163832664
1642.300049,-1.16403532
1642.400024,-1.164559841
1642.5,-1.158265591
1642.599976,-1.164607525
1642.700073,-1.159839153
1642.800049,-1.155929089
1642.900024,-1.16312933
1643,-1.159982204
1643.099976,-1.162414074
1643.200073,-1.158551693
1643.300049,-1.161174297
1643.400024,-1.157407284
1643.5,-1.153687954
1643.599976,-1.161603451
1643.700073,-1.159457684
1643.800049,-1.15902853
1643.900024,-1.160602093
1644,-1.163892269
1644.099976,-1.160029888
1644.200073,-1.157836437
1644.300049,-1.156024456
1644.400024,-1.155166149
1644.5,-1.161174297
1644.599976,-1.160363674
1644.700073,-1.151446819
1644.800049,-1.164369106
1644.900024,-1.158170223
1645,-1.157931805
1645.099976,-1.159600735
1645.200073,-1.159553051
1645.300049,-1.161126614
1645.400024,-1.161269665
1645.5,-1.165990353
1645.599976,-1.156835079
1645.700073,-1.16441679
1645.800049,-1.161889553
1645.900024,-1.158599377
1646,-1.160554409
1646.099976,-1.161221981
1646.200073,-1.158301353
1646.300049,-1.154927731
1646.400024,-1.156501293
1646.5,-1.158885479
1646.599976,-1.159934521
1646.700073,-1.156024456
1646.800049,-1.157407284
1646.900024,-1.160029888
1647,-1.162175655
1647.099976,-1.163177013
1647.200073,-1.157979488
1647.300049,-1.161555767
1647.400024,-1.16441679
1647.5,-1.161126614
1647.599976,-1.157168865
1647.700073,-1.155356884
1647.800049,-1.156548977
1647.900024,-1.162795544
1648,-1.164083004
1648.099976,-1.163320065
1648.200073,-1.159123898
1648.300049,-1.158313274
1648.400024,-1.15569067
1648.5,-1.159123898
1648.599976,-1.163224697
1648.700073,-1.159648418
1648.800049,-1.164321423
1648.900024,-1.163320065
1649,-1.163033962
1649.099976,-1.159839153
1649.200073,-1.165608883
1649.300049,-1.160888195
1649.400024,-1.163749218
1649.5,-1.163653851
1649.599976,-1.162437916
1649.700073,-1.159696102
1649.800049,-1.162652493
1649.900024,-1.160363674
1650,-1.171569347
1650.099976,-1.159076214
1650.200073,-1.165751934
1650.300049,-1.159362316
1650.400024,-1.164941311
1650.5,-1.160888195
1650.599976,-1.152829647
1650.700073,-1.162080288
1650.800049,-1.153354168
1650.900024,-1.163653851
1651,-1.161269665
1651.099976,-1.16107893
1651.200073,-1.159600735
1651.300049,-1.158170223
1651.400024,-1.163749218
1651.5,-1.157073498
1651.599976,-1.169471264
1651.700073,-1.160888195
1651.800049,-1.16608572
1651.900024,-1.163510799
1652,-1.164893627
1652.099976,-1.164845943
1652.200073,-1.165132046
1652.300049,-1.163510799
1652.400024,-1.162127972
1652.5,-1.163939953
1652.599976,-1.164988995
1652.700073,-1.161031246
1652.800049,-1.163367748
1652.900024,-1.165894985
1653,-1.167325497
1653.099976,-1.168374538
1653.200073,-1.156739712
1653.300049,-1.166228771
1653.400024,-1.15607214
1653.5,-1.164988995
1653.599976,-1.166991711
1653.700073,-1.166133404
1653.800049,-1.165012836
1653.900024,-1.163701534
1654,-1.163224697
1654.099976,-1.159362316
1654.200073,-1.151685238
1654.300049,-1.155929089
1654.400024,-1.162271023
1654.5,-1.167087078
1654.599976,-1.165751934
1654.700073,-1.162938595
1654.800049,-1.16403532
1654.900024,-1.167325497
1655,-1.166038036
1655.099976,-1.162509441
1655.200073,-1.160268307
1655.300049,-1.161746502
1655.400024,-1.160292149
1655.5,-1.15902853
1655.599976,-1.160125256
1655.700073,-1.16441679
1655.800049,-1.157168865
1655.900024,-1.163320065
1656,-1.161412716
1656.099976,-1.163796902
1656.200073,-1.162271023
1656.300049,-1.164750576
1656.400024,-1.169709682
1656.5,-1.16403532
1656.599976,-1.160554409
1656.700073,-1.16274786
1656.800049,-1.165799618
1656.900024,-1.161555767
1657,-1.163367748
1657.099976,-1.158742428
1657.200073,-1.166610241
1657.300049,-1.169518948
1657.400024,-1.165084362
1657.5,-1.165799618
1657.599976,-1.163463116
1657.700073,-1.16441679
1657.800049,-1.16479826
1657.900024,-1.165585041
1658,-1.166181087
1658.099976,-1.163838625
1658.200073,-1.161174297
1658.300049,-1.162414074
1658.400024,-1.165465832
1658.5,-1.155070782
1658.599976,-1.164178371
1658.700073,-1.159314632
1658.800049,-1.163796902
1658.900024,-1.158933163
1659,-1.166133404
1659.099976,-1.164083004
1659.200073,-1.164655209
1659.300049,-1.163939953
1659.400024,-1.164464474
1659.5,-1.165656567
1659.599976,-1.165799618
1659.700073,-1.168422222
1659.800049,-1.165418148
1659.900024,-1.162700176
1660,-1.166944027
1660.099976,-1.164464474
1660.200073,-1.166753292
1660.300049,-1.167039394
1660.400024,-1.160983562
1660.5,-1.16813612
1660.599976,-1.163177013
1660.700073,-1.166038036
1660.800049,-1.156501293
1660.900024,-1.162127972
1661,-1.164750576
1661.099976,-1.166753292
1661.200073,-1.167850018
1661.300049,-1.169185162
1661.400024,-1.17071104
1661.5,-1.166991711
1661.599976,-1.162461758
1661.700073,-1.169995785
1661.800049,-1.162032604
1661.900024,-1.159123898
1662,-1.158265591
1662.099976,-1.161365032
1662.200073,-1.166371822
1662.300049,-1.164321423
1662.400024,-1.166753292
1662.5,-1.165370464
1662.599976,-1.161794186
1662.700073,-1.168374538
1662.800049,-1.159123898
1662.900024,-1.165751934
1663,-1.158694744
1663.099976,-1.163177013
1663.200073,-1.165751934
1663.300049,-1.16646719
1663.400024,-1.167277813
1663.5,-1.155833721
1663.599976,-1.160172939
1663.700073,-1.166753292
1663.800049,-1.165990353
1663.900024,-1.157454967
1664,-1.174335003
1664.099976,-1.160363674
1664.200073,-1.157454967
1664.300049,-1.163844585
1664.400024,-1.164512157
1664.5,-1.166228771
1664.599976,-1.167945385
1664.700073,-1.160029888
1664.800049,-1.166657925
1664.900024,-1.163987637
1665,-1.163987637
1665.099976,-1.163045883
1665.200073,-1.162509441
1665.300049,-1.161698818
1665.400024,-1.164369106
1665.5,-1.163808823
1665.599976,-1.164178371
1665.700073,-1.164988995
1665.800049,-1.170520306
1665.900024,-1.158885479
1666,-1.165370464
1666.099976,-1.16570425
1666.200073,-1.163653851
1666.300049,-1.162461758
1666.400024,-1.16531086
1666.5,-1.168231487
1666.599976,-1.166896343
1666.700073,-1.162318707
1666.800049,-1.165990353
1666.900024,-1.159219265
1667,-1.168279171
1667.099976,-1.162032604
1667.200073,-1.166038036
1667.300049,-1.172904491
1667.400024,-1.160649776
1667.5,-1.16479826
1667.599976,-1.160411358
1667.700073,-1.165513515
1667.800049,-1.172809124
1667.900024,-1.16813612
1668,-1.164321423
1668.099976,-1.166181087
1668.200073,-1.172332287
1668.300049,-1.160411358
1668.400024,-1.171044827
1668.5,-1.159934521
1668.599976,-1.169948101
1668.700073,-1.170520306
1668.800049,-1.168577194
1668.900024,-1.166657925
1669,-1.167182446
1669.099976,-1.166419506
1669.200073,-1.162127972
1669.300049,-1.157216549
1669.400024,-1.16942358
1669.5,-1.159266949
1669.599976,-1.16851759
1669.700073,-1.16274786
1669.800049,-1.165608883
1669.900024,-1.167277813
1670,-1.165227413
1670.099976,-1.162509441
1670.200073,-1.165513515
1670.300049,-1.163653851
1670.400024,-1.160983562
1670.5,-1.162700176
1670.599976,-1.165418148
1670.700073,-1.165894985
1670.800049,-1.16557312
1670.900024,-1.164750576
1671,-1.166228771
1671.099976,-1.17071104
1671.200073,-1.167516232
1671.300049,-1.16274786
1671.400024,-1.170043468
1671.5,-1.162986279
1671.599976,-1.158790112
1671.700073,-1.169328213
1671.800049,-1.159743786
1671.900024,-1.164941311
1672,-1.156787395
1672.099976,-1.162080288
1672.200073,-1.167897701
1672.300049,-1.168088436
1672.400024,-1.166324139
1672.5,-1.166228771
1672.599976,-1.163081646
1672.700073,-1.169995785
1672.800049,-1.160554409
1672.900024,-1.16441679
1673,-1.165990353
1673.099976,-1.168708324
1673.200073,-1.165942669
1673.300049,-1.15864706
1673.400024,-1.164988995
1673.5,-1.169089794
1673.599976,-1.166276455
1673.700073,-1.163558483
1673.800049,-1.168469906
1673.900024,-1.166133404
1674,-1.166550636
1674.099976,-1.166038036
1674.200073,-1.165561199
1674.300049,-1.163510799
1674.400024,-1.160411358
1674.5,-1.162032604
1674.599976,-1.169328213
1674.700073,-1.16107893
1674.800049,-1.169709682
1674.900024,-1.163892269
1675,-1.168374538
1675.099976,-1.170615673
1675.200073,-1.164893627
1675.300049,-1.169852734
1675.400024,-1.163320065
1675.5,-1.164845943
1675.599976,-1.168183804
1675.700073,-1.172427654
1675.800049,-1.164559841
1675.900024,-1.161412716
1676,-1.16851759
1676.099976,-1.16479826
1676.200073,-1.163796902
1676.300049,-1.166800976
1676.400024,-1.166991711
1676.5,-1.160888195
1676.599976,-1.167659283
1676.700073,-1.163463116
1676.800049,-1.167039394
1676.900024,-1.164321423
1677,-1.164512157
1677.099976,-1.167134762
1677.200073,-1.163796902
1677.300049,-1.174287319
1677.400024,-1.164702892
1677.5,-1.160554409
1677.599976,-1.169614315
1677.700073,-1.159839153
1677.800049,-1.16813612
1677.900024,-1.164130688
1678,-1.166562557
1678.099976,-1.161973
1678.200073,-1.158265591
1678.300049,-1.158933163
1678.400024,-1.165275097
1678.5,-1.158599377
1678.599976,-1.167659283
1678.700073,-1.163796902
1678.800049,-1.166514874
1678.900024,-1.164845943
1679,-1.166419506
1679.099976,-1.159314632
1679.200073,-1.164178371
1679.300049,-1.162032604
1679.400024,-1.169852734
1679.5,-1.160220623
1679.599976,-1.166753292
1679.700073,-1.162795544
1679.800049,-1.163892269
1679.900024,-1.165561199
1680,-1.166324139
1680.099976,-1.164512157
1680.200073,-1.166538715
1680.300049,-1.166800976
1680.400024,-1.16851759
1680.5,-1.161698818
1680.599976,-1.168851376
1680.700073,-1.165990353
1680.800049,-1.170663357
1680.900024,-1.167420864
1681,-1.16107893
1681.099976,-1.16441679
1681.200073,-1.162890911
1681.300049,-1.166359901
1681.400024,-1.16942358
1681.5,-1.168708324
1681.599976,-1.163701534
1681.700073,-1.163606167
1681.800049,-1.165799618
1681.900024,-1.16236639
1682,-1.173429012
1682.099976,-1.161746502
1682.200073,-1.17071104
1682.300049,-1.165322781
1682.400024,-1.165275097
1682.5,-1.165382385
1682.599976,-1.164893627
1682.700073,-1.166038036
1682.800049,-1.169137478
1682.900024,-1.163701534
1683,-1.168374538
1683.099976,-1.166324139
1683.200073,-1.165608883
1683.300049,-1.167611599
1683.400024,-1.170234203
1683.5,-1.168279171
1683.599976,-1.167802334
1683.700073,-1.167134762
1683.800049,-1.169471264
1683.900024,-1.168958664
1684,-1.16904211
1684.099976,-1.17018652
1684.200073,-1.163606167
1684.300049,-1.169661999
1684.400024,-1.173667431
1684.5,-1.16851759
1684.599976,-1.175336361
1684.700073,-1.168899059
1684.800049,-1.165513515
1684.900024,-1.168565273
1685,-1.163844585
1685.099976,-1.165799618
1685.200073,-1.169471264
1685.300049,-1.168183804
1685.400024,-1.163081646
1685.5,-1.171140194
1685.599976,-1.163796902
1685.700073,-1.160506725
1685.800049,-1.171283245
1685.900024,-1.170901775
1686,-1.168660641
1686.099976,-1.164893627
1686.200073,-1.168326855
1686.300049,-1.171903133
1686.400024,-1.169566631
1686.5,-1.162414074
1686.599976,-1.174859524
1686.700073,-1.166753292
1686.800049,-1.17071104
1686.900024,-1.172666073
1687,-1.16684866
1687.099976,-1.170377254
1687.200073,-1.172523022
1687.300049,-1.161698818
1687.400024,-1.16479826
1687.5,-1.169566631
1687.599976,-1.169518948
1687.700073,-1.165799618
1687.800049,-1.166502953
1687.900024,-1.165608883
1688,-1.165084362
1688.099976,-1.15941
1688.200073,-1.167945385
1688.300049,-1.162509441
1688.400024,-1.16684866
1688.5,-1.170997143
1688.599976,-1.165942669
1688.700073,-1.17276144
1688.800049,-1.167182446
1688.900024,-1.161269665
1689,-1.165179729
1689.099976,-1.166026115
1689.200073,-1.169232845
1689.300049,-1.168422222
1689.400024,-1.173381329
1689.5,-1.161555767
1689.599976,-1.174668789
1689.700073,-1.166181087
1689.800049,-1.159982204
1689.900024,-1.166419506
1690,-1.162175655
1690.099976,-1.160888195
1690.200073,-1.16608572
1690.300049,-1.170520306
1690.400024,-1.171235561
1690.5,-1.165990353
1690.599976,-1.169232845
1690.700073,-1.17083025
1690.800049,-1.174478054
1690.900024,-1.173619747
1691,-1.16813612
1691.099976,-1.163510799
1691.200073,-1.170424938
1691.300049,-1.166276455
1691.400024,-1.173476696
1691.5,-1.166944027
1691.599976,-1.168040752
1691.700073,-1.173476696
1691.800049,-1.16980505
1691.900024,-1.165751934
1692,-1.168422222
1692.099976,-1.163606167
1692.200073,-1.162223339
1692.300049,-1.167182446
1692.400024,-1.162557125
1692.5,-1.159362316
1692.599976,-1.164774418
1692.700073,-1.167468548
1692.800049,-1.169709682
1692.900024,-1.163320065
1693,-1.166944027
1693.099976,-1.161269665
1693.200073,-1.173190594
1693.300049,-1.165132046
1693.400024,-1.165799618
1693.5,-1.168326855
1693.599976,-1.17147398
1693.700073,-1.173858166
1693.800049,-1.166514874
1693.900024,-1.156310558
1694,-1.165418148
1694.099976,-1.167182446
1694.200073,-1.166228771
1694.300049,-1.175622463
1694.400024,-1.165561199
1694.5,-1.172332287
1694.599976,-1.164226055
1694.700073,-1.17071104
1694.800049,-1.172904491
1694.900024,-1.167516232
1695,-1.163939953
1695.099976,-1.168899059
1695.200073,-1.172236919
1695.300049,-1.168756008
1695.400024,-1.165179729
1695.5,-1.161365032
1695.599976,-1.163558483
1695.700073,-1.16942358
1695.800049,-1.168469906
1695.900024,-1.163749218
1696,-1.16646719
1696.099976,-1.169137478
1696.200073,-1.165990353
1696.300049,-1.167563915
1696.400024,-1.16274786
1696.5,-1.171283245
1696.599976,-1.162890911
1696.700073,-1.166276455
1696.800049,-1.167706966
1696.900024,-1.161221981
1697,-1.163939953
1697.099976,-1.168899059
1697.200073,-1.167039394
1697.300049,-1.16608572
1697.400024,-1.164178371
1697.5,-1.175860882
1697.599976,-1.172284603
1697.700073,-1.164130688
1697.800049,-1.167993069
1697.900024,-1.165227413
1698,-1.164845943
1698.099976,-1.163749218
1698.200073,-1.162414074
1698.300049,-1.170424938
1698.400024,-1.164655209
1698.5,-1.168231487
1698.599976,-1.164893627
1698.700073,-1.166371822
1698.800049,-1.169757366
1698.900024,-1.169852734
1699,-1.164893627
1699.099976,-1.169995785
1699.200073,-1.166371822
1699.300049,-1.16608572
1699.400024,-1.166371822
1699.5,-1.16646719
1699.599976,-1.166061878
1699.700073,-1.16608572
1699.800049,-1.165322781
1699.900024,-1.164893627
1700,-1.166789055
1700.099976,-1.169232845
1700.200073,-1.167706966
1700.300049,-1.164845943
1700.400024,-1.172332287
1700.5,-1.168088436
1700.599976,-1.166896343
1700.700073,-1.16762352
1700.800049,-1.167182446
1700.900024,-1.168326855
1701,-1.169614315
1701.099976,-1.164273739
1701.200073,-1.162223339
1701.300049,-1.164655209
1701.400024,-1.167850018
1701.5,-1.166431427
1701.599976,-1.165847301
1701.700073,-1.16737318
1701.800049,-1.164512157
1701.900024,-1.161508083
1702,-1.16980505
1702.099976,-1.20832181
1702.200073,-1.249341965
1702.300049,-1.252632141
1702.400024,-1.242952347
1702.5,-1.243953705
1702.599976,-1.243047714
1702.700073,-1.241617203
1702.800049,-1.242523193
1702.900024,-1.238994598
1703,-1.251153946
1703.099976,-1.229028702
1703.200073,-1.239709854
1703.300049,-1.246528625
1703.400024,-1.239280701
1703.5,-1.244192123
1703.599976,-1.242451668
1703.700073,-1.24414444
1703.800049,-1.242189407
1703.900024,-1.244668961
1704,-1.238088608
1704.099976,-1.252393723
1704.200073,-1.235084534
1704.300049,-1.242666245
1704.400024,-1.244192123
1704.5,-1.246814728
1704.599976,-1.242713928
1704.700073,-1.237516403
1704.800049,-1.241664886
1704.900024,-1.244573593
1705,-1.235704422
1705.099976,-1.241903305
1705.200073,-1.239471436
1705.300049,-1.243858337
1705.400024,-1.245956421
1705.5,-1.245908737
1705.599976,-1.244335175
1705.700073,-1.233510971
1705.800049,-1.232700348
1705.900024,-1.237182617
1706,-1.241855621
1706.099976,-1.242761612
1706.200073,-1.236991882
1706.300049,-1.239328384
1706.400024,-1.231031418
1706.5,-1.240949631
1706.599976,-1.237277985
1706.700073,-1.238660812
1706.800049,-1.239864826
1706.900024,-1.241044998
1707,-1.24247551
1707.099976,-1.234178543
1707.200073,-1.247959137
1707.300049,-1.237134933
1707.400024,-1.241807938
1707.5,-1.23260498
1707.599976,-1.23913765
1707.700073,-1.238422394
1707.800049,-1.237182617
1707.900024,-1.238720417
1708,-1.239328384
1708.099976,-1.235075593
1708.200073,-1.231031418
1708.300049,-1.231222153
1708.400024,-1.240520477
1708.5,-1.230506897
1708.599976,-1.239089966
1708.700073,-1.238708496
1708.800049,-1.228408813
1708.900024,-1.234941483
1709,-1.229600906
1709.099976,-1.236038208
1709.200073,-1.230840683
1709.300049,-1.247768402
1709.400024,-1.236181259
1709.5,-1.231222153
1709.599976,-1.238279343
1709.700073,-1.228313446
1709.800049,-1.233224869
1709.900024,-1.239614487
1710,-1.234083176
1710.099976,-1.232795715
1710.200073,-1.235561371
1710.300049,-1.234703064
1710.400024,-1.24004364
1710.5,-1.236133575
1710.599976,-1.237051487
1710.700073,-1.23708725
1710.800049,-1.234941483
1710.900024,-1.236276627
1711,-1.23837471
1711.099976,-1.226644516
1711.200073,-1.239566803
1711.300049,-1.228075027
1711.400024,-1.234321594
1711.5,-1.22297287
1711.599976,-1.229696274
1711.700073,-1.231651306
1711.800049,-1.227741241
1711.900024,-1.236038208
1712,-1.228504181
1712.099976,-1.231508255
1712.200073,-1.230268478
1712.300049,-1.23169899
1712.400024,-1.229362488
1712.5,-1.227025986
1712.599976,-1.235370636
1712.700073,-1.221399307
1712.800049,-1.230459213
1712.900024,-1.225214005
1713,-1.232461929
1713.099976,-1.225070953
1713.200073,-1.225166321
1713.300049,-1.231222153
1713.400024,-1.229553223
1713.5,-1.2246418
1713.599976,-1.228981018
1713.700073,-1.227216721
1713.800049,-1.233129501
1713.900024,-1.228981018
1714,-1.220684052
1714.099976,-1.229553223
1714.200073,-1.221256256
1714.300049,-1.225547791
1714.400024,-1.233654022
1714.5,-1.23003006
1714.599976,-1.223163605
1714.700073,-1.225261688
1714.800049,-1.225166321
1714.900024,-1.225786209
1715,-1.224761009
1715.099976,-1.224975586
1715.200073,-1.223115921
1715.300049,-1.227622032
1715.400024,-1.23131752
1715.5,-1.231079102
1715.599976,-1.22335434
1715.700073,-1.227645874
1715.800049,-1.219301224
1715.900024,-1.223831177
1716,-1.226882935
1716.099976,-1.228456497
1716.200073,-1.225357056
1716.300049,-1.226084232
1716.400024,-1.22502327
1716.5,-1.225500107
1716.599976,-1.22502327
1716.700073,-1.224880219
1716.800049,-1.224021912
1716.900024,-1.21963501
1717,-1.22168541
1717.099976,-1.23503685
1717.200073,-1.231031418
1717.300049,-1.218347549
1717.400024,-1.223211288
1717.5,-1.219730377
1717.599976,-1.225214005
1717.700073,-1.222734451
1717.800049,-1.22759819
1717.900024,-1.220302582
1718,-1.223115921
1718.099976,-1.222400665
1718.200073,-1.230363846
1718.300049,-1.228218079
1718.400024,-1.219539642
1718.5,-1.222829819
1718.599976,-1.220541
1718.700073,-1.218585968
1718.800049,-1.224498749
1718.900024,-1.221351624
1719,-1.225643158
1719.099976,-1.223306656
1719.200073,-1.217632294
1719.300049,-1.221065521
1719.400024,-1.219921112
1719.5,-1.222925186
1719.599976,-1.224164963
1719.700073,-1.216917038
1719.800049,-1.220970154
1719.900024,-1.229076385
1720,-1.223163605
1720.099976,-1.214437485
1720.200073,-1.227693558
1720.300049,-1.220541
1720.400024,-1.217536926
1720.5,-1.218776703
1720.599976,-1.220827103
1720.700073,-1.218299866
1720.800049,-1.224737167
1720.900024,-1.211528778
1721,-1.226644516
1721.099976,-1.21758461
1721.200073,-1.223735809
1721.300049,-1.225118637
1721.400024,-1.220779419
1721.5,-1.219205856
1721.599976,-1.228885651
1721.700073,-1.219539642
1721.800049,-1.212005615
1721.900024,-1.220445633
1722,-1.217489243
1722.099976,-1.220397949
1722.200073,-1.224403381
1722.300049,-1.215057373
1722.400024,-1.222352982
1722.5,-1.211242676
1722.599976,-1.212863922
1722.700073,-1.221399307
1722.800049,-1.222782135
1722.900024,-1.224784851
1723,-1.215629578
1723.099976,-1.220636368
1723.200073,-1.214675903
1723.300049,-1.217107773
1723.400024,-1.22387886
1723.5,-1.223783493
1723.599976,-1.217298508
1723.700073,-1.222829819
1723.800049,-1.212720871
1723.900024,-1.216201782
1724,-1.210670471
1724.099976,-1.219587326
1724.200073,-1.218729019
1724.300049,-1.212768555
1724.400024,-1.215343475
1724.5,-1.220541
1724.599976,-1.210050583
1724.700073,-1.216392517
1724.800049,-1.218252182
1724.900024,-1.21553421
1725,-1.219110489
1725.099976,-1.212244034
1725.200073,-1.214675903
1725.300049,-1.217870712
1725.400024,-1.215105057
1725.5,-1.21489048
1725.599976,-1.211767197
1725.700073,-1.214818954
1725.800049,-1.214234829
1725.900024,-1.214771271
1726,-1.215581894
1726.099976,-1.217477322
1726.200073,-1.217679977
1726.300049,-1.221876144
1726.400024,-1.20718956
1726.5,-1.21720314
1726.599976,-1.213579178
1726.700073,-1.221733093
1726.800049,-1.213102341
1726.900024,-1.209096909
1727,-1.214532852
1727.099976,-1.214342117
1727.200073,-1.208715439
1727.300049,-1.216773987
1727.400024,-1.209716797
1727.5,-1.204185486
1727.599976,-1.214485168
1727.700073,-1.211767197
1727.800049,-1.212434769
1727.900024,-1.211576462
1728,-1.210384369
1728.099976,-1.209526062
1728.200073,-1.215486526
1728.300049,-1.202516556
1728.400024,-1.215105057
1728.5,-1.211719513
1728.599976,-1.209621429
1728.700073,-1.210765839
1728.800049,-1.209764481
1728.900024,-1.209466457
1729,-1.208333969
1729.099976,-1.209001541
1729.200073,-1.208381653
1729.300049,-1.205759048
1729.400024,-1.21295929
1729.5,-1.20718956
1729.599976,-1.20923996
1729.700073,-1.209812164
1729.800049,-1.207857132
1729.900024,-1.205425262
1730,-1.206951141
1730.099976,-1.204996109
1730.200073,-1.207046509
1730.300049,-1.205806732
1730.400024,-1.211957932
1730.5,-1.214103699
1730.599976,-1.212434769
1730.700073,-1.204042435
1730.800049,-1.207141876
1730.900024,-1.210575104
1731,-1.206998825
1731.099976,-1.209907532
1731.200073,-1.206235886
1731.300049,-1.212768555
1731.400024,-1.203231812
1731.5,-1.209049225
1731.599976,-1.199512482
1731.700073,-1.206188202
1731.800049,-1.209335327
1731.900024,-1.216440201
1732,-1.210813522
1732.099976,-1.212768555
1732.200073,-1.211242676
1732.300049,-1.206569672
1732.400024,-1.207475662
1732.5,-1.205663681
1732.599976,-1.204376221
1732.700073,-1.206629276
1732.800049,-1.209001541
1732.900024,-1.207475662
1733,-1.206712723
1733.099976,-1.203041077
1733.200073,-1.201848984
1733.300049,-1.211385727
1733.400024,-1.200323105
1733.5,-1.211624146
1733.599976,-1.212673187
1733.700073,-1.203517914
1733.800049,-1.198606491
1733.900024,-1.211528778
1734,-1.208238602
1734.099976,-1.207356453
1734.200073,-1.205425262
1734.300049,-1.20423317
1734.400024,-1.21181488
1734.5,-1.208190918
1734.599976,-1.201276779
1734.700073,-1.206283569
1734.800049,-1.196889877
1734.900024,-1.2059021
1735,-1.206998825
1735.099976,-1.206378937
1735.200073,-1.205997467
1735.300049,-1.206617355
1735.400024,-1.198320389
1735.5,-1.208190918
1735.599976,-1.198225021
1735.700073,-1.197271347
1735.800049,-1.19768858
1735.900024,-1.199464798
1736,-1.20012939
1736.099976,-1.202135086
1736.200073,-1.201229095
1736.300049,-1.203184128
1736.400024,-1.204388142
1736.5,-1.205091476
1736.599976,-1.208047867
1736.700073,-1.2059021
1736.800049,-1.198320389
1736.900024,-1.196222305
1737,-1.205663681
1737.099976,-1.205615997
1737.200073,-1.205151081
1737.300049,-1.204566956
1737.400024,-1.20475769
1737.5,-1.203327179
1737.599976,-1.197605133
1737.700073,-1.199893951
1737.800049,-1.197891235
1737.900024,-1.201229095
1738,-1.203422546
1738.099976,-1.203708649
1738.200073,-1.202433109
1738.300049,-1.201086044
1738.400024,-1.201515198
1738.5,-1.196603775
1738.599976,-1.198368073
1738.700073,-1.19641304
1738.800049,-1.200406551
1738.900024,-1.20423317
1739,-1.202611923
1739.099976,-1.203041077
1739.200073,-1.20218277
1739.300049,-1.203136444
1739.400024,-1.199369431
1739.5,-1.196603775
1739.599976,-1.199893951
1739.700073,-1.198177338
1739.800049,-1.198987961
1739.900024,-1.203422546
1740,-1.198606491
1740.099976,-1.201467514
1740.200073,-1.196460724
1740.300049,-1.201848984
1740.400024,-1.202850342
1740.5,-1.202611923
1740.599976,-1.199512482
1740.700073,-1.197271347
1740.800049,-1.198177338
1740.900024,-1.194267273
1741,-1.200656891
1741.099976,-1.195030212
1741.200073,-1.198272705
1741.300049,-1.202039719
1741.400024,-1.204996109
1741.5,-1.193599701
1741.599976,-1.197462082
1741.700073,-1.202087402
1741.800049,-1.196079254
1741.900024,-1.197557449
1742,-1.19590044
1742.099976,-1.196317673
1742.200073,-1.193647385
1742.300049,-1.196222305
1742.400024,-1.193647385
1742.5,-1.193599701
1742.599976,-1.195745468
1742.700073,-1.195709705
1742.800049,-1.199178696
1742.900024,-1.194314957
1743,-1.19717598
1743.099976,-1.199607849
1743.200073,-1.193790436
1743.300049,-1.193027496
1743.400024,-1.198701859
1743.5,-1.195459366
1743.599976,-1.192884445
1743.700073,-1.191453934
1743.800049,-1.193432808
1743.900024,-1.193790436
1744,-1.193534136
1744.099976,-1.193361282
1744.200073,-1.193552017
1744.300049,-1.195399761
1744.400024,-1.19808197
1744.5,-1.196603775
1744.599976,-1.196269989
1744.700073,-1.195888519
1744.800049,-1.194934845
1744.900024,-1.195745468
1745,-1.198749542
1745.099976,-1.194076538
1745.200073,-1.189212799
1745.300049,-1.193933487
1745.400024,-1.196889877
1745.5,-1.190881729
1745.599976,-1.196651459
1745.700073,-1.189594269
1745.800049,-1.192836761
1745.900024,-1.196699142
1746,-1.199321747
1746.099976,-1.194267273
1746.200073,-1.194601059
1746.300049,-1.192276478
1746.400024,-1.192264557
1746.5,-1.187973022
1746.599976,-1.197748184
1746.700073,-1.19345665
1746.800049,-1.186971188
1746.900024,-1.190166473
1747,-1.185159206
1747.099976,-1.191072464
1747.200073,-1.19679451
1747.300049,-1.193933487
1747.400024,-1.191978455
1747.5,-1.192455292
1747.599976,-1.192979813
1747.700073,-1.192860603
1747.800049,-1.193170547
1747.900024,-1.192836761
1748,-1.18806839
1748.099976,-1.187639236
1748.200073,-1.192455292
1748.300049,-1.194171906
1748.400024,-1.191930771
1748.5,-1.192598343
1748.599976,-1.184491634
1748.700073,-1.181392193
1748.800049,-1.190261841
1748.900024,-1.191310883
1749,-1.187352657
1749.099976,-1.183442593
1749.200073,-1.185051918
1749.300049,-1.183332324
1749.400024,-1.182012081
1749.5,-1.182822704
1749.599976,-1.195220947
1749.700073,-1.184157848
1749.800049,-1.190595627
1749.900024,-1.192216873
1750,-1.188354492
1750.099976,-1.187066555
1750.200073,-1.19011879
1750.300049,-1.18649435
1750.400024,-1.190690994
1750.5,-1.188020706
1750.599976,-1.193742752
1750.700073,-1.186065197
1750.800049,-1.194934845
1750.900024,-1.194076538
1751,-1.192681789
1751.099976,-1.192407608
1751.200073,-1.189308167
1751.300049,-1.187829971
1751.400024,-1.189165115
1751.5,-1.186828136
1751.599976,-1.182918072
1751.700073,-1.18973732
1751.800049,-1.18725729
1751.900024,-1.19383812
1752,-1.190404892
1752.099976,-1.187829971
1752.200073,-1.185779095
1752.300049,-1.185540676
1752.400024,-1.187066555
1752.5,-1.189260483
1752.599976,-1.19178772
1752.700073,-1.190583706
1752.800049,-1.190547943
1752.900024,-1.190738678
1753,-1.183394909
1753.099976,-1.189212799
1753.200073,-1.180915356
1753.300049,-1.189832687
1753.400024,-1.179913998
1753.5,-1.187639236
1753.599976,-1.190595627
1753.700073,-1.185779095
1753.800049,-1.186255932
1753.900024,-1.190011263
1754,-1.194314957
1754.099976,-1.193695068
1754.200073,-1.184396267
1754.300049,-1.186637402
1754.400024,-1.192884445
1754.5,-1.18935585
1754.599976,-1.18353796
1754.700073,-1.189451218
1754.800049,-1.180009365
1754.900024,-1.190071106
1755,-1.186160564
1755.099976,-1.178674221
1755.200073,-1.189308167
1755.300049,-1.18687582
1755.400024,-1.182488918
1755.5,-1.189689636
1755.599976,-1.185636044
1755.700073,-1.185111523
1755.800049,-1.189069748
1755.900024,-1.187161922
1756,-1.187233567
1756.099976,-1.187114239
1756.200073,-1.18558836
1756.300049,-1.184253216
1756.400024,-1.18391943
1756.5,-1.18186903
1756.599976,-1.183394909
1756.700073,-1.182107449
1756.800049,-1.190357208
1756.900024,-1.186017513
1757,-1.182345867
1757.099976,-1.187018871
1757.200073,-1.180104733
1757.300049,-1.174954891
1757.400024,-1.184920788
1757.5,-1.183681011
1757.599976,-1.186041474
1757.700073,-1.188116074
1757.800049,-1.187448025
1757.900024,-1.179961681
1758,-1.186923504
1758.099976,-1.182059765
1758.200073,-1.179580212
1758.300049,-1.181153774
1758.400024,-1.184777737
1758.5,-1.178197384
1758.599976,-1.187496185
1758.700073,-1.184110165
1758.800049,-1.182107449
1758.900024,-1.182679653
1759,-1.186446905
1759.099976,-1.188592911
1759.200073,-1.192407608
1759.300049,-1.187257528
1759.400024,-1.184348583
1759.5,-1.183681011
1759.599976,-1.183573723
1759.700073,-1.183964133
1759.800049,-1.184873104
1759.900024,-1.183728695
1760,-1.181392193
1760.099976,-1.181106091
1760.200073,-1.182965755
1760.300049,-1.177339077
1760.400024,-1.183967113
1760.5,-1.180152416
1760.599976,-1.182345867
1760.700073,-1.172856808
1760.800049,-1.177196026
1760.900024,-1.181582928
1761,-1.177196026
1761.099976,-1.181296825
1761.200073,-1.181725979
1761.300049,-1.180009365
1761.400024,-1.179198742
1761.5,-1.177815914
1761.599976,-1.179341793
1761.700073,-1.168040752
1761.800049,-1.188116074
1761.900024,-1.177720547
1762,-1.177863598
1762.099976,-1.177291393
1762.200073,-1.178781509
1762.300049,-1.17891264
1762.400024,-1.181058407
1762.5,-1.176194668
1762.599976,-1.186017513
1762.700073,-1.178626537
1762.800049,-1.1822505
1762.900024,-1.169757366
1763,-1.186065197
1763.099976,-1.181344509
1763.200073,-1.18058157
1763.300049,-1.18148756
1763.400024,-1.180533886
1763.5,-1.178245068
1763.599976,-1.181821346
1763.700073,-1.175860882
1763.800049,-1.178960323
1763.900024,-1.185683727
1764,-1.18768692
1764.099976,-1.182417512
1764.200073,-1.179961681
1764.300049,-1.176337719
1764.400024,-1.183585644
1764.5,-1.171283245
1764.599976,-1.175908566
1764.700073,-1.17352438
1764.800049,-1.177863598
1764.900024,-1.180152416
1765,-1.176290035
1765.099976,-1.178435802
1765.200073,-1.168612957
1765.300049,-1.177100658
1765.400024,-1.171569347
1765.5,-1.178960323
1765.599976,-1.179151058
1765.700073,-1.176802635
1765.800049,-1.175050259
1765.900024,-1.174048901
1766,-1.171330929
1766.099976,-1.177339077
1766.200073,-1.180390835
1766.300049,-1.177529812
1766.400024,-1.179294109
1766.5,-1.18186903
1766.599976,-1.177339077
1766.700073,-1.180867672
1766.800049,-1.177100658
1766.900024,-1.178102016
1767,-1.173238277
1767.099976,-1.175050259
1767.200073,-1.177720547
1767.300049,-1.173810482
1767.400024,-1.177291393
1767.5,-1.173285961
1767.599976,-1.168660641
1767.700073,-1.171199799
1767.800049,-1.171187878
1767.900024,-1.171664715
1768,-1.176909924
1768.099976,-1.174144268
1768.200073,-1.176766872
1768.300049,-1.172260761
1768.400024,-1.169375896
1768.5,-1.168756008
1768.599976,-1.169900417
1768.700073,-1.17686224
1768.800049,-1.176909924
1768.900024,-1.174001217
1769,-1.175717831
1769.099976,-1.16684866
1769.200073,-1.177958965
1769.300049,-1.17276144
1769.400024,-1.174716473
1769.5,-1.174764156
1769.599976,-1.178674221
1769.700073,-1.177529812
1769.800049,-1.177541733
1769.900024,-1.177148342
1770,-1.176814556
1770.099976,-1.17018652
1770.200073,-1.171617031
1770.300049,-1.177911282
1770.400024,-1.165894985
1770.5,-1.173572063
1770.599976,-1.175956249
1770.700073,-1.171998501
1770.800049,-1.168231487
1770.900024,-1.174716473
1771,-1.171283245
1771.099976,-1.172570705
1771.200073,-1.174048901
1771.300049,-1.172999859
1771.400024,-1.171760082
1771.5,-1.173619747
1771.599976,-1.168851376
1771.700073,-1.173238277
1771.800049,-1.168803692
1771.900024,-1.17071104
1772,-1.172999859
1772.099976,-1.169328213
1772.200073,-1.171807766
1772.300049,-1.166753292
1772.400024,-1.166514874
1772.5,-1.168326855
1772.599976,-1.175717831
1772.700073,-1.175431728
1772.800049,-1.164083004
1772.900024,-1.16312933
1773,-1.170758724
1773.099976,-1.165132046
1773.200073,-1.174621105
1773.300049,-1.178960323
1773.400024,-1.169995785
1773.5,-1.174764156
1773.599976,-1.164464474
1773.700073,-1.167706966
1773.800049,-1.174191952
1773.900024,-1.169852734
1774,-1.170758724
1774.099976,-1.167635441
1774.200073,-1.16737318
1774.300049,-1.162557125
1774.400024,-1.166324139
1774.5,-1.162843227
1774.599976,-1.176814556
1774.700073,-1.164083004
1774.800049,-1.173381329
1774.900024,-1.166514874
1775,-1.172999859
1775.099976,-1.173476696
1775.200073,-1.171319008
1775.300049,-1.168899059
1775.400024,-1.169900417
1775.5,-1.171712399
1775.599976,-1.172570705
1775.700073,-1.169518948
1775.800049,-1.174287319
1775.900024,-1.166896343
1776,-1.162318707
1776.099976,-1.165418148
1776.200073,-1.169614315
1776.300049,-1.161031246
1776.400024,-1.164845943
1776.5,-1.16312933
1776.599976,-1.170424938
1776.700073,-1.170520306
1776.800049,-1.169268608
1776.900024,-1.169471264
1777,-1.166657925
1777.099976,-1.162700176
1777.200073,-1.163939953
1777.300049,-1.164178371
1777.400024,-1.166944027
1777.5,-1.169375896
1777.599976,-1.171426296
1777.700073,-1.163415432
1777.800049,-1.171664715
1777.900024,-1.16851759
1778,-1.162986279
1778.099976,-1.169900417
1778.200073,-1.165132046
1778.300049,-1.164321423
1778.400024,-1.165370464
1778.5,-1.166276455
1778.599976,-1.165751934
1778.700073,-1.165847301
1778.800049,-1.16570425
1778.900024,-1.168708324
1779,-1.160172939
1779.099976,-1.169328213
1779.200073,-1.164845943
1779.300049,-1.165561199
1779.400024,-1.160649776
1779.5,-1.162318707
1779.599976,-1.16646719
1779.700073,-1.16479826
1779.800049,-1.166228771
1779.900024,-1.16684866
1780,-1.164845943
1780.099976,-1.157598019
1780.200073,-1.163606167
1780.300049,-1.167039394
1780.400024,-1.16608572
1780.5,-1.162414074
1780.599976,-1.156453609
1780.700073,-1.165227413
1780.800049,-1.169948101
1780.900024,-1.170377254
1781,-1.161937237
1781.099976,-1.156835079
1781.200073,-1.161508083
1781.300049,-1.164226055
1781.400024,-1.161269665
1781.5,-1.153735638
1781.599976,-1.158456326
1781.700073,-1.162652493
1781.800049,-1.169709682
1781.900024,-1.163987637
1782,-1.162604809
1782.099976,-1.169948101
1782.200073,-1.165751934
1782.300049,-1.162700176
1782.400024,-1.158074856
1782.5,-1.155738354
1782.599976,-1.158849716
1782.700073,-1.161126614
1782.800049,-1.160459042
1782.900024,-1.161126614
1783,-1.156596661
1783.099976,-1.165990353
1783.200073,-1.161603451
1783.300049,-1.162318707
1783.400024,-1.162795544
1783.5,-1.160792828
1783.599976,-1.155213833
1783.700073,-1.152781963
1783.800049,-1.155929089
1783.900024,-1.154069424
1784,-1.163606167
1784.099976,-1.160506725
1784.200073,-1.162843227
1784.300049,-1.165513515
1784.400024,-1.1614604
1784.5,-1.161937237
1784.599976,-1.158885479
1784.700073,-1.165465832
1784.800049,-1.163081646
1784.900024,-1.159314632
1785,-1.162509441
1785.099976,-1.162294865
1785.200073,-1.16403532
1785.300049,-1.163320065
1785.400024,-1.156882763
1785.5,-1.154880047
1785.599976,-1.157538414
1785.700073,-1.159362316
1785.800049,-1.15902853
1785.900024,-1.16441679
1786,-1.161365032
1786.099976,-1.164083004
1786.200073,-1.165751934
1786.300049,-1.16479826
1786.400024,-1.161269665
1786.5,-1.161841869
1786.599976,-1.159338474
1786.700073,-1.158599377
1786.800049,-1.155642986
1786.900024,-1.161412716
1787,-1.156930447
1787.099976,-1.15864706
1787.200073,-1.158504009
1787.300049,-1.155738354
1787.400024,-1.165084362
1787.5,-1.159076214
1787.599976,-1.164273739
1787.700073,-1.159123898
1787.800049,-1.159743786
1787.900024,-1.158265591
1788,-1.156835079
1788.099976,-1.1573596
1788.200073,-1.157645702
1788.300049,-1.159362316
1788.400024,-1.157025814
1788.5,-1.161889553
1788.599976,-1.156930447
1788.700073,-1.160029888
1788.800049,-1.165608883
1788.900024,-1.160137177
1789,-1.157454967
1789.099976,-1.157454967
1789.200073,-1.149682522
1789.300049,-1.15364027
1789.400024,-1.154212475
1789.5,-1.156405926
1789.599976,-1.157121181
1789.700073,-1.156262875
1789.800049,-1.154736996
1789.900024,-1.154355526
1790,-1.156274796
1790.099976,-1.157645702
1790.200073,-1.158360958
1790.300049,-1.158599377
1790.400024,-1.15569067
1790.5,-1.152686596
1790.599976,-1.163987637
1790.700073,-1.147059917
1790.800049,-1.155595303
1790.900024,-1.157931805
1791,-1.154272079
1791.099976,-1.151637554
1791.200073,-1.151923656
1791.300049,-1.14863348
1791.400024,-1.150588512
1791.5,-1.151756763
1791.599976,-1.154260159
1791.700073,-1.153544903
1791.800049,-1.149730206
1791.900024,-1.150540829
1792,-1.154450893
1792.099976,-1.156548977
1792.200073,-1.153449535
1792.300049,-1.151828289
1792.400024,-1.155738354
1792.5,-1.161508083
1792.599976,-1.157788754
1792.700073,-1.147584438
1792.800049,-1.161174297
1792.900024,-1.153783321
1793,-1.15273428
1793.099976,-1.155929089
1793.200073,-1.156644344
1793.300049,-1.153974056
1793.400024,-1.153211117
1793.5,-1.150826931
1793.599976,-1.152114391
1793.700073,-1.150969982
1793.800049,-1.156596661
1793.900024,-1.149205685
1794,-1.157264233
1794.099976,-1.159934521
1794.200073,-1.153926373
1794.300049,-1.155738354
1794.400024,-1.156405926
1794.5,-1.154260159
1794.599976,-1.147870541
1794.700073,-1.151923656
1794.800049,-1.161221981
1794.900024,-1.147012234
1795,-1.150922298
1795.099976,-1.149301052
1795.200073,-1.151113033
1795.300049,-1.152114391
1795.400024,-1.153831005
1795.5,-1.151780605
1795.599976,-1.156262875
1795.700073,-1.146630764
1795.800049,-1.157121181
1795.900024,-1.159934521
1796,-1.147012234
1796.099976,-1.150874615
1796.200073,-1.149670601
1796.300049,-1.149301052
1796.400024,-1.151494503
1796.5,-1.153115749
1796.599976,-1.153258801
1796.700073,-1.153866768
1796.800049,-1.152638912
1796.900024,-1.156453609
1797,-1.145772457
1797.099976,-1.162271023
1797.200073,-1.149205685
1797.300049,-1.152829647
1797.400024,-1.150588512
1797.5,-1.151542187
1797.599976,-1.147584438
1797.700073,-1.143388271
1797.800049,-1.144818783
1797.900024,-1.14696455
1798,-1.147489071
1798.099976,-1.146916866
1798.200073,-1.150063992
1798.300049,-1.153211117
1798.400024,-1.147250652
1798.5,-1.154927731
1798.599976,-1.151542187
1798.700073,-1.151923656
1798.800049,-1.147536755
1798.900024,-1.147489071
1799,-1.147298336
1799.099976,-1.15068388
1799.200073,-1.148871899
1799.300049,-1.153401852
1799.400024,-1.157502651
1799.5,-1.154498577
1799.599976,-1.154355526
1799.700073,-1.151160717
1799.800049,-1.151256084
1799.900024,-1.149634838
1800,-1.150445461
1800.099976,-1.149730206
1800.200073,-1.149491787
1800.300049,-1.149432182
1800.400024,-1.148395061
1800.5,-1.150111675
1800.599976,-1.152925014
1800.700073,-1.150779247
1800.800049,-1.147775173
1800.900024,-1.152019024
1801,-1.144628048
1801.099976,-1.147584438
1801.200073,-1.158694744
1801.300049,-1.139859676
1801.400024,-1.147059917
1801.5,-1.149253368
1801.599976,-1.146392345
1801.700073,-1.152638912
1801.800049,-1.148728848
1801.900024,-1.140431881
1802,-1.148442745
1802.099976,-1.14286375
1802.200073,-1.148585796
1802.300049,-1.151113033
1802.400024,-1.150445461
1802.5,-1.150254726
1802.599976,-1.149444103
1802.700073,-1.146487713
1802.800049,-1.14696455
1802.900024,-1.145343304
1803,-1.148490429
1803.099976,-1.150969982
1803.200073,-1.15068388
1803.300049,-1.148740768
1803.400024,-1.146392345
1803.5,-1.146916866
1803.599976,-1.148204327
1803.700073,-1.148395061
1803.800049,-1.149241447
1803.900024,-1.149777889
1804,-1.145662189
1804.099976,-1.142482281
1804.200073,-1.141147137
1804.300049,-1.144341946
1804.400024,-1.149777889
1804.5,-1.144294262
1804.599976,-1.143054485
1804.700073,-1.151923656
1804.800049,-1.145534039
1804.900024,-1.139955044
1805,-1.147584438
1805.099976,-1.147250652
1805.200073,-1.145772457
1805.300049,-1.142768383
1805.400024,-1.14734602
1805.5,-1.144723415
1805.599976,-1.145998955
1805.700073,-1.146106243
1805.800049,-1.145820141
1805.900024,-1.144055843
1806,-1.147584438
1806.099976,-1.151351452
1806.200073,-1.141814709
1806.300049,-1.138906002
1806.400024,-1.14400816
1806.5,-1.147059917
1806.599976,-1.143674374
1806.700073,-1.140765667
1806.800049,-1.141337872
1806.900024,-1.146106243
1807,-1.145104885
1807.099976,-1.141433239
1807.200073,-1.146058559
1807.300049,-1.148871899
1807.400024,-1.144580364
1807.5,-1.143722057
1807.599976,-1.145104885
1807.700073,-1.146296978
1807.800049,-1.145534039
1807.900024,-1.144198895
1808,-1.144389629
1808.099976,-1.144282341
1808.200073,-1.144580364
1808.300049,-1.143960476
1808.400024,-1.143340588
1808.5,-1.140765667
1808.599976,-1.140098095
1808.700073,-1.143292904
1808.800049,-1.137809277
1808.900024,-1.143722057
1809,-1.137189388
1809.099976,-1.137284756
1809.200073,-1.139680862
1809.300049,-1.144198895
1809.400024,-1.140050411
1809.5,-1.143865108
1809.599976,-1.136855602
1809.700073,-1.143340588
1809.800049,-1.140574932
1809.900024,-1.141290188
1810,-1.133565426
1810.099976,-1.138333797
1810.200073,-1.134376049
1810.300049,-1.137809277
1810.400024,-1.141623974
1810.5,-1.149825573
1810.599976,-1.13785696
1810.700073,-1.144198895
1810.800049,-1.1406703
1810.900024,-1.137380123
1811,-1.133183956
1811.099976,-1.136533737
1811.200073,-1.139430523
1811.300049,-1.136140347
1811.400024,-1.140813351
1811.5,-1.137809277
1811.599976,-1.137570858
1811.700073,-1.141671658
1811.800049,-1.13079977
1811.900024,-1.140431881
1812,-1.136331081
1812.099976,-1.142577648
1812.200073,-1.140527248
1812.300049,-1.143340588
1812.400024,-1.139287472
1812.5,-1.140384197
1812.599976,-1.139633179
1812.700073,-1.141051769
1812.800049,-1.137809277
1812.900024,-1.134757519
1813,-1.135997295
1813.099976,-1.138000011
1813.200073,-1.137284756
1813.300049,-1.136378765
1813.400024,-1.141814709
1813.5,-1.129464626
1813.599976,-1.137094021
1813.700073,-1.130227566
1813.800049,-1.134805202
1813.900024,-1.141433239
1814,-1.133994579
1814.099976,-1.129798412
1814.200073,-1.131133556
1814.300049,-1.126269817
1814.400024,-1.12989378
1814.5,-1.136426449
1814.599976,-1.133708477
1814.700073,-1.135723114
1814.800049,-1.1365695
1814.900024,-1.13618803
1815,-1.137666225
1815.099976,-1.139287472
1815.200073,-1.1386199
1815.300049,-1.138476849
1815.400024,-1.138441086
1815.5,-1.136426449
1815.599976,-1.140241146
1815.700073,-1.132945538
1815.800049,-1.125459194
1815.900024,-1.138810635
1816,-1.126460552
1816.099976,-1.135234356
1816.200073,-1.141671658
1816.300049,-1.131371975
1816.400024,-1.130179882
1816.5,-1.135377407
1816.599976,-1.14119482
1816.700073,-1.139049053
1816.800049,-1.13323164
1816.900024,-1.135091305
1817,-1.126985073
1817.099976,-1.135138988
1817.200073,-1.131515026
1817.300049,-1.134471416
1817.400024,-1.127938747
1817.5,-1.137380123
1817.599976,-1.135329723
1817.700073,-1.131085873
1817.800049,-1.131705761
1817.900024,-1.138143063
1818,-1.125983715
1818.099976,-1.132564068
1818.200073,-1.130895138
1818.300049,-1.132397175
1818.400024,-1.132945538
1818.5,-1.133183956
1818.599976,-1.132039547
1818.700073,-1.131228924
1818.800049,-1.138190746
1818.900024,-1.13323164
1819,-1.128320217
1819.099976,-1.131991863
1819.200073,-1.142529964
1819.300049,-1.131467342
1819.400024,-1.138429165
1819.5,-1.131515026
1819.599976,-1.128558636
1819.700073,-1.134328365
1819.800049,-1.129369259
1819.900024,-1.128892422
1820,-1.130084515
1820.099976,-1.133994579
1820.200073,-1.128320217
1820.300049,-1.134948254
1820.400024,-1.12951231
1820.5,-1.127032757
1820.599976,-1.127366543
1820.700073,-1.121310711
1820.800049,-1.129464626
1820.900024,-1.13785696
1821,-1.128558636
1821.099976,-1.127128124
1821.200073,-1.130513668
1821.300049,-1.129846096
1821.400024,-1.128510952
1821.5,-1.127485752
1821.599976,-1.126269817
1821.700073,-1.125316143
1821.800049,-1.128510952
1821.900024,-1.131324291
1822,-1.131133556
1822.099976,-1.128940105
1822.200073,-1.127414227
1822.300049,-1.128320217
1822.400024,-1.126222134
1822.5,-1.125077724
1822.599976,-1.124076366
1822.700073,-1.12541151
1822.800049,-1.121263027
1822.900024,-1.132754803
1823,-1.125840664
1823.099976,-1.133422375
1823.200073,-1.125745296
1823.300049,-1.129226208
1823.400024,-1.127366543
1823.5,-1.128892422
1823.599976,-1.129261971
1823.700073,-1.129750729
1823.800049,-1.131038189
1823.900024,-1.134566784
1824,-1.132707119
1824.099976,-1.131133556
1824.200073,-1.129559994
1824.300049,-1.127700329
1824.400024,-1.131300449
1824.5,-1.134805202
1824.599976,-1.133136272
1824.700073,-1.127640724
1824.800049,-1.121119976
1824.900024,-1.121501446
1825,-1.124267101
1825.099976,-1.129273891
1825.200073,-1.127652645
1825.300049,-1.121882915
1825.400024,-1.125030041
1825.5,-1.130847454
1825.599976,-1.129798412
1825.700073,-1.124982357
1825.800049,-1.130322933
1825.900024,-1.125888348
1826,-1.124839306
1826.099976,-1.125363827
1826.200073,-1.125173092
1826.300049,-1.122395515
1826.400024,-1.120261669
1826.5,-1.118783474
1826.599976,-1.123837948
1826.700073,-1.127795696
1826.800049,-1.131896496
1826.900024,-1.124553204
1827,-1.119927883
1827.099976,-1.129083157
1827.200073,-1.124982357
1827.300049,-1.129416943
1827.400024,-1.130036831
1827.5,-1.12784338
1827.599976,-1.121406078
1827.700073,-1.118831158
1827.800049,-1.128272533
1827.900024,-1.127271175
1828,-1.124457836
1828.099976,-1.124267101
1828.200073,-1.123075008
1828.300049,-1.12207365
1828.400024,-1.123718739
1828.5,-1.125459194
1828.599976,-1.124267101
1828.700073,-1.12322998
1828.800049,-1.121835232
1828.900024,-1.121358395
1829,-1.121501446
1829.099976,-1.128940105
1829.200073,-1.118926525
1829.300049,-1.130752087
1829.400024,-1.115731716
1829.5,-1.117877483
1829.599976,-1.12207365
1829.700073,-1.12822485
1829.800049,-1.114539623
1829.900024,-1.123504162
1830,-1.12207365
1830.099976,-1.121191502
1830.200073,-1.119451046
1830.300049,-1.119737148
1830.400024,-1.121656418
1830.5,-1.124553204
1830.599976,-1.122884274
1830.700073,-1.12321806
1830.800049,-1.122264385
1830.900024,-1.119999409
1831,-1.117877483
1831.099976,-1.116637707
1831.200073,-1.127318859
1831.300049,-1.116256237
1831.400024,-1.122216702
1831.5,-1.122693539
1831.599976,-1.124839306
1831.700073,-1.119641781
1831.800049,-1.122741222
1831.900024,-1.116494656
1832,-1.118306637
1832.099976,-1.117352962
1832.200073,-1.116494656
1832.300049,-1.118115902
1832.400024,-1.120213985
1832.5,-1.121501446
1832.599976,-1.123694897
1832.700073,-1.115874767
1832.800049,-1.124267101
1832.900024,-1.119784832
1833,-1.118926525
1833.099976,-1.119212627
1833.200073,-1.121358395
1833.300049,-1.120881557
1833.400024,-1.126412868
1833.5,-1.114396572
1833.599976,-1.107911587
1833.700073,-1.120881557
1833.800049,-1.121406078
1833.900024,-1.121835232
1834,-1.118258953
1834.099976,-1.113585949
1834.200073,-1.116399288
1834.300049,-1.119832516
1834.400024,-1.122693539
1834.5,-1.12245512
1834.599976,-1.121215343
1834.700073,-1.121310711
1834.800049,-1.119176865
1834.900024,-1.118306637
1835,-1.115874767
1835.099976,-1.121358395
1835.200073,-1.11911726
1835.300049,-1.115445614
1835.400024,-1.113919735
1835.5,-1.117639065
1835.599976,-1.11539793
1835.700073,-1.114539623
1835.800049,-1.119880199
1835.900024,-1.120452404
1836,-1.12245512
1836.099976,-1.117352962
1836.200073,-1.120118618
1836.300049,-1.118020535
1836.400024,-1.114444256
1836.5,-1.110248089
1836.599976,-1.112107754
1836.700073,-1.115254879
1836.800049,-1.108197689
1836.900024,-1.115254879
1837,-1.122788906
1837.099976,-1.12784338
1837.200073,-1.11706686
1837.300049,-1.114730358
1837.400024,-1.117591381
1837.5,-1.114444256
1837.599976,-1.113109112
1837.700073,-1.120500088
1837.800049,-1.110867977
1837.900024,-1.118115902
1838,-1.11449194
1838.099976,-1.116399288
1838.200073,-1.116590023
1838.300049,-1.118354321
1838.400024,-1.12116766
1838.5,-1.119260311
1838.599976,-1.119403362
1838.700073,-1.112632275
1838.800049,-1.122025967
1838.900024,-1.113633633
1839,-1.117686749
1839.099976,-1.10705328
1839.200073,-1.114062786
1839.300049,-1.119546413
1839.400024,-1.109151363
1839.5,-1.122121334
1839.599976,-1.115207195
1839.700073,-1.114921093
1839.800049,-1.114682674
1839.900024,-1.113585949
1840,-1.11501646
1840.099976,-1.112823009
1840.200073,-1.113299847
1840.300049,-1.111869335
1840.400024,-1.119975567
1840.5,-1.12488699
1840.599976,-1.114682674
1840.700073,-1.116113186
1840.800049,-1.111583233
1840.900024,-1.112870693
1841,-1.119403362
1841.099976,-1.114968777
1841.200073,-1.1116786
1841.300049,-1.114873409
1841.400024,-1.116208553
1841.5,-1.117972851
1841.599976,-1.122598171
1841.700073,-1.118211269
1841.800049,-1.114730358
1841.900024,-1.116113186
1842,-1.11616087
1842.099976,-1.109246731
1842.200073,-1.10333395
1842.300049,-1.116637707
1842.400024,-1.112012386
1842.5,-1.106910229
1842.599976,-1.117686749
1842.700073,-1.112632275
1842.800049,-1.105479717
1842.900024,-1.107673168
1843,-1.106910229
1843.099976,-1.108293056
1843.200073,-1.106194973
1843.300049,-1.111154079
1843.400024,-1.110248089
1843.5,-1.117352962
1843.599976,-1.115493298
1843.700073,-1.109961987
1843.800049,-1.116113186
1843.900024,-1.111583233
1844,-1.115254879
1844.099976,-1.106767178
1844.200073,-1.103620052
1844.300049,-1.111773968
1844.400024,-1.111726284
1844.5,-1.110724926
1844.599976,-1.106242657
1844.700073,-1.114062786
1844.800049,-1.110343456
1844.900024,-1.112823009
1845,-1.108436108
1845.099976,-1.111440182
1845.200073,-1.113204479
1845.300049,-1.113395214
1845.400024,-1.110581875
1845.5,-1.113490582
1845.599976,-1.112763405
1845.700073,-1.11668539
1845.800049,-1.110295773
1845.900024,-1.113633633
1846,-1.109961987
1846.099976,-1.110105038
1846.200073,-1.108102322
1846.300049,-1.105527401
1846.400024,-1.106814861
1846.5,-1.107816219
1846.599976,-1.111249447
1846.700073,-1.112298489
1846.800049,-1.108245373
1846.900024,-1.107339382
1847,-1.110879898
1847.099976,-1.113490582
1847.200073,-1.114444256
1847.300049,-1.112286568
1847.400024,-1.111344814
1847.5,-1.109866619
1847.599976,-1.110200405
1847.700073,-1.108901024
1847.800049,-1.108436108
1847.900024,-1.107100964
1848,-1.108626842
1848.099976,-1.11244154
1848.200073,-1.105575085
1848.300049,-1.108006954
1848.400024,-1.103810787
1848.5,-1.110915661
1848.599976,-1.097230434
1848.700073,-1.108054638
1848.800049,-1.114968777
1848.900024,-1.107816219
1849,-1.106576443
1849.099976,-1.108245373
1849.200073,-1.105813503
1849.300049,-1.104764462
1849.400024,-1.107089043
1849.5,-1.109199047
1849.599976,-1.108579159
1849.700073,-1.101188183
1849.800049,-1.109914303
1849.900024,-1.09870863
1850,-1.112536907
1850.099976,-1.103953838
1850.200073,-1.10743475
1850.300049,-1.111440182
1850.400024,-1.107863903
1850.5,-1.112632275
1850.599976,-1.104669094
1850.700073,-1.107768536
1850.800049,-1.104812145
1850.900024,-1.105956554
1851,-1.105861187
1851.099976,-1.106481075
1851.200073,-1.106194973
1851.300049,-1.107577801
1851.400024,-1.105432034
1851.5,-1.09961462
1851.599976,-1.099137783
1851.700073,-1.102475643
1851.800049,-1.111440182
1851.900024,-1.107720852
1852,-1.105479717
1852.099976,-1.100568295
1852.200073,-1.105670452
1852.300049,-1.099471569
1852.400024,-1.107673168
1852.5,-1.103477001
1852.599976,-1.104096889
1852.700073,-1.10872221
1852.800049,-1.104478359
1852.900024,-1.099900723
1853,-1.102284908
1853.099976,-1.106433392
1853.200073,-1.106445313
1853.300049,-1.108960629
1853.400024,-1.108102322
1853.5,-1.106433392
1853.599976,-1.104478359
1853.700073,-1.102380276
1853.800049,-1.110534191
1853.900024,-1.105432034
1854,-1.111344814
1854.099976,-1.110820293
1854.200073,-1.106576443
1854.300049,-1.103620052
1854.400024,-1.102904797
1854.5,-1.099328518
1854.599976,-1.100997448
1854.700073,-1.104812145
1854.800049,-1.101998806
1854.900024,-1.107005596
1855,-1.104859829
1855.099976,-1.104752541
1855.200073,-1.103381634
1855.300049,-1.103763103
1855.400024,-1.102761745
1855.5,-1.104001522
1855.599976,-1.100759029
1855.700073,-1.104192257
1855.800049,-1.106481075
1855.900024,-1.100091457
1856,-1.095084667
1856.099976,-1.096372128
1856.200073,-1.097468853
1856.300049,-1.104955196
1856.400024,-1.10538435
1856.5,-1.103190899
1856.599976,-1.09794569
1856.700073,-1.108436108
1856.800049,-1.093844891
1856.900024,-1.103286266
1857,-1.100329876
1857.099976,-1.101569653
1857.200073,-1.098815918
1857.300049,-1.09665823
1857.400024,-1.096705914
1857.5,-1.099328518
1857.599976,-1.103190899
1857.700073,-1.100759029
1857.800049,-1.104335308
1857.900024,-1.099280834
1858,-1.102904797
1858.099976,-1.099328518
1858.200073,-1.098851681
1858.300049,-1.099423885
1858.400024,-1.099519253
1858.5,-1.099900723
1858.599976,-1.100675583
1858.700073,-1.100663662
1858.800049,-1.102618694
1858.900024,-1.104287624
1859,-1.105491638
1859.099976,-1.107387066
1859.200073,-1.107673168
1859.300049,-1.100282192
1859.400024,-1.105670452
1859.5,-1.094893932
1859.599976,-1.093654156
1859.700073,-1.101617336
1859.800049,-1.106004238
1859.900024,-1.105479717
1860,-1.105122089
1860.099976,-1.105622768
1860.200073,-1.103381634
1860.300049,-1.097707272
1860.400024,-1.098565578
1860.5,-1.093415737
1860.599976,-1.103620052
1860.700073,-1.096515179
1860.800049,-1.100091457
1860.900024,-1.090411663
1861,-1.096610546
1861.099976,-1.092986584
1861.200073,-1.099042416
1861.300049,-1.102284908
1861.400024,-1.10500288
1861.5,-1.09870863
1861.599976,-1.097278118
1861.700073,-1.101617336
1861.800049,-1.105956554
1861.900024,-1.095799923
1862,-1.100425243
1862.099976,-1.098899364
1862.200073,-1.101271629
1862.300049,-1.103095531
1862.400024,-1.102666378
1862.5,-1.097230434
1862.599976,-1.092414379
1862.700073,-1.104573727
1862.800049,-1.099042416
1862.900024,-1.097754955
1863,-1.107291698
1863.099976,-1.090840816
1863.200073,-1.099662304
1863.300049,-1.098279476
1863.400024,-1.096467495
1863.5,-1.09923315
1863.599976,-1.098660946
1863.700073,-1.094798565
1863.800049,-1.097135067
1863.900024,-1.101426601
1864,-1.094941616
1864.099976,-1.092509747
1864.200073,-1.096610546
1864.300049,-1.095561504
1864.400024,-1.09832716
1864.5,-1.097993374
1864.599976,-1.097993374
1864.700073,-1.099090099
1864.800049,-1.092748165
1864.900024,-1.097230434
1865,-1.094512463
1865.099976,-1.088551998
1865.200073,-1.093225002
1865.300049,-1.100759029
1865.400024,-1.093511105
1865.5,-1.095942974
1865.599976,-1.092223644
1865.700073,-1.096133709
1865.800049,-1.089696407
1865.900024,-1.102857113
1866,-1.093558788
1866.099976,-1.092414379
1866.200073,-1.100949764
1866.300049,-1.090411663
1866.400024,-1.09999609
1866.5,-1.095561504
1866.599976,-1.096992016
1866.700073,-1.09589529
1866.800049,-1.096717834
1866.900024,-1.097611904
1867,-1.096372128
1867.099976,-1.094178677
1867.200073,-1.0949893
1867.300049,-1.096181393
1867.400024,-1.09537077
1867.5,-1.093475342
1867.599976,-1.090411663
1867.700073,-1.091937542
1867.800049,-1.096610546
1867.900024,-1.094703197
1868,-1.101140499
1868.099976,-1.093606472
1868.200073,-1.087836742
1868.300049,-1.091031551
1868.400024,-1.093129635
1868.5,-1.094798565
1868.599976,-1.098565578
1868.700073,-1.091174603
1868.800049,-1.084880352
1868.900024,-1.093558788
1869,-1.093987942
1869.099976,-1.09589529
1869.200073,-1.0970397
1869.300049,-1.093081951
1869.400024,-1.091985226
1869.5,-1.093368053
1869.599976,-1.089410305
1869.700073,-1.098136425
1869.800049,-1.091222286
1869.900024,-1.093272686
1870,-1.091365337
1870.099976,-1.08793211
1870.200073,-1.088981152
1870.300049,-1.088408947
1870.400024,-1.088218212
1870.5,-1.08793211
1870.599976,-1.085977077
1870.700073,-1.091079235
1870.800049,-1.094274044
1870.900024,-1.093940258
1871,-1.0970397
1871.099976,-1.087455273
1871.200073,-1.095180035
1871.300049,-1.086787701
1871.400024,-1.090650082
1871.5,-1.085690975
1871.599976,-1.087121487
1871.700073,-1.087276459
1871.800049,-1.088885784
1871.900024,-1.087407589
1872,-1.086072445
1872.099976,-1.095084667
1872.200073,-1.093177319
1872.300049,-1.085643291
1872.400024,-1.088933468
1872.5,-1.093606472
1872.599976,-1.086930752
1872.700073,-1.092080593
1872.800049,-1.088075161
1872.900024,-1.091079235
1873,-1.094274044
1873.099976,-1.092235565
1873.200073,-1.092271328
1873.300049,-1.091317654
1873.400024,-1.089410305
1873.5,-1.086501598
1873.599976,-1.08755064
1873.700073,-1.086930752
1873.800049,-1.089171886
1873.900024,-1.084451199
1874,-1.086787701
1874.099976,-1.087598324
1874.200073,-1.089457989
1874.300049,-1.096229076
1874.400024,-1.093177319
1874.5,-1.095084667
1874.599976,-1.086406231
1874.700073,-1.087693691
1874.800049,-1.090840816
1874.900024,-1.091842175
1875,-1.090983868
1875.099976,-1.083545208
1875.200073,-1.088885784
1875.300049,-1.084355831
1875.400024,-1.095466137
1875.5,-1.084308147
1875.599976,-1.089648724
1875.700073,-1.089553356
1875.800049,-1.081447124
1875.900024,-1.089267254
1876,-1.082782269
1876.099976,-1.093701839
1876.200073,-1.082829952
1876.300049,-1.084975719
1876.400024,-1.08459425
1876.5,-1.087848663
1876.599976,-1.089457989
1876.700073,-1.092366695
1876.800049,-1.083545208
1876.900024,-1.086596966
1877,-1.085023403
1877.099976,-1.088695049
1877.200073,-1.089934826
1877.300049,-1.089934826
1877.400024,-1.088802338
1877.5,-1.088456631
1877.599976,-1.086883068
1877.700073,-1.088790417
1877.800049,-1.081351757
1877.900024,-1.094464779
1878,-1.082114697
1878.099976,-1.089267254
1878.200073,-1.077584743
1878.300049,-1.087121487
1878.400024,-1.088361263
1878.5,-1.085452557
1878.599976,-1.09665823
1878.700073,-1.084975719
1878.800049,-1.092223644
1878.900024,-1.096753597
1879,-1.081971645
1879.099976,-1.078919888
1879.200073,-1.083735943
1879.300049,-1.093034267
1879.400024,-1.084975719
1879.5,-1.077680111
1879.599976,-1.084928036
1879.700073,-1.086215496
1879.800049,-1.085738659
1879.900024,-1.086740017
1880,-1.085071087
1880.099976,-1.079921246
1880.200073,-1.080922604
1880.300049,-1.082841873
1880.400024,-1.084880352
1880.5,-1.085643291
1880.599976,-1.082102776
1880.700073,-1.07958746
1880.800049,-1.078299999
1880.900024,-1.086740017
1881,-1.083020687
1881.099976,-1.091174603
1881.200073,-1.082210064
1881.300049,-1.079682827
1881.400024,-1.079968929
1881.5,-1.084975719
1881.599976,-1.093749523
1881.700073,-1.086358547
1881.800049,-1.082067013
1881.900024,-1.089076519
1882,-1.086215496
1882.099976,-1.084546566
1882.200073,-1.084022045
1882.300049,-1.082686901
1882.400024,-1.081637859
1882.5,-1.087693691
1882.599976,-1.08960104
1882.700073,-1.085011482
1882.800049,-1.080207348
1882.900024,-1.08254385
1883,-1.081685543
1883.099976,-1.080946445
1883.200073,-1.080207348
1883.300049,-1.079349041
1883.400024,-1.079730511
1883.5,-1.079301357
1883.599976,-1.079325199
1883.700073,-1.07920599
1883.800049,-1.079062939
1883.900024,-1.081637859
1884,-1.079158306
1884.099976,-1.079146385
1884.200073,-1.078490734
1884.300049,-1.077298641
1884.400024,-1.083020687
1884.5,-1.081494808
1884.599976,-1.083545208
1884.700073,-1.083592892
1884.800049,-1.081447124
1884.900024,-1.079682827
1885,-1.078967571
1885.099976,-1.080302715
1885.200073,-1.084403515
1885.300049,-1.081017971
1885.400024,-1.077775478
1885.5,-1.07715559
1885.599976,-1.083259106
1885.700073,-1.081161022
1885.800049,-1.069144726
1885.900024,-1.084260464
1886,-1.076011181
1886.099976,-1.076058865
1886.200073,-1.087121487
1886.300049,-1.072577953
1886.400024,-1.08421278
1886.5,-1.07677412
1886.599976,-1.076058865
1886.700073,-1.080350399
1886.800049,-1.083640575
1886.900024,-1.077012539
1887,-1.082257748
1887.099976,-1.075915813
1887.200073,-1.074962139
1887.300049,-1.076154232
1887.400024,-1.078490734
1887.5,-1.071719646
1887.599976,-1.079253674
1887.700073,-1.074866772
1887.800049,-1.08216238
1887.900024,-1.085166454
1888,-1.082210064
1888.099976,-1.078252316
1888.200073,-1.077298641
1888.300049,-1.072959423
1888.400024,-1.074771404
1888.5,-1.080922604
1888.599976,-1.086215496
1888.700073,-1.075438976
1888.800049,-1.07253027
1888.900024,-1.083211422
1889,-1.079301357
1889.099976,-1.073388577
1889.200073,-1.085071087
1889.300049,-1.073865414
1889.400024,-1.074676037
1889.5,-1.080731869
1889.599976,-1.075820446
1889.700073,-1.080779552
1889.800049,-1.079110622
1889.900024,-1.077131748
1890,-1.073770046
1890.099976,-1.074866772
1890.200073,-1.076631069
1890.300049,-1.076154232
1890.400024,-1.075677395
1890.5,-1.076917171
1890.599976,-1.077203274
1890.700073,-1.078347683
1890.800049,-1.07253027
1890.900024,-1.069669247
1891,-1.076678753
1891.099976,-1.07715559
1891.200073,-1.074103832
1891.300049,-1.076941013
1891.400024,-1.078347683
1891.5,-1.078156948
1891.599976,-1.073770046
1891.700073,-1.072387218
1891.800049,-1.071338177
1891.900024,-1.074056149
1892,-1.072482586
1892.099976,-1.075295925
1892.200073,-1.080827236
1892.300049,-1.072577953
1892.400024,-1.075343609
1892.5,-1.071528912
1892.599976,-1.084880352
1892.700073,-1.074723721
1892.800049,-1.079158306
1892.900024,-1.072959423
1893,-1.073102474
1893.099976,-1.074378014
1893.200073,-1.075963497
1893.300049,-1.07548666
1893.400024,-1.072244167
1893.5,-1.076964855
1893.599976,-1.067666531
1893.700073,-1.07047987
1893.800049,-1.079062939
1893.900024,-1.071862698
1894,-1.080541134
1894.099976,-1.076106548
1894.200073,-1.070670605
1894.300049,-1.073293209
1894.400024,-1.072339535
1894.5,-1.073591232
1894.599976,-1.075438976
1894.700073,-1.073293209
1894.800049,-1.069335461
1894.900024,-1.073579311
1895,-1.061514854
1895.099976,-1.071290493
1895.200073,-1.080922604
1895.300049,-1.071338177
1895.400024,-1.075438976
1895.5,-1.077632427
1895.599976,-1.07305479
1895.700073,-1.068620205
1895.800049,-1.068763256
1895.900024,-1.071528912
1896,-1.067380428
1896.099976,-1.072816372
1896.200073,-1.073531628
1896.300049,-1.07138586
1896.400024,-1.067904949
1896.5,-1.075534344
1896.599976,-1.071195126
1896.700073,-1.069097042
1896.800049,-1.069907665
1896.900024,-1.068238735
1897,-1.07086134
1897.099976,-1.066998959
1897.200073,-1.071290493
1897.300049,-1.073722363
1897.400024,-1.069526196
1897.5,-1.066283703
1897.599976,-1.074676037
1897.700073,-1.075438976
1897.800049,-1.0721488
1897.900024,-1.066712856
1898,-1.071147442
1898.099976,-1.066665173
1898.200073,-1.07138586
1898.300049,-1.07586813
1898.400024,-1.072482586
1898.5,-1.06265974
1898.599976,-1.073722363
1898.700073,-1.067094326
1898.800049,-1.077250957
1898.900024,-1.06342268
1899,-1.066522121
1899.099976,-1.068763256
1899.200073,-1.06919241
1899.300049,-1.068095684
1899.400024,-1.074151516
1899.5,-1.071195126
1899.599976,-1.074532986
1899.700073,-1.069907665
1899.800049,-1.073865414
1899.900024,-1.066522121
1900,-1.067857265
1900.099976,-1.0721488
1900.200073,-1.069859982
1900.300049,-1.067904949
1900.400024,-1.065806866
1900.5,-1.06304121
1900.599976,-1.066903591
1900.700073,-1.068238735
1900.800049,-1.071290493
1900.900024,-1.068858624
1901,-1.065186977
1901.099976,-1.067428112
1901.200073,-1.072721004
1901.300049,-1.065568447
1901.400024,-1.072673321
1901.5,-1.214604378
1901.599976,-1.356440067
1901.700073,-1.363735676
1901.800049,-1.360779285
1901.900024,-1.358156681
1902,-1.355820179
1902.099976,-1.350479603
1902.200073,-1.342802525
1902.300049,-1.359634876
1902.400024,-1.354580402
1902.5,-1.350431919
1902.599976,-1.349907398
1902.700073,-1.351349831
1902.800049,-1.352434635
1902.900024,-1.35262537
1903,-1.351254463
1903.099976,-1.351004124
1903.200073,-1.348953724
1903.300049,-1.350682259
1903.400024,-1.350765705
1903.5,-1.352005482
1903.599976,-1.356010914
1903.700073,-1.352291584
1903.800049,-1.3542943
1903.900024,-1.34928751
1904,-1.348715305
1904.099976,-1.345520496
1904.200073,-1.348190784
1904.300049,-1.343136311
1904.400024,-1.341372013
1904.5,-1.342397213
1904.599976,-1.342087269
1904.700073,-1.342993259
1904.800049,-1.341372013
1904.900024,-1.345234394
1905,-1.355486393
1905.099976,-1.345901966
1905.200073,-1.352911472
1905.300049,-1.342039585
1905.400024,-1.348286152
1905.5,-1.346045017
1905.599976,-1.344757557
1905.700073,-1.340370655
1905.800049,-1.348095417
1905.900024,-1.34017992
1906,-1.34389925
1906.099976,-1.346807957
1906.200073,-1.347952366
1906.300049,-1.345758915
1906.400024,-1.343946934
1906.5,-1.339941502
1906.599976,-1.353722095
1906.700073,-1.342039585
1906.800049,-1.348476887
1906.900024,-1.337843418
1907,-1.343946934
1907.099976,-1.344662189
1907.200073,-1.341372013
1907.300049,-1.338224888
1907.400024,-1.336174488
1907.5,-1.339130878
1907.599976,-1.340513706
1907.700073,-1.334934711
1907.800049,-1.346664906
1907.900024,-1.337318897
1908,-1.334267139
1908.099976,-1.338415623
1908.200073,-1.339464664
1908.300049,-1.340132236
1908.400024,-1.338177204
1908.5,-1.33646059
1908.599976,-1.336508274
1908.700073,-1.34094286
1908.800049,-1.338606358
1908.900024,-1.335220814
1909,-1.337271214
1909.099976,-1.334457874
1909.200073,-1.331692219
1909.300049,-1.334410191
1909.400024,-1.335268497
1909.5,-1.335649967
1909.599976,-1.341419697
1909.700073,-1.340370655
1909.800049,-1.339047432
1909.900024,-1.336603642
1910,-1.337795734
1910.099976,-1.335030079
1910.200073,-1.334839344
1910.300049,-1.331406116
1910.400024,-1.333694935
1910.5,-1.332169056
1910.599976,-1.332502842
1910.700073,-1.333432674
1910.800049,-1.334457874
1910.900024,-1.334600925
1911,-1.334553242
1911.099976,-1.334839344
1911.200073,-1.329164982
1911.300049,-1.336031437
1911.400024,-1.331978321
1911.5,-1.333933353
1911.599976,-1.322823048
1911.700073,-1.332598209
1911.800049,-1.328020573
1911.900024,-1.335220814
1912,-1.330261707
1912.099976,-1.331644535
1912.200073,-1.324205875
1912.300049,-1.333170414
1912.400024,-1.329021931
1912.5,-1.32439661
1912.599976,-1.329546452
1912.700073,-1.330976963
1912.800049,-1.330881596
1912.900024,-1.328306675
1913,-1.327305317
1913.099976,-1.331692219
1913.200073,-1.332598209
1913.300049,-1.32477808
1913.400024,-1.324921131
1913.5,-1.327245712
1913.599976,-1.329975605
1913.700073,-1.329308033
1913.800049,-1.320391178
1913.900024,-1.333265781
1914,-1.325064182
1914.099976,-1.329880238
1914.200073,-1.318293095
1914.300049,-1.329498768
1914.400024,-1.320724964
1914.5,-1.326733112
1914.599976,-1.317053318
1914.700073,-1.324825764
1914.800049,-1.322107792
1914.900024,-1.324432373
1915,-1.323633671
1915.099976,-1.322951198
1915.200073,-1.322974294
1915.300049,-1.322775364
1915.400024,-1.322536945
1915.5,-1.322739601
1915.599976,-1.32144022
1915.700073,-1.324205875
1915.800049,-1.329594135
1915.900024,-1.329117298
1916,-1.323252201
1916.099976,-1.322632313
1916.200073,-1.326637745
1916.300049,-1.325541019
1916.400024,-1.320486546
1916.5,-1.320581913
1916.599976,-1.322870731
1916.700073,-1.324253559
1916.800049,-1.319675922
1916.900024,-1.32234621
1917,-1.32606554
1917.099976,-1.321917057
1917.200073,-1.321392536
1917.300049,-1.322966099
1917.400024,-1.317244053
1917.5,-1.325111866
1917.599976,-1.320915699
1917.700073,-1.31938982
1917.800049,-1.316576481
1917.900024,-1.317863941
1918,-1.314716816
1918.099976,-1.316349983
1918.200073,-1.315908909
1918.300049,-1.316910267
1918.400024,-1.313429356
1918.5,-1.322298527
1918.599976,-1.317577839
1918.700073,-1.321297169
1918.800049,-1.315813541
1918.900024,-1.322155476
1919,-1.316910267
1919.099976,-1.316481113
1919.200073,-1.316195011
1919.300049,-1.315432072
1919.400024,-1.315956593
1919.5,-1.316719532
1919.599976,-1.316516876
1919.700073,-1.317291737
1919.800049,-1.316099644
1919.900024,-1.318245411
1920,-1.315718174
1920.099976,-1.318722248
1920.200073,-1.320915699
1920.300049,-1.317625523
1920.400024,-1.318865299
1920.5,-1.318626881
1920.599976,-1.311283112
1920.700073,-1.318197727
1920.800049,-1.309804916
1920.900024,-1.31772089
1921,-1.31810236
1921.099976,-1.315479755
1921.200073,-1.314430714
1921.300049,-1.314049244
1921.400024,-1.314466476
1921.5,-1.314478397
1921.599976,-1.314907551
1921.700073,-1.315765858
1921.800049,-1.315622807
1921.900024,-1.314192176
1922,-1.313810825
1922.099976,-1.311569214
1922.200073,-1.313655734
1922.300049,-1.314144611
1922.400024,-1.315098286
1922.5,-1.309280396
1922.599976,-1.312332153
1922.700073,-1.321869373
1922.800049,-1.306753159
1922.900024,-1.314430714
1923,-1.319199085
1923.099976,-1.317673206
1923.200073,-1.305179596
1923.300049,-1.308422089
1923.400024,-1.315813541
1923.5,-1.309900284
1923.599976,-1.3078022
1923.700073,-1.316385746
1923.800049,-1.309232712
1923.900024,-1.301412582
1924,-1.311092377
1924.099976,-1.311950684
1924.200073,-1.308660507
1924.300049,-1.314287663
1924.400024,-1.30484581
1924.5,-1.315432072
1924.599976,-1.30947113
1924.700073,-1.302080154
1924.800049,-1.308612823
1924.900024,-1.315718174
1925,-1.302032471
1925.099976,-1.299648285
1925.200073,-1.308755875
1925.300049,-1.311903
1925.400024,-1.31023407
1925.5,-1.305942535
1925.599976,-1.304273605
1925.700073,-1.312475204
1925.800049,-1.310853958
1925.900024,-1.30279541
1926,-1.305036545
1926.099976,-1.300172806
1926.200073,-1.30241394
1926.300049,-1.30856514
1926.400024,-1.30188942
1926.5,-1.304130554
1926.599976,-1.302175522
1926.700073,-1.307086945
1926.800049,-1.30522728
1926.900024,-1.300792694
1927,-1.299791336
1927.099976,-1.30241394
1927.200073,-1.301555634
1927.300049,-1.300029755
1927.400024,-1.305704117
1927.5,-1.297454834
1927.599976,-1.303749084
1927.700073,-1.30355835
1927.800049,-1.303462982
1927.900024,-1.300637722
1928,-1.299600601
1928.099976,-1.295928955
1928.200073,-1.298789978
1928.300049,-1.296787262
1928.400024,-1.300888062
1928.5,-1.304798126
1928.599976,-1.30317688
1928.700073,-1.30022049
1928.800049,-1.302556992
1928.900024,-1.299695969
1929,-1.302652359
1929.099976,-1.299409866
1929.200073,-1.297597885
1929.300049,-1.29650116
1929.400024,-1.299028397
1929.5,-1.295976639
1929.599976,-1.300554276
1929.700073,-1.296262741
1929.800049,-1.30613327
1929.900024,-1.29740715
1930,-1.304035187
1930.099976,-1.301698685
1930.200073,-1.295785904
1930.300049,-1.305036545
1930.400024,-1.286058426
1930.5,-1.30484581
1930.599976,-1.2911129
1930.700073,-1.295213699
1930.800049,-1.296787262
1930.900024,-1.299886703
1931,-1.289300919
1931.099976,-1.294689178
1931.200073,-1.302223206
1931.300049,-1.295213699
1931.400024,-1.297311783
1931.5,-1.29573822
1931.599976,-1.292161942
1931.700073,-1.295499802
1931.800049,-1.298360825
1931.900024,-1.292495728
1932,-1.299695969
1932.099976,-1.297454834
1932.200073,-1.296358109
1932.300049,-1.291017532
1932.400024,-1.296548843
1932.5,-1.293401718
1932.599976,-1.292257309
1932.700073,-1.290588379
1932.800049,-1.292364597
1932.900024,-1.293735504
1933,-1.292877197
1933.099976,-1.291399002
1933.200073,-1.292829514
1933.300049,-1.293592453
1933.400024,-1.293449402
1933.5,-1.29149437
1933.599976,-1.285867691
1933.700073,-1.286725998
1933.800049,-1.288633347
1933.900024,-1.286892891
1934,-1.28663063
1934.099976,-1.288460493
1934.200073,-1.290206909
1934.300049,-1.290111542
1934.400024,-1.292686462
1934.5,-1.290254593
1934.599976,-1.287739277
1934.700073,-1.28443718
1934.800049,-1.283578873
1934.900024,-1.283972263
1935,-1.283912659
1935.099976,-1.283960342
1935.200073,-1.285057068
1935.300049,-1.285378933
1935.400024,-1.285280585
1935.5,-1.285009384
1935.599976,-1.285676956
1935.700073,-1.287298203
1935.800049,-1.287727356
1935.900024,-1.288204193
1936,-1.288728714
1936.099976,-1.280527115
1936.200073,-1.28572464
1936.300049,-1.293067932
1936.400024,-1.282482147
1936.5,-1.289825439
1936.599976,-1.284294128
1936.700073,-1.286392212
1936.800049,-1.288108826
1936.900024,-1.291303635
1937,-1.290719509
1937.099976,-1.291446686
1937.200073,-1.287509799
1937.300049,-1.283006668
1937.400024,-1.284866333
1937.5,-1.284818649
1937.599976,-1.286725998
1937.700073,-1.284675598
1937.800049,-1.282815933
1937.900024,-1.28572464
1938,-1.283102036
1938.099976,-1.28534317
1938.200073,-1.280050278
1938.300049,-1.28238678
1938.400024,-1.281290054
1938.5,-1.27866745
1938.599976,-1.288585663
1938.700073,-1.284008026
1938.800049,-1.28033638
1938.900024,-1.27571106
1939,-1.283340454
1939.099976,-1.280765533
1939.200073,-1.277284622
1939.300049,-1.280527115
1939.400024,-1.281480789
1939.5,-1.280241013
1939.599976,-1.280145645
1939.700073,-1.278810501
1939.800049,-1.275997162
1939.900024,-1.275472641
1940,-1.284198761
1940.099976,-1.280384064
1940.200073,-1.274805069
1940.300049,-1.28405571
1940.400024,-1.278572083
1940.5,-1.274995804
1940.599976,-1.285820007
1940.700073,-1.282958984
1940.800049,-1.27866745
1940.900024,-1.286773682
1941,-1.275806427
1941.099976,-1.278619766
1941.200073,-1.278190613
1941.300049,-1.276569366
1941.400024,-1.273231506
1941.5,-1.276950836
1941.599976,-1.278381348
1941.700073,-1.277403831
1941.800049,-1.276807785
1941.900024,-1.27597928
1942,-1.274995804
1942.099976,-1.274709702
1942.200073,-1.275281906
1942.300049,-1.27904892
1942.400024,-1.278190613
1942.5,-1.277618408
1942.599976,-1.277570724
1942.700073,-1.275663376
1942.800049,-1.275091171
1942.900024,-1.27904892
1943,-1.277856827
1943.099976,-1.273946762
1943.200073,-1.277809143
1943.300049,-1.27289772
1943.400024,-1.275424957
1943.5,-1.274280548
1943.599976,-1.271848679
1943.700073,-1.271562576
1943.800049,-1.272706985
1943.900024,-1.27096653
1944,-1.270418167
1944.099976,-1.269178391
1944.200073,-1.269893646
1944.300049,-1.277475357
1944.400024,-1.263837814
1944.5,-1.277856827
1944.599976,-1.26789093
1944.700073,-1.268129349
1944.800049,-1.273422241
1944.900024,-1.269464493
1945,-1.273231506
1945.099976,-1.268939972
1945.200073,-1.277284622
1945.300049,-1.268510818
1945.400024,-1.276044846
1945.5,-1.271657944
1945.599976,-1.272850037
1945.700073,-1.271419525
1945.800049,-1.273124218
1945.900024,-1.275281906
1946,-1.272945404
1946.099976,-1.273326874
1946.200073,-1.270775795
1946.300049,-1.267271042
1946.400024,-1.26955986
1946.5,-1.273994446
1946.599976,-1.27532959
1946.700073,-1.269655228
1946.800049,-1.27161026
1946.900024,-1.269702911
1947,-1.270513535
1947.099976,-1.270227432
1947.200073,-1.270513535
1947.300049,-1.273231506
1947.400024,-1.271562576
1947.5,-1.27289772
1947.599976,-1.2703228
1947.700073,-1.272373199
1947.800049,-1.271038055
1947.900024,-1.267318726
1948,-1.259593964
1948.099976,-1.272134781
1948.200073,-1.264266968
1948.300049,-1.267604828
1948.400024,-1.267795563
1948.5,-1.267604828
1948.599976,-1.266925335
1948.700073,-1.266555786
1948.800049,-1.265745163
1948.900024,-1.268844604
1949,-1.272230148
1949.099976,-1.263122559
1949.200073,-1.259355545
1949.300049,-1.265411377
1949.400024,-1.262121201
1949.5,-1.263456345
1949.599976,-1.2641716
1949.700073,-1.255779266
1949.800049,-1.27623558
1949.900024,-1.267175674
1950,-1.258449554
1950.099976,-1.268701553
1950.200073,-1.270132065
1950.300049,-1.266794205
1950.400024,-1.2672472
1950.5,-1.266794205
1950.599976,-1.265268326
1950.700073,-1.260166168
1950.800049,-1.269989014
1950.900024,-1.264696121
1951,-1.26584053
1951.099976,-1.265482903
1951.200073,-1.264314651
1951.300049,-1.267080307
1951.400024,-1.264982224
1951.5,-1.2641716
1951.599976,-1.267938614
1951.700073,-1.262073517
1951.800049,-1.266746521
1951.900024,-1.266126633
1952,-1.266269684
1952.099976,-1.265220642
1952.200073,-1.26698494
1952.300049,-1.261787415
1952.400024,-1.258211136
1952.5,-1.263837814
1952.599976,-1.267032623
1952.700073,-1.26250267
1952.800049,-1.25582695
1952.900024,-1.253156662
1953,-1.258401871
1953.099976,-1.267938614
1953.200073,-1.260213852
1953.300049,-1.25544548
1953.400024,-1.260023117
1953.5,-1.257400513
1953.599976,-1.256160736
1953.700073,-1.259737015
1953.800049,-1.258926392
1953.900024,-1.259689331
1954,-1.251630783
1954.099976,-1.264791489
1954.200073,-1.25878334
1954.300049,-1.258544922
1954.400024,-1.258056164
1954.5,-1.25620842
1954.599976,-1.258687973
1954.700073,-1.252298355
1954.800049,-1.260643005
1954.900024,-1.256971359
1955,-1.263647079
1955.099976,-1.255540848
1955.200073,-1.260738373
1955.300049,-1.25620842
1955.400024,-1.252298355
1955.5,-1.256685257
1955.599976,-1.264791489
1955.700073,-1.260929108
1955.800049,-1.251249313
1955.900024,-1.247243881
1956,-1.25453949
1956.099976,-1.249389648
1956.200073,-1.254730225
1956.300049,-1.253395081
1956.400024,-1.257686615
1956.5,-1.257638931
1956.599976,-1.256041527
1956.700073,-1.254730225
1956.800049,-1.257311106
1956.900024,-1.259498596
1957,-1.258974075
1957.099976,-1.257781982
1957.200073,-1.256160736
1957.300049,-1.256494522
1957.400024,-1.249437332
1957.5,-1.257066727
1957.599976,-1.252012253
1957.700073,-1.249389648
1957.800049,-1.256446838
1957.900024,-1.253442764
1958,-1.256685257
1958.099976,-1.255064011
1958.200073,-1.252441406
1958.300049,-1.254491806
1958.400024,-1.256780624
1958.5,-1.255493164
1958.599976,-1.252393723
1958.700073,-1.252346039
1958.800049,-1.251296997
1958.900024,-1.24786377
1959,-1.249961853
1959.099976,-1.255254745
1959.200073,-1.249866486
1959.300049,-1.258211136
1959.400024,-1.251773834
1959.5,-1.2433815
1959.599976,-1.246242523
1959.700073,-1.253299713
1959.800049,-1.245384216
1959.900024,-1.248531342
1960,-1.249723434
1960.099976,-1.256399155
1960.200073,-1.25582695
1960.300049,-1.248960495
1960.400024,-1.249723434
1960.5,-1.246373653
1960.599976,-1.239900589
1960.700073,-1.246910095
1960.800049,-1.253204346
1960.900024,-1.243906021
1961,-1.24171257
1961.099976,-1.2454319
1961.200073,-1.251630783
1961.300049,-1.250152588
1961.400024,-1.248483658
1961.5,-1.2495327
1961.599976,-1.248102188
1961.700073,-1.247124672
1961.800049,-1.245527267
1961.900024,-1.245336533
1962,-1.250724792
1962.099976,-1.254348755
1962.200073,-1.244668961
1962.300049,-1.244239807
1962.400024,-1.249580383
1962.5,-1.240377426
1962.599976,-1.249580383
1962.700073,-1.248912811
1962.800049,-1.24247551
1962.900024,-1.241998672
1963,-1.2433815
1963.099976,-1.247005463
1963.200073,-1.242046356
1963.300049,-1.246480942
1963.400024,-1.242523193
1963.5,-1.247959137
1963.599976,-1.247768402
1963.700073,-1.240711212
1963.800049,-1.239471436
1963.900024,-1.247720718
1964,-1.246433258
1964.099976,-1.241760254
1964.200073,-1.246623993
1964.300049,-1.249246597
1964.400024,-1.244573593
1964.5,-1.245145798
1964.599976,-1.246051788
1964.700073,-1.24004364
1964.800049,-1.242380142
1964.900024,-1.246051788
1965,-1.244525909
1965.099976,-1.2433815
1965.200073,-1.244430542
1965.300049,-1.24581337
1965.400024,-1.242332458
1965.5,-1.24710083
1965.599976,-1.247780323
1965.700073,-1.250391006
1965.800049,-1.245422959
1965.900024,-1.241617203
1966,-1.241903305
1966.099976,-1.241903305
1966.200073,-1.244335175
1966.300049,-1.250724792
1966.400024,-1.248960495
1966.5,-1.246147156
1966.599976,-1.2454319
1966.700073,-1.235942841
1966.800049,-1.241569519
1966.900024,-1.235132217
1967,-1.247720718
1967.099976,-1.246290207
1967.200073,-1.244430542
1967.300049,-1.241378784
1967.400024,-1.242332458
1967.5,-1.239280701
1967.599976,-1.240377426
1967.700073,-1.250343323
1967.800049,-1.245765686
1967.900024,-1.237564087
1968,-1.236276627
1968.099976,-1.24376297
1968.200073,-1.244955063
1968.300049,-1.241092682
1968.400024,-1.236991882
1968.5,-1.238660812
1968.599976,-1.24004364
1968.700073,-1.243286133
1968.800049,-1.238183975
1968.900024,-1.24004364
1969,-1.237277985
1969.099976,-1.235847473
1969.200073,-1.240186691
1969.300049,-1.237182617
1969.400024,-1.231031418
1969.5,-1.234130859
1969.599976,-1.238517761
1969.700073,-1.239042282
1969.800049,-1.232557297
1969.900024,-1.242904663
1970,-1.238136292
1970.099976,-1.245622635
1970.200073,-1.237564087
1970.300049,-1.238040924
1970.400024,-1.238422394
1970.5,-1.234941483
1970.599976,-1.22592926
1970.700073,-1.22836113
1970.800049,-1.235227585
1970.900024,-1.240901947
1971,-1.231842041
1971.099976,-1.235942841
1971.200073,-1.234416962
1971.300049,-1.236932278
1971.400024,-1.238088608
1971.5,-1.239280701
1971.599976,-1.229124069
1971.700073,-1.231937408
1971.800049,-1.234703064
1971.900024,-1.239852905
1972,-1.237897873
1972.099976,-1.235704422
1972.200073,-1.232271194
1972.300049,-1.230792999
1972.400024,-1.224498749
1972.5,-1.22759819
1972.599976,-1.226394176
1972.700073,-1.226406097
1972.800049,-1.227073669
1972.900024,-1.232843399
1973,-1.229791641
1973.099976,-1.2246418
1973.200073,-1.228027344
1973.300049,-1.232032776
1973.400024,-1.231603622
1973.5,-1.230888367
1973.599976,-1.227312088
1973.700073,-1.224164963
1973.800049,-1.227610111
1973.900024,-1.228837967
1974,-1.230125427
1974.099976,-1.234560013
1974.200073,-1.228408813
1974.300049,-1.232795715
1974.400024,-1.229124069
1974.5,-1.227645874
1974.599976,-1.231794357
1974.700073,-1.232891083
1974.800049,-1.226930618
1974.900024,-1.225976944
1975,-1.218204498
1975.099976,-1.236038208
1975.200073,-1.219587326
1975.300049,-1.230745316
1975.400024,-1.234416962
1975.5,-1.223592758
1975.599976,-1.22926712
1975.700073,-1.223020554
1975.800049,-1.218156815
1975.900024,-1.228456497
1976,-1.233510971
1976.099976,-1.226215363
1976.200073,-1.228206158
1976.300049,-1.226787567
1976.400024,-1.22631073
1976.5,-1.222400665
1976.599976,-1.217679977
1976.700073,-1.225404739
1976.800049,-1.228504181
1976.900024,-1.226453781
1977,-1.222686768
1977.099976,-1.227121353
1977.200073,-1.218204498
1977.300049,-1.223497391
1977.400024,-1.226644516
1977.5,-1.221971512
1977.599976,-1.22220993
1977.700073,-1.226358414
1977.800049,-1.227025986
1977.900024,-1.227347851
1978,-1.227502823
1978.099976,-1.228504181
1978.200073,-1.223068237
1978.300049,-1.215820313
1978.400024,-1.222448349
1978.5,-1.230602264
1978.599976,-1.223020554
1978.700073,-1.218776703
1978.800049,-1.225547791
1978.900024,-1.219539642
1979,-1.216869354
1979.099976,-1.222162247
1979.200073,-1.226167679
1979.300049,-1.228933334
1979.400024,-1.219778061
1979.5,-1.225738525
1979.599976,-1.222448349
1979.700073,-1.224975586
1979.800049,-1.223115921
1979.900024,-1.226263046
1980,-1.22092247
1980.099976,-1.219348907
1980.200073,-1.216917038
1980.300049,-1.219921112
1980.400024,-1.228837967
1980.5,-1.217918396
1980.599976,-1.221828461
1980.700073,-1.223735809
1980.800049,-1.225452423
1980.900024,-1.229791641
1981,-1.221637726
1981.099976,-1.216058731
1981.200073,-1.215581894
1981.300049,-1.221542358
1981.400024,-1.227407455
1981.5,-1.224784851
1981.599976,-1.219205856
1981.700073,-1.221065521
1981.800049,-1.219778061
1981.900024,-1.216583252
1982,-1.214532852
1982.099976,-1.222925186
1982.200073,-1.220159531
1982.300049,-1.22335434
1982.400024,-1.222352982
1982.5,-1.221411228
1982.599976,-1.220064163
1982.700073,-1.219873428
1982.800049,-1.217048168
1982.900024,-1.217808127
1983,-1.216917038
1983.099976,-1.217393875
1983.200073,-1.219444275
1983.300049,-1.221590042
1983.400024,-1.211862564
1983.5,-1.217298508
1983.599976,-1.222734451
1983.700073,-1.216583252
1983.800049,-1.217393875
1983.900024,-1.214199066
1984,-1.221113205
1984.099976,-1.217441559
1984.200073,-1.215343475
1984.300049,-1.223592758
1984.400024,-1.219158173
1984.5,-1.221446991
1984.599976,-1.21090889
1984.700073,-1.211290359
1984.800049,-1.21489048
1984.900024,-1.22092247
1985,-1.216440201
1985.099976,-1.219015121
1985.200073,-1.213436127
1985.300049,-1.216154099
1985.400024,-1.215724945
1985.5,-1.217060089
1985.599976,-1.218061447
1985.700073,-1.222639084
1985.800049,-1.213245392
1985.900024,-1.208095551
1986,-1.211957932
1986.099976,-1.219301224
1986.200073,-1.219778061
1986.300049,-1.215677261
1986.400024,-1.212434769
1986.5,-1.21052742
1986.599976,-1.215295792
1986.700073,-1.207475662
1986.800049,-1.218729019
1986.900024,-1.208524704
1987,-1.213769913
1987.099976,-1.214962006
1987.200073,-1.21424675
1987.300049,-1.212911606
1987.400024,-1.211051941
1987.5,-1.212434769
1987.599976,-1.21963501
1987.700073,-1.211099625
1987.800049,-1.218490601
1987.900024,-1.217489243
1988,-1.215248108
1988.099976,-1.212387085
1988.200073,-1.213388443
1988.300049,-1.213436127
1988.400024,-1.207857132
1988.5,-1.211087704
1988.599976,-1.211147308
1988.700073,-1.210798621
1988.800049,-1.210765839
1988.900024,-1.210193634
1989,-1.208620071
1989.099976,-1.213293076
1989.200073,-1.207809448
1989.300049,-1.213150024
1989.400024,-1.208810806
1989.5,-1.209287643
1989.599976,-1.210992336
1989.700073,-1.212625504
1989.800049,-1.213245392
1989.900024,-1.210861206
1990,-1.210289001
1990.099976,-1.211099625
1990.200073,-1.21104002
1990.300049,-1.214008331
1990.400024,-1.208763123
1990.5,-1.213293076
1990.599976,-1.215438843
1990.700073,-1.203041077
1990.800049,-1.211194992
1990.900024,-1.207141876
1991,-1.202468872
1991.099976,-1.210002899
1991.200073,-1.214103699
1991.300049,-1.210670471
1991.400024,-1.210432053
1991.5,-1.212244034
1991.599976,-1.21014595
1991.700073,-1.211910248
1991.800049,-1.200656891
1991.900024,-1.204471588
1992,-1.209669113
1992.099976,-1.204519272
1992.200073,-1.208524704
1992.300049,-1.215295792
1992.400024,-1.207332611
1992.5,-1.212720871
1992.599976,-1.21925354
1992.700073,-1.209716797
1992.800049,-1.207761765
1992.900024,-1.209335327
1993,-1.215105057
1993.099976,-1.205615997
1993.200073,-1.197557449
1993.300049,-1.212244034
1993.400024,-1.203899384
1993.5,-1.203231812
1993.599976,-1.212816238
1993.700073,-1.206521988
1993.800049,-1.20013237
1993.900024,-1.21348381
1994,-1.211957932
1994.099976,-1.210992336
1994.200073,-1.207714081
1994.300049,-1.210813522
1994.400024,-1.2018013
1994.5,-1.208190918
1994.599976,-1.210384369
1994.700073,-1.207761765
1994.800049,-1.207427979
1994.900024,-1.201753616
1995,-1.205329895
1995.099976,-1.201515198
1995.200073,-1.212863922
1995.300049,-1.201896667
1995.400024,-1.207427979
1995.5,-1.21052742
1995.599976,-1.209764481
1995.700073,-1.209621429
1995.800049,-1.209001541
1995.900024,-1.209192276
1996,-1.213531494
1996.099976,-1.214580536
1996.200073,-1.20757103
1996.300049,-1.209430695
1996.400024,-1.207427979
1996.5,-1.205091476
1996.599976,-1.204519272
1996.700073,-1.20757103
1996.800049,-1.206283569
1996.900024,-1.2043643
1997,-1.201324463
1997.099976,-1.202278137
1997.200073,-1.202659607
1997.300049,-1.211338043
1997.400024,-1.207094193
1997.5,-1.198749542
1997.599976,-1.212005615
1997.700073,-1.20718956
1997.800049,-1.199655533
1997.900024,-1.204471588
1998,-1.202611923
1998.099976,-1.203565598
1998.200073,-1.199655533
1998.300049,-1.201658249
1998.400024,-1.202707291
1998.5,-1.202135086
1998.599976,-1.201324463
1998.700073,-1.201705933
1998.800049,-1.202588081
1998.900024,-1.203136444
1999,-1.204185486
1999.099976,-1.208667755
1999.200073,-1.199607849
1999.300049,-1.210670471
1999.400024,-1.203899384
1999.5,-1.201610565
1999.599976,-1.194839478
1999.700073,-1.20347023
1999.800049,-1.197128296
1999.900024,-1.202898026
2000,-1.196889877
2000.099976,-1.202516556
2000.200073,-1.203041077
2000.300049,-1.204710007
2000.400024,-1.205854416
2000.5,-1.201705933
2000.599976,-1.20051384
2000.700073,-1.19897604
2000.800049,-1.196985245
2000.900024,-1.196699142
2001,-1.201992035
2001.099976,-1.206951141
2001.200073,-1.204042435
2001.300049,-1.19679451
2001.400024,-1.194696426
2001.5,-1.197652817
2001.599976,-1.199274063
2001.700073,-1.201944351
2001.800049,-1.202421188
2001.900024,-1.198320389
2002,-1.193122864
2002.099976,-1.201086044
2002.200073,-1.204042435
2002.300049,-1.201562881
2002.400024,-1.198511124
2002.5,-1.20013237
2002.599976,-1.201038361
2002.700073,-1.199417114
2002.800049,-1.191358566
2002.900024,-1.198415756
2003,-1.190595627
2003.099976,-1.197128296
2003.200073,-1.196889877
2003.300049,-1.197891235
2003.400024,-1.191883087
2003.5,-1.195316315
2003.599976,-1.197795868
2003.700073,-1.19307518
2003.800049,-1.194791794
2003.900024,-1.19383812
2004,-1.19474411
2004.099976,-1.192741394
2004.200073,-1.195316315
2004.300049,-1.199464798
2004.400024,-1.196699142
2004.5,-1.197605133
2004.599976,-1.190977097
2004.700073,-1.190929413
2004.800049,-1.199893951
2004.900024,-1.191453934
2005,-1.20256424
2005.099976,-1.194887161
2005.200073,-1.193933487
2005.300049,-1.190786362
2005.400024,-1.196889877
2005.5,-1.199846268
2005.599976,-1.190547943
2005.700073,-1.192502975
2005.800049,-1.190738678
2005.900024,-1.197557449
2006,-1.187973022
2006.099976,-1.200799942
2006.200073,-1.193218231
2006.300049,-1.194887161
2006.400024,-1.188354492
2006.5,-1.190929413
2006.599976,-1.193027496
2006.700073,-1.196365356
2006.800049,-1.197748184
2006.900024,-1.195888519
2007,-1.194934845
2007.099976,-1.194505692
2007.200073,-1.194601059
2007.300049,-1.194434166
2007.400024,-1.194171906
2007.5,-1.194458008
2007.599976,-1.192681789
2007.700073,-1.191215515
2007.800049,-1.190881729
2007.900024,-1.192502975
2008,-1.193122864
2008.099976,-1.193647385
2008.200073,-1.195459366
2008.300049,-1.194124222
2008.400024,-1.192216873
2008.5,-1.188783646
2008.599976,-1.196508408
2008.700073,-1.192884445
2008.800049,-1.183967113
2008.900024,-1.200180054
2009,-1.186446667
2009.099976,-1.196269989
2009.200073,-1.193981171
2009.300049,-1.192789078
2009.400024,-1.188497543
2009.5,-1.198892593
2009.599976,-1.183347225
2009.700073,-1.197938919
2009.800049,-1.196317673
2009.900024,-1.188926697
2010,-1.183394909
2010.099976,-1.19383812
2010.200073,-1.195554733
2010.300049,-1.188354492
2010.400024,-1.185779095
2010.5,-1.193408966
2010.599976,-1.189832687
2010.700073,-1.1822505
2010.800049,-1.192502975
2010.900024,-1.180247784
2011,-1.189260483
2011.099976,-1.190547943
2011.200073,-1.189641953
2011.300049,-1.189212799
2011.400024,-1.188545227
2011.5,-1.188116074
2011.599976,-1.188235283
2011.700073,-1.187639236
2011.800049,-1.188640594
2011.900024,-1.192073822
2012,-1.186828136
2012.099976,-1.192550659
2012.200073,-1.187829971
2012.300049,-1.187066555
2012.400024,-1.188354492
2012.5,-1.187829971
2012.599976,-1.18558836
2012.700073,-1.184062481
2012.800049,-1.186327577
2012.900024,-1.188831329
2013,-1.186828136
2013.099976,-1.179008007
2013.200073,-1.184873104
2013.300049,-1.190643311
2013.400024,-1.188688278
2013.5,-1.182202816
2013.599976,-1.187400341
2013.700073,-1.184157848
2013.800049,-1.186303616
2013.900024,-1.186542034
2014,-1.184682369
2014.099976,-1.178674221
2014.200073,-1.182345867
2014.300049,-1.188879013
2014.400024,-1.186160564
2014.5,-1.188163757
2014.599976,-1.184348583
2014.700073,-1.184443951
2014.800049,-1.179008007
2014.900024,-1.180295467
2015,-1.184253216
2015.099976,-1.185254574
2015.200073,-1.187734604
2015.300049,-1.183585644
2015.400024,-1.181439877
2015.5,-1.18186903
2015.599976,-1.182870388
2015.700073,-1.185254574
2015.800049,-1.183251858
2015.900024,-1.177577496
2016,-1.184253216
2016.099976,-1.177482128
2016.200073,-1.18148756
2016.300049,-1.184157848
2016.400024,-1.180057049
2016.5,-1.186446667
2016.599976,-1.182393551
2016.700073,-1.179770947
2016.800049,-1.174191952
2016.900024,-1.183251858
2017,-1.176242352
2017.099976,-1.178292751
2017.200073,-1.181773663
2017.300049,-1.181153774
2017.400024,-1.181165695
2017.5,-1.18135941
2017.599976,-1.181344509
2017.700073,-1.181773663
2017.800049,-1.1822505
2017.900024,-1.17981863
2018,-1.184634686
2018.099976,-1.174668789
2018.200073,-1.183061123
2018.300049,-1.179294109
2018.400024,-1.17943716
2018.5,-1.178304672
2018.599976,-1.177005291
2018.700073,-1.177482128
2018.800049,-1.171903133
2018.900024,-1.174001217
2019,-1.18315649
2019.099976,-1.175336361
2019.200073,-1.18058157
2019.300049,-1.170758724
2019.400024,-1.173476696
2019.5,-1.182441235
2019.599976,-1.169089794
2019.700073,-1.173715115
2019.800049,-1.178435802
2019.900024,-1.175717831
2020,-1.176433086
2020.099976,-1.174573421
2020.200073,-1.17943716
2020.300049,-1.177100658
2020.400024,-1.183967113
2020.5,-1.181249142
2020.599976,-1.179568291
2020.700073,-1.178245068
2020.800049,-1.17481184
2020.900024,-1.167468548
2021,-1.16904211
2021.099976,-1.176528454
2021.200073,-1.169185162
2021.300049,-1.17314291
2021.400024,-1.179723263
2021.5,-1.171283245
2021.599976,-1.179866314
2021.700073,-1.168088436
2021.800049,-1.170854092
2021.900024,-1.173858166
2022,-1.173858166
2022.099976,-1.175670147
2022.200073,-1.174573421
2022.300049,-1.175670147
2022.400024,-1.171414375
2022.5,-1.167325497
2022.599976,-1.168088436
2022.700073,-1.173858166
2022.800049,-1.170138836
2022.900024,-1.171068668
2023,-1.170138836
2023.099976,-1.170138836
2023.200073,-1.170424938
2023.300049,-1.171569347
2023.400024,-1.171712399
2023.5,-1.170281887
2023.599976,-1.168899059
2023.700073,-1.168946743
2023.800049,-1.171140194
2023.900024,-1.169614315
2024,-1.165894985
2024.099976,-1.172236919
2024.200073,-1.166753292
2024.300049,-1.16851759
2024.400024,-1.176909924
2024.5,-1.174048901
2024.599976,-1.177017212
2024.700073,-1.177958965
2024.800049,-1.174385667
2024.900024,-1.170901775
2025,-1.171664715
2025.099976,-1.170472622
2025.200073,-1.170997143
2025.300049,-1.168326855
2025.400024,-1.171378613
2025.5,-1.168612957
2025.599976,-1.170901775
2025.700073,-1.175097942
2025.800049,-1.171617031
2025.900024,-1.165561199
2026,-1.168469906
2026.099976,-1.172046185
2026.200073,-1.172999859
2026.300049,-1.170901775
2026.400024,-1.172344208
2026.5,-1.172666073
2026.599976,-1.172809124
2026.700073,-1.172093868
2026.800049,-1.165751934
2026.900024,-1.169089794
2027,-1.173572063
2027.099976,-1.173810482
2027.200073,-1.165227413
2027.300049,-1.16608572
2027.400024,-1.160506725
2027.5,-1.163832664
2027.599976,-1.16403532
2027.700073,-1.164702892
2027.800049,-1.165418148
2027.900024,-1.170281887
2028,-1.173238277
2028.099976,-1.169757366
2028.200073,-1.163320065
2028.300049,-1.166610241
2028.400024,-1.16942358
2028.5,-1.164512157
2028.599976,-1.172093868
2028.700073,-1.160554409
2028.800049,-1.168183804
2028.900024,-1.173619747
2029,-1.164464474
2029.099976,-1.168088436
2029.200073,-1.164702892
2029.300049,-1.168040752
2029.400024,-1.171378613
2029.5,-1.166920185
2029.599976,-1.165370464
2029.700073,-1.162890911
2029.800049,-1.16274786
2029.900024,-1.165465832
2030,-1.166133404
2030.099976,-1.164607525
2030.200073,-1.166371822
2030.300049,-1.162223339
2030.400024,-1.160459042
2030.5,-1.16403532
2030.599976,-1.170138836
2030.700073,-1.16851759
2030.800049,-1.164750576
2030.900024,-1.157788754
2031,-1.15979147
2031.099976,-1.163272381
2031.200073,-1.16312933
2031.300049,-1.166133404
2031.400024,-1.164512157
2031.5,-1.171903133
2031.599976,-1.167087078
2031.700073,-1.164273739
2031.800049,-1.157693386
2031.900024,-1.160077572
2032,-1.167230129
2032.099976,-1.168469906
2032.200073,-1.158360958
2032.300049,-1.16236639
2032.400024,-1.156548977
2032.5,-1.158885479
2032.599976,-1.161603451
2032.700073,-1.162080288
2032.800049,-1.16031599
2032.900024,-1.163892269
2033,-1.16236639
2033.099976,-1.162890911
2033.200073,-1.162902832
2033.300049,-1.164321423
2033.400024,-1.162032604
2033.5,-1.16031599
2033.599976,-1.160995483
2033.700073,-1.160792828
2033.800049,-1.160840511
2033.900024,-1.155595303
2034,-1.16441679
2034.099976,-1.153306484
2034.200073,-1.159934521
2034.300049,-1.155070782
2034.400024,-1.160745144
2034.5,-1.159505367
2034.599976,-1.154498577
2034.700073,-1.157025814
2034.800049,-1.158933163
2034.900024,-1.160077572
2035,-1.1553092
2035.099976,-1.153592587
2035.200073,-1.160363674
2035.300049,-1.152829647
2035.400024,-1.159505367
2035.5,-1.161126614
2035.599976,-1.152591228
2035.700073,-1.153306484
2035.800049,-1.156787395
2035.900024,-1.161174297
2036,-1.16274786
2036.099976,-1.162986279
2036.200073,-1.15607214
2036.300049,-1.150445461
2036.400024,-1.149587154
2036.5,-1.155881405
2036.599976,-1.158360958
2036.700073,-1.156262875
2036.800049,-1.158408642
2036.900024,-1.153115749
2037,-1.159457684
2037.099976,-1.157502651
2037.200073,-1.152019024
2037.300049,-1.159171581
2037.400024,-1.155070782
2037.5,-1.157979488
2037.599976,-1.156930447
2037.700073,-1.156167507
2037.800049,-1.154212475
2037.900024,-1.156501293
2038,-1.157836437
2038.099976,-1.158837795
2038.200073,-1.160888195
2038.300049,-1.161984921
2038.400024,-1.161269665
2038.5,-1.156835079
2038.599976,-1.158313274
2038.700073,-1.149777889
2038.800049,-1.153783321
2038.900024,-1.151113033
2039,-1.146392345
2039.099976,-1.153354168
2039.200073,-1.157836437
2039.300049,-1.155642986
2039.400024,-1.161698818
2039.5,-1.157025814
2039.599976,-1.163033962
2039.700073,-1.154880047
2039.800049,-1.156024456
2039.900024,-1.155154228
2040,-1.155881405
2040.099976,-1.153831005
2040.200073,-1.155213833
2040.300049,-1.153354168
2040.400024,-1.152162075
2040.5,-1.154677391
2040.599976,-1.157168865
2040.700073,-1.156024456
2040.800049,-1.154593945
2040.900024,-1.15235281
2041,-1.152829647
2041.099976,-1.14863348
2041.200073,-1.153497219
2041.300049,-1.157645702
2041.400024,-1.150874615
2041.5,-1.151303768
2041.599976,-1.156215191
2041.700073,-1.155499935
2041.800049,-1.152841568
2041.900024,-1.14992094
2042,-1.149730206
2042.099976,-1.151542187
2042.200073,-1.150385857
2042.300049,-1.148204327
2042.400024,-1.152066708
2042.5,-1.147107601
2042.599976,-1.155642986
2042.700073,-1.149110317
2042.800049,-1.158599377
2042.900024,-1.149301052
2043,-1.147822857
2043.099976,-1.151828289
2043.200073,-1.150779247
2043.300049,-1.144961834
2043.400024,-1.147489071
2043.5,-1.14324522
2043.599976,-1.145247936
2043.700073,-1.149730206
2043.800049,-1.147679806
2043.900024,-1.14939642
2044,-1.14901495
2044.099976,-1.15158987
2044.200073,-1.142243862
2044.300049,-1.147012234
2044.400024,-1.144198895
2044.5,-1.152877331
2044.599976,-1.142816067
2044.700073,-1.155023098
2044.800049,-1.153020382
2044.900024,-1.149539471
2045,-1.14939642
2045.099976,-1.149634838
2045.200073,-1.152495861
2045.300049,-1.1406703
2045.400024,-1.145867825
2045.5,-1.135711193
2045.599976,-1.148156643
2045.700073,-1.140861034
2045.800049,-1.150207043
2045.900024,-1.143579006
2046,-1.148013592
2046.099976,-1.146296978
2046.200073,-1.143817425
2046.300049,-1.144151211
2046.400024,-1.139239788
2046.5,-1.134185314
2046.599976,-1.134805202
2046.700073,-1.140253067
2046.800049,-1.144675732
2046.900024,-1.14734602
2047,-1.136664867
2047.099976,-1.146535397
2047.200073,-1.137380123
2047.300049,-1.14195776
2047.400024,-1.135186672
2047.5,-1.144294262
2047.599976,-1.143817425
2047.700073,-1.141695499
2047.800049,-1.139764309
2047.900024,-1.138906002
2048,-1.140479565
2048.100098,-1.142959118
2048.199951,-1.145390987
2048.300049,-1.142720699
2048.400146,-1.137427807
2048.5,-1.144532681
2048.600098,-1.137666225
2048.699951,-1.136283398
2048.800049,-1.142148495
2048.900146,-1.148585796
2049,-1.141337872
2049.100098,-1.143817425
2049.199951,-1.146249294
2049.300049,-1.142911434
2049.400146,-1.144735336
2049.5,-1.145963192
2049.600098,-1.143817425
2049.699951,-1.143960476
2049.800049,-1.141147137
2049.900146,-1.138762951
2050,-1.142053127
2050.100098,-1.142291546
2050.199951,-1.144341946
2050.300049,-1.142911434
2050.400146,-1.140813351
2050.5,-1.142434597
2050.600098,-1.137523174
2050.699951,-1.138953686
2050.800049,-1.14362669
2050.900146,-1.133803844
2051,-1.140765667
2051.100098,-1.144818783
2051.199951,-1.14119482
2051.300049,-1.142136574
2051.400146,-1.141767025
2051.5,-1.140765667
2051.600098,-1.131467342
2051.699951,-1.132993221
2051.800049,-1.137189388
2051.900146,-1.142291546
2052,-1.144151211
2052.100098,-1.141099453
2052.199951,-1.138047695
2052.300049,-1.144198895
2052.400146,-1.14324522
2052.5,-1.14286375
2052.600098,-1.14195776
2052.699951,-1.132421017
2052.800049,-1.139192104
2052.900146,-1.145963192
2053,-1.139668941
2053.100098,-1.135711193
2053.199951,-1.145009518
2053.300049,-1.147155285
2053.400146,-1.134805202
2053.5,-1.141337872
2053.600098,-1.147250652
2053.699951,-1.13990736
2053.800049,-1.13618803
2053.900146,-1.136998653
2054,-1.135854244
2054.100098,-1.139859676
2054.199951,-1.138476849
2054.300049,-1.139573574
2054.400146,-1.137761593
2054.5,-1.1324687
2054.600098,-1.143388271
2054.699951,-1.135711193
2054.800049,-1.139382839
2054.900146,-1.140050411
2055,-1.14119482
2055.100098,-1.139740467
2055.199951,-1.137952328
2055.300049,-1.139764309
2055.400146,-1.148538113
2055.5,-1.139955044
2055.600098,-1.144103527
2055.699951,-1.139478207
2055.800049,-1.136235714
2055.900146,-1.135901928
2056,-1.136211872
2056.100098,-1.137904644
2056.199951,-1.134805202
2056.300049,-1.130561352
2056.400146,-1.140813351
2056.5,-1.144723415
2056.600098,-1.139239788
2056.699951,-1.139621258
2056.800049,-1.134757519
2056.900146,-1.138143063
2057,-1.132754803
2057.100098,-1.142196178
2057.199951,-1.135329723
2057.300049,-1.13361311
2057.400146,-1.137666225
2057.5,-1.139001369
2057.600098,-1.141433239
2057.699951,-1.135043621
2057.800049,-1.138762951
2057.900146,-1.134471416
2058,-1.134280682
2058.100098,-1.137427807
2058.199951,-1.131896496
2058.300049,-1.134566784
2058.400146,-1.134089947
2058.5,-1.141862392
2058.600098,-1.1406703
2058.699951,-1.143149853
2058.800049,-1.1345191
2058.900146,-1.130227566
2059,-1.136283398
2059.100098,-1.131419659
2059.199951,-1.135043621
2059.300049,-1.134042263
2059.400146,-1.135329723
2059.5,-1.133088589
2059.600098,-1.133553505
2059.699951,-1.13285017
2059.800049,-1.132945538
2059.900146,-1.13207531
2060,-1.130990505
2060.100098,-1.131515026
2060.199951,-1.132087231
2060.300049,-1.131765366
2060.400146,-1.131133556
2060.5,-1.132325649
2060.600098,-1.132289886
2060.699951,-1.131848812
2060.800049,-1.130874276
2060.900146,-1.130084515
2061,-1.129273891
2061.100098,-1.129953384
2061.199951,-1.130895138
2061.300049,-1.129559994
2061.400146,-1.133183956
2061.5,-1.137427807
2061.600098,-1.123980999
2061.699951,-1.132277966
2061.800049,-1.130275249
2061.900146,-1.132659435
2062,-1.124553204
2062.100098,-1.135711193
2062.199951,-1.125840664
2062.300049,-1.134566784
2062.400146,-1.121978283
2062.5,-1.128844738
2062.600098,-1.12822485
2062.699951,-1.133994579
2062.800049,-1.122169018
2062.900146,-1.13490057
2063,-1.126222134
2063.100098,-1.129369259
2063.199951,-1.125697613
2063.300049,-1.135043621
2063.400146,-1.137761593
2063.5,-1.133470058
2063.600098,-1.131324291
2063.699951,-1.123265743
2063.800049,-1.134566784
2063.900146,-1.126222134
2064,-1.12913084
2064.100098,-1.121930599
2064.199951,-1.127748013
2064.300049,-1.130227566
2064.400146,-1.125125408
2064.5,-1.130704403
2064.600098,-1.128177166
2064.699951,-1.125602245
2064.800049,-1.131085873
2064.900146,-1.126651287
2065,-1.128606319
2065.100098,-1.126269817
2065.199951,-1.128654003
2065.300049,-1.130275249
2065.400146,-1.129464626
2065.5,-1.126842022
2065.600098,-1.12913084
2065.699951,-1.123456478
2065.800049,-1.126889706
2065.900146,-1.125316143
2066,-1.125220776
2066.100098,-1.128558636
2066.199951,-1.125220776
2066.300049,-1.136426449
2066.400146,-1.133422375
2066.5,-1.12374258
2066.600098,-1.124171734
2066.699951,-1.127950668
2066.800049,-1.132421017
2066.900146,-1.131467342
2067,-1.119164944
2067.100098,-1.138476849
2067.199951,-1.124410152
2067.300049,-1.131276608
2067.400146,-1.128081799
2067.5,-1.127652645
2067.600098,-1.12655592
2067.699951,-1.129464626
2067.800049,-1.131610394
2067.900146,-1.132039547
2068,-1.129416943
2068.100098,-1.127080441
2068.199951,-1.126698971
2068.300049,-1.130752087
2068.400146,-1.130847454
2068.5,-1.128987789
2068.600098,-1.127509594
2068.699951,-1.127128124
2068.800049,-1.128081799
2068.900146,-1.125232697
2069,-1.122788906
2069.100098,-1.122931957
2069.199951,-1.124004841
2069.300049,-1.125173092
2069.400146,-1.125125408
2069.5,-1.123885632
2069.600098,-1.123122692
2069.699951,-1.131753445
2069.800049,-1.12579298
2069.900146,-1.129989147
2070,-1.12655592
2070.100098,-1.131419659
2070.199951,-1.13285017
2070.300049,-1.127795696
2070.400146,-1.134757519
2070.5,-1.12822485
2070.600098,-1.128606319
2070.699951,-1.126031399
2070.800049,-1.121882915
2070.900146,-1.132945538
2071,-1.128367901
2071.100098,-1.130561352
2071.199951,-1.125077724
2071.300049,-1.125697613
2071.400146,-1.128320217
2071.5,-1.127795696
2071.600098,-1.129214287
2071.699951,-1.128591418
2071.800049,-1.128749371
2071.900146,-1.128606319
2072,-1.125363827
2072.100098,-1.12488699
2072.199951,-1.123265743
2072.300049,-1.123206139
2072.400146,-1.12040472
2072.5,-1.124267101
2072.600098,-1.130656719
2072.699951,-1.128797054
2072.800049,-1.119784832
2072.900146,-1.123694897
2073,-1.123444557
2073.100098,-1.124553204
2073.199951,-1.125745296
2073.300049,-1.123790264
2073.400146,-1.121215343
2073.5,-1.122693539
2073.600098,-1.12374258
2073.699951,-1.12579298
2073.800049,-1.130895138
2073.900146,-1.11706686
2074,-1.136283398
2074.100098,-1.12784338
2074.199951,-1.11873579
2074.300049,-1.122264385
2074.400146,-1.125077724
2074.5,-1.119260311
2074.600098,-1.121930599
2074.699951,-1.125030041
2074.800049,-1.126937389
2074.900146,-1.12078619
2075,-1.12283659
2075.100098,-1.125173092
2075.199951,-1.122169018
2075.300049,-1.123456478
2075.400146,-1.119260311
2075.5,-1.12245512
2075.600098,-1.117257595
2075.699951,-1.128558636
2075.800049,-1.124743938
2075.900146,-1.126222134
2076,-1.118640423
2076.100098,-1.121501446
2076.199951,-1.1157794
2076.300049,-1.128701687
2076.400146,-1.119307995
2076.5,-1.120690823
2076.600098,-1.122502804
2076.699951,-1.120500088
2076.800049,-1.118020535
2076.900146,-1.122931957
2077,-1.124076366
2077.100098,-1.117925167
2077.199951,-1.119260311
2077.300049,-1.115302563
2077.400146,-1.124743938
2077.5,-1.112632275
2077.600098,-1.123265743
2077.699951,-1.122312069
2077.800049,-1.11706686
2077.900146,-1.114873409
2078,-1.118270874
2078.100098,-1.119832516
2078.199951,-1.121310711
2078.300049,-1.122788906
2078.400146,-1.11873579
2078.5,-1.119451046
2078.600098,-1.121453762
2078.699951,-1.110534191
2078.800049,-1.114444256
2078.900146,-1.124076366
2079,-1.111630917
2079.100098,-1.12321806
2079.199951,-1.117972851
2079.300049,-1.122550488
2079.400146,-1.118878841
2079.5,-1.120953083
2079.600098,-1.121024609
2079.699951,-1.121358395
2079.800049,-1.122216702
2079.900146,-1.122169018
2080,-1.117519855
2080.100098,-1.113156796
2080.199951,-1.112536907
2080.300049,-1.115326405
2080.400146,-1.11911726
2080.5,-1.116494656
2080.600098,-1.118545055
2080.699951,-1.112870693
2080.800049,-1.118449688
2080.900146,-1.120261669
2081,-1.122645855
2081.100098,-1.123265743
2081.199951,-1.121549129
2081.300049,-1.116828442
2081.400146,-1.115159512
2081.5,-1.118688107
2081.600098,-1.117686749
2081.699951,-1.120595455
2081.800049,-1.124219418
2081.900146,-1.121739864
2082,-1.11706686
2082.100098,-1.124600887
2082.199951,-1.119641781
2082.300049,-1.117305279
2082.400146,-1.119927883
2082.5,-1.114921093
2082.600098,-1.118115902
2082.699951,-1.118402004
2082.800049,-1.119021893
2082.900146,-1.115731716
2083,-1.111440182
2083.100098,-1.114062786
2083.199951,-1.115207195
2083.300049,-1.119307995
2083.400146,-1.120261669
2083.5,-1.117305279
2083.600098,-1.113776684
2083.699951,-1.115827084
2083.800049,-1.121549129
2083.900146,-1.120118618
2084,-1.113490582
2084.100098,-1.114730358
2084.199951,-1.118068218
2084.300049,-1.119641781
2084.400146,-1.114587307
2084.5,-1.114158154
2084.600098,-1.114325047
2084.699951,-1.113872051
2084.800049,-1.114682674
2084.900146,-1.112679958
2085,-1.113538265
2085.100098,-1.11334753
2085.199951,-1.115970135
2085.300049,-1.120833874
2085.400146,-1.107100964
2085.5,-1.117019176
2085.600098,-1.113919735
2085.699951,-1.117543697
2085.800049,-1.112679958
2085.900146,-1.11411047
2086,-1.112966061
2086.100098,-1.12245512
2086.199951,-1.113061428
2086.300049,-1.118354321
2086.400146,-1.120881557
2086.5,-1.108960629
2086.600098,-1.120500088
2086.699951,-1.111297131
2086.800049,-1.113109112
2086.900146,-1.119403362
2087,-1.117019176
2087.100098,-1.11449194
2087.199951,-1.112489223
2087.300049,-1.11077261
2087.400146,-1.113538265
2087.5,-1.114158154
2087.600098,-1.114229679
2087.699951,-1.115064144
2087.800049,-1.114158154
2087.900146,-1.117591381
2088,-1.114062786
2088.100098,-1.105145931
2088.199951,-1.109675884
2088.300049,-1.115684032
2088.400146,-1.109055996
2088.5,-1.113729
2088.600098,-1.108579159
2088.699951,-1.111249447
2088.800049,-1.118068218
2088.900146,-1.113490582
2089,-1.113609791
2089.100098,-1.112107754
2089.199951,-1.11077261
2089.300049,-1.106767178
2089.400146,-1.10629034
2089.5,-1.106957912
2089.600098,-1.113538265
2089.699951,-1.106957912
2089.800049,-1.114634991
2089.900146,-1.112393856
2090,-1.104144573
2090.100098,-1.107005596
2090.199951,-1.108328819
2090.300049,-1.111058712
2090.400146,-1.111106396
2090.5,-1.109699726
2090.600098,-1.107339382
2090.699951,-1.109294415
2090.800049,-1.113395214
2090.900146,-1.109961987
2091,-1.107768536
2091.100098,-1.10705328
2091.199951,-1.107768536
2091.300049,-1.106814861
2091.400146,-1.108436108
2091.5,-1.109914303
2091.600098,-1.108412266
2091.699951,-1.107816219
2091.800049,-1.107482433
2091.900146,-1.10834074
2092,-1.111440182
2092.100098,-1.107148647
2092.199951,-1.11077261
2092.300049,-1.10037756
2092.400146,-1.106194973
2092.5,-1.110295773
2092.600098,-1.111869335
2092.699951,-1.108972549
2092.800049,-1.105145931
2092.900146,-1.108579159
2093,-1.10872221
2093.100098,-1.10731554
2093.199951,-1.105575085
2093.300049,-1.106385708
2093.400146,-1.109532833
2093.5,-1.10500288
2093.600098,-1.10795927
2093.699951,-1.11000967
2093.800049,-1.103620052
2093.900146,-1.109818935
2094,-1.10667181
2094.100098,-1.105527401
2094.199951,-1.106862545
2094.300049,-1.10795927
2094.400146,-1.108150005
2094.5,-1.104633331
2094.600098,-1.101569653
2094.699951,-1.100854397
2094.800049,-1.110295773
2094.900146,-1.103286266
2095,-1.109246731
2095.100098,-1.111297131
2095.199951,-1.104382992
2095.300049,-1.107005596
2095.400146,-1.111917019
2095.5,-1.101951122
2095.600098,-1.108483791
2095.699951,-1.102141857
2095.800049,-1.103286266
2095.900146,-1.097707272
2096,-1.105145931
2096.100098,-1.102380276
2096.199951,-1.105670452
2096.300049,-1.106147289
2096.400146,-1.107875824
2096.5,-1.111249447
2096.600098,-1.108436108
2096.699951,-1.100520611
2096.800049,-1.10795927
2096.900146,-1.104096889
2097,-1.105050564
2097.100098,-1.104764462
2097.199951,-1.105193615
2097.300049,-1.101188183
2097.400146,-1.096610546
2097.5,-1.098184109
2097.600098,-1.099948406
2097.699951,-1.10333395
2097.800049,-1.101760387
2097.900146,-1.096133709
2098,-1.096562862
2098.100098,-1.103524685
2098.199951,-1.105336666
2098.300049,-1.098756313
2098.400146,-1.104239941
2098.5,-1.101426601
2098.600098,-1.104907513
2098.699951,-1.098994732
2098.800049,-1.111106396
2098.900146,-1.09627676
2099,-1.10333395
2099.100098,-1.101855755
2099.199951,-1.10371542
2099.300049,-1.099471569
2099.400146,-1.108245373
2099.5,-1.102904797
2099.600098,-1.096229076
2099.699951,-1.104526043
2099.800049,-1.099471569
2099.900146,-1.110248089
2100,-1.103858471
2100.100098,-1.100329876
2100.199951,-1.101188183
2100.300049,-1.097754955
2100.400146,-1.100186825
2100.5,-1.101808071
2100.600098,-1.101092815
2100.699951,-1.10295248
2100.800049,-1.10037756
2100.900146,-1.09794569
2101,-1.098088741
2101.100098,-1.096944332
2101.199951,-1.097087383
2101.300049,-1.098231792
2101.400146,-1.09961462
2101.5,-1.099280834
2101.600098,-1.098803997
2101.699951,-1.101808071
2101.800049,-1.099900723
2101.900146,-1.095227718
2102,-1.099709988
2102.100098,-1.096086025
2102.199951,-1.096515179
2102.300049,-1.09794569
2102.400146,-1.092605114
2102.5,-1.102809429
2102.600098,-1.098851681
2102.699951,-1.099113941
2102.800049,-1.098500013
2102.900146,-1.097754955
2103,-1.098279476
2103.100098,-1.097599983
2103.199951,-1.095799923
2103.300049,-1.093686938
2103.400146,-1.091365337
2103.5,-1.08998251
2103.600098,-1.08998251
2103.699951,-1.095513821
2103.800049,-1.089934826
2103.900146,-1.094798565
2104,-1.095418453
2104.100098,-1.096753597
2104.199951,-1.096133709
2104.300049,-1.09794569
2104.400146,-1.096801281
2104.5,-1.09730196
2104.600098,-1.096992016
2104.699951,-1.097468853
2104.800049,-1.09665823
2104.900146,-1.094560146
2105,-1.095847607
2105.100098,-1.098517895
2105.199951,-1.092175961
2105.300049,-1.097898006
2105.400146,-1.092414379
2105.5,-1.097850323
2105.600098,-1.089744091
2105.699951,-1.099662304
2105.800049,-1.094035625
2105.900146,-1.096515179
2106,-1.093475342
2106.100098,-1.091222286
2106.199951,-1.092128277
2106.300049,-1.096896648
2106.400146,-1.095752239
2106.5,-1.097421169
2106.600098,-1.091842175
2106.699951,-1.09665823
2106.800049,-1.088408947
2106.900146,-1.100139141
2107,-1.097325802
2107.100098,-1.097445011
2107.199951,-1.097296
2107.300049,-1.097659588
2107.400146,-1.096753597
2107.5,-1.0949893
2107.600098,-1.096372128
2107.699951,-1.093296528
2107.800049,-1.092223644
2107.900146,-1.094685316
2108,-1.096419811
2108.100098,-1.096801281
2108.199951,-1.094834328
2108.300049,-1.092080593
2108.400146,-1.094035625
2108.5,-1.097373486
2108.600098,-1.091508389
2108.699951,-1.095323086
2108.800049,-1.096848965
2108.900146,-1.091889858
2109,-1.094941616
2109.100098,-1.090268612
2109.199951,-1.092700481
2109.300049,-1.096801281
2109.400146,-1.093844891
2109.5,-1.094369411
2109.600098,-1.096801281
2109.699951,-1.095084667
2109.800049,-1.093749523
2109.900146,-1.094691277
2110,-1.0949893
2110.100098,-1.094941616
2110.199951,-1.092175961
2110.300049,-1.087026119
2110.400146,-1.090173244
2110.5,-1.094274044
2110.600098,-1.091460705
2110.699951,-1.095036983
2110.800049,-1.088933468
2110.900146,-1.08998251
2111,-1.087979794
2111.100098,-1.093177319
2111.199951,-1.091460705
2111.300049,-1.090697765
2111.400146,-1.092605114
2111.5,-1.091067314
2111.600098,-1.090459347
2111.699951,-1.09050703
2111.800049,-1.091126919
2111.900146,-1.083211422
2112,-1.092175961
2112.100098,-1.085929394
2112.199951,-1.091079235
2112.300049,-1.097182751
2112.400146,-1.099757671
2112.5,-1.091556072
2112.600098,-1.087264538
2112.699951,-1.08960104
2112.800049,-1.099090099
2112.900146,-1.092652798
2113,-1.084165096
2113.100098,-1.082305431
2113.199951,-1.087646008
2113.300049,-1.089744091
2113.400146,-1.085786343
2113.5,-1.087836742
2113.600098,-1.092414379
2113.699951,-1.091937542
2113.800049,-1.088218212
2113.900146,-1.090793133
2114,-1.08550024
2114.100098,-1.083163738
2114.199951,-1.086692333
2114.300049,-1.089457989
2114.400146,-1.086740017
2114.5,-1.086930752
2114.600098,-1.085166454
2114.699951,-1.086406231
2114.800049,-1.08857584
2114.900146,-1.092223644
2115,-1.09050703
2115.100098,-1.091317654
2115.199951,-1.08459425
2115.300049,-1.083783627
2115.400146,-1.087884426
2115.5,-1.088599682
2115.600098,-1.088206291
2115.699951,-1.087312222
2115.800049,-1.089028835
2115.900146,-1.079396725
2116,-1.081971645
2116.100098,-1.090840816
2116.199951,-1.089267254
2116.300049,-1.087359905
2116.400146,-1.083878994
2116.5,-1.082686901
2116.600098,-1.082782269
2116.699951,-1.086787701
2116.800049,-1.084379673
2116.900146,-1.084975719
2117,-1.082973003
2117.100098,-1.085738659
2117.199951,-1.075677395
2117.300049,-1.083926678
2117.400146,-1.079825878
2117.5,-1.087073803
2117.600098,-1.08011198
2117.699951,-1.080827236
2117.800049,-1.085452557
2117.900146,-1.084737301
2118,-1.08125639
2118.100098,-1.082591534
2118.199951,-1.080159664
2118.300049,-1.086120129
2118.400146,-1.083306789
2118.5,-1.077489376
2118.600098,-1.085309505
2118.699951,-1.080588818
2118.800049,-1.082973003
2118.900146,-1.078395367
2119,-1.084928036
2119.100098,-1.077727795
2119.199951,-1.07677412
2119.300049,-1.087979794
2119.400146,-1.088361263
2119.5,-1.086751938
2119.600098,-1.084784985
2119.699951,-1.08588171
2119.800049,-1.083497524
2119.900146,-1.083783627
2120,-1.078919888
2120.100098,-1.082210064
2120.199951,-1.088504314
2120.300049,-1.080588818
2120.400146,-1.086978436
2120.5,-1.087598324
2120.600098,-1.083211422
2120.699951,-1.079635143
2120.800049,-1.080016613
2120.900146,-1.082686901
2121,-1.08550024
2121.100098,-1.080445766
2121.199951,-1.083878994
2121.300049,-1.080922604
2121.400146,-1.082829952
2121.5,-1.076821804
2121.600098,-1.084117413
2121.699951,-1.081304073
2121.800049,-1.082365036
2121.900146,-1.081971645
2122,-1.082067013
2122.100098,-1.078919888
2122.199951,-1.080588818
2122.300049,-1.082639217
2122.400146,-1.078013897
2122.5,-1.083640575
2122.600098,-1.07958746
2122.699951,-1.090697765
2122.800049,-1.090173244
2122.900146,-1.096038342
2123,-1.085309505
2123.100098,-1.090411663
2123.199951,-1.080207348
2123.300049,-1.083926678
2123.400146,-1.084641933
2123.5,-1.077060223
2123.600098,-1.083163738
2123.699951,-1.079921246
2123.800049,-1.080958366
2123.900146,-1.079349041
2124,-1.081399441
2124.100098,-1.076631069
2124.199951,-1.078872204
2124.300049,-1.08087492
2124.400146,-1.081304073
2124.5,-1.083211422
2124.600098,-1.082639217
2124.699951,-1.077966213
2124.800049,-1.06971693
2124.900146,-1.082257748
2125,-1.088170528
2125.100098,-1.080779552
2125.199951,-1.079635143
2125.300049,-1.073770046
2125.400146,-1.078967571
2125.5,-1.076392651
2125.600098,-1.071624279
2125.699951,-1.076011181
2125.800049,-1.083688259
2125.900146,-1.07677412
2126,-1.083020687
2126.100098,-1.071099758
2126.199951,-1.075820446
2126.300049,-1.073913097
2126.400146,-1.078347683
2126.5,-1.073197842
2126.600098,-1.078633785
2126.699951,-1.083878994
2126.800049,-1.077632427
2126.900146,-1.082114697
2127,-1.076297283
2127.100098,-1.073197842
2127.199951,-1.074389935
2127.300049,-1.07715559
2127.400146,-1.079015255
2127.5,-1.076631069
2127.600098,-1.075248241
2127.699951,-1.076392651
2127.800049,-1.076297283
2127.900146,-1.077394009
2128,-1.079062939
2128.100098,-1.0741992
2128.199951,-1.076392651
2128.300049,-1.078252316
2128.400146,-1.076035023
2128.5,-1.073722363
2128.600098,-1.075772762
2128.699951,-1.074485302
2128.800049,-1.073388577
2128.900146,-1.075415134
2129,-1.078013897
2129.100098,-1.075772762
2129.199951,-1.077513218
2129.300049,-1.075635672
2129.400146,-1.073865414
2129.5,-1.075391293
2129.600098,-1.07791853
2129.699951,-1.075009823
2129.800049,-1.07138586
2129.900146,-1.075534344
2130,-1.068000317
2130.100098,-1.073245525
2130.199951,-1.074103832
2130.300049,-1.071886539
2130.400146,-1.072989225
2130.5,-1.072673321
2130.600098,-1.073293209
2130.699951,-1.074866772
2130.800049,-1.073388577
2130.900146,-1.072911739
2131,-1.072482586
2131.100098,-1.071266651
2131.199951,-1.071332216
2131.300049,-1.070765972
2131.400146,-1.070813656
2131.5,-1.072721004
2131.600098,-1.071981907
2131.699951,-1.072959423
2131.800049,-1.071433544
2131.900146,-1.071195126
2132,-1.072124958
2132.100098,-1.072768688
2132.199951,-1.073102474
2132.300049,-1.074437618
2132.400146,-1.074628353
2132.5,-1.070193768
2132.600098,-1.068238735
2132.699951,-1.073245525
2132.800049,-1.076488018
2132.900146,-1.074771404
2133,-1.079730511
2133.100098,-1.075534344
2133.199951,-1.070050716
2133.300049,-1.072101116
2133.400146,-1.065806866
2133.5,-1.069907665
2133.600098,-1.072482586
2133.699951,-1.072482586
2133.800049,-1.074056149
2133.900146,-1.068953991
2134,-1.076726437
2134.100098,-1.07343626
2134.199951,-1.0741992
2134.300049,-1.067904949
2134.400146,-1.06547308
2134.5,-1.071719646
2134.600098,-1.07176733
2134.699951,-1.070909023
2134.800049,-1.069526196
2134.900146,-1.069859982
2135,-1.072339535
2135.100098,-1.075438976
2135.199951,-1.070336819
2135.300049,-1.068143368
2135.400146,-1.072673321
2135.5,-1.071195126
2135.600098,-1.071099758
2135.699951,-1.068381786
2135.800049,-1.072244167
2135.900146,-1.074914455
2136,-1.073460102
2136.100098,-1.07343626
2136.199951,-1.073245525
2136.300049,-1.068882465
2136.400146,-1.063994884
2136.5,-1.064853191
2136.600098,-1.066998959
2136.699951,-1.074819088
2136.800049,-1.067475796
2136.900146,-1.072768688
2137,-1.064185619
2137.100098,-1.074866772
2137.199951,-1.069240093
2137.300049,-1.062898159
2137.400146,-1.061228752
2137.5,-1.067046642
2137.600098,-1.065282345
2137.699951,-1.06509161
2137.800049,-1.064185619
2137.900146,-1.063851833
2138,-1.066808224
2138.100098,-1.069478512
2138.199951,-1.063565731
2138.300049,-1.076917171
2138.400146,-1.062182426
2138.5,-1.070813656
2138.600098,-1.064137936
2138.699951,-1.066569805
2138.800049,-1.060894966
2138.900146,-1.073245525
2139,-1.070050716
2139.100098,-1.061514854
2139.199951,-1.063374996
2139.300049,-1.064280868
2139.400146,-1.06637907
2139.5,-1.065854549
2139.600098,-1.069335461
2139.699951,-1.065902233
2139.800049,-1.069335461
2139.900146,-1.065282345
2140,-1.060608864
2140.100098,-1.056746483
2140.199951,-1.062850475
2140.300049,-1.064853191
2140.400146,-1.06971693
2140.5,-1.066569805
2140.600098,-1.060370445
2140.699951,-1.073960781
2140.800049,-1.066665173
2140.900146,-1.061181068
2141,-1.061085701
2141.100098,-1.060656548
2141.199951,-1.065162897
2141.300049,-1.070289135
2141.400146,-1.068620205
2141.5,-1.064757824
2141.600098,-1.061944008
2141.699951,-1.058987617
2141.800049,-1.066188335
2141.900146,-1.063565731
2142,-1.070003033
2142.100098,-1.057652473
2142.199951,-1.060418129
2142.300049,-1.059309483
2142.400146,-1.060275078
2142.5,-1.05889225
2142.600098,-1.063136578
2142.699951,-1.067904949
2142.800049,-1.064614773
2142.900146,-1.059512138
2143,-1.062468529
2143.100098,-1.056269646
2143.199951,-1.061800957
2143.300049,-1.066331387
2143.400146,-1.060704231
2143.5,-1.06184864
2143.600098,-1.069049358
2143.699951,-1.070193768
2143.800049,-1.066426754
2143.900146,-1.058987617
2144,-1.061753273
2144.100098,-1.065139294
2144.199951,-1.063637137
2144.300049,-1.063899517
2144.400146,-1.063756466
2144.5,-1.063708782
2144.600098,-1.062612057
2144.699951,-1.061085701
2144.800049,-1.063851833
2144.900146,-1.069478512
2145,-1.065663815
2145.100098,-1.063327312
2145.199951,-1.064567089
2145.300049,-1.072673321
2145.400146,-1.066331387
2145.5,-1.061753273
2145.600098,-1.061467171
2145.699951,-1.056221962
2145.800049,-1.065282345
2145.900146,-1.058129311
2146,-1.060132027
2146.100098,-1.064519405
2146.199951,-1.065902233
2146.300049,-1.064614773
2146.400146,-1.05965519
2146.5,-1.062039375
2146.600098,-1.059607506
2146.699951,-1.058606148
2146.800049,-1.0618608
2146.900146,-1.064328671
2147,-1.064900875
2147.100098,-1.065234661
2147.199951,-1.062802792
2147.300049,-1.065902233
2147.400146,-1.058749199
2147.5,-1.060132027
2147.600098,-1.054886818
2147.699951,-1.055959702
2147.800049,-1.054743767
2147.900146,-1.054076195
2148,-1.06342268
2148.100098,-1.053360939
2148.199951,-1.063708782
2148.300049,-1.061181068
2148.400146,-1.059035301
2148.5,-1.056269646
2148.600098,-1.056078911
2148.699951,-1.059130669
2148.800049,-1.052073479
2148.900146,-1.060465813
2149,-1.052836418
2149.100098,-1.053790092
2149.199951,-1.05889225
2149.300049,-1.058224678
2149.400146,-1.055745125
2149.5,-1.055602074
2149.600098,-1.056269646
2149.699951,-1.058939934
2149.800049,-1.054791451
2149.900146,-1.051692009
2150,-1.063184261
2150.100098,-1.05927372
2150.199951,-1.053313255
2150.300049,-1.061467171
2150.400146,-1.057175636
2150.5,-1.055125237
2150.600098,-1.062516689
2150.699951,-1.055792809
2150.800049,-1.057795525
2150.900146,-1.058796883
2151,-1.05555439
2151.100098,-1.060322762
2151.199951,-1.057926655
2151.300049,-1.058176994
2151.400146,-1.057652473
2151.5,-1.063851833
2151.600098,-1.057795525
2151.699951,-1.051405907
2151.800049,-1.051072121
2151.900146,-1.05092907
2152,-1.05145359
2152.100098,-1.054743767
2152.199951,-1.060513496
2152.300049,-1.048926353
2152.400146,-1.056460381
2152.5,-1.050881386
2152.600098,-1.054934502
2152.699951,-1.05388546
2152.800049,-1.054314613
2152.900146,-1.054505348
2153,-1.055888176
2153.100098,-1.053933144
2153.199951,-1.056269646
2153.300049,-1.056388855
2153.400146,-1.056657076
2153.5,-1.05722332
2153.600098,-1.056746483
2153.699951,-1.055745125
2153.800049,-1.054886818
2153.900146,-1.050452232
2154,-1.049832344
2154.100098,-1.049450874
2154.199951,-1.054171562
2154.300049,-1.055602074
2154.400146,-1.047734261
2154.5,-1.056937218
2154.600098,-1.052550316
2154.699951,-1.056889534
2154.800049,-1.060465813
2154.900146,-1.060418129
2155,-1.058641911
2155.100098,-1.054028511
2155.199951,-1.05965519
2155.300049,-1.052311897
2155.400146,-1.059416771
2155.5,-1.051787376
2155.600098,-1.058701515
2155.699951,-1.054791451
2155.800049,-1.051978111
2155.900146,-1.052264214
2156,-1.052741051
2156.100098,-1.053647041
2156.199951,-1.053074837
2156.300049,-1.051882744
2156.400146,-1.052264214
2156.5,-1.051441669
2156.600098,-1.048783302
2156.699951,-1.052836418
2156.800049,-1.049689293
2156.900146,-1.058224678
2157,-1.044014931
2157.100098,-1.057127953
2157.199951,-1.05722332
2157.300049,-1.055077553
2157.400146,-1.051548958
2157.5,-1.052836418
2157.600098,-1.053933144
2157.699951,-1.052645683
2157.800049,-1.054171562
2157.900146,-1.05401659
2158,-1.054600716
2158.100098,-1.054648399
2158.199951,-1.055840492
2158.300049,-1.057318687
2158.400146,-1.049975395
2158.5,-1.056555748
2158.600098,-1.051405907
2158.699951,-1.05684185
2158.800049,-1.053456306
2158.900146,-1.047448158
2159,-1.056794167
2159.100098,-1.052454948
2159.199951,-1.046589851
2159.300049,-1.052311897
2159.400146,-1.063756466
2159.5,-1.052693367
2159.600098,-1.055077553
2159.699951,-1.051537037
2159.800049,-1.049498558
2159.900146,-1.04887867
2160,-1.051215172
2160.100098,-1.05183506
2160.199951,-1.054648399
2160.300049,-1.051405907
2160.400146,-1.045493126
2160.5,-1.048163414
2160.600098,-1.053313255
2160.699951,-1.051405907
2160.800049,-1.048735619
2160.900146,-1.051024437
2161,-1.054028511
2161.100098,-1.050118446
2161.199951,-1.045350075
2161.300049,-1.054123878
2161.400146,-1.047162056
2161.5,-1.051882744
2161.600098,-1.055888176
2161.699951,-1.055220604
2161.800049,-1.048401833
2161.900146,-1.0443964
2162,-1.055888176
2162.100098,-1.051978111
2162.199951,-1.050261497
2162.300049,-1.048592567
2162.400146,-1.046923637
2162.5,-1.046351433
2162.600098,-1.050368786
2162.699951,-1.053074837
2162.800049,-1.055125237
2162.900146,-1.049307823
2163,-1.051548958
2163.100098,-1.046923637
2163.199951,-1.050023079
2163.300049,-1.041630745
2163.400146,-1.0443964
2163.5,-1.050690651
2163.600098,-1.047591209
2163.699951,-1.05350399
2163.800049,-1.053551674
2163.900146,-1.045683861
2164,-1.048735619
2164.100098,-1.042679787
2164.199951,-1.046160698
2164.300049,-1.04811573
2164.400146,-1.048020363
2164.5,-1.050404549
2164.600098,-1.045969963
2164.699951,-1.039675713
2164.800049,-1.047114372
2164.900146,-1.043585777
2165,-1.048687935
2165.100098,-1.049403191
2165.199951,-1.044682503
2165.300049,-1.040390968
2165.400146,-1.039151192
2165.5,-1.045445442
2165.600098,-1.048544884
2165.699951,-1.043347359
2165.800049,-1.040295601
2165.900146,-1.046113014
2166,-1.043728828
2166.100098,-1.040629387
2166.199951,-1.045922279
2166.300049,-1.042679787
2166.400146,-1.040534019
2166.5,-1.043681145
2166.600098,-1.045397758
2166.699951,-1.050595284
2166.800049,-1.053456306
2166.900146,-1.042679787
2167,-1.045826912
2167.100098,-1.040104866
2167.199951,-1.045063972
2167.300049,-1.037863731
2167.400146,-1.045493126
2167.5,-1.048687935
2167.600098,-1.042059898
2167.699951,-1.047686577
2167.800049,-1.042870522
2167.900146,-1.040438652
2168,-1.047543526
2168.100098,-1.033381462
2168.199951,-1.04387188
2168.300049,-1.046494484
2168.400146,-1.039008141
2168.5,-1.039961815
2168.600098,-1.036910057
2168.699951,-1.042441368
2168.800049,-1.047162056
2168.900146,-1.04144001
2169,-1.045588493
2169.100098,-1.043919563
2169.199951,-1.049021721
2169.300049,-1.04272747
2169.400146,-1.044730186
2169.5,-1.042298317
2169.600098,-1.035384178
2169.699951,-1.039866447
2169.800049,-1.04349041
2169.900146,-1.036862373
2170,-1.044730186
2170.100098,-1.039818764
2170.199951,-1.045874596
2170.300049,-1.043681145
2170.400146,-1.043347359
2170.5,-1.043681145
2170.600098,-1.038578987
2170.699951,-1.043251991
2170.800049,-1.046923637
2170.900146,-1.049832344
2171,-1.041201591
2171.100098,-1.047781944
2171.199951,-1.043585777
2171.300049,-1.041583061
2171.400146,-1.047686577
2171.5,-1.043347359
2171.600098,-1.044682503
2171.699951,-1.044157982
2171.800049,-1.046637535
2171.900146,-1.041964531
2172,-1.046685219
2172.100098,-1.045922279
2172.199951,-1.040343285
2172.300049,-1.038245201
2172.400146,-1.047162056
2172.5,-1.038197517
2172.600098,-1.043681145
2172.699951,-1.042012215
2172.800049,-1.044014931
2172.900146,-1.039294243
2173,-1.035765648
2173.100098,-1.044873238
2173.199951,-1.038149834
2173.300049,-1.042250633
2173.400146,-1.042250633
2173.5,-1.04182148
2173.600098,-1.04349041
2173.699951,-1.036671638
2173.800049,-1.040534019
2173.900146,-1.043681145
2174,-1.042393684
2174.100098,-1.033953667
2174.199951,-1.043967247
2174.300049,-1.034287453
2174.400146,-1.043538094
2174.5,-1.037053108
2174.600098,-1.044968605
2174.699951,-1.037577629
2174.800049,-1.03938961
2174.900146,-1.038340569
2175,-1.038137913
2175.100098,-1.03681469
2175.199951,-1.038006783
2175.300049,-1.037291527
2175.400146,-1.036790848
2175.5,-1.037529945
2175.600098,-1.034335136
2175.699951,-1.041249275
2175.800049,-1.03605175
2175.900146,-1.03643322
2176,-1.038435936
2176.100098,-1.037434578
2176.199951,-1.034859657
2176.300049,-1.032618523
2176.400146,-1.035884857
2176.5,-1.037911415
2176.600098,-1.038149834
2176.699951,-1.036576271
2176.800049,-1.035813332
2176.900146,-1.034430504
2177,-1.036385536
2177.100098,-1.040200233
2177.199951,-1.039532661
2177.300049,-1.034287453
2177.400146,-1.03142643
2177.5,-1.036957741
2177.600098,-1.033810616
2177.699951,-1.039103508
2177.800049,-1.028756142
2177.900146,-1.037482262
2178,-1.041964531
2178.100098,-1.032618523
2178.199951,-1.029471397
2178.300049,-1.037577629
2178.400146,-1.036004066
2178.5,-1.037291527
2178.600098,-1.041916847
2178.699951,-1.03938961
2178.800049,-1.038388252
2178.900146,-1.039961815
2179,-1.03938961
2179.100098,-1.026133537
2179.199951,-1.041296959
2179.300049,-1.032189369
2179.400146,-1.035241127
2179.5,-1.032487392
2179.600098,-1.029614449
2179.699951,-1.032904625
2179.800049,-1.026705742
2179.900146,-1.037005424
2180,-1.035431862
2180.100098,-1.039103508
2180.199951,-1.039866447
2180.300049,-1.037541866
2180.400146,-1.035765648
2180.5,-1.035431862
2180.600098,-1.032380104
2180.699951,-1.039437294
2180.800049,-1.035574913
2180.900146,-1.037291527
2181,-1.03400135
2181.100098,-1.031569481
2181.199951,-1.031569481
2181.300049,-1.032856941
2181.400146,-1.032594681
2181.5,-1.032284737
2181.600098,-1.033667564
2181.699951,-1.03605175
2181.800049,-1.033679485
2181.900146,-1.032666206
2182,-1.03233242
2182.100098,-1.032678127
2182.199951,-1.033858299
2182.300049,-1.031855583
2182.400146,-1.031807899
2182.5,-1.030711174
2182.600098,-1.030806541
2182.699951,-1.037959099
2182.800049,-1.032618523
2182.900146,-1.036767006
2183,-1.035586834
2183.100098,-1.035527229
2183.199951,-1.037434578
2183.300049,-1.026228905
2183.400146,-1.039055824
2183.5,-1.032237053
2183.600098,-1.034478188
2183.699951,-1.038054466
2183.800049,-1.036111355
2183.900146,-1.035431862
2184,-1.036480904
2184.100098,-1.02899456
2184.199951,-1.039341927
2184.300049,-1.024035454
2184.400146,-1.027850151
2184.5,-1.033143044
2184.600098,-1.031903267
2184.699951,-1.033214569
2184.800049,-1.033429146
2184.900146,-1.03438282
2185,-1.033143044
2185.100098,-1.025704384
2185.199951,-1.02603817
2185.300049,-1.034335136
2185.400146,-1.034525871
2185.5,-1.036135197
2185.600098,-1.03810215
2185.699951,-1.037577629
2185.800049,-1.035241127
2185.900146,-1.035002708
2186,-1.030282021
2186.100098,-1.029519081
2186.199951,-1.029232979
2186.300049,-1.032904625
2186.400146,-1.038817406
2186.5,-1.032523155
2186.600098,-1.034192085
2186.699951,-1.032141685
2186.800049,-1.028923035
2186.900146,-1.024607658
2187,-1.02475071
2187.100098,-1.027635574
2187.199951,-1.028803825
2187.300049,-1.032380104
2187.400146,-1.038769722
2187.5,-1.032809258
2187.600098,-1.033333778
2187.699951,-1.030949593
2187.800049,-1.030806541
2187.900146,-1.035431862
2188,-1.038340569
2188.100098,-1.031521797
2188.199951,-1.029995918
2188.300049,-1.031760216
2188.400146,-1.029566765
2188.5,-1.027468681
2188.600098,-1.032237053
2188.699951,-1.029232979
2188.800049,-1.028040886
2188.900146,-1.031760216
2189,-1.033143044
2189.100098,-1.026848793
2189.199951,-1.031807899
2189.300049,-1.026228905
2189.400146,-1.03066349
2189.5,-1.026276588
2189.600098,-1.028422356
2189.699951,-1.028708458
2189.800049,-1.02641964
2189.900146,-1.02398777
2190,-1.035431862
2190.100098,-1.031092644
2190.199951,-1.023081779
2190.300049,-1.025799751
2190.400146,-1.029328346
2190.5,-1.02732563
2190.600098,-1.028183937
2190.699951,-1.02808857
2190.800049,-1.026252747
2190.900146,-1.024846077
2191,-1.023892403
2191.100098,-1.029614449
2191.199951,-1.024416924
2191.300049,-1.036099434
2191.400146,-1.027468681
2191.5,-1.030568123
2191.600098,-1.022271156
2191.699951,-1.032761574
2191.800049,-1.02732563
2191.900146,-1.026467323
2192,-1.025036812
2192.100098,-1.027230263
2192.199951,-1.032904625
2192.300049,-1.032618523
2192.400146,-1.030639648
2192.5,-1.027611732
2192.600098,-1.029423714
2192.699951,-1.024130821
2192.800049,-1.02808857
2192.900146,-1.029852867
2193,-1.024464607
2193.100098,-1.019791603
2193.199951,-1.026896477
2193.300049,-1.022366524
2193.400146,-1.030711174
2193.5,-1.029423714
2193.600098,-1.026515007
2193.699951,-1.017884254
2193.800049,-1.019124031
2193.900146,-1.026991844
2194,-1.025847435
2194.100098,-1.026157379
2194.199951,-1.025418282
2194.300049,-1.026371956
2194.400146,-1.025513649
2194.5,-1.026181221
2194.600098,-1.024607658
2194.699951,-1.025358677
2194.800049,-1.025132179
2194.900146,-1.025513649
2195,-1.025990486
2195.100098,-1.026348114
2195.199951,-1.02603817
2195.300049,-1.027850151
2195.400146,-1.022652626
2195.5,-1.017979622
2195.600098,-1.023940086
2195.699951,-1.026753426
2195.800049,-1.019839287
2195.900146,-1.022795677
2196,-1.023892403
2196.100098,-1.024559975
2196.199951,-1.02527523
2196.300049,-1.02527523
2196.400146,-1.02436924
2196.5,-1.026896477
2196.600098,-1.024559975
2196.699951,-1.024941444
2196.800049,-1.023558617
2196.900146,-1.02475071
2197,-1.021508217
2197.100098,-1.018885612
2197.199951,-1.018837929
2197.300049,-1.019124031
2197.400146,-1.019350529
2197.5,-1.021794319
2197.600098,-1.017645836
2197.699951,-1.021985054
2197.800049,-1.020745277
2197.900146,-1.017645836
2198,-1.022604942
2198.100098,-1.020888329
2198.199951,-1.018826008
2198.300049,-1.01602459
2198.400146,-1.015786171
2198.5,-1.019648552
2198.600098,-1.02270031
2198.699951,-1.02193737
2198.800049,-1.019028664
2198.900146,-1.015929222
2199,-1.016167641
2199.100098,-1.020602226
2199.199951,-1.018694878
2199.300049,-1.019076347
2199.400146,-1.018933296
2199.5,-1.017765045
2199.600098,-1.014212608
2199.699951,-1.018837929
2199.800049,-1.022557259
2199.900146,-1.02193737
2200,-1.016310692
2200.100098,-1.023701668
2200.199951,-1.013640404
2200.300049,-1.02270031
2200.400146,-1.017216682
2200.5,-1.017598152
2200.600098,-1.014832497
2200.699951,-1.012925148
2200.800049,-1.019314766
2200.900146,-1.017931938
2201,-1.021412849
2201.100098,-1.020745277
2201.199951,-1.017514706
2201.300049,-1.01488018
2201.400146,-1.013020515
2201.5,-1.018027306
2201.600098,-1.015357018
2201.699951,-1.02527523
2201.800049,-1.014927864
2201.900146,-1.019886971
2202,-1.016787529
2202.100098,-1.014927864
2202.199951,-1.020602226
2202.300049,-1.014737129
2202.400146,-1.02064991
2202.5,-1.018313408
2202.600098,-1.02064991
2202.699951,-1.017264366
2202.800049,-1.016501427
2202.900146,-1.017586231
2203,-1.01898098
2203.100098,-1.017598152
2203.199951,-1.024130821
2203.300049,-1.010207176
2203.400146,-1.022938728
2203.5,-1.020792961
2203.600098,-1.017502785
2203.699951,-1.017550468
2203.800049,-1.01757431
2203.900146,-1.016406059
2204,-1.018837929
2204.100098,-1.021532059
2204.199951,-1.025847435
2204.300049,-1.025036812
2204.400146,-1.017025948
2204.5,-1.013306618
2204.600098,-1.015500069
2204.699951,-1.015452385
2204.800049,-1.018122673
2204.900146,-1.013878822
2205,-1.019457817
2205.100098,-1.018837929
2205.199951,-1.018837929
2205.300049,-1.017884254
2205.400146,-1.018778324
2205.5,-1.01859951
2205.600098,-1.019791603
2205.699951,-1.018790245
2205.800049,-1.012591362
2205.900146,-1.015833855
2206,-1.022032738
2206.100098,-1.012734413
2206.199951,-1.007966042
2206.300049,-1.01654911
2206.400146,-1.020745277
2206.5,-1.015738487
2206.600098,-1.011494637
2206.699951,-1.01397419
2206.800049,-1.018027306
2206.900146,-1.016835213
2207,-1.012162209
2207.100098,-1.020554543
2207.199951,-1.017455101
2207.300049,-1.014164925
2207.400146,-1.012782097
2207.5,-1.016119957
2207.600098,-1.010302544
2207.699951,-1.014355659
2207.800049,-1.010493279
2207.900146,-1.008872032
2208,-1.017025948
2208.100098,-1.013163567
2208.199951,-1.015976906
2208.300049,-1.016310692
2208.400146,-1.014069557
2208.5,-1.009921074
2208.600098,-1.018170357
2208.699951,-1.014594078
2208.800049,-1.007107735
2208.900146,-1.011494637
2209,-1.008872032
2209.100098,-1.008013725
2209.199951,-1.010469437
2209.300049,-1.012734413
2209.400146,-1.012257576
2209.5,-1.015452385
2209.600098,-1.013163567
2209.699951,-1.014975548
2209.800049,-1.013342381
2209.900146,-1.013306618
2210,-1.01192379
2210.100098,-1.010612488
2210.199951,-1.008442879
2210.300049,-1.008776665
2210.400146,-1.015929222
2210.5,-1.009110451
2210.600098,-1.001767159
2210.699951,-1.010922432
2210.800049,-1.009301186
2210.900146,-1.005343437
2211,-1.014975548
2211.100098,-1.007155418
2211.199951,-1.016644478
2211.300049,-1.008252144
2211.400146,-1.008490562
2211.5,-1.009086609
2211.600098,-1.008919716
2211.699951,-1.010684013
2211.800049,-1.008872032
2211.900146,-1.013401985
2212,-1.012639046
2212.100098,-1.009205818
2212.199951,-1.005057335
2212.300049,-1.010540962
2212.400146,-1.015833855
2212.5,-1.008919716
2212.600098,-1.006726265
2212.699951,-1.006392479
2212.800049,-1.009849548
2212.900146,-1.012734413
2213,-1.013545036
2213.100098,-1.004771233
2213.199951,-1.003149986
2213.300049,-1.014927864
2213.400146,-1.011828423
2213.5,-1.006821632
2213.600098,-1.010874748
2213.699951,-1.004055977
2213.800049,-1.015213966
2213.900146,-1.010397911
2214,-1.005295753
2214.100098,-1.005820274
2214.199951,-1.010540962
2214.300049,-1.012209892
2214.400146,-1.009778023
2214.5,-1.009587288
2214.600098,-1.003531456
2214.699951,-1.009634972
2214.800049,-1.005200386
2214.900146,-1.01230526
2215,-1.014546394
2215.100098,-1.00782299
2215.199951,-1.004008293
2215.300049,-1.012686729
2215.400146,-1.00524807
2215.5,-1.006630898
2215.600098,-1.005867958
2215.699951,-1.004723549
2215.800049,-1.009825706
2215.900146,-1.00448513
2216,-1.009634972
2216.100098,-1.002196312
2216.199951,-1.007966042
2216.300049,-1.004818916
2216.400146,-1.006344795
2216.5,-1.004961967
2216.600098,-1.004342079
2216.699951,-1.005772591
2216.800049,-1.00345993
2216.900146,-1.000288963
2217,-1.003436089
2217.100098,-1.004103661
2217.199951,-1.00152874
2217.300049,-1.003912926
2217.400146,-1.002410889
2217.5,-1.001194954
2217.600098,-1.003006935
2217.699951,-1.00653553
2217.800049,-1.013449669
2217.900146,-1.00114727
2218,-1.006964684
2218.100098,-1.005724907
2218.199951,-1.00319767
2218.300049,-1.007775307
2218.400146,-1.002148628
2218.5,-1.003293037
2218.600098,-1.003817558
2218.699951,-1.007584572
2218.800049,-1.008299828
2218.900146,-1.00191021
2219,-1.001051903
2219.100098,-1.005915642
2219.199951,-1.009682655
2219.300049,-1.011017799
2219.400146,-1.006344795
2219.5,-1.006058693
2219.600098,-1.010540962
2219.699951,-1.008383274
2219.800049,-1.008633614
2219.900146,-1.008299828
2220,-1.009921074
2220.100098,-1.005867958
2220.199951,-1.000956535
2220.300049,-1.002005577
2220.400146,-1.001624107
2220.5,-1.002506256
2220.600098,-1.000813484
2220.699951,-1.005581856
2220.800049,-1.00858593
2220.900146,-1.002625465
2221,-0.999049187
2221.100098,-0.998715401
2221.199951,-1.00114727
2221.300049,-1.002911568
2221.400146,-1.003006935
2221.5,-1.005963326
2221.600098,-1.005105019
2221.699951,-1.002959251
2221.800049,-1.004818916
2221.900146,-1.008299828
2222,-1.007679939
2222.100098,-1.002387047
2222.199951,-1.004771233
2222.300049,-1.002530098
2222.400146,-1.000908852
2222.5,-1.003483772
2222.600098,-1.005009651
2222.699951,-1.003817558
2222.800049,-1.005486488
2222.900146,-1.00615406
2223,-1.007870674
2223.100098,-1.007441521
2223.199951,-1.003006935
2223.300049,-0.998286247
2223.400146,-1.002911568
2223.5,-1.007966042
2223.600098,-0.996283531
2223.699951,-0.993470192
2223.800049,-0.999132633
2223.900146,-1.002959251
2224,-1.003817558
2224.100098,-1.005403042
2224.199951,-1.007489204
2224.300049,-1.007346153
2224.400146,-1.001719475
2224.5,-0.997189522
2224.600098,-1.002482414
2224.699951,-1.004818916
2224.800049,-1.005534172
2224.900146,-1.00524807
2225,-1.001671791
2225.100098,-1.004628181
2225.199951,-1.002768517
2225.300049,-0.999382973
2225.400146,-1.000730038
2225.5,-1.000956535
2225.600098,-0.999812126
2225.699951,-1.000086308
2225.800049,-0.999764442
2225.900146,-0.999812126
2226,-0.994900703
2226.100098,-1.002339363
2226.199951,-1.008490562
2226.300049,-1.002530098
2226.400146,-0.996283531
2226.5,-0.99819088
2226.600098,-1.002434731
2226.699951,-0.997237206
2226.800049,-1.000861168
2226.900146,-0.994709969
2227,-0.998524666
2227.100098,-1.000145912
2227.199951,-0.996474266
2227.300049,-1.005057335
2227.400146,-0.999049187
2227.5,-1.002387047
2227.600098,-0.996855736
2227.699951,-0.993803978
2227.800049,-1.002863884
2227.900146,-1.003626823
2228,-0.995234489
2228.100098,-1.007679939
2228.199951,-0.988940239
2228.300049,-0.996712685
2228.400146,-0.999764442
2228.5,-0.995472908
2228.600098,-1.004437447
2228.699951,-0.998000145
2228.800049,-0.992182732
2228.900146,-1.004389763
2229,-0.992230415
2229.100098,-0.994519234
2229.199951,-0.995806694
2229.300049,-0.993517876
2229.400146,-0.997618675
2229.5,-0.996808052
2229.600098,-1.000384331
2229.699951,-0.999526024
2229.800049,-0.994757652
2229.900146,-0.994996071
2230,-0.996235847
2230.100098,-0.997618675
2230.199951,-0.994459629
2230.300049,-0.992754936
2230.400146,-0.991229057
2230.5,-0.993088722
2230.600098,-0.995568275
2230.699951,-0.992659569
2230.800049,-0.99485302
2230.900146,-0.99614048
2231,-0.98946476
2231.100098,-1.00152874
2231.199951,-0.995711327
2231.300049,-0.997475624
2231.400146,-0.994948387
2231.5,-0.993660927
2231.600098,-0.993613243
2231.699951,-0.996092796
2231.800049,-0.99075222
2231.900146,-1.000336647
2232,-0.992230415
2232.100098,-0.993708611
2232.199951,-0.992468834
2232.300049,-0.995449066
2232.400146,-0.999144554
2232.5,-0.996474266
2232.600098,-0.996998787
2232.699951,-1.000145912
2232.800049,-0.99511528
2232.900146,-0.992897987
2233,-0.990418434
2233.100098,-0.992361546
2233.199951,-0.994376183
2233.300049,-0.991753578
2233.400146,-0.991419792
2233.5,-0.992731094
2233.600098,-0.994900703
2233.699951,-0.992850304
2233.800049,-0.986699104
2233.900146,-0.991324425
2234,-0.994519234
2234.100098,-0.986842155
2234.199951,-0.988606453
2234.300049,-0.990656853
2234.400146,-0.987080574
2234.5,-0.991610527
2234.600098,-0.986317635
2234.699951,-0.99075222
2234.800049,-0.990656853
2234.900146,-0.991086006
2235,-0.991991997
2235.100098,-0.993041039
2235.199951,-0.99318409
2235.300049,-0.992564201
2235.400146,-0.99575901
2235.5,-0.990942955
2235.600098,-0.988081932
2235.699951,-0.996092796
2235.800049,-0.990084648
2235.900146,-0.985983849
2236,-0.990275383
2236.100098,-0.993994713
2236.199951,-0.988129616
2236.300049,-0.989750862
2236.400146,-0.991610527
2236.5,-0.990990639
2236.600098,-0.991086006
2236.699951,-0.990048885
2236.800049,-0.988892555
2236.900146,-0.989226341
2237,-0.989893913
2237.100098,-0.987986565
2237.199951,-0.98984623
2237.300049,-0.988463402
2237.400146,-0.985268593
2237.5,-0.987271309
2237.600098,-0.994519234
2237.699951,-0.987748146
2237.800049,-0.994614601
2237.900146,-0.989893913
2238,-0.989893913
2238.100098,-0.993279457
2238.199951,-0.992325783
2238.300049,-0.995615959
2238.400146,-0.990799904
2238.5,-0.998715401
2238.600098,-0.98536396
2238.699951,-0.988844872
2238.800049,-0.988081932
2238.900146,-0.989488602
2239,-0.991276741
2239.100098,-0.989750862
2239.199951,-0.989047527
2239.300049,-0.988129616
2239.400146,-0.98703289
2239.5,-0.987223625
2239.600098,-0.98703289
2239.699951,-0.989512444
2239.800049,-0.997570992
2239.900146,-0.991276741
2240,-0.985030174
2240.100098,-0.980690956
2240.199951,-0.989560127
2240.300049,-0.989035606
2240.400146,-0.993327141
2240.5,-0.988749504
2240.600098,-0.985173225
2240.699951,-0.990847588
2240.800049,-0.984171867
2240.900146,-0.985793114
2241,-0.988618374
2241.100098,-0.991658211
2241.199951,-0.992850304
2241.300049,-0.991705894
2241.400146,-0.99075222
2241.5,-0.987867355
2241.600098,-0.984410286
2241.699951,-0.984601021
2241.800049,-0.985292435
2241.900146,-0.984648705
2242,-0.987509727
2242.100098,-0.990227699
2242.199951,-0.986675262
2242.300049,-0.984267235
2242.400146,-0.984696388
2242.5,-0.988606453
2242.600098,-0.982264519
2242.699951,-0.991086006
2242.800049,-0.985125542
2242.900146,-0.98984623
2243,-0.986174583
2243.100098,-0.986031532
2243.199951,-0.982073784
2243.300049,-0.991372108
2243.400146,-0.983456612
2243.5,-0.992468834
2243.600098,-0.981978416
2243.699951,-0.991801262
2243.800049,-0.991753578
2243.900146,-0.987271309
2244,-0.979546547
2244.100098,-0.980690956
2244.199951,-0.98536396
2244.300049,-0.983742714
2244.400146,-0.986508369
2244.5,-0.987843513
2244.600098,-0.983885765
2244.699951,-0.979165077
2244.800049,-0.987843513
2244.900146,-0.985030174
2245,-0.990466118
2245.100098,-0.982645988
2245.199951,-0.988368034
2245.300049,-0.982073784
2245.400146,-0.986365318
2245.5,-0.985173225
2245.600098,-0.98445797
2245.699951,-0.982359886
2245.800049,-0.988081932
2245.900146,-0.985936165
2246,-0.985507011
2246.100098,-0.983790398
2246.199951,-0.983504295
2246.300049,-0.98870182
2246.400146,-0.984314919
2246.5,-0.986937523
2246.600098,-0.98703289
2246.699951,-0.982312202
2246.800049,-0.978783607
2246.900146,-0.980023384
2247,-0.984171867
2247.100098,-0.98331356
2247.199951,-0.983337402
2247.300049,-0.983504295
2247.400146,-0.984750032
2247.5,-0.986460686
2247.600098,-0.985697746
2247.699951,-0.98164463
2247.800049,-0.987318993
2247.900146,-0.9820261
2248,-0.979260445
2248.100098,-0.98369503
2248.199951,-0.976304054
2248.300049,-0.982169151
2248.400146,-0.973013878
2248.5,-0.984314919
2248.600098,-0.979737282
2248.699951,-0.98536396
2248.800049,-0.974635124
2248.900146,-0.978640556
2249,-0.978068352
2249.100098,-0.980679035
2249.199951,-0.982455254
2249.300049,-0.983551979
2249.400146,-0.981501579
2249.5,-0.977210045
2249.600098,-0.98445797
2249.699951,-0.975970268
2249.800049,-0.978783607
2249.900146,-0.981072426
2250,-0.981024742
2250.100098,-0.97945118
2250.199951,-0.980786324
2250.300049,-0.978497505
2250.400146,-0.98073864
2250.5,-0.981787682
2250.600098,-0.981883049
2250.699951,-0.98112011
2250.800049,-0.977353096
2250.900146,-0.979498863
2251,-0.977305412
2251.100098,-0.979641914
2251.199951,-0.982312202
2251.300049,-0.97906971
2251.400146,-0.979928017
2251.5,-0.979498863
2251.600098,-0.977674961
2251.699951,-0.976304054
2251.800049,-0.977934241
2251.900146,-0.97868824
2252,-0.976783127
2252.100098,-0.97496891
2252.199951,-0.975541115
2252.300049,-0.977114677
2252.400146,-0.977639198
2252.5,-0.976280212
2252.600098,-0.974825859
2252.699951,-0.975541115
2252.800049,-0.97663784
2252.900146,-0.978545189
2253,-0.981453896
2253.100098,-0.980547905
2253.199951,-0.980690956
2253.300049,-0.97573185
2253.400146,-0.973776817
2253.5,-0.981453896
2253.600098,-0.972250938
2253.699951,-0.979260445
2253.800049,-0.973872185
2253.900146,-0.979641914
2254,-0.976685524
2254.100098,-0.979546547
2254.199951,-0.977210045
2254.300049,-0.979165077
2254.400146,-0.981072426
2254.5,-0.977305412
2254.600098,-0.978974342
2254.699951,-0.977877617
2254.800049,-0.980500221
2254.900146,-0.978378296
2255,-0.97740078
2255.100098,-0.977734566
2255.199951,-0.980309486
2255.300049,-0.979176998
2255.400146,-0.979737282
2255.5,-0.978926659
2255.600098,-0.980834007
2255.699951,-0.978211403
2255.800049,-0.976304054
2255.900146,-0.976780891
2256,-0.977162361
2256.100098,-0.97586298
2256.199951,-0.974492073
2256.300049,-0.975016594
2256.400146,-0.976411343
2256.5,-0.978068352
2256.600098,-0.978068352
2256.699951,-0.977162361
2256.800049,-0.983885765
2256.900146,-0.976828575
2257,-0.984791756
2257.100098,-0.979737282
2257.199951,-0.970582008
2257.300049,-0.978354454
2257.400146,-0.972250938
2257.5,-0.978878975
2257.600098,-0.977066994
2257.699951,-0.981739998
2257.800049,-0.978497505
2257.900146,-0.97329998
2258,-0.977591515
2258.100098,-0.976161003
2258.199951,-0.976661682
2258.300049,-0.977877617
2258.400146,-0.975016594
2258.5,-0.980023384
2258.600098,-0.977066994
2258.699951,-0.980881691
2258.800049,-0.977734566
2258.900146,-0.977591515
2259,-0.979784966
2259.100098,-0.977686882
2259.199951,-0.980929375
2259.300049,-0.974635124
2259.400146,-0.978640556
2259.5,-0.985602379
2259.600098,-0.97740078
2259.699951,-0.971201897
2259.800049,-0.979498863
2259.900146,-0.975445747
2260,-0.978640556
2260.100098,-0.983361244
2260.199951,-0.975541115
2260.300049,-0.972155571
2260.400146,-0.974492073
2260.5,-0.973884106
2260.600098,-0.975302696
2260.699951,-0.973586082
2260.800049,-0.973121166
2260.900146,-0.972060204
2261,-0.971535683
2261.100098,-0.975207329
2261.199951,-0.969437599
2261.300049,-0.975016594
2261.400146,-0.974873543
2261.5,-0.974778175
2261.600098,-0.974492073
2261.699951,-0.974539757
2261.800049,-0.974909306
2261.900146,-0.975684166
2262,-0.974921227
2262.100098,-0.972537041
2262.199951,-0.969914436
2262.300049,-0.985793114
2262.400146,-0.967291832
2262.5,-0.974730492
2262.600098,-0.971058846
2262.699951,-0.971821785
2262.800049,-0.971964836
2262.900146,-0.973347664
2263,-0.96791172
2263.100098,-0.975827217
2263.199951,-0.971344948
2263.300049,-0.970772743
2263.400146,-0.972167492
2263.5,-0.974730492
2263.600098,-0.971821785
2263.699951,-0.968722343
2263.800049,-0.974349022
2263.900146,-0.973443031
2264,-0.976590157
2264.100098,-0.971917152
2264.199951,-0.97573185
2264.300049,-0.973061562
2264.400146,-0.973347664
2264.5,-0.972048283
2264.600098,-0.968770027
2264.699951,-0.973013878
2264.800049,-0.966195107
2264.900146,-0.973586082
2265,-0.964430809
2265.100098,-0.974730492
2265.199951,-0.970915794
2265.300049,-0.972632408
2265.400146,-0.97124958
2265.5,-0.973061562
2265.600098,-0.975016594
2265.699951,-0.969008446
2265.800049,-0.975541115
2265.900146,-0.963620186
2266,-0.970772743
2266.100098,-0.975159645
2266.199951,-0.966767311
2266.300049,-0.973443031
2266.400146,-0.966528893
2266.5,-0.964001656
2266.600098,-0.97072506
2266.699951,-0.975398064
2266.800049,-0.967577934
2266.900146,-0.968436241
2267,-0.968340874
2267.100098,-0.967029572
2267.199951,-0.965622902
2267.300049,-0.965718269
2267.400146,-0.966803074
2267.5,-0.967101097
2267.600098,-0.968770027
2267.699951,-0.969723701
2267.800049,-0.966147423
2267.900146,-0.969676018
2268,-0.966433525
2268.100098,-0.963858604
2268.199951,-0.967637539
2268.300049,-0.970295906
2268.400146,-0.96996212
2268.5,-0.967720985
2268.600098,-0.970534325
2268.699951,-0.967577934
2268.800049,-0.966147423
2268.900146,-0.968960762
2269,-0.967244148
2269.100098,-0.970903873
2269.199951,-0.969008446
2269.300049,-0.978402138
2269.400146,-0.960091591
2269.5,-0.967959404
2269.600098,-0.971058846
2269.699951,-0.961474419
2269.800049,-0.969294548
2269.900146,-0.966671944
2270,-0.966576576
2270.100098,-0.967971325
2270.199951,-0.968626976
2270.300049,-0.970009804
2270.400146,-0.967530251
2270.5,-0.967196465
2270.600098,-0.9653368
2270.699951,-0.965909004
2270.800049,-0.967148781
2270.900146,-0.971058846
2271,-0.961951256
2271.100098,-0.967816353
2271.199951,-0.958518028
2271.300049,-0.964335442
2271.400146,-0.963047981
2271.5,-0.966576576
2271.600098,-0.968102455
2271.699951,-0.969151497
2271.800049,-0.964812279
2271.900146,-0.967673302
2272,-0.962046623
2272.100098,-0.961903572
2272.199951,-0.962273121
2272.300049,-0.961903572
2272.400146,-0.963238716
2272.5,-0.968245506
2272.600098,-0.961569786
2272.699951,-0.966862679
2272.800049,-0.969056129
2272.900146,-0.969008446
2273,-0.958661079
2273.100098,-0.972537041
2273.199951,-0.961188316
2273.300049,-0.963620186
2273.400146,-0.968102455
2273.5,-0.965622902
2273.600098,-0.967387199
2273.699951,-0.962714195
2273.800049,-0.963715553
2273.900146,-0.965527534
2274,-0.965813637
2274.100098,-0.962189674
2274.199951,-0.966147423
2274.300049,-0.96085453
2274.400146,-0.960949898
2274.5,-0.964907646
2274.600098,-0.958899498
2274.699951,-0.964859962
2274.800049,-0.968626976
2274.900146,-0.960711479
2275,-0.964621544
2275.100098,-0.961188316
2275.199951,-0.964335442
2275.300049,-0.958470345
2275.400146,-0.960914135
2275.5,-0.961283684
2275.600098,-0.95956707
2275.699951,-0.961760521
2275.800049,-0.960759163
2275.900146,-0.961140633
2276,-0.95994854
2276.100098,-0.958184242
2276.199951,-0.959710121
2276.300049,-0.969866753
2276.400146,-0.966910362
2276.5,-0.96290493
2276.600098,-0.958518028
2276.699951,-0.958088875
2276.800049,-0.968197823
2276.900146,-0.968197823
2277,-0.965444088
2277.100098,-0.961665154
2277.199951,-0.963715553
2277.300049,-0.961283684
2277.400146,-0.961688995
2277.5,-0.960806847
2277.600098,-0.960949898
2277.699951,-0.961092949
2277.800049,-0.962094307
2277.900146,-0.959042549
2278,-0.963572502
2278.100098,-0.962141991
2278.199951,-0.963810921
2278.300049,-0.958804131
2278.400146,-0.954321861
2278.5,-0.963953972
2278.600098,-0.962428093
2278.699951,-0.957039833
2278.800049,-0.961951256
2278.900146,-0.953034401
2279,-0.961903572
2279.100098,-0.95751667
2279.199951,-0.961522102
2279.300049,-0.955180168
2279.400146,-0.955370903
2279.5,-0.961140633
2279.600098,-0.967959404
2279.699951,-0.957039833
2279.800049,-0.955037117
2279.900146,-0.957802773
2280,-0.960377693
2280.100098,-0.964001656
2280.199951,-0.963953972
2280.300049,-0.961808205
2280.400146,-0.958661079
2280.5,-0.961331367
2280.600098,-0.958804131
2280.699951,-0.962714195
2280.800049,-0.959757805
2280.900146,-0.956372261
2281,-0.962332726
2281.100098,-0.956276894
2281.199951,-0.955513954
2281.300049,-0.958518028
2281.400146,-0.956324577
2281.5,-0.954131126
2281.600098,-0.960663795
2281.699951,-0.957707405
2281.800049,-0.955752373
2281.900146,-0.965289116
2282,-0.94712162
2282.100098,-0.957612038
2282.199951,-0.957659721
2282.300049,-0.954131126
2282.400146,-0.959233284
2282.5,-0.953558922
2282.600098,-0.960091591
2282.699951,-0.955132484
2282.800049,-0.95417881
2282.900146,-0.957612038
2283,-0.958231926
2283.100098,-0.954631805
2283.199951,-0.950268745
2283.300049,-0.952414513
2283.400146,-0.953034401
2283.5,-0.954894066
2283.600098,-0.953129768
2283.699951,-0.948075294
2283.800049,-0.946072578
2283.900146,-0.955180168
2284,-0.960759163
2284.100098,-0.955657005
2284.199951,-0.958756447
2284.300049,-0.959328651
2284.400146,-0.954894066
2284.5,-0.951508522
2284.600098,-0.954989433
2284.699951,-0.946406364
2284.800049,-0.952414513
2284.900146,-0.950697899
2285,-0.95045948
2285.100098,-0.953558922
2285.199951,-0.95494175
2285.300049,-0.949219704
2285.400146,-0.947741508
2285.5,-0.955752373
2285.600098,-0.953177452
2285.699951,-0.955180168
2285.800049,-0.953165531
2285.900146,-0.952843666
2286,-0.951460838
2286.100098,-0.950411797
2286.199951,-0.949505806
2286.300049,-0.95186615
2286.400146,-0.954369545
2286.5,-0.953177452
2286.600098,-0.946358681
2286.699951,-0.947598457
2286.800049,-0.952795982
2286.900146,-0.949934959
2287,-0.952319145
2287.100098,-0.948552132
2287.199951,-0.956324577
2287.300049,-0.952080727
2287.400146,-0.952652931
2287.5,-0.946787834
2287.600098,-0.950030327
2287.699951,-0.946454048
2287.800049,-0.953082085
2287.900146,-0.953606606
2288,-0.954083443
2288.100098,-0.948409081
2288.199951,-0.943688393
2288.300049,-0.94955349
2288.400146,-0.948742867
2288.5,-0.96161747
2288.600098,-0.946120262
2288.699951,-0.956133842
2288.800049,-0.949410439
2288.900146,-0.947073936
2289,-0.950316429
2289.100098,-0.952271461
2289.199951,-0.952748299
2289.300049,-0.958041191
2289.400146,-0.955430508
2289.5,-0.956038475
2289.600098,-0.954894066
2289.699951,-0.949839592
2289.800049,-0.95084095
2289.900146,-0.946787834
2290,-0.942830086
2290.100098,-0.953511238
2290.199951,-0.949887276
2290.300049,-0.948504448
2290.400146,-0.948421001
2290.5,-0.946549416
2290.600098,-0.948742867
2290.699951,-0.952414513
2290.800049,-0.945881844
2290.900146,-0.956467628
2291,-0.945786476
2291.100098,-0.954894066
2291.199951,-0.943259239
2291.300049,-0.958327293
2291.400146,-0.950078011
2291.5,-0.953225136
2291.600098,-0.952795982
2291.699951,-0.951699257
2291.800049,-0.954751015
2291.900146,-0.945309639
2292,-0.948170662
2292.100098,-0.952223778
2292.199951,-0.948075294
2292.300049,-0.950650215
2292.400146,-0.949315071
2292.5,-0.946930885
2292.600098,-0.950364113
2292.699951,-0.951699257
2292.800049,-0.947979927
2292.900146,-0.946454048
2293,-0.94955349
2293.100098,-0.957087517
2293.199951,-0.94750309
2293.300049,-0.954274178
2293.400146,-0.951937675
2293.5,-0.949219704
2293.600098,-0.951794624
2293.699951,-0.945548058
2293.800049,-0.952462196
2293.900146,-0.950364113
2294,-0.951329708
2294.100098,-0.951651573
2294.199951,-0.95084095
2294.300049,-0.952140331
2294.400146,-0.952033043
2294.5,-0.954035759
2294.600098,-0.943116188
2294.699951,-0.955084801
2294.800049,-0.948456764
2294.900146,-0.951460838
2295,-0.942353249
2295.100098,-0.947407722
2295.199951,-0.945250034
2295.300049,-0.945786476
2295.400146,-0.94545269
2295.5,-0.953225136
2295.600098,-0.949410439
2295.699951,-0.952986717
2295.800049,-0.948075294
2295.900146,-0.948599815
2296,-0.949493885
2296.100098,-0.95045948
2296.199951,-0.95084095
2296.300049,-0.947026253
2296.400146,-0.944117546
2296.5,-0.944928169
2296.600098,-0.940588951
2296.699951,-0.942782402
2296.800049,-0.944689751
2296.900146,-0.948456764
2297,-0.944928169
2297.100098,-0.949934959
2297.199951,-0.94340229
2297.300049,-0.951746941
2297.400146,-0.943068504
2297.5,-0.948456764
2297.600098,-0.946644783
2297.699951,-0.946251392
2297.800049,-0.945023537
2297.900146,-0.944880486
2298,-0.944832802
2298.100098,-0.948075294
2298.199951,-0.942353249
2298.300049,-0.945548058
2298.400146,-0.943736076
2298.5,-0.948885918
2298.600098,-0.946930885
2298.699951,-0.941304207
2298.800049,-0.948456764
2298.900146,-0.943259239
2299,-0.938681602
2299.100098,-0.942543983
2299.199951,-0.941208839
2299.300049,-0.947264671
2299.400146,-0.946930885
2299.5,-0.943259239
2299.600098,-0.944665909
2299.699951,-0.944975853
2299.800049,-0.943497658
2299.900146,-0.943068504
2300,-0.941065788
2300.100098,-0.942353249
2300.199951,-0.945214272
2300.300049,-0.94378376
2300.400146,-0.943163872
2300.5,-0.944129467
2300.600098,-0.945548058
2300.699951,-0.944022179
2300.800049,-0.950030327
2300.900146,-0.941924095
2301,-0.934389591
2301.100098,-0.944069862
2301.199951,-0.946024895
2301.300049,-0.945214272
2301.400146,-0.945929527
2301.5,-0.940922737
2301.600098,-0.943736076
2301.699951,-0.93629694
2301.800049,-0.944117546
2301.900146,-0.942305565
2302,-0.943306923
2302.100098,-0.941590309
2302.199951,-0.938347816
2302.300049,-0.940732002
2302.400146,-0.939957142
2302.5,-0.94211483
2302.600098,-0.938633919
2302.699951,-0.942162514
2302.800049,-0.942257881
2302.900146,-0.940159798
2303,-0.9414711
2303.100098,-0.940922737
2303.199951,-0.942543983
2303.300049,-0.941351891
2303.400146,-0.94082737
2303.5,-0.943306923
2303.600098,-0.940016747
2303.699951,-0.944928169
2303.800049,-0.942019463
2303.900146,-0.930002689
2304,-0.945357323
2304.100098,-0.936583042
2304.199951,-0.942734718
2304.300049,-0.932482243
2304.400146,-0.935295582
2304.5,-0.934771061
2304.600098,-0.936010838
2304.699951,-0.935295582
2304.800049,-0.938824654
2304.900146,-0.941971779
2305,-0.943116188
2305.100098,-0.943020821
2305.199951,-0.946501732
2305.300049,-0.940875053
2305.400146,-0.947312355
2305.5,-0.937441349
2305.600098,-0.934103489
2305.699951,-0.927666187
2305.800049,-0.939206123
2305.900146,-0.9445467
2306,-0.937966347
2306.100098,-0.937632561
2306.199951,-0.937823296
2306.300049,-0.937799335
2306.400146,-0.936821461
2306.5,-0.938920021
2306.600098,-0.936106324
2306.699951,-0.935486317
2306.800049,-0.933197498
2306.900146,-0.940350533
2307,-0.944355965
2307.100098,-0.936249256
2307.199951,-0.936106205
2307.300049,-0.937000394
2307.400146,-0.938729286
2307.5,-0.936916828
2307.600098,-0.941447258
2307.699951,-0.936726093
2307.800049,-0.938872337
2307.900146,-0.937048078
2308,-0.936249256
2308.100098,-0.936344624
2308.199951,-0.937393665
2308.300049,-0.937036037
2308.400146,-0.937059879
2308.5,-0.937345982
2308.600098,-0.941208839
2308.699951,-0.937632561
2308.800049,-0.93462801
2308.900146,-0.936821461
2309,-0.941542625
2309.100098,-0.937501073
2309.199951,-0.935438633
2309.300049,-0.936201572
2309.400146,-0.93721509
2309.5,-0.938300133
2309.600098,-0.938920021
2309.699951,-0.93955183
2309.800049,-0.940970421
2309.900146,-0.940016747
2310,-0.935581684
2310.100098,-0.934008121
2310.199951,-0.933817387
2310.300049,-0.934675694
2310.400146,-0.940016747
2310.5,-0.938109398
2310.600098,-0.93462801
2310.699951,-0.942019463
