CA i vs t,
s,ÊA
0,-6.25
0.100000001,-32.37903595
0.200000003,-25.95077133
0.300000012,-22.7583313
0.400000006,-20.81378555
0.5,-19.45288658
0.600000024,-18.4729805
0.699999988,-17.67189026
0.800000012,-17.06106186
0.900000036,-16.56753159
1,-16.1159668
1.100000024,-15.720191
1.200000048,-15.39402962
1.300000072,-15.09409904
1.399999976,-14.83088493
1.5,-14.58722115
1.600000024,-14.36501026
1.700000048,-14.15281773
1.800000072,-13.97448063
1.899999976,-13.78946781
2,-13.6263895
2.100000143,-13.44614506
2.200000048,-13.32026005
2.299999952,-13.16481113
2.400000095,-13.04702759
2.5,-12.89730072
2.600000143,-12.79001236
2.700000048,-12.67652512
2.799999952,-12.5544548
2.900000095,-12.44812012
3,-12.34703064
3.100000143,-12.23735809
3.200000048,-12.13769913
3.299999952,-12.0423317
3.400000095,-11.94648743
3.5,-11.87114239
3.600000143,-11.78864956
3.700000048,-11.69614315
3.799999952,-11.61174297
3.900000095,-11.53068066
4,-11.44580364
4.099999905,-11.36998653
4.200000286,-11.2951231
4.300000191,-11.21406078
4.400000095,-11.1539793
4.5,-11.07005596
4.599999905,-11.01474285
4.700000286,-10.94178677
4.800000191,-10.86835384
4.900000095,-10.79682827
5,-10.7381773
5.099999905,-10.6637907
5.200000286,-10.61467171
5.300000191,-10.54505348
5.400000095,-10.47591209
5.5,-10.4105854
5.599999905,-10.36099434
5.700000286,-10.30425072
5.800000191,-10.24464607
5.900000095,-10.1693058
6,-10.11494637
6.099999905,-10.05295753
6.200000286,-10.01671791
6.300000191,-9.958543777
6.400000095,-9.894647598
6.5,-9.842672348
6.599999905,-9.789743423
6.700000286,-9.726324081
6.800000191,-9.684839249
6.900000095,-9.638586044
7,-9.593286514
7.099999905,-9.526529312
7.200000286,-9.486474991
7.300000191,-9.441175461
7.400000095,-9.374895096
7.5,-9.334836006
7.599999905,-9.277615547
7.700000286,-9.233269691
7.800000191,-9.191784859
7.900000095,-9.134087563
8,-9.101662636
8.100000381,-9.057793617
8.199999809,-9.002480507
8.300000191,-8.951935768
8.400000572,-8.916172981
8.5,-8.865151405
8.600000381,-8.831772804
8.699999809,-8.7855196
8.800000191,-8.753094673
8.900000572,-8.702549934
9,-8.672032356
9.100000381,-8.615288734
9.199999809,-8.591923714
9.300000191,-8.541855812
9.400000572,-8.51038456
9.5,-8.460793495
9.600000381,-8.427891731
9.699999809,-8.389267921
9.800000191,-8.351120949
9.900000572,-8.318696022
10,-8.271965981
10.10000038,-8.227620125
10.19999981,-8.206162453
10.30000019,-8.17135334
10.40000057,-8.128437996
10.5,-8.094100952
10.60000038,-8.055477142
10.69999981,-8.023052216
10.80000019,-7.98871994
10.90000057,-7.956771851
11,-7.919101715
11.10000038,-7.891921997
11.19999981,-7.85615921
11.30000019,-7.817058563
11.40000057,-7.784633636
11.5,-7.757453918
11.60000038,-7.731704712
11.69999981,-7.686405182
11.80000019,-7.657794952
11.90000057,-7.622509003
12,-7.583408356
12.10000038,-7.561950684
12.19999981,-7.53238678
12.30000019,-7.50043869
12.40000057,-7.469444275
12.5,-7.450370789
12.60000038,-7.414131165
12.69999981,-7.372169495
12.80000019,-7.355480194
12.90000057,-7.308273315
13,-7.282047272
13.10000038,-7.273464203
13.19999981,-7.229595184
13.30000019,-7.211952209
13.40000057,-7.18000412
13.5,-7.14471817
13.60000038,-7.119922638
13.69999981,-7.090835571
13.80000019,-7.067470551
13.90000057,-7.051734924
14,-7.010726929
14.10000038,-6.97687149
14.19999981,-6.961612701
14.30000019,-6.927757263
14.40000057,-6.905822754
14.5,-6.881504059
14.60000038,-6.845259666
14.69999981,-6.840968132
14.80000019,-6.808066368
14.90000057,-6.766104698
15,-6.760859489
15.10000038,-6.72223568
15.19999981,-6.704592705
15.30000019,-6.671690941
15.40000057,-6.64498806
15.5,-6.625437737
15.60000038,-6.585860252
15.69999981,-6.574892998
15.80000019,-6.55772686
15.90000057,-6.526255608
16,-6.508135796
16.10000038,-6.484293938
16.20000076,-6.457591057
16.30000114,-6.434226036
16.39999962,-6.414198875
16.5,-6.385111809
16.60000038,-6.377959251
16.70000076,-6.358408928
16.80000114,-6.320261955
16.89999962,-6.30261898
17,-6.279730797
17.10000038,-6.260180473
17.20000076,-6.24063015
17.30000114,-6.227278709
17.39999962,-6.212496758
17.5,-6.167674065
17.60000038,-6.157183647
17.70000076,-6.136202812
17.80000114,-6.117129326
17.89999962,-6.095671654
18,-6.075644493
18.10000038,-6.047987938
18.20000076,-6.02080822
18.30000114,-6.005072594
18.39999962,-5.995535851
18.5,-5.970263481
18.60000038,-5.947852135
18.70000076,-5.941176414
18.80000114,-5.909705162
18.89999962,-5.873465538
19,-5.883002281
19.10000038,-5.858683586
19.20000076,-5.833411217
19.30000114,-5.818629265
19.39999962,-5.780959129
19.5,-5.777621269
19.60000038,-5.766177177
19.70000076,-5.753779411
19.80000114,-5.734705925
19.89999962,-5.703234673
20,-5.677962303
20.10000038,-5.673193932
20.20000076,-5.652689934
20.30000114,-5.641245842
20.39999962,-5.619783401
20.5,-5.600233078
20.60000038,-5.581159592
20.70000076,-5.56637764
20.80000114,-5.552072525
20.89999962,-5.537290573
21,-5.519170761
21.10000038,-5.498666763
21.20000076,-5.47244072
21.30000114,-5.458135605
21.39999962,-5.448598862
21.5,-5.434770584
21.60000038,-5.422372818
21.70000076,-5.402822495
21.80000114,-5.379934311
21.89999962,-5.365152359
22,-5.342264175
22.10000038,-5.330820084
22.20000076,-5.325098038
22.30000114,-5.296487808
22.39999962,-5.299348831
22.5,-5.27598381
22.60000038,-5.264062881
22.70000076,-5.243558884
22.80000114,-5.222578049
22.89999962,-5.220193863
23,-5.203027725
23.10000038,-5.185861588
23.20000076,-5.172510147
23.30000114,-5.161066055
23.39999962,-5.148191452
23.5,-5.127687454
23.60000038,-5.1167202
23.70000076,-5.110998154
23.80000114,-5.090970993
23.89999962,-5.07809639
24,-5.072851181
24.10000038,-5.047578812
24.20000076,-5.03279686
24.30000114,-5.020875931
24.39999962,-5.020875931
24.5,-4.996080399
24.60000038,-4.982252121
24.70000076,-4.985113144
24.80000114,-4.959840775
24.89999962,-4.950304031
25,-4.932184219
25.10000038,-4.91358757
25.20000076,-4.914541245
25.30000114,-4.895467758
25.39999962,-4.888315201
25.5,-4.872579575
25.60000038,-4.851121902
25.70000076,-4.846353531
25.80000114,-4.846830368
25.89999962,-4.823942184
26,-4.804391861
26.10000038,-4.792947769
26.20000076,-4.785318375
26.30000114,-4.7843647
26.39999962,-4.770059586
26.5,-4.765768051
26.60000038,-4.726190567
26.70000076,-4.730005264
26.80000114,-4.711885452
26.89999962,-4.703779221
27,-4.695196152
27.10000038,-4.688520432
27.20000076,-4.659910202
27.30000114,-4.667062759
27.39999962,-4.63845253
27.5,-4.632730484
27.60000038,-4.62843895
27.70000076,-4.613656998
27.80000114,-4.596014023
27.89999962,-4.593629837
28,-4.580516815
28.10000038,-4.566926956
28.20000076,-4.565496445
28.30000114,-4.565973282
28.39999962,-4.542608261
28.5,-4.532117844
28.60000038,-4.516382217
28.70000076,-4.513998032
28.80000114,-4.492063522
28.89999962,-4.487295151
29,-4.481096268
29.10000038,-4.469652176
29.20000076,-4.46059227
29.30000114,-4.452962875
29.39999962,-4.433889389
29.5,-4.431028366
29.60000038,-4.420537949
29.70000076,-4.404802322
29.80000114,-4.411001205
29.89999962,-4.393358231
30,-4.38668251
30.10000038,-4.364743233
30.20000076,-4.364743233
30.30000114,-4.352822304
30.39999962,-4.346146584
30.5,-4.330410957
30.60000038,-4.329457283
30.70000076,-4.307045937
30.80000114,-4.309430122
30.89999962,-4.294171333
31,-4.292263985
31.10000038,-4.278912544
31.20000076,-4.270806313
31.30000114,-4.251732826
31.39999962,-4.247918129
31.5,-4.235043526
31.60000038,-4.241242409
31.70000076,-4.22932148
31.80000114,-4.211678505
31.89999962,-4.191651344
32,-4.20404911
32.10000229,-4.193081856
32.20000076,-4.191651344
32.29999924,-4.164471626
32.40000153,-4.159703255
32.5,-4.15207386
32.60000229,-4.147782326
32.70000076,-4.149689674
32.79999924,-4.129662514
32.90000153,-4.123940468
33,-4.112019539
33.10000229,-4.094853401
33.20000076,-4.088654518
33.29999924,-4.080071449
33.40000153,-4.081501961
33.5,-4.067196846
33.60000229,-4.055752754
33.70000076,-4.059567451
33.79999924,-4.046216011
33.90000153,-4.039540291
34,-4.028096199
34.10000229,-4.012360573
34.20000076,-4.023327827
34.29999924,-4.009022713
34.40000153,-4.007115364
34.5,-3.989949226
34.60000229,-3.984704018
34.70000076,-3.981366158
34.79999924,-3.971829414
34.90000153,-3.950371742
35,-3.962292671
35.10000229,-3.949894905
35.20000076,-3.935112953
35.29999924,-3.924145699
35.40000153,-3.923192024
35.5,-3.909363747
35.60000229,-3.912701607
35.70000076,-3.902688026
35.79999924,-3.902688026
35.90000153,-3.889336586
36,-3.880753517
36.10000229,-3.871693611
36.20000076,-3.853573799
36.29999924,-3.850235939
36.40000153,-3.852143288
36.5,-3.840222359
36.60000229,-3.835453987
36.70000076,-3.832235336
36.79999924,-3.825440407
36.90000153,-3.827824593
37,-3.801598549
37.10000229,-3.810181618
37.20000076,-3.798260689
37.29999924,-3.795399666
37.40000153,-3.78633976
37.5,-3.77632618
37.60000229,-3.763928413
37.70000076,-3.75439167
37.79999924,-3.758206367
37.90000153,-3.743424416
38,-3.736748695
38.10000229,-3.739132881
38.20000076,-3.727688789
38.29999924,-3.722443581
38.40000153,-3.719582558
38.5,-3.703370094
38.60000229,-3.6957407
38.70000076,-3.687157631
38.79999924,-3.68906498
38.90000153,-3.672375679
39,-3.676190376
39.10000229,-3.663315773
39.20000076,-3.657593727
39.29999924,-3.659501076
39.40000153,-3.641381264
39.5,-3.649964333
39.60000229,-3.633275032
39.70000076,-3.634705544
39.79999924,-3.620400429
39.90000153,-3.61181736
40,-3.616108894
40.10000229,-3.601326942
40.20000076,-3.599419594
40.29999924,-3.588929176
40.40000153,-3.588452339
40.5,-3.56985569
40.60000229,-3.57653141
40.70000076,-3.566994667
40.79999924,-3.562703133
40.90000153,-3.558888435
41,-3.552808762
41.10000229,-3.544583321
41.20000076,-3.545060158
41.29999924,-3.538861275
41.40000153,-3.535046577
41.5,-3.530755043
41.60000229,-3.515973091
41.70000076,-3.504052162
41.79999924,-3.501667976
41.90000153,-3.49260807
42,-3.481640816
42.10000229,-3.483071327
42.20000076,-3.482117653
42.29999924,-3.471627235
42.40000153,-3.476395607
42.5,-3.456845284
42.60000229,-3.455414772
42.70000076,-3.445401192
42.79999924,-3.456368446
42.90000153,-3.430142403
43,-3.433003426
43.10000229,-3.431096077
43.20000076,-3.420128822
43.29999924,-3.412022591
43.40000153,-3.413453102
43.5,-3.408207893
43.60000229,-3.416790962
43.70000076,-3.397717476
43.79999924,-3.393902779
43.90000153,-3.38865757
44,-3.37864399
44.10000229,-3.375306129
44.20000076,-3.375306129
44.29999924,-3.373875618
44.40000153,-3.368034363
44.5,-3.361954689
44.60000229,-3.361001015
44.70000076,-3.352417946
44.79999924,-3.349080086
44.90000153,-3.343834877
45,-3.327622414
45.10000229,-3.319039345
45.20000076,-3.327145576
45.29999924,-3.324284554
45.40000153,-3.317131996
45.5,-3.328099251
45.60000229,-3.299012184
45.70000076,-3.307118416
45.79999924,-3.305687904
45.90000153,-3.282799721
46,-3.291859627
46.10000229,-3.266587257
46.20000076,-3.278031349
46.29999924,-3.275170326
46.40000153,-3.274693489
46.5,-3.267183304
46.60000229,-3.255143166
46.70000076,-3.263726234
46.79999924,-3.24608326
46.90000153,-3.234639168
47,-3.236546516
47.10000229,-3.231182098
47.20000076,-3.226532936
47.29999924,-3.227009773
47.40000153,-3.218545914
47.5,-3.211274147
47.60000229,-3.209366798
47.70000076,-3.203644753
47.79999924,-3.206028938
47.90000153,-3.20078373
48,-3.197922707
48.10000229,-3.197922707
48.20000076,-3.191723824
48.29999924,-3.179326057
48.40000153,-3.176941872
48.5,-3.17551136
48.60000229,-3.169789314
48.70000076,-3.160252571
48.79999924,-3.161206245
48.90000153,-3.160729408
49,-3.147377968
49.10000229,-3.142132759
49.20000076,-3.140702248
49.29999924,-3.143086433
49.40000153,-3.134503365
49.5,-3.127350807
49.60000229,-3.132119179
49.70000076,-3.11542511
49.79999924,-3.114471436
49.90000153,-3.116378784
50,-3.106842041
50.10000229,-3.090629578
50.20000076,-3.103981018
50.29999924,-3.094921112
50.40000153,-3.08681488
50.5,-3.08681488
50.60000229,-3.079185486
50.70000076,-3.084430695
50.79999924,-3.064403534
50.90000153,-3.079185486
51,-3.064403534
51.10000229,-3.050575256
51.20000076,-3.071079254
51.29999924,-3.056297302
51.40000153,-3.054866791
51.5,-3.054389954
51.60000229,-3.04485321
51.70000076,-3.042469025
51.79999924,-3.043899536
51.90000153,-3.03817749
52,-3.037700653
52.10000229,-3.031024933
52.20000076,-3.019580841
52.29999924,-3.012905121
52.40000153,-3.002891541
52.5,-3.004322052
52.60000229,-3.005752563
52.70000076,-3.003845215
52.79999924,-3.001937866
52.90000153,-2.998123169
53,-2.995738983
53.10000229,-2.986679077
53.20000076,-2.991924286
53.29999924,-2.97952652
53.40000153,-2.980003357
53.5,-2.970466614
53.60000229,-2.959499359
53.70000076,-2.973327637
53.79999924,-2.973804474
53.90000153,-2.964863777
54,-2.960929871
54.10000229,-2.951393127
54.20000076,-2.952823639
54.29999924,-2.933273315
54.40000153,-2.94424057
54.5,-2.929458618
54.60000229,-2.93422699
54.70000076,-2.926597595
54.79999924,-2.921829224
54.90000153,-2.928504944
55,-2.909431458
55.10000229,-2.919445038
55.20000076,-2.917537689
55.29999924,-2.899417877
55.40000153,-2.905139923
55.5,-2.898344994
55.60000229,-2.893218994
55.70000076,-2.89560318
55.79999924,-2.892503738
55.90000153,-2.890357971
56,-2.890834808
56.10000229,-2.885828018
56.20000076,-2.88225174
56.29999924,-2.879867554
56.40000153,-2.879390717
56.5,-2.868900299
56.60000229,-2.874145508
56.70000076,-2.862701416
56.79999924,-2.852210999
56.90000153,-2.857933044
57,-2.851257324
57.10000229,-2.844104767
57.20000076,-2.851257324
57.29999924,-2.839813232
57.40000153,-2.841243744
57.5,-2.825984955
57.60000229,-2.830753326
57.70000076,-2.827534676
57.79999924,-2.826938629
57.90000153,-2.826461792
58,-2.818832397
58.10000229,-2.825984955
58.20000076,-2.820262909
58.29999924,-2.813110352
58.40000153,-2.807388306
58.5,-2.802619934
58.60000229,-2.800712585
58.70000076,-2.799520493
58.79999924,-2.799758911
58.90000153,-2.79499054
59,-2.795944214
59.10000229,-2.792129517
59.20000076,-2.777824402
59.29999924,-2.788314819
59.40000153,-2.779254913
59.5,-2.777824402
59.60000229,-2.772102356
59.70000076,-2.765426636
59.79999924,-2.765903473
59.90000153,-2.762565613
60,-2.757797241
60.10000229,-2.761135101
60.20000076,-2.76638031
60.29999924,-2.750167847
60.40000153,-2.753982544
60.5,-2.755413055
60.60000229,-2.738246918
60.70000076,-2.732048035
60.79999924,-2.733001709
60.90000153,-2.733955383
61,-2.729067802
61.10000229,-2.723464966
61.20000076,-2.725849152
61.29999924,-2.712497711
61.40000153,-2.729187012
61.5,-2.720127106
61.60000229,-2.717266083
61.70000076,-2.712974548
61.79999924,-2.72108078
61.90000153,-2.710590363
62,-2.695808411
62.10000229,-2.691040039
62.20000076,-2.695331573
62.29999924,-2.692470551
62.40000153,-2.68913269
62.5,-2.694377899
62.60000229,-2.690563202
62.70000076,-2.684364319
62.79999924,-2.670536041
62.90000153,-2.679595947
63,-2.676258087
63.10000229,-2.676258087
63.20000076,-2.676258087
63.29999924,-2.671966553
63.40000153,-2.66576767
63.5,-2.670059204
63.60000229,-2.662906647
63.70000076,-2.657184601
63.79999924,-2.660522461
63.90000153,-2.654323578
64,-2.659091949
64.09999847,-2.643356323
64.20000458,-2.646217346
64.30000305,-2.642402649
64.40000153,-2.639541626
64.5,-2.635607719
64.59999847,-2.630958557
64.70000458,-2.629528046
64.80000305,-2.621898651
64.90000153,-2.632389069
65,-2.621421814
65.09999847,-2.624759674
65.20000458,-2.617607117
65.30000305,-2.615222931
65.40000153,-2.609977722
65.5,-2.610931396
65.59999847,-2.610454559
65.70000458,-2.608070374
65.80000305,-2.608070374
65.90000153,-2.611408234
66,-2.594242096
66.09999847,-2.602825165
66.20000458,-2.594242096
66.30000305,-2.589950562
66.40000153,-2.584705353
66.5,-2.591381073
66.59999847,-2.584705353
66.70000458,-2.576122284
66.80000305,-2.572784424
66.90000153,-2.58184433
67,-2.571353912
67.09999847,-2.578029633
67.20000458,-2.576122284
67.30000305,-2.563247681
67.40000153,-2.572784424
67.5,-2.562294006
67.59999847,-2.5532341
67.70000458,-2.559432983
67.80000305,-2.552280426
67.90000153,-2.555141449
68,-2.541790009
68.09999847,-2.5365448
68.20000458,-2.545127869
68.30000305,-2.550373077
68.40000153,-2.5365448
68.5,-2.555618286
68.59999847,-2.529392242
68.70000458,-2.540836334
68.80000305,-2.537498474
68.90000153,-2.532253265
69,-2.541313171
69.09999847,-2.528915405
69.20000458,-2.518901825
69.30000305,-2.524623871
69.40000153,-2.521762848
69.5,-2.516517639
69.59999847,-2.520332336
69.70000458,-2.514133453
69.80000305,-2.505073547
69.90000153,-2.508411407
70,-2.505550385
70.09999847,-2.502212524
70.20000458,-2.501735687
70.30000305,-2.506980896
70.40000153,-2.48790741
70.5,-2.497444153
70.59999847,-2.494106293
70.70000458,-2.493152618
70.80000305,-2.478847504
70.90000153,-2.494750023
71,-2.479157448
71.09999847,-2.487549782
71.20000458,-2.479920387
71.30000305,-2.484354973
71.40000153,-2.474770546
71.5,-2.479157448
71.59999847,-2.462849379
71.70000458,-2.473101616
71.80000305,-2.478680611
71.90000153,-2.453121901
72,-2.480063438
72.09999847,-2.4592731
72.20000458,-2.461991072
72.30000305,-2.460846663
72.40000153,-2.449879408
72.5,-2.460417509
72.59999847,-2.443060637
72.70000458,-2.45555377
72.80000305,-2.471814156
72.90000153,-2.452978849
73,-2.460798979
73.09999847,-2.454313993
73.20000458,-2.440199614
73.30000305,-2.435431242
73.40000153,-2.428517103
73.5,-2.429423094
73.59999847,-2.425131559
73.70000458,-2.423462629
73.80000305,-2.422413588
73.90000153,-2.425846815
74,-2.418503523
74.09999847,-2.423939466
74.20000458,-2.425465345
74.30000305,-2.407870054
74.40000153,-2.422127485
74.5,-2.410301924
74.59999847,-2.423891783
74.70000458,-2.402719975
74.80000305,-2.402958393
74.90000153,-2.410874128
75,-2.403578281
75.09999847,-2.408013105
75.20000458,-2.404162467
75.30000305,-2.402719975
75.40000153,-2.402338505
75.5,-2.399870872
75.59999847,-2.398523808
75.70000458,-2.395901203
75.80000305,-2.388510227
75.90000153,-2.39265871
76,-2.389988422
76.09999847,-2.389463902
76.20000458,-2.389177799
76.30000305,-2.388653278
76.40000153,-2.388891697
76.5,-2.380868912
76.59999847,-2.375397205
76.70000458,-2.370533466
76.80000305,-2.370295048
76.90000153,-2.367195606
77,-2.36686182
77.09999847,-2.363190174
77.20000458,-2.360949039
77.30000305,-2.356323719
77.40000153,-2.357420444
77.5,-2.351936817
77.59999847,-2.351293087
77.70000458,-2.347549915
77.80000305,-2.348265171
77.90000153,-2.34259057
78,-2.36261797
78.09999847,-2.351936817
78.20000458,-2.355513096
78.30000305,-2.327903986
78.40000153,-2.334532022
78.5,-2.343258142
78.59999847,-2.333530664
78.70000458,-2.34259057
78.80000305,-2.331957102
78.90000153,-2.341017008
79,-2.33424592
79.09999847,-2.344116688
79.20000458,-2.33475858
79.30000305,-2.331861734
79.40000153,-2.328809977
79.5,-2.314790964
79.59999847,-2.313265085
79.70000458,-2.317413568
79.80000305,-2.31550622
79.90000153,-2.308592081
80,-2.304634333
80.09999847,-2.304538965
80.20000458,-2.303823709
80.30000305,-2.308639765
80.40000153,-2.29562211
80.5,-2.309450388
80.59999847,-2.292713404
80.70000458,-2.301630259
80.80000305,-2.309068918
80.90000153,-2.297863245
81,-2.285131693
81.09999847,-2.292379618
81.20000458,-2.297958612
81.30000305,-2.292045832
81.40000153,-2.287945032
81.5,-2.287992716
81.59999847,-2.280172348
81.70000458,-2.281603098
81.80000305,-2.287182093
81.90000153,-2.276882172
82,-2.275213301
82.09999847,-2.268346786
82.20000458,-2.268442154
82.30000305,-2.26864481
82.40000153,-2.268728256
82.5,-2.269062042
82.59999847,-2.270683289
82.70000458,-2.257951736
82.80000305,-2.280887604
82.90000153,-2.2513237
83,-2.258619308
83.09999847,-2.253993988
83.20000458,-2.266534805
83.30000305,-2.249559402
83.40000153,-2.256092072
83.5,-2.253898621
83.59999847,-2.244171143
83.70000458,-2.254232407
83.80000305,-2.246889114
83.90000153,-2.251180649
84,-2.239927292
84.09999847,-2.232822418
84.20000458,-2.241500854
84.30000305,-2.248939514
84.40000153,-2.23592186
84.5,-2.233251572
84.59999847,-2.226671219
84.70000458,-2.232584
84.80000305,-2.229579926
84.90000153,-2.232500553
85,-2.23348999
85.09999847,-2.234348297
85.20000458,-2.227744102
85.30000305,-2.224382401
85.40000153,-2.218755722
85.5,-2.228197098
85.59999847,-2.203544617
85.70000458,-2.219709396
85.80000305,-2.215036392
85.90000153,-2.207025528
86,-2.215513229
86.09999847,-2.220424652
86.20000458,-2.213319778
86.30000305,-2.202400208
86.40000153,-2.201446533
86.5,-2.204879761
86.59999847,-2.207120895
86.70000458,-2.208551407
86.80000305,-2.192434311
86.90000153,-2.202924728
87,-2.19152832
87.09999847,-2.186330318
87.20000458,-2.19691658
87.30000305,-2.183993816
87.40000153,-2.190097809
87.5,-2.190717697
87.59999847,-2.181228161
87.70000458,-2.180560589
87.80000305,-2.180655956
87.90000153,-2.178665161
88,-2.177937984
88.09999847,-2.175506115
88.20000458,-2.175136566
88.30000305,-2.173503399
88.40000153,-2.173598766
88.5,-2.170165539
88.59999847,-2.170356274
88.70000458,-2.163394451
88.80000305,-2.184661388
88.90000153,-2.154763699
89,-2.169211864
89.09999847,-2.163489819
89.20000458,-2.173741817
89.30000305,-2.169116497
89.40000153,-2.150758266
89.5,-2.170260906
89.59999847,-2.156432629
89.70000458,-2.169402599
89.80000305,-2.148564816
89.90000153,-2.155335903
90,-2.151235104
90.09999847,-2.156861782
90.20000458,-2.146705151
90.30000305,-2.136739254
90.40000153,-2.140697002
90.5,-2.144750118
90.59999847,-2.145608425
90.70000458,-2.141114235
90.80000305,-2.141364574
90.90000153,-2.132733822
91,-2.131255627
91.09999847,-2.138455868
91.20000458,-2.130111217
91.30000305,-2.13745451
91.40000153,-2.13578558
91.5,-2.133770943
91.59999847,-2.129443645
91.70000458,-2.132400036
91.80000305,-2.127798557
91.90000153,-2.118381023
92,-2.130969524
92.09999847,-2.118381023
92.20000458,-2.110417843
92.30000305,-2.122291088
92.40000153,-2.113231182
92.5,-2.124770641
92.59999847,-2.109750271
92.70000458,-2.113088131
92.80000305,-2.119143963
92.90000153,-2.110799313
93,-2.104981899
93.09999847,-2.108653545
93.20000458,-2.101882458
93.30000305,-2.108748913
93.40000153,-2.104135513
93.5,-2.104409695
93.59999847,-2.101500988
93.70000458,-2.095397472
93.80000305,-2.105554104
93.90000153,-2.098401546
94,-2.094872952
94.09999847,-2.108272076
94.20000458,-2.074130535
94.30000305,-2.090199947
94.40000153,-2.073272228
94.5,-2.096923351
94.59999847,-2.090295315
94.70000458,-2.089532375
94.80000305,-2.081092358
94.90000153,-2.077897549
95,-2.087052822
95.09999847,-2.080281734
95.20000458,-2.071650982
95.30000305,-2.073892117
95.40000153,-2.081664562
95.5,-2.07022047
95.59999847,-2.080949306
95.70000458,-2.062972546
95.80000305,-2.058537483
95.90000153,-2.065249324
96,-2.069743633
96.09999847,-2.069743633
96.20000458,-2.067693233
96.30000305,-2.056868553
96.40000153,-2.058871269
96.5,-2.058048725
96.59999847,-2.058203697
96.70000458,-2.058251381
96.80000305,-2.052910805
96.90000153,-2.065165997
97,-2.044613838
97.09999847,-2.055294991
97.20000458,-2.045424461
97.30000305,-2.03860569
97.40000153,-2.045770168
97.5,-2.049715996
97.59999847,-2.049334526
97.70000458,-2.046962261
97.80000305,-2.042992592
97.90000153,-2.045805931
98,-2.055628777
98.09999847,-2.042754173
98.20000458,-2.051718712
98.30000305,-2.037175179
98.40000153,-2.047665596
98.5,-2.047141075
98.59999847,-2.030117989
98.70000458,-2.035792351
98.80000305,-2.028306007
98.90000153,-2.043135643
99,-2.025444984
99.09999847,-2.034838676
99.20000458,-2.032931328
99.30000305,-2.023776054
99.40000153,-2.021725655
99.5,-2.030928612
99.59999847,-2.024062157
99.70000458,-2.015049934
99.80000305,-2.024729729
99.90000153,-2.021677971
100,-2.017541409
100.0999985,-2.012141228
100.2000046,-2.011616707
100.3000031,-2.010615349
100.4000015,-2.015240669
100.5,-2.011807442
100.5999985,-2.013428688
100.7000046,-2.007945061
100.8000031,-2.012093544
100.9000015,-2.016671181
101,-2.00780201
101.0999985,-2.005131721
101.2000046,-2.007086754
101.3000031,-2.003462791
101.4000015,-1.99960041
101.5,-2.001936913
101.5999985,-2.008517265
101.7000046,-2.001936913
101.8000031,-1.996596336
101.9000015,-1.996548653
102,-1.997216225
102.0999985,-1.98496151
102.2000046,-1.992114067
102.3000031,-1.986439705
102.4000015,-1.98753643
102.5,-1.988156319
102.5999985,-1.986821175
102.7000046,-1.991827965
102.8000031,-1.996071815
102.9000015,-1.981671333
103,-1.986773491
103.0999985,-1.980908394
103.2000046,-1.974280357
103.3000031,-1.97251606
103.4000015,-1.968749046
103.5,-1.982243538
103.5999985,-1.988108635
103.7000046,-1.972945213
103.8000031,-1.983197212
103.9000015,-1.967986107
104,-1.967461586
104.0999985,-1.9671278
104.2000046,-1.967497349
104.3000031,-1.968224525
104.4000015,-1.967175484
104.5,-1.974041939
104.5999985,-1.96841526
104.7000046,-1.972659111
104.8000031,-1.95968914
104.9000015,-1.969416618
105,-1.961167336
105.0999985,-1.96135807
105.2000046,-1.952965736
105.3000031,-1.974137306
105.4000015,-1.961119652
105.5,-1.958306313
105.5999985,-1.963837624
105.7000046,-1.961119652
105.8000031,-1.958449364
105.9000015,-1.954157829
106,-1.95468235
106.0999985,-1.954396248
106.2000046,-1.948531151
106.3000031,-1.944478035
106.4000015,-1.96212101
106.5,-1.946671486
106.5999985,-1.934320927
106.7000046,-1.948960304
106.8000031,-1.941473961
106.9000015,-1.948817253
107,-1.937420368
107.0999985,-1.946766853
107.2000046,-1.936085224
107.3000031,-1.947005272
107.4000015,-1.93346262
107.5,-1.935656071
107.5999985,-1.929886341
107.7000046,-1.936895847
107.8000031,-1.923735142
107.9000015,-1.928408146
108,-1.925976276
108.0999985,-1.933557987
108.2000046,-1.934177876
108.3000031,-1.93269968
108.4000015,-1.918871403
108.5,-1.927168369
108.5999985,-1.920731068
108.7000046,-1.91972971
108.8000031,-1.918954849
108.9000015,-1.919166446
109,-1.918823719
109.0999985,-1.919157505
109.2000046,-1.913816929
109.3000031,-1.906759739
109.4000015,-1.914770603
109.5,-1.915819645
109.5999985,-1.912100315
109.7000046,-1.915485859
109.8000031,-1.908595562
109.9000015,-1.904184818
110,-1.902611256
110.0999985,-1.894886494
110.2000046,-1.911575794
110.3000031,-1.90523386
110.4000015,-1.897413731
110.5,-1.906998158
110.5999985,-1.90356493
110.7000046,-1.897652149
110.8000031,-1.895935535
110.9000015,-1.904375553
111,-1.903851032
111.0999985,-1.904804707
111.2000046,-1.899702549
111.3000031,-1.893265247
111.4000015,-1.892883778
111.5,-1.892120838
111.5999985,-1.89240694
111.7000046,-1.894338131
111.8000031,-1.897127628
111.9000015,-1.895697117
112,-1.89111948
112.0999985,-1.897842884
112.2000046,-1.88482523
112.3000031,-1.877529621
112.4000015,-1.886208057
112.5,-1.893694401
112.5999985,-1.881344318
112.7000046,-1.880390644
112.8000031,-1.881773472
112.9000015,-1.876671314
113,-1.8749547
113.0999985,-1.871581078
113.2000046,-1.86699152
113.3000031,-1.867706776
113.4000015,-1.869232655
113.5,-1.871140003
113.5999985,-1.871092319
113.7000046,-1.873571873
113.8000031,-1.872236729
113.9000015,-1.867229939
114,-1.871569157
114.0999985,-1.860888004
114.2000046,-1.861460209
114.3000031,-1.863033772
114.4000015,-1.855404377
114.5,-1.857979298
114.5999985,-1.857573986
114.7000046,-1.859558821
114.8000031,-1.861031055
114.9000015,-1.861650944
115,-1.867039204
115.0999985,-1.861746311
115.2000046,-1.856215
115.3000031,-1.852829456
115.4000015,-1.849253178
115.5,-1.849968433
115.5999985,-1.848073006
115.7000046,-1.849205494
115.8000031,-1.843864918
115.9000015,-1.851971149
116,-1.835091114
116.0999985,-1.846773624
116.2000046,-1.84453249
116.3000031,-1.852781773
116.4000015,-1.853687763
116.5,-1.855261326
116.5999985,-1.838810444
116.7000046,-1.850206852
116.8000031,-1.833612919
116.9000015,-1.838476658
117,-1.822407246
117.0999985,-1.843197346
117.2000046,-1.83246851
117.3000031,-1.841528416
117.4000015,-1.820309162
117.5,-1.830370426
117.5999985,-1.829464436
117.7000046,-1.821024418
117.8000031,-1.817352772
117.9000015,-1.82746172
118,-1.835615635
118.0999985,-1.824886799
118.2000046,-1.818068027
118.3000031,-1.823170185
118.4000015,-1.822264194
118.5,-1.822407246
118.5999985,-1.825649738
118.7000046,-1.829321384
118.8000031,-1.823146343
118.9000015,-1.817924976
119,-1.819689274
119.0999985,-1.819212437
119.2000046,-1.827747822
119.3000031,-1.820976734
119.4000015,-1.815063953
119.5,-1.810247421
119.5999985,-1.815731525
119.7000046,-1.815159321
119.8000031,-1.809150696
119.9000015,-1.811248779
120,-1.820833683
120.0999985,-1.817257404
120.2000046,-1.805192947
120.3000031,-1.799852371
120.4000015,-1.795179367
120.5,-1.81010437
120.5999985,-1.798183441
120.7000046,-1.811630249
120.8000031,-1.801568985
120.9000015,-1.792842865
121,-1.799518585
121.0999985,-1.795370102
121.2000046,-1.802618027
121.3000031,-1.788265228
121.4000015,-1.802093506
121.5,-1.793987274
121.5999985,-1.792079926
121.7000046,-1.794273376
121.8000031,-1.794464111
121.9000015,-1.796562195
122,-1.793128967
122.0999985,-1.790041447
122.2000046,-1.785881042
122.3000031,-1.784593582
122.4000015,-1.782972336
122.5,-1.790410995
122.5999985,-1.782018661
122.7000046,-1.786167145
122.8000031,-1.777774811
122.9000015,-1.777822495
123,-1.776964188
123.0999985,-1.776391983
123.2000046,-1.775867462
123.3000031,-1.777441025
123.4000015,-1.776058197
123.5,-1.781446457
123.5999985,-1.777154922
123.7000046,-1.770288467
123.8000031,-1.773769379
123.9000015,-1.77391243
124,-1.780254364
124.0999985,-1.785404205
124.2000046,-1.76776123
124.3000031,-1.774055481
124.4000015,-1.765663147
124.5,-1.771385193
124.5999985,-1.77148056
124.7000046,-1.76981163
124.8000031,-1.767475128
124.9000015,-1.763791561
125,-1.758319855
125.0999985,-1.759559631
125.2000046,-1.755887985
125.3000031,-1.755554199
125.4000015,-1.759988785
125.5,-1.758987427
125.5999985,-1.743728638
125.7000046,-1.770288467
125.8000031,-1.751024246
125.9000015,-1.759273529
126,-1.754981995
126.0999985,-1.760227203
126.2000046,-1.751501083
126.3000031,-1.750070572
126.4000015,-1.74978447
126.5,-1.748306274
126.5999985,-1.756412506
126.7000046,-1.745779037
126.8000031,-1.752693176
126.9000015,-1.749736786
127,-1.746124744
127.0999985,-1.741773605
127.2000046,-1.74029541
127.3000031,-1.73772049
127.4000015,-1.72990036
127.5,-1.733333588
127.5999985,-1.738960266
127.7000046,-1.75107193
127.8000031,-1.73900795
127.9000015,-1.726800919
128,-1.7296381
128.1000061,-1.725036621
128.1999969,-1.727706909
128.3000031,-1.727945328
128.4000092,-1.730114937
128.5,-1.73285675
128.6000061,-1.73195076
128.6999969,-1.723892212
128.8000031,-1.738006592
128.9000092,-1.731521606
129,-1.728899002
129.1000061,-1.727468491
129.1999969,-1.730138779
129.3000031,-1.723796844
129.4000092,-1.714832306
129.5,-1.728374481
129.6000061,-1.725322723
129.6999969,-1.723463058
129.8000031,-1.715976715
129.9000092,-1.724178314
130,-1.718122482
130.1000061,-1.717681408
130.1999969,-1.714832306
130.3000031,-1.713592529
130.4000092,-1.710016251
130.5,-1.712305069
130.6000061,-1.708538055
130.6999969,-1.714450836
130.8000031,-1.705057144
130.9000092,-1.704198837
131,-1.707345963
131.1000061,-1.703006744
131.1999969,-1.708776474
131.3000031,-1.714975357
131.4000092,-1.697904587
131.5,-1.715166092
131.6000061,-1.707155228
131.6999969,-1.709777832
131.8000031,-1.700098038
131.9000092,-1.702339172
132,-1.698047638
132.1000061,-1.692325592
132.1999969,-1.698524475
132.3000031,-1.703435898
132.4000092,-1.693374634
132.5,-1.70076561
132.6000061,-1.693088531
132.6999969,-1.695806503
132.8000031,-1.701814651
132.9000092,-1.685935497
133,-1.693279266
133.1000061,-1.687843323
133.1999969,-1.687366009
133.3000031,-1.682836056
133.4000092,-1.690036774
133.5,-1.694280624
133.6000061,-1.684981823
133.6999969,-1.685983181
133.8000031,-1.683622837
133.9000092,-1.680356503
134,-1.683169842
134.1000061,-1.680022717
134.1999969,-1.678878307
134.3000031,-1.681691647
134.4000092,-1.694232941
134.5,-1.677781582
134.6000061,-1.685792446
134.6999969,-1.677447796
134.8000031,-1.678925991
134.9000092,-1.689702988
135,-1.675015926
135.1000061,-1.682025433
135.1999969,-1.668864727
135.3000031,-1.674062252
135.4000092,-1.672011852
135.5,-1.67749548
135.6000061,-1.67134428
135.6999969,-1.669389248
135.8000031,-1.671868801
135.9000092,-1.673299313
136,-1.673442364
136.1000061,-1.660710812
136.1999969,-1.667195797
136.3000031,-1.667851448
136.4000092,-1.670724392
136.5,-1.672774792
136.6000061,-1.670915127
136.6999969,-1.670533657
136.8000031,-1.670342922
136.9000092,-1.668101788
137,-1.668435574
137.1000061,-1.664096355
137.1999969,-1.652938366
137.3000031,-1.650125027
137.4000092,-1.664239407
137.5,-1.666909695
137.6000061,-1.664525509
137.6999969,-1.662045956
137.8000031,-1.65966177
137.9000092,-1.657086849
138,-1.649672031
138.1000061,-1.64144659
138.1999969,-1.640492916
138.3000031,-1.642638683
138.4000092,-1.643640041
138.5,-1.645630836
138.6000061,-1.64926672
138.6999969,-1.646977901
138.8000031,-1.636392117
138.9000092,-1.651126385
139,-1.642304897
139.1000061,-1.635343075
139.1999969,-1.64516592
139.3000031,-1.647073269
139.4000092,-1.629668713
139.5,-1.644927502
139.6000061,-1.632100582
139.6999969,-1.646787167
139.8000031,-1.642829418
139.9000092,-1.635486126
140,-1.632768154
140.1000061,-1.640683651
140.1999969,-1.639014721
140.3000031,-1.62847662
140.4000092,-1.634055614
140.5,-1.630622387
140.6000061,-1.635772228
140.6999969,-1.629144192
140.8000031,-1.634103298
140.9000092,-1.637345791
141,-1.621085644
141.1000061,-1.633721828
141.1999969,-1.619845867
141.3000031,-1.617557049
141.4000092,-1.620275021
141.5,-1.633769512
141.6000061,-1.623612881
141.6999969,-1.610690594
141.8000031,-1.619941235
141.9000092,-1.618176937
142,-1.605493069
142.1000061,-1.625997066
142.1999969,-1.615840435
142.3000031,-1.623374462
142.4000092,-1.615315914
142.5,-1.620942593
142.6000061,-1.618653774
142.6999969,-1.605206966
142.8000031,-1.607209682
142.9000092,-1.61641264
143,-1.615172863
143.1000061,-1.616043091
143.1999969,-1.61603117
143.3000031,-1.610943913
143.4000092,-1.606399059
143.5,-1.605302334
143.6000061,-1.606065273
143.6999969,-1.602715492
143.8000031,-1.601106167
143.9000092,-1.598388195
144,-1.603061199
144.1000061,-1.587945461
144.1999969,-1.610785961
144.3000031,-1.590425014
144.4000092,-1.594764233
144.5,-1.593381405
144.6000061,-1.592999935
144.6999969,-1.593858242
144.8000031,-1.596766949
144.9000092,-1.592189312
145,-1.587945461
145.1000061,-1.590186596
145.1999969,-1.590281963
145.3000031,-1.597386837
145.4000092,-1.594335079
145.5,-1.587945461
145.6000061,-1.595527172
145.6999969,-1.585227489
145.8000031,-1.585370541
145.9000092,-1.585716248
146,-1.587087154
146.1000061,-1.585179806
146.1999969,-1.590568066
146.3000031,-1.575261593
146.4000092,-1.591426373
146.5,-1.571923733
146.6000061,-1.575786114
146.6999969,-1.575488091
146.8000031,-1.574889064
146.9000092,-1.573068142
147,-1.575213909
147.1000061,-1.568204403
147.1999969,-1.570588589
147.3000031,-1.571542263
147.4000092,-1.576930523
147.5,-1.56739378
147.6000061,-1.558285713
147.6999969,-1.565486431
147.8000031,-1.560288429
147.9000092,-1.565534115
148,-1.569110394
148.1000061,-1.558810234
148.1999969,-1.563436031
148.3000031,-1.564580441
148.4000092,-1.563912868
148.5,-1.563912868
148.6000061,-1.558190346
148.6999969,-1.565867901
148.8000031,-1.561528206
148.9000092,-1.562768459
149,-1.563936591
149.1000061,-1.565438747
149.1999969,-1.566010952
149.3000031,-1.559859276
149.4000092,-1.554375648
149.5,-1.563340664
149.6000061,-1.563340664
149.6999969,-1.560038328
149.8000031,-1.555853844
149.9000092,-1.557618141
150,-1.550465584
150.1000061,-1.554995537
150.1999969,-1.559096336
150.3000031,-1.5504179
150.4000092,-1.543503761
150.5,-1.539259911
150.6000061,-1.551228523
150.6999969,-1.548844337
150.8000031,-1.555567741
150.9000092,-1.547604561
151,-1.550560951
151.1000061,-1.544314384
151.1999969,-1.544219017
151.3000031,-1.545315742
151.4000092,-1.544457436
151.5,-1.543122292
151.6000061,-1.539402962
151.6999969,-1.549941063
151.8000031,-1.535635948
151.9000092,-1.539832115
152,-1.545601845
152.1000061,-1.536446571
152.1999969,-1.538306236
152.3000031,-1.538496971
152.4000092,-1.533835888
152.5,-1.532822609
152.6000061,-1.525717735
152.6999969,-1.531249046
152.8000031,-1.521426201
152.9000092,-1.52385807
153,-1.536589622
153.1000061,-1.537781715
153.1999969,-1.533621311
153.3000031,-1.53000927
153.4000092,-1.530104637
153.5,-1.527672768
153.6000061,-1.524573326
153.6999969,-1.526003838
153.8000031,-1.525372028
153.9000092,-1.525383949
154,-1.525527
154.1000061,-1.528817177
154.1999969,-1.524525642
154.3000031,-1.52257061
154.4000092,-1.521187782
154.5,-1.520246029
154.6000061,-1.520424843
154.6999969,-1.521762967
154.8000031,-1.522284508
154.9000092,-1.524096489
155,-1.522522926
155.1000061,-1.516037941
155.1999969,-1.510697365
155.3000031,-1.51410675
155.4000092,-1.515608788
155.5,-1.514082909
155.6000061,-1.512700081
155.6999969,-1.518422127
155.8000031,-1.510458946
155.9000092,-1.51422596
156,-1.509457588
156.1000061,-1.504307747
156.1999969,-1.511126518
156.3000031,-1.495867729
156.4000092,-1.51012516
156.5,-1.498394966
156.6000061,-1.507454872
156.6999969,-1.50216198
156.8000031,-1.503687859
156.9000092,-1.502734184
157,-1.500218868
157.1000061,-1.493721962
157.1999969,-1.500731468
157.3000031,-1.492005348
157.4000092,-1.494866371
157.5,-1.501542091
157.6000061,-1.498681068
157.6999969,-1.495486259
157.8000031,-1.497393608
157.9000092,-1.498490334
158,-1.492863655
158.1000061,-1.486712456
158.1999969,-1.482373238
158.3000031,-1.491051674
158.4000092,-1.498013496
158.5,-1.492243767
158.6000061,-1.494771004
158.6999969,-1.487236977
158.8000031,-1.491480827
158.9000092,-1.490932465
159,-1.49176693
159.1000061,-1.493245125
159.1999969,-1.494627953
159.3000031,-1.492863655
159.4000092,-1.49062252
159.5,-1.492339134
159.6000061,-1.490670204
159.6999969,-1.486295223
159.8000031,-1.479416847
159.9000092,-1.482754707
160,-1.482122898
160.1000061,-1.481467247
160.1999969,-1.484852791
160.3000031,-1.481801033
160.4000092,-1.475935936
160.5,-1.48304081
160.6000061,-1.479083061
160.6999969,-1.478439331
160.8000031,-1.475554466
160.9000092,-1.476078987
161,-1.478665829
161.1000061,-1.482087135
161.1999969,-1.480942726
161.3000031,-1.478367805
161.4000092,-1.470070839
161.5,-1.460247993
161.6000061,-1.460724831
161.6999969,-1.466506481
161.8000031,-1.475554466
161.9000092,-1.469498634
162,-1.472741127
162.1000061,-1.472550392
162.1999969,-1.463204384
162.3000031,-1.462012291
162.4000092,-1.471215248
162.5,-1.466351509
162.6000061,-1.456910133
162.6999969,-1.460915565
162.8000031,-1.455050468
162.9000092,-1.471739769
163,-1.461535454
163.1000061,-1.456433296
163.1999969,-1.459485054
163.3000031,-1.45853138
163.4000092,-1.466732979
163.5,-1.46353817
163.6000061,-1.459580421
163.6999969,-1.455098152
163.8000031,-1.447134972
163.9000092,-1.450377464
164,-1.447564125
164.1000061,-1.455813408
164.1999969,-1.445036888
164.3000031,-1.451140404
164.4000092,-1.452284813
164.5,-1.461010933
164.6000061,-1.459389687
164.6999969,-1.445179939
164.8000031,-1.436834812
164.9000092,-1.458722115
165,-1.447993279
165.1000061,-1.455861092
165.1999969,-1.447087288
165.3000031,-1.442271233
165.4000092,-1.447611809
165.5,-1.451331139
165.6000061,-1.44198513
165.6999969,-1.434450626
165.8000031,-1.4395293
165.9000092,-1.437645912
166,-1.43734166
166.1000061,-1.436596394
166.1999969,-1.435595036
166.3000031,-1.442605019
166.4000092,-1.445132256
166.5,-1.440649986
166.6000061,-1.443558693
166.6999969,-1.437120914
166.8000031,-1.442605019
166.9000092,-1.429968357
167,-1.437598228
167.1000061,-1.434164524
167.1999969,-1.441842079
167.3000031,-1.431875706
167.4000092,-1.435928822
167.5,-1.438075066
167.6000061,-1.432304859
167.6999969,-1.423483372
167.8000031,-1.432543278
167.9000092,-1.430635929
168,-1.426630497
168.1000061,-1.432066441
168.1999969,-1.424961567
168.3000031,-1.433401585
168.4000092,-1.430588245
168.5,-1.429920673
168.6000061,-1.428406715
168.6999969,-1.426249027
168.8000031,-1.426868916
168.9000092,-1.427345753
169,-1.433544636
169.1000061,-1.417904377
169.1999969,-1.42872858
169.3000031,-1.42448473
169.4000092,-1.41499567
169.5,-1.419048786
169.6000061,-1.408558369
169.6999969,-1.418715
169.8000031,-1.415472507
169.9000092,-1.427345753
170,-1.411324024
170.1000061,-1.424580097
170.1999969,-1.420240879
170.3000031,-1.421432972
170.4000092,-1.413803577
170.5,-1.402836323
170.6000061,-1.404314518
170.6999969,-1.410310745
170.8000031,-1.416187763
170.9000092,-1.417904377
171,-1.417236805
171.1000061,-1.410990238
171.1999969,-1.408367634
171.3000031,-1.41408968
171.4000092,-1.406603336
171.5,-1.414566517
171.6000061,-1.408272266
171.6999969,-1.403265476
171.8000031,-1.41165781
171.9000092,-1.408415318
172,-1.403551579
172.1000061,-1.412086964
172.1999969,-1.405077457
172.3000031,-1.413660526
172.4000092,-1.402740955
172.5,-1.39163065
172.6000061,-1.410799503
172.6999969,-1.404505253
172.8000031,-1.40331316
172.9000092,-1.405029774
173,-1.390200138
173.1000061,-1.40793848
173.1999969,-1.396065235
173.3000031,-1.389055729
173.4000092,-1.393442631
173.5,-1.401119709
173.6000061,-1.395779133
173.6999969,-1.39868784
173.8000031,-1.39728117
173.9000092,-1.397161961
174,-1.397495747
174.1000061,-1.402168751
174.1999969,-1.400261402
174.3000031,-1.396685123
174.4000092,-1.402454853
174.5,-1.394491673
174.6000061,-1.385574818
174.6999969,-1.390295506
174.8000031,-1.386337757
174.9000092,-1.393347263
175,-1.389532566
175.1000061,-1.388340473
175.1999969,-1.386647701
175.3000031,-1.383381367
175.4000092,-1.385336399
175.5,-1.378088474
175.6000061,-1.390629292
175.6999969,-1.380377293
175.8000031,-1.376801014
175.9000092,-1.369553089
176,-1.384811878
176.1000061,-1.392393589
176.1999969,-1.383572102
176.3000031,-1.375895023
176.4000092,-1.39215517
176.5,-1.383333683
176.6000061,-1.389675617
176.6999969,-1.377993107
176.8000031,-1.375322819
176.9000092,-1.365786076
177,-1.372867107
177.1000061,-1.375799656
177.1999969,-1.374559879
177.3000031,-1.371651173
177.4000092,-1.376348019
177.5,-1.380615711
177.6000061,-1.378565311
177.6999969,-1.373892307
177.8000031,-1.37250948
177.9000092,-1.375895023
178,-1.372461796
178.1000061,-1.36430788
178.1999969,-1.366215229
178.3000031,-1.37341547
178.4000092,-1.379471302
178.5,-1.371460438
178.6000061,-1.37584734
178.6999969,-1.368933201
178.8000031,-1.370554447
178.9000092,-1.375608921
179,-1.367264271
179.1000061,-1.355772495
179.1999969,-1.36340189
179.3000031,-1.368837833
179.4000092,-1.362734318
179.5,-1.36302042
179.6000061,-1.363974094
179.6999969,-1.367729187
179.8000031,-1.373320103
179.9000092,-1.370602131
180,-1.354246616
180.1000061,-1.354246616
180.1999969,-1.353626728
180.3000031,-1.364403248
180.4000092,-1.369171619
180.5,-1.362352848
180.6000061,-1.35596323
180.6999969,-1.354723454
180.8000031,-1.355152607
180.9000092,-1.353102207
181,-1.347141743
181.1000061,-1.351051807
181.1999969,-1.351898193
181.3000031,-1.355486393
181.4000092,-1.35391283
181.5,-1.346283436
181.6000061,-1.358871937
181.6999969,-1.346903324
181.8000031,-1.351099491
181.9000092,-1.342516422
182,-1.343327045
182.1000061,-1.342039585
182.1999969,-1.354008198
182.3000031,-1.346951008
182.4000092,-1.352339268
182.5,-1.334362507
182.6000061,-1.352053165
182.6999969,-1.344423771
182.8000031,-1.349478245
182.9000092,-1.345377445
183,-1.347952366
183.1000061,-1.350098133
183.1999969,-1.343994617
183.3000031,-1.346998692
183.4000092,-1.330738544
183.5,-1.348286152
183.6000061,-1.33388567
183.6999969,-1.331739902
183.8000031,-1.34389925
183.9000092,-1.331644535
184,-1.341181278
184.1000061,-1.328688145
184.1999969,-1.331692219
184.3000031,-1.330881596
184.4000092,-1.339941502
184.5,-1.341944218
184.6000061,-1.338797092
184.6999969,-1.338034153
184.8000031,-1.33107233
184.9000092,-1.330690861
185,-1.337318897
185.1000061,-1.335077763
185.1999969,-1.339321613
185.3000031,-1.334124088
185.4000092,-1.325684071
185.5,-1.334934711
185.6000061,-1.325350285
185.6999969,-1.323681355
185.8000031,-1.327782154
185.9000092,-1.321106434
186,-1.330976963
186.1000061,-1.335268497
186.1999969,-1.329260349
186.3000031,-1.33158493
186.4000092,-1.331930637
186.5,-1.329880238
186.6000061,-1.329546452
186.6999969,-1.329761028
186.8000031,-1.328688145
186.9000092,-1.330929279
187,-1.326351643
187.1000061,-1.328199387
187.1999969,-1.324825764
187.3000031,-1.330690861
187.4000092,-1.323264122
187.5,-1.318626881
187.6000061,-1.318912983
187.6999969,-1.322966099
187.8000031,-1.32234621
187.9000092,-1.308088303
188,-1.325207233
188.1000061,-1.309995651
188.1999969,-1.312379837
188.3000031,-1.32067728
188.4000092,-1.319342136
188.5,-1.322966099
188.6000061,-1.318626881
188.6999969,-1.317422867
188.8000031,-1.316490054
188.9000092,-1.3147645
189,-1.315145969
189.1000061,-1.31605196
189.1999969,-1.313906193
189.3000031,-1.315241337
189.4000092,-1.315014839
189.5,-1.315193653
189.6000061,-1.315718174
189.6999969,-1.316063881
189.8000031,-1.315956593
189.9000092,-1.308520675
190,-1.30355835
190.1000061,-1.298503876
190.1999969,-1.314096928
190.3000031,-1.302604675
190.4000092,-1.315575123
190.5,-1.304273605
190.6000061,-1.312904835
190.6999969,-1.302032471
190.8000031,-1.301746368
190.9000092,-1.296596527
191,-1.304321289
191.1000061,-1.29983902
191.1999969,-1.29778862
191.3000031,-1.299505234
191.4000092,-1.296691895
191.5,-1.291542053
191.6000061,-1.299982071
191.6999969,-1.297883987
191.8000031,-1.29817009
191.9000092,-1.296596527
192,-1.300029755
192.1000061,-1.28739357
192.1999969,-1.299219131
192.3000031,-1.288633347
192.4000092,-1.300888062
192.5,-1.290397644
192.6000061,-1.300268173
192.6999969,-1.303844452
192.8000031,-1.292340755
192.9000092,-1.284294128
193,-1.280956268
193.1000061,-1.29573822
193.1999969,-1.289968491
193.3000031,-1.282911301
193.4000092,-1.278619766
193.5,-1.294498444
193.6000061,-1.281766891
193.6999969,-1.289396286
193.8000031,-1.291875839
193.9000092,-1.283864975
194,-1.28777504
194.1000061,-1.290636063
194.1999969,-1.287798882
194.3000031,-1.286249161
194.4000092,-1.286535263
194.5,-1.283459663
194.6000061,-1.280574799
194.6999969,-1.280479431
194.8000031,-1.282815933
194.9000092,-1.268892288
195,-1.276903152
195.1000061,-1.276009083
195.1999969,-1.278333664
195.3000031,-1.279907227
195.4000092,-1.280062199
195.5,-1.28033638
195.6000061,-1.277597547
195.6999969,-1.276140213
195.8000031,-1.273851395
195.9000092,-1.269416809
196,-1.264362335
196.1000061,-1.266460419
196.1999969,-1.271288395
196.3000031,-1.270242333
196.4000092,-1.272563934
196.5,-1.270656586
196.6000061,-1.273672581
196.6999969,-1.276569366
196.8000031,-1.274900436
196.9000092,-1.273851395
197,-1.267127991
197.1000061,-1.277761459
197.1999969,-1.262264252
197.3000031,-1.259260178
197.4000092,-1.269464493
197.5,-1.257972717
197.6000061,-1.268081665
197.6999969,-1.260643005
197.8000031,-1.270990372
197.9000092,-1.260738373
198,-1.264266968
198.1000061,-1.264207363
198.1999969,-1.265792847
198.3000031,-1.266031265
198.4000092,-1.264314651
198.5,-1.261930466
198.6000061,-1.263504028
198.6999969,-1.269893646
198.8000031,-1.262979507
198.9000092,-1.249008179
199,-1.260786057
199.1000061,-1.264886856
199.1999969,-1.262264252
199.3000031,-1.253156662
199.4000092,-1.251869202
199.5,-1.252691746
199.6000061,-1.25287056
199.6999969,-1.25287056
199.8000031,-1.258878708
199.9000092,-1.256494522
200,-1.263027191
200.1000061,-1.257352829
200.1999969,-1.250486374
200.3000031,-1.262598038
200.4000092,-1.260499954
200.5,-1.256065369
200.6000061,-1.251583099
200.6999969,-1.253490448
200.8000031,-1.252727509
200.9000092,-1.250617504
201,-1.249723434
201.1000061,-1.246528625
201.1999969,-1.247196198
201.3000031,-1.253633499
201.4000092,-1.260976791
201.5,-1.26865387
201.6000061,-1.246862411
201.6999969,-1.251153946
201.8000031,-1.247768402
201.9000092,-1.240234375
202,-1.23503685
202.1000061,-1.246910095
202.1999969,-1.244001389
202.3000031,-1.244573593
202.4000092,-1.244668961
202.5,-1.244764328
202.6000061,-1.24209404
202.6999969,-1.240186691
202.8000031,-1.23875618
202.9000092,-1.243000031
203,-1.238803864
203.1000061,-1.246528625
203.1999969,-1.239852905
203.3000031,-1.241807938
203.4000092,-1.242165565
203.5,-1.243572235
203.6000061,-1.239095926
203.6999969,-1.235752106
203.8000031,-1.234893799
203.9000092,-1.237850189
204,-1.230697632
204.1000061,-1.228981018
204.1999969,-1.223306656
204.3000031,-1.224069595
204.4000092,-1.226978302
204.5,-1.229982376
204.6000061,-1.230554581
204.6999969,-1.232903004
204.8000031,-1.236944199
204.9000092,-1.234130859
205,-1.241283417
205.1000061,-1.234703064
205.1999969,-1.223592758
205.3000031,-1.222639084
205.4000092,-1.233606339
205.5,-1.233320236
205.6000061,-1.234941483
205.6999969,-1.233308315
205.8000031,-1.233177185
205.9000092,-1.231794357
206,-1.229314804
206.1000061,-1.221256256
206.1999969,-1.224832535
206.3000031,-1.219968796
206.4000092,-1.230506897
206.5,-1.222114563
206.6000061,-1.226119995
206.6999969,-1.22502327
206.8000031,-1.222174168
206.9000092,-1.22130394
207,-1.216249466
207.1000061,-1.220958233
207.1999969,-1.223115921
207.3000031,-1.223163605
207.4000092,-1.221160889
207.5,-1.217775345
207.6000061,-1.221494675
207.6999969,-1.225261688
207.8000031,-1.219682693
207.9000092,-1.219730377
208,-1.219730377
208.1000061,-1.215486526
208.1999969,-1.221208572
208.3000031,-1.212100983
208.4000092,-1.215391159
208.5,-1.220779419
208.6000061,-1.220541
208.6999969,-1.218824387
208.8000031,-1.21142149
208.9000092,-1.201467514
209,-1.204853058
209.1000061,-1.203899384
209.1999969,-1.207666397
209.3000031,-1.201610565
209.4000092,-1.203756332
209.5,-1.20680809
209.6000061,-1.204948425
209.6999969,-1.203136444
209.8000031,-1.208965778
209.9000092,-1.210861206
210,-1.216917038
210.1000061,-1.206188202
210.1999969,-1.210956573
210.3000031,-1.206951141
210.4000092,-1.212625504
210.5,-1.208953857
210.6000061,-1.213340759
210.6999969,-1.203804016
210.8000031,-1.204423904
210.9000092,-1.205413342
211,-1.20680809
211.1000061,-1.206617355
211.1999969,-1.206474304
211.3000031,-1.206760406
211.4000092,-1.205711365
211.5,-1.2038517
211.6000061,-1.203947067
211.6999969,-1.206474304
211.8000031,-1.20847702
211.9000092,-1.203589439
212,-1.200609207
212.1000061,-1.198797226
212.1999969,-1.208095551
212.3000031,-1.197032928
212.4000092,-1.191120148
212.5,-1.202325821
212.6000061,-1.2038517
212.6999969,-1.200895309
212.8000031,-1.199321747
212.9000092,-1.19808197
213,-1.196079254
213.1000061,-1.196603775
213.1999969,-1.198642254
213.3000031,-1.201610565
213.4000092,-1.200275421
213.5,-1.188306808
213.6000061,-1.193265915
213.6999969,-1.182679653
213.8000031,-1.182441235
213.9000092,-1.193552017
214,-1.190357208
214.1000061,-1.195220947
214.1999969,-1.182202816
214.3000031,-1.189308167
214.4000092,-1.187639236
214.5,-1.192979813
214.6000061,-1.187018871
214.6999969,-1.190452576
214.8000031,-1.195316315
214.9000092,-1.19512558
215,-1.196937561
215.1000061,-1.177529812
215.1999969,-1.184157848
215.3000031,-1.182739258
215.4000092,-1.185063839
215.5,-1.184205532
215.6000061,-1.184396267
215.6999969,-1.185314178
215.8000031,-1.186017513
215.9000092,-1.186637402
216,-1.186303616
216.1000061,-1.183871746
216.1999969,-1.189212799
216.3000031,-1.183061123
216.4000092,-1.176051617
216.5,-1.182536602
216.6000061,-1.191549301
216.6999969,-1.17519331
216.8000031,-1.181249142
216.9000092,-1.18186903
217,-1.186542034
217.1000061,-1.17943716
217.1999969,-1.165990353
217.3000031,-1.178864956
217.4000092,-1.185492992
217.5,-1.170424938
217.6000061,-1.17943716
217.6999969,-1.176957607
217.8000031,-1.180057049
217.9000092,-1.179532528
218,-1.1843009
218.1000061,-1.180295467
218.1999969,-1.172523022
218.3000031,-1.162557125
218.4000092,-1.175956249
218.5,-1.184396267
218.6000061,-1.176385403
218.6999969,-1.172952175
218.8000031,-1.172236919
218.9000092,-1.175384045
219,-1.1760993
219.1000061,-1.169995785
219.1999969,-1.176957607
219.3000031,-1.168422222
219.4000092,-1.163415432
219.5,-1.170806408
219.6000061,-1.168756008
219.6999969,-1.162843227
219.8000031,-1.167468548
219.9000092,-1.165227413
220,-1.159076214
220.1000061,-1.177815914
220.1999969,-1.167039394
220.3000031,-1.160125256
220.4000092,-1.15812254
220.5,-1.161841869
220.6000061,-1.169900417
220.6999969,-1.15697813
220.8000031,-1.166419506
220.9000092,-1.161269665
221,-1.158170223
221.1000061,-1.155929089
221.1999969,-1.164988995
221.3000031,-1.174382687
221.4000092,-1.164369106
221.5,-1.163224697
221.6000061,-1.158217907
221.6999969,-1.162604809
221.8000031,-1.150969982
221.9000092,-1.159314632
222,-1.154784679
222.1000061,-1.150350094
222.1999969,-1.155499935
222.3000031,-1.158408642
222.4000092,-1.145438671
222.5,-1.151732922
222.6000061,-1.155201912
222.6999969,-1.160363674
222.8000031,-1.163272381
222.9000092,-1.145390987
223,-1.161746502
223.1000061,-1.146869183
223.1999969,-1.153115749
223.3000031,-1.15364027
223.4000092,-1.150254726
223.5,-1.146296978
223.6000061,-1.156453609
223.6999969,-1.151208401
223.8000031,-1.149158001
223.9000092,-1.154927731
224,-1.15607214
224.1000061,-1.14324522
224.1999969,-1.154593945
224.3000031,-1.141099453
224.4000092,-1.137904644
224.5,-1.145069122
224.6000061,-1.149110317
224.6999969,-1.152162075
224.8000031,-1.14658308
224.9000092,-1.150254726
225,-1.145057201
225.1000061,-1.143483639
225.1999969,-1.147822857
225.3000031,-1.139764309
225.4000092,-1.143722057
225.5,-1.140098095
225.6000061,-1.14491415
225.6999969,-1.141921997
225.8000031,-1.141623974
225.9000092,-1.141051769
226,-1.135186672
226.1000061,-1.143292904
226.1999969,-1.138333797
226.3000031,-1.143197536
226.4000092,-1.150874615
226.5,-1.141004086
226.6000061,-1.130942822
226.6999969,-1.150636196
226.8000031,-1.13490057
226.9000092,-1.146773815
227,-1.143149853
227.1000061,-1.134471416
227.1999969,-1.133327007
227.3000031,-1.135293961
227.4000092,-1.137141705
227.5,-1.136235714
227.6000061,-1.135854244
227.6999969,-1.132683277
227.8000031,-1.127557278
227.9000092,-1.131085873
228,-1.129059315
228.1000061,-1.129989147
228.1999969,-1.127604961
228.3000031,-1.131848812
228.4000092,-1.129369259
228.5,-1.130382538
228.6000061,-1.129655361
228.6999969,-1.130656719
228.8000031,-1.12245512
228.9000092,-1.136235714
229,-1.124314785
229.1000061,-1.130132198
229.1999969,-1.130990505
229.3000031,-1.131538868
229.4000092,-1.131705761
229.5,-1.128719568
229.6000061,-1.125936031
229.6999969,-1.125697613
229.8000031,-1.127283096
229.9000092,-1.126985073
230,-1.130513668
230.1000061,-1.128320217
230.1999969,-1.13079977
230.3000031,-1.125459194
230.4000092,-1.128463268
230.5,-1.122681618
230.6000061,-1.118545055
230.6999969,-1.118258953
230.8000031,-1.115922451
230.9000092,-1.120357037
231,-1.13194418
231.1000061,-1.129750729
231.1999969,-1.116780758
231.3000031,-1.125220776
231.4000092,-1.109151363
231.5,-1.11873579
231.6000061,-1.113013744
231.6999969,-1.126603603
231.8000031,-1.120500088
231.9000092,-1.126412868
232,-1.120392799
232.1000061,-1.117782116
232.1999969,-1.116876125
232.3000031,-1.120357037
232.4000092,-1.123075008
232.5,-1.118878841
232.6000061,-1.114587307
232.6999969,-1.10872221
232.8000031,-1.108293056
232.9000092,-1.110689163
233,-1.113729
233.1000061,-1.112012386
233.1999969,-1.114587307
233.3000031,-1.115827084
233.4000092,-1.116780758
233.5,-1.109675884
233.6000061,-1.119212627
233.6999969,-1.114301205
233.8000031,-1.1157794
233.9000092,-1.114396572
234,-1.108388424
234.1000061,-1.101092815
234.1999969,-1.117352962
234.3000031,-1.109485149
234.4000092,-1.106338024
234.5,-1.095704556
234.6000061,-1.104955196
234.6999969,-1.112203121
234.8000031,-1.105527401
234.9000092,-1.11244154
235,-1.10166502
235.1000061,-1.111535549
235.1999969,-1.112775326
235.3000031,-1.103810787
235.4000092,-1.10128355
235.5,-1.108436108
235.6000061,-1.106862545
235.6999969,-1.109032154
235.8000031,-1.111821651
235.9000092,-1.109008312
236,-1.10500288
236.1000061,-1.113633633
236.1999969,-1.111011028
236.3000031,-1.111726284
236.4000092,-1.095084667
236.5,-1.101045132
236.6000061,-1.087598324
236.6999969,-1.083688259
236.8000031,-1.085690975
236.9000092,-1.087121487
237,-1.10166502
237.1000061,-1.10629034
237.1999969,-1.102618694
237.3000031,-1.102284908
237.4000092,-1.095990658
237.5,-1.091985226
237.6000061,-1.107100964
237.6999969,-1.089934826
237.8000031,-1.109055996
237.9000092,-1.08998251
238,-1.107911587
238.1000061,-1.093606472
238.1999969,-1.101808071
238.3000031,-1.100472927
238.4000092,-1.094130993
238.5,-1.09627676
238.6000061,-1.088027477
238.6999969,-1.099805355
238.8000031,-1.107291698
238.9000092,-1.086024761
239,-1.09537077
239.1000061,-1.107291698
239.1999969,-1.09126997
239.3000031,-1.102427959
239.4000092,-1.083354473
239.5,-1.09665823
239.6000061,-1.090411663
239.6999969,-1.092080593
239.8000031,-1.090077877
239.9000092,-1.08677578
240,-1.082257748
240.1000061,-1.082686901
240.1999969,-1.097421169
240.3000031,-1.08087492
240.4000092,-1.093749523
240.5,-1.082400799
240.6000061,-1.089505672
240.6999969,-1.08664465
240.8000031,-1.086811543
240.9000092,-1.085643291
241,-1.085452557
241.1000061,-1.084737301
241.1999969,-1.080731869
241.3000031,-1.079110622
241.4000092,-1.079897404
241.5,-1.07920599
241.6000061,-1.080541134
241.6999969,-1.06919241
241.8000031,-1.08125639
241.9000092,-1.072291851
242,-1.074914455
242.1000061,-1.07510519
242.1999969,-1.083497524
242.3000031,-1.083545208
242.4000092,-1.081828594
242.5,-1.079349041
242.6000061,-1.080922604
242.6999969,-1.073960781
242.8000031,-1.085023403
242.9000092,-1.080207348
243,-1.082448483
243.1000061,-1.086787701
243.1999969,-1.069478512
243.3000031,-1.078395367
243.4000092,-1.071290493
243.5,-1.069812298
243.6000061,-1.07138586
243.6999969,-1.071624279
243.8000031,-1.070813656
243.9000092,-1.071528912
244,-1.081971645
244.1000061,-1.071910381
244.1999969,-1.08087492
244.3000031,-1.074532986
244.4000092,-1.075963497
244.5,-1.06342268
244.6000061,-1.072434902
244.6999969,-1.06471014
244.8000031,-1.058606148
244.9000092,-1.071624279
245,-1.070432186
245.1000061,-1.06919241
245.1999969,-1.066522121
245.3000031,-1.06676054
245.4000092,-1.066712856
245.5,-1.070289135
245.6000061,-1.056174278
245.6999969,-1.063374996
245.8000031,-1.070813656
245.9000092,-1.067761898
246,-1.065568447
246.1000061,-1.065186977
246.1999969,-1.059702873
246.3000031,-1.062182426
246.4000092,-1.069907665
246.5,-1.058272362
246.6000061,-1.063136578
246.6999969,-1.068048
246.8000031,-1.072291851
246.9000092,-1.063184261
247,-1.062420845
247.1000061,-1.061824918
247.1999969,-1.061181068
247.3000031,-1.063142329
247.4000092,-1.064996243
247.5,-1.064567089
247.6000061,-1.056746483
247.6999969,-1.055506706
247.8000031,-1.059047341
247.9000092,-1.062755108
248,-1.061181068
248.1000061,-1.058367848
248.1999969,-1.054028511
248.3000031,-1.055506706
248.4000092,-1.060847282
248.5,-1.057282925
248.6000061,-1.056555748
248.6999969,-1.056221962
248.8000031,-1.058272362
248.9000092,-1.059071183
249,-1.063661098
249.1000061,-1.058129311
249.1999969,-1.051596642
249.3000031,-1.044825554
249.4000092,-1.066474438
249.5,-1.060275078
249.6000061,-1.051024437
249.6999969,-1.045779228
249.8000031,-1.050118446
249.9000092,-1.048974037
250,-1.039675713
250.1000061,-1.05145359
250.1999969,-1.046017647
250.3000031,-1.05684185
250.4000092,-1.052073479
250.5,-1.052836418
250.6000061,-1.048068047
250.6999969,-1.041487694
250.8000031,-1.039246559
250.9000092,-1.041761875
251,-1.042584419
251.1000061,-1.043728828
251.1999969,-1.050738335
251.3000031,-1.048211098
251.4000092,-1.043013573
251.5,-1.045588493
251.6000061,-1.048068047
251.6999969,-1.051787376
251.8000031,-1.049498558
251.9000092,-1.048735619
252,-1.049403191
252.1000061,-1.036957741
252.1999969,-1.049355507
252.3000031,-1.02527523
252.4000092,-1.031807899
252.5,-1.043395042
252.6000061,-1.045445442
252.6999969,-1.039628029
252.8000031,-1.041773796
252.9000092,-1.04015255
253,-1.038161755
253.1000061,-1.035908699
253.1999969,-1.041991353
253.3000031,-1.046685219
253.4000092,-1.04720974
253.5,-1.041773796
253.6000061,-1.042107582
253.6999969,-1.038769722
253.8000031,-1.036194801
253.9000092,-1.037863731
254,-1.044491768
254.1000061,-1.046780586
254.1999969,-1.04349041
254.3000031,-1.03938961
254.4000092,-1.030282021
254.5,-1.036147118
254.6000061,-1.033572197
254.6999969,-1.038674355
254.8000031,-1.033715248
254.9000092,-1.037196159
255,-1.031092644
255.1000061,-1.036099434
255.1999969,-1.030568123
255.3000031,-1.03810215
255.4000092,-1.030997276
255.5,-1.026133537
255.6000061,-1.027087212
255.6999969,-1.037577629
255.8000031,-1.034430504
255.9000092,-1.026085854
256,-1.016358376
256.1000061,-1.034430504
256.2000122,-1.03233242
256.3000183,-1.03271389
256.3999939,-1.027850151
256.5,-1.029995918
256.6000061,-1.033047676
256.7000122,-1.031521797
256.8000183,-1.019505501
256.8999939,-1.019791603
257,-1.028136253
257.1000061,-1.030806541
257.2000122,-1.02860117
257.3000183,-1.025704384
257.3999939,-1.0297575
257.5,-1.029042244
257.6000061,-1.026228905
257.7000122,-1.019648552
257.8000183,-1.030949593
257.8999939,-1.026753426
258,-1.029900551
258.1000061,-1.037434578
258.2000122,-1.018933296
258.3000183,-1.02937603
258.3999939,-1.019171715
258.5,-1.015166283
258.6000061,-1.011733055
258.7000122,-1.023940086
258.8000183,-1.033190727
258.8999939,-1.019886971
259,-1.022652626
259.1000061,-1.021842003
259.2000122,-1.024142742
259.3000183,-1.024655342
259.3999939,-1.027420998
259.5,-1.022128105
259.6000061,-1.017836571
259.7000122,-1.028470039
259.8000183,-1.024607658
259.8999939,-1.009587288
260,-1.022795677
260.1000061,-1.016358376
260.2000122,-1.017550468
260.3000183,-1.014355659
260.3999939,-1.014021873
260.5,-1.00949192
260.6000061,-1.012782097
260.7000122,-1.01821804
260.8000183,-1.015547752
260.8999939,-1.017085552
261,-1.017073631
261.1000061,-1.017502785
261.2000122,-1.015690804
261.3000183,-1.014760971
261.3999939,-1.010111809
261.5,-1.015738487
261.6000061,-1.010445595
261.7000122,-1.014403343
261.8000183,-1.016119957
261.8999939,-1.018504143
262,-1.014546394
262.1000061,-1.010064125
262.2000122,-1.000813484
262.3000183,-1.016739845
262.3999939,-1.008776665
262.5,-0.998620033
262.6000061,-1.014260292
262.7000122,-1.007918358
262.8000183,-1.01898098
262.8999939,-1.011446953
263,-1.008061409
263.1000061,-1.006678581
263.2000122,-1.008693218
263.3000183,-1.009634972
263.3999939,-1.010397911
263.5,-1.005534172
263.6000061,-1.002434731
263.7000122,-1.005915642
263.8000183,-0.992897987
263.8999939,-1.010684013
264,-1.004151344
264.1000061,-0.994042397
264.2000122,-1.005343437
264.3000183,-1.007489204
264.3999939,-0.999239922
264.5,-1.001039982
264.6000061,-0.999812126
264.7000122,-0.997618675
264.8000183,-1.003817558
264.8999939,-0.995663643
265,-1.007918358
265.1000061,-1.018504143
265.2000122,-0.999716759
265.3000183,-0.999812126
265.3999939,-1.001671791
265.5,-1.004914284
265.6000061,-1.006821632
265.7000122,-1.005963326
265.8000183,-1.003436089
265.8999939,-0.996951103
266,-0.998047829
266.1000061,-1.001242638
266.2000122,-1.003901005
266.3000183,-1.005391121
266.3999939,-1.000786662
266.5,-0.997380257
266.6000061,-0.996474266
266.7000122,-1.000777721
266.8000183,-1.003293037
266.8999939,-1.005963326
267,-0.993994713
267.1000061,-0.988224983
267.2000122,-1.004675865
267.3000183,-0.991801262
267.3999939,-1.012114525
267.5,-1.004771233
267.6000061,-0.993803978
267.7000122,-1.001957893
267.8000183,-0.991801262
267.8999939,-0.996092796
268,-0.997237206
268.1000061,-0.998810768
268.2000122,-0.991610527
268.3000183,-0.993470192
268.3999939,-0.994698048
268.5,-0.997523308
268.6000061,-0.996188164
268.7000122,-0.986746788
268.8000183,-0.988463402
268.8999939,-0.997284889
269,-0.998858452
269.1000061,-0.990561485
269.2000122,-0.993708611
269.3000183,-1.001385689
269.3999939,-0.995329857
269.5,-0.986985207
269.6000061,-0.996378899
269.7000122,-0.99857235
269.8000183,-0.989560127
269.8999939,-0.991419792
270,-0.978831291
270.1000061,-0.983551979
270.2000122,-0.996092796
270.3000183,-0.992754936
270.3999939,-0.988391876
270.5,-0.982932091
270.6000061,-0.981787682
270.7000122,-0.99447155
270.8000183,-0.995949745
270.8999939,-0.991288662
271,-0.989274025
271.1000061,-0.985459328
271.2000122,-0.992564201
271.3000183,-0.986317635
271.3999939,-0.98164463
271.5,-0.986222267
271.6000061,-0.988987923
271.7000122,-0.986579895
271.8000183,-0.983456612
271.8999939,-0.987652779
272,-0.977829933
272.1000061,-0.983599663
272.2000122,-0.986365318
272.3000183,-0.979260445
272.3999939,-0.983075142
272.5,-0.972441673
272.6000061,-0.986651421
272.7000122,-0.991419792
272.8000183,-0.976923943
272.8999939,-0.97740078
273,-0.979308128
273.1000061,-0.980047226
273.2000122,-0.980786324
273.3000183,-0.982693672
273.3999939,-0.982121468
273.5,-0.972632408
273.6000061,-0.97920084
273.7000122,-0.981739998
273.8000183,-0.980309486
273.8999939,-0.983456612
274,-0.979117393
274.1000061,-0.980452538
274.2000122,-0.97740078
274.3000183,-0.973013878
274.3999939,-0.979260445
274.5,-0.961331367
274.6000061,-0.981406212
274.7000122,-0.974205971
274.8000183,-0.977448463
274.8999939,-0.971821785
275,-0.97868824
275.1000061,-0.971869469
275.2000122,-0.971011162
275.3000183,-0.972537041
275.3999939,-0.971964836
275.5,-0.974873543
275.6000061,-0.97701931
275.7000122,-0.977972984
275.8000183,-0.972537041
275.8999939,-0.976113319
276,-0.957850456
276.1000061,-0.976780891
276.2000122,-0.960091591
276.3000183,-0.967720985
276.3999939,-0.965360641
276.5,-0.966958046
276.6000061,-0.966671944
276.7000122,-0.96085453
276.8000183,-0.972632408
276.8999939,-0.963858604
277,-0.963238716
277.1000061,-0.972632408
277.2000122,-0.969723701
277.3000183,-0.957755089
277.3999939,-0.954894066
277.5,-0.956372261
277.6000061,-0.962666512
277.7000122,-0.969008446
277.8000183,-0.970391273
277.8999939,-0.967864037
278,-0.964144707
278.1000061,-0.96791172
278.2000122,-0.964526176
278.3000183,-0.96586132
278.3999939,-0.977305412
278.5,-0.956992149
278.6000061,-0.967053413
278.7000122,-0.946835518
278.8000183,-0.961283684
278.8999939,-0.962332726
279,-0.956658363
279.1000061,-0.95456028
279.2000122,-0.962046623
279.3000183,-0.957945824
279.3999939,-0.953892708
279.5,-0.967291832
279.6000061,-0.961188316
279.7000122,-0.96457386
279.8000183,-0.961379051
279.8999939,-0.954417229
280,-0.952366829
280.1000061,-0.963143349
280.2000122,-0.962809563
280.3000183,-0.949839592
280.3999939,-0.947979927
280.5,-0.95994854
280.6000061,-0.956849098
280.7000122,-0.961522102
280.8000183,-0.954059601
280.8999939,-0.950221062
281,-0.947646141
281.1000061,-0.956419945
281.2000122,-0.955132484
281.3000183,-0.956515312
281.3999939,-0.957039833
281.5,-0.958041191
281.6000061,-0.958470345
281.7000122,-0.955120564
281.8000183,-0.953463554
281.8999939,-0.950507164
282,-0.959376335
282.1000061,-0.941113472
282.2000122,-0.964907646
282.3000183,-0.957278252
282.3999939,-0.94416523
282.5,-0.948504448
282.6000061,-0.960520744
282.7000122,-0.941113472
282.8000183,-0.950221062
282.8999939,-0.951317787
283,-0.955227852
283.1000061,-0.95250988
283.2000122,-0.952462196
283.3000183,-0.952080727
283.3999939,-0.950030327
283.5,-0.961045265
283.6000061,-0.944355965
283.7000122,-0.952557564
283.8000183,-0.94507122
283.8999939,-0.9424963
284,-0.946072578
284.1000061,-0.942448616
284.2000122,-0.948885918
284.3000183,-0.945595741
284.3999939,-0.945357323
284.5,-0.933483601
284.6000061,-0.951651573
284.7000122,-0.941256523
284.8000183,-0.941161156
284.8999939,-0.936654806
285,-0.935534
285.1000061,-0.935385048
285.2000122,-0.933054447
285.3000183,-0.93629694
285.3999939,-0.939253807
285.5,-0.932243824
285.6000061,-0.929382801
285.7000122,-0.943306923
285.8000183,-0.947789192
285.8999939,-0.933245182
286,-0.934294224
286.1000061,-0.942448616
286.2000122,-0.943068504
286.3000183,-0.940624714
286.3999939,-0.939253807
286.5,-0.937727928
286.6000061,-0.935295582
286.7000122,-0.943497658
286.8000183,-0.936583042
286.8999939,-0.944355965
287,-0.947979927
287.1000061,-0.942019463
287.2000122,-0.943116188
287.3000183,-0.937918663
287.3999939,-0.938109398
287.5,-0.947264671
287.6000061,-0.930384159
287.7000122,-0.940112114
287.8000183,-0.932529926
287.8999939,-0.942877769
288,-0.936439991
288.1000061,-0.938252449
288.2000122,-0.933292866
288.3000183,-0.935629368
288.3999939,-0.936773777
288.5,-0.934782982
288.6000061,-0.932768345
288.7000122,-0.933960438
288.8000183,-0.934198856
288.8999939,-0.936201572
289,-0.92885828
289.1000061,-0.938347816
289.2000122,-0.931433201
289.3000183,-0.923756123
289.3999939,-0.931099415
289.5,-0.935390949
289.6000061,-0.932720661
289.7000122,-0.920656681
289.8000183,-0.927284718
289.8999939,-0.927785397
290,-0.929567575
290.1000061,-0.931480885
290.2000122,-0.931719303
290.3000183,-0.930574894
290.3999939,-0.93206501
290.5,-0.933149815
290.6000061,-0.932816029
290.7000122,-0.932911396
290.8000183,-0.926187992
290.8999939,-0.917891026
291,-0.921133518
291.1000061,-0.92256403
291.2000122,-0.92051363
291.3000183,-0.926903248
291.3999939,-0.924280643
291.5,-0.915554523
291.6000061,-0.917318821
291.7000122,-0.921431541
291.8000183,-0.92680788
291.8999939,-0.926044941
292,-0.920990467
292.1000061,-0.92885828
292.2000122,-0.925568104
292.3000183,-0.926772118
292.3999939,-0.926664829
292.5,-0.925997257
292.6000061,-0.917652607
292.7000122,-0.912979603
292.8000183,-0.918749332
292.8999939,-0.923994541
293,-0.919130802
293.1000061,-0.924948215
293.2000122,-0.924948215
293.3000183,-0.921181202
293.3999939,-0.915840626
293.5,-0.918987751
293.6000061,-0.911072254
293.7000122,-0.913504124
293.8000183,-0.914648533
293.8999939,-0.921514988
294,-0.92590189
294.1000061,-0.914982319
294.2000122,-0.925425053
294.3000183,-0.914124012
294.3999939,-0.920799732
294.5,-0.910833836
294.6000061,-0.917414188
294.7000122,-0.916031361
294.8000183,-0.914791584
294.8999939,-0.914648533
295,-0.914529324
295.1000061,-0.914839268
295.2000122,-0.91383791
295.3000183,-0.914696217
295.3999939,-0.915792942
295.5,-0.913015366
295.6000061,-0.912884235
295.7000122,-0.912189841
295.8000183,-0.910643101
295.8999939,-0.912216663
296,-0.912478924
296.1000061,-0.914982319
296.2000122,-0.912073612
296.3000183,-0.913885593
296.3999939,-0.916985035
296.5,-0.919321537
296.6000061,-0.909117222
296.7000122,-0.91755724
296.8000183,-0.904015064
296.8999939,-0.909260273
297,-0.908354282
297.1000061,-0.918987751
297.2000122,-0.90935564
297.3000183,-0.916698933
297.3999939,-0.914946556
297.5,-0.917843342
297.6000061,-0.915888309
297.7000122,-0.905445576
297.8000183,-0.909117222
297.8999939,-0.913313389
298,-0.909784794
298.1000061,-0.907829762
298.2000122,-0.908878803
298.3000183,-0.895765781
298.3999939,-0.916269779
298.5,-0.901869297
298.6000061,-0.896337986
298.7000122,-0.906446934
298.8000183,-0.907782078
298.8999939,-0.915030003
299,-0.905803204
299.1000061,-0.900248051
299.2000122,-0.900152683
299.3000183,-0.905922413
299.3999939,-0.912788868
299.5,-0.899485111
299.6000061,-0.91216898
299.7000122,-0.906351566
299.8000183,-0.901249409
299.8999939,-0.900343418
300,-0.908640385
300.1000061,-0.906828403
300.2000122,-0.899294376
300.3000183,-0.908640385
300.3999939,-0.902584553
300.5,-0.911739826
300.6000061,-0.902060032
300.7000122,-0.908783436
300.8000183,-0.910261631
300.8999939,-0.899294376
301,-0.912931919
301.1000061,-0.899771214
301.2000122,-0.896481037
301.3000183,-0.8980546
301.3999939,-0.897005558
301.5,-0.904873371
301.6000061,-0.908258915
301.7000122,-0.90678072
301.8000183,-0.901607037
301.8999939,-0.896099567
302,-0.895288944
302.1000061,-0.89638567
302.2000122,-0.894824028
302.3000183,-0.896767139
302.3999939,-0.890854359
302.5,-0.903681278
302.6000061,-0.909880161
302.7000122,-0.89099741
302.8000183,-0.909880161
302.8999939,-0.893333912
303,-0.889423847
303.1000061,-0.883797169
303.2000122,-0.900820255
303.3000183,-0.891188145
303.3999939,-0.874498844
303.5,-0.898149967
303.6000061,-0.888184071
303.7000122,-0.896290302
303.8000183,-0.895050526
303.8999939,-0.898149967
304,-0.898531437
304.1000061,-0.900105
304.2000122,-0.900820255
304.3000183,-0.89433527
304.3999939,-0.898817539
304.5,-0.893858433
304.6000061,-0.891438484
304.7000122,-0.886753559
304.8000183,-0.886324406
304.8999939,-0.888231754
305,-0.887135029
305.1000061,-0.890568256
305.2000122,-0.882605076
305.3000183,-0.900200367
305.3999939,-0.881126881
305.5,-0.885084629
305.6000061,-0.892952442
305.7000122,-0.88894701
305.8000183,-0.891808033
305.8999939,-0.886038303
306,-0.884226322
306.1000061,-0.879171848
306.2000122,-0.891855717
306.3000183,-0.886276722
306.3999939,-0.885466099
306.5,-0.881556034
306.6000061,-0.884750843
306.7000122,-0.891855717
306.8000183,-0.877359867
306.8999939,-0.889471531
307,-0.87225771
307.1000061,-0.88355875
307.2000122,-0.891855717
307.3000183,-0.878265858
307.3999939,-0.872448444
307.5,-0.88355875
307.6000061,-0.87817049
307.7000122,-0.878504276
307.8000183,-0.877467155
307.8999939,-0.878075123
308,-0.878996015
308.1000061,-0.879934788
308.2000122,-0.880506992
308.3000183,-0.880125523
308.3999939,-0.88484621
308.5,-0.879267216
308.6000061,-0.871923923
308.7000122,-0.875452518
308.8000183,-0.888899326
308.8999939,-0.872353077
309,-0.886991978
309.1000061,-0.859669209
309.2000122,-0.866917133
309.3000183,-0.877455235
309.3999939,-0.871733189
309.5,-0.876692295
309.6000061,-0.870254993
309.7000122,-0.88150835
309.8000183,-0.869539738
309.8999939,-0.881174564
310,-0.878695011
310.1000061,-0.87893343
310.2000122,-0.874022007
310.3000183,-0.875118732
310.3999939,-0.871995449
310.5,-0.872162342
310.6000061,-0.866678715
310.7000122,-0.880125523
310.8000183,-0.873402119
310.8999939,-0.883511066
311,-0.860002995
311.1000061,-0.871351719
311.2000122,-0.878075123
311.3000183,-0.875833988
311.3999939,-0.872055054
311.5,-0.866249561
311.6000061,-0.868061543
311.7000122,-0.878647327
311.8000183,-0.877598286
311.8999939,-0.87020731
312,-0.862148762
312.1000061,-0.872019291
312.2000122,-0.877026081
312.3000183,-0.870111942
312.3999939,-0.872686863
312.5,-0.875738621
312.6000061,-0.872078896
312.7000122,-0.865915775
312.8000183,-0.873974323
312.8999939,-0.864246845
313,-0.863245487
313.1000061,-0.87612009
313.2000122,-0.872591496
313.3000183,-0.86443758
313.3999939,-0.867107868
313.5,-0.86481905
313.6000061,-0.864103794
313.7000122,-0.871351719
313.8000183,-0.856808186
313.8999939,-0.863579273
314,-0.867823124
314.1000061,-0.859240055
314.2000122,-0.863579273
314.3000183,-0.854519367
314.3999939,-0.872114658
314.5,-0.862339497
314.6000061,-0.871685505
314.7000122,-0.860765934
314.8000183,-0.863817692
314.8999939,-0.858191013
315,-0.862530231
315.1000061,-0.859859943
315.2000122,-0.863340855
315.3000183,-0.859001637
315.3999939,-0.875404835
315.5,-0.860861301
315.6000061,-0.870302677
315.7000122,-0.870350361
315.8000183,-0.856331348
315.8999939,-0.856712818
316,-0.860372543
316.1000061,-0.861958027
316.2000122,-0.857723117
316.3000183,-0.855616093
316.3999939,-0.852945805
316.5,-0.856617451
316.6000061,-0.860384464
316.7000122,-0.865772724
316.8000183,-0.866201878
316.8999939,-0.865534306
317,-0.863102436
317.1000061,-0.853041172
317.2000122,-0.85943079
317.3000183,-0.864723682
317.3999939,-0.851753712
317.5,-0.848606586
317.6000061,-0.851908684
317.7000122,-0.85532999
317.8000183,-0.851944447
317.8999939,-0.856903553
318,-0.859621525
318.1000061,-0.854280949
318.2000122,-0.859335423
318.3000183,-0.848225117
318.3999939,-0.854185581
318.5,-0.854233265
318.6000061,-0.854471684
318.7000122,-0.849607944
318.8000183,-0.85301733
318.8999939,-0.855139256
319,-0.852850437
319.1000061,-0.860050678
319.2000122,-0.854948521
319.3000183,-0.842693806
319.3999939,-0.861862659
319.5,-0.847319126
319.6000061,-0.851944447
319.7000122,-0.854710102
319.8000183,-0.853899479
319.8999939,-0.849131107
320,-0.848082066
320.1000061,-0.849715233
320.2000122,-0.850990772
320.3000183,-0.850656986
320.3999939,-0.852993488
320.5,-0.85480547
320.6000061,-0.856903553
320.7000122,-0.850895405
320.8000183,-0.844744205
320.8999939,-0.847128391
321,-0.843969345
321.1000061,-0.843027592
321.2000122,-0.840977192
321.3000183,-0.856188297
321.3999939,-0.845173359
321.5,-0.853565693
321.6000061,-0.848511219
321.7000122,-0.856617451
321.8000183,-0.847509861
321.8999939,-0.859573841
322,-0.839642048
322.1000061,-0.83453989
322.2000122,-0.851133823
322.3000183,-0.847414494
322.3999939,-0.857714176
322.5,-0.847891331
322.6000061,-0.850037098
322.7000122,-0.84698534
322.8000183,-0.838306904
322.8999939,-0.835875034
323,-0.842550755
323.1000061,-0.847605228
323.2000122,-0.832108021
323.3000183,-0.852516651
323.3999939,-0.842932224
323.5,-0.840452671
323.6000061,-0.841930866
323.7000122,-0.839880466
323.8000183,-0.854853153
323.8999939,-0.842169285
324,-0.848129749
324.1000061,-0.850895405
324.2000122,-0.847021103
324.3000183,-0.844124317
324.3999939,-0.84493494
324.5,-0.840655327
324.6000061,-0.837257862
324.7000122,-0.836304188
324.8000183,-0.841609001
324.8999939,-0.846317768
325,-0.846556187
325.1000061,-0.842216969
325.2000122,-0.841310978
325.3000183,-0.845268726
325.3999939,-0.837162495
325.5,-0.844076633
325.6000061,-0.845602512
325.7000122,-0.855806828
325.8000183,-0.826719761
325.8999939,-0.843933582
326,-0.834301472
326.1000061,-0.840190411
326.2000122,-0.840261936
326.3000183,-0.839338064
326.3999939,-0.838449955
326.5,-0.838449955
326.6000061,-0.837925434
326.7000122,-0.837853909
326.8000183,-0.837728739
326.8999939,-0.837591648
327,-0.837543964
327.1000061,-0.84941721
327.2000122,-0.854376316
327.3000183,-0.835636616
327.3999939,-0.831821918
327.5,-0.837400913
327.6000061,-0.84569788
327.7000122,-0.828913212
327.8000183,-0.838163853
327.8999939,-0.836924076
328,-0.834158421
328.1000061,-0.833443165
328.2000122,-0.831106663
328.3000183,-0.8315835
328.3999939,-0.832680225
328.5,-0.832465649
328.6000061,-0.833317995
328.7000122,-0.834349155
328.8000183,-0.833776951
328.8999939,-0.828197956
329,-0.824192524
329.1000061,-0.831321239
329.2000122,-0.836256504
329.3000183,-0.836637974
329.3999939,-0.833943844
329.5,-0.833538532
329.6000061,-0.829342365
329.7000122,-0.82452631
329.8000183,-0.823715687
329.8999939,-0.830057621
330,-0.829342365
330.1000061,-0.829711914
330.2000122,-0.830486774
330.3000183,-0.828960896
330.3999939,-0.829437733
330.5,-0.821140766
330.6000061,-0.831154346
330.7000122,-0.825003147
330.8000183,-0.828054905
330.8999939,-0.829580784
331,-0.826815128
331.1000061,-0.831726551
331.2000122,-0.829676151
331.3000183,-0.828960896
331.3999939,-0.819996357
331.5,-0.823572636
331.6000061,-0.815990925
331.7000122,-0.820187092
331.8000183,-0.822523594
331.8999939,-0.824359417
332,-0.828007221
332.1000061,-0.826719761
332.2000122,-0.817612171
332.3000183,-0.82991457
332.3999939,-0.82247591
332.5,-0.822046757
332.6000061,-0.82323885
332.7000122,-0.826254845
332.8000183,-0.828674793
332.8999939,-0.822240472
333,-0.815943241
333.1000061,-0.818089008
333.2000122,-0.818899632
333.3000183,-0.819936752
333.3999939,-0.81951952
333.5,-0.82323885
333.6000061,-0.827291965
333.7000122,-0.819948673
333.8000183,-0.822618961
333.8999939,-0.818708897
334,-0.827911854
334.1000061,-0.815037251
334.2000122,-0.818470478
334.3000183,-0.823286533
334.3999939,-0.819662571
334.5,-0.817183018
334.6000061,-0.812796116
334.7000122,-0.811317444
334.8000183,-0.812939167
334.8999939,-0.821760654
335,-0.818041325
335.1000061,-0.813654423
335.2000122,-0.816992283
335.3000183,-0.813797474
335.3999939,-0.824573994
335.5,-0.811746597
335.6000061,-0.819376469
335.7000122,-0.822905064
335.8000183,-0.818089008
335.8999939,-0.814274311
336,-0.818708897
336.1000061,-0.81451273
336.2000122,-0.810220718
336.3000183,-0.813320637
336.3999939,-0.809553146
336.5,-0.81951952
336.6000061,-0.817373753
336.7000122,-0.81708765
336.8000183,-0.814894199
336.8999939,-0.816849232
337,-0.811508179
337.1000061,-0.814417362
337.2000122,-0.818565845
337.3000183,-0.817278385
337.3999939,-0.818470478
337.5,-0.817659855
337.6000061,-0.807264328
337.7000122,-0.806835175
337.8000183,-0.804403305
337.8999939,-0.810554504
338,-0.815132618
338.1000061,-0.80626297
338.2000122,-0.800588608
338.3000183,-0.81785059
338.3999939,-0.80960083
338.5,-0.806453705
338.6000061,-0.804021835
338.7000122,-0.808647156
338.8000183,-0.8120327
338.8999939,-0.810089588
339,-0.811841965
339.1000061,-0.807836533
339.2000122,-0.802495956
339.3000183,-0.798967361
339.3999939,-0.812605381
339.5,-0.793579102
339.6000061,-0.813702106
339.7000122,-0.809457779
339.8000183,-0.802019119
339.8999939,-0.812748432
340,-0.808742523
340.1000061,-0.807645798
340.2000122,-0.804546356
340.3000183,-0.807741165
340.3999939,-0.806119919
340.5,-0.799682617
340.6000061,-0.811222076
340.7000122,-0.794389725
340.8000183,-0.792053223
340.8999939,-0.805786133
341,-0.80216217
341.1000061,-0.79586792
341.2000122,-0.807884216
341.3000183,-0.796440125
341.3999939,-0.804737091
341.5,-0.802591324
341.6000061,-0.805976868
341.7000122,-0.816086292
341.8000183,-0.810459137
341.8999939,-0.798681259
342,-0.799158096
342.1000061,-0.804355621
342.2000122,-0.802066803
342.3000183,-0.80421257
342.3999939,-0.804546356
342.5,-0.8058815
342.6000061,-0.803413868
342.7000122,-0.80163765
342.8000183,-0.801589966
342.8999939,-0.796535492
343,-0.807884216
343.1000061,-0.799825668
343.2000122,-0.800397873
343.3000183,-0.800779343
343.3999939,-0.799730301
343.5,-0.791481018
343.6000061,-0.800779343
343.7000122,-0.794866562
343.8000183,-0.795724869
343.8999939,-0.786331177
344,-0.790336609
344.1000061,-0.796392441
344.2000122,-0.803115845
344.3000183,-0.798776627
344.3999939,-0.78881073
344.5,-0.791433334
344.6000061,-0.79458046
344.7000122,-0.797632217
344.8000183,-0.800445557
344.8999939,-0.796916962
345,-0.800016403
345.1000061,-0.792959213
345.2000122,-0.798585892
345.3000183,-0.797966003
345.3999939,-0.794866562
345.5,-0.793483734
345.6000061,-0.790956497
345.7000122,-0.790145874
345.8000183,-0.801685333
345.8999939,-0.793912888
346,-0.799539566
346.1000061,-0.793531418
346.2000122,-0.799730301
346.3000183,-0.797584534
346.3999939,-0.794795036
346.5,-0.790908813
346.6000061,-0.790956497
346.7000122,-0.784614563
346.8000183,-0.796297073
346.8999939,-0.791194916
347,-0.787904739
347.1000061,-0.791337967
347.2000122,-0.78342247
347.3000183,-0.783279419
347.3999939,-0.789812088
347.5,-0.798490524
347.6000061,-0.790908813
347.7000122,-0.786998749
347.8000183,-0.793149948
347.8999939,-0.791194916
348,-0.785377502
348.1000061,-0.787952423
348.2000122,-0.792100906
348.3000183,-0.777175903
348.3999939,-0.800302505
348.5,-0.783470154
348.6000061,-0.784852982
348.7000122,-0.777462006
348.8000183,-0.784662247
348.8999939,-0.790336609
349,-0.778320313
349.1000061,-0.793054581
349.2000122,-0.779989243
349.3000183,-0.790670395
349.3999939,-0.784566879
349.5,-0.782754898
349.6000061,-0.785234451
349.7000122,-0.772264481
349.8000183,-0.777605057
349.8999939,-0.785234451
350,-0.788238525
350.1000061,-0.778940201
350.2000122,-0.774171829
350.3000183,-0.795295715
350.3999939,-0.788572311
350.5,-0.776269913
350.6000061,-0.777986526
350.7000122,-0.778129578
350.8000183,-0.783899307
350.8999939,-0.78008461
351,-0.785949707
351.1000061,-0.783136368
351.2000122,-0.783136368
351.3000183,-0.775745392
351.3999939,-0.77674675
351.5,-0.787380219
351.6000061,-0.77173996
351.7000122,-0.786140442
351.8000183,-0.780609131
351.8999939,-0.782421112
352,-0.780561447
352.1000061,-0.785902023
352.2000122,-0.782742977
352.3000183,-0.782754898
352.3999939,-0.78175354
352.5,-0.782039642
352.6000061,-0.775554657
352.7000122,-0.777080536
352.8000183,-0.780847549
352.8999939,-0.779273987
353,-0.78342247
353.1000061,-0.78175354
353.2000122,-0.783279419
353.3000183,-0.78547287
353.3999939,-0.773647308
353.5,-0.77712822
353.6000061,-0.769355774
353.7000122,-0.772073746
353.8000183,-0.779178619
353.8999939,-0.77135849
354,-0.77636528
354.1000061,-0.771978378
354.2000122,-0.774982452
354.3000183,-0.776556015
354.3999939,-0.773814201
354.5,-0.771453857
354.6000061,-0.772264481
354.7000122,-0.769832611
354.8000183,-0.783374786
354.8999939,-0.766160965
355,-0.772979736
355.1000061,-0.771501541
355.2000122,-0.773456573
355.3000183,-0.777795792
355.3999939,-0.765684128
355.5,-0.779417038
355.6000061,-0.769165039
355.7000122,-0.772121429
355.8000183,-0.773551941
355.8999939,-0.770500183
356,-0.778749466
356.1000061,-0.775745392
356.2000122,-0.781419754
356.3000183,-0.771501541
356.3999939,-0.778272629
356.5,-0.76725769
356.6000061,-0.763347626
356.7000122,-0.774219513
356.8000183,-0.769880295
356.8999939,-0.777462006
357,-0.760105133
357.1000061,-0.764873505
357.2000122,-0.775554657
357.3000183,-0.760868073
357.3999939,-0.773694992
357.5,-0.76930809
357.6000061,-0.773981094
357.7000122,-0.770214081
357.8000183,-0.768878937
357.8999939,-0.769260406
358,-0.770595551
358.1000061,-0.767353058
358.2000122,-0.757387161
358.3000183,-0.753810883
358.3999939,-0.764062881
358.5,-0.773122787
358.6000061,-0.765731812
358.7000122,-0.761106491
358.8000183,-0.764492035
358.8999939,-0.772789001
359,-0.75929451
359.1000061,-0.772550583
359.2000122,-0.77431488
359.3000183,-0.771751881
359.3999939,-0.773361206
359.5,-0.766780853
359.6000061,-0.762870789
359.7000122,-0.764110565
359.8000183,-0.763311863
359.8999939,-0.760343552
360,-0.765922546
360.1000061,-0.770500183
360.2000122,-0.762775421
360.3000183,-0.757005692
360.3999939,-0.759628296
360.5,-0.763729095
360.6000061,-0.757959366
360.7000122,-0.759628296
360.8000183,-0.757434845
360.8999939,-0.767543793
361,-0.761774063
361.1000061,-0.754907608
361.2000122,-0.7684021
361.3000183,-0.76058197
361.3999939,-0.759914398
361.5,-0.766017914
361.6000061,-0.766304016
361.7000122,-0.760009766
361.8000183,-0.753667831
361.8999939,-0.77340889
362,-0.752285004
362.1000061,-0.759342194
362.2000122,-0.762203217
362.3000183,-0.764444351
362.3999939,-0.769927979
362.5,-0.763538361
362.6000061,-0.747564316
362.7000122,-0.766399384
362.8000183,-0.748422623
362.8999939,-0.756004333
363,-0.770929337
363.1000061,-0.760105133
363.2000122,-0.755384445
363.3000183,-0.761106491
363.3999939,-0.755479813
363.5,-0.751712799
363.6000061,-0.760105133
363.7000122,-0.744274139
363.8000183,-0.757291794
363.8999939,-0.748041153
364,-0.773933411
364.1000061,-0.765636444
364.2000122,-0.758960724
364.3000183,-0.765922546
364.3999939,-0.762048244
364.5,-0.761869431
364.6000061,-0.761440277
364.7000122,-0.754907608
364.8000183,-0.75724411
364.8999939,-0.752475739
365,-0.756767273
365.1000061,-0.752666473
365.2000122,-0.748422623
365.3000183,-0.755527496
365.3999939,-0.75185585
365.5,-0.744131088
365.6000061,-0.754001617
365.7000122,-0.757816315
365.8000183,-0.752523422
365.8999939,-0.751331329
366,-0.753047943
366.1000061,-0.751879692
366.2000122,-0.749996185
366.3000183,-0.753143311
366.3999939,-0.74980545
366.5,-0.758340836
366.6000061,-0.74723053
366.7000122,-0.736358643
366.8000183,-0.744464874
366.8999939,-0.740983963
367,-0.750282288
367.1000061,-0.755002975
367.2000122,-0.752189636
367.3000183,-0.751832008
367.3999939,-0.750902176
367.5,-0.749233246
367.6000061,-0.750377655
367.7000122,-0.755050659
367.8000183,-0.747945786
367.8999939,-0.755622864
368,-0.742986679
368.1000061,-0.751903534
368.2000122,-0.75147438
368.3000183,-0.762346268
368.3999939,-0.740459442
368.5,-0.764205933
368.6000061,-0.752046585
368.7000122,-0.747325897
368.8000183,-0.753953934
368.8999939,-0.759342194
369,-0.757101059
369.1000061,-0.752189636
369.2000122,-0.74967432
369.3000183,-0.744035721
369.3999939,-0.745370865
369.5,-0.740888596
369.6000061,-0.747325897
369.7000122,-0.739839554
369.8000183,-0.737503052
369.8999939,-0.760438919
370,-0.738838196
370.1000061,-0.756147385
370.2000122,-0.742938995
370.3000183,-0.742366791
370.3999939,-0.743332386
370.5,-0.740840912
370.6000061,-0.747182846
370.7000122,-0.750425339
370.8000183,-0.753429413
370.8999939,-0.747039795
371,-0.746324539
371.1000061,-0.745144367
371.2000122,-0.746229172
371.3000183,-0.740983963
371.3999939,-0.731637955
371.5,-0.737932205
371.6000061,-0.751998901
371.7000122,-0.74928093
371.8000183,-0.751045227
371.8999939,-0.748172283
372,-0.745609283
372.1000061,-0.746753693
372.2000122,-0.748446465
372.3000183,-0.749185562
372.3999939,-0.74505496
372.5,-0.742462158
372.6000061,-0.740125656
372.7000122,-0.743082047
372.8000183,-0.741889954
372.8999939,-0.747850418
373,-0.747564316
373.1000061,-0.744417191
373.2000122,-0.740840912
373.3000183,-0.742176056
373.3999939,-0.749042511
373.5,-0.739028931
373.6000061,-0.745752335
373.7000122,-0.740077972
373.8000183,-0.752189636
373.8999939,-0.742795944
374,-0.741889954
374.1000061,-0.735500336
374.2000122,-0.722578049
374.3000183,-0.732448578
374.3999939,-0.749423981
374.5,-0.729539871
374.6000061,-0.741603851
374.7000122,-0.735261917
374.8000183,-0.737789154
374.8999939,-0.738194466
375,-0.739315033
375.1000061,-0.740411758
375.2000122,-0.739028931
375.3000183,-0.739219666
375.3999939,-0.735774517
375.5,-0.731399536
375.6000061,-0.733449936
375.7000122,-0.745656967
375.8000183,-0.732067108
375.8999939,-0.741794586
376,-0.727870941
376.1000061,-0.753238678
376.2000122,-0.731256485
376.3000183,-0.720909119
376.3999939,-0.728872299
376.5,-0.744178772
376.6000061,-0.741413116
376.7000122,-0.739267349
376.8000183,-0.740483284
376.8999939,-0.739267349
377,-0.741985321
377.1000061,-0.737169266
377.2000122,-0.730255127
377.3000183,-0.725772858
377.3999939,-0.727203369
377.5,-0.729098797
377.6000061,-0.730302811
377.7000122,-0.73311615
377.8000183,-0.741127014
377.8999939,-0.731399536
378,-0.734546661
378.1000061,-0.732114792
378.2000122,-0.739601135
378.3000183,-0.740602493
378.3999939,-0.736907005
378.5,-0.73015976
378.6000061,-0.737264633
378.7000122,-0.744846344
378.8000183,-0.733163834
378.8999939,-0.720527649
379,-0.735500336
379.1000061,-0.733736038
379.2000122,-0.728478909
379.3000183,-0.720241547
379.3999939,-0.724437714
379.5,-0.729635239
379.6000061,-0.73144722
379.7000122,-0.730493546
379.8000183,-0.732448578
379.8999939,-0.730076313
380,-0.728919983
380.1000061,-0.728443146
380.2000122,-0.723150253
380.3000183,-0.725391388
380.3999939,-0.732067108
380.5,-0.726678848
380.6000061,-0.734880447
380.7000122,-0.734308243
380.8000183,-0.735583782
380.8999939,-0.736883163
381,-0.728857398
381.1000061,-0.719812393
381.2000122,-0.723150253
381.3000183,-0.729921341
381.3999939,-0.724294662
381.5,-0.731637955
381.6000061,-0.719049454
381.7000122,-0.740364075
381.8000183,-0.723340988
381.8999939,-0.732973099
382,-0.716474533
382.1000061,-0.719764709
382.2000122,-0.72143364
382.3000183,-0.723138332
382.3999939,-0.727966309
382.5,-0.723388672
382.6000061,-0.732830048
382.7000122,-0.726202011
382.8000183,-0.735834122
382.8999939,-0.715044022
383,-0.724103928
383.1000061,-0.721910477
383.2000122,-0.724056244
383.3000183,-0.730875015
383.3999939,-0.732639313
383.5,-0.725272179
383.6000061,-0.716331482
383.7000122,-0.721242905
383.8000183,-0.727012634
383.8999939,-0.729873657
384,-0.715330124
384.1000061,-0.720193863
384.2000122,-0.709465027
384.3000183,-0.719430923
384.3999939,-0.725963593
384.5,-0.715091705
384.6000061,-0.720479965
384.7000122,-0.717094421
384.8000183,-0.720074654
384.8999939,-0.720336914
385,-0.722387314
385.1000061,-0.719764709
385.2000122,-0.721862793
385.3000183,-0.715806961
385.3999939,-0.706079483
385.5,-0.722482681
385.6000061,-0.715806961
385.7000122,-0.722911835
385.8000183,-0.723770142
385.8999939,-0.71323204
386,-0.715139389
386.1000061,-0.710990906
386.2000122,-0.719573975
386.3000183,-0.714662552
386.3999939,-0.719907761
386.5,-0.725248337
386.6000061,-0.729682922
386.7000122,-0.721099854
386.8000183,-0.725486755
386.8999939,-0.716474533
387,-0.710084915
387.1000061,-0.721815109
387.2000122,-0.714185715
387.3000183,-0.72233963
387.3999939,-0.720813751
387.5,-0.710323334
387.6000061,-0.718095779
387.7000122,-0.708320618
387.8000183,-0.70860672
387.8999939,-0.709465027
388,-0.707414627
388.1000061,-0.711706161
388.2000122,-0.72195816
388.3000183,-0.711801529
388.3999939,-0.702360153
388.5,-0.710800171
388.6000061,-0.705888748
388.7000122,-0.71900177
388.8000183,-0.711181641
388.8999939,-0.713565826
389,-0.709560394
389.1000061,-0.708511353
389.2000122,-0.714710236
389.3000183,-0.702693939
389.3999939,-0.714567184
389.5,-0.709035873
389.6000061,-0.716474533
389.7000122,-0.714281082
389.8000183,-0.703170776
389.8999939,-0.706413269
390,-0.710132599
390.1000061,-0.711098194
390.2000122,-0.714424133
390.3000183,-0.713422775
390.3999939,-0.703790665
390.5,-0.70450592
390.6000061,-0.71194458
390.7000122,-0.707986832
390.8000183,-0.714328766
390.8999939,-0.699785233
391,-0.717094421
391.1000061,-0.704648972
391.2000122,-0.716283798
391.3000183,-0.700166702
391.3999939,-0.704362869
391.5,-0.70526886
391.6000061,-0.711515427
391.7000122,-0.715997696
391.8000183,-0.702980042
391.8999939,-0.706508636
392,-0.703742981
392.1000061,-0.70989418
392.2000122,-0.708034515
392.3000183,-0.70450592
392.3999939,-0.711420059
392.5,-0.708702087
392.6000061,-0.705793381
392.7000122,-0.701072693
392.8000183,-0.711277008
392.8999939,-0.709035873
393,-0.709941864
393.1000061,-0.71027565
393.2000122,-0.714233398
393.3000183,-0.707891464
393.3999939,-0.70321846
393.5,-0.708749771
393.6000061,-0.694396973
393.7000122,-0.697257996
393.8000183,-0.702407837
393.8999939,-0.702455521
394,-0.70642519
394.1000061,-0.713947296
394.2000122,-0.706890106
394.3000183,-0.695446014
394.3999939,-0.698879242
394.5,-0.69654274
394.6000061,-0.703528404
394.7000122,-0.71027565
394.8000183,-0.708415985
394.8999939,-0.705984116
395,-0.706747055
395.1000061,-0.703075409
395.2000122,-0.69153595
395.3000183,-0.704553604
395.3999939,-0.695350647
395.5,-0.703027725
395.6000061,-0.692871094
395.7000122,-0.704076767
395.8000183,-0.702932358
395.8999939,-0.698688507
396,-0.701215744
396.1000061,-0.698783875
396.2000122,-0.697544098
396.3000183,-0.702503204
396.3999939,-0.698307037
396.5,-0.702455521
396.6000061,-0.706794739
396.7000122,-0.699069977
396.8000183,-0.691726685
396.8999939,-0.699117661
397,-0.692680359
397.1000061,-0.713041306
397.2000122,-0.699213028
397.3000183,-0.694253922
397.3999939,-0.700357437
397.5,-0.701787949
397.6000061,-0.708845139
397.7000122,-0.690582275
397.8000183,-0.698163986
397.8999939,-0.693395615
398,-0.698116302
398.1000061,-0.707700729
398.2000122,-0.714662552
398.3000183,-0.703647614
398.3999939,-0.68948555
398.5,-0.700405121
398.6000061,-0.694206238
398.7000122,-0.695636749
398.8000183,-0.696781158
398.8999939,-0.697877884
399,-0.70116806
399.1000061,-0.701215744
399.2000122,-0.700166702
399.3000183,-0.699594498
399.3999939,-0.698688507
399.5,-0.686337948
399.6000061,-0.685956478
399.7000122,-0.70026207
399.8000183,-0.685384274
399.8999939,-0.694253922
400,-0.702693939
400.1000061,-0.696828842
400.2000122,-0.695207596
400.3000183,-0.692775726
400.3999939,-0.691440582
400.5,-0.691869736
400.6000061,-0.692298889
400.7000122,-0.691726685
400.8000183,-0.689294815
400.8999939,-0.693443298
401,-0.688055038
401.1000061,-0.695684433
401.2000122,-0.692918777
401.3000183,-0.694683075
401.3999939,-0.68495512
401.5,-0.693252563
401.6000061,-0.68662405
401.7000122,-0.693157196
401.8000183,-0.70283699
401.8999939,-0.694253922
402,-0.700643539
402.1000061,-0.691869736
402.2000122,-0.692632675
402.3000183,-0.693014145
402.3999939,-0.693061829
402.5,-0.69449234
402.6000061,-0.687482834
402.7000122,-0.67584753
402.8000183,-0.685861111
402.8999939,-0.691679001
403,-0.691762328
403.1000061,-0.694158554
403.2000122,-0.695350647
403.3000183,-0.691917419
403.3999939,-0.685002804
403.5,-0.690391541
403.6000061,-0.67866087
403.7000122,-0.686147213
403.8000183,-0.68738699
403.8999939,-0.685145855
404,-0.687947512
404.1000061,-0.690057755
404.2000122,-0.689199448
404.3000183,-0.691011429
404.3999939,-0.688770294
404.5,-0.687053204
404.6000061,-0.677993298
404.7000122,-0.698020935
404.8000183,-0.686147213
404.8999939,-0.681760311
405,-0.684144497
405.1000061,-0.684120655
405.2000122,-0.684144497
405.3000183,-0.686433315
405.3999939,-0.683143139
405.5,-0.687768936
405.6000061,-0.685384274
405.7000122,-0.681903362
405.8000183,-0.686099529
405.8999939,-0.677707195
406,-0.692394257
406.1000061,-0.685193539
406.2000122,-0.691774368
406.3000183,-0.679852962
406.3999939,-0.685098171
406.5,-0.678327084
406.6000061,-0.692060471
406.7000122,-0.698831558
406.8000183,-0.686814785
406.8999939,-0.677945614
407,-0.690200806
407.1000061,-0.687673569
407.2000122,-0.681807995
407.3000183,-0.682523251
407.3999939,-0.689533234
407.5,-0.688293457
407.6000061,-0.679042339
407.7000122,-0.687434673
407.8000183,-0.680758953
407.8999939,-0.687530518
408,-0.679996014
408.1000061,-0.682618618
408.2000122,-0.6803298
408.3000183,-0.688341141
408.3999939,-0.66416502
408.5,-0.687578201
408.6000061,-0.678088665
408.7000122,-0.687673569
408.8000183,-0.681426525
408.8999939,-0.675036907
409,-0.679423809
409.1000061,-0.675466061
409.2000122,-0.675323009
409.3000183,-0.676419735
409.3999939,-0.684525967
409.5,-0.67866087
409.6000061,-0.683524609
409.7000122,-0.680019855
409.8000183,-0.679137707
409.8999939,-0.678756237
410,-0.673797131
410.1000061,-0.682618618
410.2000122,-0.661876202
410.3000183,-0.670363903
410.3999939,-0.676133633
410.5,-0.662257671
410.6000061,-0.684001446
410.7000122,-0.674655437
410.8000183,-0.67327261
410.8999939,-0.675835609
411,-0.677373409
411.1000061,-0.678040981
411.2000122,-0.673415661
411.3000183,-0.688817978
411.3999939,-0.681378841
411.5,-0.672795773
411.6000061,-0.683476925
411.7000122,-0.680377483
411.8000183,-0.669267178
411.8999939,-0.680806637
412,-0.689962387
412.1000061,-0.674846172
412.2000122,-0.671031475
412.3000183,-0.680615902
412.3999939,-0.673463345
412.5,-0.676515102
412.6000061,-0.675084591
412.7000122,-0.673987865
412.8000183,-0.676372051
412.8999939,-0.672986507
413,-0.67584753
413.1000061,-0.666310787
413.2000122,-0.679328442
413.3000183,-0.662305355
413.3999939,-0.663592815
413.5,-0.672080517
413.6000061,-0.668170452
413.7000122,-0.684192181
413.8000183,-0.661685467
413.8999939,-0.669219494
414,-0.678803921
414.1000061,-0.665309429
414.2000122,-0.673606396
414.3000183,-0.673320293
414.3999939,-0.674846172
414.5,-0.672366619
414.6000061,-0.670077801
414.7000122,-0.675370693
414.8000183,-0.681045055
414.8999939,-0.676002502
415,-0.672748089
415.1000061,-0.674846172
415.2000122,-0.679519176
415.3000183,-0.66955328
415.3999939,-0.676324368
415.5,-0.668075085
415.6000061,-0.670268536
415.7000122,-0.665500164
415.8000183,-0.658729076
415.8999939,-0.664927959
416,-0.671889782
416.1000061,-0.659348965
416.2000122,-0.662353039
416.3000183,-0.664355755
416.3999939,-0.676753521
416.5,-0.680663586
416.6000061,-0.666120052
416.7000122,-0.676229
416.8000183,-0.65376997
416.8999939,-0.670602322
417,-0.668933392
417.1000061,-0.669219494
417.2000122,-0.666072369
417.3000183,-0.671269894
417.3999939,-0.659396648
417.5,-0.675084591
417.6000061,-0.672366619
417.7000122,-0.673463345
417.8000183,-0.680472851
417.8999939,-0.664355755
418,-0.673463345
418.1000061,-0.662257671
418.2000122,-0.666406155
418.3000183,-0.66621542
418.3999939,-0.663640499
418.5,-0.666406155
418.6000061,-0.672652721
418.7000122,-0.662972927
418.8000183,-0.654342175
418.8999939,-0.661113262
419,-0.663640499
419.1000061,-0.663199425
419.2000122,-0.665690899
419.3000183,-0.662353039
419.3999939,-0.666453838
419.5,-0.658872128
419.6000061,-0.666120052
419.7000122,-0.666406155
419.8000183,-0.661780834
419.8999939,-0.657393932
420,-0.657203197
420.1000061,-0.672795773
420.2000122,-0.670077801
420.3000183,-0.660493374
420.3999939,-0.661017895
420.5,-0.665643215
420.6000061,-0.67122221
420.7000122,-0.675418377
420.8000183,-0.672652721
420.8999939,-0.661065578
421,-0.657632351
421.1000061,-0.664021969
421.2000122,-0.66006422
421.3000183,-0.655963421
421.3999939,-0.669410229
421.5,-0.657966137
421.6000061,-0.672986507
421.7000122,-0.667645931
421.8000183,-0.663115978
421.8999939,-0.664021969
422,-0.665547848
422.1000061,-0.666489601
422.2000122,-0.666167736
422.3000183,-0.670220852
422.3999939,-0.66211462
422.5,-0.6554389
422.6000061,-0.666501522
422.7000122,-0.663592815
422.8000183,-0.662448406
422.8999939,-0.667169094
423,-0.654771328
423.1000061,-0.663688183
423.2000122,-0.653293133
423.3000183,-0.663449764
423.3999939,-0.656630993
423.5,-0.653340816
423.6000061,-0.666120052
423.7000122,-0.667264462
423.8000183,-0.655343533
423.8999939,-0.655391216
424,-0.667550564
424.1000061,-0.652244091
424.2000122,-0.668456554
424.3000183,-0.659348965
424.3999939,-0.653960705
424.5,-0.663163662
424.6000061,-0.654723644
424.7000122,-0.659110546
424.8000183,-0.669028759
424.8999939,-0.658490658
425,-0.66211462
425.1000061,-0.661590099
425.2000122,-0.655295849
425.3000183,-0.662448406
425.3999939,-0.653674603
425.5,-0.659921169
425.6000061,-0.652053356
425.7000122,-0.668361187
425.8000183,-0.659873486
425.8999939,-0.650193691
426,-0.653817654
426.1000061,-0.654819012
426.2000122,-0.658109188
426.3000183,-0.654675961
426.3999939,-0.657918453
426.5,-0.65081358
426.6000061,-0.648715496
426.7000122,-0.647642612
426.8000183,-0.646522045
426.8999939,-0.653179884
427,-0.659396648
427.1000061,-0.65915823
427.2000122,-0.650527477
427.3000183,-0.658442974
427.3999939,-0.645806789
427.5,-0.655009747
427.6000061,-0.656964779
427.7000122,-0.659301281
427.8000183,-0.651481152
427.8999939,-0.66173315
428,-0.648620129
428.1000061,-0.653293133
428.2000122,-0.655105114
428.3000183,-0.656189919
428.3999939,-0.654342175
428.5,-0.651025176
428.6000061,-0.646903515
428.7000122,-0.646665096
428.8000183,-0.65171957
428.8999939,-0.649478436
429,-0.656917095
429.1000061,-0.655546188
429.2000122,-0.657966137
429.3000183,-0.657823086
429.3999939,-0.657393932
429.5,-0.651385784
429.6000061,-0.650098324
429.7000122,-0.649049282
429.8000183,-0.647237301
429.8999939,-0.644996166
430,-0.650706291
430.1000061,-0.655868053
430.2000122,-0.654723644
430.3000183,-0.650384426
430.3999939,-0.656070709
430.5,-0.6595397
430.6000061,-0.659635067
430.7000122,-0.651624203
430.8000183,-0.650336742
430.8999939,-0.649383068
431,-0.645806789
431.1000061,-0.654914379
431.2000122,-0.647952557
431.3000183,-0.64132452
431.3999939,-0.651147366
431.5,-0.646569729
431.6000061,-0.645473003
431.7000122,-0.647237301
431.8000183,-0.645139217
431.8999939,-0.652911663
432,-0.645949841
432.1000061,-0.648477077
432.2000122,-0.647428036
432.3000183,-0.645234585
432.3999939,-0.642516613
432.5,-0.647237301
432.6000061,-0.655772686
432.7000122,-0.644233227
432.8000183,-0.646903515
432.8999939,-0.643064976
433,-0.642373562
433.1000061,-0.638749599
433.2000122,-0.643327236
433.3000183,-0.646665096
433.3999939,-0.650479794
433.5,-0.64966917
433.6000061,-0.654771328
433.7000122,-0.654008389
433.8000183,-0.648906231
433.8999939,-0.637795925
434,-0.641896725
434.1000061,-0.643994808
434.2000122,-0.648095608
434.3000183,-0.642659664
434.3999939,-0.644137859
434.5,-0.642802715
434.6000061,-0.643994808
434.7000122,-0.642564297
434.8000183,-0.646474361
434.8999939,-0.635316372
435,-0.646092892
435.1000061,-0.632312298
435.2000122,-0.642802715
435.3000183,-0.645854473
435.3999939,-0.639035702
435.5,-0.639178753
435.6000061,-0.64170599
435.7000122,-0.645234585
435.8000183,-0.637843609
435.8999939,-0.650336742
436,-0.636222363
436.1000061,-0.643231869
436.2000122,-0.634553432
436.3000183,-0.637938976
436.3999939,-0.636556149
436.5,-0.645616055
436.6000061,-0.635316372
436.7000122,-0.647618771
436.8000183,-0.647189617
436.8999939,-0.64170599
437,-0.640275478
437.1000061,-0.639798641
437.2000122,-0.639941692
437.3000183,-0.637271404
437.3999939,-0.633456707
437.5,-0.639798641
437.6000061,-0.631978512
437.7000122,-0.639083385
437.8000183,-0.644757748
437.8999939,-0.641181469
438,-0.63631773
438.1000061,-0.639619827
438.2000122,-0.64428091
438.3000183,-0.6366992
438.3999939,-0.648620129
438.5,-0.631167889
438.6000061,-0.641801357
438.7000122,-0.621869564
438.8000183,-0.632359982
438.8999939,-0.642039776
439,-0.625636578
439.1000061,-0.626256466
439.2000122,-0.627233982
439.3000183,-0.627543926
439.3999939,-0.629498959
439.5,-0.64094305
439.6000061,-0.63965559
439.7000122,-0.644328594
439.8000183,-0.639584064
439.8999939,-0.637748241
440,-0.636603832
440.1000061,-0.641467571
440.2000122,-0.631358624
440.3000183,-0.638034344
440.3999939,-0.640847683
440.5,-0.63888073
440.6000061,-0.638511181
440.7000122,-0.638129711
440.8000183,-0.632550716
440.8999939,-0.628831387
441,-0.6325984
441.1000061,-0.632169247
441.2000122,-0.63131094
441.3000183,-0.64504385
441.3999939,-0.633456707
441.5,-0.642802715
441.6000061,-0.627877712
441.7000122,-0.632359982
441.8000183,-0.639417171
441.8999939,-0.635173321
442,-0.629785061
442.1000061,-0.633933544
442.2000122,-0.627543926
442.3000183,-0.627543926
442.3999939,-0.628354549
442.5,-0.632717609
442.6000061,-0.638654232
442.7000122,-0.63631773
442.8000183,-0.634219646
442.8999939,-0.638892651
443,-0.62387228
443.1000061,-0.631835461
443.2000122,-0.636556149
443.3000183,-0.623967648
443.3999939,-0.636889935
443.5,-0.626399517
443.6000061,-0.636413097
443.7000122,-0.641944408
443.8000183,-0.634553432
443.8999939,-0.638988018
444,-0.628354549
444.1000061,-0.630452633
444.2000122,-0.630559921
444.3000183,-0.631930828
444.3999939,-0.631501675
444.5,-0.626494884
444.6000061,-0.633647442
444.7000122,-0.620439053
444.8000183,-0.635888577
444.8999939,-0.641372204
445,-0.628020763
445.1000061,-0.623395443
445.2000122,-0.62759161
445.3000183,-0.620868206
445.3999939,-0.633027554
445.5,-0.639321804
445.6000061,-0.623443127
445.7000122,-0.63503027
445.8000183,-0.631215572
445.8999939,-0.63388586
446,-0.630595684
446.1000061,-0.627782345
446.2000122,-0.629498959
446.3000183,-0.630166531
446.3999939,-0.629975796
446.5,-0.629498959
446.6000061,-0.630738735
446.7000122,-0.626876354
446.8000183,-0.631453991
446.8999939,-0.629403591
447,-0.626351833
447.1000061,-0.621011257
447.2000122,-0.63336134
447.3000183,-0.621917248
447.3999939,-0.626876354
447.5,-0.631120205
447.6000061,-0.630738735
447.7000122,-0.62810421
447.8000183,-0.626018047
447.8999939,-0.624539852
448,-0.629546642
448.1000061,-0.626828671
448.2000122,-0.624015331
448.3000183,-0.628163815
448.3999939,-0.634124279
448.5,-0.621201992
448.6000061,-0.62425375
448.7000122,-0.630452633
448.8000183,-0.624587536
448.8999939,-0.621488094
449,-0.624873638
449.1000061,-0.623538494
449.2000122,-0.624063015
449.3000183,-0.627353191
449.3999939,-0.625207424
449.5,-0.623574257
449.6000061,-0.62361896
449.7000122,-0.622775555
449.8000183,-0.622918606
449.8999939,-0.623586178
450,-0.618150234
450.1000061,-0.635411739
450.2000122,-0.628116131
450.3000183,-0.622537136
450.3999939,-0.620820522
450.5,-0.631644726
450.6000061,-0.617768764
450.7000122,-0.625874996
450.8000183,-0.626351833
450.8999939,-0.62296629
451,-0.619151592
451.1000061,-0.620486736
451.2000122,-0.61924696
451.3000183,-0.628116131
451.3999939,-0.621774197
451.5,-0.625350475
451.6000061,-0.615336895
451.7000122,-0.621917248
451.8000183,-0.620391369
451.8999939,-0.617434978
452,-0.612523556
452.1000061,-0.614907742
452.2000122,-0.631740093
452.3000183,-0.612666607
452.3999939,-0.624492168
452.5,-0.623347759
452.6000061,-0.624825954
452.7000122,-0.621106625
452.8000183,-0.611903667
452.8999939,-0.6138587
453,-0.619103909
453.1000061,-0.617816448
453.2000122,-0.615050793
453.3000183,-0.619294643
453.3999939,-0.625445843
453.5,-0.616958141
453.6000061,-0.612571239
453.7000122,-0.614430904
453.8000183,-0.616576672
453.8999939,-0.622012615
454,-0.622155666
454.1000061,-0.621678829
454.2000122,-0.616958141
454.3000183,-0.61476469
454.3999939,-0.618329048
454.5,-0.620486736
454.6000061,-0.621106625
454.7000122,-0.61681509
454.8000183,-0.61848402
454.8999939,-0.616624355
455,-0.617947578
455.1000061,-0.618197918
455.2000122,-0.61848402
455.3000183,-0.628592968
455.3999939,-0.603654385
455.5,-0.615479946
455.6000061,-0.611379147
455.7000122,-0.621154308
455.8000183,-0.613906384
455.8999939,-0.617244244
456,-0.606658459
456.1000061,-0.60847044
456.2000122,-0.617625713
456.3000183,-0.609710217
456.3999939,-0.615360737
456.5,-0.617101192
456.6000061,-0.617005825
456.7000122,-0.613715649
456.8000183,-0.623300076
456.8999939,-0.618531704
457,-0.617387295
457.1000061,-0.617434978
457.2000122,-0.621297359
457.3000183,-0.615718365
457.3999939,-0.609567165
457.5,-0.614287853
457.6000061,-0.617530346
457.7000122,-0.619390011
457.8000183,-0.612714291
457.8999939,-0.613000393
458,-0.612761974
458.1000061,-0.604703426
458.2000122,-0.609138012
458.3000183,-0.614383221
458.3999939,-0.614430904
458.5,-0.609567165
458.6000061,-0.605943203
458.7000122,-0.614573956
458.8000183,-0.617864132
458.8999939,-0.617482662
459,-0.613429546
459.1000061,-0.61514616
459.2000122,-0.6118083
459.3000183,-0.620105267
459.3999939,-0.612857342
459.5,-0.617625713
459.6000061,-0.601890087
459.7000122,-0.612714291
459.8000183,-0.604178905
459.8999939,-0.611283779
460,-0.616958141
460.1000061,-0.616385937
460.2000122,-0.604608059
460.3000183,-0.618102551
460.3999939,-0.610854626
460.5,-0.610949993
460.6000061,-0.614383221
460.7000122,-0.616052151
460.8000183,-0.610640049
460.8999939,-0.608279705
461,-0.603845119
461.1000061,-0.608136654
461.2000122,-0.609900951
461.3000183,-0.604321957
461.3999939,-0.618150234
461.5,-0.605704784
461.6000061,-0.613715649
461.7000122,-0.611760616
461.8000183,-0.608184338
461.8999939,-0.607326031
462,-0.60718298
462.1000061,-0.615003109
462.2000122,-0.604417324
462.3000183,-0.620772839
462.3999939,-0.606133938
462.5,-0.61681509
462.6000061,-0.598504543
462.7000122,-0.604226589
462.8000183,-0.613667965
462.8999939,-0.610282421
463,-0.611140728
463.1000061,-0.605466366
463.2000122,-0.605227947
463.3000183,-0.604655743
463.3999939,-0.606992245
463.5,-0.595452785
463.6000061,-0.616624355
463.7000122,-0.599267483
463.8000183,-0.606753826
463.8999939,-0.597360134
464,-0.621011257
464.1000061,-0.602176189
464.2000122,-0.607945919
464.3000183,-0.613000393
464.3999939,-0.61142683
464.5,-0.603320599
464.6000061,-0.596597195
464.7000122,-0.616672039
464.8000183,-0.596168041
464.8999939,-0.604846478
465,-0.602271557
465.1000061,-0.606706142
465.2000122,-0.613954067
465.3000183,-0.601222515
465.3999939,-0.609281063
465.5,-0.605990887
465.6000061,-0.60847044
465.7000122,-0.607039928
465.8000183,-0.608077049
465.8999939,-0.608708858
466,-0.60808897
466.1000061,-0.604226589
466.2000122,-0.603713989
466.3000183,-0.603395104
466.3999939,-0.602128506
466.5,-0.603511333
466.6000061,-0.598266125
466.7000122,-0.604655743
466.8000183,-0.601210594
466.8999939,-0.599648952
467,-0.602271557
467.1000061,-0.603415966
467.2000122,-0.600554943
467.3000183,-0.593259335
467.3999939,-0.614955425
467.5,-0.60808897
467.6000061,-0.610759258
467.7000122,-0.599267483
467.8000183,-0.606515408
467.8999939,-0.599839687
468,-0.599553585
468.1000061,-0.596644878
468.2000122,-0.599899292
468.3000183,-0.602223873
468.3999939,-0.601174831
468.5,-0.602271557
468.6000061,-0.597407818
468.7000122,-0.591304302
468.8000183,-0.594880581
468.8999939,-0.594689846
469,-0.604941845
469.1000061,-0.597884655
469.2000122,-0.603129864
469.3000183,-0.600316525
469.3999939,-0.600316525
469.5,-0.593926907
469.6000061,-0.592734814
469.7000122,-0.594499111
469.8000183,-0.595595837
469.8999939,-0.595738888
470,-0.59691906
470.1000061,-0.596641898
470.2000122,-0.597026348
470.3000183,-0.596883297
470.3999939,-0.596501827
470.5,-0.594403744
470.6000061,-0.59769392
470.7000122,-0.593688488
470.8000183,-0.605466366
470.8999939,-0.595309734
471,-0.604178905
471.1000061,-0.595214367
471.2000122,-0.590970516
471.3000183,-0.606610775
471.3999939,-0.59640646
471.5,-0.588872433
471.6000061,-0.5930686
471.7000122,-0.598647594
471.8000183,-0.591208935
471.8999939,-0.589015484
472,-0.592544079
472.1000061,-0.596358776
472.2000122,-0.586822033
472.3000183,-0.598313808
472.3999939,-0.589826107
472.5,-0.595262051
472.6000061,-0.594546795
472.7000122,-0.594177246
472.8000183,-0.595691204
472.8999939,-0.591208935
473,-0.583293438
473.1000061,-0.589396954
473.2000122,-0.594022274
473.3000183,-0.595929623
473.3999939,-0.593640804
473.5,-0.595834255
473.6000061,-0.595142841
473.7000122,-0.595023632
473.8000183,-0.596072674
473.8999939,-0.595500469
474,-0.58806181
474.1000061,-0.602033138
474.2000122,-0.580050945
474.3000183,-0.590684414
474.3999939,-0.594689846
474.5,-0.5910182
474.6000061,-0.599601269
474.7000122,-0.58934927
474.8000183,-0.591495037
474.8999939,-0.58806181
475,-0.585916042
475.1000061,-0.585486889
475.2000122,-0.585713387
475.3000183,-0.588681698
475.3999939,-0.582768917
475.5,-0.591065884
475.6000061,-0.586249828
475.7000122,-0.585010052
475.8000183,-0.586583614
475.8999939,-0.586905479
476,-0.588014126
476.1000061,-0.588014126
476.2000122,-0.591924191
476.3000183,-0.595214367
476.3999939,-0.596454144
476.5,-0.596108437
476.6000061,-0.595166683
476.7000122,-0.597598553
476.8000183,-0.596311092
476.8999939,-0.585486889
477,-0.585725307
477.1000061,-0.598695278
477.2000122,-0.585391521
477.3000183,-0.594880581
477.3999939,-0.598552227
477.5,-0.594308376
477.6000061,-0.596311092
477.7000122,-0.586345196
477.8000183,-0.588204861
477.8999939,-0.591161251
478,-0.590612888
478.1000061,-0.59063673
478.2000122,-0.58601737
478.3000183,-0.583102703
478.3999939,-0.579717159
478.5,-0.592734814
478.6000061,-0.585486889
478.7000122,-0.590684414
478.8000183,-0.578906536
478.8999939,-0.586488247
479,-0.590112209
479.1000061,-0.593211651
479.2000122,-0.597169399
479.3000183,-0.590875149
479.3999939,-0.588634014
479.5,-0.587716103
479.6000061,-0.586631298
479.7000122,-0.584723949
479.8000183,-0.58601141
479.8999939,-0.582578182
480,-0.585010052
480.1000061,-0.583055019
480.2000122,-0.584390163
480.3000183,-0.583400726
480.3999939,-0.582721233
480.5,-0.583436489
480.6000061,-0.583484173
480.7000122,-0.585868359
480.8000183,-0.576140881
480.8999939,-0.586106777
481,-0.590779781
481.1000061,-0.584878922
481.2000122,-0.581481457
481.3000183,-0.581147671
481.3999939,-0.584819317
481.5,-0.589540005
481.6000061,-0.576331615
481.7000122,-0.579621792
481.8000183,-0.577428341
481.8999939,-0.577571392
482,-0.576188564
482.1000061,-0.588014126
482.2000122,-0.578334332
482.3000183,-0.584437847
482.3999939,-0.581290722
482.5,-0.588681698
482.6000061,-0.577666759
482.7000122,-0.582768917
482.8000183,-0.569655895
482.8999939,-0.574424267
483,-0.5889678
483.1000061,-0.588872433
483.2000122,-0.58754921
483.3000183,-0.584247112
483.3999939,-0.588109493
483.5,-0.582244396
483.6000061,-0.5889678
483.7000122,-0.580670834
483.8000183,-0.573756695
483.8999939,-0.572087765
484,-0.580575466
484.1000061,-0.576140881
484.2000122,-0.581243038
484.3000183,-0.568225384
484.3999939,-0.578906536
484.5,-0.573613644
484.6000061,-0.571467876
484.7000122,-0.582387447
484.8000183,-0.589492321
484.8999939,-0.573709011
485,-0.58768034
485.1000061,-0.56855917
485.2000122,-0.575377941
485.3000183,-0.574090481
485.3999939,-0.575330257
485.5,-0.580384731
485.6000061,-0.580670834
485.7000122,-0.578083992
485.8000183,-0.576713085
485.8999939,-0.574567318
486,-0.580861568
486.1000061,-0.568988323
486.2000122,-0.573136806
486.3000183,-0.574233532
486.3999939,-0.57895422
486.5,-0.573232174
486.6000061,-0.582959652
486.7000122,-0.582578182
486.8000183,-0.580909252
486.8999939,-0.576355457
487,-0.571992397
487.1000061,-0.569941998
487.2000122,-0.577523708
487.3000183,-0.562884808
487.3999939,-0.58062315
487.5,-0.572755337
487.6000061,-0.568940639
487.7000122,-0.572850704
487.8000183,-0.576045513
487.8999939,-0.581052303
488,-0.581290722
488.1000061,-0.581195354
488.2000122,-0.57882309
488.3000183,-0.580527782
488.3999939,-0.5722785
488.5,-0.578525066
488.6000061,-0.568749905
488.7000122,-0.577666759
488.8000183,-0.578477383
488.8999939,-0.569179058
489,-0.568511486
489.1000061,-0.568749905
489.2000122,-0.572659969
489.3000183,-0.574185848
489.3999939,-0.570991039
489.5,-0.566842556
489.6000061,-0.570275784
489.7000122,-0.579431057
489.8000183,-0.578429699
489.8999939,-0.57561636
490,-0.577058792
490.1000061,-0.576426983
490.2000122,-0.577762127
490.3000183,-0.566079617
490.3999939,-0.560643196
490.5,-0.56522131
490.6000061,-0.570847988
490.7000122,-0.573613644
490.8000183,-0.575377941
490.8999939,-0.577857494
491,-0.577237606
491.1000061,-0.566365719
491.2000122,-0.560643196
491.3000183,-0.57895422
491.3999939,-0.578143597
491.5,-0.57280302
491.6000061,-0.577428341
491.7000122,-0.574996471
491.8000183,-0.566496611
491.8999939,-0.555493355
492,-0.558068275
492.1000061,-0.560404897
492.2000122,-0.566270351
492.3000183,-0.561787605
492.3999939,-0.57113409
492.5,-0.56159687
492.6000061,-0.573804379
492.7000122,-0.575520992
492.8000183,-0.569083691
492.8999939,-0.572850704
493,-0.57561636
493.1000061,-0.570514202
493.2000122,-0.570704937
493.3000183,-0.570085049
493.3999939,-0.569083691
493.5,-0.570037365
493.6000061,-0.571277142
493.7000122,-0.577380657
493.8000183,-0.564553738
493.8999939,-0.570037365
494,-0.561787605
494.1000061,-0.567414761
494.2000122,-0.575568676
494.3000183,-0.566985607
494.3999939,-0.565555096
494.5,-0.569179058
494.6000061,-0.578238964
494.7000122,-0.56235981
494.8000183,-0.570943356
494.8999939,-0.568463802
495,-0.570037365
495.1000061,-0.561263084
495.2000122,-0.564649105
495.3000183,-0.568749905
495.3999939,-0.561787605
495.5,-0.564792156
495.6000061,-0.566604137
495.7000122,-0.561453819
495.8000183,-0.574805737
495.8999939,-0.568988323
496,-0.570323467
496.1000061,-0.564792156
496.2000122,-0.566699505
496.3000183,-0.576379299
496.3999939,-0.553538322
496.5,-0.576665401
496.6000061,-0.557734489
496.7000122,-0.566222668
496.8000183,-0.569179058
496.8999939,-0.56069088
497,-0.55568409
497.1000061,-0.560070992
497.2000122,-0.562407494
497.3000183,-0.561501503
497.3999939,-0.562837124
497.5,-0.562073946
497.6000061,-0.562694073
497.7000122,-0.561263084
497.8000183,-0.565507412
497.8999939,-0.562455177
498,-0.568511486
498.1000061,-0.570800304
498.2000122,-0.563123226
498.3000183,-0.566031933
498.3999939,-0.563361645
498.5,-0.563838482
498.6000061,-0.561406136
498.7000122,-0.566270351
498.8000183,-0.557972908
498.8999939,-0.565650463
499,-0.575091839
499.1000061,-0.562312126
499.2000122,-0.55992794
499.3000183,-0.570800304
499.3999939,-0.551106453
499.5,-0.573422909
499.6000061,-0.566222668
499.7000122,-0.566747189
499.8000183,-0.559880257
499.8999939,-0.556733131
500,-0.561310768
500.1000061,-0.552298546
500.2000122,-0.559403419
500.3000183,-0.565841198
500.3999939,-0.557829857
500.5,-0.566461086
500.6000061,-0.557543755
500.7000122,-0.55401516
500.8000183,-0.558974266
500.8999939,-0.550248146
501,-0.563695431
501.1000061,-0.561358452
501.2000122,-0.556923866
501.3000183,-0.555874825
501.3999939,-0.561167717
501.5,-0.559737206
501.6000061,-0.561263084
501.7000122,-0.564100504
501.8000183,-0.569179058
501.8999939,-0.566222668
502,-0.563981533
502.1000061,-0.554158211
502.2000122,-0.55453968
502.3000183,-0.55350256
502.3999939,-0.552727699
502.5,-0.552584648
502.6000061,-0.556244373
502.7000122,-0.561406136
502.8000183,-0.55825901
502.8999939,-0.567367077
503,-0.565841198
503.1000061,-0.557686806
503.2000122,-0.558306694
503.3000183,-0.552155495
503.3999939,-0.553919792
503.5,-0.558211327
503.6000061,-0.553681374
503.7000122,-0.548102379
503.8000183,-0.558354378
503.8999939,-0.556923866
504,-0.554301262
504.1000061,-0.560881615
504.2000122,-0.55287075
504.3000183,-0.563743114
504.3999939,-0.553395271
504.5,-0.563361645
504.6000061,-0.559260368
504.7000122,-0.557782173
504.8000183,-0.55389595
504.8999939,-0.54991436
505,-0.5486269
505.1000061,-0.559689522
505.2000122,-0.563886166
505.3000183,-0.55878365
505.3999939,-0.555922508
505.5,-0.555636406
505.6000061,-0.546671867
505.7000122,-0.558688164
505.8000183,-0.57690382
505.8999939,-0.548817635
506,-0.558783531
506.1000061,-0.556542397
506.2000122,-0.557543755
506.3000183,-0.548340797
506.3999939,-0.547911644
506.5,-0.556637764
506.6000061,-0.563313961
506.7000122,-0.561453819
506.8000183,-0.563600063
506.8999939,-0.55120182
507,-0.559260368
507.1000061,-0.551821709
507.2000122,-0.559260368
507.3000183,-0.565984249
507.3999939,-0.551106453
507.5,-0.546099663
507.6000061,-0.560261726
507.7000122,-0.555064201
507.8000183,-0.547768593
507.8999939,-0.55401516
508,-0.558926582
508.1000061,-0.554348946
508.2000122,-0.550629616
508.3000183,-0.546671867
508.3999939,-0.550915718
508.5,-0.554587364
508.6000061,-0.556447029
508.7000122,-0.560881615
508.8000183,-0.543000221
508.8999939,-0.559594154
509,-0.541712761
509.1000061,-0.559260368
509.2000122,-0.552918434
509.3000183,-0.547434807
509.3999939,-0.554587364
509.5,-0.561835289
509.6000061,-0.553204536
509.7000122,-0.558199406
509.8000183,-0.557591438
509.8999939,-0.560166359
510,-0.556876183
510.1000061,-0.551440239
510.2000122,-0.559403419
510.3000183,-0.552203178
510.3999939,-0.557209969
510.5,-0.555696011
510.6000061,-0.556113243
510.7000122,-0.55388701
510.8000183,-0.552393913
510.8999939,-0.551344872
511,-0.550677299
511.1000061,-0.548150063
511.2000122,-0.550820351
511.3000183,-0.5486269
511.3999939,-0.548531532
511.5,-0.541235924
511.6000061,-0.553109169
511.7000122,-0.560929298
511.8000183,-0.555254936
511.8999939,-0.555779457
512,-0.550343513
512.1000366,-0.549723625
512.2000122,-0.5486269
512.2999878,-0.549628258
512.4000244,-0.547947407
512.5,-0.545479774
512.6000366,-0.548054695
512.7000122,-0.548674583
512.7999878,-0.547244072
512.9000244,-0.547852039
513,-0.547196388
513.1000366,-0.548293114
513.2000122,-0.546671867
513.2999878,-0.551058769
513.4000244,-0.535561562
513.5,-0.559641838
513.6000366,-0.545765877
513.7000122,-0.549723625
513.7999878,-0.548722267
513.9000244,-0.551774025
514,-0.556017876
514.1000366,-0.54118824
514.2000122,-0.550343513
514.2999878,-0.545098305
514.4000244,-0.556208611
514.5,-0.549723625
514.6000366,-0.546147346
514.7000122,-0.549151421
514.7999878,-0.547101021
514.9000244,-0.542094231
515,-0.555541039
515.1000366,-0.561549187
515.2000122,-0.545193672
515.2999878,-0.548913002
515.4000244,-0.532414436
515.5,-0.540091515
515.6000366,-0.55287075
515.7000122,-0.542714119
515.7999878,-0.547387123
515.9000244,-0.543143272
516,-0.53489399
516.1000366,-0.536133766
516.2000122,-0.542189598
516.2999878,-0.551678658
516.4000244,-0.538661003
516.5,-0.549675941
516.6000366,-0.546528816
516.7000122,-0.547148705
516.7999878,-0.542284966
516.9000244,-0.539710045
517,-0.543608189
517.1000366,-0.5465765
517.2000122,-0.545861244
517.2999878,-0.547065258
517.4000244,-0.548722267
517.5,-0.547101021
517.6000366,-0.543286324
517.7000122,-0.548722267
517.7999878,-0.545336723
517.9000244,-0.539662361
518,-0.546481133
518.1000366,-0.552536964
518.2000122,-0.545241356
518.2999878,-0.548865318
518.4000244,-0.540139198
518.5,-0.542189598
518.6000366,-0.534655571
518.7000122,-0.553586006
518.7999878,-0.538661003
518.9000244,-0.534846306
519,-0.542571068
519.1000366,-0.547911644
519.2000122,-0.534655571
519.2999878,-0.53913784
519.4000244,-0.542904854
519.5,-0.548054695
519.6000366,-0.545336723
519.7000122,-0.544478416
519.7999878,-0.5445261
519.9000244,-0.5445261
520,-0.543763161
520.1000366,-0.53913784
520.2000122,-0.538279533
520.2999878,-0.535704613
520.4000244,-0.530220985
520.5,-0.539423943
520.6000366,-0.554253578
520.7000122,-0.557734489
520.7999878,-0.551011086
520.9000244,-0.546433449
521,-0.545622826
521.1000366,-0.541164398
521.2000122,-0.539233208
521.2999878,-0.533368111
521.4000244,-0.534607887
521.5,-0.538041115
521.6000366,-0.54170084
521.7000122,-0.548865318
521.7999878,-0.54528904
521.9000244,-0.540043831
522,-0.550009727
522.1000366,-0.535943031
522.2000122,-0.539471626
522.2999878,-0.537027836
522.4000244,-0.536849022
522.5,-0.535847664
522.6000366,-0.53451252
522.7000122,-0.537135124
522.7999878,-0.546767235
522.9000244,-0.547101021
523,-0.553347588
523.1000366,-0.522830009
523.2000122,-0.540854454
523.2999878,-0.530602455
523.4000244,-0.528170586
523.5,-0.543047905
523.6000366,-0.547339439
523.7000122,-0.544573784
523.7999878,-0.547816277
523.9000244,-0.545670509
524,-0.532557487
524.1000366,-0.550009727
524.2000122,-0.538470268
524.2999878,-0.534798622
524.4000244,-0.528170586
524.5,-0.546385765
524.6000366,-0.537039757
524.7000122,-0.544669151
524.7999878,-0.532891273
524.9000244,-0.540663719
525,-0.531317711
525.1000366,-0.544430733
525.2000122,-0.546481133
525.2999878,-0.537755013
525.4000244,-0.534703255
525.5,-0.535323143
525.6000366,-0.54156971
525.7000122,-0.538708687
525.7999878,-0.536992073
525.9000244,-0.533797264
526,-0.533892632
526.1000366,-0.533844948
526.2000122,-0.539566994
526.2999878,-0.545908928
526.4000244,-0.536515236
526.5,-0.533987999
526.6000366,-0.536753654
526.7000122,-0.541808128
526.7999878,-0.534369469
526.9000244,-0.53041172
527,-0.534989357
527.1000366,-0.543667793
527.2000122,-0.539948463
527.2999878,-0.54528904
527.4000244,-0.544001579
527.5,-0.54195118
527.6000366,-0.541474342
527.7000122,-0.539710045
527.7999878,-0.53746891
527.9000244,-0.529887199
528,-0.535990715
528.1000366,-0.533511162
528.2000122,-0.524785042
528.2999878,-0.527741432
528.4000244,-0.542141914
528.5,-0.53541851
528.6000366,-0.528981209
528.7000122,-0.53708744
528.7999878,-0.531746864
528.9000244,-0.530173302
529,-0.532855511
529.1000366,-0.534750938
529.2000122,-0.534750938
529.2999878,-0.538947105
529.4000244,-0.532950878
529.5,-0.531365395
529.6000366,-0.533645272
529.7000122,-0.533940315
529.7999878,-0.530659825
529.9000244,-0.529267311
530,-0.5257864
530.1000366,-0.527932167
530.2000122,-0.522543907
530.2999878,-0.530077934
530.4000244,-0.537278175
530.5,-0.534750938
530.6000366,-0.536610603
530.7000122,-0.536133766
530.7999878,-0.535895348
530.9000244,-0.53489399
531,-0.535943031
531.1000366,-0.51796627
531.2000122,-0.531365395
531.2999878,-0.520827293
531.4000244,-0.519587517
531.5,-0.525059223
531.6000366,-0.530125618
531.7000122,-0.529696465
531.7999878,-0.526120186
531.9000244,-0.518204689
532,-0.524689674
532.1000366,-0.528456688
532.2000122,-0.525214195
532.2999878,-0.526453972
532.4000244,-0.535084724
532.5,-0.533368111
532.6000366,-0.524403572
532.7000122,-0.535370827
532.7999878,-0.52449894
532.9000244,-0.531270027
533,-0.532557487
533.1000366,-0.527264595
533.2000122,-0.527646065
533.2999878,-0.517775536
533.4000244,-0.534226418
533.5,-0.523306847
533.6000366,-0.525977135
533.7000122,-0.531317711
533.7999878,-0.536419868
533.9000244,-0.526453972
534,-0.531079292
534.1000366,-0.520684242
534.2000122,-0.528313637
534.2999878,-0.530936241
534.4000244,-0.532223701
534.5,-0.528027534
534.6000366,-0.534560204
534.7000122,-0.52502346
534.7999878,-0.52745533
534.9000244,-0.516201973
535,-0.522019386
535.1000366,-0.532032967
535.2000122,-0.533940315
535.2999878,-0.530840874
535.4000244,-0.532605171
535.5,-0.527503014
535.6000366,-0.533558846
535.7000122,-0.523640633
535.7999878,-0.524212837
535.9000244,-0.519062996
536,-0.519587517
536.1000366,-0.527884483
536.2000122,-0.53708744
536.2999878,-0.527503014
536.4000244,-0.533511162
536.5,-0.532032967
536.6000366,-0.534464836
536.7000122,-0.528122902
536.7999878,-0.522734642
536.9000244,-0.523259163
537,-0.524451256
537.1000366,-0.531651497
537.2000122,-0.52039814
537.2999878,-0.536372185
537.4000244,-0.521447182
537.5,-0.517632484
537.6000366,-0.523759842
537.7000122,-0.528218269
537.7999878,-0.527741432
537.9000244,-0.526453972
538,-0.523402214
538.1000366,-0.531031609
538.2000122,-0.52411747
538.2999878,-0.533177376
538.4000244,-0.527932167
538.5,-0.526024818
538.6000366,-0.525977135
538.7000122,-0.524975777
538.7999878,-0.524975777
538.9000244,-0.527503014
539,-0.533082008
539.1000366,-0.512911797
539.2000122,-0.533082008
539.2999878,-0.526072502
539.4000244,-0.531603813
539.5,-0.520922661
539.6000366,-0.515677452
539.7000122,-0.525357246
539.7999878,-0.530888557
539.9000244,-0.529362679
540,-0.526334763
540.1000366,-0.523068428
540.2000122,-0.522019386
540.2999878,-0.517155647
540.4000244,-0.525643349
540.5,-0.530840874
540.6000366,-0.516821861
540.7000122,-0.508524895
540.7999878,-0.531937599
540.9000244,-0.51295948
541,-0.523402214
541.1000366,-0.523449898
541.2000122,-0.521161079
541.2999878,-0.524928093
541.4000244,-0.521590233
541.5,-0.532891273
541.6000366,-0.525214195
541.7000122,-0.517155647
541.7999878,-0.521924019
541.9000244,-0.520207405
542,-0.520827293
542.1000366,-0.520922661
542.2000122,-0.52540493
542.2999878,-0.529744148
542.4000244,-0.500800133
542.5,-0.51796627
542.6000366,-0.531603813
542.7000122,-0.523259163
542.7999878,-0.521494865
542.9000244,-0.52449894
543,-0.515534401
543.1000366,-0.52411747
543.2000122,-0.528265953
543.2999878,-0.516583443
543.4000244,-0.522925377
543.5,-0.518204689
543.6000366,-0.528313637
543.7000122,-0.521304131
543.7999878,-0.509716988
543.9000244,-0.525071144
544,-0.529934883
544.1000366,-0.525500298
544.2000122,-0.520684242
544.2999878,-0.517107964
544.4000244,-0.521637917
544.5,-0.51706028
544.6000366,-0.522210121
544.7000122,-0.52244854
544.7999878,-0.51577282
544.9000244,-0.520207405
545,-0.515105247
545.1000366,-0.526644707
545.2000122,-0.517823219
545.2999878,-0.521399498
545.4000244,-0.517203331
545.5,-0.511862755
545.6000366,-0.513817787
545.7000122,-0.528456688
545.7999878,-0.523736
545.9000244,-0.513817787
546,-0.50628376
546.1000366,-0.517346382
546.2000122,-0.521876335
546.2999878,-0.514819145
546.4000244,-0.510241508
546.5,-0.515570164
546.6000366,-0.518252373
546.7000122,-0.518967628
546.7999878,-0.511481285
546.9000244,-0.513484001
547,-0.511695862
547.1000366,-0.510241508
547.2000122,-0.511576653
547.2999878,-0.521304131
547.4000244,-0.511099815
547.5,-0.517155647
547.6000366,-0.518633842
547.7000122,-0.516964912
547.7999878,-0.516106606
547.9000244,-0.515963554
548,-0.517775536
548.1000366,-0.52001667
548.2000122,-0.521494865
548.2999878,-0.517596722
548.4000244,-0.513102531
548.5,-0.51577282
548.6000366,-0.51629734
548.7000122,-0.51911068
548.7999878,-0.524832726
548.9000244,-0.509001732
549,-0.524260521
549.1000366,-0.520159721
549.2000122,-0.510956764
549.2999878,-0.50165844
549.4000244,-0.51334095
549.5,-0.509287834
549.6000366,-0.510408401
549.7000122,-0.510193825
549.7999878,-0.508810997
549.9000244,-0.508763313
550,-0.508358002
550.1000366,-0.505520821
550.2000122,-0.510336876
550.2999878,-0.520922661
550.4000244,-0.523211479
550.5,-0.515105247
550.6000366,-0.518443108
550.7000122,-0.510956764
550.7999878,-0.511433601
550.9000244,-0.523879051
551,-0.510575294
551.1000366,-0.519825935
551.2000122,-0.520541191
551.2999878,-0.518681526
551.4000244,-0.517119884
551.5,-0.514151573
551.6000366,-0.515105247
551.7000122,-0.519015312
551.7999878,-0.518300056
551.9000244,-0.50795269
552,-0.516774178
552.1000366,-0.506140709
552.2000122,-0.519301414
552.2999878,-0.509764671
552.4000244,-0.512244225
552.5,-0.504090309
552.6000366,-0.504710197
552.7000122,-0.513817787
552.7999878,-0.508810997
552.9000244,-0.52206707
553,-0.516774178
553.1000366,-0.511481285
553.2000122,-0.50256443
553.2999878,-0.514771461
553.4000244,-0.522830009
553.5,-0.5216856
553.6000366,-0.506236076
553.7000122,-0.518157005
553.7999878,-0.503851891
553.9000244,-0.511147499
554,-0.519015312
554.1000366,-0.510861397
554.2000122,-0.515486717
554.2999878,-0.515629768
554.4000244,-0.517537117
554.5,-0.520970345
554.6000366,-0.518061638
554.7000122,-0.511958122
554.7999878,-0.508620262
554.9000244,-0.515868187
555,-0.522496223
555.1000366,-0.511385918
555.2000122,-0.518157005
555.2999878,-0.515868187
555.4000244,-0.519635201
555.5,-0.506045341
555.6000366,-0.511242867
555.7000122,-0.517298698
555.7999878,-0.518776894
555.9000244,-0.518967628
556,-0.517596722
556.1000366,-0.515057564
556.2000122,-0.517584801
556.2999878,-0.519158363
556.4000244,-0.512578011
556.5,-0.515725136
556.6000366,-0.511481285
556.7000122,-0.511385918
556.7999878,-0.506236076
556.9000244,-0.516917229
557,-0.49421978
557.1000366,-0.514914513
557.2000122,-0.51295948
557.2999878,-0.513889313
557.4000244,-0.513770103
557.5,-0.513913155
557.6000366,-0.506712914
557.7000122,-0.521351814
557.7999878,-0.510336876
557.9000244,-0.505997658
558,-0.504662514
558.1000366,-0.505377769
558.2000122,-0.508155346
558.2999878,-0.51295948
558.4000244,-0.50962162
558.5,-0.510861397
558.6000366,-0.49922657
558.7000122,-0.519301414
558.7999878,-0.5070467
558.9000244,-0.507142067
559,-0.515820503
559.1000366,-0.512148857
559.2000122,-0.509573936
559.2999878,-0.50423336
559.4000244,-0.506093025
559.5,-0.506999016
559.6000366,-0.514771461
559.7000122,-0.519444466
559.7999878,-0.506379128
559.9000244,-0.518204689
560,-0.513436317
560.1000366,-0.496556282
560.2000122,-0.497509956
560.2999878,-0.508429527
560.4000244,-0.510670662
560.5,-0.497748375
560.6000366,-0.504090309
560.7000122,-0.49717617
560.7999878,-0.50833416
560.9000244,-0.497748375
561,-0.509764671
561.1000366,-0.503613472
561.2000122,-0.514437675
561.2999878,-0.514342308
561.4000244,-0.503041267
561.5,-0.509526253
561.6000366,-0.492312431
561.7000122,-0.510766029
561.7999878,-0.518300056
561.9000244,-0.501849174
562,-0.498654366
562.1000366,-0.497700691
562.2000122,-0.502230644
562.2999878,-0.507618904
562.4000244,-0.492598534
562.5,-0.503947258
562.6000366,-0.501801491
562.7000122,-0.499035835
562.7999878,-0.502707481
562.9000244,-0.507642746
563,-0.515963554
563.1000366,-0.512864113
563.2000122,-0.500561714
563.2999878,-0.500466347
563.4000244,-0.502659798
563.5,-0.508095741
563.6000366,-0.50833416
563.7000122,-0.500800133
563.7999878,-0.504328728
563.9000244,-0.49998951
564,-0.509716988
564.1000366,-0.498606682
564.2000122,-0.512387276
564.2999878,-0.50871563
564.4000244,-0.511099815
564.5,-0.515057564
564.6000366,-0.504805565
564.7000122,-0.509907722
564.7999878,-0.497366905
564.9000244,-0.505759239
565,-0.507332802
565.1000366,-0.511815071
565.2000122,-0.506808281
565.2999878,-0.501801491
565.4000244,-0.500132561
565.5,-0.502206802
565.6000366,-0.503708839
565.7000122,-0.503184319
565.7999878,-0.499131203
565.9000244,-0.494887352
566,-0.505139351
566.1000366,-0.50165844
566.2000122,-0.509812355
566.2999878,-0.502898216
566.4000244,-0.511433601
566.5,-0.482823372
566.6000366,-0.494315147
566.7000122,-0.504281044
566.7999878,-0.500609398
566.9000244,-0.510670662
567,-0.50628376
567.1000366,-0.500704765
567.2000122,-0.49293232
567.2999878,-0.504185677
567.4000244,-0.500466347
567.5,-0.50256443
567.6000366,-0.498654366
567.7000122,-0.500180244
567.7999878,-0.502087593
567.9000244,-0.50461483
568,-0.504900932
568.1000366,-0.5070467
568.2000122,-0.508429527
568.2999878,-0.50717783
568.4000244,-0.508954048
568.5,-0.504281044
568.6000366,-0.501372337
568.7000122,-0.502850533
568.7999878,-0.503851891
568.9000244,-0.505425453
569,-0.497366905
569.1000366,-0.501753807
569.2000122,-0.509860039
569.2999878,-0.502182961
569.4000244,-0.510766029
569.5,-0.501229286
569.6000366,-0.489308357
569.7000122,-0.514437675
569.7999878,-0.500132561
569.9000244,-0.496747017
570,-0.506188393
570.1000366,-0.497462273
570.2000122,-0.493695259
570.2999878,-0.507905006
570.4000244,-0.504948616
570.5,-0.496985435
570.6000366,-0.503041267
570.7000122,-0.487067223
570.7999878,-0.514056206
570.9000244,-0.493075371
571,-0.506140709
571.1000366,-0.512196541
571.2000122,-0.495650291
571.2999878,-0.496603966
571.4000244,-0.505282402
571.5,-0.493313789
571.6000366,-0.502755165
571.7000122,-0.507189751
571.7999878,-0.496031761
571.9000244,-0.504137993
572,-0.505854607
572.1000366,-0.511099815
572.2000122,-0.509049416
572.2999878,-0.505997658
572.4000244,-0.504710197
572.5,-0.496556282
572.6000366,-0.493695259
572.7000122,-0.500800133
572.7999878,-0.502135277
572.9000244,-0.492455482
573,-0.498654366
573.1000366,-0.494553566
573.2000122,-0.490786552
573.2999878,-0.498606682
573.4000244,-0.497033119
573.5,-0.50833416
573.6000366,-0.493361473
573.7000122,-0.476862907
573.7999878,-0.502707481
573.9000244,-0.499464989
574,-0.496603966
574.1000366,-0.49178791
574.2000122,-0.492455482
574.2999878,-0.498511314
574.4000244,-0.492741585
574.5,-0.504281044
574.6000366,-0.502469063
574.7000122,-0.489928246
574.7999878,-0.489499092
574.9000244,-0.501181602
575,-0.495030403
575.1000366,-0.500657082
575.2000122,-0.494839668
575.2999878,-0.500609398
575.4000244,-0.486828804
575.5,-0.502421379
575.6000366,-0.488926888
575.7000122,-0.488163948
575.7999878,-0.507332802
575.9000244,-0.509812355
576,-0.492312431
576.1000366,-0.500323296
576.2000122,-0.493409157
576.2999878,-0.49383831
576.4000244,-0.491346836
576.5,-0.489451408
576.6000366,-0.488688469
576.7000122,-0.489689827
576.7999878,-0.485064507
576.9000244,-0.492646217
577,-0.487734795
577.1000366,-0.491024971
577.2000122,-0.488938808
577.2999878,-0.488163948
577.4000244,-0.48883152
577.5,-0.493623734
577.6000366,-0.498034477
577.7000122,-0.499464989
577.7999878,-0.496413231
577.9000244,-0.498034477
578,-0.484969139
578.1000366,-0.491454124
578.2000122,-0.487257957
578.2999878,-0.486208916
578.4000244,-0.489117622
578.5,-0.488926888
578.6000366,-0.48947525
578.7000122,-0.489832878
578.7999878,-0.490023613
578.9000244,-0.485779762
579,-0.498606682
579.1000366,-0.490595818
579.2000122,-0.482680321
579.2999878,-0.500800133
579.4000244,-0.478484154
579.5,-0.483920097
579.6000366,-0.500370979
579.7000122,-0.495125771
579.7999878,-0.490548134
579.9000244,-0.481631279
580,-0.490071297
580.1000366,-0.500275612
580.2000122,-0.488688469
580.2999878,-0.495459557
580.4000244,-0.485445976
580.5,-0.490643501
580.6000366,-0.487305641
580.7000122,-0.486447334
580.7999878,-0.483109474
580.9000244,-0.484730721
581,-0.487401009
581.1000366,-0.491024971
581.2000122,-0.493409157
581.2999878,-0.480200768
581.4000244,-0.495697975
581.5,-0.486113548
581.6000366,-0.491644859
581.7000122,-0.487591743
581.7999878,-0.491930962
581.9000244,-0.496365547
582,-0.490166664
582.1000366,-0.494982719
582.2000122,-0.493456841
582.2999878,-0.49319458
582.4000244,-0.491412401
582.5,-0.490166664
582.6000366,-0.48883152
582.7000122,-0.489642143
582.7999878,-0.488402367
582.9000244,-0.488688469
583,-0.486256599
583.1000366,-0.490452766
583.2000122,-0.487830162
583.2999878,-0.490250111
583.4000244,-0.493170738
583.5,-0.489546776
583.6000366,-0.491930962
583.7000122,-0.495936394
583.7999878,-0.489069939
583.9000244,-0.493075371
584,-0.500561714
584.1000366,-0.483967781
584.2000122,-0.490786552
584.2999878,-0.481726646
584.4000244,-0.492741585
584.5,-0.483347893
584.6000366,-0.49011898
584.7000122,-0.486256599
584.7999878,-0.486304283
584.9000244,-0.492789268
585,-0.49832058
585.1000366,-0.490738869
585.2000122,-0.4842062
585.2999878,-0.502802849
585.4000244,-0.493599892
585.5,-0.487973213
585.6000366,-0.48883152
585.7000122,-0.485147953
585.7999878,-0.481631279
585.9000244,-0.4821558
586,-0.482561111
586.1000366,-0.484492302
586.2000122,-0.481965065
586.2999878,-0.489022255
586.4000244,-0.495316505
586.5,-0.494315147
586.6000366,-0.480963707
586.7000122,-0.484539986
586.7999878,-0.492312431
586.9000244,-0.48587513
587,-0.483729362
587.1000366,-0.489689827
587.2000122,-0.487210274
587.2999878,-0.472952843
587.4000244,-0.493552208
587.5,-0.484444618
587.6000366,-0.48549366
587.7000122,-0.47214222
587.7999878,-0.49755764
587.9000244,-0.48382473
588,-0.492741585
588.1000366,-0.492646217
588.2000122,-0.483633995
588.2999878,-0.482871056
588.4000244,-0.481106758
588.5,-0.483347893
588.6000366,-0.477768898
588.7000122,-0.478484154
588.7999878,-0.477625847
588.9000244,-0.476243019
589,-0.478007317
589.1000366,-0.487782478
589.2000122,-0.47137928
589.2999878,-0.482966423
589.4000244,-0.49178791
589.5,-0.480391502
589.6000366,-0.480963707
589.7000122,-0.478007317
589.7999878,-0.491215706
589.9000244,-0.485636711
590,-0.490309715
590.1000366,-0.486351967
590.2000122,-0.49178791
590.2999878,-0.481917381
590.4000244,-0.478198051
590.5,-0.491930962
590.6000366,-0.495173454
590.7000122,-0.476147652
590.7999878,-0.480534554
590.9000244,-0.487591743
591,-0.482680321
591.1000366,-0.488640785
591.2000122,-0.482871056
591.2999878,-0.48086834
591.4000244,-0.481965065
591.5,-0.481345177
591.6000366,-0.481345177
591.7000122,-0.482584953
591.7999878,-0.480820656
591.9000244,-0.483347893
592,-0.473143578
592.1000366,-0.479342461
592.2000122,-0.470711708
592.2999878,-0.485398293
592.4000244,-0.493075371
592.5,-0.475861549
592.6000366,-0.479056358
592.7000122,-0.487687111
592.7999878,-0.479962349
592.9000244,-0.488640785
593,-0.474192619
593.1000366,-0.479914665
593.2000122,-0.476970196
593.2999878,-0.478293419
593.4000244,-0.481622338
593.5,-0.484587669
593.6000366,-0.486638069
593.7000122,-0.4842062
593.7999878,-0.481059074
593.9000244,-0.484539986
594,-0.473095894
594.1000366,-0.475193977
594.2000122,-0.472869396
594.2999878,-0.474097252
594.4000244,-0.469090462
594.5,-0.473095894
594.6000366,-0.47509861
594.7000122,-0.487210274
594.7999878,-0.485732079
594.9000244,-0.474812508
595,-0.484110832
595.1000366,-0.478579521
595.2000122,-0.480248451
595.2999878,-0.4842062
595.4000244,-0.478913307
595.5,-0.476338387
595.6000366,-0.479294777
595.7000122,-0.480582237
595.7999878,-0.481345177
595.9000244,-0.47471714
596,-0.476433754
596.1000366,-0.480200768
596.2000122,-0.480343819
596.2999878,-0.477673531
596.4000244,-0.469758034
596.5,-0.475575447
596.6000366,-0.481535912
596.7000122,-0.475289345
596.7999878,-0.472428322
596.9000244,-0.491215706
597,-0.486399651
597.1000366,-0.479819298
597.2000122,-0.474907875
597.2999878,-0.473954201
597.4000244,-0.484778404
597.5,-0.47471714
597.6000366,-0.48139286
597.7000122,-0.475861549
597.7999878,-0.484730721
597.9000244,-0.479008675
598,-0.486304283
598.1000366,-0.477864265
598.2000122,-0.476243019
598.2999878,-0.473787308
598.4000244,-0.475331068
598.5,-0.475813866
598.6000366,-0.47548008
598.7000122,-0.485732079
598.7999878,-0.471808434
598.9000244,-0.483109474
599,-0.48754406
599.1000366,-0.475909233
599.2000122,-0.486256599
599.2999878,-0.484110832
599.4000244,-0.485016823
599.5,-0.483681679
599.6000366,-0.486018181
599.7000122,-0.485064507
599.7999878,-0.485445976
599.9000244,-0.482775688
600,-0.479449749
600.1000366,-0.475432396
600.2000122,-0.474144936
600.2999878,-0.47176075
600.4000244,-0.478245735
600.5,-0.475956917
600.6000366,-0.474144936
600.7000122,-0.479056358
600.7999878,-0.47714901
600.9000244,-0.47433567
601,-0.483014107
601.1000366,-0.471283913
601.2000122,-0.480582237
601.2999878,-0.486924171
601.4000244,-0.48344326
601.5,-0.479199409
601.6000366,-0.479628563
601.7000122,-0.479986191
601.7999878,-0.479884863
601.9000244,-0.4801054
602,-0.479819298
602.1000366,-0.486208916
602.2000122,-0.473715782
602.2999878,-0.464941978
602.4000244,-0.476958275
602.5,-0.478007317
602.6000366,-0.4821558
602.7000122,-0.47650528
602.7999878,-0.472809792
602.9000244,-0.47304821
603,-0.468184471
603.1000366,-0.471903801
603.2000122,-0.464465141
603.2999878,-0.480916023
603.4000244,-0.46637249
603.5,-0.47381115
603.6000366,-0.481011391
603.7000122,-0.483109474
603.7999878,-0.476052284
603.9000244,-0.475337029
604,-0.473381996
604.1000366,-0.47304821
604.2000122,-0.468518257
604.2999878,-0.466467857
604.4000244,-0.470175266
604.5,-0.474192619
604.6000366,-0.471522331
604.7000122,-0.479151726
604.7999878,-0.459219933
604.9000244,-0.475861549
605,-0.464179039
605.1000366,-0.476576805
605.2000122,-0.472380638
605.2999878,-0.46432209
605.4000244,-0.46637249
605.5,-0.471903801
605.6000366,-0.473572731
605.7000122,-0.472619057
605.7999878,-0.473215103
605.9000244,-0.473620415
606,-0.47304821
606.1000366,-0.476803303
606.2000122,-0.480916023
606.2999878,-0.479628563
606.4000244,-0.473238945
606.5,-0.476052284
606.6000366,-0.465371132
606.7000122,-0.470759392
606.7999878,-0.478627205
606.9000244,-0.473191261
607,-0.468947411
607.1000366,-0.460841179
607.2000122,-0.465037346
607.2999878,-0.460650444
607.4000244,-0.459744453
607.5,-0.464512825
607.6000366,-0.460650444
607.7000122,-0.471140862
607.7999878,-0.470139503
607.9000244,-0.465704918
608,-0.467278481
608.1000366,-0.469138145
608.2000122,-0.471808434
608.2999878,-0.472523689
608.4000244,-0.468613625
608.5,-0.461890221
608.6000366,-0.466658592
608.7000122,-0.475813866
608.7999878,-0.462224007
608.9000244,-0.468136787
609,-0.474955559
609.1000366,-0.472237587
609.2000122,-0.476481438
609.2999878,-0.472762108
609.4000244,-0.463463783
609.5,-0.468184471
609.6000366,-0.464941978
609.7000122,-0.466897011
609.7999878,-0.46881628
609.9000244,-0.471093178
610,-0.472332954
610.1000366,-0.466396332
610.2000122,-0.4634161
610.2999878,-0.458743095
610.4000244,-0.468184471
610.5,-0.457360268
610.6000366,-0.466038704
610.7000122,-0.470330238
610.7999878,-0.47342968
610.9000244,-0.471188545
611,-0.470044136
611.1000366,-0.461747169
611.2000122,-0.474621773
611.2999878,-0.460841179
611.4000244,-0.463606834
611.5,-0.464417458
611.6000366,-0.465228081
611.7000122,-0.462414742
611.7999878,-0.465132713
611.9000244,-0.469996452
612,-0.460936546
612.1000366,-0.472905159
612.2000122,-0.470044136
612.2999878,-0.467814922
612.4000244,-0.463702202
612.5,-0.464608192
612.6000366,-0.468852043
612.7000122,-0.461842537
612.7999878,-0.466897011
612.9000244,-0.4572649
613,-0.466324806
613.1000366,-0.468708992
613.2000122,-0.460936546
613.2999878,-0.449158669
613.4000244,-0.4572649
613.5,-0.463702202
613.6000366,-0.462939262
613.7000122,-0.456406593
613.7999878,-0.462748528
613.9000244,-0.471188545
614,-0.463881016
614.1000366,-0.460745811
614.2000122,-0.460841179
614.2999878,-0.465800285
614.4000244,-0.467230797
614.5,-0.46714735
614.6000366,-0.467448354
614.7000122,-0.46765995
614.7999878,-0.467755318
614.9000244,-0.466169834
615,-0.461937904
615.1000366,-0.467326164
615.2000122,-0.46572876
615.2999878,-0.46804142
615.4000244,-0.46560955
615.5,-0.469805717
615.6000366,-0.471903801
615.7000122,-0.466181755
615.7999878,-0.458266258
615.9000244,-0.453211784
616,-0.465847969
616.1000366,-0.453402519
616.2000122,-0.461222649
616.2999878,-0.468804359
616.4000244,-0.459458351
616.5,-0.452210426
616.6000366,-0.449873924
616.7000122,-0.465561867
616.7999878,-0.465657234
616.9000244,-0.462212086
617,-0.460078239
617.1000366,-0.457551003
617.2000122,-0.462831974
617.2999878,-0.467707634
617.4000244,-0.46599102
617.5,-0.46675396
617.6000366,-0.468136787
617.7000122,-0.468279839
617.7999878,-0.463177681
617.9000244,-0.457169533
618,-0.459124565
618.1000366,-0.459470272
618.2000122,-0.459199071
618.2999878,-0.459172249
618.4000244,-0.459029198
618.5,-0.459124565
618.6000366,-0.460066319
618.7000122,-0.460173607
618.7999878,-0.461937904
618.9000244,-0.457479477
619,-0.453640938
619.1000366,-0.454165459
619.2000122,-0.457336426
619.2999878,-0.460459709
619.4000244,-0.461079597
619.5,-0.458850384
619.6000366,-0.45635891
619.7000122,-0.457503319
619.7999878,-0.458409309
619.9000244,-0.45802784
620,-0.455739021
620.1000366,-0.473000526
620.2000122,-0.460745811
620.2999878,-0.466992378
620.4000244,-0.454976082
620.5,-0.459887505
620.6000366,-0.470234871
620.7000122,-0.466897011
620.7999878,-0.462986946
620.9000244,-0.452067375
621,-0.47137928
621.1000366,-0.446822166
621.2000122,-0.46470356
621.2999878,-0.460316658
621.4000244,-0.46060276
621.5,-0.460531235
621.6000366,-0.461556435
621.7000122,-0.459649086
621.7999878,-0.464083672
621.9000244,-0.462307453
622,-0.464083672
622.1000366,-0.461413383
622.2000122,-0.466658592
622.2999878,-0.444247246
622.4000244,-0.456931114
622.5,-0.451685905
622.6000366,-0.452782631
622.7000122,-0.457360268
622.7999878,-0.460841179
622.9000244,-0.467040062
623,-0.450350761
623.1000366,-0.457980156
623.2000122,-0.460745811
623.2999878,-0.439192772
623.4000244,-0.450350761
623.5,-0.461747169
623.6000366,-0.468804359
623.7000122,-0.458504677
623.7999878,-0.454880714
623.9000244,-0.454833031
624,-0.453462124
624.1000366,-0.449110985
624.2000122,-0.455023766
624.2999878,-0.464274406
624.4000244,-0.463273048
624.5,-0.464131355
624.6000366,-0.450016975
624.7000122,-0.44019413
624.7999878,-0.457503319
624.9000244,-0.461556435
625,-0.462891579
625.1000366,-0.456215858
625.2000122,-0.463129997
625.2999878,-0.457407951
625.4000244,-0.457694054
625.5,-0.452210426
625.6000366,-0.455071449
625.7000122,-0.452782631
625.7999878,-0.450946808
625.9000244,-0.447728157
626,-0.448204994
626.1000366,-0.448395729
626.2000122,-0.446154594
626.2999878,-0.451495171
626.4000244,-0.458695412
626.5,-0.446583748
626.6000366,-0.463129997
626.7000122,-0.456740379
626.7999878,-0.455119133
626.9000244,-0.452305794
627,-0.451447487
627.1000366,-0.456311226
627.2000122,-0.449921608
627.2999878,-0.461699486
627.4000244,-0.458695412
627.5,-0.45263958
627.6000366,-0.459172249
627.7000122,-0.455882072
627.7999878,-0.453688622
627.9000244,-0.457551003
628,-0.463797569
628.1000366,-0.45392704
628.2000122,-0.456835747
628.2999878,-0.457551003
628.4000244,-0.460364342
628.5,-0.457455635
628.6000366,-0.452591896
628.7000122,-0.455405235
628.7999878,-0.455739021
628.9000244,-0.461079597
629,-0.452877998
629.1000366,-0.457169533
629.2000122,-0.447966576
629.2999878,-0.447060585
629.4000244,-0.459362984
629.5,-0.452591896
629.6000366,-0.445725441
629.7000122,-0.451161385
629.7999878,-0.44648838
629.9000244,-0.4552145
630,-0.456120491
630.1000366,-0.454940319
630.2000122,-0.454213142
630.2999878,-0.454213142
630.4000244,-0.457551003
630.5,-0.453450203
630.6000366,-0.451673985
630.7000122,-0.448395729
630.7999878,-0.447299004
630.9000244,-0.466801643
631,-0.453354836
631.1000366,-0.468613625
631.2000122,-0.455691338
631.2999878,-0.442816734
631.4000244,-0.455262184
631.5,-0.457407951
631.6000366,-0.455321789
631.7000122,-0.45430851
631.7999878,-0.45430851
631.9000244,-0.454928398
632,-0.446202278
632.1000366,-0.462891579
632.2000122,-0.452973366
632.2999878,-0.45468998
632.4000244,-0.452305794
632.5,-0.438620567
632.6000366,-0.445248604
632.7000122,-0.461127281
632.7999878,-0.452925682
632.9000244,-0.456072807
633,-0.450398445
633.1000366,-0.438572884
633.2000122,-0.453688622
633.2999878,-0.449110985
633.4000244,-0.452353477
633.5,-0.450303078
633.6000366,-0.451495171
633.7000122,-0.448252678
633.7999878,-0.459839821
633.9000244,-0.448586464
634,-0.44353199
634.1000366,-0.447918892
634.2000122,-0.445773125
634.2999878,-0.445296288
634.4000244,-0.453307152
634.5,-0.448872566
634.6000366,-0.455548286
634.7000122,-0.443818092
634.7999878,-0.454833031
634.9000244,-0.464274406
635,-0.453879356
635.1000366,-0.447203636
635.2000122,-0.455929756
635.2999878,-0.446822166
635.4000244,-0.453259468
635.5,-0.452210426
635.6000366,-0.453450203
635.7000122,-0.450517654
635.7999878,-0.447680473
635.9000244,-0.448729515
636,-0.455071449
636.1000366,-0.450434208
636.2000122,-0.44892025
636.2999878,-0.449015617
636.4000244,-0.455309868
636.5,-0.451590538
636.6000366,-0.45238924
636.7000122,-0.451733589
636.7999878,-0.450922966
636.9000244,-0.454213142
637,-0.455786705
637.1000366,-0.453426361
637.2000122,-0.452305794
637.2999878,-0.451399803
637.4000244,-0.451018333
637.5,-0.449778557
637.6000366,-0.45058918
637.7000122,-0.449921608
637.7999878,-0.447012901
637.9000244,-0.445773125
638,-0.441767693
638.1000366,-0.443818092
638.2000122,-0.442685604
638.2999878,-0.442435265
638.4000244,-0.442721367
638.5,-0.444342613
638.6000366,-0.448896408
638.7000122,-0.454785347
638.7999878,-0.453736305
638.9000244,-0.449206352
639,-0.447299004
639.1000366,-0.444104195
639.2000122,-0.441672325
639.2999878,-0.442041874
639.4000244,-0.440051079
639.5,-0.442339897
639.6000366,-0.451590538
639.7000122,-0.453354836
639.7999878,-0.452472687
639.9000244,-0.455500603
640,-0.449444771
640.1000366,-0.438572884
640.2000122,-0.444628716
640.2999878,-0.451542854
640.4000244,-0.439002037
640.5,-0.449683189
640.6000366,-0.447394371
640.7000122,-0.452925682
640.7999878,-0.449492455
640.9000244,-0.441386223
641,-0.447871208
641.1000366,-0.44558239
641.2000122,-0.446810246
641.2999878,-0.445916176
641.4000244,-0.447871208
641.5,-0.451161385
641.6000366,-0.450875282
641.7000122,-0.445010185
641.7999878,-0.444485664
641.9000244,-0.445534706
642,-0.443341255
642.1000366,-0.441433907
642.2000122,-0.449921608
642.2999878,-0.446345329
642.4000244,-0.457169533
642.5,-0.437094212
642.6000366,-0.446917534
642.7000122,-0.437284946
642.7999878,-0.442769051
642.9000244,-0.443818092
643,-0.448681831
643.1000366,-0.432659626
643.2000122,-0.444867134
643.2999878,-0.43695116
643.4000244,-0.453783989
643.5,-0.454499245
643.6000366,-0.452329636
643.7000122,-0.450922966
643.7999878,-0.450112343
643.9000244,-0.451077938
644,-0.452067375
644.1000366,-0.451209068
644.2000122,-0.437237263
644.2999878,-0.432754993
644.4000244,-0.437201619
644.5,-0.437475681
644.6000366,-0.441338539
644.7000122,-0.443508029
644.7999878,-0.446536064
644.9000244,-0.448681831
645,-0.44558239
645.1000366,-0.441815376
645.2000122,-0.442530632
645.2999878,-0.441326618
645.4000244,-0.442849517
645.5,-0.442816734
645.6000366,-0.438211292
645.7000122,-0.432993412
645.7999878,-0.434185505
645.9000244,-0.44686985
646,-0.450636864
646.1000366,-0.438811302
646.2000122,-0.446822166
646.2999878,-0.453402519
646.4000244,-0.442816734
646.5,-0.442101479
646.6000366,-0.443055153
646.7000122,-0.446440697
646.7999878,-0.44429493
646.9000244,-0.43437624
647,-0.448348045
647.1000366,-0.434900761
647.2000122,-0.449444771
647.2999878,-0.443102837
647.4000244,-0.438239098
647.5,-0.444104195
647.6000366,-0.448634148
647.7000122,-0.446440697
647.7999878,-0.438763618
647.9000244,-0.445057869
648,-0.434328556
648.1000366,-0.443245888
648.2000122,-0.449063301
648.2999878,-0.44700098
648.4000244,-0.446726799
648.5,-0.448967934
648.6000366,-0.445820808
648.7000122,-0.446786404
648.7999878,-0.449444771
648.9000244,-0.442912102
649,-0.436235905
649.1000366,-0.4405756
649.2000122,-0.439908028
649.2999878,-0.433231831
649.4000244,-0.430943012
649.5,-0.439288139
649.6000366,-0.444533348
649.7000122,-0.43876338
649.7999878,-0.436712742
649.9000244,-0.439550221
650,-0.441004753
650.1000366,-0.441720009
650.2000122,-0.432611942
650.2999878,-0.443436623
650.4000244,-0.436665058
650.5,-0.448777199
650.6000366,-0.435329914
650.7000122,-0.454356194
650.7999878,-0.447442055
650.9000244,-0.44353199
651,-0.441052437
651.1000366,-0.444151878
651.2000122,-0.43776226
651.2999878,-0.44224453
651.4000244,-0.434710026
651.5,-0.437094212
651.6000366,-0.436760426
651.7000122,-0.436736703
651.7999878,-0.437905312
651.9000244,-0.435186863
652,-0.433565617
652.1000366,-0.435329914
652.2000122,-0.435759068
652.2999878,-0.436808109
652.4000244,-0.447155952
652.5,-0.431562901
652.6000366,-0.450064659
652.7000122,-0.434614658
652.7999878,-0.43890667
652.9000244,-0.435401559
653,-0.433517933
653.1000366,-0.434566975
653.2000122,-0.45058918
653.2999878,-0.422884464
653.4000244,-0.454070091
653.5,-0.436522007
653.6000366,-0.442769051
653.7000122,-0.44725132
653.7999878,-0.438286781
653.9000244,-0.435091496
654,-0.445868492
654.1000366,-0.431705952
654.2000122,-0.447871208
654.2999878,-0.437380314
654.4000244,-0.446774483
654.5,-0.443102837
654.6000366,-0.443961143
654.7000122,-0.435091496
654.7999878,-0.440718651
654.9000244,-0.433517933
655,-0.431276798
655.1000366,-0.442578316
655.2000122,-0.447966576
655.2999878,-0.440599203
655.4000244,-0.436140537
655.5,-0.435711384
655.6000366,-0.438811302
655.7000122,-0.440480232
655.7999878,-0.436820269
655.9000244,-0.43194437
656,-0.43604517
656.1000366,-0.439621925
656.2000122,-0.437857628
656.2999878,-0.441958427
656.4000244,-0.440814018
656.5,-0.430466175
656.6000366,-0.423456669
656.7000122,-0.440384865
656.7999878,-0.433947086
656.9000244,-0.441147804
657,-0.431753635
657.1000366,-0.431849003
657.2000122,-0.434924841
657.2999878,-0.438239098
657.4000244,-0.437857628
657.5,-0.436474323
657.6000366,-0.434662342
657.7000122,-0.438226938
657.7999878,-0.441767693
657.9000244,-0.440003395
658,-0.430799961
658.1000366,-0.423170567
658.2000122,-0.432468891
658.2999878,-0.437427998
658.4000244,-0.436378956
658.5,-0.428797245
658.6000366,-0.433756351
658.7000122,-0.44429493
658.7999878,-0.435568333
658.9000244,-0.438620567
659,-0.435914159
659.1000366,-0.434948444
659.2000122,-0.434519291
659.2999878,-0.4356637
659.4000244,-0.435079575
659.5,-0.434423923
659.6000366,-0.435711384
659.7000122,-0.437189579
659.7999878,-0.435091496
659.9000244,-0.434042454
660,-0.438024282
660.1000366,-0.441243172
660.2000122,-0.441720009
660.2999878,-0.437523603
660.4000244,-0.431849003
660.5,-0.43528223
660.6000366,-0.431610584
660.7000122,-0.430203915
660.7999878,-0.429804564
660.9000244,-0.42989397
661,-0.431862414
661.1000366,-0.4336133
661.2000122,-0.434137821
661.2999878,-0.434090137
661.4000244,-0.43232584
661.5,-0.436283588
661.6000366,-0.44558239
661.7000122,-0.422741413
661.7999878,-0.430132389
661.9000244,-0.430990696
662,-0.4356637
662.1000366,-0.427080631
662.2000122,-0.43065691
662.2999878,-0.429560184
662.4000244,-0.432516575
662.5,-0.440098763
662.6000366,-0.429226398
662.7000122,-0.442196846
662.7999878,-0.439145088
662.9000244,-0.4410882
663,-0.440909386
663.1000366,-0.437961698
663.2000122,-0.433756351
663.2999878,-0.436092854
663.4000244,-0.426508427
663.5,-0.432993412
663.6000366,-0.425983906
663.7000122,-0.4385252
663.7999878,-0.435806751
663.9000244,-0.4356637
664,-0.446440697
664.1000366,-0.440289497
664.2000122,-0.431658268
664.2999878,-0.432659626
664.4000244,-0.433327198
664.5,-0.441004753
664.6000366,-0.443007469
664.7000122,-0.434137821
664.7999878,-0.435472965
664.9000244,-0.430418491
665,-0.43528223
665.1000366,-0.428415775
665.2000122,-0.432754993
665.2999878,-0.434471607
665.4000244,-0.43776226
665.5,-0.436331272
665.6000366,-0.426079273
665.7000122,-0.425745487
665.7999878,-0.432182789
665.9000244,-0.441529274
666,-0.426317692
666.1000366,-0.432468891
666.2000122,-0.434090137
666.2999878,-0.432743073
666.4000244,-0.433327198
666.5,-0.431086063
666.6000366,-0.426973343
666.7000122,-0.427626014
666.7999878,-0.425793171
666.9000244,-0.426651478
667,-0.431086063
667.1000366,-0.433851719
667.2000122,-0.42359972
667.2999878,-0.433756351
667.4000244,-0.42860651
667.5,-0.424267292
667.6000366,-0.431658268
667.7000122,-0.421501637
667.7999878,-0.429464817
667.9000244,-0.422979832
668,-0.440241814
668.1000366,-0.441576958
668.2000122,-0.426174641
668.2999878,-0.425745487
668.4000244,-0.433088779
668.5,-0.435472965
668.6000366,-0.436092854
668.7000122,-0.433899403
668.7999878,-0.433184147
668.9000244,-0.430847645
669,-0.431849003
669.1000366,-0.419212818
669.2000122,-0.436378956
669.2999878,-0.428320408
669.4000244,-0.430323124
669.5,-0.433708668
669.6000366,-0.425888538
669.7000122,-0.435759068
669.7999878,-0.42321825
669.9000244,-0.434805393
670,-0.426985264
670.1000366,-0.437952995
670.2000122,-0.430943012
670.2999878,-0.430895329
670.4000244,-0.435139179
670.5,-0.431157589
670.6000366,-0.429321766
670.7000122,-0.429274082
670.7999878,-0.42321825
670.9000244,-0.423885822
671,-0.423707008
671.1000366,-0.420881748
671.2000122,-0.426842213
671.2999878,-0.430561543
671.4000244,-0.432945728
671.5,-0.428844929
671.6000366,-0.432039738
671.7000122,-0.428320408
671.7999878,-0.435568333
671.9000244,-0.428368092
672,-0.420929432
672.1000366,-0.431753635
672.2000122,-0.431467533
672.2999878,-0.42359972
672.4000244,-0.433708668
672.5,-0.426985264
672.6000366,-0.438620567
672.7000122,-0.429941654
672.7999878,-0.431419849
672.9000244,-0.434614658
673,-0.426270008
673.1000366,-0.430847645
673.2000122,-0.42936945
673.2999878,-0.427247524
673.4000244,-0.424076557
673.5,-0.424696445
673.6000366,-0.427557468
673.7000122,-0.415016651
673.7999878,-0.420500278
673.9000244,-0.424505711
674,-0.425411701
674.1000366,-0.423313618
674.2000122,-0.428177357
674.2999878,-0.426508427
674.4000244,-0.42693758
674.5,-0.424028873
674.6000366,-0.422121525
674.7000122,-0.427366734
674.7999878,-0.427509785
674.9000244,-0.425220966
675,-0.430203915
675.1000366,-0.43399477
675.2000122,-0.434090137
675.2999878,-0.429786682
675.4000244,-0.423361301
675.5,-0.42770052
675.6000366,-0.425840855
675.7000122,-0.427605152
675.7999878,-0.424696445
675.9000244,-0.427032948
676,-0.419165134
676.1000366,-0.427414417
676.2000122,-0.42321825
676.2999878,-0.423313618
676.4000244,-0.425602436
676.5,-0.424171925
676.6000366,-0.432135105
676.7000122,-0.435949802
676.7999878,-0.421644688
676.9000244,-0.425507069
677,-0.421072483
677.1000366,-0.423790455
677.2000122,-0.42064333
677.2999878,-0.424982548
677.4000244,-0.418306828
677.5,-0.427032948
677.6000366,-0.425840855
677.7000122,-0.420595646
677.7999878,-0.427223682
677.9000244,-0.414921284
678,-0.42770052
678.1000366,-0.423265934
678.2000122,-0.418879032
678.2999878,-0.420166492
678.4000244,-0.415016651
678.5,-0.436331272
678.6000366,-0.427938938
678.7000122,-0.434042454
678.7999878,-0.421215534
678.9000244,-0.420452595
679,-0.420834064
679.1000366,-0.420977116
679.2000122,-0.419308186
679.2999878,-0.423313618
679.4000244,-0.420691013
679.5,-0.423277855
679.6000366,-0.424505711
679.7000122,-0.424601078
679.7999878,-0.423492432
679.9000244,-0.422932148
680,-0.42193079
680.1000366,-0.421787739
680.2000122,-0.420547962
680.2999878,-0.421740055
680.4000244,-0.420834064
680.5,-0.422836781
680.6000366,-0.422932148
680.7000122,-0.422073841
680.7999878,-0.425983906
680.9000244,-0.418640614
681,-0.409151554
681.1000366,-0.4189744
681.2000122,-0.418259144
681.2999878,-0.439240456
681.4000244,-0.436283588
681.5,-0.433982968
681.6000366,-0.427080631
681.7000122,-0.433327198
681.7999878,-0.423122883
681.9000244,-0.426270008
682,-0.428320408
682.1000366,-0.428511143
682.2000122,-0.409628391
682.2999878,-0.413633823
682.4000244,-0.425364017
682.5,-0.429512501
682.6000366,-0.422884464
682.7000122,-0.419165134
682.7999878,-0.425316334
682.9000244,-0.422979832
683,-0.423075199
683.1000366,-0.420452595
683.2000122,-0.427843571
683.2999878,-0.421358585
683.4000244,-0.426270008
683.5,-0.418068409
683.6000366,-0.422741413
683.7000122,-0.424303055
683.7999878,-0.427748203
683.9000244,-0.428654194
684,-0.425793171
684.1000366,-0.427366734
684.2000122,-0.429607868
684.2999878,-0.427271366
684.4000244,-0.422502995
684.5,-0.417257786
684.6000366,-0.409676075
684.7000122,-0.425077915
684.7999878,-0.429560184
684.9000244,-0.432754993
685,-0.418879032
685.1000366,-0.421597004
685.2000122,-0.418354511
685.2999878,-0.416590214
685.4000244,-0.422789097
685.5,-0.413395405
685.6000366,-0.420977116
685.7000122,-0.417114735
685.7999878,-0.426270008
685.9000244,-0.424791813
686,-0.414778233
686.1000366,-0.410820484
686.2000122,-0.423456669
686.2999878,-0.415016651
686.4000244,-0.426317692
686.5,-0.424219608
686.6000366,-0.426603794
686.7000122,-0.420977116
686.7999878,-0.42064333
686.9000244,-0.422121525
687,-0.42603159
687.1000366,-0.414778233
687.2000122,-0.424267292
687.2999878,-0.420357227
687.4000244,-0.426174641
687.5,-0.42822504
687.6000366,-0.424255371
687.7000122,-0.419165134
687.7999878,-0.423456669
687.9000244,-0.419451237
688,-0.425888538
688.1000366,-0.428797245
688.2000122,-0.419260502
688.2999878,-0.42565012
688.4000244,-0.410152912
688.5,-0.425411701
688.6000366,-0.420309544
688.7000122,-0.433708668
688.7999878,-0.424839497
688.9000244,-0.413681507
689,-0.417973042
689.1000366,-0.415588856
689.2000122,-0.416399479
689.2999878,-0.417925358
689.4000244,-0.421263218
689.5,-0.418449879
689.6000366,-0.421978474
689.7000122,-0.416447163
689.7999878,-0.405479908
689.9000244,-0.423742771
690,-0.41859293
690.1000366,-0.421263218
690.2000122,-0.412203312
690.2999878,-0.432993412
690.4000244,-0.41525507
690.5,-0.429941654
690.6000366,-0.415636539
690.7000122,-0.418688297
690.7999878,-0.413061619
690.9000244,-0.417734623
691,-0.410725117
691.1000366,-0.414921284
691.2000122,-0.410582066
691.2999878,-0.415588856
691.4000244,-0.415922642
691.5,-0.416590214
691.6000366,-0.417758465
691.7000122,-0.416447163
691.7999878,-0.422073841
691.9000244,-0.409914494
692,-0.420071125
692.1000366,-0.423552036
692.2000122,-0.422550678
692.2999878,-0.418294907
692.4000244,-0.412584782
692.5,-0.41449213
692.6000366,-0.417973042
692.7000122,-0.421740055
692.7999878,-0.420118809
692.9000244,-0.421883106
693,-0.41153574
693.1000366,-0.40781641
693.2000122,-0.417162418
693.2999878,-0.416733265
693.4000244,-0.419129372
693.5,-0.419546604
693.6000366,-0.423075199
693.7000122,-0.412203312
693.7999878,-0.419975758
693.9000244,-0.412680149
694,-0.41024828
694.1000366,-0.411058903
694.2000122,-0.425459385
694.2999878,-0.412680149
694.4000244,-0.425888538
694.5,-0.414921284
694.6000366,-0.408150196
694.7000122,-0.423170567
694.7999878,-0.412584782
694.9000244,-0.423742771
695,-0.423408985
695.1000366,-0.424839497
695.2000122,-0.421632767
695.2999878,-0.416447163
695.4000244,-0.421835423
695.5,-0.415541172
695.6000366,-0.414158344
695.7000122,-0.419355869
695.7999878,-0.415970325
695.9000244,-0.425507069
696,-0.409962177
696.1000366,-0.42565012
696.2000122,-0.412203312
696.2999878,-0.414396763
696.4000244,-0.408674717
696.5,-0.407673359
696.6000366,-0.41730547
696.7000122,-0.415064335
696.7999878,-0.415743828
696.9000244,-0.416256428
697,-0.414349079
697.1000366,-0.415874958
697.2000122,-0.417579651
697.2999878,-0.419069767
697.4000244,-0.41230762
697.5,-0.406624317
697.6000366,-0.405956745
697.7000122,-0.415779591
697.7999878,-0.418640614
697.9000244,-0.417651176
698,-0.420357227
698.1000366,-0.415827274
698.2000122,-0.410963535
698.2999878,-0.411583424
698.4000244,-0.419785023
698.5,-0.42231226
698.6000366,-0.419975758
698.7000122,-0.415243149
698.7999878,-0.408340931
698.9000244,-0.410343647
699,-0.42116785
699.1000366,-0.404669285
699.2000122,-0.4148736
699.2999878,-0.407864094
699.4000244,-0.417591572
699.5,-0.425602436
699.6000366,-0.422216892
699.7000122,-0.414825916
699.7999878,-0.424314976
699.9000244,-0.4189744
700,-0.41718626
700.1000366,-0.412298679
700.2000122,-0.413156986
700.2999878,-0.415064335
700.4000244,-0.416590214
700.5,-0.417877674
700.6000366,-0.419832706
700.7000122,-0.418831348
700.7999878,-0.42603159
700.9000244,-0.424076557
701,-0.413538456
701.1000366,-0.417257786
701.2000122,-0.413109303
701.2999878,-0.418354511
701.4000244,-0.418640614
701.5,-0.417067051
701.6000366,-0.423838139
701.7000122,-0.412632465
701.7999878,-0.420929432
701.9000244,-0.40819788
702,-0.421501637
702.1000366,-0.42116785
702.2000122,-0.420738697
702.2999878,-0.418116093
702.4000244,-0.413252354
702.5,-0.408817768
702.6000366,-0.412799358
702.7000122,-0.414396763
702.7999878,-0.414730549
702.9000244,-0.412286758
703,-0.408865452
703.1000366,-0.41115427
703.2000122,-0.413288116
703.2999878,-0.415159702
703.4000244,-0.417973042
703.5,-0.414587498
703.6000366,-0.412060261
703.7000122,-0.415016651
703.7999878,-0.41449213
703.9000244,-0.412751675
704,-0.410200596
704.1000366,-0.411297321
704.2000122,-0.411869526
704.2999878,-0.410188675
704.4000244,-0.411821842
704.5,-0.40576601
704.6000366,-0.416685581
704.7000122,-0.407148838
704.7999878,-0.420691013
704.9000244,-0.413776875
705,-0.415588856
705.1000366,-0.410295963
705.2000122,-0.416733265
705.2999878,-0.406385899
705.4000244,-0.414539814
705.5,-0.409246922
705.6000366,-0.411631107
705.7000122,-0.414301395
705.7999878,-0.414587498
705.9000244,-0.4184618
706,-0.422693729
706.1000366,-0.422264576
706.2000122,-0.404716969
706.2999878,-0.417448521
706.4000244,-0.398327351
706.5,-0.410534382
706.6000366,-0.414206028
706.7000122,-0.400806904
706.7999878,-0.408770084
706.9000244,-0.417162418
707,-0.404049397
707.1000366,-0.400425434
707.2000122,-0.402618885
707.2999878,-0.413109303
707.4000244,-0.413919926
707.5,-0.415588856
707.6000366,-0.405098438
707.7000122,-0.408627033
707.7999878,-0.417353153
707.9000244,-0.415398121
708,-0.401855946
708.1000366,-0.413109303
708.2000122,-0.405575275
708.2999878,-0.404669285
708.4000244,-0.408483982
708.5,-0.411488056
708.6000366,-0.414206028
708.7000122,-0.416494846
708.7999878,-0.412250996
708.9000244,-0.408245564
709,-0.406195164
709.1000366,-0.404144764
709.2000122,-0.414587498
709.2999878,-0.411106586
709.4000244,-0.401998997
709.5,-0.410200596
709.6000366,-0.418879032
709.7000122,-0.404764652
709.7999878,-0.411821842
709.9000244,-0.403858662
710,-0.395704746
710.1000366,-0.407244205
710.2000122,-0.414253712
710.2999878,-0.421024799
710.4000244,-0.405336857
710.5,-0.418020725
710.6000366,-0.407196522
710.7000122,-0.405384541
710.7999878,-0.40204668
710.9000244,-0.420738697
711,-0.413300037
711.1000366,-0.401188374
711.2000122,-0.408436298
711.2999878,-0.406910419
711.4000244,-0.40819788
711.5,-0.408865452
711.6000366,-0.405575275
711.7000122,-0.414778233
711.7999878,-0.399185658
711.9000244,-0.408913136
712,-0.404716969
712.1000366,-0.415064335
712.2000122,-0.406576633
712.2999878,-0.416828632
712.4000244,-0.397898197
712.5,-0.40037775
712.6000366,-0.415827274
712.7000122,-0.400806904
712.7999878,-0.411440372
712.9000244,-0.400330067
713,-0.41191721
713.1000366,-0.413109303
713.2000122,-0.411440372
713.2999878,-0.412203312
713.4000244,-0.411237717
713.5,-0.410343647
713.6000366,-0.410963535
713.7000122,-0.406433582
713.7999878,-0.407673359
713.9000244,-0.402857304
714,-0.403572559
714.1000366,-0.403894424
714.2000122,-0.404907703
714.2999878,-0.404240131
714.4000244,-0.419308186
714.5,-0.399042606
714.6000366,-0.408770084
714.7000122,-0.416876316
714.7999878,-0.40242815
714.9000244,-0.402142048
715,-0.401164532
715.1000366,-0.399996281
715.2000122,-0.400091648
715.2999878,-0.403572559
715.4000244,-0.405003071
715.5,-0.399900913
715.6000366,-0.408865452
715.7000122,-0.414778233
715.7999878,-0.413872242
715.9000244,-0.413967609
716,-0.419785023
716.1000366,-0.398565769
716.2000122,-0.406290531
716.2999878,-0.395609379
716.4000244,-0.41358614
716.5,-0.401569843
716.6000366,-0.415350437
716.7000122,-0.406815052
716.7999878,-0.397993565
716.9000244,-0.409389973
717,-0.401665211
717.1000366,-0.409342289
717.2000122,-0.398231983
717.2999878,-0.410915852
717.4000244,-0.407053471
717.5,-0.406624317
717.6000366,-0.405670643
717.7000122,-0.400234699
717.7999878,-0.404764652
717.9000244,-0.402285099
718,-0.414968967
718.1000366,-0.401379108
718.2000122,-0.41358614
718.2999878,-0.408531666
718.4000244,-0.408102512
718.5,-0.405956745
718.6000366,-0.404335499
718.7000122,-0.419117451
718.7999878,-0.396229267
718.9000244,-0.415874958
719,-0.403286457
719.1000366,-0.406672001
719.2000122,-0.406159401
719.2999878,-0.406052113
719.4000244,-0.408627033
719.5,-0.406767368
719.6000366,-0.396849155
719.7000122,-0.406338215
719.7999878,-0.412394047
719.9000244,-0.408436298
720,-0.413109303
720.1000366,-0.402666569
720.2000122,-0.403715611
720.2999878,-0.406385899
720.4000244,-0.404812336
720.5,-0.40743494
720.6000366,-0.405050755
720.7000122,-0.404001713
720.7999878,-0.403954029
720.9000244,-0.401808262
721,-0.408340931
721.1000366,-0.403572559
721.2000122,-0.41115427
721.2999878,-0.405336857
721.4000244,-0.402571201
721.5,-0.404383183
721.6000366,-0.404144764
721.7000122,-0.401331425
721.7999878,-0.396753788
721.9000244,-0.400043964
722,-0.40652895
722.1000366,-0.403095722
722.2000122,-0.412203312
722.2999878,-0.400520802
722.4000244,-0.406481266
722.5,-0.410200596
722.6000366,-0.402094364
722.7000122,-0.409533024
722.7999878,-0.401426792
722.9000244,-0.401331425
723,-0.399567127
723.1000366,-0.401998997
723.2000122,-0.408913136
723.2999878,-0.418354511
723.4000244,-0.398851871
723.5,-0.411821842
723.6000366,-0.41320467
723.7000122,-0.405479908
723.7999878,-0.397516727
723.9000244,-0.405241489
724,-0.391699314
724.1000366,-0.407530308
724.2000122,-0.406290531
724.2999878,-0.404383183
724.4000244,-0.399185658
724.5,-0.408627033
724.6000366,-0.396467686
724.7000122,-0.398613453
724.7999878,-0.398184299
724.9000244,-0.406195164
725,-0.407196522
725.1000366,-0.407780647
725.2000122,-0.405861378
725.2999878,-0.411869526
725.4000244,-0.409151554
725.5,-0.401855946
725.6000366,-0.396515369
725.7000122,-0.408245564
725.7999878,-0.405527592
725.9000244,-0.400234699
726,-0.397373676
726.1000366,-0.401867867
726.2000122,-0.406052113
726.2999878,-0.403810978
726.4000244,-0.39780283
726.5,-0.392652988
726.6000366,-0.401665211
726.7000122,-0.403334141
726.7999878,-0.400806904
726.9000244,-0.39780283
727,-0.398994923
727.1000366,-0.399006844
727.2000122,-0.397850513
727.2999878,-0.401379108
727.4000244,-0.394321918
727.5,-0.4107728
727.6000366,-0.404907703
727.7000122,-0.40948534
727.7999878,-0.406815052
727.9000244,-0.405050755
728,-0.404025555
728.1000366,-0.40152216
728.2000122,-0.402714252
728.2999878,-0.403620243
728.4000244,-0.40614748
728.5,-0.397850513
728.6000366,-0.412584782
728.7000122,-0.408531666
728.7999878,-0.403334141
728.9000244,-0.395514011
729,-0.396563053
729.1000366,-0.403858662
729.2000122,-0.402618885
729.2999878,-0.409962177
729.4000244,-0.403477192
729.5,-0.407387257
729.6000366,-0.399805546
729.7000122,-0.409533024
729.7999878,-0.392223835
729.9000244,-0.397230625
730,-0.398231983
730.1000366,-0.396563053
730.2000122,-0.398661137
730.2999878,-0.398804188
730.4000244,-0.402904987
730.5,-0.397564411
730.6000366,-0.403858662
730.7000122,-0.399996281
730.7999878,-0.399662495
730.9000244,-0.401617527
731,-0.400711536
731.1000366,-0.401176453
731.2000122,-0.401617527
731.2999878,-0.40075922
731.4000244,-0.393225193
731.5,-0.401903629
731.6000366,-0.397707462
731.7000122,-0.39947176
731.7999878,-0.403334141
731.9000244,-0.401188374
732,-0.406910419
732.1000366,-0.40857935
732.2000122,-0.400234699
732.2999878,-0.398851871
732.4000244,-0.388027668
732.5,-0.398088932
732.6000366,-0.406242847
732.7000122,-0.400043964
732.7999878,-0.397469044
732.9000244,-0.395800114
733,-0.396086216
733.1000366,-0.396670341
733.2000122,-0.401569843
733.2999878,-0.402967572
733.4000244,-0.406719685
733.5,-0.406910419
733.6000366,-0.397659779
733.7000122,-0.394703388
733.7999878,-0.403763294
733.9000244,-0.404001713
734,-0.406338215
734.1000366,-0.405432224
734.2000122,-0.400139332
734.2999878,-0.403381824
734.4000244,-0.398470402
734.5,-0.395800114
734.6000366,-0.409246922
734.7000122,-0.414015293
734.7999878,-0.409902573
734.9000244,-0.410725117
735,-0.405622959
735.1000366,-0.398613453
735.2000122,-0.403334141
735.2999878,-0.39575243
735.4000244,-0.411821842
735.5,-0.402904987
735.6000366,-0.398518085
735.7000122,-0.403095722
735.7999878,-0.39370203
735.9000244,-0.402189732
736,-0.399614811
736.1000366,-0.39165163
736.2000122,-0.405670643
736.2999878,-0.412298679
736.4000244,-0.396372318
736.5,-0.402857304
736.6000366,-0.405050755
736.7000122,-0.403143406
736.7999878,-0.401927471
736.9000244,-0.397564411
737,-0.401951313
737.1000366,-0.396849155
737.2000122,-0.403381824
737.2999878,-0.407387257
737.4000244,-0.399805546
737.5,-0.398947239
737.6000366,-0.397612095
737.7000122,-0.396324635
737.7999878,-0.40819788
737.9000244,-0.389458179
738,-0.405479908
738.1000366,-0.395418644
738.2000122,-0.404955387
738.2999878,-0.386978626
738.4000244,-0.402904987
738.5,-0.399710178
738.6000366,-0.39703989
738.7000122,-0.406004429
738.7999878,-0.407959461
738.9000244,-0.401510239
739,-0.394894123
739.1000366,-0.397182941
739.2000122,-0.395788193
739.2999878,-0.395847797
739.4000244,-0.395227909
739.5,-0.402142048
739.6000366,-0.40781641
739.7000122,-0.403667927
739.7999878,-0.399900913
739.9000244,-0.405003071
740,-0.401712894
740.1000366,-0.400616169
740.2000122,-0.401331425
740.2999878,-0.403238773
740.4000244,-0.406195164
740.5,-0.404812336
740.6000366,-0.400473118
740.7000122,-0.396801472
740.7999878,-0.3940835
740.9000244,-0.401617527
741,-0.390602589
741.1000366,-0.402761936
741.2000122,-0.396801472
741.2999878,-0.397433281
741.4000244,-0.396372318
741.5,-0.393797398
741.6000366,-0.396610737
741.7000122,-0.400806904
741.7999878,-0.385643482
741.9000244,-0.396372318
742,-0.401093006
742.1000366,-0.40486002
742.2000122,-0.393606663
742.2999878,-0.400520802
742.4000244,-0.391746998
742.5,-0.394751072
742.6000366,-0.397945881
742.7000122,-0.400234699
742.7999878,-0.400854588
742.9000244,-0.393368244
743,-0.3920331
743.1000366,-0.396515369
743.2000122,-0.396038532
743.2999878,-0.402952671
743.4000244,-0.404240131
743.5,-0.395227909
743.6000366,-0.394703388
743.7000122,-0.386692524
743.7999878,-0.396420002
743.9000244,-0.403524876
744,-0.399137974
744.1000366,-0.398279667
744.2000122,-0.397528648
744.2999878,-0.396801472
744.4000244,-0.402347684
744.5,-0.407625675
744.6000366,-0.40743494
744.7000122,-0.408150196
744.7999878,-0.403524876
744.9000244,-0.391794682
745,-0.394131184
745.1000366,-0.405861378
745.2000122,-0.401188374
745.2999878,-0.399769783
745.4000244,-0.395800114
745.5,-0.396229267
745.6000366,-0.401939392
745.7000122,-0.409580708
745.7999878,-0.40614748
745.9000244,-0.407315731
746,-0.407530308
746.1000366,-0.406004429
746.2000122,-0.402332783
746.2999878,-0.397325993
746.4000244,-0.398470402
746.5,-0.404192448
746.6000366,-0.405050755
746.7000122,-0.401426792
746.7999878,-0.401617527
746.9000244,-0.405289173
747,-0.414301395
747.1000366,-0.410915852
747.2000122,-0.394178867
747.2999878,-0.405193806
747.4000244,-0.395847797
747.5,-0.413729191
747.6000366,-0.404573917
747.7000122,-0.403238773
747.7999878,-0.411488056
747.9000244,-0.397278309
748,-0.405956745
748.1000366,-0.388456821
748.2000122,-0.38292551
748.2999878,-0.396658421
748.4000244,-0.403667927
748.5,-0.394894123
748.6000366,-0.41191721
748.7000122,-0.403381824
748.7999878,-0.406290531
748.9000244,-0.402189732
749,-0.406910419
749.1000366,-0.418879032
749.2000122,-0.40986681
749.2999878,-0.403334141
749.4000244,-0.402523518
749.5,-0.40819788
749.6000366,-0.402618885
749.7000122,-0.408960819
749.7999878,-0.405575275
749.9000244,-0.407959461
750,-0.395847797
750.1000366,-0.403286457
750.2000122,-0.400461197
750.2999878,-0.399805546
750.4000244,-0.402904987
750.5,-0.397707462
750.6000366,-0.413824558
750.7000122,-0.405289173
750.7999878,-0.39870882
750.9000244,-0.401808262
751,-0.399567127
751.1000366,-0.401188374
751.2000122,-0.401426792
751.2999878,-0.404788494
751.4000244,-0.408770084
751.5,-0.407768726
751.6000366,-0.402571201
751.7000122,-0.412727833
751.7999878,-0.403620243
751.9000244,-0.399519444
752,-0.408865452
752.1000366,-0.398327351
752.2000122,-0.400187016
752.2999878,-0.405813694
752.4000244,-0.410486698
752.5,-0.404907703
752.6000366,-0.406815052
752.7000122,-0.406052113
752.7999878,-0.405479908
752.9000244,-0.401426792
753,-0.408340931
753.1000366,-0.396801472
753.2000122,-0.401188374
753.2999878,-0.407768726
753.4000244,-0.395037174
753.5,-0.398088932
753.6000366,-0.405193806
753.7000122,-0.399710178
753.7999878,-0.401927471
753.9000244,-0.401617527
754,-0.401188374
754.1000366,-0.399948597
754.2000122,-0.396992207
754.2999878,-0.399710178
754.4000244,-0.406052113
754.5,-0.410343647
754.6000366,-0.406290531
754.7000122,-0.403000355
754.7999878,-0.403405666
754.9000244,-0.400711536
755,-0.403620243
755.1000366,-0.411726475
755.2000122,-0.411774158
755.2999878,-0.401712894
755.4000244,-0.402618885
755.5,-0.399519444
755.6000366,-0.402523518
755.7000122,-0.39575243
755.7999878,-0.401331425
755.9000244,-0.400520802
756,-0.397325993
756.1000366,-0.391556263
756.2000122,-0.395895481
756.2999878,-0.404669285
756.4000244,-0.39279604
756.5,-0.386501789
756.6000366,-0.387598515
756.7000122,-0.394894123
756.7999878,-0.396467686
756.9000244,-0.384785175
757,-0.393368244
757.1000366,-0.40075922
757.2000122,-0.397898197
757.2999878,-0.401188374
757.4000244,-0.401712894
757.5,-0.397612095
757.6000366,-0.38740778
757.7000122,-0.398947239
757.7999878,-0.394989491
757.9000244,-0.397707462
758,-0.40447855
758.1000366,-0.396896839
758.2000122,-0.402904987
758.2999878,-0.382973194
758.4000244,-0.394655704
758.5,-0.386883259
758.6000366,-0.393177509
758.7000122,-0.389744282
758.7999878,-0.392700672
758.9000244,-0.387646198
759,-0.395561695
759.1000366,-0.392509937
759.2000122,-0.389935017
759.2999878,-0.388742924
759.4000244,-0.39947176
759.5,-0.392509937
759.6000366,-0.386311054
759.7000122,-0.396229267
759.7999878,-0.401283741
759.9000244,-0.407387257
760,-0.400175095
760.1000366,-0.396849155
760.2000122,-0.395180225
760.2999878,-0.391746998
760.4000244,-0.386835575
760.5,-0.394369602
760.6000366,-0.379683018
760.7000122,-0.395323277
760.7999878,-0.382305622
760.9000244,-0.399185658
761,-0.405289173
761.1000366,-0.400568485
761.2000122,-0.401093006
761.2999878,-0.399161816
761.4000244,-0.399376392
761.5,-0.398726702
761.6000366,-0.39909029
761.7000122,-0.397278309
761.7999878,-0.393845081
761.9000244,-0.394608021
762,-0.393010616
762.1000366,-0.392557621
762.2000122,-0.391031742
762.2999878,-0.392557621
762.4000244,-0.39332056
762.5,-0.389410496
762.6000366,-0.386024952
762.7000122,-0.38573885
762.7999878,-0.393797398
762.9000244,-0.377489567
763,-0.395895481
763.1000366,-0.407005787
763.2000122,-0.396992207
763.2999878,-0.390841007
763.4000244,-0.39537096
763.5,-0.391270161
763.6000366,-0.395466328
763.7000122,-0.38831377
763.7999878,-0.389029026
763.9000244,-0.386120319
764,-0.387741566
764.1000366,-0.388504505
764.2000122,-0.389553547
764.2999878,-0.390602589
764.4000244,-0.389505863
764.5,-0.387884617
764.6000366,-0.39279604
764.7000122,-0.385929585
764.7999878,-0.391937733
764.9000244,-0.384022236
765,-0.389410496
765.1000366,-0.389172077
765.2000122,-0.386501789
765.2999878,-0.391556263
765.4000244,-0.401045322
765.5,-0.392843723
765.6000366,-0.391103268
765.7000122,-0.385977268
765.7999878,-0.384546757
765.9000244,-0.393511295
766,-0.389935017
766.1000366,-0.388921738
766.2000122,-0.385786533
766.2999878,-0.386454105
766.4000244,-0.384522915
766.5,-0.382353306
766.6000366,-0.383497715
766.7000122,-0.377537251
766.7999878,-0.384546757
766.9000244,-0.383748055
767,-0.383783817
767.1000366,-0.389124393
767.2000122,-0.380875111
767.2999878,-0.386787891
767.4000244,-0.393272877
767.5,-0.385548115
767.6000366,-0.382544041
767.7000122,-0.389601231
767.7999878,-0.380445957
767.9000244,-0.3899827
768,-0.380589008
768.1000366,-0.386883259
768.2000122,-0.38573885
768.2999878,-0.397373676
768.4000244,-0.383783817
768.5,-0.394608021
768.6000366,-0.386072636
768.7000122,-0.389744282
768.7999878,-0.385500431
768.9000244,-0.391603947
769,-0.384546757
769.1000366,-0.388218403
769.2000122,-0.377441883
769.2999878,-0.40037775
769.4000244,-0.385262012
769.5,-0.375391483
769.6000366,-0.384356022
769.7000122,-0.386024952
769.7999878,-0.382210255
769.9000244,-0.38355732
770,-0.382591724
770.1000366,-0.383402348
770.2000122,-0.386048794
770.2999878,-0.390173435
770.4000244,-0.388027668
770.5,-0.38869524
770.6000366,-0.386740208
770.7000122,-0.384880543
770.7999878,-0.394226551
770.9000244,-0.376535892
771,-0.383450031
771.1000366,-0.389029026
771.2000122,-0.383402348
771.2999878,-0.385142803
771.4000244,-0.382639408
771.5,-0.385500431
771.6000366,-0.371576786
771.7000122,-0.374533176
771.7999878,-0.384451389
771.9000244,-0.37868166
772,-0.388075352
772.1000366,-0.380589008
772.2000122,-0.389315128
772.2999878,-0.383497715
772.4000244,-0.386978626
772.5,-0.390316486
772.6000366,-0.382114887
772.7000122,-0.386215687
772.7999878,-0.381733418
772.9000244,-0.383831501
773,-0.374771595
773.1000366,-0.376583576
773.2000122,-0.383020878
773.2999878,-0.379110813
773.4000244,-0.391079426
773.5,-0.374866962
773.6000366,-0.383640766
773.7000122,-0.381208897
773.7999878,-0.382973194
773.9000244,-0.382734776
774,-0.382973194
774.1000366,-0.382877827
774.2000122,-0.384391785
774.2999878,-0.38740778
774.4000244,-0.384308338
774.5,-0.389648914
774.6000366,-0.393129826
774.7000122,-0.377346516
774.7999878,-0.37458086
774.9000244,-0.387503147
775,-0.378824711
775.1000366,-0.38535738
775.2000122,-0.386835575
775.2999878,-0.387932301
775.4000244,-0.383736134
775.5,-0.377871037
775.6000366,-0.378490925
775.7000122,-0.385405064
775.7999878,-0.384117603
775.9000244,-0.387360096
776,-0.38406992
776.1000366,-0.390793324
776.2000122,-0.395180225
776.2999878,-0.380541325
776.4000244,-0.390173435
776.5,-0.378538609
776.6000366,-0.386978626
776.7000122,-0.384546757
776.7999878,-0.381161213
776.9000244,-0.382937431
777,-0.383450031
777.1000366,-0.382591724
777.2000122,-0.384022236
777.2999878,-0.376392841
777.4000244,-0.38702631
777.5,-0.379253864
777.6000366,-0.380207539
777.7000122,-0.392605305
777.7999878,-0.389887333
777.9000244,-0.38856411
778,-0.386835575
778.1000366,-0.384928226
778.2000122,-0.384165287
778.2999878,-0.380922794
778.4000244,-0.378204823
778.5,-0.384832859
778.6000366,-0.394560337
778.7000122,-0.383020878
778.7999878,-0.376535892
778.9000244,-0.389935017
779,-0.389315128
779.1000366,-0.386454105
779.2000122,-0.381351948
779.2999878,-0.385214329
779.4000244,-0.380565166
779.5,-0.380493641
779.6000366,-0.375200748
779.7000122,-0.391746998
779.7999878,-0.371290684
779.9000244,-0.38740778
780,-0.371815205
780.1000366,-0.389935017
780.2000122,-0.387073994
780.2999878,-0.380970478
780.4000244,-0.381924152
780.5,-0.375677586
780.6000366,-0.37958765
780.7000122,-0.38406992
780.7999878,-0.386263371
780.9000244,-0.3920331
781,-0.394941807
781.1000366,-0.383163929
781.2000122,-0.383831501
781.2999878,-0.387836933
781.4000244,-0.386501789
781.5,-0.38702631
781.6000366,-0.387312412
781.7000122,-0.38163805
781.7999878,-0.373198032
781.9000244,-0.381447315
782,-0.389839649
782.1000366,-0.388361454
782.2000122,-0.383736134
782.2999878,-0.379063129
782.4000244,-0.381590366
782.5,-0.383545399
782.6000366,-0.386883259
782.7000122,-0.38664484
782.7999878,-0.382782459
782.9000244,-0.378777027
783,-0.384880543
783.1000366,-0.38368845
783.2000122,-0.388790607
783.2999878,-0.380541325
783.4000244,-0.385166645
783.5,-0.380445957
783.6000366,-0.373913288
783.7000122,-0.383879185
783.7999878,-0.395800114
783.9000244,-0.380016804
784,-0.381161213
784.1000366,-0.378777027
784.2000122,-0.382687092
784.2999878,-0.37996912
784.4000244,-0.379671097
784.5,-0.378872395
784.6000366,-0.377155781
784.7000122,-0.380016804
784.7999878,-0.370384693
784.9000244,-0.389219761
785,-0.369097233
785.1000366,-0.380493641
785.2000122,-0.385309696
785.2999878,-0.374771595
785.4000244,-0.371481419
785.5,-0.387360096
785.6000366,-0.376202106
785.7000122,-0.384117603
785.7999878,-0.381542683
785.9000244,-0.381793022
786,-0.381494999
786.1000366,-0.380016804
786.2000122,-0.381745338
786.2999878,-0.384546757
786.4000244,-0.380922794
786.5,-0.374533176
786.6000366,-0.386168003
786.7000122,-0.375820637
786.7999878,-0.37701273
786.9000244,-0.372482777
787,-0.369478703
787.1000366,-0.379301548
787.2000122,-0.376821995
787.2999878,-0.379873753
787.4000244,-0.380732059
787.5,-0.387312412
787.6000366,-0.375057697
787.7000122,-0.381876469
787.7999878,-0.379683018
787.9000244,-0.381876469
788,-0.379444599
788.1000366,-0.379778385
788.2000122,-0.37778759
788.2999878,-0.375629902
788.4000244,-0.376297474
788.5,-0.375916004
788.6000366,-0.375963688
788.7000122,-0.377346516
788.7999878,-0.375200748
788.9000244,-0.388790607
789,-0.366856098
789.1000366,-0.387503147
789.2000122,-0.367237568
789.2999878,-0.376059055
789.4000244,-0.375296116
789.5,-0.381685734
789.6000366,-0.372005939
789.7000122,-0.387836933
789.7999878,-0.384451389
789.9000244,-0.387217045
790,-0.384356022
790.1000366,-0.382067204
790.2000122,-0.38368845
790.2999878,-0.380493641
790.4000244,-0.379492283
790.5,-0.376726627
790.6000366,-0.377823353
790.7000122,-0.369812489
790.7999878,-0.382496357
790.9000244,-0.372387409
791,-0.385595798
791.1000366,-0.373054981
791.2000122,-0.37586832
791.2999878,-0.362421513
791.4000244,-0.374247074
791.5,-0.385548115
791.6000366,-0.382544041
791.7000122,-0.370146275
791.7999878,-0.377298832
791.9000244,-0.372292042
792,-0.365759373
792.1000366,-0.368381977
792.2000122,-0.372733116
792.2999878,-0.379015446
792.4000244,-0.377775669
792.5,-0.374390125
792.6000366,-0.37624979
792.7000122,-0.370432377
792.7999878,-0.366522312
792.9000244,-0.369585991
793,-0.372673512
793.1000366,-0.368715763
793.2000122,-0.368048191
793.2999878,-0.375916004
793.4000244,-0.376917362
793.5,-0.371004581
793.6000366,-0.37663126
793.7000122,-0.365759373
793.7999878,-0.376869678
793.9000244,-0.380589008
794,-0.380302906
794.1000366,-0.375582218
794.2000122,-0.382210255
794.2999878,-0.378908157
794.4000244,-0.377775669
794.5,-0.380064487
794.6000366,-0.386311054
794.7000122,-0.382305622
794.7999878,-0.376869678
794.9000244,-0.382639408
795,-0.38702631
795.1000366,-0.373817921
795.2000122,-0.376678944
795.2999878,-0.381018162
795.4000244,-0.384117603
795.5,-0.366665363
795.6000366,-0.385452747
795.7000122,-0.358606815
795.7999878,-0.373627186
795.9000244,-0.377060413
796,-0.378777027
796.1000366,-0.375534534
796.2000122,-0.371147633
796.2999878,-0.375248432
796.4000244,-0.374533176
796.5,-0.377036572
796.6000366,-0.376965046
796.7000122,-0.381399632
796.7999878,-0.379694939
796.9000244,-0.382225156
797,-0.383497715
797.1000366,-0.384308338
797.2000122,-0.377966404
797.2999878,-0.372387409
797.4000244,-0.371672153
797.5,-0.37201786
797.6000366,-0.372292042
797.7000122,-0.371719837
797.7999878,-0.366093159
797.9000244,-0.382639408
798,-0.370003223
798.1000366,-0.37496233
798.2000122,-0.390697956
798.2999878,-0.370241642
798.4000244,-0.381971836
798.5,-0.377775669
798.6000366,-0.368811131
798.7000122,-0.3671422
798.7999878,-0.369669437
798.9000244,-0.372864246
799,-0.369860172
799.1000366,-0.378633976
799.2000122,-0.375296116
799.2999878,-0.370384693
799.4000244,-0.365807056
799.5,-0.368429661
799.6000366,-0.375057697
799.7000122,-0.362850666
799.7999878,-0.370718479
799.9000244,-0.363470554
800,-0.375391483
800.1000366,-0.370337009
800.2000122,-0.377489567
800.2999878,-0.376440525
800.4000244,-0.377692223
800.5,-0.379730701
800.6000366,-0.377108097
800.7000122,-0.372768879
800.7999878,-0.376535892
800.9000244,-0.370575428
801,-0.360132694
801.1000366,-0.36418581
801.2000122,-0.367189884
801.2999878,-0.370766163
801.4000244,-0.37367487
801.5,-0.365902424
801.6000366,-0.370623112
801.7000122,-0.367809772
801.7999878,-0.37663126
801.9000244,-0.378920078
802,-0.368858814
802.1000366,-0.373245716
802.2000122,-0.367475986
802.2999878,-0.37253046
802.4000244,-0.372888088
802.5,-0.375772953
802.6000366,-0.375772953
802.7000122,-0.368620396
802.7999878,-0.357986927
802.9000244,-0.358892918
803,-0.372721195
803.1000366,-0.373579502
803.2000122,-0.367857456
803.2999878,-0.376059055
803.4000244,-0.369335651
803.5,-0.372101307
803.6000366,-0.373639107
803.7000122,-0.376440525
803.7999878,-0.376678944
803.9000244,-0.374294758
804,-0.376869678
804.1000366,-0.37367487
804.2000122,-0.363422871
804.2999878,-0.373245716
804.4000244,-0.366331577
804.5,-0.372816563
804.6000366,-0.368429661
804.7000122,-0.371910572
804.7999878,-0.381781101
804.9000244,-0.362040043
805,-0.376488209
805.1000366,-0.379873753
805.2000122,-0.372435093
805.2999878,-0.364471912
805.4000244,-0.367332935
805.5,-0.361610889
805.6000366,-0.368572712
805.7000122,-0.371147633
805.7999878,-0.373054981
805.9000244,-0.368083954
806,-0.365616322
806.1000366,-0.36251688
806.2000122,-0.376965046
806.2999878,-0.361181736
806.4000244,-0.369764805
806.5,-0.375200748
806.6000366,-0.375582218
806.7000122,-0.37689352
806.7999878,-0.376059055
806.9000244,-0.373382807
807,-0.369383335
807.1000366,-0.371195316
807.2000122,-0.363279819
807.2999878,-0.375200748
807.4000244,-0.370527744
807.5,-0.361372471
807.6000366,-0.36251688
807.7000122,-0.365711689
807.7999878,-0.36661768
807.9000244,-0.379206181
808,-0.380827427
808.1000366,-0.372816563
808.2000122,-0.371862888
808.2999878,-0.373627186
808.4000244,-0.373627186
808.5,-0.3753438
808.6000366,-0.373245716
808.7000122,-0.362183094
808.7999878,-0.372959614
808.9000244,-0.36623621
809,-0.372005939
809.1000366,-0.365807056
809.2000122,-0.362087727
809.2999878,-0.368429661
809.4000244,-0.375010014
809.5,-0.378490925
809.6000366,-0.373054981
809.7000122,-0.360514164
809.7999878,-0.370766163
809.9000244,-0.384832859
810,-0.375772953
810.1000366,-0.373245716
810.2000122,-0.376202106
810.2999878,-0.369621754
810.4000244,-0.362469196
810.5,-0.366426945
810.6000366,-0.368048191
810.7000122,-0.369287968
810.7999878,-0.372685432
810.9000244,-0.372259259
811,-0.374056339
811.1000366,-0.373007298
811.2000122,-0.371719837
811.2999878,-0.371147633
811.4000244,-0.373436451
811.5,-0.36213541
811.6000366,-0.380112171
811.7000122,-0.370718479
811.7999878,-0.368620396
811.9000244,-0.364996433
812,-0.371767521
812.1000366,-0.36828661
812.2000122,-0.364042759
812.2999878,-0.371386051
812.4000244,-0.359417439
812.5,-0.373579502
812.6000366,-0.379444599
812.7000122,-0.364996433
812.7999878,-0.375248432
812.9000244,-0.365616322
813,-0.373531818
813.1000366,-0.377871037
813.2000122,-0.360132694
813.2999878,-0.375200748
813.4000244,-0.369335651
813.5,-0.365330219
813.6000366,-0.375486851
813.7000122,-0.374723911
813.7999878,-0.36995554
813.9000244,-0.37663126
814,-0.360895634
814.1000366,-0.36418581
814.2000122,-0.365234852
814.2999878,-0.371052265
814.4000244,-0.373960972
814.5,-0.372339725
814.6000366,-0.365282536
814.7000122,-0.36289835
814.7999878,-0.371052265
814.9000244,-0.369383335
815,-0.361896992
815.1000366,-0.359512806
815.2000122,-0.372864246
815.2999878,-0.35751009
815.4000244,-0.372768879
815.5,-0.380779743
815.6000366,-0.371529102
815.7000122,-0.368095875
815.7999878,-0.377537251
815.9000244,-0.373150349
816,-0.376678944
816.1000366,-0.364805698
816.2000122,-0.375677586
816.2999878,-0.361563206
816.4000244,-0.371672153
816.5,-0.368906498
816.6000366,-0.36623621
816.7000122,-0.364519596
816.7999878,-0.369478703
816.9000244,-0.374866962
817,-0.380970478
817.1000366,-0.371815205
817.2000122,-0.36122942
817.2999878,-0.380064487
817.4000244,-0.368572712
817.5,-0.370337009
817.6000366,-0.365711689
817.7000122,-0.368858814
817.7999878,-0.359941959
817.9000244,-0.363661289
818,-0.371386051
818.1000366,-0.382830143
818.2000122,-0.369097233
818.2999878,-0.358034611
818.4000244,-0.370766163
818.5,-0.370337009
818.6000366,-0.367869377
818.7000122,-0.364471912
818.7999878,-0.365902424
818.9000244,-0.365377903
819,-0.36585474
819.1000366,-0.365139484
819.2000122,-0.367714405
819.2999878,-0.362636089
819.4000244,-0.356937885
819.5,-0.360752583
819.6000366,-0.359417439
819.7000122,-0.360371113
819.7999878,-0.359608173
819.9000244,-0.363470554
820,-0.358082294
820.1000366,-0.366856098
820.2000122,-0.374390125
820.2999878,-0.360609531
820.4000244,-0.369383335
820.5,-0.370241642
820.6000366,-0.371016502
820.7000122,-0.372435093
820.7999878,-0.372005939
820.9000244,-0.375296116
821,-0.373484135
821.1000366,-0.369335651
821.2000122,-0.371195316
821.2999878,-0.370062828
821.4000244,-0.369383335
821.5,-0.370337009
821.6000366,-0.370766163
821.7000122,-0.366999149
821.7999878,-0.358129978
821.9000244,-0.357367039
822,-0.359941959
822.1000366,-0.361515522
822.2000122,-0.358129978
822.2999878,-0.356461048
822.4000244,-0.367332935
822.5,-0.355412006
822.6000366,-0.370670795
822.7000122,-0.366379261
822.7999878,-0.372339725
822.9000244,-0.362659931
823,-0.362087727
823.1000366,-0.3671422
823.2000122,-0.370575428
823.2999878,-0.369860172
823.4000244,-0.362278461
823.5,-0.357843876
823.6000366,-0.367714405
823.7000122,-0.363756657
823.7999878,-0.363661289
823.9000244,-0.360955238
824,-0.35584116
824.1000366,-0.360561848
824.2000122,-0.368811131
824.2999878,-0.357986927
824.4000244,-0.366426945
824.5,-0.364614964
824.6000366,-0.359989643
824.7000122,-0.36380434
824.7999878,-0.371719837
824.9000244,-0.362993717
825,-0.368525028
825.1000366,-0.368954182
825.2000122,-0.371004581
825.2999878,-0.359465122
825.4000244,-0.374914646
825.5,-0.356890202
825.6000366,-0.36380434
825.7000122,-0.362755299
825.7999878,-0.363661289
825.9000244,-0.360788345
826,-0.358273029
826.1000366,-0.362704635
826.2000122,-0.365807056
826.2999878,-0.365950108
826.4000244,-0.366009712
826.5,-0.363661289
826.6000366,-0.368620396
826.7000122,-0.364376545
826.7999878,-0.365330219
826.9000244,-0.362946033
827,-0.367857456
827.1000366,-0.361658573
827.2000122,-0.365139484
827.2999878,-0.366426945
827.4000244,-0.365187168
827.5,-0.369144917
827.6000366,-0.358082294
827.7000122,-0.361896992
827.7999878,-0.358118057
827.9000244,-0.356174946
828,-0.356317997
828.1000366,-0.357796192
828.2000122,-0.369097233
828.2999878,-0.355030537
828.4000244,-0.367094517
828.5,-0.357557774
828.6000366,-0.365616322
828.7000122,-0.368000507
828.7999878,-0.362755299
828.9000244,-0.358940601
829,-0.358463764
829.1000366,-0.358964443
829.2000122,-0.360281706
829.2999878,-0.361324787
829.4000244,-0.362373829
829.5,-0.360991001
829.6000366,-0.358082294
829.7000122,-0.36585474
829.7999878,-0.354458332
829.9000244,-0.349260807
830,-0.353981495
830.1000366,-0.35917902
830.2000122,-0.361134052
830.2999878,-0.373484135
830.4000244,-0.37496233
830.5,-0.360991001
830.6000366,-0.357605457
830.7000122,-0.363184452
830.7999878,-0.363613605
830.9000244,-0.358988285
831,-0.354982853
831.1000366,-0.35417223
831.2000122,-0.355543137
831.2999878,-0.354553699
831.4000244,-0.358463764
831.5,-0.35917902
831.6000366,-0.356365681
831.7000122,-0.353981495
831.7999878,-0.362850666
831.9000244,-0.35751009
832,-0.362183094
832.1000366,-0.35841608
832.2000122,-0.36276722
832.2999878,-0.365139484
832.4000244,-0.365330219
832.5,-0.367428303
832.6000366,-0.372673512
832.7000122,-0.349213123
832.7999878,-0.368620396
832.9000244,-0.359465122
833,-0.35584116
833.1000366,-0.348354816
833.2000122,-0.363279819
833.2999878,-0.368668079
833.4000244,-0.365282536
833.5,-0.363124847
833.6000366,-0.360180378
833.7000122,-0.358368397
833.7999878,-0.359274387
833.9000244,-0.363005638
834,-0.365902424
834.1000366,-0.368477345
834.2000122,-0.36084795
834.2999878,-0.36547327
834.4000244,-0.358129978
834.5,-0.364710331
834.6000366,-0.359512806
834.7000122,-0.357414722
834.7999878,-0.356651783
834.9000244,-0.366856098
835,-0.356937885
835.1000366,-0.366856098
835.2000122,-0.357653141
835.2999878,-0.359512806
835.4000244,-0.36213541
835.5,-0.359918118
835.6000366,-0.358559132
835.7000122,-0.359465122
835.7999878,-0.353218555
835.9000244,-0.358308792
836,-0.360418797
836.1000366,-0.360132694
836.2000122,-0.360323429
836.2999878,-0.359202862
836.4000244,-0.358177662
836.5,-0.358177662
836.6000366,-0.349737644
836.7000122,-0.352312565
836.7999878,-0.357939243
836.9000244,-0.367714405
837,-0.358177662
837.1000366,-0.349499226
837.2000122,-0.35545969
837.2999878,-0.355125904
837.4000244,-0.356496811
837.5,-0.356508732
837.6000366,-0.358892918
837.7000122,-0.359703541
837.7999878,-0.351644993
837.9000244,-0.353361607
838,-0.353802681
838.1000366,-0.354076862
838.2000122,-0.356127262
838.2999878,-0.356174946
838.4000244,-0.354744434
838.5,-0.355364323
838.6000366,-0.354124546
838.7000122,-0.356413364
838.7999878,-0.355221272
838.9000244,-0.354506016
839,-0.361563206
839.1000366,-0.359798908
839.2000122,-0.360216141
839.2999878,-0.357340217
839.4000244,-0.353838444
839.5,-0.355507374
839.6000366,-0.360418797
839.7000122,-0.35751009
839.7999878,-0.355793476
839.9000244,-0.35584116
840,-0.354649067
840.1000366,-0.36547327
840.2000122,-0.357557774
840.2999878,-0.342203617
840.4000244,-0.362659931
840.5,-0.371862888
840.6000366,-0.353361607
840.7000122,-0.357080936
840.7999878,-0.351406574
840.9000244,-0.353456974
841,-0.356890202
841.1000366,-0.355984211
841.2000122,-0.355304718
841.2999878,-0.355793476
841.4000244,-0.355385184
841.5,-0.355173588
841.6000366,-0.355268955
841.7000122,-0.355149746
841.7999878,-0.357080936
841.9000244,-0.353075504
842,-0.35622263
842.1000366,-0.353743076
842.2000122,-0.352312565
842.2999878,-0.354219913
842.4000244,-0.370193958
842.5,-0.351931095
842.6000366,-0.366379261
842.7000122,-0.361610889
842.7999878,-0.35917902
842.9000244,-0.359798908
843,-0.351692677
843.1000366,-0.362946033
843.2000122,-0.340391636
843.2999878,-0.353552341
843.4000244,-0.351120472
843.5,-0.347687244
843.6000366,-0.355936527
843.7000122,-0.349499226
843.7999878,-0.361420155
843.9000244,-0.349213123
844,-0.356937885
844.1000366,-0.357939243
844.2000122,-0.348354816
844.2999878,-0.361563206
844.4000244,-0.34749651
844.5,-0.348640919
844.6000366,-0.355745792
844.7000122,-0.350119114
844.7999878,-0.354935169
844.9000244,-0.353838444
845,-0.358511448
845.1000366,-0.347925663
845.2000122,-0.363470554
845.2999878,-0.350214481
845.4000244,-0.347448826
845.5,-0.353552341
845.6000366,-0.36418581
845.7000122,-0.359703541
845.7999878,-0.360180378
845.9000244,-0.360180378
846,-0.350023746
846.1000366,-0.356556416
846.2000122,-0.364042759
846.2999878,-0.361515522
846.4000244,-0.354696751
846.5,-0.344444752
846.6000366,-0.354649067
846.7000122,-0.359894276
846.7999878,-0.351072788
846.9000244,-0.368429661
847,-0.353647709
847.1000366,-0.35956049
847.2000122,-0.351978779
847.2999878,-0.348593235
847.4000244,-0.350929737
847.5,-0.354362965
847.6000366,-0.357605457
847.7000122,-0.351692677
847.7999878,-0.351406574
847.9000244,-0.357653141
848,-0.36661768
848.1000366,-0.360895634
848.2000122,-0.352360249
848.2999878,-0.351644993
848.4000244,-0.340677738
848.5,-0.353743076
848.6000366,-0.3463521
848.7000122,-0.3504529
848.7999878,-0.352980137
848.9000244,-0.354792118
849,-0.346209049
849.1000366,-0.35083437
849.2000122,-0.348593235
849.2999878,-0.349356174
849.4000244,-0.348366737
849.5,-0.348497868
849.6000366,-0.347019672
849.7000122,-0.3463521
849.7999878,-0.356699467
849.9000244,-0.351358891
850,-0.359322071
850.1000366,-0.352312565
850.2000122,-0.351644993
850.2999878,-0.355316639
850.4000244,-0.354887486
850.5,-0.358463764
850.6000366,-0.354029179
850.7000122,-0.352968216
850.7999878,-0.350929737
850.9000244,-0.355957389
851,-0.36046648
851.1000366,-0.359465122
851.2000122,-0.345684528
851.2999878,-0.351120472
851.4000244,-0.351180077
851.5,-0.353218555
851.6000366,-0.354696751
851.7000122,-0.344540119
851.7999878,-0.355268955
851.9000244,-0.361563206
852,-0.353647709
852.1000366,-0.354541779
852.2000122,-0.352169514
852.2999878,-0.350786686
852.4000244,-0.34673357
852.5,-0.347734928
852.6000366,-0.352074146
852.7000122,-0.337482929
852.7999878,-0.355316639
852.9000244,-0.348116398
853,-0.344444752
853.1000366,-0.341774464
853.2000122,-0.349546909
853.2999878,-0.355745792
853.4000244,-0.352884769
853.5,-0.358559132
853.6000366,-0.341917515
853.7000122,-0.351215839
853.7999878,-0.343348026
853.9000244,-0.344778538
854,-0.344063282
854.1000366,-0.354601383
854.2000122,-0.35584116
854.2999878,-0.346209049
854.4000244,-0.353552341
854.5,-0.349022388
854.6000366,-0.352312565
854.7000122,-0.348831654
854.7999878,-0.354696751
854.9000244,-0.3525033
855,-0.354076862
855.1000366,-0.352407932
855.2000122,-0.354470253
855.2999878,-0.356604099
855.4000244,-0.354792118
855.5,-0.34916544
855.6000366,-0.352586746
855.7000122,-0.353123188
855.7999878,-0.353266239
855.9000244,-0.348211765
856,-0.35340929
856.1000366,-0.345541477
856.2000122,-0.349356174
856.2999878,-0.349833012
856.4000244,-0.351883411
856.5,-0.359226704
856.6000366,-0.354696751
856.7000122,-0.351597309
856.7999878,-0.356079578
856.9000244,-0.348545551
857,-0.350023746
857.1000366,-0.350429058
857.2000122,-0.349612474
857.2999878,-0.349880695
857.4000244,-0.348116398
857.5,-0.347150803
857.6000366,-0.342728138
857.7000122,-0.347877979
857.7999878,-0.339819431
857.9000244,-0.348640919
858,-0.357080936
858.1000366,-0.348974705
858.2000122,-0.347639561
858.2999878,-0.359274387
858.4000244,-0.360657215
858.5,-0.347591877
858.6000366,-0.351072788
858.7000122,-0.33838892
858.7999878,-0.34377718
858.9000244,-0.349117756
859,-0.346971989
859.1000366,-0.350262165
859.2000122,-0.347210407
859.2999878,-0.35956049
859.4000244,-0.342155933
859.5,-0.348354816
859.6000366,-0.354553699
859.7000122,-0.335527897
859.7999878,-0.359846592
859.9000244,-0.346924305
860,-0.348259449
860.1000366,-0.350464821
860.2000122,-0.352360249
860.2999878,-0.354315281
860.4000244,-0.340296268
860.5,-0.344254017
860.6000366,-0.352598667
860.7000122,-0.343061924
860.7999878,-0.349022388
860.9000244,-0.351835728
861,-0.356031895
861.1000366,-0.346495152
861.2000122,-0.341106892
861.2999878,-0.34544611
861.4000244,-0.347591877
861.5,-0.349403858
861.6000366,-0.338865757
861.7000122,-0.334908009
861.7999878,-0.339735985
861.9000244,-0.343729496
862,-0.341440678
862.1000366,-0.356651783
862.2000122,-0.354076862
862.2999878,-0.342203617
862.4000244,-0.342585087
862.5,-0.347687244
862.6000366,-0.343872547
862.7000122,-0.34968996
862.7999878,-0.34673357
862.9000244,-0.344158649
863,-0.343753338
863.1000366,-0.341536045
863.2000122,-0.342585087
863.2999878,-0.345732212
863.4000244,-0.350309849
863.5,-0.348497868
863.6000366,-0.346399784
863.7000122,-0.352026463
863.7999878,-0.341631413
863.9000244,-0.356985569
864,-0.344063282
864.1000366,-0.353170872
864.2000122,-0.342442036
864.2999878,-0.342728138
864.4000244,-0.341392994
864.5,-0.350929737
864.6000366,-0.34301424
864.7000122,-0.337673664
864.7999878,-0.336910725
864.9000244,-0.344587803
865,-0.355316639
865.1000366,-0.351883411
865.2000122,-0.346399784
865.2999878,-0.342918873
865.4000244,-0.338198185
865.5,-0.345350742
865.6000366,-0.342728138
865.7000122,-0.337673664
865.7999878,-0.347925663
865.9000244,-0.344301701
866,-0.348974705
866.1000366,-0.346256733
866.2000122,-0.347985268
866.2999878,-0.348974705
866.4000244,-0.347734928
866.5,-0.346542835
866.6000366,-0.347007751
866.7000122,-0.346638203
866.7999878,-0.34711504
866.9000244,-0.344254017
867,-0.35174036
867.1000366,-0.349260807
867.2000122,-0.347353458
867.2999878,-0.346399784
867.4000244,-0.34134531
867.5,-0.353886127
867.6000366,-0.344444752
867.7000122,-0.347305775
867.7999878,-0.351692677
867.9000244,-0.341249943
868,-0.350595951
868.1000366,-0.338198185
868.2000122,-0.337292194
868.2999878,-0.344254017
868.4000244,-0.329615116
868.5,-0.344873905
868.6000366,-0.340630054
868.7000122,-0.338722706
868.7999878,-0.342954636
868.9000244,-0.348831654
869,-0.343634129
869.1000366,-0.338245869
869.2000122,-0.353600025
869.2999878,-0.349403858
869.4000244,-0.348068714
869.5,-0.346304417
869.6000366,-0.347138882
869.7000122,-0.346304417
869.7999878,-0.347877979
869.9000244,-0.345112324
870,-0.339771748
870.1000366,-0.342632771
870.2000122,-0.344397068
870.2999878,-0.343491077
870.4000244,-0.34673357
870.5,-0.343443394
870.6000366,-0.348164082
870.7000122,-0.346685886
870.7999878,-0.348736286
870.9000244,-0.346399784
871,-0.349093914
871.1000366,-0.350500584
871.2000122,-0.350739002
871.2999878,-0.350560188
871.4000244,-0.350882053
871.5,-0.350119114
871.6000366,-0.348259449
871.7000122,-0.346209049
871.7999878,-0.347591877
871.9000244,-0.349546909
872,-0.3463521
872.1000366,-0.35083437
872.2000122,-0.341917515
872.2999878,-0.348879337
872.4000244,-0.332857609
872.5,-0.352980137
872.6000366,-0.346399784
872.7000122,-0.355555058
872.7999878,-0.333763599
872.9000244,-0.345541477
873,-0.342823505
873.1000366,-0.339342594
873.2000122,-0.344254017
873.2999878,-0.347782612
873.4000244,-0.342918873
873.5,-0.346542835
873.6000366,-0.340820789
873.7000122,-0.346876621
873.7999878,-0.34339571
873.9000244,-0.349785328
874,-0.345207691
874.1000366,-0.343920231
874.2000122,-0.341488361
874.2999878,-0.343634129
874.4000244,-0.349642277
874.5,-0.347877979
874.6000366,-0.349821091
874.7000122,-0.350166798
874.7999878,-0.351597309
874.9000244,-0.349833012
875,-0.344635487
875.1000366,-0.339724064
875.2000122,-0.338293552
875.2999878,-0.341071129
875.4000244,-0.342585087
875.5,-0.343681812
875.6000366,-0.337482929
875.7000122,-0.338663101
875.7999878,-0.336243153
875.9000244,-0.337244511
876,-0.344921589
876.1000366,-0.337864399
876.2000122,-0.341774464
876.2999878,-0.344301701
876.4000244,-0.341154575
876.5,-0.343920231
876.6000366,-0.341917515
876.7000122,-0.340630054
876.7999878,-0.343157291
876.9000244,-0.34711504
877,-0.347150803
877.1000366,-0.348545551
877.2000122,-0.349785328
877.2999878,-0.351168156
877.4000244,-0.355030537
877.5,-0.351311207
877.6000366,-0.343252659
877.7000122,-0.336529255
877.7999878,-0.345541477
877.9000244,-0.33838892
878,-0.341202259
878.1000366,-0.334335804
878.2000122,-0.347925663
878.2999878,-0.337864399
878.4000244,-0.333191395
878.5,-0.348736286
878.6000366,-0.348593235
878.7000122,-0.343824863
878.7999878,-0.343443394
878.9000244,-0.339819431
879,-0.341536045
879.1000366,-0.344158649
879.2000122,-0.334717274
879.2999878,-0.342632771
879.4000244,-0.335003376
879.5,-0.344444752
879.6000366,-0.348068714
879.7000122,-0.343109608
879.7999878,-0.342775822
879.9000244,-0.342406273
880,-0.340773106
880.1000366,-0.339023709
880.2000122,-0.336910725
880.2999878,-0.336004734
880.4000244,-0.336517334
880.5,-0.335623264
880.6000366,-0.337530613
880.7000122,-0.342442036
880.7999878,-0.33671999
880.9000244,-0.347830296
881,-0.34377718
881.1000366,-0.338245869
881.2000122,-0.348497868
881.2999878,-0.356127262
881.4000244,-0.332476139
881.5,-0.338484287
881.6000366,-0.344540119
881.7000122,-0.344301701
881.7999878,-0.342966557
881.9000244,-0.336290836
882,-0.339724064
882.1000366,-0.336910725
882.2000122,-0.337864399
882.2999878,-0.341011524
882.4000244,-0.341142654
882.5,-0.342632771
882.6000366,-0.343061924
882.7000122,-0.339247227
882.7999878,-0.342155933
882.9000244,-0.336195469
883,-0.334049702
883.1000366,-0.337721348
883.2000122,-0.34005785
883.2999878,-0.339247227
883.4000244,-0.340391636
883.5,-0.341297626
883.6000366,-0.33929491
883.7000122,-0.342823505
883.7999878,-0.334478855
883.9000244,-0.343252659
884,-0.340296268
884.1000366,-0.338150501
884.2000122,-0.337196827
884.2999878,-0.339628696
884.4000244,-0.332523823
884.5,-0.342632771
884.6000366,-0.337482929
884.7000122,-0.335766315
884.7999878,-0.33838892
884.9000244,-0.338818073
885,-0.339020729
885.1000366,-0.339247227
885.2000122,-0.339628696
885.2999878,-0.341679096
885.4000244,-0.337721348
885.5,-0.339819431
885.6000366,-0.331856251
885.7000122,-0.334240437
885.7999878,-0.343157291
885.9000244,-0.336052418
886,-0.33133173
886.1000366,-0.337196827
886.2000122,-0.339104176
886.2999878,-0.336100101
886.4000244,-0.336624622
886.5,-0.329853535
886.6000366,-0.3235116
886.7000122,-0.339342594
886.7999878,-0.334908009
886.9000244,-0.334574223
887,-0.333143711
887.1000366,-0.334204674
887.2000122,-0.334145069
887.2999878,-0.334955692
887.4000244,-0.337459087
887.5,-0.337816715
887.6000366,-0.342918873
887.7000122,-0.331236362
887.7999878,-0.344921589
887.9000244,-0.339962482
888,-0.325418949
888.1000366,-0.340677738
888.2000122,-0.32389307
888.2999878,-0.33223772
888.4000244,-0.344730854
888.5,-0.350023746
888.6000366,-0.344063282
888.7000122,-0.339533329
888.7999878,-0.335813999
888.9000244,-0.333334446
889,-0.336863041
889.1000366,-0.341869831
889.2000122,-0.33466959
889.2999878,-0.343443394
889.4000244,-0.335289478
889.5,-0.332905293
889.6000366,-0.333239079
889.7000122,-0.337006092
889.7999878,-0.329472065
889.9000244,-0.345112324
890,-0.340677738
890.1000366,-0.333096027
890.2000122,-0.337721348
890.2999878,-0.339819431
890.4000244,-0.333572865
890.5,-0.33660078
890.6000366,-0.335575581
890.7000122,-0.337435246
890.7999878,-0.337673664
890.9000244,-0.341011524
891,-0.337769032
891.1000366,-0.353552341
891.2000122,-0.338818073
891.2999878,-0.330091953
891.4000244,-0.333191395
891.5,-0.343681812
891.6000366,-0.341011524
891.7000122,-0.340761185
891.7999878,-0.339533329
891.9000244,-0.338818073
892,-0.340820789
892.1000366,-0.337435246
892.2000122,-0.335480213
892.2999878,-0.344397068
892.4000244,-0.334526539
892.5,-0.34377718
892.6000366,-0.339437962
892.7000122,-0.346495152
892.7999878,-0.327850819
892.9000244,-0.335527897
893,-0.334860325
893.1000366,-0.343157291
893.2000122,-0.341965199
893.2999878,-0.345124245
893.4000244,-0.347830296
893.5,-0.347544193
893.6000366,-0.34301424
893.7000122,-0.341679096
893.7999878,-0.329853535
893.9000244,-0.330616474
894,-0.348068714
894.1000366,-0.343491077
894.2000122,-0.330616474
894.2999878,-0.337149143
894.4000244,-0.347067356
894.5,-0.349976063
894.6000366,-0.348438263
894.7000122,-0.3484025
894.7999878,-0.348307133
894.9000244,-0.342346668
895,-0.338198185
895.1000366,-0.331808567
895.2000122,-0.355793476
895.2999878,-0.340820789
895.4000244,-0.346018314
895.5,-0.337673664
895.6000366,-0.336433887
895.7000122,-0.335384846
895.7999878,-0.334812641
895.9000244,-0.336183548
896,-0.336576939
896.1000366,-0.337959766
896.2000122,-0.33261919
896.2999878,-0.335408688
896.4000244,-0.334812641
896.5,-0.336243153
896.6000366,-0.33800745
896.7000122,-0.332571507
896.7999878,-0.33967638
896.9000244,-0.334097385
897,-0.335194111
897.1000366,-0.338484287
897.2000122,-0.346685886
897.2999878,-0.341583729
897.4000244,-0.330664158
897.5,-0.33338213
897.6000366,-0.332333088
897.7000122,-0.333858967
897.7999878,-0.33338213
897.9000244,-0.332523823
898,-0.340105534
898.1000366,-0.345684528
898.2000122,-0.338877678
898.2999878,-0.334955692
898.4000244,-0.334764957
898.5,-0.33223772
898.6000366,-0.333429813
898.7000122,-0.338675022
898.7999878,-0.332190037
898.9000244,-0.338055134
899,-0.336958408
899.1000366,-0.331808567
899.2000122,-0.325991154
899.2999878,-0.326229572
899.4000244,-0.330139637
899.5,-0.336290836
899.6000366,-0.332046986
899.7000122,-0.334097385
899.7999878,-0.333763599
899.9000244,-0.323320866
900,-0.334908009
900.1000366,-0.32389307
900.2000122,-0.34749651
900.2999878,-0.335718632
900.4000244,-0.324846745
900.5,-0.339628696
900.6000366,-0.336243153
900.7000122,-0.328327656
900.7999878,-0.344254017
900.9000244,-0.337912083
901,-0.341392994
901.1000366,-0.337244511
901.2000122,-0.338198185
901.2999878,-0.334240437
901.4000244,-0.343634129
901.5,-0.337864399
901.6000366,-0.339008808
901.7000122,-0.340343952
901.7999878,-0.33505106
901.9000244,-0.33967638
902,-0.331665516
902.1000366,-0.333572865
902.2000122,-0.328184605
902.2999878,-0.345589161
902.4000244,-0.329615116
902.5,-0.335670948
902.6000366,-0.326992512
902.7000122,-0.336529255
902.7999878,-0.341106892
902.9000244,-0.337196827
903,-0.325657368
903.1000366,-0.340487003
903.2000122,-0.330425739
903.2999878,-0.325228214
903.4000244,-0.340487003
903.5,-0.330902576
903.6000366,-0.335337162
903.7000122,-0.328184605
903.7999878,-0.33466959
903.9000244,-0.335384846
904,-0.334264278
904.1000366,-0.331474781
904.2000122,-0.335527897
904.2999878,-0.331617832
904.4000244,-0.332333088
904.5,-0.333334446
904.6000366,-0.334383488
904.7000122,-0.334049702
904.7999878,-0.331093311
904.9000244,-0.334097385
905,-0.332118511
905.1000366,-0.332952976
905.2000122,-0.330330372
905.2999878,-0.326801777
905.4000244,-0.342442036
905.5,-0.326277256
905.6000366,-0.334335804
905.7000122,-0.335527897
905.7999878,-0.335575581
905.9000244,-0.337721348
906,-0.339581013
906.1000366,-0.337053776
906.2000122,-0.327421665
906.2999878,-0.33133173
906.4000244,-0.335575581
906.5,-0.325228214
906.6000366,-0.329376698
906.7000122,-0.329948902
906.7999878,-0.337530613
906.9000244,-0.332142353
907,-0.324703693
907.1000366,-0.335003376
907.2000122,-0.332142353
907.2999878,-0.337292194
907.4000244,-0.329805851
907.5,-0.327326298
907.6000366,-0.330425739
907.7000122,-0.330902576
907.7999878,-0.332046986
907.9000244,-0.335003376
908,-0.339390278
908.1000366,-0.321461201
908.2000122,-0.334717274
908.2999878,-0.324894428
908.4000244,-0.33671999
908.5,-0.330282688
908.6000366,-0.327087879
908.7000122,-0.318075657
908.7999878,-0.319458485
908.9000244,-0.329853535
909,-0.334192753
909.1000366,-0.333763599
909.2000122,-0.334097385
909.2999878,-0.332428455
909.4000244,-0.336004734
909.5,-0.341297626
909.6000366,-0.333143711
909.7000122,-0.342012882
909.7999878,-0.340630054
909.9000244,-0.334621906
910,-0.333763599
910.1000366,-0.341440678
910.2000122,-0.34210825
910.2999878,-0.335504055
910.4000244,-0.325800419
910.5,-0.332666874
910.6000366,-0.334621906
910.7000122,-0.324799061
910.7999878,-0.3276124
910.9000244,-0.333096027
911,-0.333858967
911.1000366,-0.337864399
911.2000122,-0.337256432
911.2999878,-0.339771748
911.4000244,-0.337530613
911.5,-0.337018013
911.6000366,-0.334049702
911.7000122,-0.33671999
911.7999878,-0.337828636
911.9000244,-0.33929491
912,-0.341249943
912.1000366,-0.328232288
912.2000122,-0.34878397
912.2999878,-0.326515675
912.4000244,-0.332809925
912.5,-0.327326298
912.6000366,-0.339962482
912.7000122,-0.338913441
912.7999878,-0.334097385
912.9000244,-0.337339878
913,-0.329758167
913.1000366,-0.329996586
913.2000122,-0.334860325
913.2999878,-0.34210825
913.4000244,-0.337578297
913.5,-0.33800745
913.6000366,-0.336052418
913.7000122,-0.343109608
913.7999878,-0.322844028
913.9000244,-0.333096027
914,-0.337769032
914.1000366,-0.34096384
914.2000122,-0.32837534
914.2999878,-0.335194111
914.4000244,-0.325085163
914.5,-0.332809925
914.6000366,-0.331236362
914.7000122,-0.334574223
914.7999878,-0.335337162
914.9000244,-0.320650578
915,-0.336433887
915.1000366,-0.32723093
915.2000122,-0.331856251
915.2999878,-0.334908009
915.4000244,-0.332952976
915.5,-0.336243153
915.6000366,-0.334967613
915.7000122,-0.334431171
915.7999878,-0.336243153
915.9000244,-0.329567432
916,-0.324465275
916.1000366,-0.322081089
916.2000122,-0.326980591
916.2999878,-0.327087879
916.4000244,-0.328789592
916.5,-0.330759525
916.6000366,-0.330330372
916.7000122,-0.3296628
916.7999878,-0.32928133
916.9000244,-0.330330372
917,-0.331892014
917.1000366,-0.33428812
917.2000122,-0.333668232
917.2999878,-0.334240437
917.4000244,-0.330235004
917.5,-0.324846745
917.6000366,-0.323845387
917.7000122,-0.331474781
917.7999878,-0.34210825
917.9000244,-0.32837534
918,-0.33466959
918.1000366,-0.32594347
918.2000122,-0.329185963
918.2999878,-0.321556568
918.4000244,-0.325418949
918.5,-0.334574223
918.6000366,-0.328709126
918.7000122,-0.324846745
918.7999878,-0.332666874
918.9000244,-0.336624622
919,-0.328136921
919.1000366,-0.33300066
919.2000122,-0.32427454
919.2999878,-0.325275898
919.4000244,-0.338865757
919.5,-0.335766315
919.6000366,-0.327660084
919.7000122,-0.328995228
919.7999878,-0.334764957
919.9000244,-0.331856251
920,-0.339390278
920.1000366,-0.336529255
920.2000122,-0.333572865
920.2999878,-0.325275898
920.4000244,-0.328661442
920.5,-0.330473423
920.6000366,-0.334145069
920.7000122,-0.33235693
920.7999878,-0.332952976
920.9000244,-0.331856251
921,-0.334717274
921.1000366,-0.338627338
921.2000122,-0.329901218
921.2999878,-0.320030689
921.4000244,-0.324751377
921.5,-0.327838898
921.6000366,-0.32927835
921.7000122,-0.332094669
921.7999878,-0.332428455
921.9000244,-0.331236362
922,-0.329329014
922.1000366,-0.328709126
922.2000122,-0.325418949
922.2999878,-0.328935623
922.4000244,-0.328947544
922.5,-0.332666874
922.6000366,-0.326944828
922.7000122,-0.32427454
922.7999878,-0.321890354
922.9000244,-0.329042912
923,-0.334145069
923.1000366,-0.323988438
923.2000122,-0.334908009
923.2999878,-0.327660084
923.4000244,-0.328661442
923.5,-0.339199543
923.6000366,-0.317932606
923.7000122,-0.333525181
923.7999878,-0.331140995
923.9000244,-0.328661442
924,-0.327707767
924.1000366,-0.32465601
924.2000122,-0.326372623
924.2999878,-0.324799061
924.4000244,-0.324989796
924.5,-0.324751377
924.6000366,-0.331760883
924.7000122,-0.328232288
924.7999878,-0.320078373
924.9000244,-0.335194111
925,-0.322319508
925.1000366,-0.331951618
925.2000122,-0.328184605
925.2999878,-0.328780651
925.4000244,-0.3276124
925.5,-0.327373981
925.6000366,-0.328566074
925.7000122,-0.326563358
925.7999878,-0.318361759
925.9000244,-0.321175098
926,-0.331856251
926.1000366,-0.329996586
926.2000122,-0.324989796
926.2999878,-0.328232288
926.4000244,-0.336243153
926.5,-0.321556568
926.6000366,-0.330759525
926.7000122,-0.3235116
926.7999878,-0.331856251
926.9000244,-0.339819431
927,-0.323416233
927.1000366,-0.327326298
927.2000122,-0.336672306
927.2999878,-0.339199543
927.4000244,-0.326181889
927.5,-0.330091953
927.6000366,-0.320888996
927.7000122,-0.322081089
927.7999878,-0.326980591
927.9000244,-0.331808567
928,-0.333143711
928.1000366,-0.321747303
928.2000122,-0.329329014
928.2999878,-0.322891712
928.4000244,-0.337292194
928.5,-0.322748661
928.6000366,-0.316788197
928.7000122,-0.327326298
928.7999878,-0.326849461
928.9000244,-0.325418949
929,-0.324417591
929.1000366,-0.322939396
929.2000122,-0.321985722
929.2999878,-0.3235116
929.4000244,-0.324608326
929.5,-0.329996586
929.6000366,-0.327183247
929.7000122,-0.329329014
929.7999878,-0.326253414
929.9000244,-0.324322224
930,-0.324179173
930.1000366,-0.323702335
930.2000122,-0.322653294
930.2999878,-0.320602894
930.4000244,-0.322128773
930.5,-0.318838596
930.6000366,-0.320996284
930.7000122,-0.321079731
930.7999878,-0.321938038
930.9000244,-0.326038837
931,-0.330139637
931.1000366,-0.324751377
931.2000122,-0.326849461
931.2999878,-0.332905293
931.4000244,-0.330759525
931.5,-0.329507828
931.6000366,-0.326038837
931.7000122,-0.328327656
931.7999878,-0.332714558
931.9000244,-0.321985722
932,-0.315977573
932.1000366,-0.322939396
932.2000122,-0.323845387
932.2999878,-0.322319508
932.4000244,-0.321747303
932.5,-0.323845387
932.6000366,-0.331617832
932.7000122,-0.330664158
932.7999878,-0.33877039
932.9000244,-0.320602894
933,-0.328136921
933.1000366,-0.326134205
933.2000122,-0.325466633
933.2999878,-0.32799387
933.4000244,-0.330425739
933.5,-0.320078373
933.6000366,-0.32427454
933.7000122,-0.328327656
933.7999878,-0.331427097
933.9000244,-0.330854893
934,-0.315405369
934.1000366,-0.317789555
934.2000122,-0.320757866
934.2999878,-0.326992512
934.4000244,-0.322844028
934.5,-0.330807209
934.6000366,-0.335670948
934.7000122,-0.323797703
934.7999878,-0.325323582
934.9000244,-0.328709126
935,-0.323654652
935.1000366,-0.329948902
935.2000122,-0.324417591
935.2999878,-0.333811283
935.4000244,-0.331236362
935.5,-0.335861683
935.6000366,-0.328947544
935.7000122,-0.322319508
935.7999878,-0.33838892
935.9000244,-0.31926775
936,-0.325609684
936.1000366,-0.321079731
936.2000122,-0.317741871
936.2999878,-0.321699619
936.4000244,-0.32889986
936.5,-0.318409443
936.6000366,-0.331474781
936.7000122,-0.323797703
936.7999878,-0.322653294
936.9000244,-0.322784424
937,-0.319410801
937.1000366,-0.325275898
937.2000122,-0.329996586
937.2999878,-0.321794987
937.4000244,-0.329376698
937.5,-0.3296628
937.6000366,-0.329388618
937.7000122,-0.329185963
937.7999878,-0.329329014
937.9000244,-0.328303814
938,-0.328709126
938.1000366,-0.325991154
938.2000122,-0.323034763
938.2999878,-0.325752735
938.4000244,-0.319029331
938.5,-0.328279972
938.6000366,-0.321508884
938.7000122,-0.322796345
938.7999878,-0.327469349
938.9000244,-0.323702335
939,-0.33223772
939.1000366,-0.324846745
939.2000122,-0.313021183
939.2999878,-0.325752735
939.4000244,-0.31478548
939.5,-0.316978931
939.6000366,-0.319184303
939.7000122,-0.323034763
939.7999878,-0.321938038
939.9000244,-0.320507526
940,-0.317646503
940.1000366,-0.319410801
940.2000122,-0.32184267
940.2999878,-0.323368549
940.4000244,-0.325323582
940.5,-0.326897144
940.6000366,-0.32723093
940.7000122,-0.327469349
940.7999878,-0.321938038
940.9000244,-0.327040195
941,-0.335861683
941.1000366,-0.330139637
941.2000122,-0.324608326
941.2999878,-0.319696903
941.4000244,-0.334908009
941.5,-0.324417591
941.6000366,-0.311923981
941.7000122,-0.322510242
941.7999878,-0.32093668
941.9000244,-0.329805851
942,-0.321794987
942.1000366,-0.316978931
942.2000122,-0.322176456
942.2999878,-0.327946186
942.4000244,-0.322414875
942.5,-0.323130131
942.6000366,-0.322891712
942.7000122,-0.322295666
942.7999878,-0.32465601
942.9000244,-0.31850481
943,-0.332952976
943.1000366,-0.319124699
943.2000122,-0.312878132
943.2999878,-0.324751377
943.4000244,-0.322557926
943.5,-0.321508884
943.6000366,-0.324846745
943.7000122,-0.319601536
943.7999878,-0.328661442
943.9000244,-0.325275898
944,-0.321032047
944.1000366,-0.327040195
944.2000122,-0.319410801
944.2999878,-0.31426096
944.4000244,-0.320841312
944.5,-0.327850819
944.6000366,-0.32427454
944.7000122,-0.319887638
944.7999878,-0.323559284
944.9000244,-0.324703693
945,-0.326467991
945.1000366,-0.325228214
945.2000122,-0.322653294
945.2999878,-0.321794987
945.4000244,-0.317408085
945.5,-0.313402653
945.6000366,-0.320507526
945.7000122,-0.323988438
945.7999878,-0.323988438
945.9000244,-0.325705051
946,-0.322176456
946.1000366,-0.317551136
946.2000122,-0.319124699
946.2999878,-0.324179173
946.4000244,-0.316120625
946.5,-0.322271824
946.6000366,-0.330759525
946.7000122,-0.326515675
946.7999878,-0.32928133
946.9000244,-0.327469349
947,-0.319220066
947.1000366,-0.319315434
947.2000122,-0.31592989
947.2999878,-0.317074299
947.4000244,-0.325800419
947.5,-0.33004427
947.6000366,-0.326134205
947.7000122,-0.318838596
947.7999878,-0.321365833
947.9000244,-0.31888628
948,-0.307823181
948.1000366,-0.314928532
948.2000122,-0.319887638
948.2999878,-0.322700977
948.4000244,-0.316120625
948.5,-0.321175098
948.6000366,-0.327946186
948.7000122,-0.322271824
948.7999878,-0.318027973
948.9000244,-0.311256409
949,-0.312782764
949.1000366,-0.309158325
949.2000122,-0.328613758
949.2999878,-0.307537079
949.4000244,-0.32427454
949.5,-0.323606968
949.6000366,-0.322510242
949.7000122,-0.326992512
949.7999878,-0.316120625
949.9000244,-0.319839954
950,-0.318075657
950.1000366,-0.320888996
950.2000122,-0.321461201
950.2999878,-0.315262318
950.4000244,-0.313688755
950.5,-0.315023899
950.6000366,-0.318004131
950.7000122,-0.320269108
950.7999878,-0.323034763
950.9000244,-0.325752735
951,-0.323177814
951.1000366,-0.321604252
951.2000122,-0.315453053
951.2999878,-0.312782764
951.4000244,-0.315500736
951.5,-0.317837238
951.6000366,-0.322414875
951.7000122,-0.316025257
951.7999878,-0.311685562
951.9000244,-0.322128773
952,-0.314690113
952.1000366,-0.320269108
952.2000122,-0.313736439
952.2999878,-0.318457127
952.4000244,-0.316549778
952.5,-0.315262318
952.6000366,-0.317586899
952.7000122,-0.316645145
952.7999878,-0.314949274
952.9000244,-0.314070225
953,-0.311494827
953.1000366,-0.313784122
953.2000122,-0.321794987
953.2999878,-0.31259203
953.4000244,-0.321747303
953.5,-0.326515675
953.6000366,-0.325752735
953.7000122,-0.322462559
953.7999878,-0.317503452
953.9000244,-0.320078373
954,-0.324465275
954.1000366,-0.309253693
954.2000122,-0.327517033
954.2999878,-0.314976215
954.4000244,-0.313164234
954.5,-0.323654652
954.6000366,-0.329138279
954.7000122,-0.316406727
954.7999878,-0.314117908
954.9000244,-0.319839954
955,-0.320221424
955.1000366,-0.324846745
955.2000122,-0.31311655
955.2999878,-0.325132847
955.4000244,-0.321604252
955.5,-0.320829391
955.6000366,-0.317312717
955.7000122,-0.31926775
955.7999878,-0.314070225
955.9000244,-0.318123341
956,-0.321699619
956.1000366,-0.324465275
956.2000122,-0.320030689
956.2999878,-0.323702335
956.4000244,-0.324751377
956.5,-0.325562
956.6000366,-0.316263676
956.7000122,-0.31862402
956.7999878,-0.316263676
956.9000244,-0.316406727
957,-0.318123341
957.1000366,-0.331760883
957.2000122,-0.326134205
957.2999878,-0.332142353
957.4000244,-0.327946186
957.5,-0.309635162
957.6000366,-0.321413517
957.7000122,-0.311923981
957.7999878,-0.32389307
957.9000244,-0.323845387
958,-0.321985722
958.1000366,-0.318695545
958.2000122,-0.320364475
958.2999878,-0.316692829
958.4000244,-0.317169666
958.5,-0.317312717
958.6000366,-0.321604252
958.7000122,-0.324942112
958.7999878,-0.323702335
958.9000244,-0.322462559
959,-0.325705051
959.1000366,-0.321032047
959.2000122,-0.315500736
959.2999878,-0.309062958
959.4000244,-0.317789555
959.5,-0.330330372
959.6000366,-0.311256409
959.7000122,-0.320078373
959.7999878,-0.316502094
959.9000244,-0.317026615
960,-0.31592989
960.1000366,-0.317753792
960.2000122,-0.320459843
960.2999878,-0.31759882
960.4000244,-0.324131489
960.5,-0.319363117
960.6000366,-0.323940754
960.7000122,-0.324751377
960.7999878,-0.320745945
960.9000244,-0.317932606
961,-0.316359043
961.1000366,-0.313688755
961.2000122,-0.318647861
961.2999878,-0.309158325
961.4000244,-0.321651936
961.5,-0.311208725
961.6000366,-0.326038837
961.7000122,-0.325466633
961.7999878,-0.325085163
961.9000244,-0.323750019
962,-0.325085163
962.1000366,-0.316788197
962.2000122,-0.319553852
962.2999878,-0.317551136
962.4000244,-0.313593388
962.5,-0.324942112
962.6000366,-0.299716949
962.7000122,-0.320459843
962.7999878,-0.316025257
962.9000244,-0.318075657
963,-0.322700977
963.1000366,-0.324846745
963.2000122,-0.325514317
963.2999878,-0.312353134
963.4000244,-0.308538437
963.5,-0.321508884
963.6000366,-0.323177814
963.7000122,-0.322879791
963.7999878,-0.32389307
963.9000244,-0.322939396
964,-0.319363117
964.1000366,-0.315977573
964.2000122,-0.314642429
964.2999878,-0.311256409
964.4000244,-0.317074299
964.5,-0.324512959
964.6000366,-0.310112
964.7000122,-0.312735081
964.7999878,-0.315357685
964.9000244,-0.315357685
965,-0.315739155
965.1000366,-0.31759882
965.2000122,-0.319792271
965.2999878,-0.316168308
965.4000244,-0.31139946
965.5,-0.318695545
965.6000366,-0.305343628
965.7000122,-0.312639713
965.7999878,-0.320459843
965.9000244,-0.316311359
966,-0.310302734
966.1000366,-0.318457127
966.2000122,-0.320126057
966.2999878,-0.31101799
966.4000244,-0.310398102
966.5,-0.315202475
966.6000366,-0.320030689
966.7000122,-0.319363117
966.7999878,-0.308824539
966.9000244,-0.325752735
967,-0.316978931
967.1000366,-0.323320866
967.2000122,-0.318123341
967.2999878,-0.314642429
967.4000244,-0.30896759
967.5,-0.310731888
967.6000366,-0.318314075
967.7000122,-0.315786839
967.7999878,-0.305200577
967.9000244,-0.31230545
968,-0.323940754
968.1000366,-0.317026615
968.2000122,-0.318552494
968.2999878,-0.31850481
968.4000244,-0.314737797
968.5,-0.323559284
968.6000366,-0.299001694
968.7000122,-0.311923981
968.7999878,-0.30434227
968.9000244,-0.316311359
969,-0.313354969
969.1000366,-0.312878132
969.2000122,-0.31311655
969.2999878,-0.313760281
969.4000244,-0.314404011
969.5,-0.314642429
969.6000366,-0.313462138
969.7000122,-0.311733246
969.7999878,-0.313068867
969.9000244,-0.309635162
970,-0.312675357
970.1000366,-0.313736439
970.2000122,-0.31426096
970.2999878,-0.309873581
970.4000244,-0.308300018
970.5,-0.309110641
970.6000366,-0.310445786
970.7000122,-0.307823181
970.7999878,-0.305057526
970.9000244,-0.316120625
971,-0.326372623
971.1000366,-0.311447144
971.2000122,-0.320126057
971.2999878,-0.315739155
971.4000244,-0.318075657
971.5,-0.31178093
971.6000366,-0.316549778
971.7000122,-0.319839954
971.7999878,-0.31592989
971.9000244,-0.317551136
972,-0.310207367
972.1000366,-0.317646503
972.2000122,-0.307250977
972.2999878,-0.32222414
972.4000244,-0.314976215
972.5,-0.305057526
972.6000366,-0.305772781
972.7000122,-0.307084084
972.7999878,-0.308013916
972.9000244,-0.309492111
973,-0.31349802
973.1000366,-0.309682846
973.2000122,-0.31926775
973.2999878,-0.32131815
973.4000244,-0.314356327
973.5,-0.324322224
973.6000366,-0.316597462
973.7000122,-0.31387949
973.7999878,-0.315119267
973.9000244,-0.319983006
974,-0.310684204
974.1000366,-0.330330372
974.2000122,-0.313736439
974.2999878,-0.315071583
974.4000244,-0.312234163
974.5,-0.308872223
974.6000366,-0.311256409
974.7000122,-0.310874939
974.7999878,-0.310731888
974.9000244,-0.311256409
975,-0.312973499
975.1000366,-0.314880848
975.2000122,-0.317169666
975.2999878,-0.319315434
975.4000244,-0.318516731
975.5,-0.318457127
975.6000366,-0.319124699
975.7000122,-0.318635941
975.7999878,-0.317646503
975.9000244,-0.319315434
976,-0.314976096
976.1000366,-0.312639713
976.2000122,-0.310302734
976.2999878,-0.31178093
976.4000244,-0.305963516
976.5,-0.313641071
976.6000366,-0.317503452
976.7000122,-0.313688755
976.7999878,-0.319458485
976.9000244,-0.31101799
977,-0.315786839
977.1000366,-0.30639267
977.2000122,-0.311447144
977.2999878,-0.316168308
977.4000244,-0.313974857
977.5,-0.318027973
977.6000366,-0.323177814
977.7000122,-0.312353134
977.7999878,-0.309539795
977.9000244,-0.309921265
978,-0.312329412
978.1000366,-0.318314075
978.2000122,-0.311542511
978.2999878,-0.321794987
978.4000244,-0.315500736
978.5,-0.313688755
978.6000366,-0.315083504
978.7000122,-0.316406727
978.7999878,-0.314737797
978.9000244,-0.316108704
979,-0.31592989
979.1000366,-0.317360401
979.2000122,-0.307584763
979.2999878,-0.32427454
979.4000244,-0.31259203
979.5,-0.311351776
979.6000366,-0.315739155
979.7000122,-0.315691471
979.7999878,-0.314880848
979.9000244,-0.311113358
980,-0.317837238
980.1000366,-0.315417171
980.2000122,-0.314642429
980.2999878,-0.318075657
980.4000244,-0.313545704
980.5,-0.309539795
980.6000366,-0.317551136
980.7000122,-0.315357685
980.7999878,-0.323130131
980.9000244,-0.3080616
981,-0.312687397
981.1000366,-0.309873581
981.2000122,-0.299812317
981.2999878,-0.321222782
981.4000244,-0.309635162
981.5,-0.317884922
981.6000366,-0.318171024
981.7000122,-0.31721735
981.7999878,-0.310493469
981.9000244,-0.320459843
982,-0.314165592
982.1000366,-0.313736439
982.2000122,-0.315500736
982.2999878,-0.307632446
982.4000244,-0.31759882
982.5,-0.313211918
982.6000366,-0.308633804
982.7000122,-0.3060112
982.7999878,-0.306344986
982.9000244,-0.305009842
983,-0.305725098
983.1000366,-0.31311655
983.2000122,-0.308681488
983.2999878,-0.313211918
983.4000244,-0.309968948
983.5,-0.312448502
983.6000366,-0.308824539
983.7000122,-0.315643787
983.7999878,-0.313450336
983.9000244,-0.308729172
984,-0.30768013
984.1000366,-0.316597462
984.2000122,-0.314451694
984.2999878,-0.309206009
984.4000244,-0.307012558
984.5,-0.316788197
984.6000366,-0.317789555
984.7000122,-0.308490753
984.7999878,-0.313307285
984.9000244,-0.310815454
985,-0.311542511
985.1000366,-0.309921265
985.2000122,-0.314547062
985.2999878,-0.312019348
985.4000244,-0.304485321
985.5,-0.320841312
985.6000366,-0.31311655
985.7000122,-0.31592989
985.7999878,-0.310588837
985.9000244,-0.32298708
986,-0.311256409
986.1000366,-0.308729172
986.2000122,-0.320984364
986.2999878,-0.317026615
986.4000244,-0.312257767
986.5,-0.315834522
986.6000366,-0.312114716
986.7000122,-0.303340912
986.7999878,-0.304676056
986.9000244,-0.309778214
987,-0.303531647
987.1000366,-0.31888628
987.2000122,-0.311637878
987.2999878,-0.304008484
987.4000244,-0.308776855
987.5,-0.302148819
987.6000366,-0.308204651
987.7000122,-0.312878132
987.7999878,-0.30896759
987.9000244,-0.313021183
988,-0.313402653
988.1000366,-0.307870865
988.2000122,-0.305868149
988.2999878,-0.30896759
988.4000244,-0.308156967
988.5,-0.314356327
988.6000366,-0.312699199
988.7000122,-0.314308643
988.7999878,-0.313974857
988.9000244,-0.300384521
989,-0.29189682
989.1000366,-0.309444427
989.2000122,-0.309301376
989.2999878,-0.310064316
989.4000244,-0.3060112
989.5,-0.309062958
989.6000366,-0.311208725
989.7000122,-0.309110641
989.7999878,-0.317932606
989.9000244,-0.313784122
990,-0.313771963
990.1000366,-0.312400818
990.2000122,-0.310970306
990.2999878,-0.310731888
990.4000244,-0.308538437
990.5,-0.308395386
990.6000366,-0.297142029
990.7000122,-0.318171024
990.7999878,-0.308872223
990.9000244,-0.30024147
991,-0.31139946
991.1000366,-0.310970306
991.2000122,-0.314547062
991.2999878,-0.315023899
991.4000244,-0.310541153
991.5,-0.309539795
991.6000366,-0.302816391
991.7000122,-0.314642429
991.7999878,-0.299573898
991.9000244,-0.305534363
992,-0.310731888
992.1000366,-0.308443069
992.2000122,-0.307155609
992.2999878,-0.306821823
992.4000244,-0.307489395
992.5,-0.31426096
992.6000366,-0.301576614
992.7000122,-0.289512634
992.7999878,-0.313688755
992.9000244,-0.321270466
993,-0.308872223
993.1000366,-0.312782764
993.2000122,-0.317121983
993.2999878,-0.31063652
993.4000244,-0.30524826
993.5,-0.310302734
993.6000366,-0.315834522
993.7000122,-0.313784122
993.7999878,-0.300956726
993.9000244,-0.301195145
994,-0.304795265
994.1000366,-0.308919907
994.2000122,-0.308109283
994.2999878,-0.312400818
994.4000244,-0.31230545
994.5,-0.307584763
994.6000366,-0.311447144
994.7000122,-0.307727814
994.7999878,-0.310302734
994.9000244,-0.308156967
995,-0.311494827
995.1000366,-0.311923981
995.2000122,-0.312782764
995.2999878,-0.307727814
995.4000244,-0.309825897
995.5,-0.316883564
995.6000366,-0.311065674
995.7000122,-0.307537079
995.7999878,-0.316168308
995.9000244,-0.311971664
996,-0.304437637
996.1000366,-0.30524826
996.2000122,-0.306535721
996.2999878,-0.302959442
996.4000244,-0.309253693
996.5,-0.29933548
996.6000366,-0.311065674
996.7000122,-0.317265034
996.7999878,-0.307060242
996.9000244,-0.313354969
997,-0.310064316
997.1000366,-0.31271112
997.2000122,-0.31311655
997.2999878,-0.314308643
997.4000244,-0.307966232
997.5,-0.301958084
997.6000366,-0.304819107
997.7000122,-0.310064316
997.7999878,-0.302959442
997.9000244,-0.305582047
998,-0.31426096
998.1000366,-0.307620645
998.2000122,-0.305152893
998.2999878,-0.305486679
998.4000244,-0.309110641
998.5,-0.306631088
998.6000366,-0.302351475
998.7000122,-0.294996262
998.7999878,-0.298667908
998.9000244,-0.304771423
999,-0.313545704
999.1000366,-0.304580688
999.2000122,-0.307155609
999.2999878,-0.309539795
999.4000244,-0.311828613
999.5,-0.299860001
999.6000366,-0.321508884
999.7000122,-0.308633804
999.7999878,-0.304294586
999.9000244,-0.312639713
1000,-0.309778214
1000.100037,-0.30794251
1000.200012,-0.303531647
1000.299988,-0.305820465
1000.400024,-0.305927753
1000.5,-0.307504296
1000.600037,-0.309110641
1000.700012,-0.309158325
1000.799988,-0.310696244
1000.900024,-0.311923981
1001,-0.31259203
1001.100037,-0.311626077
1001.200012,-0.311733246
1001.299988,-0.310255051
1001.400024,-0.307060242
1001.5,-0.309301376
1001.600037,-0.311256409
1001.700012,-0.311208725
1001.799988,-0.308681488
1001.900024,-0.299716949
1002,-0.298763275
1002.100037,-0.304580688
1002.200012,-0.306344986
1002.299988,-0.304962158
1002.400024,-0.3039608
1002.5,-0.307918549
1002.600037,-0.316549778
1002.700012,-0.310302734
1002.799988,-0.291563034
1002.900024,-0.299192429
1003,-0.308395386
1003.100037,-0.307537079
1003.200012,-0.306488037
1003.299988,-0.3060112
1003.400024,-0.307763577
1003.5,-0.309587479
1003.600037,-0.30896759
1003.700012,-0.304914474
1003.799988,-0.305677414
1003.900024,-0.304687977
1004,-0.305811524
1004.100037,-0.306249619
1004.200012,-0.306631088
1004.299988,-0.302530289
1004.400024,-0.30024147
1004.5,-0.306499958
1004.600037,-0.311161041
1004.700012,-0.312067032
1004.799988,-0.310672283
1004.900024,-0.310827255
1005,-0.308633804
1005.100037,-0.303007126
1005.200012,-0.30062294
1005.299988,-0.306344986
1005.400024,-0.303436279
1005.5,-0.29857254
1005.600037,-0.303007126
1005.700012,-0.299621582
1005.799988,-0.294185638
1005.900024,-0.304389954
1006,-0.316406727
1006.100037,-0.303531647
1006.200012,-0.306488037
1006.299988,-0.30062294
1006.400024,-0.300384521
1006.5,-0.305295944
1006.600037,-0.301624298
1006.700012,-0.314308643
1006.799988,-0.293756485
1006.900024,-0.302911758
1007,-0.312353134
1007.100037,-0.305105209
1007.200012,-0.295663834
1007.299988,-0.304056168
1007.400024,-0.299144745
1007.5,-0.306726456
1007.600037,-0.298620224
1007.700012,-0.302577972
1007.799988,-0.304914474
1007.900024,-0.307489395
1008,-0.298143387
1008.100037,-0.299812317
1008.200012,-0.296522141
1008.299988,-0.297094345
1008.400024,-0.295091629
1008.5,-0.291563034
1008.600037,-0.295186996
1008.700012,-0.310207367
1008.799988,-0.298477173
1008.900024,-0.310350418
1009,-0.302816391
1009.100037,-0.295425415
1009.200012,-0.308156967
1009.299988,-0.306678772
1009.400024,-0.306631088
1009.5,-0.30973053
1009.600037,-0.31025517
1009.700012,-0.31101799
1009.799988,-0.313641071
1009.900024,-0.307775497
1010,-0.294185638
1010.100037,-0.293422699
1010.200012,-0.296247959
1010.299988,-0.296951294
1010.400024,-0.300432205
1010.5,-0.304485321
1010.600037,-0.307060242
1010.700012,-0.304950237
1010.799988,-0.304056168
1010.900024,-0.304199219
1011,-0.306690693
1011.100037,-0.309492111
1011.200012,-0.309015274
1011.299988,-0.305343628
1011.400024,-0.30524826
1011.5,-0.309206009
1011.600037,-0.30768013
1011.700012,-0.306380749
1011.799988,-0.305009842
1011.900024,-0.306830764
1012,-0.308347702
1012.100037,-0.307584763
1012.200012,-0.311685562
1012.299988,-0.298906326
1012.400024,-0.306344986
1012.5,-0.303436279
1012.600037,-0.306964874
1012.700012,-0.301147461
1012.799988,-0.296092987
1012.900024,-0.29766655
1013,-0.299585819
1013.100037,-0.301099777
1013.200012,-0.303483963
1013.299988,-0.300765991
1013.400024,-0.29933548
1013.5,-0.299144745
1013.600037,-0.301481247
1013.700012,-0.303150177
1013.799988,-0.294614792
1013.900024,-0.307775497
1014,-0.29933548
1014.100037,-0.303007126
1014.200012,-0.303150177
1014.299988,-0.294090271
1014.400024,-0.319077015
1014.5,-0.308872223
1014.600037,-0.301719666
1014.700012,-0.305057526
1014.799988,-0.302339554
1014.900024,-0.306941032
1015,-0.310016632
1015.100037,-0.310350418
1015.200012,-0.311828613
1015.299988,-0.293994904
1015.400024,-0.305915833
1015.5,-0.298667908
1015.600037,-0.300861359
1015.700012,-0.303030968
1015.799988,-0.306678772
1015.900024,-0.305915833
1016,-0.300718307
1016.100037,-0.303483963
1016.200012,-0.308729172
1016.299988,-0.31178093
1016.400024,-0.30729866
1016.5,-0.30062294
1016.600037,-0.300193787
1016.700012,-0.301767349
1016.799988,-0.304819107
1016.900024,-0.302816391
1017,-0.310016632
1017.100037,-0.311590195
1017.200012,-0.298810959
1017.299988,-0.297142029
1017.400024,-0.300718307
1017.5,-0.304962158
1017.600037,-0.301958084
1017.700012,-0.297428131
1017.799988,-0.30562973
1017.900024,-0.308300018
1018,-0.300098419
1018.100037,-0.305725098
1018.200012,-0.302434921
1018.299988,-0.305343628
1018.400024,-0.306869507
1018.5,-0.306344986
1018.600037,-0.305200577
1018.700012,-0.306201935
1018.799988,-0.30138588
1018.900024,-0.301707745
1019,-0.300146103
1019.100037,-0.299097061
1019.200012,-0.306774139
1019.299988,-0.302625656
1019.400024,-0.295425415
1019.5,-0.30472374
1019.600037,-0.292087555
1019.700012,-0.303913116
1019.799988,-0.29485321
1019.900024,-0.293518066
1020,-0.308824539
1020.100037,-0.302577972
1020.200012,-0.308776855
1020.299988,-0.299669266
1020.400024,-0.305295944
1020.5,-0.305391312
1020.600037,-0.308919907
1020.700012,-0.305820465
1020.799988,-0.301195145
1020.900024,-0.31139946
1021,-0.30062294
1021.100037,-0.305057526
1021.200012,-0.304044247
1021.299988,-0.305725098
1021.400024,-0.304771423
1021.5,-0.312639713
1021.600037,-0.306774139
1021.700012,-0.300909042
1021.799988,-0.299001694
1021.900024,-0.303650856
1022,-0.310684204
1022.100037,-0.304008484
1022.200012,-0.305391312
1022.299988,-0.302530289
1022.400024,-0.295425415
1022.5,-0.304866791
1022.600037,-0.29857254
1022.700012,-0.306917191
1022.799988,-0.31554842
1022.900024,-0.305152893
1023,-0.308395386
1023.100037,-0.307203293
1023.200012,-0.30229187
1023.299988,-0.300479889
1023.400024,-0.304008484
1023.5,-0.307632446
1023.600037,-0.30562973
1023.700012,-0.306154251
1023.799988,-0.303436279
1023.900024,-0.309682846
1024,-0.304485321
1024.099976,-0.298238754
1024.200073,-0.301731586
1024.300049,-0.302101135
1024.400024,-0.302101135
1024.5,-0.299764633
1024.599976,-0.310827255
1024.700073,-0.295568466
1024.800049,-0.307537079
1024.900024,-0.289131165
1025,-0.308013916
1025.099976,-0.304962158
1025.200073,-0.30421114
1025.300049,-0.302959442
1025.400024,-0.300909042
1025.5,-0.303913116
1025.599976,-0.302625656
1025.700073,-0.302148819
1025.800049,-0.299430847
1025.900024,-0.299526215
1026,-0.296808243
1026.099976,-0.299716949
1026.200073,-0.305295944
1026.300049,-0.299860001
1026.400024,-0.292230606
1026.5,-0.302196503
1026.599976,-0.309825897
1026.700073,-0.309778214
1026.800049,-0.299240112
1026.900024,-0.297380447
1027,-0.301767349
1027.099976,-0.30267334
1027.200073,-0.300527573
1027.300049,-0.298858643
1027.400024,-0.303770065
1027.5,-0.302244186
1027.599976,-0.301326275
1027.700073,-0.299287796
1027.800049,-0.300003052
1027.900024,-0.294090271
1028,-0.305009842
1028.099976,-0.299430847
1028.200073,-0.301052094
1028.300049,-0.303865433
1028.400024,-0.289941788
1028.5,-0.302625656
1028.599976,-0.29227829
1028.700073,-0.304485321
1028.800049,-0.297142029
1028.900024,-0.305534363
1029,-0.299001694
1029.099976,-0.300765991
1029.200073,-0.292135239
1029.300049,-0.305820465
1029.400024,-0.293899536
1029.5,-0.300909042
1029.599976,-0.306535721
1029.700073,-0.30562973
1029.800049,-0.309158325
1029.900024,-0.306035042
1030,-0.304294586
1030.099976,-0.305057526
1030.200073,-0.28984642
1030.300049,-0.294805527
1030.400024,-0.302577972
1030.5,-0.287509918
1030.599976,-0.297618866
1030.700073,-0.292421341
1030.800049,-0.290800095
1030.900024,-0.296045303
1031,-0.297046661
1031.099976,-0.29599762
1031.200073,-0.293375015
1031.300049,-0.290370941
1031.400024,-0.290084839
1031.5,-0.297332764
1031.599976,-0.298524857
1031.700073,-0.28445816
1031.800049,-0.302482605
1031.900024,-0.287033081
1032,-0.292612076
1032.099976,-0.293541908
1032.200073,-0.294376373
1032.300049,-0.300146103
1032.400024,-0.295330048
1032.5,-0.289941788
1032.599976,-0.300289154
1032.700073,-0.305152893
1032.800049,-0.29394722
1032.900024,-0.302101135
1033,-0.306964874
1033.099976,-0.293899536
1033.200073,-0.304389954
1033.300049,-0.300432205
1033.400024,-0.298202991
1033.5,-0.297478795
1033.599976,-0.29599762
1033.700073,-0.295282364
1033.800049,-0.298000336
1033.900024,-0.300384521
1034,-0.300336838
1034.099976,-0.311876297
1034.200073,-0.28560257
1034.300049,-0.307394028
1034.400024,-0.302005768
1034.5,-0.300193787
1034.599976,-0.296712875
1034.700073,-0.300098419
1034.800049,-0.298906326
1034.900024,-0.300384521
1035,-0.297952652
1035.099976,-0.304580688
1035.200073,-0.298477173
1035.300049,-0.308347702
1035.400024,-0.302196503
1035.5,-0.292993546
1035.599976,-0.293899536
1035.700073,-0.294948578
1035.800049,-0.300956726
1035.900024,-0.305963516
1036,-0.302148819
1036.099976,-0.288606644
1036.200073,-0.290132523
1036.300049,-0.287891388
1036.400024,-0.298334122
1036.5,-0.301576614
1036.599976,-0.297904968
1036.700073,-0.305343628
1036.800049,-0.308252335
1036.900024,-0.306774139
1037,-0.301290512
1037.099976,-0.299621582
1037.200073,-0.296760559
1037.300049,-0.296712875
1037.400024,-0.305820465
1037.5,-0.30229187
1037.599976,-0.296617508
1037.700073,-0.304628372
1037.800049,-0.311113358
1037.900024,-0.303340912
1038,-0.291181564
1038.099976,-0.305486679
1038.200073,-0.294090271
1038.300049,-0.310302734
1038.400024,-0.295568466
1038.5,-0.305486679
1038.599976,-0.302148819
1038.700073,-0.296379089
1038.800049,-0.295282364
1038.900024,-0.300479889
1039,-0.304056168
1039.099976,-0.306201935
1039.200073,-0.291086197
1039.300049,-0.297094345
1039.400024,-0.311876297
1039.5,-0.309682846
1039.599976,-0.304699898
1039.700073,-0.300909042
1039.800049,-0.296331406
1039.900024,-0.302577972
1040,-0.299621582
1040.099976,-0.29895401
1040.200073,-0.297094345
1040.300049,-0.293279648
1040.400024,-0.288368225
1040.5,-0.297332764
1040.599976,-0.286222458
1040.700073,-0.301052094
1040.800049,-0.296474457
1040.900024,-0.301719666
1041,-0.302721024
1041.099976,-0.301576614
1041.200073,-0.299192429
1041.300049,-0.296855927
1041.400024,-0.296379089
1041.5,-0.299621582
1041.599976,-0.295806885
1041.700073,-0.296319485
1041.800049,-0.294662476
1041.900024,-0.295186996
1042,-0.295544624
1042.099976,-0.294996262
1042.200073,-0.297332764
1042.300049,-0.300527573
1042.400024,-0.308538437
1042.5,-0.305725098
1042.599976,-0.293756485
1042.700073,-0.316311359
1042.800049,-0.285459518
1042.900024,-0.293279648
1043,-0.303627014
1043.099976,-0.302339554
1043.200073,-0.307775497
1043.300049,-0.300527573
1043.400024,-0.294424057
1043.5,-0.299097061
1043.599976,-0.299812317
1043.700073,-0.299764633
1043.800049,-0.301576614
1043.900024,-0.295711517
1044,-0.300646782
1044.099976,-0.302005768
1044.200073,-0.303293228
1044.300049,-0.295759201
1044.400024,-0.285507202
1044.5,-0.30100441
1044.599976,-0.298715591
1044.700073,-0.302959442
1044.800049,-0.30062294
1044.900024,-0.289560318
1045,-0.292469025
1045.099976,-0.296855927
1045.200073,-0.289560318
1045.300049,-0.296140671
1045.400024,-0.290037155
1045.5,-0.294471741
1045.599976,-0.292564392
1045.700073,-0.29189682
1045.800049,-0.293851852
1045.900024,-0.296712875
1046,-0.305534363
1046.099976,-0.297761917
1046.200073,-0.305200577
1046.300049,-0.297618866
1046.400024,-0.292182922
1046.5,-0.294137955
1046.599976,-0.296665192
1046.700073,-0.296331406
1046.800049,-0.289131165
1046.900024,-0.291801453
1047,-0.30024147
1047.099976,-0.295663834
1047.200073,-0.288749695
1047.300049,-0.286317825
1047.400024,-0.307250977
1047.5,-0.288845062
1047.599976,-0.299812317
1047.700073,-0.289894104
1047.800049,-0.300670624
1047.900024,-0.289417267
1048,-0.293708801
1048.099976,-0.292421341
1048.200073,-0.302625656
1048.300049,-0.305725098
1048.400024,-0.296569824
1048.5,-0.290704727
1048.599976,-0.302148819
1048.700073,-0.297571182
1048.800049,-0.290418625
1048.900024,-0.298191071
1049,-0.300765991
1049.099976,-0.294710159
1049.200073,-0.299526215
1049.300049,-0.29959774
1049.400024,-0.301958084
1049.5,-0.302196503
1049.599976,-0.30729866
1049.700073,-0.305915833
1049.800049,-0.30113554
1049.900024,-0.297046661
1050,-0.294281006
1050.099976,-0.291086197
1050.200073,-0.291229248
1050.300049,-0.297952652
1050.400024,-0.298191071
1050.5,-0.294757843
1050.599976,-0.298858643
1050.700073,-0.294519424
1050.800049,-0.295759201
1050.900024,-0.294805527
1051,-0.294805527
1051.099976,-0.293518066
1051.200073,-0.293851852
1051.300049,-0.293231964
1051.400024,-0.296033382
1051.5,-0.297714233
1051.599976,-0.29933548
1051.700073,-0.302530289
1051.800049,-0.302530289
1051.900024,-0.291324615
1052,-0.295425415
1052.099976,-0.289226532
1052.200073,-0.296522141
1052.300049,-0.29895401
1052.400024,-0.290084839
1052.5,-0.291276932
1052.599976,-0.295377731
1052.700073,-0.294281006
1052.800049,-0.299240112
1052.900024,-0.281692505
1053,-0.29265976
1053.099976,-0.30524826
1053.200073,-0.29356575
1053.300049,-0.291801453
1053.400024,-0.292802811
1053.5,-0.292898178
1053.599976,-0.292945862
1053.700073,-0.293804169
1053.800049,-0.298334122
1053.900024,-0.297046661
1054,-0.298167229
1054.099976,-0.297380447
1054.200073,-0.299907684
1054.300049,-0.293661118
1054.400024,-0.300909042
1054.5,-0.30434227
1054.599976,-0.292230606
1054.700073,-0.296426773
1054.800049,-0.29189682
1054.900024,-0.298620224
1055,-0.305391312
1055.099976,-0.302959442
1055.200073,-0.293851852
1055.300049,-0.29060936
1055.400024,-0.293935299
1055.5,-0.294185638
1055.599976,-0.297094345
1055.700073,-0.30100441
1055.800049,-0.305582047
1055.900024,-0.297714233
1056,-0.304533005
1056.099976,-0.301326275
1056.200073,-0.300575256
1056.300049,-0.302482605
1056.400024,-0.300861359
1056.5,-0.300336838
1056.599976,-0.299812317
1056.700073,-0.296522141
1056.800049,-0.301528931
1056.900024,-0.306154251
1057,-0.298620224
1057.099976,-0.299144745
1057.200073,-0.314022541
1057.300049,-0.27816391
1057.400024,-0.295473099
1057.5,-0.28984642
1057.599976,-0.292325974
1057.700073,-0.299716949
1057.800049,-0.313736439
1057.900024,-0.285030365
1058,-0.296236038
1058.099976,-0.291801453
1058.200073,-0.283504486
1058.300049,-0.288082123
1058.400024,-0.286365509
1058.5,-0.292039871
1058.599976,-0.29857254
1058.700073,-0.294185638
1058.800049,-0.301528931
1058.900024,-0.29318428
1059,-0.299192429
1059.099976,-0.298763275
1059.200073,-0.295842648
1059.300049,-0.291658401
1059.400024,-0.293756485
1059.5,-0.294567108
1059.599976,-0.29857254
1059.700073,-0.294757843
1059.800049,-0.297952652
1059.900024,-0.29318428
1060,-0.304819107
1060.099976,-0.287748337
1060.200073,-0.293756485
1060.300049,-0.283361435
1060.400024,-0.293518066
1060.5,-0.302053452
1060.599976,-0.28483963
1060.700073,-0.291419983
1060.800049,-0.291396141
1060.900024,-0.295711517
1061,-0.293613434
1061.099976,-0.298000336
1061.200073,-0.289274216
1061.300049,-0.292802811
1061.400024,-0.292564392
1061.5,-0.295711517
1061.599976,-0.295473099
1061.700073,-0.302864075
1061.800049,-0.300336838
1061.900024,-0.29754734
1062,-0.293470383
1062.099976,-0.293518066
1062.200073,-0.294757843
1062.300049,-0.295759201
1062.400024,-0.293708801
1062.5,-0.296331406
1062.599976,-0.293899536
1062.700073,-0.28445816
1062.800049,-0.301099777
1062.900024,-0.289083481
1063,-0.288320541
1063.099976,-0.293422699
1063.200073,-0.294424057
1063.300049,-0.290180206
1063.400024,-0.290323257
1063.5,-0.294614792
1063.599976,-0.301815033
1063.700073,-0.282741547
1063.800049,-0.29394722
1063.900024,-0.3019104
1064,-0.300765991
1064.099976,-0.293851852
1064.200073,-0.303007126
1064.300049,-0.292707443
1064.400024,-0.290084839
1064.5,-0.292623997
1064.599976,-0.294900894
1064.700073,-0.292802811
1064.800049,-0.290466309
1064.900024,-0.294662476
1065,-0.285030365
1065.099976,-0.29356575
1065.200073,-0.284982681
1065.300049,-0.289035797
1065.400024,-0.293756485
1065.5,-0.294137955
1065.599976,-0.283790588
1065.700073,-0.297046661
1065.800049,-0.285697937
1065.900024,-0.288320541
1066,-0.287557602
1066.099976,-0.296045303
1066.200073,-0.296474457
1066.300049,-0.290513992
1066.400024,-0.279117584
1066.5,-0.290418625
1066.599976,-0.29561615
1066.700073,-0.290513992
1066.800049,-0.294948578
1066.900024,-0.291229248
1067,-0.293613434
1067.099976,-0.285173416
1067.200073,-0.289178848
1067.300049,-0.294042587
1067.400024,-0.28560257
1067.5,-0.294805527
1067.599976,-0.293041229
1067.700073,-0.291658401
1067.800049,-0.290513992
1067.900024,-0.294900894
1068,-0.282741547
1068.099976,-0.291610718
1068.200073,-0.28188324
1068.300049,-0.289608002
1068.400024,-0.286651611
1068.5,-0.288082123
1068.599976,-0.288225174
1068.700073,-0.296283722
1068.800049,-0.281024933
1068.900024,-0.288415909
1069,-0.293422699
1069.099976,-0.293231964
1069.200073,-0.292850494
1069.300049,-0.289369583
1069.400024,-0.29432869
1069.5,-0.290657043
1069.599976,-0.29189682
1069.700073,-0.289035797
1069.800049,-0.293375015
1069.900024,-0.292039871
1070,-0.29432869
1070.099976,-0.288034439
1070.200073,-0.283504486
1070.300049,-0.301338196
1070.400024,-0.280309677
1070.5,-0.293661118
1070.599976,-0.298095703
1070.700073,-0.290513992
1070.800049,-0.297237396
1070.900024,-0.278974533
1071,-0.288129807
1071.099976,-0.29394722
1071.200073,-0.290847778
1071.300049,-0.292945862
1071.400024,-0.287772179
1071.5,-0.282073975
1071.599976,-0.2852211
1071.700073,-0.301624298
1071.800049,-0.294996262
1071.900024,-0.286699295
1072,-0.286985397
1072.099976,-0.30062294
1072.200073,-0.288845062
1072.300049,-0.297761917
1072.400024,-0.284744263
1072.5,-0.295186996
1072.599976,-0.289417267
1072.700073,-0.289321899
1072.800049,-0.288892746
1072.900024,-0.290955067
1073,-0.291849136
1073.099976,-0.293756485
1073.200073,-0.283838272
1073.300049,-0.289894104
1073.400024,-0.297475815
1073.5,-0.291753769
1073.599976,-0.290943146
1073.700073,-0.291276932
1073.800049,-0.289429188
1073.900024,-0.287748337
1074,-0.287748337
1074.099976,-0.29561615
1074.200073,-0.287557602
1074.300049,-0.294090271
1074.400024,-0.285650253
1074.5,-0.280500412
1074.599976,-0.288320541
1074.700073,-0.282133579
1074.800049,-0.280834198
1074.900024,-0.278879166
1075,-0.285268784
1075.099976,-0.291324615
1075.200073,-0.283647537
1075.300049,-0.303531647
1075.400024,-0.293661118
1075.5,-0.279212952
1075.599976,-0.291610718
1075.700073,-0.282360077
1075.800049,-0.283456802
1075.900024,-0.289369583
1076,-0.287176132
1076.099976,-0.295568466
1076.200073,-0.288654327
1076.300049,-0.290895462
1076.400024,-0.292421341
1076.5,-0.297428131
1076.599976,-0.298191071
1076.700073,-0.290513992
1076.800049,-0.287557602
1076.900024,-0.287509918
1077,-0.290370941
1077.099976,-0.297523499
1077.200073,-0.289274216
1077.300049,-0.282741547
1077.400024,-0.294185638
1077.5,-0.285984039
1077.599976,-0.288654327
1077.700073,-0.294710159
1077.800049,-0.291801453
1077.900024,-0.28612709
1078,-0.284505844
1078.099976,-0.287986755
1078.200073,-0.287509918
1078.300049,-0.289417267
1078.400024,-0.286222458
1078.5,-0.291467667
1078.599976,-0.286413193
1078.700073,-0.286985397
1078.800049,-0.292707443
1078.900024,-0.288606644
1079,-0.283027649
1079.099976,-0.290847778
1079.200073,-0.292707443
1079.300049,-0.285459518
1079.400024,-0.285888672
1079.5,-0.290037155
1079.599976,-0.28483963
1079.700073,-0.298095703
1079.800049,-0.280738831
1079.900024,-0.296855927
1080,-0.301719666
1080.099976,-0.283504486
1080.200073,-0.291801453
1080.300049,-0.29895401
1080.400024,-0.283409119
1080.5,-0.286270142
1080.599976,-0.287891388
1080.700073,-0.287331104
1080.800049,-0.287080765
1080.900024,-0.288082123
1081,-0.290311337
1081.099976,-0.29432869
1081.200073,-0.291753769
1081.300049,-0.294233322
1081.400024,-0.293136597
1081.5,-0.29189682
1081.599976,-0.290132523
1081.700073,-0.290084839
1081.800049,-0.29265976
1081.900024,-0.279499054
1082,-0.287462234
1082.099976,-0.278879166
1082.200073,-0.285554886
1082.300049,-0.2811203
1082.400024,-0.288654327
1082.5,-0.27983284
1082.599976,-0.290895462
1082.700073,-0.295282364
1082.800049,-0.293661118
1082.900024,-0.293518066
1083,-0.289166927
1083.099976,-0.283313751
1083.200073,-0.286174774
1083.300049,-0.288797379
1083.400024,-0.285459518
1083.5,-0.290132523
1083.599976,-0.301242828
1083.700073,-0.28393364
1083.800049,-0.290132523
1083.900024,-0.293994904
1084,-0.280643463
1084.099976,-0.284648895
1084.200073,-0.273777008
1084.300049,-0.29523468
1084.400024,-0.289894104
1084.5,-0.279499054
1084.599976,-0.285745621
1084.700073,-0.29728508
1084.800049,-0.294805527
1084.900024,-0.284219742
1085,-0.284029007
1085.099976,-0.285566807
1085.200073,-0.285125732
1085.300049,-0.288892746
1085.400024,-0.290084839
1085.5,-0.290418625
1085.599976,-0.290895462
1085.700073,-0.291467667
1085.800049,-0.299573898
1085.900024,-0.282217026
1086,-0.293994904
1086.099976,-0.283790588
1086.200073,-0.284791946
1086.300049,-0.285578728
1086.400024,-0.286317825
1086.5,-0.287414551
1086.599976,-0.287998676
1086.700073,-0.28612709
1086.800049,-0.292135239
1086.900024,-0.286937714
1087,-0.291419983
1087.099976,-0.291372299
1087.200073,-0.294757843
1087.300049,-0.286556244
1087.400024,-0.301099777
1087.5,-0.293375015
1087.599976,-0.293041229
1087.700073,-0.283218384
1087.800049,-0.289417267
1087.900024,-0.284410477
1088,-0.294567108
1088.099976,-0.284172058
1088.200073,-0.280643463
1088.300049,-0.284303188
1088.400024,-0.288272858
1088.5,-0.284124374
1088.599976,-0.28855896
1088.700073,-0.296188354
1088.800049,-0.298381805
1088.900024,-0.279546738
1089,-0.280881882
1089.099976,-0.2852211
1089.200073,-0.288845062
1089.300049,-0.291610718
1089.400024,-0.285650253
1089.5,-0.288845062
1089.599976,-0.2872715
1089.700073,-0.278640747
1089.800049,-0.282455444
1089.900024,-0.294710159
1090,-0.293088913
1090.099976,-0.29485321
1090.200073,-0.293422699
1090.300049,-0.270296097
1090.400024,-0.282884598
1090.5,-0.298763275
1090.599976,-0.283123016
1090.700073,-0.289417267
1090.800049,-0.280977249
1090.900024,-0.294519424
1091,-0.283313751
1091.099976,-0.289083481
1091.200073,-0.286985397
1091.300049,-0.284601212
1091.400024,-0.293708801
1091.5,-0.271821976
1091.599976,-0.293804169
1091.700073,-0.276590347
1091.800049,-0.27983284
1091.900024,-0.280500412
1092,-0.281978607
1092.099976,-0.285936356
1092.200073,-0.287462234
1092.300049,-0.286174774
1092.400024,-0.285078049
1092.5,-0.278116226
1092.599976,-0.286031723
1092.700073,-0.293327332
1092.800049,-0.290847778
1092.900024,-0.277639389
1093,-0.286746979
1093.099976,-0.295091629
1093.200073,-0.283647537
1093.300049,-0.279022217
1093.400024,-0.284076691
1093.5,-0.283027649
1093.599976,-0.287104607
1093.700073,-0.290132523
1093.800049,-0.291181564
1093.900024,-0.288225174
1094,-0.290561676
1094.099976,-0.290287495
1094.200073,-0.290704727
1094.300049,-0.288037419
1094.400024,-0.285984039
1094.5,-0.285173416
1094.599976,-0.289131165
1094.700073,-0.281549454
1094.800049,-0.295377731
1094.900024,-0.279165268
1095,-0.285078049
1095.099976,-0.290895462
1095.200073,-0.285125732
1095.300049,-0.289512634
1095.400024,-0.281835556
1095.5,-0.289274216
1095.599976,-0.276590347
1095.700073,-0.285554886
1095.800049,-0.289989471
1095.900024,-0.281597137
1096,-0.280500412
1096.099976,-0.290370941
1096.200073,-0.287462234
1096.300049,-0.280738831
1096.400024,-0.290657043
1096.5,-0.285459518
1096.599976,-0.282741547
1096.700073,-0.283456802
1096.800049,-0.27945137
1096.900024,-0.278259277
1097,-0.294137955
1097.099976,-0.290561676
1097.200073,-0.296140671
1097.300049,-0.282503128
1097.400024,-0.294757843
1097.5,-0.281597137
1097.599976,-0.289274216
1097.700073,-0.292230606
1097.800049,-0.28483963
1097.900024,-0.282503128
1098,-0.288749695
1098.099976,-0.287080765
1098.200073,-0.287891388
1098.300049,-0.289393425
1098.400024,-0.29432869
1098.5,-0.288272858
1098.599976,-0.278450012
1098.700073,-0.294614792
1098.800049,-0.282455444
1098.900024,-0.280738831
1099,-0.289608002
1099.099976,-0.278783798
1099.200073,-0.286317825
1099.300049,-0.290466309
1099.400024,-0.29022789
1099.5,-0.287223816
1099.599976,-0.290704727
1099.700073,-0.292945862
1099.800049,-0.292421341
1099.900024,-0.284601212
1100,-0.287223816
1100.099976,-0.277496338
1100.200073,-0.28560257
1100.300049,-0.289417267
1100.400024,-0.287700653
1100.5,-0.283409119
1100.599976,-0.27816391
1100.700073,-0.278354645
1100.800049,-0.28894043
1100.900024,-0.294137955
1101,-0.275350571
1101.099976,-0.276351929
1101.200073,-0.281454086
1101.300049,-0.284601212
1101.400024,-0.285745621
1101.5,-0.283123016
1101.599976,-0.279975891
1101.700073,-0.281692505
1101.800049,-0.279546738
1101.900024,-0.279356003
1102,-0.275684357
1102.099976,-0.278020859
1102.200073,-0.280762672
1102.300049,-0.284696579
1102.400024,-0.284648895
1102.5,-0.28483963
1102.599976,-0.285745621
1102.700073,-0.287843704
1102.800049,-0.285650253
1102.900024,-0.283707142
1103,-0.28188324
1103.099976,-0.27945137
1103.200073,-0.281454086
1103.300049,-0.278020859
1103.400024,-0.286937714
1103.5,-0.282169342
1103.599976,-0.287986755
1103.700073,-0.296283722
1103.800049,-0.286699295
1103.900024,-0.275636673
1104,-0.28612709
1104.099976,-0.282932281
1104.200073,-0.284291267
1104.300049,-0.285554886
1104.400024,-0.282550812
1104.5,-0.285554886
1104.599976,-0.280881882
1104.700073,-0.281549454
1104.800049,-0.283313751
1104.900024,-0.289894104
1105,-0.282073975
1105.099976,-0.285936356
1105.200073,-0.290943146
1105.300049,-0.284648895
1105.400024,-0.282550812
1105.5,-0.294471741
1105.599976,-0.27778244
1105.700073,-0.286842346
1105.800049,-0.295139313
1105.900024,-0.281549454
1106,-0.276590347
1106.099976,-0.279499054
1106.200073,-0.274778366
1106.300049,-0.283838272
1106.400024,-0.2872715
1106.5,-0.282312393
1106.599976,-0.284076691
1106.700073,-0.280929565
1106.800049,-0.280786514
1106.900024,-0.279737473
1107,-0.287128448
1107.099976,-0.27687645
1107.200073,-0.281644821
1107.300049,-0.281454086
1107.400024,-0.284827709
1107.5,-0.288368225
1107.599976,-0.287843704
1107.700073,-0.280881882
1107.800049,-0.278593063
1107.900024,-0.282836914
1108,-0.27649498
1108.099976,-0.282932281
1108.200073,-0.278020859
1108.300049,-0.278402328
1108.400024,-0.285888672
1108.5,-0.282407761
1108.599976,-0.290704727
1108.700073,-0.28021431
1108.800049,-0.285030365
1108.900024,-0.282884598
1109,-0.283409119
1109.099976,-0.281823635
1109.200073,-0.282360077
1109.300049,-0.278640747
1109.400024,-0.270772934
1109.5,-0.276018143
1109.599976,-0.28483963
1109.700073,-0.279594421
1109.800049,-0.289321899
1109.900024,-0.281835556
1110,-0.286031723
1110.099976,-0.279737473
1110.200073,-0.282360077
1110.300049,-0.286556244
1110.400024,-0.274921417
1110.5,-0.265003204
1110.599976,-0.289417267
1110.700073,-0.272680283
1110.800049,-0.281597137
1110.900024,-0.287652969
1111,-0.26815033
1111.099976,-0.283742905
1111.200073,-0.279117584
1111.300049,-0.274969101
1111.400024,-0.275064468
1111.5,-0.278056622
1111.599976,-0.278402328
1111.700073,-0.283790588
1111.800049,-0.276971817
1111.900024,-0.283695221
1112,-0.274253845
1112.099976,-0.276542664
1112.200073,-0.268722534
1112.300049,-0.275064468
1112.400024,-0.272811413
1112.5,-0.271917343
1112.599976,-0.275541306
1112.700073,-0.27444458
1112.800049,-0.285554886
1112.900024,-0.275302887
1113,-0.288082123
1113.099976,-0.283075333
1113.200073,-0.280500412
1113.300049,-0.285411835
1113.400024,-0.284219742
1113.5,-0.278211594
1113.599976,-0.273729324
1113.700073,-0.269485474
1113.800049,-0.281549454
1113.900024,-0.279785156
1114,-0.27983284
1114.099976,-0.283456802
1114.200073,-0.282026291
1114.300049,-0.281108379
1114.400024,-0.28021431
1114.5,-0.278736115
1114.599976,-0.278688431
1114.700073,-0.275302887
1114.800049,-0.281167984
1114.900024,-0.277544022
1115,-0.27854538
1115.099976,-0.277496338
1115.200073,-0.274539948
1115.300049,-0.27380085
1115.400024,-0.273949862
1115.5,-0.273729324
1115.599976,-0.273729324
1115.700073,-0.280405045
1115.800049,-0.269962311
1115.900024,-0.280643463
1116,-0.265146255
1116.099976,-0.280261993
1116.200073,-0.276065826
1116.300049,-0.271965027
1116.400024,-0.2852211
1116.5,-0.269294739
1116.599976,-0.283123016
1116.700073,-0.280786514
1116.800049,-0.268817902
1116.900024,-0.276685715
1117,-0.271392822
1117.099976,-0.276840687
1117.200073,-0.279928207
1117.300049,-0.279356003
1117.400024,-0.287796021
1117.5,-0.284982681
1117.599976,-0.276256561
1117.700073,-0.278831482
1117.800049,-0.281692505
1117.900024,-0.282979965
1118,-0.280250072
1118.099976,-0.27649498
1118.200073,-0.27983284
1118.300049,-0.277877808
1118.400024,-0.279308319
1118.5,-0.285268784
1118.599976,-0.276924133
1118.700073,-0.286031723
1118.800049,-0.278116226
1118.900024,-0.277353287
1119,-0.277663231
1119.099976,-0.278116226
1119.200073,-0.277067184
1119.300049,-0.274873734
1119.400024,-0.277734756
1119.5,-0.281311035
1119.599976,-0.280261993
1119.700073,-0.279928207
1119.800049,-0.283349514
1119.900024,-0.285078049
1120,-0.288129807
1120.099976,-0.271345139
1120.200073,-0.277114868
1120.300049,-0.283123016
1120.400024,-0.285745621
1120.5,-0.274730682
1120.599976,-0.270153046
1120.700073,-0.276208878
1120.800049,-0.279069901
1120.900024,-0.280881882
1121,-0.274682999
1121.099976,-0.28894043
1121.200073,-0.280405045
1121.300049,-0.271917343
1121.400024,-0.274492264
1121.5,-0.269628525
1121.599976,-0.284315109
1121.700073,-0.278402328
1121.800049,-0.281024933
1121.900024,-0.284505844
1122,-0.280643463
1122.099976,-0.275779724
1122.200073,-0.285840988
1122.300049,-0.276351929
1122.400024,-0.281454086
1122.5,-0.270629883
1122.599976,-0.2852211
1122.700073,-0.27520752
1122.800049,-0.272346497
1122.900024,-0.284982681
1123,-0.27854538
1123.099976,-0.283409119
1123.200073,-0.276065826
1123.300049,-0.282836914
1123.400024,-0.285984039
1123.5,-0.276590347
1123.599976,-0.278354645
1123.700073,-0.276590347
1123.800049,-0.279165268
1123.900024,-0.277889729
1124,-0.278402328
1124.099976,-0.27740097
1124.200073,-0.279737473
1124.300049,-0.280798435
1124.400024,-0.28393364
1124.5,-0.282121658
1124.599976,-0.276447296
1124.700073,-0.287033081
1124.800049,-0.279928207
1124.900024,-0.281740189
1125,-0.283885956
1125.099976,-0.277973175
1125.200073,-0.271774292
1125.300049,-0.271345139
1125.400024,-0.284029007
1125.5,-0.272871017
1125.599976,-0.285650253
1125.700073,-0.280881882
1125.800049,-0.285840988
1125.900024,-0.281275272
1126,-0.280071259
1126.099976,-0.278306961
1126.200073,-0.276828766
1126.300049,-0.274778366
1126.400024,-0.272346497
1126.5,-0.271631241
1126.599976,-0.275779724
1126.700073,-0.276447296
1126.800049,-0.276781082
1126.900024,-0.274539948
1127,-0.273109436
1127.099976,-0.271821976
1127.200073,-0.283218384
1127.300049,-0.280071259
1127.400024,-0.270009995
1127.5,-0.277973175
1127.599976,-0.274015427
1127.700073,-0.27406311
1127.800049,-0.280071259
1127.900024,-0.273633957
1128,-0.279928207
1128.099976,-0.278306961
1128.200073,-0.272203445
1128.300049,-0.278688431
1128.400024,-0.284648895
1128.5,-0.274253845
1128.599976,-0.281978607
1128.700073,-0.279546738
1128.800049,-0.276769161
1128.900024,-0.272298813
1129,-0.273252487
1129.099976,-0.278068542
1129.200073,-0.270439148
1129.300049,-0.276971817
1129.400024,-0.276781082
1129.5,-0.273633957
1129.599976,-0.278211594
1129.700073,-0.281358719
1129.800049,-0.281072617
1129.900024,-0.283504486
1130,-0.279534817
1130.099976,-0.278450012
1130.200073,-0.275112152
1130.300049,-0.278593063
1130.400024,-0.272727966
1130.5,-0.27148819
1130.599976,-0.27239418
1130.700073,-0.270629883
1130.800049,-0.272727966
1130.900024,-0.280357361
1131,-0.28188324
1131.099976,-0.278092384
1131.200073,-0.274253845
1131.300049,-0.275875092
1131.400024,-0.275350571
1131.5,-0.272453785
1131.599976,-0.26815033
1131.700073,-0.270439148
1131.800049,-0.278116226
1131.900024,-0.279785156
1132,-0.277830124
1132.099976,-0.280881882
1132.200073,-0.272727966
1132.300049,-0.269628525
1132.400024,-0.282026291
1132.5,-0.278783798
1132.599976,-0.282741547
1132.700073,-0.277973175
1132.800049,-0.278831482
1132.900024,-0.277257919
1133,-0.277353287
1133.099976,-0.273490906
1133.200073,-0.271869659
1133.300049,-0.274873734
1133.400024,-0.266862869
1133.5,-0.278926849
1133.599976,-0.268722534
1133.700073,-0.274969101
1133.800049,-0.274253845
1133.900024,-0.279022217
1134,-0.284744263
1134.099976,-0.267673492
1134.200073,-0.280357361
1134.300049,-0.275445938
1134.400024,-0.275398254
1134.5,-0.27687645
1134.599976,-0.278259277
1134.700073,-0.278402328
1134.800049,-0.276256561
1134.900024,-0.280786514
1135,-0.274730682
1135.099976,-0.281167984
1135.200073,-0.279546738
1135.300049,-0.268198013
1135.400024,-0.272727966
1135.5,-0.280261993
1135.599976,-0.270915985
1135.700073,-0.273586273
1135.800049,-0.271345139
1135.900024,-0.274635315
1136,-0.271166325
1136.099976,-0.269628525
1136.200073,-0.26905632
1136.300049,-0.269938469
1136.400024,-0.268883467
1136.5,-0.267530441
1136.599976,-0.269008636
1136.700073,-0.268865585
1136.800049,-0.272203445
1136.900024,-0.271917343
1137,-0.266767502
1137.099976,-0.279022217
1137.200073,-0.265813828
1137.300049,-0.28150177
1137.400024,-0.270105362
1137.5,-0.270868301
1137.599976,-0.272251129
1137.700073,-0.279117584
1137.800049,-0.281263351
1137.900024,-0.271297455
1138,-0.275112152
1138.099976,-0.266386032
1138.200073,-0.277305603
1138.300049,-0.282121658
1138.400024,-0.274635315
1138.5,-0.281406403
1138.599976,-0.273109436
1138.700073,-0.274539948
1138.800049,-0.269533157
1138.900024,-0.272823334
1139,-0.269294739
1139.099976,-0.272155762
1139.200073,-0.265432358
1139.300049,-0.280261993
1139.400024,-0.270200729
1139.5,-0.267148972
1139.599976,-0.277305603
1139.700073,-0.276399612
1139.800049,-0.270248413
1139.900024,-0.278354645
1140,-0.273109436
1140.099976,-0.27482605
1140.200073,-0.274897575
1140.300049,-0.274682999
1140.400024,-0.276971817
1140.5,-0.279689789
1140.599976,-0.279165268
1140.700073,-0.277603626
1140.800049,-0.27649498
1140.900024,-0.275064468
1141,-0.275636673
1141.099976,-0.271297455
1141.200073,-0.280071259
1141.300049,-0.276733398
1141.400024,-0.26867485
1141.5,-0.269962311
1141.599976,-0.270355701
1141.700073,-0.271821976
1141.800049,-0.270963669
1141.900024,-0.27148819
1142,-0.277210236
1142.099976,-0.261856079
1142.200073,-0.268531799
1142.300049,-0.266576767
1142.400024,-0.267673492
1142.5,-0.265480042
1142.599976,-0.27611351
1142.700073,-0.267339706
1142.800049,-0.272966385
1142.900024,-0.277687073
1143,-0.281692505
1143.099976,-0.280071259
1143.200073,-0.276864529
1143.300049,-0.272823334
1143.400024,-0.272871017
1143.5,-0.278497696
1143.599976,-0.280118942
1143.700073,-0.280405045
1143.800049,-0.279284477
1143.900024,-0.280881882
1144,-0.27573204
1144.099976,-0.273443222
1144.200073,-0.266052246
1144.300049,-0.274396896
1144.400024,-0.26815033
1144.5,-0.277687073
1144.599976,-0.270486832
1144.700073,-0.266338348
1144.800049,-0.279785156
1144.900024,-0.274635315
1145,-0.267482758
1145.099976,-0.273061752
1145.200073,-0.273872375
1145.300049,-0.27649498
1145.400024,-0.279356003
1145.5,-0.275875092
1145.599976,-0.280881882
1145.700073,-0.280333519
1145.800049,-0.283075333
1145.900024,-0.28150177
1146,-0.275779724
1146.099976,-0.274098873
1146.200073,-0.270248413
1146.300049,-0.268865585
1146.400024,-0.276208878
1146.5,-0.279880524
1146.599976,-0.279117584
1146.700073,-0.274349213
1146.800049,-0.273204803
1146.900024,-0.271821976
1147,-0.272727966
1147.099976,-0.276018143
1147.200073,-0.274492264
1147.300049,-0.274897575
1147.400024,-0.274921417
1147.5,-0.274158478
1147.599976,-0.280023575
1147.700073,-0.268054962
1147.800049,-0.279642105
1147.900024,-0.276781082
1148,-0.274587631
1148.099976,-0.278831482
1148.200073,-0.275779724
1148.300049,-0.280595779
1148.400024,-0.267816544
1148.5,-0.278402328
1148.599976,-0.276161194
1148.700073,-0.274587631
1148.800049,-0.289035797
1148.900024,-0.281454086
1149,-0.26943779
1149.099976,-0.276065826
1149.200073,-0.270820618
1149.300049,-0.278497696
1149.400024,-0.278593063
1149.5,-0.270153046
1149.599976,-0.276256561
1149.700073,-0.262428284
1149.800049,-0.27611351
1149.900024,-0.280309677
1150,-0.265766144
1150.099976,-0.276542664
1150.200073,-0.271774292
1150.300049,-0.278116226
1150.400024,-0.274730682
1150.5,-0.277067184
1150.599976,-0.27945137
1150.700073,-0.275970459
1150.800049,-0.273729324
1150.900024,-0.270343781
1151,-0.271345139
1151.099976,-0.270582199
1151.200073,-0.271535873
1151.300049,-0.271094799
1151.400024,-0.271440506
1151.5,-0.270820618
1151.599976,-0.281930923
1151.700073,-0.271631241
1151.800049,-0.287652969
1151.900024,-0.28021431
1152,-0.270248413
1152.099976,-0.269771576
1152.200073,-0.274587631
1152.300049,-0.267911911
1152.400024,-0.278640747
1152.5,-0.280071259
1152.599976,-0.275588989
1152.700073,-0.26738739
1152.800049,-0.271965027
1152.900024,-0.269878864
1153,-0.271440506
1153.099976,-0.268722534
1153.200073,-0.274682999
1153.300049,-0.273347855
1153.400024,-0.273252487
1153.5,-0.274778366
1153.599976,-0.279403687
1153.700073,-0.273109436
1153.800049,-0.26738739
1153.900024,-0.277639389
1154,-0.263191223
1154.099976,-0.267196655
1154.200073,-0.273395538
1154.300049,-0.276065826
1154.400024,-0.270391464
1154.5,-0.276161194
1154.599976,-0.278926849
1154.700073,-0.266672134
1154.800049,-0.269104004
1154.900024,-0.267148972
1155,-0.270296097
1155.099976,-0.270915985
1155.200073,-0.272203445
1155.300049,-0.274349213
1155.400024,-0.274921417
1155.5,-0.275684357
1155.599976,-0.268817902
1155.700073,-0.271726608
1155.800049,-0.263906479
1155.900024,-0.269390106
1156,-0.273204803
1156.099976,-0.270200729
1156.200073,-0.262666702
1156.300049,-0.278402328
1156.400024,-0.263954163
1156.5,-0.274110794
1156.599976,-0.266433716
1156.700073,-0.268007278
1156.800049,-0.274301529
1156.900024,-0.278879166
1157,-0.283885956
1157.099976,-0.278485775
1157.200073,-0.275016785
1157.300049,-0.276161194
1157.400024,-0.273252487
1157.5,-0.267911911
1157.599976,-0.274778366
1157.700073,-0.27072525
1157.800049,-0.268007278
1157.900024,-0.266338348
1158,-0.269592762
1158.099976,-0.270200729
1158.200073,-0.273824692
1158.300049,-0.262142181
1158.400024,-0.270296097
1158.5,-0.266290665
1158.599976,-0.263906479
1158.700073,-0.272060394
1158.800049,-0.26571846
1158.900024,-0.273777008
1159,-0.256086349
1159.099976,-0.270343781
1159.200073,-0.28355217
1159.300049,-0.269866943
1159.400024,-0.265050888
1159.5,-0.277591705
1159.599976,-0.268341064
1159.700073,-0.27277565
1159.800049,-0.278402328
1159.900024,-0.269914627
1160,-0.265813828
1160.099976,-0.267244339
1160.200073,-0.274015427
1160.300049,-0.275159836
1160.400024,-0.266767502
1160.5,-0.261474609
1160.599976,-0.269247055
1160.700073,-0.26815033
1160.800049,-0.269104004
1160.900024,-0.264383316
1161,-0.275875092
1161.099976,-0.268388748
1161.200073,-0.275636673
1161.300049,-0.26199913
1161.400024,-0.274492264
1161.5,-0.267482758
1161.599976,-0.2623806
1161.700073,-0.271202087
1161.800049,-0.272298813
1161.900024,-0.272537231
1162,-0.26763773
1162.099976,-0.262619019
1162.200073,-0.263095856
1162.300049,-0.267554283
1162.400024,-0.273443222
1162.5,-0.271059036
1162.599976,-0.268817902
1162.700073,-0.259710312
1162.800049,-0.27482605
1162.900024,-0.257659912
1163,-0.267578125
1163.099976,-0.271726608
1163.200073,-0.264526367
1163.300049,-0.26738739
1163.400024,-0.267578125
1163.5,-0.269521236
1163.599976,-0.270820618
1163.700073,-0.272298813
1163.800049,-0.268889427
1163.900024,-0.267196655
1164,-0.265241623
1164.099976,-0.267053604
1164.200073,-0.26571846
1164.300049,-0.264228344
1164.400024,-0.261522293
1164.5,-0.262619019
1164.599976,-0.268293381
1164.700073,-0.27110672
1164.800049,-0.268865585
1164.900024,-0.267292023
1165,-0.270057678
1165.099976,-0.266755581
1165.200073,-0.262094498
1165.300049,-0.267578125
1165.400024,-0.262475967
1165.5,-0.271869659
1165.599976,-0.270820618
1165.700073,-0.263286591
1165.800049,-0.271965027
1165.900024,-0.277734756
1166,-0.268531799
1166.099976,-0.266767502
1166.200073,-0.264776707
1166.300049,-0.261140823
1166.400024,-0.262666702
1166.5,-0.265813828
1166.599976,-0.278020859
1166.700073,-0.274969101
1166.800049,-0.271154404
1166.900024,-0.268531799
1167,-0.268770218
1167.099976,-0.272537231
1167.200073,-0.267435074
1167.300049,-0.271821976
1167.400024,-0.270963669
1167.5,-0.269723892
1167.599976,-0.271965027
1167.700073,-0.257612228
1167.800049,-0.261283875
1167.900024,-0.270677567
1168,-0.270105362
1168.099976,-0.283647537
1168.200073,-0.267244339
1168.300049,-0.279594421
1168.400024,-0.26071167
1168.5,-0.26905632
1168.599976,-0.267196655
1168.700073,-0.277830124
1168.800049,-0.263095856
1168.900024,-0.274206161
1169,-0.265003204
1169.099976,-0.280977249
1169.200073,-0.27649498
1169.300049,-0.261808395
1169.400024,-0.269723892
1169.5,-0.275445938
1169.599976,-0.276542664
1169.700073,-0.264144897
1169.800049,-0.263286591
1169.900024,-0.26867485
1170,-0.264907837
1170.099976,-0.273872375
1170.200073,-0.27649498
1170.300049,-0.264287949
1170.400024,-0.269676208
1170.5,-0.273490906
1170.599976,-0.27854538
1170.700073,-0.267482758
1170.800049,-0.260663986
1170.900024,-0.272537231
1171,-0.262952805
1171.099976,-0.263525009
1171.200073,-0.266529083
1171.300049,-0.267864227
1171.400024,-0.271774292
1171.5,-0.275398254
1171.599976,-0.26905632
1171.700073,-0.275684357
1171.800049,-0.266052246
1171.900024,-0.272871017
1172,-0.265527725
1172.099976,-0.27406311
1172.200073,-0.272346497
1172.300049,-0.278879166
1172.400024,-0.27573204
1172.5,-0.27110672
1172.599976,-0.267435074
1172.700073,-0.268293381
1172.800049,-0.262535572
1172.900024,-0.253845215
1173,-0.260568619
1173.099976,-0.274110794
1173.200073,-0.273300171
1173.300049,-0.271917343
1173.400024,-0.275970459
1173.5,-0.259328842
1173.599976,-0.277210236
1173.700073,-0.265480042
1173.800049,-0.281263351
1173.900024,-0.267578125
1174,-0.270343781
1174.099976,-0.271249771
1174.200073,-0.262714386
1174.300049,-0.272823334
1174.400024,-0.25994873
1174.5,-0.271297455
1174.599976,-0.268245697
1174.700073,-0.271583557
1174.800049,-0.261856079
1174.900024,-0.274635315
1175,-0.260044098
1175.099976,-0.272632599
1175.200073,-0.25904274
1175.300049,-0.269390106
1175.400024,-0.274873734
1175.5,-0.265909195
1175.599976,-0.258470535
1175.700073,-0.257850647
1175.800049,-0.264836311
1175.900024,-0.270677567
1176,-0.272346497
1176.099976,-0.270296097
1176.200073,-0.269521236
1176.300049,-0.268054962
1176.400024,-0.26738739
1176.5,-0.274539948
1176.599976,-0.282217026
1176.700073,-0.265050888
1176.800049,-0.269294739
1176.900024,-0.263000488
1177,-0.265289307
1177.099976,-0.264574051
1177.200073,-0.262285233
1177.300049,-0.271726608
1177.400024,-0.259281158
1177.5,-0.27406311
1177.599976,-0.272584915
1177.700073,-0.268889427
1177.800049,-0.262952805
1177.900024,-0.265956879
1178,-0.270486832
1178.099976,-0.273490906
1178.200073,-0.263477325
1178.300049,-0.265766144
1178.400024,-0.272966385
1178.5,-0.261045456
1178.599976,-0.277639389
1178.700073,-0.263811111
1178.800049,-0.265384674
1178.900024,-0.274682999
1179,-0.265670776
1179.099976,-0.275159836
1179.200073,-0.253177643
1179.300049,-0.271154404
1179.400024,-0.254846573
1179.5,-0.267673492
1179.599976,-0.272727966
1179.700073,-0.259233475
1179.800049,-0.263095856
1179.900024,-0.261522293
1180,-0.258470535
1180.099976,-0.262964725
1180.200073,-0.2623806
1180.300049,-0.269485474
1180.400024,-0.25775528
1180.5,-0.266624451
1180.599976,-0.25904274
1180.700073,-0.27482605
1180.800049,-0.257040024
1180.900024,-0.274015427
1181,-0.27444458
1181.099976,-0.266576767
1181.200073,-0.258422852
1181.300049,-0.27740097
1181.400024,-0.26981926
1181.5,-0.265527725
1181.599976,-0.265193939
1181.700073,-0.268007278
1181.800049,-0.270772934
1181.900024,-0.259233475
1182,-0.269723892
1182.099976,-0.254226685
1182.200073,-0.249744415
1182.300049,-0.260568619
1182.400024,-0.258327484
1182.5,-0.259519577
1182.599976,-0.269485474
1182.700073,-0.271869659
1182.800049,-0.263715744
1182.900024,-0.271202087
1183,-0.268436432
1183.099976,-0.267578125
1183.200073,-0.269962311
1183.300049,-0.27315712
1183.400024,-0.259757996
1183.5,-0.271583557
1183.599976,-0.263954163
1183.700073,-0.261140823
1183.800049,-0.272966385
1183.900024,-0.274158478
1184,-0.267625809
1184.099976,-0.27816391
1184.200073,-0.262046814
1184.300049,-0.26738739
1184.400024,-0.26815033
1184.5,-0.26905632
1184.599976,-0.270915985
1184.700073,-0.269771576
1184.800049,-0.258375168
1184.900024,-0.261379242
1185,-0.269247055
1185.099976,-0.274587631
1185.200073,-0.263191223
1185.300049,-0.273538589
1185.400024,-0.266195297
1185.5,-0.254894257
1185.599976,-0.273920059
1185.700073,-0.269151688
1185.800049,-0.262046814
1185.900024,-0.269580841
1186,-0.265527725
1186.099976,-0.263000488
1186.200073,-0.262428284
1186.300049,-0.260997772
1186.400024,-0.260187149
1186.5,-0.262809753
1186.599976,-0.254798889
1186.700073,-0.27239418
1186.800049,-0.260759354
1186.900024,-0.264144897
1187,-0.272727966
1187.099976,-0.271392822
1187.200073,-0.264717102
1187.300049,-0.264764786
1187.400024,-0.268245697
1187.5,-0.266242981
1187.599976,-0.264907837
1187.700073,-0.267053604
1187.800049,-0.263334274
1187.900024,-0.265432358
1188,-0.270677567
1188.099976,-0.259519577
1188.200073,-0.26981926
1188.300049,-0.261188507
1188.400024,-0.268722534
1188.5,-0.265909195
1188.599976,-0.269485474
1188.700073,-0.27444458
1188.800049,-0.263572693
1188.900024,-0.269866943
1189,-0.266815186
1189.099976,-0.265623093
1189.200073,-0.270200729
1189.300049,-0.263334274
1189.400024,-0.270153046
1189.5,-0.255895615
1189.599976,-0.273777008
1189.700073,-0.261713028
1189.800049,-0.26199913
1189.900024,-0.26867485
1190,-0.272060394
1190.099976,-0.263048172
1190.200073,-0.271965027
1190.300049,-0.269342422
1190.400024,-0.265384674
1190.5,-0.269390106
1190.599976,-0.273777008
1190.700073,-0.260044098
1190.800049,-0.265766144
1190.900024,-0.267959595
1191,-0.263811111
1191.099976,-0.263572693
1191.200073,-0.257946014
1191.300049,-0.262905121
1191.400024,-0.268770218
1191.5,-0.268627167
1191.599976,-0.264729023
1191.700073,-0.261426926
1191.800049,-0.260091782
1191.900024,-0.26738739
1192,-0.271678925
1192.099976,-0.267220497
1192.200073,-0.265098572
1192.300049,-0.264717102
1192.400024,-0.268114567
1192.5,-0.271774292
1192.599976,-0.270868301
1192.700073,-0.267292023
1192.800049,-0.26700592
1192.900024,-0.267780781
1193,-0.268677831
1193.099976,-0.270248413
1193.200073,-0.269676208
1193.300049,-0.266767502
1193.400024,-0.258852005
1193.5,-0.265623093
1193.599976,-0.261045456
1193.700073,-0.270391464
1193.800049,-0.260997772
1193.900024,-0.267482758
1194,-0.260902405
1194.099976,-0.260044098
1194.200073,-0.26315546
1194.300049,-0.26738739
1194.400024,-0.264287949
1194.5,-0.273538589
1194.599976,-0.273300171
1194.700073,-0.264144897
1194.800049,-0.270296097
1194.900024,-0.253129959
1195,-0.265146255
1195.099976,-0.272346497
1195.200073,-0.269199371
1195.300049,-0.262189865
1195.400024,-0.251413345
1195.5,-0.251127243
1195.599976,-0.255871773
1195.700073,-0.254989624
1195.800049,-0.265956879
1195.900024,-0.270582199
1196,-0.266958237
1196.099976,-0.261236191
1196.200073,-0.267339706
1196.300049,-0.265050888
1196.400024,-0.274301529
1196.5,-0.266052246
1196.599976,-0.272918701
1196.700073,-0.268579483
1196.800049,-0.264383316
1196.900024,-0.254703522
1197,-0.269533157
1197.099976,-0.264144897
1197.200073,-0.27239418
1197.300049,-0.265098572
1197.400024,-0.271869659
1197.5,-0.271821976
1197.599976,-0.26854372
1197.700073,-0.263525009
1197.800049,-0.266958237
1197.900024,-0.269866943
1198,-0.276018143
1198.099976,-0.267780781
1198.200073,-0.263286591
1198.300049,-0.261951447
1198.400024,-0.262666702
1198.5,-0.265193939
1198.599976,-0.259901047
1198.700073,-0.266719818
1198.800049,-0.268484116
1198.900024,-0.264907837
1199,-0.262237549
1199.099976,-0.261569977
1199.200073,-0.257469177
1199.300049,-0.260950089
1199.400024,-0.264001846
1199.5,-0.260759354
1199.599976,-0.273109436
1199.700073,-0.26071167
1199.800049,-0.271678925
1199.900024,-0.266624451
1200,-0.261474609
1200.099976,-0.252891541
1200.200073,-0.257278442
1200.300049,-0.261665344
1200.400024,-0.261331558
1200.5,-0.261689186
1200.599976,-0.2623806
1200.700073,-0.261379242
1200.800049,-0.264097214
1200.900024,-0.257612228
1201,-0.256837368
1201.099976,-0.252414703
1201.200073,-0.253225327
1201.300049,-0.254703522
1201.400024,-0.256753922
1201.5,-0.256420135
1201.599976,-0.2587924
1201.700073,-0.261331558
1201.800049,-0.260663986
1201.900024,-0.26571846
1202,-0.267911911
1202.099976,-0.266672134
1202.200073,-0.263310432
1202.300049,-0.260091782
1202.400024,-0.258565903
1202.5,-0.258422852
1202.599976,-0.255657196
1202.700073,-0.257421494
1202.800049,-0.260377884
1202.900024,-0.267339706
1203,-0.261713028
1203.099976,-0.258041382
1203.200073,-0.263179302
1203.300049,-0.265813828
1203.400024,-0.267148972
1203.5,-0.259662628
1203.599976,-0.262857437
1203.700073,-0.258470535
1203.800049,-0.270439148
1203.900024,-0.267101288
1204,-0.252557755
1204.099976,-0.256372452
1204.200073,-0.257874489
1204.300049,-0.261856079
1204.400024,-0.26071167
1204.5,-0.259102345
1204.599976,-0.25327301
1204.700073,-0.260568619
1204.800049,-0.264574051
1204.900024,-0.265289307
1205,-0.269485474
1205.099976,-0.263060093
1205.200073,-0.259805679
1205.300049,-0.257659912
1205.400024,-0.259591103
1205.5,-0.260902405
1205.599976,-0.259996414
1205.700073,-0.260652065
1205.800049,-0.260234833
1205.900024,-0.261474609
1206,-0.259805679
1206.099976,-0.264097214
1206.200073,-0.2582798
1206.300049,-0.26776886
1206.400024,-0.263811111
1206.5,-0.267244339
1206.599976,-0.272823334
1206.700073,-0.262523651
1206.800049,-0.269199371
1206.900024,-0.24955368
1207,-0.262952805
1207.099976,-0.250268936
1207.200073,-0.258470535
1207.300049,-0.266195297
1207.400024,-0.257707596
1207.5,-0.25699234
1207.599976,-0.265193939
1207.700073,-0.26815033
1207.800049,-0.259185791
1207.900024,-0.272060394
1208,-0.251270294
1208.099976,-0.2623806
1208.200073,-0.262523651
1208.300049,-0.26815033
1208.400024,-0.257230759
1208.5,-0.270105362
1208.599976,-0.262189865
1208.700073,-0.270200729
1208.800049,-0.267959595
1208.900024,-0.267530441
1209,-0.266624451
1209.099976,-0.264371395
1209.200073,-0.261856079
1209.300049,-0.261474609
1209.400024,-0.255228043
1209.5,-0.26109314
1209.599976,-0.266624451
1209.700073,-0.267482758
1209.800049,-0.255228043
1209.900024,-0.260616302
1210,-0.258565903
1210.099976,-0.259328842
1210.200073,-0.259090424
1210.300049,-0.262857437
1210.400024,-0.256324768
1210.5,-0.260091782
1210.599976,-0.249505997
1210.700073,-0.268007278
1210.800049,-0.276065826
1210.900024,-0.255037308
1211,-0.265384674
1211.099976,-0.267244339
1211.200073,-0.265003204
1211.300049,-0.259710312
1211.400024,-0.267625809
1211.5,-0.251317978
1211.599976,-0.256801605
1211.700073,-0.264526367
1211.800049,-0.270677567
1211.900024,-0.259757996
1212,-0.270009995
1212.099976,-0.250555038
1212.200073,-0.259757996
1212.300049,-0.260044098
1212.400024,-0.260413647
1212.5,-0.260950089
1212.599976,-0.260902405
1212.700073,-0.26533699
1212.800049,-0.268484116
1212.900024,-0.26981926
1213,-0.270629883
1213.099976,-0.27611351
1213.200073,-0.257469177
1213.300049,-0.269771576
1213.400024,-0.264192581
1213.5,-0.265050888
1213.599976,-0.250411987
1213.700073,-0.271297455
1213.800049,-0.260854721
1213.900024,-0.258708954
1214,-0.259901047
1214.099976,-0.256086349
1214.200073,-0.256134033
1214.300049,-0.255371094
1214.400024,-0.265623093
1214.5,-0.246835709
1214.599976,-0.259710312
1214.700073,-0.259281158
1214.800049,-0.253368378
1214.900024,-0.257850647
1215,-0.268341064
1215.099976,-0.255657196
1215.200073,-0.259614944
1215.300049,-0.258852005
1215.400024,-0.268341064
1215.5,-0.261808395
1215.599976,-0.256229401
1215.700073,-0.259376526
1215.800049,-0.258375168
1215.900024,-0.252843857
1216,-0.256658554
1216.099976,-0.255633354
1216.200073,-0.25737381
1216.300049,-0.255657196
1216.400024,-0.262094498
1216.5,-0.25570488
1216.599976,-0.259519577
1216.700073,-0.263429642
1216.800049,-0.259233475
1216.900024,-0.261617661
1217,-0.259722233
1217.099976,-0.260568619
1217.200073,-0.257469177
1217.300049,-0.270772934
1217.400024,-0.258375168
1217.5,-0.264907837
1217.599976,-0.265289307
1217.700073,-0.264967442
1217.800049,-0.260902405
1217.900024,-0.268770218
1218,-0.259471893
1218.099976,-0.266862869
1218.200073,-0.253940582
1218.300049,-0.263763428
1218.400024,-0.25994873
1218.5,-0.262905121
1218.599976,-0.263238907
1218.700073,-0.263715744
1218.800049,-0.263215065
1218.900024,-0.262905121
1219,-0.263000488
1219.099976,-0.264669418
1219.200073,-0.265527725
1219.300049,-0.266719818
1219.400024,-0.267721176
1219.5,-0.264526367
1219.599976,-0.258089066
1219.700073,-0.263477325
1219.800049,-0.256515503
1219.900024,-0.267578125
1220,-0.265241623
1220.099976,-0.26276207
1220.200073,-0.258565903
1220.300049,-0.259662628
1220.400024,-0.258041382
1220.5,-0.256515503
1220.599976,-0.254369736
1220.700073,-0.267196655
1220.800049,-0.257040024
1220.900024,-0.262571335
1221,-0.261808395
1221.099976,-0.2603302
1221.200073,-0.26867485
1221.300049,-0.255847931
1221.400024,-0.262905121
1221.5,-0.267673492
1221.599976,-0.258852005
1221.700073,-0.266147614
1221.800049,-0.26776886
1221.900024,-0.259018898
1222,-0.250650406
1222.099976,-0.251508713
1222.200073,-0.261474609
1222.300049,-0.266147614
1222.400024,-0.267196655
1222.5,-0.263286591
1222.599976,-0.258089066
1222.700073,-0.271297455
1222.800049,-0.256134033
1222.900024,-0.25160408
1223,-0.265956879
1223.099976,-0.248838425
1223.200073,-0.259138107
1223.300049,-0.262285233
1223.400024,-0.263381958
1223.5,-0.257326126
1223.599976,-0.25904274
1223.700073,-0.256801605
1223.800049,-0.253892899
1223.900024,-0.26571846
1224,-0.261856079
1224.099976,-0.251031876
1224.200073,-0.255895615
1224.300049,-0.261951447
1224.400024,-0.263191223
1224.5,-0.256134033
1224.599976,-0.261951447
1224.700073,-0.265861511
1224.800049,-0.258518219
1224.900024,-0.253845215
1225,-0.261367321
1225.099976,-0.266290665
1225.200073,-0.266815186
1225.300049,-0.273920059
1225.400024,-0.265050888
1225.5,-0.27148819
1225.599976,-0.255609512
1225.700073,-0.251508713
1225.800049,-0.255609512
1225.900024,-0.255752563
1226,-0.255633354
1226.099976,-0.256706238
1226.200073,-0.261814356
1226.300049,-0.266338348
1226.400024,-0.260522425
1226.5,-0.257040024
1226.599976,-0.256896973
1226.700073,-0.262285233
1226.800049,-0.259877205
1226.900024,-0.260950089
1227,-0.259376526
1227.099976,-0.260425568
1227.200073,-0.259710312
1227.300049,-0.261665344
1227.400024,-0.265098572
1227.5,-0.254798889
1227.599976,-0.264955521
1227.700073,-0.255943298
1227.800049,-0.264001846
1227.900024,-0.257469177
1228,-0.266624451
1228.099976,-0.24697876
1228.200073,-0.263191223
1228.300049,-0.256086349
1228.400024,-0.25403595
1228.5,-0.261283875
1228.599976,-0.257802963
1228.700073,-0.257075787
1228.800049,-0.256131053
1228.900024,-0.254989624
1229,-0.254655838
1229.099976,-0.259221554
1229.200073,-0.262666702
1229.300049,-0.264574051
1229.400024,-0.257469177
1229.5,-0.263048172
1229.599976,-0.266767502
1229.700073,-0.261236191
1229.800049,-0.259328842
1229.900024,-0.25737381
1230,-0.254369736
1230.099976,-0.256467819
1230.200073,-0.255466461
1230.300049,-0.255859852
1230.400024,-0.254083633
1230.5,-0.257421494
1230.599976,-0.259376526
1230.700073,-0.261665344
1230.800049,-0.261641502
1230.900024,-0.259567261
1231,-0.265956879
1231.099976,-0.259054661
1231.200073,-0.25494194
1231.300049,-0.255752563
1231.400024,-0.250936508
1231.5,-0.253463745
1231.599976,-0.252891541
1231.700073,-0.254274368
1231.800049,-0.255084991
1231.900024,-0.271202087
1232,-0.271583557
1232.099976,-0.254465103
1232.200073,-0.261283875
1232.300049,-0.254226685
1232.400024,-0.266624451
1232.5,-0.253559113
1232.599976,-0.261522293
1232.700073,-0.25031662
1232.800049,-0.249172211
1232.900024,-0.266958237
1233,-0.261522293
1233.099976,-0.249410629
1233.200073,-0.278640747
1233.300049,-0.25494194
1233.400024,-0.259996414
1233.5,-0.252748489
1233.599976,-0.265098572
1233.700073,-0.253463745
1233.800049,-0.253749847
1233.900024,-0.252986908
1234,-0.260091782
1234.099976,-0.267053604
1234.200073,-0.261903763
1234.300049,-0.26533699
1234.400024,-0.260568619
1234.5,-0.258768559
1234.599976,-0.254512787
1234.700073,-0.254655838
1234.800049,-0.266338348
1234.900024,-0.256372452
1235,-0.263715744
1235.099976,-0.257802963
1235.200073,-0.25532341
1235.300049,-0.262142181
1235.400024,-0.26815033
1235.5,-0.263525009
1235.599976,-0.25031662
1235.700073,-0.25775528
1235.800049,-0.263286591
1235.900024,-0.263477325
1236,-0.262535572
1236.099976,-0.262523651
1236.200073,-0.260854721
1236.300049,-0.259746075
1236.400024,-0.259805679
1236.5,-0.255800247
1236.599976,-0.252271652
1236.700073,-0.258899689
1236.800049,-0.252510071
1236.900024,-0.260377884
1237,-0.252653122
1237.099976,-0.268484116
1237.200073,-0.250268936
1237.300049,-0.257135391
1237.400024,-0.25198555
1237.5,-0.258089066
1237.599976,-0.25570488
1237.700073,-0.258756638
1237.800049,-0.260044098
1237.900024,-0.260091782
1238,-0.253606796
1238.099976,-0.25661087
1238.200073,-0.261331558
1238.300049,-0.265193939
1238.400024,-0.263083935
1238.5,-0.264478683
1238.599976,-0.261331558
1238.700073,-0.261140823
1238.800049,-0.258959293
1238.900024,-0.25775528
1239,-0.255609512
1239.099976,-0.247407913
1239.200073,-0.261474609
1239.300049,-0.249362946
1239.400024,-0.25737381
1239.5,-0.261713028
1239.599976,-0.264192581
1239.700073,-0.253463745
1239.800049,-0.256706238
1239.900024,-0.254655838
1240,-0.251270294
1240.099976,-0.249982834
1240.200073,-0.249267578
1240.300049,-0.251031876
1240.400024,-0.256563187
1240.5,-0.255037308
1240.599976,-0.258613586
1240.700073,-0.260234833
1240.800049,-0.258184433
1240.900024,-0.259471893
1241,-0.262809753
1241.099976,-0.260282516
1241.200073,-0.258136749
1241.300049,-0.267339706
1241.400024,-0.247407913
1241.5,-0.26533699
1241.599976,-0.258565903
1241.700073,-0.262046814
1241.800049,-0.25236702
1241.900024,-0.260950089
1242,-0.255847931
1242.099976,-0.254894257
1242.200073,-0.249696732
1242.300049,-0.253749847
1242.400024,-0.248802662
1242.5,-0.247407913
1242.599976,-0.25455153
1242.700073,-0.263286591
1242.800049,-0.258708954
1242.900024,-0.24788475
1243,-0.253797531
1243.099976,-0.256420135
1243.200073,-0.251651764
1243.300049,-0.257087708
1243.400024,-0.257612228
1243.5,-0.252223969
1243.599976,-0.255895615
1243.700073,-0.260044098
1243.800049,-0.263286591
1243.900024,-0.254226685
1244,-0.267482758
1244.099976,-0.250745773
1244.200073,-0.2603302
1244.300049,-0.266338348
1244.400024,-0.255847931
1244.5,-0.256706238
1244.599976,-0.252891541
1244.700073,-0.259328842
1244.800049,-0.243688583
1244.900024,-0.261236191
1245,-0.247598648
1245.099976,-0.250364304
1245.200073,-0.259328842
1245.300049,-0.257564545
1245.400024,-0.25403595
1245.5,-0.254584312
1245.599976,-0.253416061
1245.700073,-0.253320694
1245.800049,-0.256324768
1245.900024,-0.254655838
1246,-0.257087708
1246.099976,-0.256706238
1246.200073,-0.248218536
1246.300049,-0.257135391
1246.400024,-0.265432358
1246.5,-0.255609512
1246.599976,-0.253463745
1246.700073,-0.267482758
1246.800049,-0.242544174
1246.900024,-0.264764786
1247,-0.254703522
1247.099976,-0.256181717
1247.200073,-0.253368378
1247.300049,-0.25942421
1247.400024,-0.250411987
1247.5,-0.258136749
1247.599976,-0.255418777
1247.700073,-0.254846573
1247.800049,-0.25391674
1247.900024,-0.25365448
1248,-0.251747131
1248.099976,-0.264097214
1248.200073,-0.246358871
1248.300049,-0.253702164
1248.400024,-0.258184433
1248.5,-0.259757996
1248.599976,-0.254989624
1248.700073,-0.251365662
1248.800049,-0.260854721
1248.900024,-0.248981476
1249,-0.252271652
1249.099976,-0.260950089
1249.200073,-0.258232117
1249.300049,-0.252891541
1249.400024,-0.248600006
1249.5,-0.255609512
1249.599976,-0.253749847
1249.700073,-0.256896973
1249.800049,-0.255514145
1249.900024,-0.252796173
1250,-0.247455597
1250.099976,-0.246549606
1250.200073,-0.255084991
1250.300049,-0.266576767
1250.400024,-0.249315262
1250.5,-0.252462387
1250.599976,-0.25942421
1250.700073,-0.254226685
1250.800049,-0.24864769
1250.900024,-0.255120754
1251,-0.259233475
1251.099976,-0.258375168
1251.200073,-0.252510071
1251.300049,-0.253463745
1251.400024,-0.256563187
1251.5,-0.251413345
1251.599976,-0.257564545
1251.700073,-0.25494194
1251.800049,-0.25661087
1251.900024,-0.248409271
1252,-0.250745773
1252.099976,-0.243545532
1252.200073,-0.250221252
1252.300049,-0.254131317
1252.400024,-0.264287949
1252.5,-0.246311188
1252.599976,-0.266862869
1252.700073,-0.255847931
1252.800049,-0.25327301
1252.900024,-0.250555038
1253,-0.251413345
1253.099976,-0.253034592
1253.200073,-0.255132675
1253.300049,-0.257707596
1253.400024,-0.258375168
1253.5,-0.259889126
1253.599976,-0.262285233
1253.700073,-0.261188507
1253.800049,-0.258637428
1253.900024,-0.255180359
1254,-0.255895615
1254.099976,-0.25775528
1254.200073,-0.255371094
1254.300049,-0.247741699
1254.400024,-0.250078201
1254.5,-0.24659729
1254.599976,-0.253797531
1254.700073,-0.248504639
1254.800049,-0.250078201
1254.900024,-0.259901047
1255,-0.255371094
1255.099976,-0.257016182
1255.200073,-0.255084991
1255.300049,-0.257707596
1255.400024,-0.24697876
1255.5,-0.254417419
1255.599976,-0.266719818
1255.700073,-0.246740341
1255.800049,-0.252748489
1255.900024,-0.260473251
1256,-0.247980118
1256.099976,-0.251937866
1256.200073,-0.259233475
1256.300049,-0.245738983
1256.400024,-0.254226685
1256.5,-0.252414703
1256.599976,-0.251317978
1256.700073,-0.246549606
1256.800049,-0.248552322
1256.900024,-0.252510071
1257,-0.252772331
1257.099976,-0.253171682
1257.200073,-0.253122509
1257.300049,-0.253320694
1257.400024,-0.253225327
1257.5,-0.244689941
1257.599976,-0.252271652
1257.700073,-0.245405197
1257.800049,-0.24659729
1257.900024,-0.251508713
1258,-0.249792099
1258.099976,-0.244260788
1258.200073,-0.251842499
1258.300049,-0.259376526
1258.400024,-0.251699448
1258.5,-0.257802963
1258.599976,-0.267864227
1258.700073,-0.262475967
1258.800049,-0.251794815
1258.900024,-0.251794815
1259,-0.257850647
1259.099976,-0.247407913
1259.200073,-0.259662628
1259.300049,-0.24993515
1259.400024,-0.24826622
1259.5,-0.255275726
1259.599976,-0.253129959
1259.700073,-0.259901047
1259.800049,-0.263000488
1259.900024,-0.257743359
1260,-0.253797531
1260.099976,-0.254274368
1260.200073,-0.260759354
1260.300049,-0.244070053
1260.400024,-0.258804321
1260.5,-0.253797531
1260.599976,-0.256467819
1260.700073,-0.246644974
1260.800049,-0.255418777
1260.900024,-0.265098572
1261,-0.250221252
1261.099976,-0.257659912
1261.200073,-0.252605438
1261.300049,-0.257230759
1261.400024,-0.250030518
1261.5,-0.252843857
1261.599976,-0.247074127
1261.700073,-0.24864769
1261.800049,-0.252510071
1261.900024,-0.251508713
1262,-0.263572693
1262.099976,-0.241828918
1262.200073,-0.254322052
1262.300049,-0.260044098
1262.400024,-0.25570488
1262.5,-0.24621582
1262.599976,-0.260663986
1262.700073,-0.251461029
1262.800049,-0.259090424
1262.900024,-0.260902405
1263,-0.248409271
1263.099976,-0.245643616
1263.200073,-0.257326126
1263.300049,-0.259233475
1263.400024,-0.251842499
1263.5,-0.244165421
1263.599976,-0.262094498
1263.700073,-0.251890182
1263.800049,-0.251079559
1263.900024,-0.245834351
1264,-0.255657196
1264.099976,-0.266767502
1264.200073,-0.259567261
1264.300049,-0.256277084
1264.400024,-0.255084991
1264.5,-0.241304398
1264.599976,-0.255180359
1264.700073,-0.26981926
1264.800049,-0.255228043
1264.900024,-0.245548248
1265,-0.250507355
1265.099976,-0.257421494
1265.200073,-0.244356155
1265.300049,-0.24788475
1265.400024,-0.253606796
1265.5,-0.25031662
1265.599976,-0.265003204
1265.700073,-0.262237549
1265.800049,-0.253559113
1265.900024,-0.252557755
1266,-0.264526367
1266.099976,-0.261379242
1266.200073,-0.249458313
1266.300049,-0.251508713
1266.400024,-0.247074127
1266.5,-0.251794815
1266.599976,-0.257659912
1266.700073,-0.249887466
1266.800049,-0.247360229
1266.900024,-0.254083633
1267,-0.255943298
1267.099976,-0.25031662
1267.200073,-0.252462387
1267.300049,-0.255609512
1267.400024,-0.249744415
1267.5,-0.254655838
1267.599976,-0.250030518
1267.700073,-0.252700806
1267.800049,-0.247598648
1267.900024,-0.258470535
1268,-0.246072769
1268.099976,-0.25403595
1268.200073,-0.250745773
1268.300049,-0.243497849
1268.400024,-0.256706238
1268.5,-0.249649048
1268.599976,-0.252080917
1268.700073,-0.248695374
1268.800049,-0.26071167
1268.900024,-0.245119095
1269,-0.25532341
1269.099976,-0.262952805
1269.200073,-0.255478382
1269.300049,-0.252080917
1269.400024,-0.251556396
1269.5,-0.253368378
1269.599976,-0.251937866
1269.700073,-0.246549606
1269.800049,-0.248552322
1269.900024,-0.247264862
1270,-0.247121811
1270.099976,-0.246835709
1270.200073,-0.247407913
1270.300049,-0.249410629
1270.400024,-0.246263504
1270.5,-0.254894257
1270.599976,-0.263286591
1270.700073,-0.259805679
1270.800049,-0.251747131
1270.900024,-0.25365448
1271,-0.24621582
1271.099976,-0.256134033
1271.200073,-0.249696732
1271.300049,-0.254894257
1271.400024,-0.244070053
1271.5,-0.259233475
1271.599976,-0.237346649
1271.700073,-0.260091782
1271.800049,-0.252080917
1271.900024,-0.246740341
1272,-0.248981476
1272.099976,-0.251413345
1272.200073,-0.24325943
1272.300049,-0.24492836
1272.400024,-0.249744415
1272.5,-0.253308773
1272.599976,-0.258995056
1272.700073,-0.259567261
1272.800049,-0.261617661
1272.900024,-0.255788326
1273,-0.252319336
1273.099976,-0.249649048
1273.200073,-0.256420135
1273.300049,-0.258089066
1273.400024,-0.244499207
1273.5,-0.263334274
1273.599976,-0.250841141
1273.700073,-0.25031662
1273.800049,-0.247896671
1273.900024,-0.244594574
1274,-0.245834351
1274.099976,-0.255847931
1274.200073,-0.252891541
1274.300049,-0.245738983
1274.400024,-0.247121811
1274.5,-0.249172211
1274.599976,-0.249172211
1274.700073,-0.253463745
1274.800049,-0.253511429
1274.900024,-0.254179001
1275,-0.250137806
1275.099976,-0.246501923
1275.200073,-0.246358871
1275.300049,-0.251413345
1275.400024,-0.243497849
1275.5,-0.259328842
1275.599976,-0.256515503
1275.700073,-0.247789383
1275.800049,-0.250411987
1275.900024,-0.25661087
1276,-0.251699448
1276.099976,-0.249219894
1276.200073,-0.256801605
1276.300049,-0.241828918
1276.400024,-0.256134033
1276.5,-0.24082756
1276.599976,-0.262905121
1276.700073,-0.246883392
1276.800049,-0.256801605
1276.900024,-0.253416061
1277,-0.249362946
1277.099976,-0.253368378
1277.200073,-0.24454689
1277.300049,-0.259996414
1277.400024,-0.252080917
1277.5,-0.238395691
1277.599976,-0.248552322
1277.700073,-0.240207672
1277.800049,-0.257469177
1277.900024,-0.262237549
1278,-0.253463745
1278.099976,-0.245071411
1278.200073,-0.25737381
1278.300049,-0.244832993
1278.400024,-0.241113663
1278.5,-0.243199825
1278.599976,-0.241352081
1278.700073,-0.245500565
1278.800049,-0.244260788
1278.900024,-0.247837067
1279,-0.252986908
1279.099976,-0.241876602
1279.200073,-0.250793457
1279.300049,-0.244213104
1279.400024,-0.253177643
1279.5,-0.246788025
1279.599976,-0.256658554
1279.700073,-0.261617661
1279.800049,-0.255514145
1279.900024,-0.250030518
1280,-0.252223969
1280.099976,-0.249982834
1280.200073,-0.254751205
1280.300049,-0.252796173
1280.400024,-0.247741699
1280.5,-0.255275726
1280.599976,-0.243021011
1280.700073,-0.243927002
1280.800049,-0.252700806
1280.900024,-0.256801605
1281,-0.247646332
1281.099976,-0.239730835
1281.200073,-0.252986908
1281.300049,-0.252700806
1281.400024,-0.256944656
1281.5,-0.252521992
1281.599976,-0.251079559
1281.700073,-0.249362946
1281.800049,-0.24082756
1281.900024,-0.245214462
1282,-0.25327301
1282.099976,-0.257183075
1282.200073,-0.248695374
1282.300049,-0.256467819
1282.400024,-0.252748489
1282.5,-0.244499207
1282.599976,-0.243402481
1282.700073,-0.249696732
1282.800049,-0.254131317
1282.900024,-0.244832993
1283,-0.250221252
1283.099976,-0.260139465
1283.200073,-0.261188507
1283.300049,-0.249887466
1283.400024,-0.253320694
1283.5,-0.247455597
1283.599976,-0.252462387
1283.700073,-0.250555038
1283.800049,-0.248790741
1283.900024,-0.248409271
1284,-0.24659729
1284.099976,-0.243879318
1284.200073,-0.24530983
1284.300049,-0.244642258
1284.400024,-0.246168137
1284.5,-0.243211746
1284.599976,-0.251079559
1284.700073,-0.261140823
1284.800049,-0.238586426
1284.900024,-0.248504639
1285,-0.252080917
1285.099976,-0.236345291
1285.200073,-0.257946014
1285.300049,-0.241018295
1285.400024,-0.245929718
1285.5,-0.251174927
1285.599976,-0.254655838
1285.700073,-0.249649048
1285.800049,-0.264621735
1285.900024,-0.241447449
1286,-0.247741699
1286.099976,-0.253559113
1286.200073,-0.244737625
1286.300049,-0.245023727
1286.400024,-0.247920513
1286.5,-0.249362946
1286.599976,-0.252557755
1286.700073,-0.24826622
1286.800049,-0.251365662
1286.900024,-0.24864769
1287,-0.249172211
1287.099976,-0.243354797
1287.200073,-0.248838425
1287.300049,-0.247872829
1287.400024,-0.249887466
1287.5,-0.249410629
1287.599976,-0.247002602
1287.700073,-0.243211746
1287.800049,-0.245500565
1287.900024,-0.246883392
1288,-0.248981476
1288.099976,-0.251031876
1288.200073,-0.253320694
1288.300049,-0.251842499
1288.400024,-0.248409271
1288.5,-0.250125885
1288.599976,-0.248290062
1288.700073,-0.246311188
1288.800049,-0.248313904
1288.900024,-0.243307114
1289,-0.243235588
1289.099976,-0.239826202
1289.200073,-0.241495132
1289.300049,-0.251937866
1289.400024,-0.254417419
1289.5,-0.250197411
1289.599976,-0.248933792
1289.700073,-0.245500565
1289.800049,-0.247121811
1289.900024,-0.249362946
1290,-0.251317978
1290.099976,-0.249839783
1290.200073,-0.264144897
1290.300049,-0.249410629
1290.400024,-0.238204956
1290.5,-0.251031876
1290.599976,-0.256420135
1290.700073,-0.247932434
1290.800049,-0.264431
1290.900024,-0.247932434
1291,-0.246549606
1291.099976,-0.257802963
1291.200073,-0.245023727
1291.300049,-0.253368378
1291.400024,-0.250984192
1291.5,-0.25494194
1291.599976,-0.246358871
1291.700073,-0.244260788
1291.800049,-0.249982834
1291.900024,-0.250841141
1292,-0.248743057
1292.099976,-0.247407913
1292.200073,-0.248075485
1292.300049,-0.25198555
1292.400024,-0.250221252
1292.5,-0.247026443
1292.599976,-0.24993515
1292.700073,-0.257898331
1292.800049,-0.251937866
1292.900024,-0.246358871
1293,-0.247837067
1293.099976,-0.243211746
1293.200073,-0.243831635
1293.300049,-0.247837067
1293.400024,-0.253177643
1293.5,-0.248075485
1293.599976,-0.257421494
1293.700073,-0.245071411
1293.800049,-0.248123169
1293.900024,-0.254751205
1294,-0.248409271
1294.099976,-0.242639542
1294.200073,-0.238634109
1294.300049,-0.258136749
1294.400024,-0.247360229
1294.5,-0.258756638
1294.599976,-0.257469177
1294.700073,-0.248981476
1294.800049,-0.248361588
1294.900024,-0.257040024
1295,-0.244737625
1295.099976,-0.252653122
1295.200073,-0.259805679
1295.300049,-0.249458313
1295.400024,-0.257516861
1295.5,-0.253463745
1295.599976,-0.249792099
1295.700073,-0.251317978
1295.800049,-0.247026443
1295.900024,-0.251687527
1296,-0.253606796
1296.099976,-0.254798889
1296.200073,-0.249792099
1296.300049,-0.240255356
1296.400024,-0.251079559
1296.5,-0.24454689
1296.599976,-0.252080917
1296.700073,-0.250602722
1296.800049,-0.245500565
1296.900024,-0.250507355
1297,-0.244785309
1297.099976,-0.245905876
1297.200073,-0.242162704
1297.300049,-0.246168137
1297.400024,-0.251794815
1297.5,-0.247360229
1297.599976,-0.246311188
1297.700073,-0.247860909
1297.800049,-0.249887466
1297.900024,-0.24788475
1298,-0.24646616
1298.099976,-0.244165421
1298.200073,-0.243927002
1298.300049,-0.247741699
1298.400024,-0.245214462
1298.5,-0.259662628
1298.599976,-0.24454689
1298.700073,-0.234485626
1298.800049,-0.250888824
1298.900024,-0.241876602
1299,-0.242162704
1299.099976,-0.244832993
1299.200073,-0.237680435
1299.300049,-0.252462387
1299.400024,-0.241924286
1299.5,-0.242830276
1299.599976,-0.249649048
1299.700073,-0.243021011
1299.800049,-0.238491058
1299.900024,-0.250841141
1300,-0.24697876
1300.099976,-0.250173569
1300.200073,-0.250602722
1300.300049,-0.307727814
1300.400024,-0.328470707
1300.5,-0.307966232
1300.599976,-0.312162399
1300.700073,-0.313545704
1300.800049,-0.31759882
1300.900024,-0.317980289
1301,-0.309492111
1301.099976,-0.310255051
1301.200073,-0.3137362
1301.300049,-0.31721735
1301.400024,-0.317980289
1301.5,-0.312400818
1301.599976,-0.318981647
1301.700073,-0.312544346
1301.800049,-0.31063652
1301.900024,-0.322939396
1302,-0.312830448
1302.099976,-0.317455769
1302.200073,-0.322414875
1302.300049,-0.314022541
1302.400024,-0.317837238
1302.5,-0.314642429
1302.599976,-0.311065674
1302.700073,-0.31683588
1302.800049,-0.312019348
1302.900024,-0.309635162
1303,-0.311542511
1303.099976,-0.313950777
1303.200073,-0.320221424
1303.300049,-0.314404011
1303.400024,-0.308300018
1303.5,-0.319172382
1303.599976,-0.314642429
1303.700073,-0.319124699
1303.800049,-0.313736439
1303.900024,-0.311065674
1304,-0.317169666
1304.099976,-0.305915833
1304.200073,-0.310684204
1304.300049,-0.307870865
1304.400024,-0.30729866
1304.5,-0.307584763
1304.599976,-0.316454411
1304.700073,-0.312544346
1304.800049,-0.321985722
1304.900024,-0.315882206
1305,-0.301815033
1305.099976,-0.299144745
1305.200073,-0.306249738
1305.300049,-0.309206009
1305.400024,-0.314833164
1305.5,-0.314880848
1305.599976,-0.310541153
1305.700073,-0.30973053
1305.800049,-0.312400818
1305.900024,-0.322653294
1306,-0.306201935
1306.099976,-0.317074299
1306.200073,-0.310016632
1306.300049,-0.31516695
1306.400024,-0.303865433
1306.5,-0.315882206
1306.599976,-0.302434921
1306.700073,-0.314642429
1306.800049,-0.305677414
1306.900024,-0.315643787
1307,-0.311637878
1307.099976,-0.312925816
1307.200073,-0.30472374
1307.300049,-0.304151535
1307.400024,-0.302387238
1307.5,-0.308443069
1307.599976,-0.300670624
1307.700073,-0.315071583
1307.800049,-0.301528931
1307.900024,-0.308919907
1308,-0.313354969
1308.099976,-0.315262318
1308.200073,-0.3019104
1308.300049,-0.30472374
1308.400024,-0.310445786
1308.5,-0.308443069
1308.599976,-0.307584763
1308.700073,-0.305903912
1308.800049,-0.302816391
1308.900024,-0.304771423
1309,-0.313307285
1309.099976,-0.31349802
1309.200073,-0.310255051
1309.300049,-0.307012558
1309.400024,-0.308013916
1309.5,-0.302244186
1309.599976,-0.304056168
1309.700073,-0.307489395
1309.800049,-0.302196503
1309.900024,-0.312782764
1310,-0.30562973
1310.099976,-0.30934906
1310.200073,-0.304199219
1310.300049,-0.29933548
1310.400024,-0.309110641
1310.5,-0.30472374
1310.599976,-0.309492111
1310.700073,-0.306058884
1310.800049,-0.304962158
1310.900024,-0.30472374
1311,-0.306499958
1311.099976,-0.308443069
1311.200073,-0.307870865
1311.300049,-0.31311655
1311.400024,-0.311590195
1311.5,-0.315214634
1311.599976,-0.307632446
1311.700073,-0.303483963
1311.800049,-0.303674698
1311.900024,-0.305796623
1312,-0.305772781
1312.099976,-0.310255051
1312.200073,-0.30434227
1312.300049,-0.303209782
1312.400024,-0.296522141
1312.5,-0.301719666
1312.599976,-0.317980289
1312.700073,-0.300336838
1312.800049,-0.31259203
1312.900024,-0.311685562
1313,-0.30896759
1313.099976,-0.310159683
1313.200073,-0.304866791
1313.300049,-0.29933548
1313.400024,-0.313211918
1313.5,-0.304437637
1313.599976,-0.301099777
1313.700073,-0.303770065
1313.800049,-0.294900894
1313.900024,-0.316740513
1314,-0.304294586
1314.099976,-0.298334122
1314.200073,-0.311351776
1314.300049,-0.306821823
1314.400024,-0.300003052
1314.5,-0.299097061
1314.599976,-0.311351776
1314.700073,-0.314165592
1314.800049,-0.308156967
1314.900024,-0.29690361
1315,-0.30768013
1315.099976,-0.29933548
1315.200073,-0.307727814
1315.300049,-0.303197861
1315.400024,-0.311065674
1315.5,-0.310445786
1315.599976,-0.298429489
1315.700073,-0.308824539
1315.800049,-0.296474457
1315.900024,-0.309015274
1316,-0.312400818
1316.099976,-0.307346344
1316.200073,-0.304199219
1316.300049,-0.303340912
1316.400024,-0.303197861
1316.5,-0.305820465
1316.599976,-0.303627014
1316.700073,-0.29933548
1316.800049,-0.301052094
1316.900024,-0.298524857
1317,-0.308252335
1317.099976,-0.303388596
1317.200073,-0.310016632
1317.300049,-0.308204651
1317.400024,-0.303817749
1317.5,-0.305009842
1317.599976,-0.301147461
1317.700073,-0.301671982
1317.800049,-0.303865433
1317.900024,-0.309778214
1318,-0.303388596
1318.099976,-0.310112
1318.200073,-0.306201935
1318.300049,-0.299144745
1318.400024,-0.297571182
1318.5,-0.302864075
1318.599976,-0.307870865
1318.700073,-0.296665192
1318.800049,-0.295139313
1318.900024,-0.298858643
1319,-0.309539795
1319.099976,-0.315023899
1319.200073,-0.299669266
1319.300049,-0.298048019
1319.400024,-0.302387238
1319.5,-0.305772781
1319.599976,-0.306058884
1319.700073,-0.299478531
1319.800049,-0.312973499
1319.900024,-0.301147461
1320,-0.306106567
1320.099976,-0.314356327
1320.200073,-0.30934906
1320.300049,-0.298763275
1320.400024,-0.296855927
1320.5,-0.301767349
1320.599976,-0.293756485
1320.700073,-0.296474457
1320.800049,-0.30305481
1320.900024,-0.307727814
1321,-0.301624298
1321.099976,-0.305820465
1321.200073,-0.295949936
1321.300049,-0.295759201
1321.400024,-0.297094345
1321.5,-0.302148819
1321.599976,-0.295043945
1321.700073,-0.300861359
1321.800049,-0.301338196
1321.900024,-0.306154251
1322,-0.295711517
1322.099976,-0.303483963
1322.200073,-0.305582047
1322.300049,-0.304032326
1322.400024,-0.302005768
1322.5,-0.305057526
1322.599976,-0.303150177
1322.700073,-0.310922623
1322.800049,-0.295425415
1322.900024,-0.30896759
1323,-0.3060112
1323.099976,-0.307155609
1323.200073,-0.300765991
1323.300049,-0.296140671
1323.400024,-0.300718307
1323.5,-0.306726456
1323.599976,-0.296283722
1323.700073,-0.293518066
1323.800049,-0.305772781
1323.900024,-0.311447144
1324,-0.307250977
1324.099976,-0.306201935
1324.200073,-0.296951294
1324.300049,-0.307346344
1324.400024,-0.301767349
1324.5,-0.304187298
1324.599976,-0.303340912
1324.700073,-0.304294586
1324.800049,-0.302041531
1324.900024,-0.301338196
1325,-0.299192429
1325.099976,-0.293756485
1325.200073,-0.288797379
1325.300049,-0.304103851
1325.400024,-0.296665192
1325.5,-0.303293228
1325.599976,-0.290657043
1325.700073,-0.300718307
1325.800049,-0.30305481
1325.900024,-0.294471741
1326,-0.291706085
1326.099976,-0.299049377
1326.200073,-0.296855927
1326.300049,-0.299383163
1326.400024,-0.299287796
1326.5,-0.299669266
1326.599976,-0.304819107
1326.700073,-0.295186996
1326.800049,-0.316692829
1326.900024,-0.285984039
1327,-0.298191071
1327.099976,-0.310064316
1327.200073,-0.299049377
1327.300049,-0.293041229
1327.400024,-0.293327332
1327.5,-0.295580387
1327.599976,-0.297618866
1327.700073,-0.298334122
1327.800049,-0.294233322
1327.900024,-0.290180206
1328,-0.307203293
1328.099976,-0.298143387
1328.200073,-0.29227829
1328.300049,-0.302053452
1328.400024,-0.295139313
1328.5,-0.299621582
1328.599976,-0.289894104
1328.700073,-0.290704727
1328.800049,-0.290657043
1328.900024,-0.302339554
1329,-0.29766655
1329.099976,-0.298608303
1329.200073,-0.297952652
1329.300049,-0.296474457
1329.400024,-0.29766655
1329.5,-0.29485321
1329.599976,-0.305772781
1329.700073,-0.290037155
1329.800049,-0.297857285
1329.900024,-0.30229187
1330,-0.302244186
1330.099976,-0.297463894
1330.200073,-0.289655685
1330.300049,-0.295663834
1330.400024,-0.294996262
1330.5,-0.303197861
1330.599976,-0.2872715
1330.700073,-0.297428131
1330.800049,-0.292039871
1330.900024,-0.298810959
1331,-0.287652969
1331.099976,-0.28355217
1331.200073,-0.290275574
1331.300049,-0.299287796
1331.400024,-0.297809601
1331.5,-0.291944504
1331.599976,-0.296045303
1331.700073,-0.288988113
1331.800049,-0.290275574
1331.900024,-0.295413494
1332,-0.297952652
1332.099976,-0.304437637
1332.200073,-0.295425415
1332.300049,-0.301719666
1332.400024,-0.302053452
1332.5,-0.301433563
1332.599976,-0.30075407
1332.700073,-0.303293228
1332.800049,-0.296236038
1332.900024,-0.30229187
1333,-0.296140671
1333.099976,-0.298763275
1333.200073,-0.291419983
1333.300049,-0.300146103
1333.400024,-0.297857285
1333.5,-0.294424057
1333.599976,-0.294281006
1333.700073,-0.292945862
1333.800049,-0.30062294
1333.900024,-0.288606644
1334,-0.296665192
1334.099976,-0.292373657
1334.200073,-0.293375015
1334.300049,-0.302482605
1334.400024,-0.300479889
1334.5,-0.286270142
1334.599976,-0.295663834
1334.700073,-0.289655685
1334.800049,-0.288082123
1334.900024,-0.3019104
1335,-0.302530289
1335.099976,-0.28894043
1335.200073,-0.28984642
1335.300049,-0.287223816
1335.400024,-0.300718307
1335.5,-0.286842346
1335.599976,-0.302387238
1335.700073,-0.296760559
1335.800049,-0.294519424
1335.900024,-0.29189682
1336,-0.292564392
1336.099976,-0.291658401
1336.200073,-0.290084839
1336.300049,-0.291312695
1336.400024,-0.291706085
1336.5,-0.291801453
1336.599976,-0.291288853
1336.700073,-0.287986755
1336.800049,-0.293661118
1336.900024,-0.287462234
1337,-0.29189682
1337.099976,-0.292099476
1337.200073,-0.293422699
1337.300049,-0.29561615
1337.400024,-0.299812317
1337.5,-0.29227829
1337.599976,-0.294185638
1337.700073,-0.29523468
1337.800049,-0.29022789
1337.900024,-0.291610718
1338,-0.289560318
1338.099976,-0.298667908
1338.200073,-0.287748337
1338.300049,-0.296236038
1338.400024,-0.301290512
1338.5,-0.29485321
1338.599976,-0.286603928
1338.700073,-0.288272858
1338.800049,-0.301433563
1338.900024,-0.298143387
1339,-0.290561676
1339.099976,-0.288034439
1339.200073,-0.294662476
1339.300049,-0.295139313
1339.400024,-0.292850494
1339.5,-0.294948578
1339.599976,-0.287891388
1339.700073,-0.294376373
1339.800049,-0.288845062
1339.900024,-0.295568466
1340,-0.293851852
1340.099976,-0.279737473
1340.200073,-0.279499054
1340.300049,-0.283981323
1340.400024,-0.286365509
1340.5,-0.287247658
1340.599976,-0.28894043
1340.700073,-0.289703369
1340.800049,-0.28894043
1340.900024,-0.288606644
1341,-0.288511276
1341.099976,-0.292099476
1341.200073,-0.294281006
1341.300049,-0.296998978
1341.400024,-0.293577671
1341.5,-0.290084839
1341.599976,-0.292945862
1341.700073,-0.287796021
1341.800049,-0.291563034
1341.900024,-0.287986755
1342,-0.293196201
1342.099976,-0.29690361
1342.200073,-0.296331406
1342.300049,-0.296569824
1342.400024,-0.297571182
1342.5,-0.295473099
1342.599976,-0.292933941
1342.700073,-0.290180206
1342.800049,-0.288511276
1342.900024,-0.289751053
1343,-0.287331104
1343.099976,-0.286460876
1343.200073,-0.284601212
1343.300049,-0.284124374
1343.400024,-0.287319183
1343.5,-0.288606644
1343.599976,-0.290323257
1343.700073,-0.287033081
1343.800049,-0.292039871
1343.900024,-0.293518066
1344,-0.288845062
1344.099976,-0.291992188
1344.200073,-0.28650856
1344.300049,-0.287462234
1344.400024,-0.293756485
1344.5,-0.294710159
1344.599976,-0.282884598
1344.700073,-0.294471741
1344.800049,-0.281644821
1344.900024,-0.292135239
1345,-0.285984039
1345.099976,-0.295520782
1345.200073,-0.287652969
1345.300049,-0.291372299
1345.400024,-0.289560318
1345.5,-0.282169342
1345.599976,-0.277353287
1345.700073,-0.279260635
1345.800049,-0.288511276
1345.900024,-0.290704727
1346,-0.278926849
1346.099976,-0.292707443
1346.200073,-0.287223816
1346.300049,-0.284362793
1346.400024,-0.289417267
1346.5,-0.286270142
1346.599976,-0.288368225
1346.700073,-0.289417267
1346.800049,-0.290084839
1346.900024,-0.292945862
1347,-0.299764633
1347.099976,-0.286603928
1347.200073,-0.292325974
1347.300049,-0.288606644
1347.400024,-0.290931225
1347.5,-0.291372299
1347.599976,-0.291419983
1347.700073,-0.289798737
1347.800049,-0.294507504
1347.900024,-0.300003052
1348,-0.296808243
1348.099976,-0.285411835
1348.200073,-0.288320541
1348.300049,-0.282312393
1348.400024,-0.291610718
1348.5,-0.295759201
1348.599976,-0.285364151
1348.700073,-0.281930923
1348.800049,-0.295520782
1348.900024,-0.276828766
1349,-0.286174774
1349.099976,-0.282026291
1349.200073,-0.281072617
1349.300049,-0.281215668
1349.400024,-0.291324615
1349.5,-0.282693863
1349.599976,-0.29265976
1349.700073,-0.288463593
1349.800049,-0.282407761
1349.900024,-0.286365509
1350,-0.291563034
1350.099976,-0.288511276
1350.200073,-0.291181564
1350.300049,-0.291229248
1350.400024,-0.293422699
1350.5,-0.289274216
1350.599976,-0.284648895
1350.700073,-0.287796021
1350.800049,-0.276018143
1350.900024,-0.288749695
1351,-0.297094345
1351.099976,-0.279880524
1351.200073,-0.28984642
1351.300049,-0.279212952
1351.400024,-0.283885956
1351.5,-0.281215668
1351.599976,-0.289178848
1351.700073,-0.279975891
1351.800049,-0.285459518
1351.900024,-0.278402328
1352,-0.281406403
1352.099976,-0.283981323
1352.200073,-0.286079407
1352.300049,-0.291181564
1352.400024,-0.291706085
1352.5,-0.287080765
1352.599976,-0.275159836
1352.700073,-0.276590347
1352.800049,-0.284076691
1352.900024,-0.280691147
1353,-0.283647537
1353.099976,-0.281644821
1353.200073,-0.272441864
1353.300049,-0.282169342
1353.400024,-0.289512634
1353.5,-0.277734756
1353.599976,-0.291181564
1353.700073,-0.282932281
1353.800049,-0.281024933
1353.900024,-0.282002449
1354,-0.282169342
1354.099976,-0.28188324
1354.200073,-0.28085804
1354.300049,-0.280786514
1354.400024,-0.278593063
1354.5,-0.2811203
1354.599976,-0.282360077
1354.700073,-0.282741547
1354.800049,-0.275684357
1354.900024,-0.291610718
1355,-0.28278923
1355.099976,-0.278688431
1355.200073,-0.284124374
1355.300049,-0.280261993
1355.400024,-0.28855896
1355.5,-0.281167984
1355.599976,-0.274969101
1355.700073,-0.285936356
1355.800049,-0.286365509
1355.900024,-0.277973175
1356,-0.29227829
1356.099976,-0.273967743
1356.200073,-0.285793304
1356.300049,-0.273061752
1356.400024,-0.279975891
1356.5,-0.280261993
1356.599976,-0.273252487
1356.700073,-0.282741547
1356.800049,-0.270200729
1356.900024,-0.289941788
1357,-0.278020859
1357.099976,-0.280881882
1357.200073,-0.278974533
1357.300049,-0.285840988
1357.400024,-0.280452728
1357.5,-0.284124374
1357.599976,-0.281215668
1357.700073,-0.28021431
1357.800049,-0.286270142
1357.900024,-0.287366867
1358,-0.28381443
1358.099976,-0.280691147
1358.200073,-0.280929565
1358.300049,-0.277901649
1358.400024,-0.274730682
1358.5,-0.275255203
1358.599976,-0.279546738
1358.700073,-0.275684357
1358.800049,-0.266958237
1358.900024,-0.28560257
1359,-0.275875092
1359.099976,-0.275112152
1359.200073,-0.27482605
1359.300049,-0.275660515
1359.400024,-0.276763201
1359.5,-0.278068542
1359.599976,-0.278497696
1359.700073,-0.280738831
1359.800049,-0.28278923
1359.900024,-0.273300171
1360,-0.282169342
1360.099976,-0.272251129
1360.200073,-0.282121658
1360.300049,-0.28355217
1360.400024,-0.280405045
1360.5,-0.278974533
1360.599976,-0.280118942
1360.700073,-0.282693863
1360.800049,-0.292039871
1360.900024,-0.284696579
1361,-0.278879166
1361.099976,-0.272966385
1361.200073,-0.285411835
1361.300049,-0.269580841
1361.400024,-0.280405045
1361.5,-0.272298813
1361.599976,-0.284219742
1361.700073,-0.275588989
1361.800049,-0.277210236
1361.900024,-0.282884598
1362,-0.278640747
1362.099976,-0.286031723
1362.200073,-0.271392822
1362.300049,-0.282455444
1362.400024,-0.288129807
1362.5,-0.272155762
1362.599976,-0.275493622
1362.700073,-0.276065826
1362.800049,-0.280738831
1362.900024,-0.281787872
1363,-0.281072617
1363.099976,-0.283313751
1363.200073,-0.278450012
1363.300049,-0.271059036
1363.400024,-0.284172058
1363.5,-0.28021431
1363.599976,-0.281775951
1363.700073,-0.280405045
1363.800049,-0.282312393
1363.900024,-0.279403687
1364,-0.283695221
1364.099976,-0.288368225
1364.200073,-0.284696579
1364.300049,-0.275922775
1364.400024,-0.279212952
1364.5,-0.27842617
1364.599976,-0.279117584
1364.700073,-0.27945137
1364.800049,-0.277162552
1364.900024,-0.2806077
1365,-0.284696579
1365.099976,-0.2811203
1365.200073,-0.271869659
1365.300049,-0.271821976
1365.400024,-0.274730682
1365.5,-0.276924133
1365.599976,-0.277949333
1365.700073,-0.279975891
1365.800049,-0.280166626
1365.900024,-0.279165268
1366,-0.277842045
1366.099976,-0.27573204
1366.200073,-0.276304245
1366.300049,-0.277305603
1366.400024,-0.276614189
1366.5,-0.275875092
1366.599976,-0.276971817
1366.700073,-0.274432659
1366.800049,-0.270391464
1366.900024,-0.274492264
1367,-0.282550812
1367.099976,-0.278402328
1367.200073,-0.27687645
1367.300049,-0.268245697
1367.400024,-0.279356003
1367.5,-0.28650856
1367.599976,-0.274253845
1367.700073,-0.281454086
1367.800049,-0.270439148
1367.900024,-0.278974533
1368,-0.278068542
1368.099976,-0.278831482
1368.200073,-0.282121658
1368.300049,-0.275636673
1368.400024,-0.281072617
1368.5,-0.274969101
1368.599976,-0.277353287
1368.700073,-0.276316166
1368.800049,-0.275684357
1368.900024,-0.277257919
1369,-0.277830124
1369.099976,-0.273920059
1369.200073,-0.282503128
1369.300049,-0.270248413
1369.400024,-0.277925491
1369.5,-0.277114868
1369.599976,-0.277150631
1369.700073,-0.273347855
1369.800049,-0.28021431
1369.900024,-0.270153046
1370,-0.280500412
1370.099976,-0.267339706
1370.200073,-0.270772934
1370.300049,-0.27482605
1370.400024,-0.270153046
1370.5,-0.272632599
1370.599976,-0.273204803
1370.700073,-0.273633957
1370.800049,-0.271821976
1370.900024,-0.271583557
1371,-0.268865585
1371.099976,-0.275541306
1371.200073,-0.272966385
1371.300049,-0.268484116
1371.400024,-0.268341064
1371.5,-0.273872375
1371.599976,-0.271583557
1371.700073,-0.275016785
1371.800049,-0.276638031
1371.900024,-0.271178246
1372,-0.264240265
1372.099976,-0.268817902
1372.200073,-0.270486832
1372.300049,-0.258804321
1372.400024,-0.270343781
1372.5,-0.277925491
1372.599976,-0.280452728
1372.700073,-0.275970459
1372.800049,-0.27482605
1372.900024,-0.275255203
1373,-0.274897575
1373.099976,-0.275666475
1373.200073,-0.275875092
1373.300049,-0.274726212
1373.400024,-0.273300171
1373.5,-0.27406311
1373.599976,-0.271631241
1373.700073,-0.271225929
1373.800049,-0.269723892
1373.900024,-0.269485474
1374,-0.273586273
1374.099976,-0.282026291
1374.200073,-0.274492264
1374.300049,-0.277544022
1374.400024,-0.271154404
1374.5,-0.276065826
1374.599976,-0.275743961
1374.700073,-0.278736115
1374.800049,-0.277019501
1374.900024,-0.267673492
1375,-0.284553528
1375.099976,-0.269580841
1375.200073,-0.278450012
1375.300049,-0.275875092
1375.400024,-0.264478683
1375.5,-0.26867485
1375.599976,-0.262285233
1375.700073,-0.263095856
1375.800049,-0.276256561
1375.900024,-0.276304245
1376,-0.274551868
1376.099976,-0.270629883
1376.200073,-0.275016785
1376.300049,-0.269533157
1376.400024,-0.272966385
1376.5,-0.262905121
1376.599976,-0.276781082
1376.700073,-0.268484116
1376.800049,-0.276351929
1376.900024,-0.281215668
1377,-0.267673492
1377.099976,-0.26609993
1377.200073,-0.270296097
1377.300049,-0.268758297
1377.400024,-0.270391464
1377.5,-0.268245697
1377.599976,-0.267721176
1377.700073,-0.269640446
1377.800049,-0.271202087
1377.900024,-0.271392822
1378,-0.267339706
1378.099976,-0.268341064
1378.200073,-0.273633957
1378.300049,-0.280357361
1378.400024,-0.25904274
1378.5,-0.265003204
1378.599976,-0.269914627
1378.700073,-0.276638031
1378.800049,-0.270391464
1378.900024,-0.273443222
1379,-0.274682999
1379.099976,-0.264335632
1379.200073,-0.277591705
1379.300049,-0.267244339
1379.400024,-0.266147614
1379.5,-0.269104004
1379.599976,-0.271678925
1379.700073,-0.280500412
1379.800049,-0.278783798
1379.900024,-0.263477325
1380,-0.277353287
1380.099976,-0.26276207
1380.200073,-0.269676208
1380.300049,-0.273967743
1380.400024,-0.269533157
1380.5,-0.267959595
1380.599976,-0.270439148
1380.700073,-0.267148972
1380.800049,-0.264669418
1380.900024,-0.271202087
1381,-0.26981926
1381.099976,-0.263143539
1381.200073,-0.274015427
1381.300049,-0.267673492
1381.400024,-0.269390106
1381.5,-0.266135693
1381.599976,-0.263763428
1381.700073,-0.263715744
1381.800049,-0.27046299
1381.900024,-0.277448654
1382,-0.276924133
1382.099976,-0.261236191
1382.200073,-0.26943779
1382.300049,-0.281072617
1382.400024,-0.268293381
1382.5,-0.274539948
1382.599976,-0.257516861
1382.700073,-0.263095856
1382.800049,-0.277639389
1382.900024,-0.270153046
1383,-0.261522293
1383.099976,-0.27277565
1383.200073,-0.266958237
1383.300049,-0.271011353
1383.400024,-0.259185791
1383.5,-0.254131317
1383.599976,-0.279356003
1383.700073,-0.267625809
1383.800049,-0.274206161
1383.900024,-0.265480042
1384,-0.263286591
1384.099976,-0.268007278
1384.200073,-0.27239418
1384.300049,-0.270868301
1384.400024,-0.267053604
1384.5,-0.265289307
1384.599976,-0.263143539
1384.700073,-0.261951447
1384.800049,-0.2649436
1384.900024,-0.266910553
1385,-0.26776886
1385.099976,-0.268603325
1385.200073,-0.267578125
1385.300049,-0.272155762
1385.400024,-0.268531799
1385.5,-0.270820618
1385.599976,-0.266624451
1385.700073,-0.268531799
1385.800049,-0.265909195
1385.900024,-0.270677567
1386,-0.26366806
1386.099976,-0.269628525
1386.200073,-0.266004562
1386.300049,-0.274539948
1386.400024,-0.267148972
1386.5,-0.277448654
1386.599976,-0.270629883
1386.700073,-0.272441864
1386.800049,-0.27406311
1386.900024,-0.260282516
1387,-0.264144897
1387.099976,-0.264752865
1387.200073,-0.266624451
1387.300049,-0.267959595
1387.400024,-0.273538589
1387.5,-0.272727966
1387.599976,-0.269533157
1387.700073,-0.271297455
1387.800049,-0.266576767
1387.900024,-0.26981926
1388,-0.271297455
1388.099976,-0.261379242
1388.200073,-0.258852005
1388.300049,-0.265146255
1388.400024,-0.269199371
1388.5,-0.26404953
1388.599976,-0.271535873
1388.700073,-0.269008636
1388.800049,-0.262523651
1388.900024,-0.260902405
1389,-0.270534515
1389.099976,-0.276018143
1389.200073,-0.263095856
1389.300049,-0.258375168
1389.400024,-0.264431
1389.5,-0.267148972
1389.599976,-0.267148972
1389.700073,-0.269342422
1389.800049,-0.267673492
1389.900024,-0.267590046
1390,-0.266672134
1390.099976,-0.266672134
1390.200073,-0.262750149
1390.300049,-0.256801605
1390.400024,-0.260854721
1390.5,-0.26404953
1390.599976,-0.266672134
1390.700073,-0.265766144
1390.800049,-0.26943779
1390.900024,-0.259233475
1391,-0.26700592
1391.099976,-0.269962311
1391.200073,-0.26071167
1391.300049,-0.271631241
1391.400024,-0.265861511
1391.5,-0.269771576
1391.599976,-0.266433716
1391.700073,-0.26366806
1391.800049,-0.269390106
1391.900024,-0.26700592
1392,-0.267911911
1392.099976,-0.267053604
1392.200073,-0.267554283
1392.300049,-0.268513918
1392.400024,-0.269390106
1392.5,-0.270057678
1392.599976,-0.253702164
1392.700073,-0.278688431
1392.800049,-0.26609993
1392.900024,-0.264240265
1393,-0.272298813
1393.099976,-0.261569977
1393.200073,-0.270677567
1393.300049,-0.255037308
1393.400024,-0.264812469
1393.5,-0.281072617
1393.599976,-0.269533157
1393.700073,-0.262905121
1393.800049,-0.278593063
1393.900024,-0.264335632
1394,-0.271154404
1394.099976,-0.266815186
1394.200073,-0.264240265
1394.300049,-0.259614944
1394.400024,-0.262809753
1394.5,-0.26943779
1394.599976,-0.261617661
1394.700073,-0.256372452
1394.800049,-0.261522293
1394.900024,-0.260282516
1395,-0.26867485
1395.099976,-0.257612228
1395.200073,-0.268341064
1395.300049,-0.26276207
1395.400024,-0.258756638
1395.5,-0.265146255
1395.599976,-0.26276207
1395.700073,-0.262094498
1395.800049,-0.263334274
1395.900024,-0.258470535
1396,-0.270868301
1396.099976,-0.260234833
1396.200073,-0.270963669
1396.300049,-0.267673492
1396.400024,-0.265909195
1396.5,-0.266183376
1396.599976,-0.264669418
1396.700073,-0.2664814
1396.800049,-0.26571846
1396.900024,-0.265670776
1397,-0.263083935
1397.099976,-0.262571335
1397.200073,-0.264654517
1397.300049,-0.267673492
1397.400024,-0.265289307
1397.5,-0.268484116
1397.599976,-0.271631241
1397.700073,-0.269342422
1397.800049,-0.258613586
1397.900024,-0.261188507
1398,-0.256849289
1398.099976,-0.258708954
1398.200073,-0.260389805
1398.300049,-0.26276207
1398.400024,-0.263238907
1398.5,-0.267613888
1398.599976,-0.273109436
1398.700073,-0.271345139
1398.800049,-0.261569977
1398.900024,-0.251651764
1399,-0.267625809
1399.099976,-0.255466461
1399.200073,-0.261140823
1399.300049,-0.258756638
1399.400024,-0.263477325
1399.5,-0.264240265
1399.599976,-0.271011353
1399.700073,-0.27148819
1399.800049,-0.253559113
1399.900024,-0.250507355
1400,-0.256205559
1400.099976,-0.262571335
1400.200073,-0.258184433
1400.300049,-0.25775528
1400.400024,-0.257659912
1400.5,-0.259519577
1400.599976,-0.255180359
1400.700073,-0.262142181
1400.800049,-0.252796173
1400.900024,-0.259281158
1401,-0.256563187
1401.099976,-0.256515503
1401.200073,-0.256062508
1401.300049,-0.257087708
1401.400024,-0.254083633
1401.5,-0.255228043
1401.599976,-0.257469177
1401.700073,-0.267053604
1401.800049,-0.251031876
1401.900024,-0.257850647
1402,-0.254798889
1402.099976,-0.262857437
1402.200073,-0.261569977
1402.300049,-0.251842499
1402.400024,-0.259901047
1402.5,-0.243068695
1402.599976,-0.25160408
1402.700073,-0.264335632
1402.800049,-0.248313904
1402.900024,-0.252033234
1403,-0.260663986
1403.099976,-0.255561829
1403.200073,-0.264907837
1403.300049,-0.253797531
1403.400024,-0.257421494
1403.5,-0.257802963
1403.599976,-0.259471893
1403.700073,-0.258852005
1403.800049,-0.256134033
1403.900024,-0.260807037
1404,-0.250936508
1404.099976,-0.257469177
1404.200073,-0.245548248
1404.300049,-0.256896973
1404.400024,-0.27315712
1404.5,-0.258041382
1404.599976,-0.259567261
1404.700073,-0.258995056
1404.800049,-0.255371094
1404.900024,-0.252462387
1405,-0.25378561
1405.099976,-0.25570488
1405.200073,-0.25160408
1405.300049,-0.258422852
1405.400024,-0.26366806
1405.5,-0.257326126
1405.599976,-0.265146255
1405.700073,-0.256563187
1405.800049,-0.251937866
1405.900024,-0.257087708
1406,-0.260568619
1406.099976,-0.256372452
1406.200073,-0.255895615
1406.300049,-0.251937866
1406.400024,-0.258518219
1406.5,-0.248981476
1406.599976,-0.254226685
1406.700073,-0.260234833
1406.800049,-0.251079559
1406.900024,-0.261665344
1407,-0.263477325
1407.099976,-0.264574051
1407.200073,-0.259757996
1407.300049,-0.258375168
1407.400024,-0.251699448
1407.5,-0.249172211
1407.599976,-0.257040024
1407.700073,-0.254369736
1407.800049,-0.261045456
1407.900024,-0.268722534
1408,-0.265623093
1408.099976,-0.26109314
1408.200073,-0.25775528
1408.300049,-0.255418777
1408.400024,-0.257802963
1408.5,-0.249410629
1408.599976,-0.252653122
1408.700073,-0.25570488
1408.800049,-0.257278442
1408.900024,-0.250555038
1409,-0.251079559
1409.099976,-0.254322052
1409.200073,-0.256229401
1409.300049,-0.25942421
1409.400024,-0.258232117
1409.5,-0.26071167
1409.599976,-0.258852005
1409.700073,-0.254179001
1409.800049,-0.265861511
1409.900024,-0.254703522
1410,-0.26109314
1410.099976,-0.266052246
1410.200073,-0.258327484
1410.300049,-0.251413345
1410.400024,-0.253940582
1410.5,-0.250507355
1410.599976,-0.267578125
1410.700073,-0.26109314
1410.800049,-0.251413345
1410.900024,-0.258899689
1411,-0.264097214
1411.099976,-0.253988266
1411.200073,-0.256849289
1411.300049,-0.261903763
1411.400024,-0.253845215
1411.5,-0.261522293
1411.599976,-0.252796173
1411.700073,-0.255561829
1411.800049,-0.251616001
1411.900024,-0.248361588
1412,-0.249744415
1412.099976,-0.259090424
1412.200073,-0.262571335
1412.300049,-0.25634861
1412.400024,-0.251365662
1412.5,-0.25236702
1412.599976,-0.257266521
1412.700073,-0.264717102
1412.800049,-0.260616302
1412.900024,-0.260807037
1413,-0.259233475
1413.099976,-0.25866127
1413.200073,-0.258947372
1413.300049,-0.256968498
1413.400024,-0.254369736
1413.5,-0.255895615
1413.599976,-0.255418777
1413.700073,-0.256515503
1413.800049,-0.257564545
1413.900024,-0.262285233
1414,-0.258804321
1414.099976,-0.256134033
1414.200073,-0.254846573
1414.300049,-0.254989624
1414.400024,-0.257206917
1414.5,-0.261617661
1414.599976,-0.25737381
1414.700073,-0.258363247
1414.800049,-0.256467819
1414.900024,-0.257993698
1415,-0.259901047
1415.099976,-0.254703522
1415.200073,-0.256896973
1415.300049,-0.254798889
1415.400024,-0.248981476
1415.5,-0.262952805
1415.599976,-0.255847931
1415.700073,-0.255132675
1415.800049,-0.263620377
1415.900024,-0.255228043
1416,-0.264764786
1416.099976,-0.250268936
1416.200073,-0.257326126
1416.300049,-0.256038666
1416.400024,-0.254083633
1416.5,-0.250555038
1416.599976,-0.250411987
1416.700073,-0.260663986
1416.800049,-0.255895615
1416.900024,-0.262475967
1417,-0.255990982
1417.099976,-0.252843857
1417.200073,-0.2582798
1417.300049,-0.247741699
1417.400024,-0.255084991
1417.5,-0.247980118
1417.599976,-0.260139465
1417.700073,-0.251413345
1417.800049,-0.250841141
1417.900024,-0.252986908
1418,-0.251270294
1418.099976,-0.257707596
1418.200073,-0.25570488
1418.300049,-0.264669418
1418.400024,-0.259090424
1418.5,-0.245691299
1418.599976,-0.250793457
1418.700073,-0.253702164
1418.800049,-0.256277084
1418.900024,-0.253606796
1419,-0.262475967
1419.099976,-0.255800247
1419.200073,-0.251174927
1419.300049,-0.256324768
1419.400024,-0.256134033
1419.5,-0.255859852
1419.599976,-0.253082275
1419.700073,-0.257898331
1419.800049,-0.252986908
1419.900024,-0.254751205
1420,-0.24902916
1420.099976,-0.262428284
1420.200073,-0.245262146
1420.300049,-0.259805679
1420.400024,-0.253988266
1420.5,-0.252843857
1420.599976,-0.252414703
1420.700073,-0.261045456
1420.800049,-0.264478683
1420.900024,-0.248552322
1421,-0.249315262
1421.099976,-0.26109314
1421.200073,-0.248504639
1421.300049,-0.260759354
1421.400024,-0.241781235
1421.5,-0.253559113
1421.599976,-0.247741699
1421.700073,-0.24697876
1421.800049,-0.248504639
1421.900024,-0.249410629
1422,-0.250888824
1422.099976,-0.258756638
1422.200073,-0.244499207
1422.300049,-0.258184433
1422.400024,-0.250078201
1422.5,-0.242973328
1422.599976,-0.252128601
1422.700073,-0.257993698
1422.800049,-0.253845215
1422.900024,-0.241113663
1423,-0.265575409
1423.099976,-0.254846573
1423.200073,-0.25775528
1423.300049,-0.259281158
1423.400024,-0.252855778
1423.5,-0.246644974
1423.599976,-0.247741699
1423.700073,-0.258518219
1423.800049,-0.242639542
1423.900024,-0.252796173
1424,-0.237394333
1424.099976,-0.252462387
1424.200073,-0.25031662
1424.300049,-0.254751205
1424.400024,-0.259185791
1424.5,-0.25031662
1424.599976,-0.244356155
1424.700073,-0.249720573
1424.800049,-0.25122261
1424.900024,-0.252986908
1425,-0.246788025
1425.099976,-0.244165421
1425.200073,-0.250030518
1425.300049,-0.255847931
1425.400024,-0.249696732
1425.5,-0.248027802
1425.599976,-0.261522293
1425.700073,-0.256467819
1425.800049,-0.243497849
1425.900024,-0.25122261
1426,-0.255943298
1426.099976,-0.250888824
1426.200073,-0.248552322
1426.300049,-0.246883392
1426.400024,-0.251806736
1426.5,-0.254989624
1426.599976,-0.256801605
1426.700073,-0.2582798
1426.800049,-0.251937866
1426.900024,-0.247646332
1427,-0.252319336
1427.099976,-0.25031662
1427.200073,-0.255275726
1427.300049,-0.252510071
1427.400024,-0.253606796
1427.5,-0.250841141
1427.599976,-0.248886108
1427.700073,-0.249303341
1427.800049,-0.248600006
1427.900024,-0.248886108
1428,-0.240159988
1428.099976,-0.255847931
1428.200073,-0.246072769
1428.300049,-0.24788475
1428.400024,-0.250173569
1428.5,-0.248743057
1428.599976,-0.251818657
1428.700073,-0.256086349
1428.800049,-0.252271652
1428.900024,-0.249362946
1429,-0.247837067
1429.099976,-0.251651764
1429.200073,-0.248695374
1429.300049,-0.25532341
1429.400024,-0.236774445
1429.5,-0.255418777
1429.599976,-0.251174927
1429.700073,-0.252462387
1429.800049,-0.24967289
1429.900024,-0.245834351
1430,-0.249219894
1430.099976,-0.249649048
1430.200073,-0.247789383
1430.300049,-0.248409271
1430.400024,-0.243879318
1430.5,-0.248313904
1430.599976,-0.237108231
1430.700073,-0.24864769
1430.800049,-0.241876602
1430.900024,-0.249696732
1431,-0.248981476
1431.099976,-0.24955368
1431.200073,-0.247217178
1431.300049,-0.257659912
1431.400024,-0.251699448
1431.5,-0.242353439
1431.599976,-0.255466461
1431.700073,-0.248313904
1431.800049,-0.254560471
1431.900024,-0.248695374
1432,-0.238395691
1432.099976,-0.250173569
1432.200073,-0.245500565
1432.300049,-0.243688583
1432.400024,-0.250221252
1432.5,-0.238014221
1432.599976,-0.247837067
1432.700073,-0.249219894
1432.800049,-0.248790741
1432.900024,-0.248933792
1433,-0.250268936
1433.099976,-0.253702164
1433.200073,-0.243402481
1433.300049,-0.249839783
1433.400024,-0.258756638
1433.5,-0.25122261
1433.599976,-0.250841141
1433.700073,-0.252319336
1433.800049,-0.250888824
1433.900024,-0.247646332
1434,-0.24697876
1434.099976,-0.249124527
1434.200073,-0.250936508
1434.300049,-0.250936508
1434.400024,-0.243927002
1434.5,-0.254322052
1434.599976,-0.241828918
1434.700073,-0.243068695
1434.800049,-0.244451523
1434.900024,-0.244499207
1435,-0.244558811
1435.099976,-0.244642258
1435.200073,-0.244642258
1435.300049,-0.248099327
1435.400024,-0.250173569
1435.5,-0.247056246
1435.599976,-0.244403839
1435.700073,-0.245548248
1435.800049,-0.248790741
1435.900024,-0.256229401
1436,-0.252462387
1436.099976,-0.245214462
1436.200073,-0.243879318
1436.300049,-0.248600006
1436.400024,-0.245166779
1436.5,-0.242019653
1436.599976,-0.247598648
1436.700073,-0.252939224
1436.800049,-0.251389503
1436.900024,-0.252891541
1437,-0.252128601
1437.099976,-0.247598648
1437.200073,-0.246454239
1437.300049,-0.241685867
1437.400024,-0.244260788
1437.5,-0.242639542
1437.599976,-0.247217178
1437.700073,-0.248552322
1437.800049,-0.251508713
1437.900024,-0.251794815
1438,-0.253082275
1438.099976,-0.253320694
1438.200073,-0.251616001
1438.300049,-0.250602722
1438.400024,-0.249458313
1438.5,-0.24902916
1438.599976,-0.256038666
1438.700073,-0.250364304
1438.800049,-0.244451523
1438.900024,-0.253845215
1439,-0.240255356
1439.099976,-0.24826622
1439.200073,-0.22990799
1439.300049,-0.259614944
1439.400024,-0.244260788
1439.5,-0.238967896
1439.599976,-0.242639542
1439.700073,-0.253940582
1439.800049,-0.236488342
1439.900024,-0.248695374
1440,-0.253606796
1440.099976,-0.252057076
1440.200073,-0.253082275
1440.300049,-0.252843857
1440.400024,-0.250614643
1440.5,-0.246454239
1440.599976,-0.250078201
1440.700073,-0.242734909
1440.800049,-0.246644974
1440.900024,-0.25737381
1441,-0.242734909
1441.099976,-0.249887466
1441.200073,-0.240779877
1441.300049,-0.248933792
1441.400024,-0.235439301
1441.5,-0.245071411
1441.599976,-0.246263504
1441.700073,-0.243664742
1441.800049,-0.241733551
1441.900024,-0.2415905
1442,-0.250173569
1442.099976,-0.252128601
1442.200073,-0.241018295
1442.300049,-0.236869812
1442.400024,-0.240875244
1442.5,-0.247598648
1442.599976,-0.249887466
1442.700073,-0.234771729
1442.800049,-0.240589142
1442.900024,-0.25160408
1443,-0.245595932
1443.099976,-0.243450165
1443.200073,-0.23915863
1443.300049,-0.250221252
1443.400024,-0.244642258
1443.5,-0.245405197
1443.599976,-0.245858192
1443.700073,-0.245882034
1443.800049,-0.247503281
1443.900024,-0.248552322
1444,-0.249124527
1444.099976,-0.238872528
1444.200073,-0.249601364
1444.300049,-0.243783951
1444.400024,-0.243497849
1444.5,-0.248600006
1444.599976,-0.249505997
1444.700073,-0.247443676
1444.800049,-0.245786667
1444.900024,-0.245882034
1445,-0.243247509
1445.099976,-0.237918854
1445.200073,-0.243402481
1445.300049,-0.24788475
1445.400024,-0.248313904
1445.5,-0.236631393
1445.599976,-0.241638184
1445.700073,-0.235343933
1445.800049,-0.250125885
1445.900024,-0.243164063
1446,-0.242448807
1446.099976,-0.246966839
1446.200073,-0.250459671
1446.300049,-0.251794815
1446.400024,-0.251008034
1446.5,-0.252223969
1446.599976,-0.24955368
1446.700073,-0.239873886
1446.800049,-0.246025085
1446.900024,-0.241161346
1447,-0.237728119
1447.099976,-0.235963821
1447.200073,-0.245357513
1447.300049,-0.232435226
1447.400024,-0.239301682
1447.5,-0.231767654
1447.599976,-0.243211746
1447.700073,-0.236488342
1447.800049,-0.238920212
1447.900024,-0.245977402
1448,-0.248600006
1448.099976,-0.238061905
1448.200073,-0.243021011
1448.300049,-0.240970612
1448.400024,-0.237632751
1448.5,-0.243211746
1448.599976,-0.236059189
1448.700073,-0.243211746
1448.800049,-0.238395691
1448.900024,-0.23620224
1449,-0.238109589
1449.099976,-0.251031876
1449.200073,-0.233150482
1449.300049,-0.250984192
1449.400024,-0.240732193
1449.5,-0.244880676
1449.599976,-0.239587784
1449.700073,-0.24287796
1449.800049,-0.246883392
1449.900024,-0.24236536
1450,-0.239015579
1450.099976,-0.240684509
1450.200073,-0.235105515
1450.300049,-0.24659729
1450.400024,-0.243116379
1450.5,-0.233961105
1450.599976,-0.247360229
1450.700073,-0.253320694
1450.800049,-0.24530983
1450.900024,-0.239778519
1451,-0.237394333
1451.099976,-0.242460728
1451.200073,-0.246406555
1451.300049,-0.246263504
1451.400024,-0.244260788
1451.5,-0.24274683
1451.599976,-0.240589142
1451.700073,-0.239873886
1451.800049,-0.243783951
1451.900024,-0.2410779
1452,-0.240016937
1452.099976,-0.240636826
1452.200073,-0.2436409
1452.300049,-0.241709709
1452.400024,-0.240207672
1452.5,-0.242353439
1452.599976,-0.23915863
1452.700073,-0.237394333
1452.800049,-0.239730835
1452.900024,-0.244046211
1453,-0.248600006
1453.099976,-0.250459671
1453.200073,-0.247014523
1453.300049,-0.246501923
1453.400024,-0.24249649
1453.5,-0.238681793
1453.599976,-0.240398407
1453.700073,-0.244832993
1453.800049,-0.231433868
1453.900024,-0.239873886
1454,-0.236345291
1454.099976,-0.240159988
1454.200073,-0.242019653
1454.300049,-0.244880676
1454.400024,-0.244165421
1454.5,-0.241256714
1454.599976,-0.244689941
1454.700073,-0.239444733
1454.800049,-0.242353439
1454.900024,-0.239778519
1455,-0.23825264
1455.099976,-0.231529236
1455.200073,-0.242305756
1455.300049,-0.23324585
1455.400024,-0.242305756
1455.5,-0.244165421
1455.599976,-0.24287796
1455.700073,-0.24030304
1455.800049,-0.243557453
1455.900024,-0.24454689
1456,-0.246501923
1456.099976,-0.246120453
1456.200073,-0.23157692
1456.300049,-0.241352081
1456.400024,-0.231386185
1456.5,-0.240779877
1456.599976,-0.245738983
1456.700073,-0.244403839
1456.800049,-0.240064621
1456.900024,-0.231052399
1457,-0.239969254
1457.099976,-0.233579636
1457.200073,-0.250841141
1457.300049,-0.246692657
1457.400024,-0.242067337
1457.5,-0.23582077
1457.599976,-0.2436409
1457.700073,-0.250984192
1457.800049,-0.248981476
1457.900024,-0.24120903
1458,-0.242925644
1458.099976,-0.236726761
1458.200073,-0.247407913
1458.300049,-0.241781235
1458.400024,-0.236154556
1458.5,-0.240922928
1458.599976,-0.242067337
1458.700073,-0.23787117
1458.800049,-0.244785309
1458.900024,-0.236249924
1459,-0.244785309
1459.099976,-0.237775803
1459.200073,-0.237728119
1459.300049,-0.236631393
1459.400024,-0.23491478
1459.5,-0.244451523
1459.599976,-0.237251282
1459.700073,-0.242639542
1459.800049,-0.24249649
1459.900024,-0.238491058
1460,-0.242067337
1460.099976,-0.249505997
1460.200073,-0.242973328
1460.300049,-0.234199524
1460.400024,-0.237966537
1460.5,-0.241685867
1460.599976,-0.236440659
1460.700073,-0.247074127
1460.800049,-0.243354797
1460.900024,-0.240112305
1461,-0.2415905
1461.099976,-0.241352081
1461.200073,-0.24249649
1461.300049,-0.247121811
1461.400024,-0.243271351
1461.5,-0.240589142
1461.599976,-0.24287796
1461.700073,-0.237108231
1461.800049,-0.238872528
1461.900024,-0.236488342
1462,-0.238920212
1462.099976,-0.240016937
1462.200073,-0.236011505
1462.300049,-0.231529236
1462.400024,-0.233675003
1462.5,-0.238204956
1462.599976,-0.238824844
1462.700073,-0.237155914
1462.800049,-0.242210388
1462.900024,-0.238586426
1463,-0.234056473
1463.099976,-0.241447449
1463.200073,-0.238824844
1463.300049,-0.23377037
1463.400024,-0.240732193
1463.5,-0.243211746
1463.599976,-0.240732193
1463.700073,-0.235486984
1463.800049,-0.234485626
1463.900024,-0.233913422
1464,-0.235200882
1464.099976,-0.235916138
1464.200073,-0.236488342
1464.300049,-0.239253998
1464.400024,-0.243021011
1464.5,-0.25031662
1464.599976,-0.245166779
1464.700073,-0.240112305
1464.800049,-0.235963821
1464.900024,-0.236965179
1465,-0.24454689
1465.099976,-0.233913422
1465.200073,-0.241495132
1465.300049,-0.237060547
1465.400024,-0.240016937
1465.5,-0.237537384
1465.599976,-0.238729477
1465.700073,-0.230098724
1465.800049,-0.237346649
1465.900024,-0.242115021
1466,-0.239015579
1466.099976,-0.241352081
1466.200073,-0.245500565
1466.300049,-0.240064621
1466.400024,-0.23620224
1466.5,-0.239993095
1466.599976,-0.241065979
1466.700073,-0.242639542
1466.800049,-0.240732193
1466.900024,-0.237751961
1467,-0.233388901
1467.099976,-0.234247208
1467.200073,-0.236440659
1467.300049,-0.241733551
1467.400024,-0.246263504
1467.5,-0.235534668
1467.599976,-0.233722687
1467.700073,-0.235212803
1467.800049,-0.235916138
1467.900024,-0.235677719
1468,-0.242544174
1468.099976,-0.226713181
1468.200073,-0.237632751
1468.300049,-0.246931076
1468.400024,-0.235582352
1468.5,-0.242734909
1468.599976,-0.240350723
1468.700073,-0.239635468
1468.800049,-0.238216877
1468.900024,-0.238920212
1469,-0.238458276
1469.099976,-0.23915863
1469.200073,-0.237537384
1469.300049,-0.234771729
1469.400024,-0.236011505
1469.5,-0.239730835
1469.599976,-0.236869812
1469.700073,-0.233150482
1469.800049,-0.233818054
1469.900024,-0.235868454
1470,-0.232149124
1470.099976,-0.240684509
1470.200073,-0.233484268
1470.300049,-0.243736267
1470.400024,-0.239110947
1470.5,-0.237442017
1470.599976,-0.239063263
1470.700073,-0.238729477
1470.800049,-0.242115021
1470.900024,-0.240541458
1471,-0.238395691
1471.099976,-0.232912064
1471.200073,-0.24287796
1471.300049,-0.237442017
1471.400024,-0.235153198
1471.5,-0.240350723
1471.599976,-0.231767654
1471.700073,-0.240636826
1471.800049,-0.23119545
1471.900024,-0.241876602
1472,-0.244499207
1472.099976,-0.239349365
1472.200073,-0.235963821
1472.300049,-0.241161346
1472.400024,-0.238443375
1472.5,-0.239349365
1472.599976,-0.231338501
1472.700073,-0.232292175
1472.800049,-0.234902859
1472.900024,-0.236536026
1473,-0.239444733
1473.099976,-0.240684509
1473.200073,-0.235057831
1473.300049,-0.234867096
1473.400024,-0.232912064
1473.5,-0.234390259
1473.599976,-0.231004715
1473.700073,-0.248886108
1473.800049,-0.232006073
1473.900024,-0.242258072
1474,-0.230337143
1474.099976,-0.233436584
1474.200073,-0.233686924
1474.300049,-0.237298965
1474.400024,-0.233675003
1474.5,-0.238681793
1474.599976,-0.231004715
1474.700073,-0.237442017
1474.800049,-0.234294891
1474.900024,-0.241304398
1475,-0.24325943
1475.099976,-0.241113663
1475.200073,-0.232006073
1475.300049,-0.252510071
1475.400024,-0.232673645
1475.5,-0.229192734
1475.599976,-0.233150482
1475.700073,-0.228906631
1475.800049,-0.23377037
1475.900024,-0.230408669
1476,-0.229955673
1476.099976,-0.229001999
1476.200073,-0.240350723
1476.300049,-0.236059189
1476.400024,-0.247455597
1476.5,-0.23658371
1476.599976,-0.239349365
1476.700073,-0.235486984
1476.800049,-0.243116379
1476.900024,-0.229717255
1477,-0.232625961
1477.099976,-0.235963821
1477.200073,-0.233102798
1477.300049,-0.232959747
1477.400024,-0.232149124
1477.5,-0.249792099
1477.599976,-0.234390259
1477.700073,-0.245500565
1477.800049,-0.238538742
1477.900024,-0.229001999
1478,-0.225473404
1478.099976,-0.232339859
1478.200073,-0.227762222
1478.300049,-0.23992157
1478.400024,-0.229717255
1478.5,-0.234390259
1478.599976,-0.235296249
1478.700073,-0.238872528
1478.800049,-0.231004715
1478.900024,-0.244976044
1479,-0.223661423
1479.099976,-0.236392975
1479.200073,-0.234199524
1479.300049,-0.230575562
1479.400024,-0.235534668
1479.5,-0.240970612
1479.599976,-0.235868454
1479.700073,-0.237012863
1479.800049,-0.234318733
1479.900024,-0.232292175
1480,-0.23210144
1480.099976,-0.23491478
1480.200073,-0.235916138
1480.300049,-0.243164063
1480.400024,-0.245548248
1480.5,-0.235439301
1480.599976,-0.23043251
1480.700073,-0.234056473
1480.800049,-0.230146408
1480.900024,-0.233961105
1481,-0.234724045
1481.099976,-0.232721329
1481.200073,-0.229288101
1481.300049,-0.230742455
1481.400024,-0.229574203
1481.5,-0.231386185
1481.599976,-0.232804775
1481.700073,-0.234342575
1481.800049,-0.235916138
1481.900024,-0.235057831
1482,-0.234342575
1482.099976,-0.23324585
1482.200073,-0.233150482
1482.300049,-0.232244492
1482.400024,-0.23415184
1482.5,-0.230241776
1482.599976,-0.236536026
1482.700073,-0.233007431
1482.800049,-0.235296249
1482.900024,-0.220657349
1483,-0.230670929
1483.099976,-0.246072769
1483.200073,-0.234771729
1483.300049,-0.228239059
1483.400024,-0.238157272
1483.5,-0.241781235
1483.599976,-0.235153198
1483.700073,-0.234294891
1483.800049,-0.235534668
1483.900024,-0.235391617
1484,-0.237537384
1484.099976,-0.232053757
1484.200073,-0.237298965
1484.300049,-0.229240417
1484.400024,-0.232625961
1484.5,-0.229836464
1484.599976,-0.227666855
1484.700073,-0.229812622
1484.800049,-0.224662781
1484.900024,-0.235677719
1485,-0.22952652
1485.099976,-0.232387543
1485.200073,-0.232196808
1485.300049,-0.236011505
1485.400024,-0.238967896
1485.5,-0.234843254
1485.599976,-0.23248291
1485.700073,-0.231910706
1485.800049,-0.233150482
1485.900024,-0.233961105
1486,-0.235105515
1486.099976,-0.235677719
1486.200073,-0.234580994
1486.300049,-0.230194092
1486.400024,-0.244403839
1486.5,-0.226045609
1486.599976,-0.239444733
1486.700073,-0.228048325
1486.800049,-0.233484268
1486.900024,-0.235534668
1487,-0.232769012
1487.099976,-0.228715897
1487.200073,-0.234008789
1487.300049,-0.233818054
1487.400024,-0.23620224
1487.5,-0.236345291
1487.599976,-0.233341217
1487.700073,-0.23286438
1487.800049,-0.234390259
1487.900024,-0.240350723
1488,-0.234199524
1488.099976,-0.236631393
1488.200073,-0.235451221
1488.300049,-0.234724045
1488.400024,-0.236249924
1488.5,-0.225616455
1488.599976,-0.235725403
1488.700073,-0.230098724
1488.800049,-0.234628677
1488.900024,-0.231147766
1489,-0.227237701
1489.099976,-0.241638184
1489.200073,-0.230527878
1489.300049,-0.237108231
1489.400024,-0.230384827
1489.5,-0.228477478
1489.599976,-0.228572845
1489.700073,-0.23825264
1489.800049,-0.241876602
1489.900024,-0.228239059
1490,-0.228429794
1490.099976,-0.227535725
1490.200073,-0.226617813
1490.300049,-0.229708314
1490.400024,-0.232625961
1490.5,-0.232053757
1490.599976,-0.232065678
1490.700073,-0.232816696
1490.800049,-0.230766296
1490.900024,-0.225664139
1491,-0.224710464
1491.099976,-0.21836853
1491.200073,-0.221563339
1491.300049,-0.242258072
1491.400024,-0.225711823
1491.5,-0.240493774
1491.599976,-0.227571487
1491.700073,-0.241399765
1491.800049,-0.234628677
1491.900024,-0.231481552
1492,-0.23081398
1492.099976,-0.233531952
1492.200073,-0.219274521
1492.300049,-0.226522446
1492.400024,-0.234771729
1492.5,-0.236392975
1492.599976,-0.226140976
1492.700073,-0.228048325
1492.800049,-0.230647087
1492.900024,-0.232387543
1493,-0.236011505
1493.099976,-0.231624603
1493.200073,-0.235486984
1493.300049,-0.235963821
1493.400024,-0.238348007
1493.5,-0.238348007
1493.599976,-0.232459068
1493.700073,-0.224758148
1493.800049,-0.228382111
1493.900024,-0.222612381
1494,-0.232959747
1494.099976,-0.227237701
1494.200073,-0.22504425
1494.300049,-0.228060246
1494.400024,-0.229431152
1494.5,-0.230527878
1494.599976,-0.227285385
1494.700073,-0.234247208
1494.800049,-0.22246933
1494.900024,-0.226236343
1495,-0.229192734
1495.099976,-0.232244492
1495.200073,-0.240541458
1495.300049,-0.226284027
1495.400024,-0.230861664
1495.5,-0.221754074
1495.599976,-0.230146408
1495.700073,-0.23787117
1495.800049,-0.224662781
1495.900024,-0.223852158
1496,-0.231135845
1496.099976,-0.238729477
1496.200073,-0.237298965
1496.300049,-0.231433868
1496.400024,-0.219179153
1496.5,-0.226713181
1496.599976,-0.219512939
1496.700073,-0.233436584
1496.800049,-0.238967896
1496.900024,-0.22990799
1497,-0.233388901
1497.099976,-0.231600761
1497.200073,-0.231910706
1497.300049,-0.23119545
1497.400024,-0.227190018
1497.5,-0.237203598
1497.599976,-0.229001999
1497.700073,-0.226903915
1497.800049,-0.231481552
1497.900024,-0.226522446
1498,-0.239969254
1498.099976,-0.229574203
1498.200073,-0.23324585
1498.300049,-0.228799343
1498.400024,-0.226474762
1498.5,-0.232277274
1498.599976,-0.236631393
1498.700073,-0.237203598
1498.800049,-0.230766296
1498.900024,-0.232006073
1499,-0.228048325
1499.099976,-0.237966537
1499.200073,-0.229717255
1499.300049,-0.231147766
1499.400024,-0.228203297
1499.5,-0.226999283
1499.599976,-0.224948883
1499.700073,-0.224376678
1499.800049,-0.219274521
1499.900024,-0.232292175
1500,-0.225759506
1500.099976,-0.218273163
1500.200073,-0.226903915
1500.300049,-0.334061623
1500.400024,-0.442435265
1500.5,-0.448634148
1500.599976,-0.443472385
1500.700073,-0.440432549
1500.800049,-0.442387581
1500.900024,-0.442769051
1501,-0.438572884
1501.099976,-0.439049721
1501.200073,-0.447489738
1501.300049,-0.439717293
1501.400024,-0.447775841
1501.5,-0.439097404
1501.599976,-0.428892612
1501.700073,-0.436712742
1501.800049,-0.446011543
1501.900024,-0.434948444
1502,-0.436998844
1502.099976,-0.436092854
1502.200073,-0.436474323
1502.300049,-0.433231831
1502.400024,-0.44596386
1502.5,-0.436760426
1502.599976,-0.446345329
1502.700073,-0.437523842
1502.800049,-0.438763618
1502.900024,-0.434519291
1503,-0.440551639
1503.099976,-0.445296288
1503.200073,-0.443627357
1503.300049,-0.436140537
1503.400024,-0.433279514
1503.5,-0.433899403
1503.599976,-0.432516575
1503.700073,-0.435103416
1503.800049,-0.436665058
1503.900024,-0.434128881
1504,-0.432421207
1504.099976,-0.43232584
1504.200073,-0.436522007
1504.300049,-0.428177357
1504.400024,-0.433374882
1504.5,-0.435949802
1504.599976,-0.4356637
1504.700073,-0.443675041
1504.800049,-0.428654194
1504.900024,-0.435902119
1505,-0.435472965
1505.099976,-0.435472965
1505.200073,-0.434471607
1505.300049,-0.437392473
1505.400024,-0.438477516
1505.5,-0.441147804
1505.599976,-0.435377598
1505.700073,-0.430799961
1505.800049,-0.431849003
1505.900024,-0.430752277
1506,-0.435759068
1506.099976,-0.439192772
1506.200073,-0.433434606
1506.300049,-0.429083347
1506.400024,-0.429703236
1506.5,-0.42898798
1506.599976,-0.424219608
1506.700073,-0.436998844
1506.800049,-0.426603794
1506.900024,-0.431324482
1507,-0.435949802
1507.099976,-0.433470249
1507.200073,-0.429083347
1507.300049,-0.426270008
1507.400024,-0.433041096
1507.5,-0.424601078
1507.599976,-0.439908028
1507.700073,-0.427795887
1507.800049,-0.429321766
1507.900024,-0.429274082
1508,-0.427986622
1508.099976,-0.433136463
1508.200073,-0.422026157
1508.300049,-0.431801319
1508.400024,-0.428081989
1508.5,-0.429417133
1508.599976,-0.428463459
1508.700073,-0.429226398
1508.800049,-0.427605152
1508.900024,-0.426949501
1509,-0.427128315
1509.099976,-0.427167058
1509.200073,-0.42655611
1509.300049,-0.428034306
1509.400024,-0.425077915
1509.5,-0.429226398
1509.599976,-0.423790455
1509.700073,-0.428129673
1509.800049,-0.42936945
1509.900024,-0.438191414
1510,-0.421263218
1510.099976,-0.431324482
1510.200073,-0.433422565
1510.300049,-0.436903477
1510.400024,-0.425936222
1510.5,-0.431133747
1510.599976,-0.424982548
1510.700073,-0.425840855
1510.800049,-0.428415775
1510.900024,-0.42655611
1511,-0.425220966
1511.099976,-0.424124241
1511.200073,-0.428272724
1511.300049,-0.431276798
1511.400024,-0.429417133
1511.5,-0.41821146
1511.599976,-0.430561543
1511.700073,-0.419451237
1511.800049,-0.421883106
1511.900024,-0.431849003
1512,-0.422598362
1512.099976,-0.430847645
1512.200073,-0.42693758
1512.300049,-0.431849003
1512.400024,-0.428701878
1512.5,-0.422932148
1512.599976,-0.415207386
1512.700073,-0.422407627
1512.800049,-0.419689655
1512.900024,-0.421263218
1513,-0.420953274
1513.099976,-0.421120167
1513.200073,-0.421740055
1513.300049,-0.42693758
1513.400024,-0.420977116
1513.5,-0.423742771
1513.599976,-0.428272724
1513.700073,-0.416351795
1513.800049,-0.426317692
1513.900024,-0.421883106
1514,-0.413824558
1514.099976,-0.416685581
1514.200073,-0.41885519
1514.300049,-0.424171925
1514.400024,-0.420738697
1514.5,-0.42359972
1514.599976,-0.420452595
1514.700073,-0.423170567
1514.800049,-0.428320408
1514.900024,-0.422932148
1515,-0.425030231
1515.099976,-0.423885822
1515.200073,-0.418926716
1515.300049,-0.418879032
1515.400024,-0.430847645
1515.5,-0.416780949
1515.599976,-0.429703236
1515.700073,-0.423265934
1515.800049,-0.421072483
1515.900024,-0.42488718
1516,-0.429226398
1516.099976,-0.422073841
1516.200073,-0.42116785
1516.300049,-0.427652836
1516.400024,-0.417877674
1516.5,-0.412107944
1516.599976,-0.419928074
1516.700073,-0.414444447
1516.800049,-0.415159702
1516.900024,-0.413872242
1517,-0.420786381
1517.099976,-0.41654253
1517.200073,-0.429274082
1517.300049,-0.426365376
1517.400024,-0.423122883
1517.5,-0.418116093
1517.599976,-0.418735981
1517.700073,-0.424219608
1517.800049,-0.423552036
1517.900024,-0.419785023
1518,-0.420738697
1518.099976,-0.412775517
1518.200073,-0.4189744
1518.300049,-0.40910387
1518.400024,-0.413061619
1518.5,-0.417973042
1518.599976,-0.414682865
1518.700073,-0.422121525
1518.800049,-0.41988039
1518.900024,-0.412298679
1519,-0.42603159
1519.099976,-0.416685581
1519.200073,-0.411964893
1519.300049,-0.416828632
1519.400024,-0.409819126
1519.5,-0.424791813
1519.599976,-0.423361301
1519.700073,-0.41616106
1519.800049,-0.412918568
1519.900024,-0.423742771
1520,-0.410391331
1520.099976,-0.424410343
1520.200073,-0.42193079
1520.300049,-0.417782307
1520.400024,-0.414730549
1520.5,-0.422407627
1520.599976,-0.415970325
1520.700073,-0.417591572
1520.800049,-0.413419247
1520.900024,-0.411583424
1521,-0.408531666
1521.099976,-0.411726475
1521.200073,-0.4148736
1521.300049,-0.421787739
1521.400024,-0.417114735
1521.5,-0.41358614
1521.599976,-0.413490772
1521.700073,-0.418688297
1521.800049,-0.411631107
1521.900024,-0.423361301
1522,-0.411440372
1522.099976,-0.418068409
1522.200073,-0.412584782
1522.300049,-0.415922642
1522.400024,-0.420404911
1522.5,-0.405861378
1522.599976,-0.417162418
1522.700073,-0.426889896
1522.800049,-0.412775517
1522.900024,-0.412346363
1523,-0.410367489
1523.099976,-0.408913136
1523.200073,-0.40743494
1523.300049,-0.415302753
1523.400024,-0.420023441
1523.5,-0.403763294
1523.599976,-0.412346363
1523.700073,-0.417782307
1523.800049,-0.414682865
1523.900024,-0.41449213
1524,-0.41525507
1524.099976,-0.411726475
1524.200073,-0.408054829
1524.300049,-0.41654253
1524.400024,-0.412012577
1524.5,-0.413156986
1524.599976,-0.41217947
1524.700073,-0.412250996
1524.800049,-0.411297321
1524.900024,-0.413538456
1525,-0.412334442
1525.099976,-0.411964893
1525.200073,-0.412537098
1525.300049,-0.413562298
1525.400024,-0.415588856
1525.5,-0.414158344
1525.599976,-0.411631107
1525.700073,-0.405193806
1525.800049,-0.422932148
1525.900024,-0.416733265
1526,-0.407101154
1526.099976,-0.410152912
1526.200073,-0.406958103
1526.300049,-0.407530308
1526.400024,-0.408293247
1526.5,-0.409723759
1526.599976,-0.417973042
1526.700073,-0.414778233
1526.800049,-0.399614811
1526.900024,-0.412870884
1527,-0.40152216
1527.099976,-0.402237415
1527.200073,-0.405861378
1527.300049,-0.400473118
1527.400024,-0.405146122
1527.5,-0.412680149
1527.599976,-0.409676075
1527.700073,-0.409533024
1527.800049,-0.408698559
1527.900024,-0.408436298
1528,-0.407148838
1528.099976,-0.406195164
1528.200073,-0.412012577
1528.300049,-0.401951313
1528.400024,-0.408150196
1528.5,-0.405336857
1528.599976,-0.411964893
1528.700073,-0.407911777
1528.800049,-0.404049397
1528.900024,-0.40075922
1529,-0.401855946
1529.099976,-0.404430866
1529.200073,-0.408960819
1529.300049,-0.406910419
1529.400024,-0.409056187
1529.5,-0.402523518
1529.599976,-0.397612095
1529.700073,-0.402440071
1529.800049,-0.404764652
1529.900024,-0.40486002
1530,-0.406385899
1530.099976,-0.405646801
1530.200073,-0.405909061
1530.300049,-0.405432224
1530.400024,-0.405813694
1530.5,-0.403572559
1530.599976,-0.404716969
1530.700073,-0.399662495
1530.800049,-0.400043964
1530.900024,-0.406290531
1531,-0.406862736
1531.099976,-0.401808262
1531.200073,-0.395895481
1531.300049,-0.400663853
1531.400024,-0.409294605
1531.5,-0.394989491
1531.599976,-0.404907703
1531.700073,-0.404144764
1531.800049,-0.414396763
1531.900024,-0.400806904
1532,-0.407053471
1532.099976,-0.411631107
1532.200073,-0.403334141
1532.300049,-0.407244205
1532.400024,-0.400997639
1532.5,-0.406242847
1532.599976,-0.405670643
1532.700073,-0.406004429
1532.800049,-0.401534081
1532.900024,-0.400663853
1533,-0.402061582
1533.099976,-0.401474476
1533.200073,-0.398998648
1533.300049,-0.39537096
1533.400024,-0.397087574
1533.5,-0.405098438
1533.599976,-0.392509937
1533.700073,-0.401331425
1533.800049,-0.392748356
1533.900024,-0.399233341
1534,-0.39909029
1534.099976,-0.400544643
1534.200073,-0.401569843
1534.300049,-0.402285099
1534.400024,-0.398947239
1534.5,-0.395704746
1534.599976,-0.396229267
1534.700073,-0.394941807
1534.800049,-0.399281025
1534.900024,-0.408483982
1535,-0.403048038
1535.099976,-0.400282383
1535.200073,-0.404192448
1535.300049,-0.406481266
1535.400024,-0.405050755
1535.5,-0.402404308
1535.599976,-0.399567127
1535.700073,-0.398518085
1535.800049,-0.390554905
1535.900024,-0.39870882
1536,-0.387503147
1536.099976,-0.385548115
1536.200073,-0.399137974
1536.300049,-0.396229267
1536.400024,-0.396098137
1536.5,-0.393845081
1536.599976,-0.395180225
1536.700073,-0.395668983
1536.800049,-0.396181583
1536.900024,-0.397469044
1537,-0.404573917
1537.099976,-0.40280962
1537.200073,-0.388742924
1537.300049,-0.389791965
1537.400024,-0.402237415
1537.5,-0.402571201
1537.599976,-0.397707462
1537.700073,-0.392652988
1537.800049,-0.392986774
1537.900024,-0.393368244
1538,-0.393225193
1538.099976,-0.394608021
1538.200073,-0.393606663
1538.300049,-0.392748356
1538.400024,-0.393845081
1538.5,-0.394560337
1538.599976,-0.395418644
1538.700073,-0.396229267
1538.800049,-0.393082142
1538.900024,-0.393558979
1539,-0.392974854
1539.099976,-0.392462254
1539.200073,-0.39279604
1539.300049,-0.392939091
1539.400024,-0.397469044
1539.5,-0.396610737
1539.599976,-0.398899555
1539.700073,-0.393177509
1539.800049,-0.387217045
1539.900024,-0.387455463
1540,-0.386978626
1540.099976,-0.388456821
1540.200073,-0.387979984
1540.300049,-0.391413212
1540.400024,-0.404335499
1540.5,-0.389458179
1540.599976,-0.395037174
1540.700073,-0.386740208
1540.800049,-0.388838291
1540.900024,-0.396276951
1541,-0.39446497
1541.099976,-0.392652988
1541.200073,-0.389458179
1541.300049,-0.395418644
1541.400024,-0.389696598
1541.5,-0.387073994
1541.599976,-0.386930943
1541.700073,-0.388862133
1541.800049,-0.391603947
1541.900024,-0.389839649
1542,-0.388075352
1542.099976,-0.389935017
1542.200073,-0.381018162
1542.300049,-0.399424076
1542.400024,-0.391365528
1542.5,-0.38497591
1542.599976,-0.387550831
1542.700073,-0.385512352
1542.800049,-0.384165287
1542.900024,-0.38535738
1543,-0.395514011
1543.099976,-0.397182941
1543.200073,-0.394226551
1543.300049,-0.39485836
1543.400024,-0.39165163
1543.5,-0.396372318
1543.599976,-0.391842365
1543.700073,-0.390078068
1543.800049,-0.393129826
1543.900024,-0.390793324
1544,-0.386168003
1544.099976,-0.390125751
1544.200073,-0.3940835
1544.300049,-0.387550831
1544.400024,-0.386930943
1544.5,-0.384117603
1544.599976,-0.393654346
1544.700073,-0.388266087
1544.800049,-0.386215687
1544.900024,-0.389744282
1545,-0.397898197
1545.099976,-0.391746998
1545.200073,-0.388218403
1545.300049,-0.379683018
1545.400024,-0.39241457
1545.5,-0.382067204
1545.599976,-0.396753788
1545.700073,-0.384165287
1545.800049,-0.391556263
1545.900024,-0.384165287
1546,-0.387932301
1546.099976,-0.386692524
1546.200073,-0.390316486
1546.300049,-0.390984058
1546.400024,-0.390888691
1546.5,-0.384212971
1546.599976,-0.387693882
1546.700073,-0.393511295
1546.800049,-0.384737492
1546.900024,-0.390841007
1547,-0.38368845
1547.099976,-0.388790607
1547.200073,-0.388647556
1547.300049,-0.388027668
1547.400024,-0.38831377
1547.5,-0.388409138
1547.599976,-0.388170719
1547.700073,-0.391699314
1547.800049,-0.387515068
1547.900024,-0.385452747
1548,-0.384737492
1548.099976,-0.388266087
1548.200073,-0.377298832
1548.300049,-0.384737492
1548.400024,-0.382257938
1548.5,-0.385881901
1548.599976,-0.377251148
1548.700073,-0.390602589
1548.800049,-0.380112171
1548.900024,-0.389935017
1549,-0.380779743
1549.099976,-0.387169361
1549.200073,-0.381351948
1549.300049,-0.387455463
1549.400024,-0.381685734
1549.5,-0.380779743
1549.599976,-0.381971836
1549.700073,-0.384022236
1549.800049,-0.381399632
1549.900024,-0.384963989
1550,-0.386740208
1550.099976,-0.387693882
1550.200073,-0.388623714
1550.300049,-0.3899827
1550.400024,-0.385375261
1550.5,-0.382257938
1550.599976,-0.380636692
1550.700073,-0.384987831
1550.800049,-0.386406422
1550.900024,-0.390650272
1551,-0.389124393
1551.099976,-0.378872395
1551.200073,-0.384737492
1551.300049,-0.379158497
1551.400024,-0.383831501
1551.5,-0.386597157
1551.599976,-0.390650272
1551.700073,-0.387312412
1551.800049,-0.38702631
1551.900024,-0.384809017
1552,-0.383163929
1552.099976,-0.381733418
1552.200073,-0.386120319
1552.300049,-0.380064487
1552.400024,-0.389315128
1552.5,-0.376440525
1552.599976,-0.371529102
1552.700073,-0.382877827
1552.800049,-0.384642124
1552.900024,-0.378061771
1553,-0.388742924
1553.099976,-0.381351948
1553.200073,-0.381018162
1553.300049,-0.381208897
1553.400024,-0.386358738
1553.5,-0.387932301
1553.599976,-0.387789249
1553.700073,-0.39036417
1553.800049,-0.386501789
1553.900024,-0.378443241
1554,-0.383831501
1554.099976,-0.381828785
1554.200073,-0.384165287
1554.300049,-0.385166645
1554.400024,-0.383891106
1554.5,-0.385977268
1554.599976,-0.38522923
1554.700073,-0.385691166
1554.800049,-0.38535738
1554.900024,-0.384832859
1555,-0.382210255
1555.099976,-0.386168003
1555.200073,-0.396038532
1555.300049,-0.384117603
1555.400024,-0.377823353
1555.5,-0.38330698
1555.599976,-0.381590366
1555.700073,-0.380541325
1555.800049,-0.38201952
1555.900024,-0.381351948
1556,-0.380589008
1556.099976,-0.378777027
1556.200073,-0.380207539
1556.300049,-0.381220818
1556.400024,-0.381685734
1556.5,-0.379542947
1556.599976,-0.376392841
1556.700073,-0.378872395
1556.800049,-0.379015446
1556.900024,-0.38330698
1557,-0.377489567
1557.099976,-0.386454105
1557.200073,-0.385929585
1557.300049,-0.384785175
1557.400024,-0.384689808
1557.5,-0.385262012
1557.599976,-0.382782459
1557.700073,-0.384379864
1557.800049,-0.382478476
1557.900024,-0.381876469
1558,-0.380875111
1558.099976,-0.375200748
1558.200073,-0.382162571
1558.300049,-0.370718479
1558.400024,-0.379778385
1558.5,-0.373054981
1558.599976,-0.362707615
1558.700073,-0.37663126
1558.800049,-0.370480061
1558.900024,-0.380159855
1559,-0.378967762
1559.099976,-0.382591724
1559.200073,-0.371195316
1559.300049,-0.38163805
1559.400024,-0.377966404
1559.5,-0.378216743
1559.599976,-0.377251148
1559.700073,-0.376011372
1559.800049,-0.374056339
1559.900024,-0.374008656
1560,-0.370575428
1560.099976,-0.380207539
1560.200073,-0.370527744
1560.300049,-0.377155781
1560.400024,-0.381399632
1560.5,-0.38021946
1560.599976,-0.380589008
1560.700073,-0.381733418
1560.800049,-0.383640766
1560.900024,-0.36957407
1561,-0.37701273
1561.099976,-0.371052265
1561.200073,-0.377108097
1561.300049,-0.361896992
1561.400024,-0.372196674
1561.5,-0.37663126
1561.599976,-0.369287968
1561.700073,-0.386549473
1561.800049,-0.376345158
1561.900024,-0.366760731
1562,-0.375629902
1562.099976,-0.384308338
1562.200073,-0.379110813
1562.300049,-0.364996433
1562.400024,-0.368095875
1562.5,-0.367309093
1562.599976,-0.36494875
1562.700073,-0.371195316
1562.800049,-0.377632618
1562.900024,-0.364996433
1563,-0.375391483
1563.099976,-0.371576786
1563.200073,-0.378347874
1563.300049,-0.383068562
1563.400024,-0.374866962
1563.5,-0.368477345
1563.599976,-0.378252506
1563.700073,-0.380589008
1563.800049,-0.366760731
1563.900024,-0.370956898
1564,-0.367154121
1564.099976,-0.365330219
1564.200073,-0.365568638
1564.300049,-0.367869377
1564.400024,-0.371290684
1564.5,-0.369287968
1564.599976,-0.372959614
1564.700073,-0.367332935
1564.800049,-0.376106739
1564.900024,-0.374104023
1565,-0.368095875
1565.099976,-0.37367487
1565.200073,-0.370384693
1565.300049,-0.368525028
1565.400024,-0.360609531
1565.5,-0.37586832
1565.599976,-0.361801624
1565.700073,-0.355793476
1565.800049,-0.37496233
1565.900024,-0.368334293
1566,-0.364758015
1566.099976,-0.370241642
1566.200073,-0.370146275
1566.300049,-0.367571354
1566.400024,-0.365711689
1566.5,-0.375153065
1566.599976,-0.379539967
1566.700073,-0.36752367
1566.800049,-0.373960972
1566.900024,-0.379110813
1567,-0.365044117
1567.099976,-0.367714405
1567.200073,-0.376678944
1567.300049,-0.361324787
1567.400024,-0.36957407
1567.5,-0.364328861
1567.599976,-0.365664005
1567.700073,-0.3691926
1567.800049,-0.366760731
1567.900024,-0.375916004
1568,-0.370670795
1568.099976,-0.378824711
1568.200073,-0.375391483
1568.300049,-0.36547327
1568.400024,-0.370337009
1568.5,-0.361038685
1568.599976,-0.366426945
1568.700073,-0.368811131
1568.800049,-0.373722553
1568.900024,-0.374056339
1569,-0.379158497
1569.099976,-0.361038685
1569.200073,-0.374294758
1569.300049,-0.3671422
1569.400024,-0.376678944
1569.5,-0.372768879
1569.599976,-0.369526386
1569.700073,-0.369013786
1569.800049,-0.366903782
1569.900024,-0.366856098
1570,-0.361181736
1570.099976,-0.371815205
1570.200073,-0.363565922
1570.300049,-0.368763447
1570.400024,-0.363708973
1570.5,-0.367189884
1570.599976,-0.364805698
1570.700073,-0.365425587
1570.800049,-0.365711689
1570.900024,-0.363995075
1571,-0.363184452
1571.099976,-0.365807056
1571.200073,-0.368334293
1571.300049,-0.367714405
1571.400024,-0.368763447
1571.5,-0.369907856
1571.599976,-0.369097233
1571.700073,-0.359894276
1571.800049,-0.360228062
1571.900024,-0.362755299
1572,-0.364996433
1572.099976,-0.365902424
1572.200073,-0.354982853
1572.300049,-0.359941959
1572.400024,-0.368095875
1572.5,-0.362183094
1572.599976,-0.370718479
1572.700073,-0.365711689
1572.800049,-0.372816563
1572.900024,-0.363899708
1573,-0.367094517
1573.099976,-0.362707615
1573.200073,-0.36957407
1573.300049,-0.367046833
1573.400024,-0.36585474
1573.5,-0.364901066
1573.599976,-0.367046833
1573.700073,-0.367857456
1573.800049,-0.365556717
1573.900024,-0.36547327
1574,-0.361849308
1574.099976,-0.359608173
1574.200073,-0.364424229
1574.300049,-0.371243
1574.400024,-0.363661289
1574.5,-0.366045475
1574.599976,-0.363041401
1574.700073,-0.360991001
1574.800049,-0.36790514
1574.900024,-0.369812489
1575,-0.364328861
1575.099976,-0.362755299
1575.200073,-0.362183094
1575.300049,-0.362588406
1575.400024,-0.359989643
1575.5,-0.365425587
1575.599976,-0.36046648
1575.700073,-0.361563206
1575.800049,-0.365568638
1575.900024,-0.363375187
1576,-0.358368397
1576.099976,-0.357796192
1576.200073,-0.368048191
1576.300049,-0.360561848
1576.400024,-0.368095875
1576.5,-0.367571354
1576.599976,-0.359465122
1576.700073,-0.362040043
1576.800049,-0.355221272
1576.900024,-0.357498169
1577,-0.355412006
1577.099976,-0.357319355
1577.200073,-0.36418581
1577.300049,-0.363136768
1577.400024,-0.36289835
1577.5,-0.361658573
1577.599976,-0.359751225
1577.700073,-0.357319355
1577.800049,-0.35712862
1577.900024,-0.36122942
1578,-0.368238926
1578.099976,-0.359512806
1578.200073,-0.369049549
1578.300049,-0.352407932
1578.400024,-0.358749866
1578.5,-0.368858814
1578.599976,-0.36213541
1578.700073,-0.355984211
1578.800049,-0.357223988
1578.900024,-0.362326145
1579,-0.359226704
1579.099976,-0.350405216
1579.200073,-0.355698109
1579.300049,-0.360037327
1579.400024,-0.350405216
1579.5,-0.359941959
1579.599976,-0.362278461
1579.700073,-0.356651783
1579.800049,-0.358225346
1579.900024,-0.360239983
1580,-0.359083652
1580.099976,-0.366999149
1580.200073,-0.352407932
1580.300049,-0.36084795
1580.400024,-0.355125904
1580.5,-0.353695393
1580.599976,-0.361706257
1580.700073,-0.359941959
1580.800049,-0.352646351
1580.900024,-0.361372471
1581,-0.352407932
1581.099976,-0.353647709
1581.200073,-0.361944675
1581.300049,-0.359226704
1581.400024,-0.362421513
1581.5,-0.359322071
1581.599976,-0.357796192
1581.700073,-0.352837086
1581.800049,-0.358749866
1581.900024,-0.352407932
1582,-0.358606815
1582.099976,-0.360418797
1582.200073,-0.359226704
1582.300049,-0.357223988
1582.400024,-0.354410648
1582.5,-0.363136768
1582.599976,-0.348688602
1582.700073,-0.356842518
1582.800049,-0.353981495
1582.900024,-0.3525033
1583,-0.354112625
1583.099976,-0.352646351
1583.200073,-0.357319355
1583.300049,-0.354839802
1583.400024,-0.355888844
1583.5,-0.360514164
1583.599976,-0.358320713
1583.700073,-0.354601383
1583.800049,-0.366188526
1583.900024,-0.362040043
1584,-0.356699467
1584.099976,-0.357748508
1584.200073,-0.357080936
1584.300049,-0.35917902
1584.400024,-0.357724667
1584.5,-0.358749866
1584.599976,-0.355888844
1584.700073,-0.354029179
1584.800049,-0.356937885
1584.900024,-0.35751009
1585,-0.356520653
1585.099976,-0.356031895
1585.200073,-0.355602741
1585.300049,-0.354839802
1585.400024,-0.354124546
1585.5,-0.357176304
1585.599976,-0.357605457
1585.700073,-0.36213541
1585.800049,-0.366188526
1585.900024,-0.361145973
1586,-0.358988285
1586.099976,-0.357271671
1586.200073,-0.357283592
1586.300049,-0.353838444
1586.400024,-0.359035969
1586.5,-0.352789402
1586.599976,-0.356365681
1586.700073,-0.361086369
1586.800049,-0.355221272
1586.900024,-0.349499226
1587,-0.352646351
1587.099976,-0.349642277
1587.200073,-0.352026463
1587.300049,-0.35841608
1587.400024,-0.346065998
1587.5,-0.354410648
1587.599976,-0.336910725
1587.700073,-0.360323429
1587.800049,-0.352312565
1587.900024,-0.366713047
1588,-0.348831654
1588.099976,-0.344158649
1588.200073,-0.355745792
1588.300049,-0.348736286
1588.400024,-0.355650425
1588.5,-0.354935169
1588.599976,-0.345541477
1588.700073,-0.35712862
1588.800049,-0.35007143
1588.900024,-0.347687244
1589,-0.350929737
1589.099976,-0.352694035
1589.200073,-0.353266239
1589.300049,-0.351788044
1589.400024,-0.353456974
1589.5,-0.352193356
1589.599976,-0.351835728
1589.700073,-0.351692677
1589.800049,-0.35917902
1589.900024,-0.348736286
1590,-0.361849308
1590.099976,-0.352980137
1590.200073,-0.351978779
1590.300049,-0.349964142
1590.400024,-0.346542835
1590.5,-0.348354816
1590.599976,-0.347258091
1590.700073,-0.350309849
1590.800049,-0.355173588
1590.900024,-0.351120472
1591,-0.351490021
1591.099976,-0.349594593
1591.200073,-0.35007143
1591.300049,-0.352086067
1591.400024,-0.354792118
1591.5,-0.353886127
1591.599976,-0.346209049
1591.700073,-0.343586445
1591.800049,-0.350929737
1591.900024,-0.343538761
1592,-0.346781254
1592.099976,-0.353123188
1592.200073,-0.348068714
1592.300049,-0.353266239
1592.400024,-0.357176304
1592.5,-0.351501942
1592.599976,-0.344015598
1592.700073,-0.344444752
1592.800049,-0.35879755
1592.900024,-0.342442036
1593,-0.355221272
1593.099976,-0.35584116
1593.200073,-0.339533329
1593.300049,-0.347258091
1593.400024,-0.339247227
1593.5,-0.348831654
1593.599976,-0.346828938
1593.700073,-0.346590519
1593.800049,-0.345636845
1593.900024,-0.34134531
1594,-0.348259449
1594.099976,-0.339724064
1594.200073,-0.347877979
1594.300049,-0.356079578
1594.400024,-0.350166798
1594.5,-0.347353458
1594.599976,-0.344885826
1594.700073,-0.340630054
1594.800049,-0.341392994
1594.900024,-0.35841608
1595,-0.338579655
1595.099976,-0.353218555
1595.200073,-0.348640919
1595.300049,-0.351883411
1595.400024,-0.342918873
1595.5,-0.346113682
1595.599976,-0.3484025
1595.700073,-0.355650425
1595.800049,-0.353743076
1595.900024,-0.350166798
1596,-0.356985569
1596.099976,-0.352884769
1596.200073,-0.344349384
1596.300049,-0.340630054
1596.400024,-0.347591877
1596.5,-0.346876621
1596.599976,-0.346304417
1596.700073,-0.345350742
1596.800049,-0.345827579
1596.900024,-0.342203617
1597,-0.341869831
1597.099976,-0.350739002
1597.200073,-0.352741718
1597.300049,-0.350822449
1597.400024,-0.351883411
1597.5,-0.347925663
1597.599976,-0.346685886
1597.700073,-0.344778538
1597.800049,-0.345779896
1597.900024,-0.342203617
1598,-0.344254017
1598.099976,-0.3525033
1598.200073,-0.339581013
1598.300049,-0.347448826
1598.400024,-0.348688602
1598.5,-0.347782612
1598.599976,-0.347925663
1598.700073,-0.347055435
1598.800049,-0.345922947
1598.900024,-0.346590519
1599,-0.347401142
1599.099976,-0.344015598
1599.200073,-0.338341236
1599.300049,-0.346828938
1599.400024,-0.338913441
1599.5,-0.346781254
1599.599976,-0.348688602
1599.700073,-0.34468317
1599.800049,-0.341965199
1599.900024,-0.35083437
1600,-0.349546909
1600.099976,-0.347973347
1600.200073,-0.346113682
1600.300049,-0.345398426
1600.400024,-0.348116398
1600.5,-0.33929491
1600.599976,-0.344778538
1600.700073,-0.34096384
1600.800049,-0.348259449
1600.900024,-0.351072788
1601,-0.345124245
1601.099976,-0.339724064
1601.200073,-0.341440678
1601.300049,-0.346495152
1601.400024,-0.348354816
1601.5,-0.343538761
1601.599976,-0.341631413
1601.700073,-0.337673664
1601.800049,-0.335480213
1601.900024,-0.340200901
1602,-0.34377718
1602.099976,-0.33967638
1602.200073,-0.345922947
1602.300049,-0.338341236
1602.400024,-0.350500584
1602.5,-0.334097385
1602.599976,-0.347401142
1602.700073,-0.333191395
1602.800049,-0.346447468
1602.900024,-0.342775822
1603,-0.336147785
1603.099976,-0.339867115
1603.200073,-0.343920231
1603.300049,-0.343824863
1603.400024,-0.342680454
1603.5,-0.341869831
1603.599976,-0.339819431
1603.700073,-0.334526539
1603.800049,-0.344349384
1603.900024,-0.335384846
1604,-0.34468317
1604.099976,-0.348831654
1604.200073,-0.339771748
1604.300049,-0.344301701
1604.400024,-0.33671999
1604.5,-0.330902576
1604.599976,-0.339008808
1604.700073,-0.34377718
1604.800049,-0.344254017
1604.900024,-0.34108305
1605,-0.338531971
1605.099976,-0.337769032
1605.200073,-0.339008808
1605.300049,-0.342203617
1605.400024,-0.334955692
1605.5,-0.347782612
1605.599976,-0.345207691
1605.700073,-0.340820789
1605.800049,-0.333858967
1605.900024,-0.337530613
1606,-0.344444752
1606.099976,-0.351644993
1606.200073,-0.339342594
1606.300049,-0.349642277
1606.400024,-0.343491077
1606.5,-0.342918873
1606.599976,-0.345827579
1606.700073,-0.334621906
1606.800049,-0.342251301
1606.900024,-0.338245869
1607,-0.336863041
1607.099976,-0.332476139
1607.200073,-0.335813999
1607.300049,-0.336243153
1607.400024,-0.337673664
1607.5,-0.342442036
1607.599976,-0.333191395
1607.700073,-0.343061924
1607.800049,-0.346209049
1607.900024,-0.34301424
1608,-0.339724064
1608.099976,-0.335146427
1608.200073,-0.342871189
1608.300049,-0.337196827
1608.400024,-0.340582371
1608.5,-0.332190037
1608.599976,-0.340868473
1608.700073,-0.343491077
1608.800049,-0.344444752
1608.900024,-0.328470707
1609,-0.338531971
1609.099976,-0.330473423
1609.200073,-0.337864399
1609.300049,-0.330139637
1609.400024,-0.339914799
1609.5,-0.330378056
1609.599976,-0.33929491
1609.700073,-0.340010166
1609.800049,-0.333286762
1609.900024,-0.332094669
1610,-0.340296268
1610.099976,-0.322176456
1610.200073,-0.346542835
1610.300049,-0.337435246
1610.400024,-0.329710484
1610.5,-0.33633852
1610.599976,-0.346018314
1610.700073,-0.338055134
1610.800049,-0.330997944
1610.900024,-0.334049702
1611,-0.3322258
1611.099976,-0.332952976
1611.200073,-0.330902576
1611.300049,-0.335003376
1611.400024,-0.325275898
1611.5,-0.336243153
1611.599976,-0.34134531
1611.700073,-0.335718632
1611.800049,-0.3317132
1611.900024,-0.331140995
1612,-0.331427097
1612.099976,-0.334943771
1612.200073,-0.338675022
1612.300049,-0.338531971
1612.400024,-0.336147785
1612.5,-0.335146427
1612.599976,-0.330235004
1612.700073,-0.335670948
1612.800049,-0.323416233
1612.900024,-0.330759525
1613,-0.329758167
1613.099976,-0.335670948
1613.200073,-0.330187321
1613.300049,-0.332523823
1613.400024,-0.347305775
1613.5,-0.332762241
1613.599976,-0.342012882
1613.700073,-0.329615116
1613.800049,-0.324989796
1613.900024,-0.337912083
1614,-0.326992512
1614.099976,-0.332952976
1614.200073,-0.336815357
1614.300049,-0.333048344
1614.400024,-0.330473423
1614.5,-0.331951618
1614.599976,-0.33004427
1614.700073,-0.334478855
1614.800049,-0.329996586
1614.900024,-0.33505106
1615,-0.334955692
1615.099976,-0.33004427
1615.200073,-0.337578297
1615.300049,-0.330711842
1615.400024,-0.33466959
1615.5,-0.338198185
1615.599976,-0.330711842
1615.700073,-0.334860325
1615.800049,-0.331570148
1615.900024,-0.333143711
1616,-0.335718632
1616.099976,-0.338198185
1616.200073,-0.333620548
1616.300049,-0.334478855
1616.400024,-0.339390278
1616.5,-0.327421665
1616.599976,-0.332666874
1616.700073,-0.34377718
1616.800049,-0.342203617
1616.900024,-0.333858967
1617,-0.328995228
1617.099976,-0.339962482
1617.200073,-0.331045628
1617.300049,-0.338341236
1617.400024,-0.327421665
1617.5,-0.332571507
1617.599976,-0.324417591
1617.700073,-0.331522465
1617.800049,-0.334049702
1617.900024,-0.329853535
1618,-0.333668232
1618.099976,-0.336100101
1618.200073,-0.331760883
1618.300049,-0.336195469
1618.400024,-0.333668232
1618.5,-0.332643032
1618.599976,-0.331474781
1618.700073,-0.329233646
1618.800049,-0.3296628
1618.900024,-0.329233646
1619,-0.324322224
1619.099976,-0.332285404
1619.200073,-0.325275898
1619.300049,-0.327707767
1619.400024,-0.327660084
1619.5,-0.337053776
1619.599976,-0.330997944
1619.700073,-0.338531971
1619.800049,-0.334335804
1619.900024,-0.327850819
1620,-0.331427097
1620.099976,-0.336910725
1620.200073,-0.332190037
1620.300049,-0.328852177
1620.400024,-0.331856251
1620.5,-0.323177814
1620.599976,-0.335623264
1620.700073,-0.31850481
1620.800049,-0.335718632
1620.900024,-0.334049702
1621,-0.329901218
1621.099976,-0.325991154
1621.200073,-0.328470707
1621.300049,-0.330330372
1621.400024,-0.327469349
1621.5,-0.326086521
1621.599976,-0.329472065
1621.700073,-0.317360401
1621.800049,-0.327517033
1621.900024,-0.324322224
1622,-0.331522465
1622.099976,-0.323416233
1622.200073,-0.333811283
1622.300049,-0.325228214
1622.400024,-0.332142353
1622.5,-0.319935322
1622.599976,-0.320745945
1622.700073,-0.31926775
1622.800049,-0.329042912
1622.900024,-0.336815357
1623,-0.329233646
1623.099976,-0.319410801
1623.200073,-0.334240437
1623.300049,-0.328709126
1623.400024,-0.323034763
1623.5,-0.326467991
1623.599976,-0.318361759
1623.700073,-0.328661442
1623.800049,-0.324036121
1623.900024,-0.326515675
1624,-0.328804493
1624.099976,-0.325800419
1624.200073,-0.32837534
1624.300049,-0.331522465
1624.400024,-0.326706409
1624.5,-0.329615116
1624.599976,-0.324703693
1624.700073,-0.32928133
1624.800049,-0.326849461
1624.900024,-0.319458485
1625,-0.32093668
1625.099976,-0.33056879
1625.200073,-0.31759882
1625.300049,-0.330187321
1625.400024,-0.327135563
1625.5,-0.329233646
1625.599976,-0.325466633
1625.700073,-0.326277256
1625.800049,-0.321771145
1625.900024,-0.314690113
1626,-0.320650578
1626.099976,-0.324036121
1626.200073,-0.321640015
1626.300049,-0.321699619
1626.400024,-0.32017374
1626.5,-0.320459843
1626.599976,-0.332762241
1626.700073,-0.330091953
1626.800049,-0.330831051
1626.900024,-0.328184605
1627,-0.332285404
1627.099976,-0.324083805
1627.200073,-0.321127415
1627.300049,-0.326849461
1627.400024,-0.321127415
1627.5,-0.324369907
1627.599976,-0.330330372
1627.700073,-0.318075657
1627.800049,-0.321032047
1627.900024,-0.320698261
1628,-0.320984364
1628.099976,-0.317694187
1628.200073,-0.320650578
1628.300049,-0.324322224
1628.400024,-0.325275898
1628.5,-0.332714558
1628.599976,-0.317741871
1628.700073,-0.333048344
1628.800049,-0.314499378
1628.900024,-0.322414875
1629,-0.324703693
1629.099976,-0.324083805
1629.200073,-0.318981647
1629.300049,-0.318933964
1629.400024,-0.315596104
1629.5,-0.316692829
1629.599976,-0.319553852
1629.700073,-0.319553852
1629.800049,-0.312210083
1629.900024,-0.324560642
1630,-0.312448502
1630.099976,-0.324560642
1630.200073,-0.328232288
1630.300049,-0.322939396
1630.400024,-0.328756809
1630.5,-0.324989796
1630.599976,-0.315834522
1630.700073,-0.316883564
1630.800049,-0.318647861
1630.900024,-0.317455769
1631,-0.31978035
1631.099976,-0.322414875
1631.200073,-0.320602894
1631.300049,-0.318600178
1631.400024,-0.322033405
1631.5,-0.318314075
1631.599976,-0.323082447
1631.700073,-0.327183247
1631.800049,-0.31349802
1631.900024,-0.325275898
1632,-0.31259203
1632.099976,-0.321985722
1632.200073,-0.32837534
1632.300049,-0.31426096
1632.400024,-0.321222782
1632.5,-0.318743229
1632.599976,-0.320459843
1632.700073,-0.31875515
1632.800049,-0.319363117
1632.900024,-0.316454411
1633,-0.328279972
1633.099976,-0.321890354
1633.200073,-0.325335503
1633.300049,-0.325705051
1633.400024,-0.325466633
1633.5,-0.314070225
1633.599976,-0.325228214
1633.700073,-0.315119267
1633.800049,-0.326897144
1633.900024,-0.321938038
1634,-0.317789555
1634.099976,-0.318218708
1634.200073,-0.320316792
1634.300049,-0.31311655
1634.400024,-0.325514317
1634.5,-0.318027973
1634.599976,-0.317646503
1634.700073,-0.324131489
1634.800049,-0.312544346
1634.900024,-0.322414875
1635,-0.327517033
1635.099976,-0.324846745
1635.200073,-0.313450336
1635.300049,-0.320602894
1635.400024,-0.31592989
1635.5,-0.326897144
1635.599976,-0.314451694
1635.700073,-0.317455769
1635.800049,-0.316418648
1635.900024,-0.316502094
1636,-0.317265034
1636.099976,-0.315405369
1636.200073,-0.313402653
1636.300049,-0.320602894
1636.400024,-0.312019348
1636.5,-0.318123341
1636.599976,-0.327421665
1636.700073,-0.316263676
1636.800049,-0.323940754
1636.900024,-0.308347702
1637,-0.316931248
1637.099976,-0.316502094
1637.200073,-0.318361759
1637.300049,-0.31888628
1637.400024,-0.317312717
1637.5,-0.315977573
1637.599976,-0.31850481
1637.700073,-0.310302734
1637.800049,-0.324703693
1637.900024,-0.317169666
1638,-0.318457127
1638.099976,-0.317551136
1638.200073,-0.320269108
1638.300049,-0.320030689
1638.400024,-0.317265034
1638.5,-0.321902275
1638.599976,-0.325371265
1638.700073,-0.324942112
1638.800049,-0.322391033
1638.900024,-0.324894428
1639,-0.314356327
1639.099976,-0.310588837
1639.200073,-0.323654652
1639.300049,-0.311351776
1639.400024,-0.318695545
1639.5,-0.322033405
1639.599976,-0.316549778
1639.700073,-0.317551136
1639.800049,-0.318314075
1639.900024,-0.311256409
1640,-0.32465601
1640.099976,-0.318933964
1640.200073,-0.314356327
1640.300049,-0.310827255
1640.400024,-0.310064435
1640.5,-0.309492111
1640.599976,-0.315429002
1640.700073,-0.319983006
1640.800049,-0.312907644
1640.900024,-0.308729172
1641,-0.307489395
1641.099976,-0.313641071
1641.200073,-0.323368549
1641.300049,-0.31888628
1641.400024,-0.31721735
1641.5,-0.318123341
1641.599976,-0.308729172
1641.700073,-0.311971664
1641.800049,-0.318123341
1641.900024,-0.319839954
1642,-0.310827255
1642.099976,-0.316931248
1642.200073,-0.310255051
1642.300049,-0.310302734
1642.400024,-0.313641071
1642.5,-0.308681488
1642.599976,-0.318981647
1642.700073,-0.313641071
1642.800049,-0.316072941
1642.900024,-0.313831806
1643,-0.312735081
1643.099976,-0.314070225
1643.200073,-0.316072941
1643.300049,-0.313641071
1643.400024,-0.311637878
1643.5,-0.313688755
1643.599976,-0.305725098
1643.700073,-0.325180531
1643.800049,-0.315262318
1643.900024,-0.316168308
1644,-0.314213157
1644.099976,-0.314308643
1644.200073,-0.311113358
1644.300049,-0.322653294
1644.400024,-0.305772781
1644.5,-0.326086521
1644.599976,-0.30562973
1644.700073,-0.315786839
1644.800049,-0.304389954
1644.900024,-0.316311359
1645,-0.302101135
1645.099976,-0.309682846
1645.200073,-0.314547062
1645.300049,-0.316454411
1645.400024,-0.31311655
1645.5,-0.316215992
1645.599976,-0.314451694
1645.700073,-0.314165592
1645.800049,-0.309921265
1645.900024,-0.30768013
1646,-0.309325218
1646.099976,-0.308252335
1646.200073,-0.311447144
1646.300049,-0.323225498
1646.400024,-0.304580688
1646.5,-0.316359043
1646.599976,-0.303913116
1646.700073,-0.308252335
1646.800049,-0.30729866
1646.900024,-0.312448502
1647,-0.319458485
1647.099976,-0.321032047
1647.200073,-0.312400818
1647.300049,-0.305009842
1647.400024,-0.302434921
1647.5,-0.308204651
1647.599976,-0.306631088
1647.700073,-0.307286739
1647.800049,-0.308824539
1647.900024,-0.311635137
1648,-0.314308643
1648.099976,-0.316120625
1648.200073,-0.31063652
1648.300049,-0.307632446
1648.400024,-0.312830448
1648.5,-0.304056168
1648.599976,-0.321747303
1648.700073,-0.308872223
1648.800049,-0.307966232
1648.900024,-0.310350418
1649,-0.314547062
1649.099976,-0.30909884
1649.200073,-0.305486679
1649.300049,-0.3060112
1649.400024,-0.306488037
1649.5,-0.311208725
1649.599976,-0.312830448
1649.700073,-0.307823181
1649.800049,-0.307203293
1649.900024,-0.301958084
1650,-0.310827255
1650.099976,-0.305915833
1650.200073,-0.313736439
1650.300049,-0.302101135
1650.400024,-0.303722382
1650.5,-0.30524826
1650.599976,-0.304771423
1650.700073,-0.308586121
1650.800049,-0.312210083
1650.900024,-0.307441711
1651,-0.304914474
1651.099976,-0.311733246
1651.200073,-0.317265034
1651.300049,-0.308347702
1651.400024,-0.312210083
1651.5,-0.307966232
1651.599976,-0.308347702
1651.700073,-0.314070225
1651.800049,-0.307632446
1651.900024,-0.301815033
1652,-0.304533005
1652.099976,-0.31139946
1652.200073,-0.309921265
1652.300049,-0.31516695
1652.400024,-0.29857254
1652.5,-0.315357685
1652.599976,-0.308919907
1652.700073,-0.311590195
1652.800049,-0.299192429
1652.900024,-0.316454411
1653,-0.30305481
1653.099976,-0.313927174
1653.200073,-0.296951294
1653.300049,-0.301195145
1653.400024,-0.305868149
1653.5,-0.302625656
1653.599976,-0.302101135
1653.700073,-0.309015274
1653.800049,-0.309444427
1653.900024,-0.305844307
1654,-0.30357933
1654.099976,-0.301338196
1654.200073,-0.300336838
1654.300049,-0.302101135
1654.400024,-0.30138588
1654.5,-0.304127693
1654.599976,-0.305820465
1654.700073,-0.307203293
1654.800049,-0.30472374
1654.900024,-0.30741787
1655,-0.307632446
1655.099976,-0.310112
1655.200073,-0.30768013
1655.300049,-0.307489395
1655.400024,-0.305486679
1655.5,-0.303388596
1655.599976,-0.309825897
1655.700073,-0.307203293
1655.800049,-0.303674698
1655.900024,-0.30934906
1656,-0.304246902
1656.099976,-0.307632446
1656.200073,-0.306023121
1656.300049,-0.306821823
1656.400024,-0.305391312
1656.5,-0.306440353
1656.599976,-0.310064316
1656.700073,-0.313164234
1656.800049,-0.299860001
1656.900024,-0.313354969
1657,-0.297571182
1657.099976,-0.313354969
1657.200073,-0.310064316
1657.300049,-0.302148819
1657.400024,-0.30267334
1657.5,-0.303162098
1657.599976,-0.301245809
1657.700073,-0.300813675
1657.800049,-0.298334122
1657.900024,-0.301719666
1658,-0.313688755
1658.099976,-0.300098419
1658.200073,-0.307107925
1658.300049,-0.304246902
1658.400024,-0.306106567
1658.5,-0.304199219
1658.599976,-0.300384521
1658.700073,-0.311304092
1658.800049,-0.301862717
1658.900024,-0.296712875
1659,-0.309492111
1659.099976,-0.302148819
1659.200073,-0.311494827
1659.300049,-0.305009842
1659.400024,-0.303197861
1659.5,-0.305772781
1659.599976,-0.309968948
1659.700073,-0.299144745
1659.800049,-0.31063652
1659.900024,-0.297857285
1660,-0.302577972
1660.099976,-0.301671982
1660.200073,-0.309968948
1660.300049,-0.307537079
1660.400024,-0.300193787
1660.5,-0.30562973
1660.599976,-0.303293228
1660.700073,-0.293613434
1660.800049,-0.29857254
1660.900024,-0.303150177
1661,-0.309873581
1661.099976,-0.304580688
1661.200073,-0.305319786
1661.300049,-0.302959442
1661.400024,-0.303865433
1661.5,-0.308347702
1661.599976,-0.299287796
1661.700073,-0.302530289
1661.800049,-0.29690361
1661.900024,-0.297952652
1662,-0.309301376
1662.099976,-0.295711517
1662.200073,-0.304533005
1662.300049,-0.303913116
1662.400024,-0.303293228
1662.5,-0.302148819
1662.599976,-0.300289154
1662.700073,-0.301099777
1662.800049,-0.299860001
1662.900024,-0.300289154
1663,-0.304175377
1663.099976,-0.30768013
1663.200073,-0.308872223
1663.300049,-0.304819107
1663.400024,-0.301433563
1663.5,-0.301660061
1663.599976,-0.30024147
1663.700073,-0.300146103
1663.800049,-0.299383163
1663.900024,-0.296092987
1664,-0.302423
1664.099976,-0.30973053
1664.200073,-0.304485321
1664.300049,-0.305772781
1664.400024,-0.297332764
1664.5,-0.299573898
1664.599976,-0.30639267
1664.700073,-0.297094345
1664.800049,-0.310874939
1664.900024,-0.299764633
1665,-0.296712875
1665.099976,-0.303674698
1665.200073,-0.292469025
1665.300049,-0.298858643
1665.400024,-0.299526215
1665.5,-0.306631088
1665.599976,-0.296331406
1665.700073,-0.304819107
1665.800049,-0.298143387
1665.900024,-0.297380447
1666,-0.296569824
1666.099976,-0.298429489
1666.200073,-0.297809601
1666.300049,-0.311494827
1666.400024,-0.293041229
1666.5,-0.304628372
1666.599976,-0.298191071
1666.700073,-0.307346344
1666.800049,-0.302387238
1666.900024,-0.296379089
1667,-0.302244186
1667.099976,-0.308395386
1667.200073,-0.296665192
1667.300049,-0.298620224
1667.400024,-0.296760559
1667.5,-0.296045303
1667.599976,-0.296188354
1667.700073,-0.297392368
1667.800049,-0.298906326
1667.900024,-0.298429489
1668,-0.303293228
1668.099976,-0.300479889
1668.200073,-0.306344986
1668.300049,-0.301242828
1668.400024,-0.293422699
1668.5,-0.291038513
1668.599976,-0.302625656
1668.700073,-0.302196503
1668.800049,-0.302196503
1668.900024,-0.300801754
1669,-0.298143387
1669.099976,-0.300670624
1669.200073,-0.28894043
1669.300049,-0.314737797
1669.400024,-0.298191071
1669.5,-0.300193787
1669.599976,-0.289608002
1669.700073,-0.294376373
1669.800049,-0.298143387
1669.900024,-0.302244186
1670,-0.298191071
1670.099976,-0.291992188
1670.200073,-0.298095703
1670.300049,-0.293518066
1670.400024,-0.293327332
1670.5,-0.295139313
1670.599976,-0.294471741
1670.700073,-0.300765991
1670.800049,-0.295425415
1670.900024,-0.298238754
1671,-0.300098419
1671.099976,-0.299240112
1671.200073,-0.29933548
1671.300049,-0.299287796
1671.400024,-0.302005768
1671.5,-0.294424057
1671.599976,-0.301671982
1671.700073,-0.299573898
1671.800049,-0.300527573
1671.900024,-0.299287796
1672,-0.299049377
1672.099976,-0.298000336
1672.200073,-0.295711517
1672.300049,-0.286460876
1672.400024,-0.292612076
1672.5,-0.303913116
1672.599976,-0.293327332
1672.700073,-0.301576614
1672.800049,-0.297046661
1672.900024,-0.3019104
1673,-0.294090271
1673.099976,-0.289560318
1673.200073,-0.295663834
1673.300049,-0.293899536
1673.400024,-0.29523468
1673.5,-0.295568466
1673.599976,-0.29599762
1673.700073,-0.296307564
1673.800049,-0.296617508
1673.900024,-0.297046661
1674,-0.29523468
1674.099976,-0.294281006
1674.200073,-0.292325974
1674.300049,-0.292516708
1674.400024,-0.295330048
1674.5,-0.300861359
1674.599976,-0.289417267
1674.700073,-0.29728508
1674.800049,-0.297237396
1674.900024,-0.29151535
1675,-0.303531647
1675.099976,-0.295854568
1675.200073,-0.286651611
1675.300049,-0.300003052
1675.400024,-0.290800095
1675.5,-0.29227829
1675.599976,-0.289369583
1675.700073,-0.29151535
1675.800049,-0.284172058
1675.900024,-0.292564392
1676,-0.288666248
1676.099976,-0.287414551
1676.200073,-0.290513992
1676.300049,-0.295473099
1676.400024,-0.295663834
1676.5,-0.298143387
1676.599976,-0.282932281
1676.700073,-0.29151535
1676.800049,-0.304103851
1676.900024,-0.307632446
1677,-0.289512634
1677.099976,-0.288368225
1677.200073,-0.290657043
1677.300049,-0.301719666
1677.400024,-0.286651611
1677.5,-0.298238754
1677.599976,-0.297618866
1677.700073,-0.284410477
1677.800049,-0.293088913
1677.900024,-0.286556244
1678,-0.277305603
1678.099976,-0.294996262
1678.200073,-0.290990829
1678.300049,-0.292564392
1678.400024,-0.28894043
1678.5,-0.289894104
1678.599976,-0.291133881
1678.700073,-0.289917946
1678.800049,-0.28984642
1678.900024,-0.288797379
1679,-0.301099777
1679.099976,-0.296855927
1679.200073,-0.290847778
1679.300049,-0.294900894
1679.400024,-0.295902252
1679.5,-0.29523468
1679.599976,-0.296236038
1679.700073,-0.301576614
1679.800049,-0.292230606
1679.900024,-0.282503128
1680,-0.300003052
1680.099976,-0.287700653
1680.200073,-0.297475815
1680.300049,-0.287700653
1680.400024,-0.289226532
1680.5,-0.287652969
1680.599976,-0.291801453
1680.700073,-0.298429489
1680.800049,-0.287986755
1680.900024,-0.290847778
1681,-0.280977249
1681.099976,-0.292039871
1681.200073,-0.284124374
1681.300049,-0.292707443
1681.400024,-0.304389954
1681.5,-0.288511276
1681.599976,-0.294567108
1681.700073,-0.291086197
1681.800049,-0.286222458
1681.900024,-0.279880524
1682,-0.290132523
1682.099976,-0.300098419
1682.200073,-0.29485321
1682.300049,-0.285697937
1682.400024,-0.283981323
1682.5,-0.293136597
1682.599976,-0.292373657
1682.700073,-0.300050735
1682.800049,-0.28393364
1682.900024,-0.296855927
1683,-0.290990829
1683.099976,-0.285268784
1683.200073,-0.29485321
1683.300049,-0.283266068
1683.400024,-0.292516708
1683.5,-0.283218384
1683.599976,-0.287939072
1683.700073,-0.287414551
1683.800049,-0.289512634
1683.900024,-0.290847778
1684,-0.289679527
1684.099976,-0.288511276
1684.200073,-0.28984642
1684.300049,-0.288225174
1684.400024,-0.293327332
1684.5,-0.295949936
1684.599976,-0.289703369
1684.700073,-0.288654327
1684.800049,-0.287891388
1684.900024,-0.295902252
1685,-0.289464951
1685.099976,-0.280834198
1685.200073,-0.290180206
1685.300049,-0.296331406
1685.400024,-0.287891388
1685.5,-0.289274216
1685.599976,-0.289226532
1685.700073,-0.288094044
1685.800049,-0.288082123
1685.900024,-0.285793304
1686,-0.28612709
1686.099976,-0.283409119
1686.200073,-0.297237396
1686.300049,-0.291372299
1686.400024,-0.283313751
1686.5,-0.287796021
1686.599976,-0.289751053
1686.700073,-0.28188324
1686.800049,-0.282932281
1686.900024,-0.287319183
1687,-0.291467667
1687.099976,-0.286651611
1687.200073,-0.289464951
1687.300049,-0.292802811
1687.400024,-0.29318428
1687.5,-0.284362793
1687.599976,-0.287986755
1687.700073,-0.2831707
1687.800049,-0.286556244
1687.900024,-0.284660816
1688,-0.286031723
1688.099976,-0.282884598
1688.200073,-0.291563034
1688.300049,-0.286031723
1688.400024,-0.292421341
1688.5,-0.288415909
1688.599976,-0.291753769
1688.700073,-0.286937714
1688.800049,-0.288082123
1688.900024,-0.289512634
1689,-0.289429188
1689.099976,-0.289894104
1689.200073,-0.29022789
1689.300049,-0.286651611
1689.400024,-0.29766655
1689.5,-0.285078049
1689.599976,-0.289560318
1689.700073,-0.285316467
1689.800049,-0.288702011
1689.900024,-0.277496338
1690,-0.298000336
1690.099976,-0.281549454
1690.200073,-0.281215668
1690.300049,-0.283778667
1690.400024,-0.285554886
1690.5,-0.286794662
1690.599976,-0.284315109
1690.700073,-0.285793304
1690.800049,-0.288225174
1690.900024,-0.290561676
1691,-0.292230606
1691.099976,-0.289655685
1691.200073,-0.283313751
1691.300049,-0.281311035
1691.400024,-0.283504486
1691.5,-0.280452728
1691.599976,-0.281787872
1691.700073,-0.281930923
1691.800049,-0.281644821
1691.900024,-0.288082123
1692,-0.281692505
1692.099976,-0.274873734
1692.200073,-0.286317825
1692.300049,-0.284934998
1692.400024,-0.282598495
1692.5,-0.284696579
1692.599976,-0.280929565
1692.700073,-0.284696579
1692.800049,-0.279928207
1692.900024,-0.283123016
1693,-0.2826581
1693.099976,-0.283695221
1693.200073,-0.283885956
1693.300049,-0.282932281
1693.400024,-0.284529686
1693.5,-0.286460876
1693.599976,-0.28483963
1693.700073,-0.285340309
1693.800049,-0.28612709
1693.900024,-0.28393364
1694,-0.277210236
1694.099976,-0.270534515
1694.200073,-0.290752411
1694.300049,-0.277639389
1694.400024,-0.285459518
1694.5,-0.28021431
1694.599976,-0.283027649
1694.700073,-0.286556244
1694.800049,-0.293708801
1694.900024,-0.288225174
1695,-0.27444458
1695.099976,-0.277067184
1695.200073,-0.28278923
1695.300049,-0.284601212
1695.400024,-0.284279346
1695.5,-0.285459518
1695.599976,-0.284267426
1695.700073,-0.28483963
1695.800049,-0.278831482
1695.900024,-0.27740097
1696,-0.276828766
1696.099976,-0.281072617
1696.200073,-0.283218384
1696.300049,-0.286603928
1696.400024,-0.280548096
1696.5,-0.284553528
1696.599976,-0.286317825
1696.700073,-0.286842346
1696.800049,-0.282693863
1696.900024,-0.282264709
1697,-0.284982681
1697.099976,-0.287652969
1697.200073,-0.281311035
1697.300049,-0.273061752
1697.400024,-0.27740097
1697.5,-0.275970459
1697.599976,-0.279594421
1697.700073,-0.285697937
1697.800049,-0.27854538
1697.900024,-0.275541306
1698,-0.278879166
1698.099976,-0.287223816
1698.200073,-0.293375015
1698.300049,-0.28393364
1698.400024,-0.289226532
1698.5,-0.279165268
1698.599976,-0.280071259
1698.700073,-0.284553528
1698.800049,-0.27983284
1698.900024,-0.27520752
1699,-0.285459518
1699.099976,-0.278259277
1699.200073,-0.280881882
1699.300049,-0.280595779
1699.400024,-0.283790588
1699.5,-0.282217026
1699.599976,-0.283111095
1699.700073,-0.282646179
1699.800049,-0.283790588
1699.900024,-0.287605286
1700,-0.282360077
1700.099976,-0.277591705
1700.200073,-0.283218384
1700.300049,-0.282121658
1700.400024,-0.284172058
1700.5,-0.283742905
1700.599976,-0.276638031
1700.700073,-0.279165268
1700.800049,-0.27573204
1700.900024,-0.286317825
1701,-0.282550812
1701.099976,-0.279546738
1701.200073,-0.284124374
1701.300049,-0.28188324
1701.400024,-0.281549454
1701.5,-0.279308319
1701.599976,-0.280881882
1701.700073,-0.275445938
1701.800049,-0.275970459
1701.900024,-0.278116226
1702,-0.285268784
1702.099976,-0.283313751
1702.200073,-0.281692505
1702.300049,-0.280118942
1702.400024,-0.278068542
1702.5,-0.288511276
1702.599976,-0.274969101
1702.700073,-0.266195297
1702.800049,-0.275159836
1702.900024,-0.283504486
1703,-0.279069901
1703.099976,-0.280023575
1703.200073,-0.283456802
1703.300049,-0.271297455
1703.400024,-0.278259277
1703.5,-0.275350571
1703.599976,-0.280500412
1703.700073,-0.27573204
1703.800049,-0.269580841
1703.900024,-0.275302887
1704,-0.277257919
1704.099976,-0.276161194
1704.200073,-0.273967743
1704.300049,-0.276685715
1704.400024,-0.276065826
1704.5,-0.280548096
1704.599976,-0.273633957
1704.700073,-0.285697937
1704.800049,-0.275827408
1704.900024,-0.276304245
1705,-0.284362793
1705.099976,-0.269485474
1705.200073,-0.27983284
1705.300049,-0.283266068
1705.400024,-0.281644821
1705.5,-0.280548096
1705.599976,-0.284362793
1705.700073,-0.272441864
1705.800049,-0.280452728
1705.900024,-0.275445938
1706,-0.276924133
1706.099976,-0.275505543
1706.200073,-0.273729324
1706.300049,-0.275922775
1706.400024,-0.529791832
1706.5,-0.544859886
1706.599976,-0.540854454
1706.700073,-0.542237282
1706.800049,-0.533177376
1706.900024,-0.531270027
1707,-0.534464836
1707.099976,-0.535084724
1707.200073,-0.535180092
1707.300049,-0.533463478
1707.400024,-0.532509804
1707.5,-0.535037041
1707.599976,-0.529791832
1707.700073,-0.533082008
1707.800049,-0.537135124
1707.900024,-0.532748222
1708,-0.539996147
1708.099976,-0.534035683
1708.200073,-0.526787758
1708.300049,-0.532891273
1708.400024,-0.543810844
1708.5,-0.527407646
1708.599976,-0.538613319
1708.700073,-0.523974419
1708.800049,-0.529458046
1708.900024,-0.523974419
1709,-0.528981209
1709.099976,-0.532605171
1709.200073,-0.535275459
1709.300049,-0.525071144
1709.400024,-0.527598381
1709.5,-0.52950573
1709.599976,-0.529362679
1709.700073,-0.525738716
1709.800049,-0.529362679
1709.900024,-0.522782326
1710,-0.527121544
1710.099976,-0.52745533
1710.200073,-0.526310921
1710.300049,-0.528194427
1710.400024,-0.530745506
1710.5,-0.528265953
1710.599976,-0.532938957
1710.700073,-0.533320427
1710.800049,-0.529517651
1710.900024,-0.527789116
1711,-0.524022102
1711.099976,-0.530697823
1711.200073,-0.528647423
1711.300049,-0.52502346
1711.400024,-0.523736
1711.5,-0.528981209
1711.599976,-0.527550697
1711.700073,-0.524403572
1711.800049,-0.523306847
1711.900024,-0.528122902
1712,-0.528838158
1712.099976,-0.522830009
1712.200073,-0.532986641
1712.300049,-0.525452614
1712.400024,-0.523974419
1712.5,-0.52449894
1712.599976,-0.527026176
1712.700073,-0.527884483
1712.800049,-0.528695107
1712.900024,-0.531842232
1713,-0.528027534
1713.099976,-0.525261879
1713.200073,-0.529076576
1713.300049,-0.525071144
1713.400024,-0.524403572
1713.5,-0.528838158
1713.599976,-0.53041172
1713.700073,-0.520588875
1713.800049,-0.520922661
1713.900024,-0.524165154
1714,-0.526120186
1714.099976,-0.522734642
1714.200073,-0.524022102
1714.300049,-0.527359962
1714.400024,-0.51744175
1714.5,-0.521304131
1714.599976,-0.523116112
1714.700073,-0.522222042
1714.800049,-0.521542549
1714.900024,-0.522925377
1715,-0.519670963
1715.099976,-0.51706028
1715.200073,-0.517155647
1715.300049,-0.523163795
1715.400024,-0.526120186
1715.5,-0.524272442
1715.599976,-0.524737358
1715.700073,-0.523068428
1715.800049,-0.518824577
1715.900024,-0.513245583
1716,-0.526263237
1716.099976,-0.518776894
1716.200073,-0.532557487
1716.300049,-0.520350456
1716.400024,-0.522877693
1716.5,-0.523402214
1716.599976,-0.523020744
1716.700073,-0.520874977
1716.800049,-0.525261879
1716.900024,-0.519968987
1717,-0.518395424
1717.099976,-0.517370224
1717.200073,-0.516631126
1717.300049,-0.52001071
1717.400024,-0.523497581
1717.5,-0.522543907
1717.599976,-0.526263237
1717.700073,-0.519635201
1717.800049,-0.511004448
1717.900024,-0.514580727
1718,-0.509097099
1718.099976,-0.519539833
1718.200073,-0.515343666
1718.300049,-0.514974117
1718.400024,-0.51167202
1718.5,-0.51334095
1718.599976,-0.521447182
1718.700073,-0.519635201
1718.800049,-0.516535759
1718.900024,-0.519825935
1719,-0.518490791
1719.099976,-0.521828651
1719.200073,-0.512768745
1719.300049,-0.518919945
1719.400024,-0.512339592
1719.5,-0.522591591
1719.599976,-0.520493507
1719.700073,-0.516905308
1719.800049,-0.511433601
1719.900024,-0.513102531
1720,-0.517251015
1720.099976,-0.512911797
1720.200073,-0.520588875
1720.300049,-0.516106606
1720.400024,-0.507475853
1720.5,-0.520064354
1720.599976,-0.51167202
1720.700073,-0.509716988
1720.800049,-0.51115942
1720.900024,-0.509803414
1721,-0.50962162
1721.099976,-0.50871563
1721.200073,-0.514723778
1721.300049,-0.511147499
1721.400024,-0.513770103
1721.5,-0.501515388
1721.599976,-0.505759239
1721.700073,-0.511910439
1721.800049,-0.511624336
1721.900024,-0.51911068
1722,-0.509287834
1722.099976,-0.524594307
1722.200073,-0.514008522
1722.300049,-0.509097099
1722.400024,-0.50757122
1722.5,-0.51064682
1722.599976,-0.512864113
1722.700073,-0.513054848
1722.800049,-0.514437675
1722.900024,-0.516488075
1723,-0.513829708
1723.099976,-0.511147499
1723.200073,-0.513245583
1723.300049,-0.509824276
1723.400024,-0.5070467
1723.5,-0.507857323
1723.599976,-0.507475853
1723.700073,-0.507189751
1723.800049,-0.508942127
1723.900024,-0.51000309
1724,-0.511099815
1724.099976,-0.511469364
1724.200073,-0.51205349
1724.300049,-0.512721062
1724.400024,-0.513710499
1724.5,-0.515152931
1724.599976,-0.514914513
1724.700073,-0.506045341
1724.800049,-0.508477211
1724.900024,-0.513436317
1725,-0.502802849
1725.099976,-0.506188393
1725.200073,-0.510527611
1725.300049,-0.511910439
1725.400024,-0.511528969
1725.5,-0.506331444
1725.599976,-0.502039909
1725.700073,-0.509764671
1725.800049,-0.504471779
1725.900024,-0.504424095
1726,-0.504912853
1726.099976,-0.504948616
1726.200073,-0.505806923
1726.300049,-0.503494263
1726.400024,-0.501372337
1726.5,-0.501849174
1726.599976,-0.500025272
1726.700073,-0.50051403
1726.800049,-0.496365547
1726.900024,-0.501753807
1727,-0.506522179
1727.099976,-0.500132561
1727.200073,-0.512482643
1727.300049,-0.505854607
1727.400024,-0.496556282
1727.5,-0.509907722
1727.599976,-0.499655724
1727.700073,-0.500132561
1727.800049,-0.506045341
1727.900024,-0.501229286
1728,-0.513770103
1728.099976,-0.489356041
1728.200073,-0.510575294
1728.300049,-0.503422737
1728.400024,-0.504662514
1728.5,-0.510622978
1728.599976,-0.50795269
1728.700073,-0.5029459
1728.800049,-0.496031761
1728.900024,-0.508667946
1729,-0.494887352
1729.099976,-0.495793343
1729.200073,-0.494410515
1729.300049,-0.498129845
1729.400024,-0.506331444
1729.5,-0.500180244
1729.599976,-0.507094383
1729.700073,-0.502230644
1729.800049,-0.499560356
1729.900024,-0.500323296
1730,-0.499751091
1730.099976,-0.508477211
1730.200073,-0.511719704
1730.300049,-0.511242867
1730.400024,-0.50795269
1730.5,-0.505377769
1730.599976,-0.503470421
1730.700073,-0.494791985
1730.800049,-0.499464989
1730.900024,-0.496365547
1731,-0.499083519
1731.099976,-0.5008955
1731.200073,-0.497700691
1731.300049,-0.495697975
1731.400024,-0.495125771
1731.5,-0.497271538
1731.599976,-0.49998951
1731.700073,-0.500084877
1731.800049,-0.506331444
1731.900024,-0.501896858
1732,-0.506522179
1732.099976,-0.497128487
1732.200073,-0.501563072
1732.300049,-0.500132561
1732.400024,-0.49793911
1732.5,-0.494362831
1732.599976,-0.500275612
1732.700073,-0.491883278
1732.800049,-0.501706123
1732.900024,-0.496174812
1733,-0.493409157
1733.099976,-0.496413231
1733.200073,-0.50256443
1733.300049,-0.494839668
1733.400024,-0.488163948
1733.5,-0.493945599
1733.599976,-0.495984077
1733.700073,-0.496794701
1733.800049,-0.489403725
1733.900024,-0.504900932
1734,-0.496794701
1734.099976,-0.508000374
1734.200073,-0.500561714
1734.300049,-0.486351967
1734.400024,-0.488354683
1734.5,-0.49255085
1734.599976,-0.498225212
1734.700073,-0.497271538
1734.800049,-0.493981361
1734.900024,-0.497128487
1735,-0.493695259
1735.099976,-0.497843742
1735.200073,-0.49960804
1735.300049,-0.493742943
1735.400024,-0.491168022
1735.5,-0.49126339
1735.599976,-0.498606682
1735.700073,-0.496890068
1735.800049,-0.501133919
1735.900024,-0.497223854
1736,-0.492407799
1736.099976,-0.481249809
1736.200073,-0.485970497
1736.300049,-0.501372337
1736.400024,-0.485064507
1736.5,-0.494553566
1736.599976,-0.489022255
1736.700073,-0.491406441
1736.800049,-0.497653008
1736.900024,-0.501849174
1737,-0.492217064
1737.099976,-0.495125771
1737.200073,-0.485827446
1737.300049,-0.494172096
1737.400024,-0.484396935
1737.5,-0.483538628
1737.599976,-0.48845005
1737.700073,-0.490023613
1737.800049,-0.492312431
1737.900024,-0.494935036
1738,-0.495841026
1738.099976,-0.494076729
1738.200073,-0.493409157
1738.300049,-0.487925529
1738.400024,-0.486542702
1738.5,-0.495173454
1738.599976,-0.49126339
1738.700073,-0.48344326
1738.800049,-0.479390144
1738.900024,-0.488926888
1739,-0.481059074
1739.099976,-0.49050045
1739.200073,-0.490071297
1739.300049,-0.490166664
1739.400024,-0.488068581
1739.5,-0.486828804
1739.599976,-0.489511013
1739.700073,-0.492360115
1739.800049,-0.490786552
1739.900024,-0.489069939
1740,-0.483729362
1740.099976,-0.484301567
1740.200073,-0.487067223
1740.300049,-0.482489586
1740.400024,-0.487222195
1740.5,-0.490548134
1740.599976,-0.488783836
1740.700073,-0.490977287
1740.800049,-0.487734795
1740.900024,-0.495173454
1741,-0.490262032
1741.099976,-0.486542702
1741.200073,-0.482060432
1741.300049,-0.487639427
1741.400024,-0.486065865
1741.5,-0.487687111
1741.599976,-0.486828804
1741.700073,-0.488020897
1741.800049,-0.478055
1741.900024,-0.482775688
1742,-0.488640785
1742.099976,-0.473572731
1742.200073,-0.479199409
1742.300049,-0.489260674
1742.400024,-0.492264748
1742.5,-0.479008675
1742.599976,-0.486208916
1742.700073,-0.490309715
1742.800049,-0.477435112
1742.900024,-0.484396935
1743,-0.477244377
1743.099976,-0.485445976
1743.200073,-0.485302925
1743.300049,-0.485016823
1743.400024,-0.483514786
1743.5,-0.482108116
1743.599976,-0.481631279
1743.700073,-0.490738869
1743.800049,-0.479771614
1743.900024,-0.486733437
1744,-0.495602608
1744.099976,-0.486876488
1744.200073,-0.489451408
1744.300049,-0.480725288
1744.400024,-0.482680321
1744.5,-0.480629921
1744.599976,-0.481488228
1744.700073,-0.479485512
1744.800049,-0.477721214
1744.900024,-0.478102684
1745,-0.4795928
1745.099976,-0.481917381
1745.200073,-0.480629921
1745.300049,-0.484969139
1745.400024,-0.486590385
1745.5,-0.484003544
1745.599976,-0.4821558
1745.700073,-0.482298851
1745.800049,-0.484492302
1745.900024,-0.471903801
1746,-0.482251167
1746.099976,-0.475670815
1746.200073,-0.472380638
1746.300049,-0.480677605
1746.400024,-0.47714901
1746.5,-0.48845005
1746.599976,-0.484110832
1746.700073,-0.479294777
1746.800049,-0.479819298
1746.900024,-0.481440544
1747,-0.482918739
1747.099976,-0.480725288
1747.200073,-0.481500149
1747.300049,-0.481059074
1747.400024,-0.481297493
1747.5,-0.481047153
1747.599976,-0.480057716
1747.700073,-0.48177433
1747.800049,-0.473954201
1747.900024,-0.477673531
1748,-0.480296135
1748.099976,-0.478782177
1748.200073,-0.477196693
1748.300049,-0.479962349
1748.400024,-0.483872414
1748.5,-0.473954201
1748.599976,-0.48344326
1748.700073,-0.471570015
1748.800049,-0.471570015
1748.900024,-0.477578163
1749,-0.474955559
1749.099976,-0.483109474
1749.200073,-0.474383354
1749.300049,-0.477721214
1749.400024,-0.472237587
1749.5,-0.480534554
1749.599976,-0.475527763
1749.700073,-0.475861549
1749.800049,-0.47266674
1749.900024,-0.476862907
1750,-0.474097252
1750.099976,-0.481965065
1750.200073,-0.469233513
1750.300049,-0.479819298
1750.400024,-0.470520973
1750.5,-0.478007317
1750.599976,-0.466944695
1750.700073,-0.476624489
1750.800049,-0.478007317
1750.900024,-0.471045494
1751,-0.479056358
1751.099976,-0.471331596
1751.200073,-0.476529121
1751.300049,-0.480772972
1751.400024,-0.47972393
1751.5,-0.472189903
1751.599976,-0.467612267
1751.700073,-0.465895653
1751.800049,-0.475670815
1751.900024,-0.465800285
1752,-0.471999168
1752.099976,-0.477244377
1752.200073,-0.477911949
1752.300049,-0.471093178
1752.400024,-0.472094536
1752.5,-0.476052284
1752.599976,-0.474001884
1752.700073,-0.469233513
1752.800049,-0.465657234
1752.900024,-0.477053642
1753,-0.469614983
1753.099976,-0.4613657
1753.200073,-0.466706276
1753.300049,-0.472476006
1753.400024,-0.463463783
1753.5,-0.465943336
1753.599976,-0.469948769
1753.700073,-0.466324806
1753.800049,-0.473525047
1753.900024,-0.471283913
1754,-0.472523689
1754.099976,-0.474049568
1754.200073,-0.481202126
1754.300049,-0.459649086
1754.400024,-0.473477364
1754.5,-0.464989662
1754.599976,-0.477721214
1754.700073,-0.463559151
1754.800049,-0.467373848
1754.900024,-0.469233513
1755,-0.464560509
1755.099976,-0.471570015
1755.200073,-0.467946053
1755.300049,-0.469471931
1755.400024,-0.471951485
1755.5,-0.474669456
1755.599976,-0.471271992
1755.700073,-0.469805717
1755.800049,-0.468661308
1755.900024,-0.472332954
1756,-0.465657234
1756.099976,-0.467469215
1756.200073,-0.460268974
1756.300049,-0.469567299
1756.400024,-0.46432209
1756.5,-0.463559151
1756.599976,-0.476099968
1756.700073,-0.473954201
1756.800049,-0.467612267
1756.900024,-0.46432209
1757,-0.467707634
1757.099976,-0.467946053
1757.200073,-0.471522331
1757.300049,-0.469519615
1757.400024,-0.465180397
1757.5,-0.46675396
1757.599976,-0.473191261
1757.700073,-0.469054699
1757.800049,-0.468375206
1757.900024,-0.467898369
1758,-0.465466499
1758.099976,-0.468708992
1758.200073,-0.475384712
1758.300049,-0.470711708
1758.400024,-0.460125923
1758.5,-0.464274406
1758.599976,-0.459219933
1758.700073,-0.462080956
1758.800049,-0.457169533
1758.900024,-0.468232155
1759,-0.466324806
1759.099976,-0.469901085
1759.200073,-0.45635891
1759.300049,-0.467040062
1759.400024,-0.472237587
1759.5,-0.466563225
1759.599976,-0.459029198
1759.700073,-0.462796211
1759.800049,-0.474240303
1759.900024,-0.466515541
1760,-0.461461067
1760.099976,-0.456978798
1760.200073,-0.46394062
1760.300049,-0.457980156
1760.400024,-0.462033272
1760.5,-0.456549644
1760.599976,-0.461270332
1760.700073,-0.463606834
1760.800049,-0.462319374
1760.900024,-0.467803001
1761,-0.456454277
1761.099976,-0.472476006
1761.200073,-0.459219933
1761.300049,-0.460030556
1761.400024,-0.452973366
1761.5,-0.470807076
1761.599976,-0.4613657
1761.700073,-0.459506035
1761.800049,-0.46432209
1761.900024,-0.463082314
1762,-0.461413383
1762.099976,-0.464798927
1762.200073,-0.461318016
1762.300049,-0.464131355
1762.400024,-0.468089104
1762.5,-0.468852043
1762.599976,-0.464608192
1762.700073,-0.4613657
1762.800049,-0.460125923
1762.900024,-0.461508751
1763,-0.454165459
1763.099976,-0.465275764
1763.200073,-0.458123207
1763.300049,-0.470473289
1763.400024,-0.458647728
1763.5,-0.464560509
1763.599976,-0.451733589
1763.700073,-0.449826241
1763.800049,-0.459172249
1763.900024,-0.456311226
1764,-0.452925682
1764.099976,-0.457789421
1764.200073,-0.462033272
1764.300049,-0.459887505
1764.400024,-0.456168175
1764.5,-0.45187664
1764.599976,-0.450875282
1764.700073,-0.460650444
1764.800049,-0.453164101
1764.900024,-0.461985588
1765,-0.453831673
1765.099976,-0.460316658
1765.200073,-0.453211784
1765.300049,-0.459839821
1765.400024,-0.445868492
1765.5,-0.455500603
1765.599976,-0.456740379
1765.700073,-0.458504677
1765.800049,-0.455834389
1765.900024,-0.451590538
1766,-0.458170891
1766.099976,-0.444151878
1766.200073,-0.458886147
1766.300049,-0.456549644
1766.400024,-0.448348045
1766.5,-0.467040062
1766.599976,-0.443770409
1766.700073,-0.456168175
1766.800049,-0.45058918
1766.900024,-0.45225811
1767,-0.449730873
1767.099976,-0.455643654
1767.200073,-0.448204994
1767.300049,-0.455691338
1767.400024,-0.44481945
1767.5,-0.457360268
1767.599976,-0.450636864
1767.700073,-0.448109627
1767.800049,-0.45020771
1767.900024,-0.453736305
1768,-0.460459709
1768.099976,-0.455691338
1768.200073,-0.456454277
1768.300049,-0.456263542
1768.400024,-0.455798626
1768.5,-0.453918099
1768.599976,-0.452448845
1768.700073,-0.451161385
1768.800049,-0.448061943
1768.900024,-0.44815731
1769,-0.452806473
1769.099976,-0.458600044
1769.200073,-0.456406593
1769.300049,-0.453974724
1769.400024,-0.453688622
1769.5,-0.44930172
1769.599976,-0.451304436
1769.700073,-0.462843895
1769.800049,-0.443007469
1769.900024,-0.455023766
1770,-0.452544212
1770.099976,-0.448061943
1770.200073,-0.454213142
1770.300049,-0.447585106
1770.400024,-0.447918892
1770.5,-0.448622227
1770.599976,-0.449826241
1770.700073,-0.449158669
1770.800049,-0.450660706
1770.900024,-0.451352119
1771,-0.452305794
1771.099976,-0.453116417
1771.200073,-0.446297646
1771.300049,-0.448681831
1771.400024,-0.443055153
1771.5,-0.453164101
1771.599976,-0.449063301
1771.700073,-0.442196846
1771.800049,-0.449730873
1771.900024,-0.457932472
1772,-0.445248604
1772.099976,-0.442435265
1772.200073,-0.451733589
1772.300049,-0.443055153
1772.400024,-0.446631432
1772.5,-0.447060585
1772.599976,-0.449265957
1772.700073,-0.450636864
1772.800049,-0.446634412
1772.900024,-0.443675041
1773,-0.442959785
1773.099976,-0.456931114
1773.200073,-0.438668251
1773.300049,-0.455452919
1773.400024,-0.44224453
1773.5,-0.451733589
1773.599976,-0.443961143
1773.700073,-0.448586464
1773.800049,-0.448204994
1773.900024,-0.449492455
1774,-0.450541496
1774.099976,-0.449587822
1774.200073,-0.448967934
1774.300049,-0.450636864
1774.400024,-0.449087143
1774.5,-0.449397087
1774.599976,-0.447346687
1774.700073,-0.443293571
1774.800049,-0.442196846
1774.900024,-0.446393013
1775,-0.457884789
1775.099976,-0.435854435
1775.200073,-0.449635506
1775.300049,-0.436998844
1775.400024,-0.439335823
1775.5,-0.440635085
1775.599976,-0.442292213
1775.700073,-0.44391346
1775.800049,-0.445153236
1775.900024,-0.444485664
1776,-0.439526558
1776.099976,-0.444914818
1776.200073,-0.448872566
1776.300049,-0.440241814
1776.400024,-0.438477516
1776.5,-0.445630074
1776.599976,-0.43943119
1776.700073,-0.446011543
1776.800049,-0.445725441
1776.900024,-0.446822166
1777,-0.446059227
1777.099976,-0.448967934
1777.200073,-0.444199562
1777.300049,-0.446106911
1777.400024,-0.441815376
1777.5,-0.450064659
1777.599976,-0.436903477
1777.700073,-0.446440697
1777.800049,-0.434090137
1777.900024,-0.43890667
1778,-0.442482948
1778.099976,-0.439717293
1778.200073,-0.448777199
1778.300049,-0.442673683
1778.400024,-0.449349403
1778.5,-0.443198204
1778.599976,-0.439669609
1778.700073,-0.449158669
1778.800049,-0.441433907
1778.900024,-0.43814373
1779,-0.439383507
1779.099976,-0.444485664
1779.200073,-0.445916176
1779.300049,-0.441958427
1779.400024,-0.437237263
1779.5,-0.446583748
1779.599976,-0.442053795
1779.700073,-0.444676399
1779.800049,-0.438429832
1779.900024,-0.43642664
1780,-0.436224222
1780.099976,-0.43776226
1780.200073,-0.438975155
1780.300049,-0.442387581
1780.400024,-0.439526558
1780.5,-0.438048363
1780.599976,-0.442292213
1780.700073,-0.435711384
1780.800049,-0.43733263
1780.900024,-0.435937881
1781,-0.433756351
1781.099976,-0.43695116
1781.200073,-0.440670967
1781.300049,-0.437714577
1781.400024,-0.429846287
1781.5,-0.442149162
1781.599976,-0.430943012
1781.700073,-0.428844929
1781.800049,-0.436378956
1781.900024,-0.440241814
1782,-0.430990696
1782.099976,-0.437571526
1782.200073,-0.444056511
1782.300049,-0.430609226
1782.400024,-0.436092854
1782.5,-0.437857628
1782.599976,-0.436998844
1782.700073,-0.438048363
1782.800049,-0.435806751
1782.900024,-0.435997486
1783,-0.437571526
1783.099976,-0.441767693
1783.200073,-0.441147804
1783.300049,-0.435186863
1783.400024,-0.434662342
1783.5,-0.440384865
1783.599976,-0.439526558
1783.700073,-0.437940836
1783.800049,-0.436569691
1783.900024,-0.43528223
1784,-0.43296957
1784.099976,-0.429035664
1784.200073,-0.430990696
1784.300049,-0.444914818
1784.400024,-0.43890667
1784.5,-0.431753635
1784.599976,-0.437905312
1784.700073,-0.441147804
1784.800049,-0.434710026
1784.900024,-0.435091496
1785,-0.433327198
1785.099976,-0.431753635
1785.200073,-0.431753635
1785.300049,-0.433136463
1785.400024,-0.430346966
1785.5,-0.430990696
1785.599976,-0.425507069
1785.700073,-0.431801319
1785.800049,-0.43776226
1785.900024,-0.441052437
1786,-0.433184147
1786.099976,-0.4336133
1786.200073,-0.437571526
1786.300049,-0.428034306
1786.400024,-0.435949802
1786.5,-0.428797245
1786.599976,-0.435997486
1786.700073,-0.434328556
1786.800049,-0.431562901
1786.900024,-0.434710026
1787,-0.42693758
1787.099976,-0.432754993
1787.200073,-0.422884464
1787.300049,-0.427795887
1787.400024,-0.434900761
1787.5,-0.430847645
1787.599976,-0.436140537
1787.700073,-0.436522007
1787.800049,-0.4385252
1787.900024,-0.435902119
1788,-0.437141895
1788.099976,-0.430132389
1788.200073,-0.438334465
1788.300049,-0.424219608
1788.400024,-0.423075199
1788.5,-0.428356171
1788.599976,-0.430990696
1788.700073,-0.430165172
1788.800049,-0.430370808
1788.900024,-0.430943012
1789,-0.434423923
1789.099976,-0.436808109
1789.200073,-0.427080631
1789.300049,-0.425173283
1789.400024,-0.426901817
1789.5,-0.426270008
1789.599976,-0.425235868
1789.700073,-0.424696445
1789.800049,-0.423075199
1789.900024,-0.428415775
1790,-0.442196846
1790.099976,-0.42398119
1790.200073,-0.432754993
1790.300049,-0.423742771
1790.400024,-0.437619209
1790.5,-0.427223682
1790.599976,-0.429226398
1790.700073,-0.431086063
1790.800049,-0.429667473
1790.900024,-0.428940296
1791,-0.429417133
1791.099976,-0.429774761
1791.200073,-0.430418491
1791.300049,-0.430323124
1791.400024,-0.428523064
1791.5,-0.425220966
1791.599976,-0.428129673
1791.700073,-0.429274082
1791.800049,-0.424076557
1791.900024,-0.42885685
1792,-0.431467533
1792.099976,-0.430609226
1792.200073,-0.425316334
1792.300049,-0.420071125
1792.400024,-0.432754993
1792.5,-0.428892612
1792.599976,-0.435186863
1792.700073,-0.424934864
1792.800049,-0.430847645
1792.900024,-0.431419849
1793,-0.42770052
1793.099976,-0.425173283
1793.200073,-0.418783665
1793.300049,-0.42655611
1793.400024,-0.424171925
1793.5,-0.423933506
1793.599976,-0.421883106
1793.700073,-0.422884464
1793.800049,-0.423265934
1793.900024,-0.422455311
1794,-0.423969269
1794.099976,-0.424934864
1794.200073,-0.425220966
1794.300049,-0.423003674
1794.400024,-0.422836781
1794.5,-0.419022083
1794.599976,-0.425220966
1794.700073,-0.419546604
1794.800049,-0.427509785
1794.900024,-0.431133747
1795,-0.422693729
1795.099976,-0.422789097
1795.200073,-0.427080631
1795.300049,-0.42989397
1795.400024,-0.423695087
1795.5,-0.417734623
1795.599976,-0.42026186
1795.700073,-0.428081989
1795.800049,-0.426126957
1795.900024,-0.421072483
1796,-0.4189744
1796.099976,-0.422598362
1796.200073,-0.423122883
1796.300049,-0.424362659
1796.400024,-0.42013073
1796.5,-0.419260502
1796.599976,-0.413776875
1796.700073,-0.417925358
1796.800049,-0.425220966
1796.900024,-0.428129673
1797,-0.425030231
1797.099976,-0.42321825
1797.200073,-0.420834064
1797.300049,-0.420404911
1797.400024,-0.425507069
1797.5,-0.421883106
1797.599976,-0.42693758
1797.700073,-0.419641972
1797.800049,-0.415112019
1797.900024,-0.421787739
1798,-0.413061619
1798.099976,-0.421072483
1798.200073,-0.421215534
1798.300049,-0.426699162
1798.400024,-0.421787739
1798.5,-0.412489414
1798.599976,-0.423456669
1798.700073,-0.41616106
1798.800049,-0.422264576
1798.900024,-0.427175999
1799,-0.422741413
1799.099976,-0.427080631
1799.200073,-0.417210102
1799.300049,-0.421072483
1799.400024,-0.428272724
1799.5,-0.416828632
1799.599976,-0.427891254
1799.700073,-0.410057545
1799.800049,-0.421597004
1799.900024,-0.425077915
1800,-0.422181129
1800.099976,-0.421740055
1800.200073,-0.420309544
1800.300049,-0.418783665
1800.400024,-0.418306828
1800.5,-0.419630051
1800.599976,-0.420691013
1800.700073,-0.420738697
1800.800049,-0.420702934
1800.900024,-0.421120167
1801,-0.42026186
1801.099976,-0.410152912
1801.200073,-0.416590214
1801.300049,-0.423647404
1801.400024,-0.41654253
1801.5,-0.41320467
1801.599976,-0.412870884
1801.700073,-0.420166492
1801.800049,-0.408865452
1801.900024,-0.414587498
1802,-0.415302753
1802.099976,-0.410295963
1802.200073,-0.422502995
1802.300049,-0.40948534
1802.400024,-0.419641972
1802.5,-0.415541172
1802.599976,-0.423075199
1802.700073,-0.413919926
1802.800049,-0.402332783
1802.900024,-0.414778233
1803,-0.413395405
1803.099976,-0.415112019
1803.200073,-0.416256428
1803.300049,-0.416018009
1803.400024,-0.412966251
1803.5,-0.420166492
1803.599976,-0.406767368
1803.700073,-0.415874958
1803.800049,-0.416256428
1803.900024,-0.415302753
1804,-0.413919926
1804.099976,-0.415159702
1804.200073,-0.418354511
1804.300049,-0.416733265
1804.400024,-0.417782307
1804.5,-0.415636539
1804.599976,-0.421310902
1804.700073,-0.423647404
1804.800049,-0.414539814
1804.900024,-0.423742771
1805,-0.419069767
1805.099976,-0.410009861
1805.200073,-0.410915852
1805.300049,-0.416208744
1805.400024,-0.411821842
1805.5,-0.414301395
1805.599976,-0.414587498
1805.700073,-0.413455009
1805.800049,-0.411583424
1805.900024,-0.413347721
1806,-0.410582066
1806.099976,-0.408436298
1806.200073,-0.408960819
1806.300049,-0.404955387
1806.400024,-0.416876316
1806.5,-0.412203312
1806.599976,-0.413061619
1806.700073,-0.409771442
1806.800049,-0.412739754
1806.900024,-0.414968967
1807,-0.413156986
1807.099976,-0.4128232
1807.200073,-0.411726475
1807.300049,-0.412060261
1807.400024,-0.411964893
1807.5,-0.411726475
1807.599976,-0.411440372
1807.700073,-0.40781641
1807.800049,-0.405622959
1807.900024,-0.410391331
1808,-0.400473118
1808.099976,-0.40986681
1808.200073,-0.41320467
1808.300049,-0.40986681
1808.400024,-0.417448521
1808.5,-0.41616106
1808.599976,-0.398518085
1808.700073,-0.401569843
1808.800049,-0.405277252
1808.900024,-0.409389973
1809,-0.411631107
1809.099976,-0.411249638
1809.200073,-0.418449879
1809.300049,-0.417067051
1809.400024,-0.408865452
1809.5,-0.401998997
1809.599976,-0.409008503
1809.700073,-0.408150196
1809.800049,-0.398088932
1809.900024,-0.412107944
1810,-0.405146122
1810.099976,-0.410105228
1810.200073,-0.403048038
1810.300049,-0.412012577
1810.400024,-0.405241489
1810.5,-0.408627033
1810.599976,-0.413681507
1810.700073,-0.41024828
1810.800049,-0.415731907
1810.900024,-0.413156986
1811,-0.411011219
1811.099976,-0.419928074
1811.200073,-0.416304111
1811.300049,-0.4128232
1811.400024,-0.408340931
1811.5,-0.407101154
1811.599976,-0.408412457
1811.700073,-0.410868168
1811.800049,-0.407339573
1811.900024,-0.410439014
1812,-0.408483982
1812.099976,-0.405956745
1812.200073,-0.408102512
1812.300049,-0.40819788
1812.400024,-0.399137974
1812.5,-0.401283741
1812.599976,-0.40242815
1812.700073,-0.401951313
1812.800049,-0.407339573
1812.900024,-0.406672001
1813,-0.40486002
1813.099976,-0.407506466
1813.200073,-0.409342289
1813.300049,-0.409151554
1813.400024,-0.411058903
1813.5,-0.405813694
1813.599976,-0.400949955
1813.700073,-0.413347721
1813.800049,-0.410963535
1813.900024,-0.410295963
1814,-0.40781641
1814.099976,-0.409056187
1814.200073,-0.406135559
1814.300049,-0.404526234
1814.400024,-0.403143406
1814.5,-0.406958103
1814.599976,-0.403477192
1814.700073,-0.409437656
1814.800049,-0.413395405
1814.900024,-0.408162117
1815,-0.405670643
1815.099976,-0.404144764
1815.200073,-0.397707462
1815.300049,-0.401379108
1815.400024,-0.40409708
1815.5,-0.403024197
1815.599976,-0.40409708
1815.700073,-0.402523518
1815.800049,-0.404526234
1815.900024,-0.407053471
1816,-0.407148838
1816.099976,-0.40537262
1816.200073,-0.400187016
1816.300049,-0.407101154
1816.400024,-0.410534382
1816.5,-0.398851871
1816.599976,-0.400043964
1816.700073,-0.40486002
1816.800049,-0.406481266
1816.900024,-0.403429508
1817,-0.405241489
1817.099976,-0.398518085
1817.200073,-0.402571201
1817.300049,-0.400592327
1817.400024,-0.399710178
1817.5,-0.401569843
1817.599976,-0.402976513
1817.700073,-0.406576633
1817.800049,-0.404049397
1817.900024,-0.407339573
1818,-0.400043964
1818.099976,-0.399233341
1818.200073,-0.400663853
1818.300049,-0.402237415
1818.400024,-0.40114069
1818.5,-0.407577991
1818.599976,-0.412155628
1818.700073,-0.402475834
1818.800049,-0.403286457
1818.900024,-0.398518085
1819,-0.400234699
1819.099976,-0.397993565
1819.200073,-0.399948597
1819.300049,-0.403620243
1819.400024,-0.396372318
1819.5,-0.405479908
1819.599976,-0.398661137
1819.700073,-0.398613453
1819.800049,-0.395895481
1819.900024,-0.397325993
1820,-0.396765709
1820.099976,-0.398509145
1820.200073,-0.399710178
1820.300049,-0.400234699
1820.400024,-0.397850513
1820.5,-0.395561695
1820.599976,-0.395895481
1820.700073,-0.397564411
1820.800049,-0.403572559
1820.900024,-0.401379108
1821,-0.394512653
1821.099976,-0.396801472
1821.200073,-0.402952671
1821.300049,-0.396229267
1821.400024,-0.403763294
1821.5,-0.401617527
1821.599976,-0.392366886
1821.700073,-0.390984058
1821.800049,-0.397516727
1821.900024,-0.400234699
1822,-0.405336857
1822.099976,-0.403763294
1822.200073,-0.396658421
1822.300049,-0.392080784
1822.400024,-0.39909029
1822.5,-0.394608021
1822.599976,-0.401998997
1822.700073,-0.39279604
1822.800049,-0.395132542
1822.900024,-0.400282383
1823,-0.399936676
1823.099976,-0.402475834
1823.200073,-0.401855946
1823.300049,-0.391890049
1823.400024,-0.39537096
1823.5,-0.386263371
1823.599976,-0.398994923
1823.700073,-0.395847797
1823.800049,-0.395514011
1823.900024,-0.397325993
1824,-0.393988132
1824.099976,-0.398088932
1824.200073,-0.395227909
1824.300049,-0.387598515
1824.400024,-0.392652988
1824.5,-0.396324635
1824.599976,-0.395931244
1824.700073,-0.396181583
1824.800049,-0.398565769
1824.900024,-0.398339272
1825,-0.399567127
1825.099976,-0.399042606
1825.200073,-0.394560337
1825.300049,-0.3971591
1825.400024,-0.3961339
1825.5,-0.398899555
1825.599976,-0.402571201
1825.700073,-0.388647556
1825.800049,-0.395943165
1825.900024,-0.3920331
1826,-0.396372318
1826.099976,-0.388504505
1826.200073,-0.394226551
1826.300049,-0.390984058
1826.400024,-0.392152309
1826.5,-0.390030384
1826.599976,-0.393368244
1826.700073,-0.38869524
1826.800049,-0.389946938
1826.900024,-0.38831377
1827,-0.389410496
1827.099976,-0.383450031
1827.200073,-0.393177509
1827.300049,-0.38201952
1827.400024,-0.39537096
1827.5,-0.3961339
1827.599976,-0.392366886
1827.700073,-0.389839649
1827.800049,-0.390888691
1827.900024,-0.390793324
1828,-0.395084858
1828.099976,-0.401474476
1828.200073,-0.397182941
1828.300049,-0.397051811
1828.400024,-0.393082142
1828.5,-0.396467686
1828.599976,-0.392176151
1828.700073,-0.395180225
1828.800049,-0.388981342
1828.900024,-0.394035816
1829,-0.391317844
1829.099976,-0.390602589
1829.200073,-0.389744282
1829.300049,-0.391794682
1829.400024,-0.393606663
1829.5,-0.396324635
1829.599976,-0.395323277
1829.700073,-0.393904686
1829.800049,-0.390936375
1829.900024,-0.393034458
1830,-0.39036417
1830.099976,-0.388552189
1830.200073,-0.388933659
1830.300049,-0.393797398
1830.400024,-0.39703989
1830.5,-0.387455463
1830.599976,-0.383211613
1830.700073,-0.400854588
1830.800049,-0.384212971
1830.900024,-0.394894123
1831,-0.382257938
1831.099976,-0.398470402
1831.200073,-0.389410496
1831.300049,-0.390936375
1831.400024,-0.389124393
1831.5,-0.390388012
1831.599976,-0.391556263
1831.700073,-0.389935017
1831.800049,-0.391556263
1831.900024,-0.381351948
1832,-0.384689808
1832.099976,-0.389362812
1832.200073,-0.38368845
1832.300049,-0.39870882
1832.400024,-0.387836933
1832.5,-0.390125751
1832.599976,-0.390554905
1832.700073,-0.387693882
1832.800049,-0.386454105
1832.900024,-0.391508579
1833,-0.388838291
1833.099976,-0.392939091
1833.200073,-0.387455463
1833.300049,-0.391556263
1833.400024,-0.389410496
1833.5,-0.389029026
1833.599976,-0.389601231
1833.700073,-0.387932301
1833.800049,-0.390793324
1833.900024,-0.390924454
1834,-0.391222477
1834.099976,-0.389562488
1834.200073,-0.387503147
1834.300049,-0.388599873
1834.400024,-0.388742924
1834.5,-0.388885975
1834.599976,-0.388838291
1834.700073,-0.391174793
1834.800049,-0.385452747
1834.900024,-0.380541325
1835,-0.379301548
1835.099976,-0.388409138
1835.200073,-0.386930943
1835.300049,-0.389887333
1835.400024,-0.390650272
1835.5,-0.387634277
1835.599976,-0.384260654
1835.700073,-0.38573885
1835.800049,-0.381542683
1835.900024,-0.386120319
1836,-0.389029026
1836.099976,-0.388170719
1836.200073,-0.387968063
1836.300049,-0.388647556
1836.400024,-0.386024952
1836.5,-0.378204823
1836.599976,-0.393272877
1836.700073,-0.387073994
1836.800049,-0.385929585
1836.900024,-0.383926868
1837,-0.386024952
1837.099976,-0.389648914
1837.200073,-0.387073994
1837.300049,-0.383450031
1837.400024,-0.388933659
1837.5,-0.390078068
1837.599976,-0.385262012
1837.700073,-0.390793324
1837.800049,-0.381113529
1837.900024,-0.387550831
1838,-0.386549473
1838.099976,-0.37868166
1838.200073,-0.389029026
1838.300049,-0.378586292
1838.400024,-0.384117603
1838.5,-0.374914646
1838.599976,-0.376583576
1838.700073,-0.381864548
1838.800049,-0.3899827
1838.900024,-0.385977268
1839,-0.382830143
1839.099976,-0.377871037
1839.200073,-0.390459538
1839.300049,-0.379778385
1839.400024,-0.382782459
1839.5,-0.381590366
1839.599976,-0.387169361
1839.700073,-0.383259296
1839.800049,-0.380541325
1839.900024,-0.387360096
1840,-0.377727985
1840.099976,-0.385881901
1840.200073,-0.375248432
1840.300049,-0.382114887
1840.400024,-0.378061771
1840.5,-0.376774311
1840.599976,-0.376965046
1840.700073,-0.386120319
1840.800049,-0.389219761
1840.900024,-0.379539967
1841,-0.381447315
1841.099976,-0.381208897
1841.200073,-0.384165287
1841.300049,-0.38406992
1841.400024,-0.377203465
1841.5,-0.372292042
1841.599976,-0.393368244
1841.700073,-0.386835575
1841.800049,-0.378729343
1841.900024,-0.379683018
1842,-0.383163929
1842.099976,-0.383926868
1842.200073,-0.381018162
1842.300049,-0.380589008
1842.400024,-0.378824711
1842.5,-0.379873753
1842.599976,-0.380779743
1842.700073,-0.38292551
1842.800049,-0.381494999
1842.900024,-0.375725269
1843,-0.378777027
1843.099976,-0.375725269
1843.200073,-0.385548115
1843.300049,-0.387455463
1843.400024,-0.383414268
1843.5,-0.381494999
1843.599976,-0.379158497
1843.700073,-0.380541325
1843.800049,-0.381828785
1843.900024,-0.379683018
1844,-0.383545399
1844.099976,-0.379253864
1844.200073,-0.380970478
1844.300049,-0.380636692
1844.400024,-0.380445957
1844.5,-0.376535892
1844.599976,-0.37162447
1844.700073,-0.378729343
1844.800049,-0.38330698
1844.900024,-0.383354664
1845,-0.383116245
1845.099976,-0.379826069
1845.200073,-0.377036572
1845.300049,-0.373817921
1845.400024,-0.371386051
1845.5,-0.373817921
1845.599976,-0.375105381
1845.700073,-0.37496233
1845.800049,-0.379635334
1845.900024,-0.376345158
1846,-0.378550529
1846.099976,-0.379778385
1846.200073,-0.378443241
1846.300049,-0.376965046
1846.400024,-0.389601231
1846.5,-0.381590366
1846.599976,-0.36957407
1846.700073,-0.383259296
1846.800049,-0.378252506
1846.900024,-0.37253046
1847,-0.386740208
1847.099976,-0.376535892
1847.200073,-0.372768879
1847.300049,-0.374008656
1847.400024,-0.378347874
1847.5,-0.370480061
1847.599976,-0.378061771
1847.700073,-0.373102665
1847.800049,-0.37958765
1847.900024,-0.374342442
1848,-0.381447315
1848.099976,-0.370909214
1848.200073,-0.377155781
1848.300049,-0.37701273
1848.400024,-0.375200748
1848.5,-0.373484135
1848.599976,-0.369287968
1848.700073,-0.380016804
1848.800049,-0.368477345
1848.900024,-0.376392841
1849,-0.368191242
1849.099976,-0.380493641
1849.200073,-0.38240099
1849.300049,-0.379480362
1849.400024,-0.378538609
1849.5,-0.376488209
1849.599976,-0.372244358
1849.700073,-0.374342442
1849.800049,-0.378014088
1849.900024,-0.375582218
1850,-0.37367487
1850.099976,-0.382067204
1850.200073,-0.375105381
1850.300049,-0.373579502
1850.400024,-0.377549171
1850.5,-0.37996912
1850.599976,-0.374595761
1850.700073,-0.370050907
1850.800049,-0.370813847
1850.900024,-0.369287968
1851,-0.372482777
1851.099976,-0.375153065
1851.200073,-0.37701273
1851.300049,-0.386024952
1851.400024,-0.369383335
1851.5,-0.379539967
1851.599976,-0.370003223
1851.700073,-0.380302906
1851.800049,-0.373150349
1851.900024,-0.373150349
1852,-0.368715763
1852.099976,-0.380016804
1852.200073,-0.373341084
1852.300049,-0.375725269
1852.400024,-0.373138428
1852.5,-0.369431019
1852.599976,-0.374056339
1852.700073,-0.365616322
1852.800049,-0.372387409
1852.900024,-0.381590366
1853,-0.377632618
1853.099976,-0.376059055
1853.200073,-0.380445957
1853.300049,-0.377096176
1853.400024,-0.378109455
1853.5,-0.373770237
1853.599976,-0.36122942
1853.700073,-0.372959614
1853.800049,-0.36661768
1853.900024,-0.374676228
1854,-0.372578144
1854.099976,-0.364614964
1854.200073,-0.361992359
1854.300049,-0.370050907
1854.400024,-0.375963688
1854.5,-0.369907856
1854.599976,-0.369860172
1854.700073,-0.369812489
1854.800049,-0.369144917
1854.900024,-0.369001865
1855,-0.366951466
1855.099976,-0.370098591
1855.200073,-0.373579502
1855.300049,-0.372625828
1855.400024,-0.371147633
1855.5,-0.37253046
1855.599976,-0.373531818
1855.700073,-0.37458086
1855.800049,-0.372435093
1855.900024,-0.369812489
1856,-0.371815205
1856.099976,-0.365425587
1856.200073,-0.37291193
1856.300049,-0.375963688
1856.400024,-0.367285252
1856.5,-0.363041401
1856.599976,-0.3753438
1856.700073,-0.370337009
1856.800049,-0.377251148
1856.900024,-0.361992359
1857,-0.365711689
1857.099976,-0.363708973
1857.200073,-0.369812489
1857.300049,-0.370289326
1857.400024,-0.36790514
1857.5,-0.374676228
1857.599976,-0.368668079
1857.700073,-0.370956898
1857.800049,-0.369585991
1857.900024,-0.369097233
1858,-0.369621754
1858.099976,-0.370241642
1858.200073,-0.368668079
1858.300049,-0.369144917
1858.400024,-0.364138126
1858.5,-0.370766163
1858.599976,-0.359417439
1858.700073,-0.376821995
1858.800049,-0.371338367
1858.900024,-0.365902424
1859,-0.364138126
1859.099976,-0.367619038
1859.200073,-0.366093159
1859.300049,-0.368393898
1859.400024,-0.371862888
1859.5,-0.368000507
1859.599976,-0.370968819
1859.700073,-0.371433735
1859.800049,-0.372578144
1859.900024,-0.366248131
1860,-0.360609531
1860.099976,-0.360371113
1860.200073,-0.359643936
1860.300049,-0.358177662
1860.400024,-0.359417439
1860.5,-0.361575127
1860.599976,-0.362564564
1860.700073,-0.366140842
1860.800049,-0.373770237
1860.900024,-0.362230778
1861,-0.367714405
1861.099976,-0.370432377
1861.200073,-0.363947392
1861.300049,-0.370432377
1861.400024,-0.369383335
1861.5,-0.364996433
1861.599976,-0.3671422
1861.700073,-0.361181736
1861.800049,-0.36289835
1861.900024,-0.360085011
1862,-0.366140842
1862.099976,-0.367666721
1862.200073,-0.356508732
1862.300049,-0.363708973
1862.400024,-0.369478703
1862.5,-0.366808414
1862.599976,-0.363887787
1862.700073,-0.359512806
1862.800049,-0.359751225
1862.900024,-0.363708973
1863,-0.36289835
1863.099976,-0.368477345
1863.200073,-0.366808414
1863.300049,-0.36418581
1863.400024,-0.350929737
1863.5,-0.35712862
1863.599976,-0.366045475
1863.700073,-0.362659931
1863.800049,-0.369812489
1863.900024,-0.366426945
1864,-0.361563206
1864.099976,-0.361992359
1864.200073,-0.369097233
1864.300049,-0.36828661
1864.400024,-0.365044117
1864.5,-0.362564564
1864.599976,-0.360228062
1864.700073,-0.362946033
1864.800049,-0.361658573
1864.900024,-0.36585474
1865,-0.364805698
1865.099976,-0.367809772
1865.200073,-0.363899708
1865.300049,-0.367285252
1865.400024,-0.369001865
1865.5,-0.362373829
1865.599976,-0.368906498
1865.700073,-0.355125904
1865.800049,-0.361849308
1865.900024,-0.358702183
1866,-0.36289835
1866.099976,-0.361801624
1866.200073,-0.358511448
1866.300049,-0.36213541
1866.400024,-0.36046648
1866.5,-0.361420155
1866.599976,-0.362278461
1866.700073,-0.367475986
1866.800049,-0.353981495
1866.900024,-0.366379261
1867,-0.357700825
1867.099976,-0.366856098
1867.200073,-0.370956898
1867.300049,-0.360514164
1867.400024,-0.36547327
1867.5,-0.358129978
1867.599976,-0.353266239
1867.700073,-0.355412006
1867.800049,-0.357605457
1867.900024,-0.360132694
1868,-0.361610889
1868.099976,-0.351835728
1868.200073,-0.36380434
1868.300049,-0.353313923
1868.400024,-0.354315281
1868.5,-0.358845234
1868.599976,-0.357724667
1868.700073,-0.359465122
1868.800049,-0.358273029
1868.900024,-0.359810829
1869,-0.360275745
1869.099976,-0.36122942
1869.200073,-0.362659931
1869.300049,-0.362326145
1869.400024,-0.364328861
1869.5,-0.361682415
1869.599976,-0.360228062
1869.700073,-0.359846592
1869.800049,-0.349833012
1869.900024,-0.370623112
1870,-0.358988285
1870.099976,-0.359274387
1870.200073,-0.354362965
1870.300049,-0.363375187
1870.400024,-0.357033253
1870.5,-0.364233494
1870.599976,-0.360228062
1870.700073,-0.360025406
1870.800049,-0.357986927
1870.900024,-0.357653141
1871,-0.359846592
1871.099976,-0.363232136
1871.200073,-0.360514164
1871.300049,-0.360037327
1871.400024,-0.357700825
1871.5,-0.357939243
1871.599976,-0.359262466
1871.700073,-0.356985569
1871.800049,-0.364424229
1871.900024,-0.361944675
1872,-0.362850666
1872.099976,-0.361062527
1872.200073,-0.358749866
1872.300049,-0.360704899
1872.400024,-0.354362965
1872.5,-0.358082294
1872.599976,-0.356031895
1872.700073,-0.363756657
1872.800049,-0.358511448
1872.900024,-0.363327503
1873,-0.370527744
1873.099976,-0.354029179
1873.200073,-0.362469196
1873.300049,-0.360275745
1873.400024,-0.354887486
1873.5,-0.353838444
1873.599976,-0.360704899
1873.700073,-0.34878397
1873.800049,-0.360228062
1873.900024,-0.352312565
1874,-0.357367039
1874.099976,-0.347782612
1874.200073,-0.353838444
1874.300049,-0.35841608
1874.400024,-0.356985569
1874.5,-0.359989643
1874.599976,-0.361801624
1874.700073,-0.358320713
1874.800049,-0.355364323
1874.900024,-0.356127262
1875,-0.356794834
1875.099976,-0.354696751
1875.200073,-0.353313923
1875.300049,-0.351931095
1875.400024,-0.352741718
1875.5,-0.36213541
1875.599976,-0.356413364
1875.700073,-0.34802103
1875.800049,-0.35340929
1875.900024,-0.357796192
1876,-0.358845234
1876.099976,-0.353933811
1876.200073,-0.351263523
1876.300049,-0.352694035
1876.400024,-0.353039742
1876.5,-0.354458332
1876.599976,-0.353743076
1876.700073,-0.352884769
1876.800049,-0.357986927
1876.900024,-0.36418581
1877,-0.361134052
1877.099976,-0.355221272
1877.200073,-0.354601383
1877.300049,-0.355173588
1877.400024,-0.356556416
1877.5,-0.354482174
1877.599976,-0.352741718
1877.700073,-0.353456974
1877.800049,-0.351823807
1877.900024,-0.350977421
1878,-0.355134845
1878.099976,-0.359465122
1878.200073,-0.358273029
1878.300049,-0.354362965
1878.400024,-0.345684528
1878.5,-0.344301701
1878.599976,-0.347413063
1878.700073,-0.348354816
1878.800049,-0.351311207
1878.900024,-0.349737644
1879,-0.353981495
1879.099976,-0.350309849
1879.200073,-0.348974705
1879.300049,-0.350357533
1879.400024,-0.352396011
1879.5,-0.354315281
1879.599976,-0.355936527
1879.700073,-0.351358891
1879.800049,-0.348164082
1879.900024,-0.348545551
1880,-0.351835728
1880.099976,-0.34377718
1880.200073,-0.356461048
1880.300049,-0.352074146
1880.400024,-0.351501942
1880.5,-0.356258392
1880.599976,-0.360371113
1880.700073,-0.361086369
1880.800049,-0.357688904
1880.900024,-0.356079578
1881,-0.353218555
1881.099976,-0.352312565
1881.200073,-0.348497868
1881.300049,-0.341392994
1881.400024,-0.347067356
1881.5,-0.351311207
1881.599976,-0.35174036
1881.700073,-0.349308491
1881.800049,-0.351501942
1881.900024,-0.361324787
1882,-0.352741718
1882.099976,-0.345922947
1882.200073,-0.349785328
1882.300049,-0.347734928
1882.400024,-0.352312565
1882.5,-0.349642277
1882.599976,-0.349451542
1882.700073,-0.347258091
1882.800049,-0.345589161
1882.900024,-0.345589161
1883,-0.344063282
1883.099976,-0.34544611
1883.200073,-0.351311207
1883.300049,-0.350739002
1883.400024,-0.34878397
1883.5,-0.351549625
1883.599976,-0.346447468
1883.700073,-0.346971989
1883.800049,-0.348879337
1883.900024,-0.349308491
1884,-0.352789402
1884.099976,-0.350357533
1884.200073,-0.340343952
1884.300049,-0.355030537
1884.400024,-0.348068714
1884.5,-0.348497868
1884.599976,-0.341297626
1884.700073,-0.354029179
1884.800049,-0.347639561
1884.900024,-0.347591877
1885,-0.348176003
1885.099976,-0.347925663
1885.200073,-0.349546909
1885.300049,-0.351883411
1885.400024,-0.351883411
1885.5,-0.350750923
1885.599976,-0.348974705
1885.700073,-0.350262165
1885.800049,-0.342775822
1885.900024,-0.353266239
1886,-0.343920231
1886.099976,-0.358988285
1886.200073,-0.347877979
1886.300049,-0.352360249
1886.400024,-0.351692677
1886.5,-0.348867416
1886.599976,-0.346065998
1886.700073,-0.345350742
1886.800049,-0.344826221
1886.900024,-0.343634129
1887,-0.346304417
1887.099976,-0.348736286
1887.200073,-0.342346668
1887.300049,-0.353123188
1887.400024,-0.347353458
1887.5,-0.348831654
1887.599976,-0.352884769
1887.700073,-0.34749651
1887.800049,-0.342060566
1887.900024,-0.34802103
1888,-0.348307133
1888.099976,-0.346256733
1888.200073,-0.354601383
1888.300049,-0.347258091
1888.400024,-0.342442036
1888.5,-0.349546909
1888.599976,-0.352169514
1888.700073,-0.353313923
1888.800049,-0.347460747
1888.900024,-0.341774464
1889,-0.342585087
1889.099976,-0.34660244
1889.200073,-0.354219913
1889.300049,-0.347830296
1889.400024,-0.35007143
1889.5,-0.343824863
1889.599976,-0.334955692
1889.700073,-0.343538761
1889.800049,-0.346304417
1889.900024,-0.352360249
1890,-0.350309849
1890.099976,-0.343157291
1890.200073,-0.351835728
1890.300049,-0.342012882
1890.400024,-0.35212183
1890.5,-0.346161366
1890.599976,-0.349976063
1890.700073,-0.344397068
1890.800049,-0.34916544
1890.900024,-0.343491077
1891,-0.340391636
1891.099976,-0.340010166
1891.200073,-0.345112324
1891.300049,-0.350166798
1891.400024,-0.342966557
1891.5,-0.348068714
1891.599976,-0.342632771
1891.700073,-0.347162724
1891.800049,-0.342537403
1891.900024,-0.333858967
1892,-0.345160007
1892.099976,-0.342680454
1892.200073,-0.342728138
1892.300049,-0.34108305
1892.400024,-0.340343952
1892.5,-0.341196299
1892.599976,-0.342060566
1892.700073,-0.341297626
1892.800049,-0.344921589
1892.900024,-0.343157291
1893,-0.348354816
1893.099976,-0.349880695
1893.200073,-0.347353458
1893.300049,-0.344587803
1893.400024,-0.335146427
1893.5,-0.34916544
1893.599976,-0.335718632
1893.700073,-0.337006092
1893.800049,-0.345493793
1893.900024,-0.342728138
1894,-0.347544193
1894.099976,-0.344397068
1894.200073,-0.353647709
1894.300049,-0.337244511
1894.400024,-0.342346668
1894.5,-0.342251301
1894.599976,-0.347401142
1894.700073,-0.340343952
1894.800049,-0.346971989
1894.900024,-0.336767673
1895,-0.336624622
1895.099976,-0.336624622
1895.200073,-0.340045929
1895.300049,-0.343872547
1895.400024,-0.343061924
1895.5,-0.346113682
1895.599976,-0.342060566
1895.700073,-0.343109608
1895.800049,-0.343061924
1895.900024,-0.343693733
1896,-0.343494058
1896.099976,-0.343729496
1896.200073,-0.343491077
1896.300049,-0.34544611
1896.400024,-0.3484025
1896.5,-0.346161366
1896.599976,-0.339962482
1896.700073,-0.347401142
1896.800049,-0.344587803
1896.900024,-0.339819431
1897,-0.348211765
1897.099976,-0.344492435
1897.200073,-0.337816715
1897.300049,-0.335766315
1897.400024,-0.33980751
1897.5,-0.34301424
1897.599976,-0.342632771
1897.700073,-0.342918873
1897.800049,-0.342191696
1897.900024,-0.343157291
1898,-0.34005785
1898.099976,-0.333334446
1898.200073,-0.332905293
1898.300049,-0.342489719
1898.400024,-0.34711504
1898.5,-0.339962482
1898.599976,-0.335241795
1898.700073,-0.339533329
1898.800049,-0.343920231
1898.900024,-0.341154575
1899,-0.345303059
1899.099976,-0.326467991
1899.200073,-0.339962482
1899.300049,-0.333858967
1899.400024,-0.33671999
1899.5,-0.340296268
1899.599976,-0.338865757
1899.700073,-0.340868473
1899.800049,-0.335098743
1899.900024,-0.337959766
1900,-0.333620548
1900.099976,-0.336672306
1900.200073,-0.341106892
1900.300049,-0.634171963
1900.400024,-0.638749599
1900.5,-0.638749599
1900.599976,-0.636472702
1900.700073,-0.632455349
1900.800049,-0.63593626
1900.900024,-0.637128353
1901,-0.633790493
1901.099976,-0.633838177
1901.200073,-0.636079311
1901.300049,-0.629451275
1901.400024,-0.624873638
1901.5,-0.629165173
1901.599976,-0.636174679
1901.700073,-0.625302792
1901.800049,-0.635697842
1901.900024,-0.641133785
1902,-0.625112057
1902.099976,-0.629737377
1902.200073,-0.63131094
1902.300049,-0.632836819
1902.400024,-0.633504391
1902.5,-0.633194447
1902.599976,-0.633170605
1902.700073,-0.633265972
1902.800049,-0.633742809
1902.900024,-0.629546642
1903,-0.631084442
1903.099976,-0.630595684
1903.200073,-0.630452633
1903.300049,-0.630071163
1903.400024,-0.63555479
1903.5,-0.627353191
1903.599976,-0.64170599
1903.700073,-0.637128353
1903.800049,-0.634171963
1903.900024,-0.629928112
1904,-0.640990734
1904.099976,-0.621488094
1904.200073,-0.631501675
1904.300049,-0.624110699
1904.400024,-0.623013973
1904.5,-0.62515974
1904.599976,-0.625684261
1904.700073,-0.631358624
1904.800049,-0.631406307
1904.900024,-0.630559921
1905,-0.630261898
1905.099976,-0.629212856
1905.200073,-0.622012615
1905.300049,-0.627877712
1905.400024,-0.622489452
1905.5,-0.618197918
1905.599976,-0.634791851
1905.700073,-0.624921322
1905.800049,-0.634791851
1905.900024,-0.636508465
1906,-0.631597042
1906.099976,-0.62964201
1906.200073,-0.628640652
1906.300049,-0.626494884
1906.400024,-0.626828671
1906.5,-0.632741451
1906.599976,-0.62220335
1906.700073,-0.629308224
1906.800049,-0.630881786
1906.900024,-0.625970364
1907,-0.625827312
1907.099976,-0.628974438
1907.200073,-0.622155666
1907.300049,-0.629975796
1907.400024,-0.631978512
1907.5,-0.623919964
1907.599976,-0.627639294
1907.700073,-0.62296629
1907.800049,-0.618913174
1907.900024,-0.626447201
1908,-0.623729229
1908.099976,-0.630023479
1908.200073,-0.622918606
1908.300049,-0.628640652
1908.400024,-0.632550716
1908.5,-0.632407665
1908.599976,-0.632419586
1908.700073,-0.6325984
1908.800049,-0.632121563
1908.900024,-0.627818108
1909,-0.622823238
1909.099976,-0.623729229
1909.200073,-0.630214214
1909.300049,-0.623919964
1909.400024,-0.631883144
1909.5,-0.618293285
1909.599976,-0.625493526
1909.700073,-0.627543926
1909.800049,-0.628759861
1909.900024,-0.62926054
1910,-0.632741451
1910.099976,-0.630261898
1910.200073,-0.626399517
1910.300049,-0.627877712
1910.400024,-0.624396801
1910.5,-0.627400875
1910.599976,-0.616862774
1910.700073,-0.630738735
1910.800049,-0.622918606
1910.900024,-0.634505749
1911,-0.627114773
1911.099976,-0.628306866
1911.200073,-0.62053442
1911.300049,-0.633838177
1911.400024,-0.621488094
1911.5,-0.621774197
1911.599976,-0.622727871
1911.700073,-0.622012615
1911.800049,-0.620582104
1911.900024,-0.621058941
1912,-0.616528988
1912.099976,-0.62630415
1912.200073,-0.618293285
1912.300049,-0.629975796
1912.400024,-0.63092947
1912.5,-0.634887218
1912.599976,-0.621249676
1912.700073,-0.627353191
1912.800049,-0.617721081
1912.900024,-0.625684261
1913,-0.622012615
1913.099976,-0.621869564
1913.200073,-0.613811016
1913.300049,-0.620772839
1913.400024,-0.614144802
1913.5,-0.619580746
1913.599976,-0.610377789
1913.700073,-0.619723797
1913.800049,-0.618817806
1913.900024,-0.625350475
1914,-0.617530346
1914.099976,-0.625207424
1914.200073,-0.625588894
1914.300049,-0.619533062
1914.400024,-0.617959499
1914.5,-0.619676113
1914.599976,-0.615956783
1914.700073,-0.618245602
1914.800049,-0.619771481
1914.900024,-0.619819164
1915,-0.620677471
1915.099976,-0.616910458
1915.200073,-0.619723797
1915.300049,-0.622346401
1915.400024,-0.614049435
1915.5,-0.622155666
1915.599976,-0.612094402
1915.700073,-0.620200634
1915.800049,-0.618913174
1915.900024,-0.61950922
1916,-0.619151592
1916.099976,-0.619771481
1916.200073,-0.622012615
1916.300049,-0.619866848
1916.400024,-0.624730587
1916.5,-0.612475872
1916.599976,-0.620820522
1916.700073,-0.615861416
1916.800049,-0.610949993
1916.900024,-0.6133461
1917,-0.614335537
1917.099976,-0.612237453
1917.200073,-0.624539852
1917.300049,-0.614717007
1917.400024,-0.619962215
1917.5,-0.624969006
1917.599976,-0.623443127
1917.700073,-0.62194109
1917.800049,-0.618007183
1917.900024,-0.621345043
1918,-0.616576672
1918.099976,-0.61552763
1918.200073,-0.615062714
1918.300049,-0.614669323
1918.400024,-0.61347723
1918.5,-0.618340969
1918.599976,-0.616767406
1918.700073,-0.614323616
1918.800049,-0.61218977
1918.900024,-0.609996319
1919,-0.610616207
1919.099976,-0.61142683
1919.200073,-0.614192486
1919.300049,-0.62015295
1919.400024,-0.619103909
1919.5,-0.616958141
1919.599976,-0.607469082
1919.700073,-0.627162457
1919.800049,-0.611617565
1919.900024,-0.614907742
1920,-0.614287853
1920.099976,-0.613954067
1920.200073,-0.614192486
1920.300049,-0.615003109
1920.400024,-0.613524914
1920.5,-0.61321497
1920.599976,-0.612905025
1920.700073,-0.61142683
1920.800049,-0.616481304
1920.900024,-0.610854626
1921,-0.619008541
1921.099976,-0.616242886
1921.200073,-0.612523556
1921.300049,-0.619723797
1921.400024,-0.613954067
1921.5,-0.609519482
1921.599976,-0.614955425
1921.700073,-0.621249676
1921.800049,-0.622632504
1921.900024,-0.618209839
1922,-0.614526272
1922.099976,-0.614430904
1922.200073,-0.6097579
1922.300049,-0.610234737
1922.400024,-0.609650612
1922.5,-0.609805584
1922.599976,-0.608804226
1922.700073,-0.61886549
1922.800049,-0.606086254
1922.900024,-0.619819164
1923,-0.61552763
1923.099976,-0.608327389
1923.200073,-0.608327389
1923.300049,-0.607612133
1923.400024,-0.605812073
1923.5,-0.604894161
1923.599976,-0.602414608
1923.700073,-0.605764389
1923.800049,-0.6097579
1923.900024,-0.605990887
1924,-0.612428188
1924.099976,-0.602319241
1924.200073,-0.611760616
1924.300049,-0.60551405
1924.400024,-0.611045361
1924.5,-0.608041286
1924.599976,-0.616576672
1924.700073,-0.605895519
1924.800049,-0.6118083
1924.900024,-0.617530346
1925,-0.610377789
1925.099976,-0.616767406
1925.200073,-0.598933697
1925.300049,-0.612905025
1925.400024,-0.603606701
1925.5,-0.604798794
1925.599976,-0.614001751
1925.700073,-0.60436964
1925.800049,-0.609805584
1925.900024,-0.611331463
1926,-0.61476469
1926.099976,-0.612666607
1926.200073,-0.612487793
1926.300049,-0.610282421
1926.400024,-0.612237453
1926.5,-0.607373714
1926.599976,-0.615241528
1926.700073,-0.602796078
1926.800049,-0.606706142
1926.900024,-0.609519482
1927,-0.610568523
1927.099976,-0.607945919
1927.200073,-0.59974432
1927.300049,-0.621011257
1927.400024,-0.597550869
1927.5,-0.614287853
1927.599976,-0.606086254
1927.700073,-0.604417324
1927.800049,-0.60847044
1927.900024,-0.612475872
1928,-0.601365566
1928.099976,-0.604846478
1928.200073,-0.606896877
1928.300049,-0.610473156
1928.400024,-0.610902309
1928.5,-0.604894161
1928.599976,-0.600030422
1928.700073,-0.605275631
1928.800049,-0.619771481
1928.900024,-0.601460934
1929,-0.590922832
1929.099976,-0.604703426
1929.200073,-0.604941845
1929.300049,-0.604274273
1929.400024,-0.603415966
1929.5,-0.601842403
1929.599976,-0.601913929
1929.700073,-0.601603985
1929.800049,-0.600793362
1929.900024,-0.599792004
1930,-0.59678793
1930.099976,-0.599982738
1930.200073,-0.598266125
1930.300049,-0.605323315
1930.400024,-0.599696636
1930.5,-0.607278347
1930.599976,-0.604608059
1930.700073,-0.60603857
1930.800049,-0.600554943
1930.900024,-0.601890087
1931,-0.606610775
1931.099976,-0.596883297
1931.200073,-0.603320599
1931.300049,-0.600602627
1931.400024,-0.608899593
1931.5,-0.6077075
1931.599976,-0.606861115
1931.700073,-0.604417324
1931.800049,-0.60642004
1931.900024,-0.593926907
1932,-0.609567165
1932.099976,-0.598409176
1932.200073,-0.592973232
1932.300049,-0.601747036
1932.400024,-0.599505901
1932.5,-0.601556301
1932.599976,-0.600316525
1932.700073,-0.601699352
1932.800049,-0.60179472
1932.900024,-0.599505901
1933,-0.605657101
1933.099976,-0.610711575
1933.200073,-0.610044003
1933.300049,-0.603785515
1933.400024,-0.595786572
1933.5,-0.598599911
1933.599976,-0.598933697
1933.700073,-0.601079464
1933.800049,-0.600268841
1933.900024,-0.601389408
1934,-0.600364208
1934.099976,-0.603845119
1934.200073,-0.604321957
1934.300049,-0.603475571
1934.400024,-0.602128506
1934.5,-0.603606701
1934.599976,-0.596215725
1934.700073,-0.594165325
1934.800049,-0.589587688
1934.900024,-0.594689846
1935,-0.589826107
1935.099976,-0.595118999
1935.200073,-0.600745678
1935.300049,-0.600507259
1935.400024,-0.59769392
1935.5,-0.603606701
1935.599976,-0.59807539
1935.700073,-0.5930686
1935.800049,-0.597932339
1935.900024,-0.604989529
1936,-0.593688488
1936.099976,-0.591208935
1936.200073,-0.59845686
1936.300049,-0.598647594
1936.400024,-0.595071316
1936.5,-0.59268713
1936.599976,-0.600793362
1936.700073,-0.591542721
1936.800049,-0.599601269
1936.900024,-0.597074032
1937,-0.598742962
1937.099976,-0.596263409
1937.200073,-0.599315166
1937.300049,-0.594069958
1937.400024,-0.594689846
1937.5,-0.594761372
1937.599976,-0.597074032
1937.700073,-0.593211651
1937.800049,-0.593235493
1937.900024,-0.591447353
1938,-0.591208935
1938.099976,-0.588395596
1938.200073,-0.592031479
1938.300049,-0.595309734
1938.400024,-0.593211651
1938.5,-0.593211651
1938.599976,-0.592985153
1938.700073,-0.592380166
1938.800049,-0.591733456
1938.900024,-0.591590405
1939,-0.595834255
1939.099976,-0.595333576
1939.200073,-0.595214367
1939.300049,-0.598695278
1939.400024,-0.594117641
1939.5,-0.596311092
1939.599976,-0.5889678
1939.700073,-0.595500469
1939.800049,-0.599267483
1939.900024,-0.5930686
1940,-0.594165325
1940.099976,-0.590827465
1940.200073,-0.592448711
1940.300049,-0.586631298
1940.400024,-0.591447353
1940.5,-0.58768034
1940.599976,-0.590445995
1940.700073,-0.585296154
1940.800049,-0.596263409
1940.900024,-0.587632656
1941,-0.600888729
1941.099976,-0.595548153
1941.200073,-0.593163967
1941.300049,-0.59397459
1941.400024,-0.593259335
1941.5,-0.593318939
1941.599976,-0.594022274
1941.700073,-0.592019558
1941.800049,-0.594499111
1941.900024,-0.597360134
1942,-0.598647594
1942.099976,-0.58100462
1942.200073,-0.600888729
1942.300049,-0.5889678
1942.400024,-0.590112209
1942.5,-0.595309734
1942.599976,-0.591638088
1942.700073,-0.585820675
1942.800049,-0.601174831
1942.900024,-0.589110851
1943,-0.597074032
1943.099976,-0.580766201
1943.200073,-0.596978664
1943.300049,-0.593307018
1943.400024,-0.590589046
1943.5,-0.589778423
1943.599976,-0.583484173
1943.700073,-0.586869717
1943.800049,-0.593163967
1943.900024,-0.595738888
1944,-0.591781139
1944.099976,-0.596692562
1944.200073,-0.586535931
1944.300049,-0.596263409
1944.400024,-0.583674908
1944.5,-0.590016842
1944.599976,-0.587441921
1944.700073,-0.595405102
1944.800049,-0.593593121
1944.900024,-0.593736172
1945,-0.594642162
1945.099976,-0.591304302
1945.200073,-0.596168041
1945.300049,-0.602939129
1945.400024,-0.598361492
1945.5,-0.589110851
1945.599976,-0.581576824
1945.700073,-0.585725307
1945.800049,-0.58601141
1945.900024,-0.582959652
1946,-0.591638088
1946.099976,-0.587203503
1946.200073,-0.591161251
1946.300049,-0.588538647
1946.400024,-0.586059093
1946.5,-0.586392879
1946.599976,-0.592353344
1946.700073,-0.588300228
1946.800049,-0.591638088
1946.900024,-0.590016842
1947,-0.583055019
1947.099976,-0.589921474
1947.200073,-0.578858852
1947.300049,-0.579717159
1947.400024,-0.588395596
1947.5,-0.589635372
1947.599976,-0.5910182
1947.700073,-0.576379299
1947.800049,-0.583150387
1947.900024,-0.590016842
1948,-0.586249828
1948.099976,-0.593259335
1948.200073,-0.585868359
1948.300049,-0.585296154
1948.400024,-0.585033894
1948.5,-0.584914684
1948.599976,-0.584056377
1948.700073,-0.584056377
1948.800049,-0.582482815
1948.900024,-0.590922832
1949,-0.578429699
1949.099976,-0.594642162
1949.200073,-0.581481457
1949.300049,-0.578382015
1949.400024,-0.577762127
1949.5,-0.581767559
1949.599976,-0.582149029
1949.700073,-0.584747791
1949.800049,-0.58768034
1949.900024,-0.587394238
1950,-0.585153103
1950.099976,-0.583245754
1950.200073,-0.58229208
1950.300049,-0.586392879
1950.400024,-0.583770275
1950.5,-0.580289364
1950.599976,-0.583722591
1950.700073,-0.581958294
1950.800049,-0.579931736
1950.900024,-0.576999187
1951,-0.577046871
1951.099976,-0.573327541
1951.200073,-0.574233532
1951.300049,-0.582435131
1951.400024,-0.58524847
1951.5,-0.586774349
1951.599976,-0.575187206
1951.700073,-0.581386089
1951.800049,-0.588395596
1951.900024,-0.581338406
1952,-0.582530499
1952.099976,-0.581624508
1952.200073,-0.584771633
1952.300049,-0.580670834
1952.400024,-0.582816601
1952.5,-0.58062315
1952.599976,-0.586202145
1952.700073,-0.576426983
1952.800049,-0.58152914
1952.900024,-0.581767559
1953,-0.580956936
1953.099976,-0.582387447
1953.200073,-0.583913326
1953.300049,-0.579192638
1953.400024,-0.575950146
1953.5,-0.58267355
1953.599976,-0.581243038
1953.700073,-0.576570034
1953.800049,-0.576856136
1953.900024,-0.582768917
1954,-0.58434248
1954.099976,-0.582268238
1954.200073,-0.582387447
1954.300049,-0.579574108
1954.400024,-0.584294796
1954.5,-0.576426983
1954.599976,-0.579669476
1954.700073,-0.575282574
1954.800049,-0.575759411
1954.900024,-0.585868359
1955,-0.577094555
1955.099976,-0.582911968
1955.200073,-0.584247112
1955.300049,-0.580003262
1955.400024,-0.577523708
1955.5,-0.571038723
1955.599976,-0.578048229
1955.700073,-0.581815243
1955.800049,-0.57652235
1955.900024,-0.574662685
1956,-0.585963726
1956.099976,-0.570514202
1956.200073,-0.578143597
1956.300049,-0.581576824
1956.400024,-0.579764843
1956.5,-0.574281216
1956.599976,-0.582387447
1956.700073,-0.587060452
1956.800049,-0.577714443
1956.900024,-0.572040081
1957,-0.582768917
1957.099976,-0.577380657
1957.200073,-0.581290722
1957.300049,-0.574185848
1957.400024,-0.570847988
1957.5,-0.575425625
1957.599976,-0.575473309
1957.700073,-0.574042797
1957.800049,-0.570037365
1957.900024,-0.579526424
1958,-0.57318449
1958.099976,-0.581147671
1958.200073,-0.576856136
1958.300049,-0.581195354
1958.400024,-0.577046871
1958.5,-0.574138165
1958.599976,-0.578715801
1958.700073,-0.580098629
1958.800049,-0.577261448
1958.900024,-0.574901104
1959,-0.575330257
1959.099976,-0.576570034
1959.200073,-0.577332973
1959.300049,-0.575079918
1959.400024,-0.572564602
1959.5,-0.573852062
1959.599976,-0.577189922
1959.700073,-0.584008694
1959.800049,-0.578811169
1959.900024,-0.57523489
1960,-0.569941998
1960.099976,-0.572612286
1960.200073,-0.57986021
1960.300049,-0.577809811
1960.400024,-0.576665401
1960.5,-0.572516918
1960.599976,-0.5702281
1960.700073,-0.574710369
1960.800049,-0.575950146
1960.900024,-0.578429699
1961,-0.577571392
1961.099976,-0.572707653
1961.200073,-0.58100462
1961.300049,-0.568273067
1961.400024,-0.574424267
1961.5,-0.568034649
1961.599976,-0.572421551
1961.700073,-0.570895672
1961.800049,-0.572230816
1961.900024,-0.575330257
1962,-0.567557812
1962.099976,-0.576474667
1962.200073,-0.57895422
1962.300049,-0.581147671
1962.400024,-0.576760769
1962.5,-0.572564602
1962.599976,-0.574376583
1962.700073,-0.580718517
1962.800049,-0.576570034
1962.900024,-0.580289364
1963,-0.57895422
1963.099976,-0.567462444
1963.200073,-0.56483984
1963.300049,-0.565745831
1963.400024,-0.570180416
1963.5,-0.572564602
1963.599976,-0.572707653
1963.700073,-0.566222668
1963.800049,-0.565412045
1963.900024,-0.566627979
1964,-0.566461086
1964.099976,-0.568416119
1964.200073,-0.572516918
1964.300049,-0.574376583
1964.400024,-0.565555096
1964.5,-0.562169075
1964.599976,-0.567271709
1964.700073,-0.574662685
1964.800049,-0.572421551
1964.900024,-0.569560528
1965,-0.574376583
1965.099976,-0.571324825
1965.200073,-0.569655895
1965.300049,-0.568320751
1965.400024,-0.563838482
1965.5,-0.567080975
1965.599976,-0.569369793
1965.700073,-0.569036007
1965.800049,-0.56650877
1965.900024,-0.566365719
1966,-0.567843914
1966.099976,-0.570514202
1966.200073,-0.569798946
1966.300049,-0.572707653
1966.400024,-0.573375225
1966.5,-0.571300983
1966.599976,-0.569417477
1966.700073,-0.569703579
1966.800049,-0.566937923
1966.900024,-0.559737206
1967,-0.567939281
1967.099976,-0.563457012
1967.200073,-0.573232174
1967.300049,-0.569274426
1967.400024,-0.567653179
1967.5,-0.567748547
1967.599976,-0.56779623
1967.700073,-0.567653179
1967.800049,-0.566234589
1967.900024,-0.564935207
1968,-0.564553738
1968.099976,-0.574567318
1968.200073,-0.571944714
1968.300049,-0.569775105
1968.400024,-0.56689024
1968.5,-0.565698147
1968.599976,-0.567319393
1968.700073,-0.563886166
1968.800049,-0.566282272
1968.900024,-0.567414761
1969,-0.56650877
1969.099976,-0.566222668
1969.200073,-0.568130016
1969.300049,-0.565710068
1969.400024,-0.564315319
1969.5,-0.564172268
1969.599976,-0.556256294
1969.700073,-0.574376583
1969.800049,-0.56650877
1969.900024,-0.568225384
1970,-0.561167717
1970.099976,-0.571849346
1970.200073,-0.559880257
1970.300049,-0.565412045
1970.400024,-0.564363003
1970.5,-0.568463802
1970.599976,-0.571420193
1970.700073,-0.567390919
1970.800049,-0.564363003
1970.900024,-0.565316677
1971,-0.562455177
1971.099976,-0.564744473
1971.200073,-0.565507412
1971.300049,-0.559737206
1971.400024,-0.564649105
1971.5,-0.568416119
1971.599976,-0.565364361
1971.700073,-0.562932491
1971.800049,-0.558592796
1971.900024,-0.561310768
1972,-0.55902195
1972.099976,-0.561930656
1972.200073,-0.560643196
1972.300049,-0.563266277
1972.400024,-0.560404897
1972.5,-0.558497429
1972.599976,-0.559212685
1972.700073,-0.55697155
1972.800049,-0.555779457
1972.900024,-0.566222668
1973,-0.562264442
1973.099976,-0.568654537
1973.200073,-0.563075542
1973.300049,-0.561835289
1973.400024,-0.564470172
1973.5,-0.565412045
1973.599976,-0.567557812
1973.700073,-0.565316677
1973.800049,-0.556542397
1973.900024,-0.565268993
1974,-0.554491997
1974.099976,-0.565078259
1974.200073,-0.562598705
1974.300049,-0.561775923
1974.400024,-0.559975624
1974.5,-0.559451103
1974.599976,-0.56030941
1974.700073,-0.562407494
1974.800049,-0.559403419
1974.900024,-0.562264681
1975,-0.563600063
1975.099976,-0.563647747
1975.200073,-0.561692238
1975.300049,-0.552155495
1975.400024,-0.557019234
1975.5,-0.552536964
1975.599976,-0.562455177
1975.700073,-0.55864048
1975.800049,-0.55697155
1975.900024,-0.563266277
1976,-0.560118675
1976.099976,-0.558115959
1976.200073,-0.558497429
1976.300049,-0.560059071
1976.400024,-0.561215401
1976.5,-0.562407494
1976.599976,-0.56317091
1976.700073,-0.558974266
1976.800049,-0.557591438
1976.900024,-0.556065559
1977,-0.553681374
1977.099976,-0.556017876
1977.200073,-0.557496071
1977.300049,-0.559594154
1977.400024,-0.559212685
1977.5,-0.556447029
1977.599976,-0.557734489
1977.700073,-0.558044434
1977.800049,-0.560118675
1977.900024,-0.557877541
1978,-0.561501503
1978.099976,-0.559069633
1978.200073,-0.555588722
1978.300049,-0.563933849
1978.400024,-0.55325222
1978.5,-0.556780815
1978.599976,-0.556399345
1978.700073,-0.564410686
1978.800049,-0.554587364
1978.900024,-0.5445261
1979,-0.551535606
1979.099976,-0.557305336
1979.200073,-0.559641838
1979.300049,-0.556089401
1979.400024,-0.554635048
1979.5,-0.552775383
1979.599976,-0.564935207
1979.700073,-0.545145988
1979.800049,-0.558831215
1979.900024,-0.560881615
1980,-0.554778099
1980.099976,-0.554444313
1980.200073,-0.553824425
1980.300049,-0.553204536
1980.400024,-0.55287075
1980.5,-0.55659008
1980.599976,-0.553919792
1980.700073,-0.55735302
1980.800049,-0.559498787
1980.900024,-0.559403419
1981,-0.552107811
1981.099976,-0.560404778
1981.200073,-0.552823067
1981.300049,-0.56355238
1981.400024,-0.552966118
1981.5,-0.550724983
1981.599976,-0.552072048
1981.700073,-0.552727699
1981.800049,-0.551869392
1981.900024,-0.544335365
1982,-0.548960686
1982.099976,-0.543953896
1982.200073,-0.557400703
1982.300049,-0.548674583
1982.400024,-0.558449745
1982.5,-0.557591438
1982.599976,-0.54991436
1982.700073,-0.554778099
1982.800049,-0.549246788
1982.900024,-0.553013802
1983,-0.545002937
1983.099976,-0.549294472
1983.200073,-0.548865318
1983.300049,-0.55287075
1983.400024,-0.546242714
1983.5,-0.553061485
1983.599976,-0.554110527
1983.700073,-0.552823067
1983.800049,-0.554587364
1983.900024,-0.557639122
1984,-0.554515839
1984.099976,-0.552441597
1984.200073,-0.553395271
1984.300049,-0.55287075
1984.400024,-0.549962044
1984.5,-0.556017876
1984.599976,-0.552060127
1984.700073,-0.552393913
1984.800049,-0.543095589
1984.900024,-0.559403419
1985,-0.551917076
1985.099976,-0.553395271
1985.200073,-0.550009727
1985.300049,-0.547005653
1985.400024,-0.555970192
1985.5,-0.546051979
1985.599976,-0.552393913
1985.700073,-0.542428017
1985.800049,-0.544383049
1985.900024,-0.54953289
1986,-0.540472984
1986.099976,-0.545527458
1986.200073,-0.549580574
1986.300049,-0.550009727
1986.400024,-0.551249504
1986.5,-0.544478416
1986.599976,-0.539471626
1986.700073,-0.556065559
1986.800049,-0.548769951
1986.900024,-0.541855812
1987,-0.540472984
1987.099976,-0.548102379
1987.200073,-0.542284966
1987.300049,-0.550772667
1987.400024,-0.54285717
1987.5,-0.547673225
1987.599976,-0.554301262
1987.700073,-0.549675941
1987.800049,-0.544049263
1987.900024,-0.545718193
1988,-0.550152779
1988.099976,-0.543858528
1988.200073,-0.548293114
1988.300049,-0.554587364
1988.400024,-0.539471626
1988.5,-0.551726341
1988.599976,-0.548960686
1988.700073,-0.552489281
1988.800049,-0.542141914
1988.900024,-0.546719551
1989,-0.539614677
1989.099976,-0.549389839
1989.200073,-0.543143272
1989.300049,-0.556256294
1989.400024,-0.535752296
1989.5,-0.54414463
1989.599976,-0.546338081
1989.700073,-0.547816277
1989.800049,-0.547434807
1989.900024,-0.54414463
1990,-0.543763161
1990.099976,-0.549056053
1990.200073,-0.542428017
1990.300049,-0.54695797
1990.400024,-0.544192314
1990.5,-0.550009727
1990.599976,-0.549485207
1990.700073,-0.548817635
1990.800049,-0.545241356
1990.900024,-0.548197746
1991,-0.538279533
1991.099976,-0.547625542
1991.200073,-0.539280891
1991.300049,-0.550963402
1991.400024,-0.539090157
1991.5,-0.540234566
1991.599976,-0.539471626
1991.700073,-0.538994789
1991.800049,-0.542284966
1991.900024,-0.55530262
1992,-0.539662361
1992.099976,-0.547768593
1992.200073,-0.537945747
1992.300049,-0.539042473
1992.400024,-0.543143272
1992.5,-0.542618752
1992.599976,-0.540449142
1992.700073,-0.538851738
1992.800049,-0.537182808
1992.900024,-0.545861244
1993,-0.548436165
1993.099976,-0.541331291
1993.200073,-0.537135124
1993.300049,-0.546767235
1993.400024,-0.53541851
1993.5,-0.539423943
1993.599976,-0.543524742
1993.700073,-0.54824543
1993.800049,-0.545193672
1993.900024,-0.539280891
1994,-0.539757729
1994.099976,-0.538136482
1994.200073,-0.548340797
1994.300049,-0.544955254
1994.400024,-0.540997505
1994.5,-0.535609245
1994.599976,-0.545956612
1994.700073,-0.539757729
1994.800049,-0.534750938
1994.900024,-0.537611961
1995,-0.535227776
1995.099976,-0.544812202
1995.200073,-0.537611961
1995.300049,-0.546862602
1995.400024,-0.536801338
1995.5,-0.547720909
1995.599976,-0.537898064
1995.700073,-0.529076576
1995.800049,-0.545479774
1995.900024,-0.548102379
1996,-0.544955254
1996.099976,-0.544812202
1996.200073,-0.53746891
1996.300049,-0.535513878
1996.400024,-0.539996147
1996.5,-0.542428017
1996.599976,-0.537707329
1996.700073,-0.53489399
1996.800049,-0.533511162
1996.900024,-0.543334007
1997,-0.541808128
1997.099976,-0.545145988
1997.200073,-0.538136482
1997.300049,-0.531556129
1997.400024,-0.535132408
1997.5,-0.541617393
1997.599976,-0.530697823
1997.700073,-0.536229134
1997.800049,-0.544239998
1997.900024,-0.539948463
1998,-0.537278175
1998.099976,-0.541426659
1998.200073,-0.535466194
1998.300049,-0.534178734
1998.400024,-0.534226418
1998.5,-0.537707329
1998.599976,-0.543143272
1998.700073,-0.527884483
1998.800049,-0.537182808
1998.900024,-0.527932167
1999,-0.53823185
1999.099976,-0.541140556
1999.200073,-0.544859886
1999.300049,-0.537278175
1999.400024,-0.532128334
1999.5,-0.538422585
1999.599976,-0.538804054
1999.700073,-0.536038399
1999.800049,-0.535990715
1999.900024,-0.534882069
2000,-0.532876372
2000.099976,-0.53041172
2000.200073,-0.530220985
2000.300049,-0.536896706
2000.400024,-0.541855812
2000.5,-0.536801338
2000.599976,-0.534703255
2000.700073,-0.540234566
2000.800049,-0.540520668
2000.900024,-0.530697823
2001,-0.53374958
2001.099976,-0.525834084
2001.200073,-0.531508446
2001.300049,-0.53322506
2001.400024,-0.545050621
2001.5,-0.536515236
2001.599976,-0.544859886
2001.700073,-0.535084724
2001.800049,-0.529553413
2001.900024,-0.536610603
2002,-0.536372185
2002.099976,-0.533535004
2002.200073,-0.530364037
2002.300049,-0.53079319
2002.400024,-0.538804054
2002.5,-0.538088799
2002.599976,-0.53413105
2002.700073,-0.538136482
2002.800049,-0.533320427
2002.900024,-0.529219627
2003,-0.538041115
2003.099976,-0.534369469
2003.200073,-0.537898064
2003.300049,-0.538088799
2003.400024,-0.536241055
2003.5,-0.533415794
2003.599976,-0.535561562
2003.700073,-0.538708687
2003.800049,-0.524832726
2003.900024,-0.529601097
2004,-0.539233208
2004.099976,-0.531079292
2004.200073,-0.540997505
2004.300049,-0.524832726
2004.400024,-0.524403572
2004.5,-0.53322506
2004.599976,-0.537325859
2004.700073,-0.533606529
2004.800049,-0.535466194
2004.900024,-0.531842232
2005,-0.53733778
2005.099976,-0.540186882
2005.200073,-0.541855812
2005.300049,-0.538005352
2005.400024,-0.533797264
2005.5,-0.53618145
2005.599976,-0.528075218
2005.700073,-0.530077934
2005.800049,-0.535466194
2005.900024,-0.524260521
2006,-0.532271385
2006.099976,-0.526644707
2006.200073,-0.529219627
2006.300049,-0.53656292
2006.400024,-0.526310921
2006.5,-0.531031609
2006.599976,-0.532414436
2006.700073,-0.536276817
2006.800049,-0.53117466
2006.900024,-0.527359962
2007,-0.522400856
2007.099976,-0.533129692
2007.200073,-0.526310921
2007.300049,-0.533558846
2007.400024,-0.532128334
2007.5,-0.536992073
2007.599976,-0.530554771
2007.700073,-0.522973061
2007.800049,-0.527216911
2007.900024,-0.536372185
2008,-0.536229134
2008.099976,-0.533272743
2008.200073,-0.522686958
2008.300049,-0.527169228
2008.400024,-0.533129692
2008.5,-0.530745506
2008.599976,-0.52001667
2008.700073,-0.525357246
2008.800049,-0.524260521
2008.900024,-0.524641991
2009,-0.527026176
2009.099976,-0.528933525
2009.200073,-0.523449898
2009.300049,-0.526835442
2009.400024,-0.53041172
2009.5,-0.516917229
2009.599976,-0.529362679
2009.700073,-0.535895348
2009.800049,-0.53489399
2009.900024,-0.530554771
2010,-0.527693748
2010.099976,-0.527693748
2010.200073,-0.529028893
2010.300049,-0.525691032
2010.400024,-0.529839516
2010.5,-0.522782326
2010.599976,-0.517918587
2010.700073,-0.532223701
2010.800049,-0.519825935
2010.900024,-0.535227776
2011,-0.518633842
2011.099976,-0.522782326
2011.200073,-0.521256447
2011.300049,-0.526024818
2011.400024,-0.512196541
2011.5,-0.535037041
2011.599976,-0.52745533
2011.700073,-0.516774178
2011.800049,-0.527741432
2011.900024,-0.52206707
2012,-0.530983925
2012.099976,-0.52449894
2012.200073,-0.521637917
2012.300049,-0.524689674
2012.400024,-0.530840874
2012.5,-0.523545265
2012.599976,-0.517870903
2012.700073,-0.522353172
2012.800049,-0.525452614
2012.900024,-0.527932167
2013,-0.526597023
2013.099976,-0.527264595
2013.200073,-0.525178432
2013.300049,-0.523402214
2013.400024,-0.523449898
2013.5,-0.5257864
2013.599976,-0.517346382
2013.700073,-0.527216911
2013.800049,-0.516964912
2013.900024,-0.523449898
2014,-0.528027534
2014.099976,-0.520350456
2014.200073,-0.520207405
2014.300049,-0.51911068
2014.400024,-0.52335453
2014.5,-0.5257864
2014.599976,-0.521494865
2014.700073,-0.526501656
2014.800049,-0.513054848
2014.900024,-0.529648781
2015,-0.51872921
2015.099976,-0.528695107
2015.200073,-0.518204689
2015.300049,-0.527216911
2015.400024,-0.52039814
2015.5,-0.523592949
2015.599976,-0.528170586
2015.700073,-0.520255089
2015.800049,-0.518395424
2015.900024,-0.52077961
2016,-0.526120186
2016.099976,-0.525261879
2016.200073,-0.533654213
2016.300049,-0.513579369
2016.400024,-0.522305489
2016.5,-0.52077961
2016.599976,-0.515820503
2016.700073,-0.528933525
2016.800049,-0.524832726
2016.900024,-0.519873619
2017,-0.525691032
2017.099976,-0.510861397
2017.200073,-0.524975777
2017.300049,-0.519158363
2017.400024,-0.531842232
2017.5,-0.524212837
2017.599976,-0.522162437
2017.700073,-0.528027534
2017.800049,-0.519587517
2017.900024,-0.525452614
2018,-0.521733284
2018.099976,-0.520970345
2018.200073,-0.522770405
2018.300049,-0.523306847
2018.400024,-0.525071144
2018.5,-0.519957066
2018.599976,-0.514389992
2018.700073,-0.51706028
2018.800049,-0.515939713
2018.900024,-0.516249657
2019,-0.518651724
2019.099976,-0.521351814
2019.200073,-0.521065712
2019.300049,-0.524880409
2019.400024,-0.521792889
2019.5,-0.519349098
2019.599976,-0.521876335
2019.700073,-0.51950407
2019.800049,-0.519921303
2019.900024,-0.516869545
2020,-0.518443108
2020.099976,-0.514246941
2020.200073,-0.51872921
2020.300049,-0.517537117
2020.400024,-0.521065712
2020.5,-0.519492149
2020.599976,-0.520874977
2020.700073,-0.519253731
2020.800049,-0.518681526
2020.900024,-0.516869545
2021,-0.517727852
2021.099976,-0.516356945
2021.200073,-0.517087102
2021.300049,-0.517251015
2021.400024,-0.517012596
2021.5,-0.513484001
2021.599976,-0.521113396
2021.700073,-0.51295948
2021.800049,-0.523449898
2021.900024,-0.518490791
2022,-0.513245583
2022.099976,-0.518109322
2022.200073,-0.514199257
2022.300049,-0.514533043
2022.400024,-0.516583443
2022.5,-0.517870903
2022.599976,-0.517489433
2022.700073,-0.520541191
2022.800049,-0.515963554
2022.900024,-0.504519463
2023,-0.513197899
2023.099976,-0.517489433
2023.200073,-0.50871563
2023.300049,-0.516964912
2023.400024,-0.513627052
2023.5,-0.510909081
2023.599976,-0.516058922
2023.700073,-0.512387276
2023.800049,-0.50871563
2023.900024,-0.508810997
2024,-0.509645462
2024.099976,-0.512148857
2024.200073,-0.508906364
2024.300049,-0.512196541
2024.400024,-0.511910439
2024.5,-0.506903648
2024.599976,-0.511862755
2024.700073,-0.515963554
2024.800049,-0.512458801
2024.900024,-0.511099815
2025,-0.510909081
2025.099976,-0.508524895
2025.200073,-0.51462841
2025.300049,-0.511719704
2025.400024,-0.510050774
2025.5,-0.512244225
2025.599976,-0.512530327
2025.700073,-0.518681526
2025.800049,-0.510718346
2025.900024,-0.518252373
2026,-0.5008955
2026.099976,-0.511004448
2026.200073,-0.508810997
2026.300049,-0.509287834
2026.400024,-0.508095741
2026.5,-0.50924015
2026.599976,-0.508989811
2026.700073,-0.507761955
2026.800049,-0.510861397
2026.900024,-0.515868187
2027,-0.511099815
2027.099976,-0.51539135
2027.200073,-0.510050774
2027.300049,-0.511338234
2027.400024,-0.51038456
2027.5,-0.509526253
2027.599976,-0.512339592
2027.700073,-0.511576653
2027.800049,-0.515439034
2027.900024,-0.502182961
2028,-0.508286476
2028.099976,-0.516774178
2028.200073,-0.51500988
2028.300049,-0.510289192
2028.400024,-0.505330086
2028.5,-0.506700993
2028.599976,-0.504662514
2028.700073,-0.506522179
2028.800049,-0.506999016
2028.900024,-0.507583141
2029,-0.506951332
2029.099976,-0.509860039
2029.200073,-0.503947258
2029.300049,-0.518538475
2029.400024,-0.514389992
2029.5,-0.51256609
2029.599976,-0.509383202
2029.700073,-0.50795269
2029.800049,-0.50962162
2029.900024,-0.508691788
2030,-0.508858681
2030.099976,-0.50833416
2030.200073,-0.499751091
2030.300049,-0.511242867
2030.400024,-0.505663872
2030.5,-0.513388634
2030.599976,-0.510479927
2030.700073,-0.507809639
2030.800049,-0.506093025
2030.900024,-0.505854607
2031,-0.506236076
2031.099976,-0.501515388
2031.200073,-0.509764671
2031.300049,-0.503184319
2031.400024,-0.511052132
2031.5,-0.501372337
2031.599976,-0.50871563
2031.700073,-0.50666523
2031.800049,-0.50795269
2031.900024,-0.512339592
2032,-0.510670662
2032.099976,-0.507618904
2032.200073,-0.50666523
2032.300049,-0.5070467
2032.400024,-0.509287834
2032.5,-0.506760597
2032.599976,-0.503994942
2032.700073,-0.509526253
2032.800049,-0.503279686
2032.900024,-0.511862755
2033,-0.511338234
2033.099976,-0.510038853
2033.200073,-0.508191109
2033.300049,-0.508763313
2033.400024,-0.505318165
2033.5,-0.500704765
2033.599976,-0.503613472
2033.700073,-0.507761955
2033.800049,-0.504042625
2033.900024,-0.498225212
2034,-0.504567146
2034.099976,-0.502373695
2034.200073,-0.503994942
2034.300049,-0.504841328
2034.400024,-0.507237434
2034.5,-0.505759239
2034.599976,-0.503136635
2034.700073,-0.511099815
2034.800049,-0.515439034
2034.900024,-0.512244225
2035,-0.510813713
2035.099976,-0.511624336
2035.200073,-0.510372639
2035.300049,-0.511099815
2035.400024,-0.50795269
2035.5,-0.498892784
2035.599976,-0.502135277
2035.700073,-0.504519463
2035.800049,-0.502230644
2035.900024,-0.503613472
2036,-0.504281044
2036.099976,-0.505759239
2036.200073,-0.50833416
2036.300049,-0.508381844
2036.400024,-0.50256443
2036.5,-0.503232002
2036.599976,-0.50757122
2036.700073,-0.500037193
2036.800049,-0.495030403
2036.900024,-0.504137993
2037,-0.500847816
2037.099976,-0.506140709
2037.200073,-0.509526253
2037.300049,-0.503756523
2037.400024,-0.509526253
2037.5,-0.500275612
2037.599976,-0.509144783
2037.700073,-0.499274254
2037.800049,-0.502516747
2037.900024,-0.497891426
2038,-0.502993584
2038.099976,-0.496174812
2038.200073,-0.503947258
2038.300049,-0.504376411
2038.400024,-0.503065109
2038.5,-0.502850533
2038.599976,-0.501086235
2038.700073,-0.497271538
2038.800049,-0.507332802
2038.900024,-0.502135277
2039,-0.499798775
2039.099976,-0.509049416
2039.200073,-0.505616188
2039.300049,-0.511147499
2039.400024,-0.507475853
2039.5,-0.506760597
2039.599976,-0.506939411
2039.700073,-0.507115245
2039.800049,-0.507332802
2039.900024,-0.507428169
2040,-0.502373695
2040.099976,-0.49216938
2040.200073,-0.497509956
2040.300049,-0.502326012
2040.400024,-0.496556282
2040.5,-0.504519463
2040.599976,-0.507666588
2040.700073,-0.498940468
2040.800049,-0.498892784
2040.900024,-0.504853249
2041,-0.496651649
2041.099976,-0.501324654
2041.200073,-0.501944542
2041.300049,-0.500204086
2041.400024,-0.49832058
2041.5,-0.49922657
2041.599976,-0.502719402
2041.700073,-0.503708839
2041.800049,-0.500016332
2041.900024,-0.499321938
2042,-0.498994857
2042.099976,-0.497366905
2042.200073,-0.499274254
2042.300049,-0.498415947
2042.400024,-0.500609398
2042.5,-0.499846458
2042.599976,-0.49922657
2042.700073,-0.503613472
2042.800049,-0.497796059
2042.900024,-0.50127697
2043,-0.494696617
2043.099976,-0.498511314
2043.200073,-0.495936394
2043.300049,-0.495364189
2043.400024,-0.498892784
2043.5,-0.495364189
2043.599976,-0.501610756
2043.700073,-0.497986794
2043.800049,-0.495316505
2043.900024,-0.49922657
2044,-0.499035835
2044.099976,-0.49550724
2044.200073,-0.49550724
2044.300049,-0.505330086
2044.400024,-0.502326012
2044.5,-0.502397537
2044.599976,-0.501515388
2044.700073,-0.500418663
2044.800049,-0.496985435
2044.900024,-0.50051403
2045,-0.494267464
2045.099976,-0.5008955
2045.200073,-0.498511314
2045.300049,-0.496508598
2045.400024,-0.499619961
2045.5,-0.502182961
2045.599976,-0.50127697
2045.700073,-0.500084877
2045.800049,-0.496508598
2045.900024,-0.498177528
2046,-0.499560356
2046.099976,-0.495554924
2046.200073,-0.490357399
2046.300049,-0.488259315
2046.400024,-0.495936394
2046.5,-0.49255085
2046.599976,-0.486351967
2046.700073,-0.499321938
2046.800049,-0.495697975
2046.900024,-0.498034477
2047,-0.500275612
2047.099976,-0.4988451
2047.200073,-0.496508598
2047.300049,-0.494791985
2047.400024,-0.498606682
2047.5,-0.494076729
2047.599976,-0.505330086
2047.700073,-0.497223854
2047.800049,-0.487210274
2047.900024,-0.492026329
2048,-0.500323296
2048.100098,-0.501563072
2048.199951,-0.499131203
2048.300049,-0.499250412
2048.400146,-0.498797417
2048.5,-0.497509956
2048.600098,-0.49793911
2048.699951,-0.489928246
2048.800049,-0.490452766
2048.900146,-0.489308357
2049,-0.495602608
2049.100098,-0.492455482
2049.199951,-0.494315147
2049.300049,-0.496508598
2049.400146,-0.489451408
2049.5,-0.503518105
2049.600098,-0.493456841
2049.699951,-0.489260674
2049.800049,-0.502135277
2049.900146,-0.497223854
2050,-0.489356041
2050.100098,-0.488402367
2050.199951,-0.491072655
2050.300049,-0.49832058
2050.400146,-0.501420021
2050.5,-0.499464989
2050.600098,-0.493313789
2050.699951,-0.496222496
2050.800049,-0.494267464
2050.900146,-0.491072655
2051,-0.492026329
2051.100098,-0.493456841
2051.199951,-0.495256901
2051.300049,-0.498511314
2051.400146,-0.497033119
2051.5,-0.498988152
2051.600098,-0.498225212
2051.699951,-0.493647575
2051.800049,-0.491406441
2051.900146,-0.494648933
2052,-0.499655724
2052.100098,-0.495268822
2052.199951,-0.489308357
2052.300049,-0.495650291
2052.400146,-0.493027687
2052.5,-0.489117622
2052.600098,-0.496747017
2052.699951,-0.49088192
2052.800049,-0.485827446
2052.900146,-0.489832878
2053,-0.489832878
2053.100098,-0.489785194
2053.199951,-0.48883152
2053.300049,-0.489785194
2053.400146,-0.492980003
2053.5,-0.492455482
2053.600098,-0.491454124
2053.699951,-0.490548134
2053.800049,-0.492312431
2053.900146,-0.497414589
2054,-0.499798775
2054.100098,-0.492121696
2054.199951,-0.4988451
2054.300049,-0.492598534
2054.400146,-0.487782478
2054.5,-0.487639427
2054.600098,-0.488855362
2054.699951,-0.490643501
2054.800049,-0.489356041
2054.900146,-0.489308357
2055,-0.492360115
2055.100098,-0.49255085
2055.199951,-0.498415947
2055.300049,-0.49088192
2055.400146,-0.498940468
2055.5,-0.492312431
2055.600098,-0.493790627
2055.699951,-0.49832058
2055.800049,-0.49421978
2055.900146,-0.486304283
2056,-0.487734795
2056.100098,-0.483300209
2056.199951,-0.484909534
2056.300049,-0.485732079
2056.400146,-0.488983512
2056.5,-0.492264748
2056.600098,-0.493027687
2056.699951,-0.49306345
2056.800049,-0.495173454
2056.900146,-0.49178791
2057,-0.498177528
2057.100098,-0.495221138
2057.199951,-0.485302925
2057.300049,-0.482346535
2057.400146,-0.4821558
2057.5,-0.487448692
2057.600098,-0.489308357
2057.699951,-0.49011898
2057.800049,-0.487401009
2057.900146,-0.493313789
2058,-0.484921455
2058.100098,-0.499035835
2058.199951,-0.482346535
2058.300049,-0.479771614
2058.400146,-0.482608795
2058.5,-0.483538628
2058.600098,-0.484778404
2058.699951,-0.485255241
2058.800049,-0.486638069
2058.900146,-0.485827446
2059,-0.491024971
2059.100098,-0.48921299
2059.199951,-0.486208916
2059.300049,-0.487019539
2059.400146,-0.486113548
2059.5,-0.485207558
2059.600098,-0.485159874
2059.699951,-0.489546776
2059.800049,-0.493885994
2059.900146,-0.49050045
2060,-0.484587669
2060.100098,-0.481202126
2060.199951,-0.488116264
2060.300049,-0.489308357
2060.400146,-0.485922813
2060.5,-0.489880562
2060.600098,-0.483109474
2060.699951,-0.485779762
2060.800049,-0.4842062
2060.900146,-0.4842062
2061,-0.483729362
2061.100098,-0.486161232
2061.199951,-0.479056358
2061.300049,-0.494887352
2061.400146,-0.481965065
2061.5,-0.486447334
2061.600098,-0.490309715
2061.699951,-0.487305641
2061.800049,-0.49088192
2061.900146,-0.488402367
2062,-0.48754406
2062.100098,-0.480820656
2062.199951,-0.485541344
2062.300049,-0.479104042
2062.400146,-0.486924171
2062.5,-0.481011391
2062.600098,-0.484539986
2062.699951,-0.484826088
2062.800049,-0.486828804
2062.900146,-0.481631279
2063,-0.48959446
2063.100098,-0.483014107
2063.199951,-0.477816582
2063.300049,-0.493075371
2063.400146,-0.474574089
2063.5,-0.479056358
2063.600098,-0.483490944
2063.699951,-0.480153084
2063.800049,-0.478770256
2063.900146,-0.485445976
2064,-0.479676247
2064.100098,-0.483538628
2064.199951,-0.485398293
2064.300049,-0.48304987
2064.400146,-0.481631279
2064.5,-0.481631279
2064.600098,-0.481726646
2064.699951,-0.48293066
2064.800049,-0.484444618
2064.900146,-0.483920097
2065,-0.487210274
2065.100098,-0.479771614
2065.199951,-0.482966423
2065.300049,-0.486208916
2065.400146,-0.48177433
2065.5,-0.482954502
2065.600098,-0.4821558
2065.699951,-0.481678963
2065.800049,-0.48177433
2065.900146,-0.481631279
2066,-0.481631279
2066.100098,-0.478722572
2066.199951,-0.484158516
2066.300049,-0.468232155
2066.400146,-0.478484154
2066.5,-0.475527763
2066.600098,-0.479580879
2066.699951,-0.4801054
2066.800049,-0.484492302
2066.900146,-0.481059074
2067,-0.482084274
2067.100098,-0.482012749
2067.199951,-0.480772972
2067.300049,-0.484635353
2067.400146,-0.479008675
2067.5,-0.485064507
2067.600098,-0.478245735
2067.699951,-0.485445976
2067.800049,-0.47548008
2067.900146,-0.47881794
2068,-0.482871056
2068.100098,-0.479580879
2068.199951,-0.478960991
2068.300049,-0.479878902
2068.400146,-0.481249809
2068.5,-0.47972393
2068.600098,-0.474526405
2068.699951,-0.482966423
2068.800049,-0.473286629
2068.900146,-0.484063148
2069,-0.469042778
2069.100098,-0.480439186
2069.199951,-0.476910591
2069.300049,-0.479008675
2069.400146,-0.48086834
2069.5,-0.478341103
2069.600098,-0.478269577
2069.699951,-0.477101326
2069.800049,-0.47676754
2069.900146,-0.475337029
2070,-0.476612568
2070.100098,-0.477196693
2070.199951,-0.47714901
2070.300049,-0.47779274
2070.400146,-0.478674889
2070.5,-0.478150368
2070.600098,-0.479962349
2070.699951,-0.476338387
2070.800049,-0.478913307
2070.900146,-0.478150368
2071,-0.470234871
2071.100098,-0.476004601
2071.199951,-0.484730721
2071.300049,-0.473620415
2071.400146,-0.47676754
2071.5,-0.48086834
2071.600098,-0.471570015
2071.699951,-0.474669456
2071.800049,-0.479151726
2071.900146,-0.477005959
2072,-0.48253727
2072.100098,-0.476862907
2072.199951,-0.485302925
2072.300049,-0.469948769
2072.400146,-0.474431038
2072.5,-0.470723629
2072.600098,-0.468279839
2072.699951,-0.470234871
2072.800049,-0.477196693
2072.900146,-0.466706276
2073,-0.475289345
2073.100098,-0.474526405
2073.199951,-0.470711708
2073.300049,-0.47214222
2073.400146,-0.474764824
2073.5,-0.477387428
2073.600098,-0.476147652
2073.699951,-0.480010033
2073.800049,-0.474812508
2073.900146,-0.468613625
2074,-0.479151726
2074.100098,-0.466420174
2074.199951,-0.470807076
2074.300049,-0.465228081
2074.400146,-0.473763466
2074.5,-0.480629921
2074.600098,-0.468375206
2074.699951,-0.467946053
2074.800049,-0.466324806
2074.900146,-0.47676754
2075,-0.482012749
2075.100098,-0.47381115
2075.199951,-0.476719856
2075.300049,-0.474097252
2075.400146,-0.477387428
2075.5,-0.472952843
2075.600098,-0.468232155
2075.699951,-0.469078541
2075.800049,-0.467516899
2075.900146,-0.467612267
2076,-0.47266674
2076.100098,-0.470616341
2076.199951,-0.479104042
2076.300049,-0.475432396
2076.400146,-0.470616341
2076.5,-0.470532894
2076.600098,-0.468947411
2076.699951,-0.467135429
2076.800049,-0.468089104
2076.900146,-0.467278481
2077,-0.468995094
2077.100098,-0.469281197
2077.199951,-0.472046852
2077.300049,-0.472523689
2077.400146,-0.470306396
2077.5,-0.468995094
2077.600098,-0.46765995
2077.699951,-0.471570015
2077.800049,-0.467564583
2077.900146,-0.475861549
2078,-0.478055
2078.100098,-0.464608192
2078.199951,-0.46971035
2078.300049,-0.464941978
2078.400146,-0.468852043
2078.5,-0.473191261
2078.600098,-0.473572731
2078.699951,-0.469614983
2078.800049,-0.47137928
2078.900146,-0.47843647
2079,-0.475766182
2079.100098,-0.47124815
2079.199951,-0.465275764
2079.300049,-0.465514183
2079.400146,-0.475670815
2079.5,-0.470520973
2079.600098,-0.462414742
2079.699951,-0.464512825
2079.800049,-0.477673531
2079.900146,-0.466801643
2080,-0.481345177
2080.100098,-0.48344326
2080.199951,-0.476612568
2080.300049,-0.473095894
2080.400146,-0.468565941
2080.5,-0.472058773
2080.600098,-0.47266674
2080.699951,-0.473906517
2080.800049,-0.473286629
2080.900146,-0.469614983
2081,-0.472285271
2081.100098,-0.471093178
2081.199951,-0.475146294
2081.300049,-0.466229439
2081.400146,-0.469567299
2081.5,-0.471283913
2081.600098,-0.469805717
2081.699951,-0.465752602
2081.800049,-0.468375206
2081.900146,-0.46675396
2082,-0.478865623
2082.100098,-0.474431038
2082.199951,-0.468708992
2082.300049,-0.465228081
2082.400146,-0.464274406
2082.5,-0.472762108
2082.600098,-0.467373848
2082.699951,-0.455834389
2082.800049,-0.467803001
2082.900146,-0.472762108
2083,-0.470234871
2083.100098,-0.467469215
2083.199951,-0.464035988
2083.300049,-0.467564583
2083.400146,-0.469090462
2083.5,-0.467612267
2083.600098,-0.468136787
2083.699951,-0.466992378
2083.800049,-0.467803001
2083.900146,-0.466897011
2084,-0.471236229
2084.100098,-0.472952843
2084.199951,-0.463225365
2084.300049,-0.467564583
2084.400146,-0.463654518
2084.5,-0.469948769
2084.600098,-0.470473289
2084.699951,-0.468899727
2084.800049,-0.468732834
2084.900146,-0.468613625
2085,-0.466944695
2085.100098,-0.466181755
2085.199951,-0.473858833
2085.300049,-0.466992378
2085.400146,-0.461413383
2085.5,-0.470473289
2085.600098,-0.454213142
2085.699951,-0.461651802
2085.800049,-0.475527763
2085.900146,-0.464989662
2086,-0.462605476
2086.100098,-0.46842289
2086.199951,-0.467373848
2086.300049,-0.464417458
2086.400146,-0.462510109
2086.5,-0.465681076
2086.600098,-0.467087746
2086.699951,-0.464041948
2086.800049,-0.461604118
2086.900146,-0.461794853
2087,-0.462224007
2087.100098,-0.463177681
2087.199951,-0.461222649
2087.300049,-0.464858532
2087.400146,-0.468327522
2087.5,-0.466706276
2087.600098,-0.457169533
2087.699951,-0.469853401
2087.800049,-0.46098423
2087.900146,-0.466610909
2088,-0.463082314
2088.100098,-0.465657234
2088.199951,-0.462927341
2088.300049,-0.461318016
2088.400146,-0.461651802
2088.5,-0.464035988
2088.600098,-0.463559151
2088.699951,-0.463118076
2088.800049,-0.462224007
2088.900146,-0.46265316
2089,-0.461103439
2089.100098,-0.461443186
2089.199951,-0.46098423
2089.300049,-0.461031914
2089.400146,-0.46060276
2089.5,-0.459744453
2089.600098,-0.464369774
2089.699951,-0.456597328
2089.800049,-0.467898369
2089.900146,-0.46303463
2090,-0.466563225
2090.100098,-0.462605476
2090.199951,-0.467516899
2090.300049,-0.46303463
2090.400146,-0.460030556
2090.5,-0.461031914
2090.600098,-0.4598279
2090.699951,-0.457503319
2090.800049,-0.460745811
2090.900146,-0.465132713
2091,-0.466134071
2091.100098,-0.453831673
2091.199951,-0.457741737
2091.300049,-0.474097252
2091.400146,-0.465275764
2091.5,-0.455309868
2091.600098,-0.451209068
2091.699951,-0.458886147
2091.800049,-0.469376564
2091.900146,-0.454117775
2092,-0.461508751
2092.100098,-0.46599102
2092.199951,-0.457980156
2092.300049,-0.456549644
2092.400146,-0.464035988
2092.5,-0.462939262
2092.600098,-0.461222649
2092.699951,-0.455119133
2092.800049,-0.451590538
2092.900146,-0.468327522
2093,-0.465228081
2093.100098,-0.473477364
2093.199951,-0.458552361
2093.300049,-0.470330238
2093.400146,-0.459744453
2093.5,-0.463606834
2093.600098,-0.465418816
2093.699951,-0.456215858
2093.800049,-0.466134071
2093.900146,-0.45688343
2094,-0.454976082
2094.100098,-0.456633091
2094.199951,-0.457074165
2094.300049,-0.457598686
2094.400146,-0.468661308
2094.5,-0.455786705
2094.600098,-0.463320732
2094.699951,-0.473525047
2094.800049,-0.46599102
2094.900146,-0.461222649
2095,-0.457932472
2095.100098,-0.465847969
2095.199951,-0.459792137
2095.300049,-0.468184471
2095.400146,-0.464131355
2095.5,-0.456120491
2095.600098,-0.462748528
2095.699951,-0.465847969
2095.800049,-0.456311226
2095.900146,-0.458313942
2096,-0.450875282
2096.100098,-0.466515541
2096.199951,-0.461747169
2096.300049,-0.469233513
2096.400146,-0.463225365
2096.5,-0.457694054
2096.600098,-0.461031914
2096.699951,-0.455500603
2096.800049,-0.463463783
2096.900146,-0.464894295
2097,-0.46149683
2097.100098,-0.458123207
2097.199951,-0.459506035
2097.300049,-0.451828957
2097.400146,-0.459553719
2097.5,-0.467469215
2097.600098,-0.455834389
2097.699951,-0.455643654
2097.800049,-0.458600044
2097.900146,-0.456931114
2098,-0.459172249
2098.100098,-0.4613657
2098.199951,-0.455500603
2098.300049,-0.464560509
2098.400146,-0.449206352
2098.5,-0.460745811
2098.600098,-0.454165459
2098.699951,-0.456835747
2098.800049,-0.456215858
2098.900146,-0.459362984
2099,-0.449635506
2099.100098,-0.459410667
2099.199951,-0.453831673
2099.300049,-0.462700844
2099.400146,-0.450732231
2099.5,-0.463273048
2099.600098,-0.451590538
2099.699951,-0.456597328
2099.800049,-0.456072807
2099.900146,-0.460125923
2100,-0.459410667
2100.100098,-0.455166817
2100.199951,-0.461651802
2100.300049,-0.450636864
2100.400146,-0.460650444
2100.5,-0.451113701
2100.600098,-0.456406593
2100.699951,-0.449778557
2100.800049,-0.453450203
2100.900146,-0.455500603
2101,-0.449826241
2101.100098,-0.451781273
2101.199951,-0.447108269
2101.300049,-0.451495171
2101.400146,-0.45893383
2101.5,-0.450350761
2101.600098,-0.45468998
2101.699951,-0.45764637
2101.800049,-0.45225811
2101.900146,-0.454356194
2102,-0.44391346
2102.100098,-0.452591896
2102.199951,-0.458409309
2102.300049,-0.451066017
2102.400146,-0.454213142
2102.5,-0.446583748
2102.600098,-0.452830315
2102.699951,-0.460936546
2102.800049,-0.451352119
2102.900146,-0.454070091
2103,-0.452544212
2103.100098,-0.45559597
2103.199951,-0.456692696
2103.300049,-0.455452919
2103.400146,-0.457932472
2103.5,-0.460841179
2103.600098,-0.458743095
2103.699951,-0.459374905
2103.800049,-0.461508751
2103.900146,-0.456406593
2104,-0.450016975
2104.100098,-0.453211784
2104.199951,-0.450922966
2104.300049,-0.452353477
2104.400146,-0.459076881
2104.5,-0.450684547
2104.600098,-0.457360268
2104.699951,-0.456263542
2104.800049,-0.456597328
2104.900146,-0.453593254
2105,-0.454797268
2105.100098,-0.456597328
2105.199951,-0.452401161
2105.300049,-0.455119133
2105.400146,-0.452305794
2105.5,-0.448586464
2105.600098,-0.453497887
2105.699951,-0.455357552
2105.800049,-0.453736305
2105.900146,-0.448967934
2106,-0.457360268
2106.100098,-0.451495171
2106.199951,-0.453211784
2106.300049,-0.444724083
2106.400146,-0.45468998
2106.5,-0.440432549
2106.600098,-0.458647728
2106.699951,-0.454737663
2106.800049,-0.447203636
2106.900146,-0.451161385
2107,-0.453974724
2107.100098,-0.452973366
2107.199951,-0.443198204
2107.300049,-0.44815731
2107.400146,-0.444437981
2107.5,-0.456311226
2107.600098,-0.458743095
2107.699951,-0.450303078
2107.800049,-0.456645012
2107.900146,-0.452353477
2108,-0.448395729
2108.100098,-0.447906971
2108.199951,-0.446679115
2108.300049,-0.444199562
2108.400146,-0.441958427
2108.5,-0.443007469
2108.600098,-0.444056511
2108.699951,-0.444151878
2108.800049,-0.448348045
2108.900146,-0.453211784
2109,-0.446345329
2109.100098,-0.453021049
2109.199951,-0.443341255
2109.300049,-0.451447487
2109.400146,-0.447442055
2109.5,-0.446249962
2109.600098,-0.452448845
2109.699951,-0.449826241
2109.800049,-0.442530632
2109.900146,-0.445343971
2110,-0.445498943
2110.100098,-0.447060585
2110.199951,-0.447060585
2110.300049,-0.456740379
2110.400146,-0.444724083
2110.5,-0.458790779
2110.600098,-0.441720009
2110.699951,-0.451495171
2110.800049,-0.452496529
2110.900146,-0.450636864
2111,-0.450303078
2111.100098,-0.45097065
2111.199951,-0.452734947
2111.300049,-0.451900482
2111.400146,-0.452162743
2111.5,-0.451733589
2111.600098,-0.438191414
2111.699951,-0.453164101
2111.800049,-0.442673683
2111.900146,-0.445296288
2112,-0.442769051
2112.100098,-0.452830315
2112.199951,-0.44558239
2112.300049,-0.448729515
2112.400146,-0.446202278
2112.5,-0.441386223
2112.600098,-0.453831673
2112.699951,-0.437714577
2112.800049,-0.45097065
2112.900146,-0.446679115
2113,-0.440766335
2113.100098,-0.454117775
2113.199951,-0.441147804
2113.300049,-0.447585106
2113.400146,-0.444437981
2113.5,-0.447585106
2113.600098,-0.448348045
2113.699951,-0.44148159
2113.800049,-0.439288139
2113.900146,-0.439574242
2114,-0.444235325
2114.100098,-0.447775841
2114.199951,-0.450303078
2114.300049,-0.447155952
2114.400146,-0.445630074
2114.5,-0.445391655
2114.600098,-0.44827652
2114.699951,-0.450016975
2114.800049,-0.452067375
2114.900146,-0.44853878
2115,-0.441004753
2115.100098,-0.440670967
2115.199951,-0.446726799
2115.300049,-0.434471607
2115.400146,-0.448634148
2115.5,-0.436569691
2115.600098,-0.446965218
2115.699951,-0.441338539
2115.800049,-0.443055153
2115.900146,-0.449635506
2116,-0.439574242
2116.100098,-0.443675041
2116.199951,-0.444437981
2116.300049,-0.446917534
2116.400146,-0.437857628
2116.5,-0.442578316
2116.600098,-0.449730873
2116.699951,-0.450016975
2116.800049,-0.447620869
2116.900146,-0.444437981
2117,-0.446297646
2117.100098,-0.441004753
2117.199951,-0.438668251
2117.300049,-0.435234547
2117.400146,-0.439764977
2117.5,-0.446631432
2117.600098,-0.448777199
2117.699951,-0.445224762
2117.800049,-0.44224453
2117.900146,-0.443245888
2118,-0.443722725
2118.100098,-0.440098763
2118.199951,-0.4405756
2118.300049,-0.443865776
2118.400146,-0.44596386
2118.5,-0.442339897
2118.600098,-0.437809944
2118.699951,-0.436569691
2118.800049,-0.444342613
2118.900146,-0.453402519
2119,-0.446583748
2119.100098,-0.442435265
2119.199951,-0.436998844
2119.300049,-0.436903477
2119.400146,-0.436235905
2119.5,-0.445248604
2119.600098,-0.436760426
2119.699951,-0.442578316
2119.800049,-0.444390297
2119.900146,-0.445010185
2120,-0.445248604
2120.100098,-0.442149162
2120.199951,-0.449969292
2120.300049,-0.447954655
2120.400146,-0.449969292
2120.5,-0.449730873
2120.600098,-0.44763279
2120.699951,-0.441147804
2120.800049,-0.443245888
2120.900146,-0.444569111
2121,-0.44520092
2121.100098,-0.448681831
2121.199951,-0.443245888
2121.300049,-0.437571526
2121.400146,-0.44648838
2121.5,-0.440146446
2121.600098,-0.439192772
2121.699951,-0.439097404
2121.800049,-0.440718651
2121.900146,-0.440217972
2122,-0.441195488
2122.100098,-0.439860344
2122.199951,-0.433279514
2122.300049,-0.43642664
2122.400146,-0.441243172
2122.5,-0.444008827
2122.600098,-0.442959785
2122.699951,-0.441767693
2122.800049,-0.442673683
2122.900146,-0.441147804
2123,-0.442292213
2123.100098,-0.439526558
2123.199951,-0.452544212
2123.300049,-0.439192772
2123.400146,-0.447203636
2123.5,-0.44019413
2123.600098,-0.436235905
2123.699951,-0.448061943
2123.800049,-0.437571526
2123.900146,-0.440766335
2124,-0.436378956
2124.100098,-0.44315052
2124.199951,-0.436855793
2124.300049,-0.43437624
2124.400146,-0.435520649
2124.5,-0.437011003
2124.600098,-0.437523842
2124.699951,-0.438790381
2124.800049,-0.440623283
2124.900146,-0.440003395
2125,-0.444485664
2125.100098,-0.454594612
2125.199951,-0.448348045
2125.300049,-0.437619209
2125.400146,-0.444581032
2125.5,-0.439335823
2125.600098,-0.451066017
2125.699951,-0.446154594
2125.800049,-0.43528223
2125.900146,-0.435997486
2126,-0.439335823
2126.100098,-0.444628716
2126.199951,-0.436235905
2126.300049,-0.442864418
2126.400146,-0.436712742
2126.5,-0.43695116
2126.600098,-0.441576958
2126.699951,-0.447775841
2126.800049,-0.443961143
2126.900146,-0.445773125
2127,-0.441588879
2127.100098,-0.437905312
2127.199951,-0.438715935
2127.300049,-0.436998844
2127.400146,-0.435759068
2127.5,-0.435520649
2127.600098,-0.438811302
2127.699951,-0.435759068
2127.800049,-0.436879754
2127.900146,-0.43642664
2128,-0.438209087
2128.100098,-0.439717293
2128.199951,-0.43981266
2128.300049,-0.436474323
2128.400146,-0.435735345
2128.5,-0.434805393
2128.600098,-0.440021068
2128.699951,-0.444104195
2128.800049,-0.445439339
2128.900146,-0.433565617
2129,-0.436474323
2129.100098,-0.430180073
2129.199951,-0.439955711
2129.300049,-0.442816734
2129.400146,-0.437714577
2129.5,-0.434900761
2129.600098,-0.441958427
2129.699951,-0.437237263
2129.800049,-0.435759068
2129.900146,-0.444533348
2130,-0.446249962
2130.100098,-0.440766335
2130.199951,-0.441433907
2130.300049,-0.436855793
2130.400146,-0.438000679
2130.5,-0.428272724
2130.600098,-0.437714577
2130.699951,-0.432182789
2130.800049,-0.435806751
2130.900146,-0.441004753
2131,-0.435234547
2131.100098,-0.441147804
2131.199951,-0.44224453
2131.300049,-0.440623283
2131.400146,-0.437952995
2131.5,-0.433184147
2131.600098,-0.433851719
2131.699951,-0.434423923
2131.800049,-0.434614658
2131.900146,-0.430704594
2132,-0.436617374
2132.100098,-0.440384865
2132.199951,-0.440718651
2132.300049,-0.442220688
2132.400146,-0.442912102
2132.5,-0.43928194
2132.600098,-0.434614658
2132.699951,-0.437380314
2132.800049,-0.431849003
2132.900146,-0.433708668
2133,-0.440384865
2133.100098,-0.440670967
2133.199951,-0.438239098
2133.300049,-0.437571526
2133.400146,-0.438382149
2133.5,-0.429798603
2133.600098,-0.436808109
2133.699951,-0.442721367
2133.800049,-0.43475771
2133.900146,-0.433184147
2134,-0.4336133
2134.100098,-0.434912682
2134.199951,-0.437284946
2134.300049,-0.435568333
2134.400146,-0.437571287
2134.5,-0.438811302
2134.600098,-0.438620567
2134.699951,-0.438096046
2134.800049,-0.427652836
2134.900146,-0.431562901
2135,-0.438954353
2135.100098,-0.437475681
2135.199951,-0.4356637
2135.300049,-0.433184147
2135.400146,-0.43540144
2135.5,-0.436283588
2135.600098,-0.436474323
2135.699951,-0.434137821
2135.800049,-0.432182789
2135.900146,-0.437475681
2136,-0.427223682
2136.100098,-0.439335823
2136.199951,-0.431181431
2136.300049,-0.431705952
2136.400146,-0.43528223
2136.5,-0.434710026
2136.600098,-0.440098763
2136.699951,-0.441100121
2136.800049,-0.433327198
2136.900146,-0.428940296
2137,-0.42321825
2137.100098,-0.439669609
2137.199951,-0.428797245
2137.300049,-0.431801319
2137.400146,-0.43232584
2137.5,-0.431658268
2137.600098,-0.432611942
2137.699951,-0.433565617
2137.800049,-0.431324482
2137.900146,-0.433041096
2138,-0.430704594
2138.100098,-0.434662342
2138.199951,-0.428940296
2138.300049,-0.4336133
2138.400146,-0.43695116
2138.5,-0.432754993
2138.600098,-0.432182789
2138.699951,-0.432993412
2138.800049,-0.432290077
2138.900146,-0.432182789
2139,-0.431801319
2139.100098,-0.442769051
2139.199951,-0.428272724
2139.300049,-0.436712742
2139.400146,-0.43695116
2139.5,-0.435902119
2139.600098,-0.434292793
2139.699951,-0.431181431
2139.800049,-0.433136463
2139.900146,-0.430823803
2140,-0.427795887
2140.100098,-0.431181431
2140.199951,-0.434233189
2140.300049,-0.439288139
2140.400146,-0.439908028
2140.5,-0.429941654
2140.600098,-0.439669609
2140.699951,-0.428415775
2140.800049,-0.437475681
2140.900146,-0.43528223
2141,-0.427605152
2141.100098,-0.436092854
2141.199951,-0.429464817
2141.300049,-0.435139179
2141.400146,-0.427986622
2141.5,-0.431562901
2141.600098,-0.430037022
2141.699951,-0.42731905
2141.800049,-0.428892612
2141.900146,-0.433804035
2142,-0.437189579
2142.100098,-0.422550678
2142.199951,-0.440146446
2142.300049,-0.425745487
2142.400146,-0.428654194
2142.5,-0.433565617
2142.600098,-0.426603794
2142.699951,-0.433660984
2142.800049,-0.443007469
2142.900146,-0.429131031
2143,-0.422836781
2143.100098,-0.431753635
2143.199951,-0.434328556
2143.300049,-0.429560184
2143.400146,-0.431562901
2143.5,-0.431849003
2143.600098,-0.433017254
2143.699951,-0.433517933
2143.800049,-0.430889368
2143.900146,-0.428558826
2144,-0.428463459
2144.100098,-0.42693758
2144.199951,-0.429750919
2144.300049,-0.425876617
2144.400146,-0.422932148
2144.5,-0.423885822
2144.600098,-0.424422264
2144.699951,-0.426603794
2144.800049,-0.424267292
2144.900146,-0.426413059
2145,-0.427938938
2145.100098,-0.426842213
2145.199951,-0.424696445
2145.300049,-0.430537701
2145.400146,-0.435329914
2145.5,-0.43528223
2145.600098,-0.427748203
2145.699951,-0.433041096
2145.800049,-0.422789097
2145.900146,-0.422550678
2146,-0.424863338
2146.100098,-0.42603159
2146.199951,-0.428081989
2146.300049,-0.426079273
2146.400146,-0.431753635
2146.5,-0.428701878
2146.600098,-0.430943012
2146.699951,-0.430704594
2146.800049,-0.424934864
2146.900146,-0.421263218
2147,-0.435329914
2147.100098,-0.417734623
2147.199951,-0.428034306
2147.300049,-0.422836781
2147.400146,-0.43270731
2147.5,-0.432421207
2147.600098,-0.430454254
2147.699951,-0.428701878
2147.800049,-0.427986622
2147.900146,-0.42936945
2148,-0.428844929
2148.100098,-0.426842213
2148.199951,-0.428701878
2148.300049,-0.427175999
2148.400146,-0.432945728
2148.5,-0.432135105
2148.600098,-0.425411701
2148.699951,-0.431467533
2148.800049,-0.419117451
2148.900146,-0.430895329
2149,-0.42488718
2149.100098,-0.423790455
2149.199951,-0.42513752
2149.300049,-0.426174641
2149.400146,-0.425697803
2149.5,-0.428534985
2149.600098,-0.43194437
2149.699951,-0.430323124
2149.800049,-0.426949501
2149.900146,-0.423408985
2150,-0.422121525
2150.100098,-0.426365376
2150.199951,-0.426889896
2150.300049,-0.427175999
2150.400146,-0.422455311
2150.5,-0.418545246
2150.600098,-0.440098763
2150.699951,-0.435091496
2150.800049,-0.427986622
2150.900146,-0.419928074
2151,-0.422407627
2151.100098,-0.424648762
2151.199951,-0.4336133
2151.300049,-0.431324482
2151.400146,-0.424028873
2151.5,-0.425554752
2151.600098,-0.428415775
2151.699951,-0.427414417
2151.800049,-0.427366734
2151.900146,-0.419546604
2152,-0.425459385
2152.100098,-0.416780949
2152.199951,-0.42488718
2152.300049,-0.430132389
2152.400146,-0.428081989
2152.5,-0.422693729
2152.600098,-0.42860651
2152.699951,-0.42526865
2152.800049,-0.43528223
2152.900146,-0.428940296
2153,-0.424648762
2153.100098,-0.421787739
2153.199951,-0.422741413
2153.300049,-0.422169209
2153.400146,-0.423647404
2153.5,-0.425304413
2153.600098,-0.424574256
2153.699951,-0.425459385
2153.800049,-0.423885822
2153.900146,-0.423552036
2154,-0.42475605
2154.100098,-0.425602436
2154.199951,-0.425983906
2154.300049,-0.431705952
2154.400146,-0.425316334
2154.5,-0.416065693
2154.600098,-0.419451237
2154.699951,-0.422550678
2154.800049,-0.415970325
2154.900146,-0.425554752
2155,-0.429417133
2155.100098,-0.420977116
2155.199951,-0.421453953
2155.300049,-0.421525478
2155.400146,-0.422932148
2155.5,-0.420738697
2155.600098,-0.416208744
2155.699951,-0.417734623
2155.800049,-0.419403553
2155.900146,-0.423122883
2156,-0.427795887
2156.100098,-0.427032948
2156.199951,-0.42462492
2156.300049,-0.421883106
2156.400146,-0.421787739
2156.5,-0.420488358
2156.600098,-0.419546604
2156.699951,-0.422762275
2156.800049,-0.42565012
2156.900146,-0.425364017
2157,-0.424267292
2157.100098,-0.417925358
2157.199951,-0.413443089
2157.300049,-0.420691013
2157.400146,-0.423933506
2157.5,-0.42064333
2157.600098,-0.417734623
2157.699951,-0.418306828
2157.800049,-0.420309544
2157.900146,-0.419308186
2158,-0.425030231
2158.100098,-0.420118809
2158.199951,-0.425411701
2158.300049,-0.415207386
2158.400146,-0.430943012
2158.5,-0.425507069
2158.600098,-0.426651478
2158.699951,-0.427843571
2158.800049,-0.415541172
2158.900146,-0.422121525
2159,-0.417543888
2159.100098,-0.420547962
2159.199951,-0.417591572
2159.300049,-0.420214176
2159.400146,-0.420786381
2159.5,-0.414682865
2159.600098,-0.417925358
2159.699951,-0.423075199
2159.800049,-0.422157288
2159.900146,-0.424458027
2160,-0.423170567
2160.100098,-0.417400837
2160.199951,-0.412870884
2160.300049,-0.419928074
2160.400146,-0.415398121
2160.5,-0.414587498
2160.600098,-0.416876316
2160.699951,-0.431181431
2160.800049,-0.416971684
2160.900146,-0.424505711
2161,-0.421453953
2161.100098,-0.421692371
2161.199951,-0.41923666
2161.300049,-0.416780949
2161.400146,-0.417019367
2161.5,-0.417591572
2161.600098,-0.416733265
2161.699951,-0.419832706
2161.800049,-0.416304111
2161.900146,-0.411011219
2162,-0.42565012
2162.100098,-0.415684223
2162.199951,-0.419069767
2162.300049,-0.418116093
2162.400146,-0.427414417
2162.5,-0.41153574
2162.600098,-0.421310902
2162.699951,-0.415731907
2162.800049,-0.424314976
2162.900146,-0.422932148
2163,-0.413347721
2163.100098,-0.418497562
2163.199951,-0.407339573
2163.300049,-0.424458027
2163.400146,-0.416590214
2163.5,-0.411440372
2163.600098,-0.418163776
2163.699951,-0.409723759
2163.800049,-0.4189744
2163.900146,-0.419212818
2164,-0.411488056
2164.100098,-0.414110661
2164.199951,-0.41988039
2164.300049,-0.42321825
2164.400146,-0.410105228
2164.5,-0.425411701
2164.600098,-0.419975758
2164.699951,-0.416113377
2164.800049,-0.412727833
2164.900146,-0.411058903
2165,-0.41705513
2165.100098,-0.422073841
2165.199951,-0.422359943
2165.300049,-0.421835423
2165.400146,-0.41821146
2165.5,-0.415922642
2165.600098,-0.418545246
2165.699951,-0.418449879
2165.800049,-0.422550678
2165.900146,-0.425507069
2166,-0.411440372
2166.100098,-0.414062977
2166.199951,-0.418306828
2166.300049,-0.41358614
2166.400146,-0.419403553
2166.5,-0.40910387
2166.600098,-0.4148736
2166.699951,-0.415493488
2166.800049,-0.416208744
2166.900146,-0.412250996
2167,-0.41564846
2167.100098,-0.415922642
2167.199951,-0.41821146
2167.300049,-0.414444447
2167.400146,-0.422169209
2167.5,-0.413443089
2167.600098,-0.41115427
2167.699951,-0.409819126
2167.800049,-0.410868168
2167.900146,-0.410105228
2168,-0.412394047
2168.100098,-0.418879032
2168.199951,-0.412298679
2168.300049,-0.408340931
2168.400146,-0.406290531
2168.5,-0.411201954
2168.600098,-0.418163776
2168.699951,-0.410009861
2168.800049,-0.417591572
2168.900146,-0.417019367
2169,-0.413824558
2169.100098,-0.410725117
2169.199951,-0.408245564
2169.300049,-0.415112019
2169.400146,-0.408436298
2169.5,-0.414778233
2169.600098,-0.420118809
2169.699951,-0.422169209
2169.800049,-0.415922642
2169.900146,-0.40819788
2170,-0.416256428
2170.100098,-0.415541172
2170.199951,-0.413109303
2170.300049,-0.409437656
2170.400146,-0.410629749
2170.5,-0.412584782
2170.600098,-0.411106586
2170.699951,-0.415827274
2170.800049,-0.413156986
2170.900146,-0.414301395
2171,-0.413347721
2171.100098,-0.416721344
2171.199951,-0.419069767
2171.300049,-0.420166492
2171.400146,-0.41654253
2171.5,-0.414396763
2171.600098,-0.417019367
2171.699951,-0.410343647
2171.800049,-0.408436298
2171.900146,-0.417162418
2172,-0.418354511
2172.100098,-0.409628391
2172.199951,-0.414539814
2172.300049,-0.406958103
2172.400146,-0.406242847
2172.5,-0.407959461
2172.600098,-0.414349079
2172.699951,-0.417400837
2172.800049,-0.420214176
2172.900146,-0.405146122
2173,-0.415541172
2173.100098,-0.402523518
2173.199951,-0.419832706
2173.300049,-0.417639256
2173.400146,-0.412727833
2173.5,-0.421740055
2173.600098,-0.407339573
2173.699951,-0.410152912
2173.800049,-0.414730549
2173.900146,-0.405956745
2174,-0.421310902
2174.100098,-0.415445805
2174.199951,-0.409342289
2174.300049,-0.407864094
2174.400146,-0.413538456
2174.5,-0.41654253
2174.600098,-0.40652895
2174.699951,-0.398279667
2174.800049,-0.418163776
2174.900146,-0.416924
2175,-0.413729191
2175.100098,-0.414206028
2175.199951,-0.416733265
2175.300049,-0.410200596
2175.400146,-0.404240131
2175.5,-0.415970325
2175.600098,-0.412632465
2175.699951,-0.412203312
2175.800049,-0.411499977
2175.900146,-0.411297321
2176,-0.40986681
2176.100098,-0.405432224
2176.199951,-0.403095722
2176.300049,-0.409056187
2176.400146,-0.408150196
2176.5,-0.410677433
2176.600098,-0.409771442
2176.699951,-0.410856247
2176.800049,-0.410486698
2176.900146,-0.412489414
2177,-0.415159702
2177.100098,-0.413013935
2177.199951,-0.402714252
2177.300049,-0.407196522
2177.400146,-0.400282383
2177.5,-0.407339573
2177.600098,-0.408102512
2177.699951,-0.410105228
2177.800049,-0.413013935
2177.900146,-0.410450935
2178,-0.409723759
2178.100098,-0.408960819
2178.199951,-0.407113075
2178.300049,-0.403524876
2178.400146,-0.406242847
2178.5,-0.412060261
2178.600098,-0.412966251
2178.699951,-0.406290531
2178.800049,-0.40819788
2178.900146,-0.405432224
2179,-0.406052113
2179.100098,-0.40614748
2179.199951,-0.407339573
2179.300049,-0.40576601
2179.400146,-0.415970325
2179.5,-0.403429508
2179.600098,-0.419022083
2179.699951,-0.408054829
2179.800049,-0.413395405
2179.900146,-0.406576633
2180,-0.418783665
2180.100098,-0.419928074
2180.199951,-0.415815353
2180.300049,-0.409533024
2180.400146,-0.415016651
2180.5,-0.412727833
2180.600098,-0.413109303
2180.699951,-0.407196522
2180.800049,-0.411249638
2180.900146,-0.417162418
2181,-0.40037775
2181.100098,-0.413252354
2181.199951,-0.407864094
2181.300049,-0.409199238
2181.400146,-0.404430866
2181.5,-0.407196522
2181.600098,-0.409008503
2181.699951,-0.415016651
2181.800049,-0.412107944
2181.900146,-0.409199238
2182,-0.410677433
2182.100098,-0.412298679
2182.199951,-0.408996582
2182.300049,-0.406338215
2182.400146,-0.406672001
2182.5,-0.409115791
2182.600098,-0.411440372
2182.699951,-0.412012577
2182.800049,-0.408853531
2182.900146,-0.406004429
2183,-0.405956745
2183.100098,-0.407864094
2183.199951,-0.409008503
2183.300049,-0.407077312
2183.400146,-0.405575275
2183.5,-0.405861378
2183.600098,-0.40447855
2183.699951,-0.399281025
2183.800049,-0.401951313
2183.900146,-0.409437656
2184,-0.407005787
2184.100098,-0.408054829
2184.199951,-0.400234699
2184.300049,-0.403095722
2184.400146,-0.408102512
2184.5,-0.413013935
2184.600098,-0.408007145
2184.699951,-0.411249638
2184.800049,-0.400473118
2184.900146,-0.408865452
2185,-0.412489414
2185.100098,-0.408627033
2185.199951,-0.406481266
2185.300049,-0.408150196
2185.400146,-0.405527592
2185.5,-0.405837536
2185.600098,-0.405098438
2185.699951,-0.404573917
2185.800049,-0.409056187
2185.900146,-0.411726475
2186,-0.404144764
2186.100098,-0.403715611
2186.199951,-0.404323578
2186.300049,-0.406433582
2186.400146,-0.403000355
2186.5,-0.410057545
2186.600098,-0.416590214
2186.699951,-0.395227909
2186.800049,-0.408627033
2186.900146,-0.414730549
2187,-0.408388615
2187.100098,-0.397087574
2187.199951,-0.406576633
2187.300049,-0.409962177
2187.400146,-0.400663853
2187.5,-0.406290531
2187.600098,-0.408531666
2187.699951,-0.407101154
2187.800049,-0.409389973
2187.900146,-0.404526234
2188,-0.397135258
2188.100098,-0.403906345
2188.199951,-0.40486002
2188.300049,-0.40614748
2188.400146,-0.408483982
2188.5,-0.407339573
2188.600098,-0.409056187
2188.699951,-0.402571201
2188.800049,-0.396276951
2188.900146,-0.406767368
2189,-0.405289173
2189.100098,-0.401546001
2189.199951,-0.395418644
2189.300049,-0.39870882
2189.400146,-0.402666569
2189.5,-0.410295963
2189.600098,-0.412966251
2189.699951,-0.407244205
2189.800049,-0.407530308
2189.900146,-0.411392689
2190,-0.400043964
2190.100098,-0.405050755
2190.199951,-0.404240131
2190.300049,-0.405527592
2190.400146,-0.406004429
2190.5,-0.405563354
2190.600098,-0.40447855
2190.699951,-0.406242847
2190.800049,-0.403667927
2190.900146,-0.399447918
2191,-0.393606663
2191.100098,-0.394274235
2191.199951,-0.398530006
2191.300049,-0.403143406
2191.400146,-0.403095722
2191.5,-0.404907703
2191.600098,-0.403667927
2191.699951,-0.401283741
2191.800049,-0.406719685
2191.900146,-0.400091648
2192,-0.397469044
2192.100098,-0.403286457
2192.199951,-0.406946182
2192.300049,-0.414158344
2192.400146,-0.412870884
2192.5,-0.404049397
2192.600098,-0.403381824
2192.699951,-0.406767368
2192.800049,-0.407566071
2192.900146,-0.408770084
2193,-0.411345005
2193.100098,-0.408150196
2193.199951,-0.406910419
2193.300049,-0.402237415
2193.400146,-0.398899555
2193.5,-0.401379108
2193.600098,-0.406338215
2193.699951,-0.405336857
2193.800049,-0.402571201
2193.900146,-0.402475834
2194,-0.40422821
2194.100098,-0.403271556
2194.199951,-0.402714252
2194.300049,-0.403667927
2194.400146,-0.399567127
2194.5,-0.409580708
2194.600098,-0.405336857
2194.699951,-0.4128232
2194.800049,-0.408817768
2194.900146,-0.410343647
2195,-0.407530308
2195.100098,-0.404788494
2195.199951,-0.404758692
2195.300049,-0.40319109
2195.400146,-0.403524876
2195.5,-0.397945881
2195.600098,-0.400425434
2195.699951,-0.395132542
2195.800049,-0.407148838
2195.900146,-0.401569843
2196,-0.400187016
2196.100098,-0.407053471
2196.199951,-0.402618885
2196.300049,-0.392557621
2196.400146,-0.401855946
2196.5,-0.39241457
2196.600098,-0.410820484
2196.699951,-0.400711536
2196.800049,-0.402761936
2196.900146,-0.400425434
2197,-0.398661137
2197.100098,-0.399567127
2197.199951,-0.407673359
2197.300049,-0.39112711
2197.400146,-0.401617527
2197.5,-0.40576601
2197.600098,-0.401379108
2197.699951,-0.404240131
2197.800049,-0.397325993
2197.900146,-0.407053471
2198,-0.396706104
2198.100098,-0.404526234
2198.199951,-0.405622959
2198.300049,-0.395514011
2198.400146,-0.400043964
2198.5,-0.408913136
2198.600098,-0.398041248
2198.699951,-0.404669285
2198.800049,-0.401760578
2198.900146,-0.41358614
2199,-0.405718327
2199.100098,-0.392891407
2199.199951,-0.397325993
2199.300049,-0.406958103
2199.400146,-0.395895481
2199.5,-0.400234699
2199.600098,-0.403524876
2199.699951,-0.404287815
2199.800049,-0.400949955
2199.900146,-0.398375034
2200,-0.40280962
2200.100098,-0.391508579
2200.199951,-0.406052113
2200.300049,-0.390411854
2200.400146,-0.393988132
2200.5,-0.393463612
2200.600098,-0.395323277
2200.699951,-0.394131184
2200.800049,-0.399948597
2200.900146,-0.401045322
2201,-0.399567127
2201.100098,-0.400926113
2201.199951,-0.401855946
2201.300049,-0.401236057
2201.400146,-0.400938034
2201.5,-0.400187016
2201.600098,-0.400473118
2201.699951,-0.399614811
2201.800049,-0.402475834
2201.900146,-0.397373676
2202,-0.399805546
2202.100098,-0.3976717
2202.199951,-0.396372318
2202.300049,-0.397135258
2202.400146,-0.395561695
2202.5,-0.396515369
2202.600098,-0.394751072
2202.699951,-0.397922039
2202.800049,-0.400282383
2202.900146,-0.400139332
2203,-0.393606663
2203.100098,-0.396789551
2203.199951,-0.396563053
2203.300049,-0.396849155
2203.400146,-0.398327351
2203.5,-0.398375034
2203.600098,-0.397016048
2203.699951,-0.396992207
2203.800049,-0.399656534
2203.900146,-0.402094364
2204,-0.402523518
2204.100098,-0.398983002
2204.199951,-0.392891407
2204.300049,-0.398422718
2204.400146,-0.397612095
2204.5,-0.402618885
2204.600098,-0.400902271
2204.699951,-0.401176453
2204.800049,-0.401569843
2204.900146,-0.399614811
2205,-0.402547359
2205.100098,-0.401045322
2205.199951,-0.407959461
2205.300049,-0.395990849
2205.400146,-0.389839649
2205.5,-0.392176151
2205.600098,-0.393415928
2205.699951,-0.393761635
2205.800049,-0.396181583
2205.900146,-0.393272877
2206,-0.399042606
2206.100098,-0.397993565
2206.199951,-0.394560337
2206.300049,-0.390173435
2206.400146,-0.389791965
2206.5,-0.39087677
2206.600098,-0.389505863
2206.699951,-0.394035816
2206.800049,-0.394202709
2206.900146,-0.395943165
2207,-0.397325993
2207.100098,-0.390268803
2207.199951,-0.401236057
2207.300049,-0.397278309
2207.400146,-0.39703989
2207.5,-0.396992207
2207.600098,-0.398124695
2207.699951,-0.400139332
2207.800049,-0.398327351
2207.900146,-0.392509937
2208,-0.395704746
2208.100098,-0.391985416
2208.199951,-0.393249035
2208.300049,-0.390936375
2208.400146,-0.394369602
2208.5,-0.393129826
2208.600098,-0.395704746
2208.699951,-0.396181583
2208.800049,-0.396658421
2208.900146,-0.38869524
2209,-0.403906345
2209.100098,-0.388790607
2209.199951,-0.395275593
