CA i vs t,
s,ÊA
0,-6.25
0.100000001,-13.94682407
0.200000003,-9.943761826
0.300000012,-8.333954811
0.400000006,-7.360248566
0.5,-6.684088707
0.600000024,-6.205821037
0.699999988,-5.835795403
0.800000012,-5.53442955
0.900000036,-5.295057297
1,-5.102415085
1.100000024,-4.926462173
1.200000048,-4.790086746
1.300000072,-4.650850296
1.399999976,-4.542131424
1.5,-4.447717667
1.600000024,-4.35854435
1.700000048,-4.271759987
1.800000072,-4.204525948
1.899999976,-4.137291908
2,-4.089131355
2.100000143,-4.031910896
2.200000048,-3.978981972
2.299999952,-3.926529884
2.400000095,-3.877415657
2.5,-3.842606544
2.600000143,-3.79635334
2.700000048,-3.756775856
2.799999952,-3.729596138
2.900000095,-3.68906498
3,-3.661885262
3.100000143,-3.630890846
3.200000048,-3.605618477
3.299999952,-3.574624062
3.400000095,-3.552212715
3.5,-3.525509834
3.600000143,-3.509297371
3.700000048,-3.474965096
3.799999952,-3.455414772
3.900000095,-3.434433937
4,-3.413929939
4.099999905,-3.402962685
4.200000286,-3.380551338
4.300000191,-3.363385201
4.400000095,-3.341450691
4.5,-3.325238228
4.599999905,-3.323807716
4.700000286,-3.29472065
4.800000191,-3.279938698
4.900000095,-3.263249397
5,-3.24608326
5.099999905,-3.232254982
5.200000286,-3.226056099
5.300000191,-3.204598427
5.400000095,-3.198876381
5.5,-3.186001778
5.599999905,-3.171219826
5.700000286,-3.154530525
5.800000191,-3.152146339
5.900000095,-3.133072853
6,-3.121623993
6.099999905,-3.111133575
6.200000286,-3.102073669
6.300000191,-3.089199066
6.400000095,-3.086338043
6.5,-3.074417114
6.599999905,-3.064403534
6.700000286,-3.056774139
6.800000191,-3.03817749
6.900000095,-3.029594421
7,-3.016719818
7.099999905,-3.011474609
7.200000286,-3.009090424
7.300000191,-3.000030518
7.400000095,-2.995738983
7.5,-2.979049683
7.599999905,-2.974758148
7.700000286,-2.968082428
7.800000191,-2.952346802
7.900000095,-2.945194244
8,-2.934703827
8.100000381,-2.928504944
8.199999809,-2.921352386
8.300000191,-2.913246155
8.400000572,-2.906093597
8.5,-2.904663086
8.600000381,-2.897510529
8.699999809,-2.895126343
8.800000191,-2.884159088
8.900000572,-2.873668671
9,-2.867469788
9.100000381,-2.877483368
9.199999809,-2.861747742
9.300000191,-2.855548859
9.400000572,-2.845535278
9.5,-2.832183838
9.600000381,-2.839336395
9.699999809,-2.823123932
9.800000191,-2.823600769
9.900000572,-2.813110352
10,-2.807865143
10.10000038,-2.801189423
10.19999981,-2.794036865
10.30000019,-2.79499054
10.40000057,-2.787837982
10.5,-2.777824402
10.60000038,-2.76638031
10.69999981,-2.768764496
10.80000019,-2.755889893
10.90000057,-2.758274078
11,-2.750644684
11.10000038,-2.744922638
11.19999981,-2.744922638
11.30000019,-2.741584778
11.40000057,-2.733001709
11.5,-2.728233337
11.60000038,-2.719173431
11.69999981,-2.721557617
11.80000019,-2.711544037
11.90000057,-2.710113525
12,-2.698669434
12.10000038,-2.701530457
12.19999981,-2.693424225
12.30000019,-2.691516876
12.40000057,-2.684006691
12.5,-2.676734924
12.60000038,-2.674350739
12.69999981,-2.675304413
12.80000019,-2.670059204
12.90000057,-2.660522461
13,-2.657184601
13.10000038,-2.658138275
13.19999981,-2.656707764
13.30000019,-2.647647858
13.40000057,-2.644309998
13.5,-2.635250092
13.60000038,-2.635250092
13.69999981,-2.625236511
13.80000019,-2.630958557
13.90000057,-2.615699768
14,-2.615699768
14.10000038,-2.615699768
14.19999981,-2.605686188
14.30000019,-2.59519577
14.40000057,-2.597103119
14.5,-2.60187149
14.60000038,-2.595672607
14.69999981,-2.590904236
14.80000019,-2.581367493
14.90000057,-2.58518219
15,-2.573738098
15.10000038,-2.568016052
15.19999981,-2.570877075
15.30000019,-2.563247681
15.40000057,-2.559909821
15.5,-2.564678192
15.60000038,-2.549419403
15.69999981,-2.545127869
15.80000019,-2.541313171
15.90000057,-2.538928986
16,-2.544651031
16.10000038,-2.53988266
16.20000076,-2.538452148
16.30000114,-2.527008057
16.39999962,-2.523193359
16.5,-2.517471313
16.60000038,-2.517471313
16.70000076,-2.514133453
16.80000114,-2.506980896
16.89999962,-2.501735687
17,-2.509841919
17.10000038,-2.506980896
17.20000076,-2.500305176
17.30000114,-2.495059967
17.39999962,-2.48790741
17.5,-2.496967316
17.60000038,-2.486953735
17.70000076,-2.486476898
17.80000114,-2.486596107
17.89999962,-2.476868629
18,-2.477202415
18.10000038,-2.466234922
18.20000076,-2.465615034
18.30000114,-2.466187239
18.39999962,-2.46504283
18.5,-2.456602812
18.60000038,-2.464422941
18.70000076,-2.449879408
18.80000114,-2.44720912
18.89999962,-2.445444822
19,-2.444109678
19.10000038,-2.43938899
19.20000076,-2.432760954
19.30000114,-2.437100172
19.39999962,-2.432284117
19.5,-2.425751448
19.60000038,-2.426275969
19.70000076,-2.422508955
19.80000114,-2.424893141
19.89999962,-2.409586668
20,-2.417406797
20.10000038,-2.41230464
20.20000076,-2.410397291
20.30000114,-2.402863026
20.39999962,-2.405819416
20.5,-2.398476124
20.60000038,-2.394899845
20.70000076,-2.390322208
20.80000114,-2.391705036
20.89999962,-2.385077
21,-2.382978916
21.10000038,-2.381977558
21.20000076,-2.378806591
21.30000114,-2.374062061
21.39999962,-2.376207829
21.5,-2.370295048
21.60000038,-2.370151997
21.70000076,-2.368626118
21.80000114,-2.367290974
21.89999962,-2.360281467
22,-2.35556078
22.10000038,-2.353415012
22.20000076,-2.353081226
22.30000114,-2.354988575
22.39999962,-2.343019724
22.5,-2.353415012
22.60000038,-2.34735918
22.70000076,-2.337679148
22.80000114,-2.338012934
22.89999962,-2.338775873
23,-2.335676432
23.10000038,-2.337249994
23.20000076,-2.319082499
23.30000114,-2.325853586
23.39999962,-2.319273233
23.5,-2.312311411
23.60000038,-2.319654703
23.70000076,-2.31679368
23.80000114,-2.310880899
23.89999962,-2.306160212
24,-2.316126108
24.10000038,-2.302059412
24.20000076,-2.297910929
24.30000114,-2.29895997
24.39999962,-2.29767251
24.5,-2.29137826
24.60000038,-2.29895997
24.70000076,-2.294430017
24.80000114,-2.292808771
24.89999962,-2.286943674
25,-2.276691437
25.10000038,-2.289995432
25.20000076,-2.279838562
25.30000114,-2.280172348
25.39999962,-2.276166916
25.5,-2.273973465
25.60000038,-2.276500702
25.70000076,-2.265581131
25.80000114,-2.262767792
25.89999962,-2.261575699
26,-2.26210022
26.10000038,-2.259954453
26.20000076,-2.250465393
26.30000114,-2.249464035
26.39999962,-2.251609802
26.5,-2.246841431
26.60000038,-2.249464035
26.70000076,-2.243980408
26.80000114,-2.242931366
26.89999962,-2.240332603
27,-2.238019943
27.10000038,-2.236398697
27.20000076,-2.231832981
27.30000114,-2.225955963
27.39999962,-2.226957321
27.5,-2.225765228
27.60000038,-2.222236633
27.70000076,-2.21937561
27.80000114,-2.216848373
27.89999962,-2.216502666
28,-2.214702606
28.10000038,-2.215084076
28.20000076,-2.209314346
28.30000114,-2.214273453
28.39999962,-2.207263947
28.5,-2.210840225
28.60000038,-2.200063705
28.70000076,-2.198680878
28.80000114,-2.198263645
28.89999962,-2.196773529
29,-2.197536469
29.10000038,-2.194532394
29.20000076,-2.191385269
29.30000114,-2.192434311
29.39999962,-2.182134151
29.5,-2.182277203
29.60000038,-2.18211031
29.70000076,-2.181943417
29.80000114,-2.182086468
29.89999962,-2.176936626
30,-2.172931194
30.10000038,-2.167542934
30.20000076,-2.171452999
30.30000114,-2.166732311
30.39999962,-2.16863966
30.5,-2.159818172
30.60000038,-2.161439419
30.70000076,-2.15708828
30.80000114,-2.152760983
30.89999962,-2.154334545
31,-2.145608425
31.10000038,-2.153571606
31.20000076,-2.145751476
31.30000114,-2.145846844
31.39999962,-2.143295765
31.5,-2.142127514
31.60000038,-2.139457226
31.70000076,-2.141507626
31.80000114,-2.127536297
31.89999962,-2.137740612
32,-2.131064892
32.10000229,-2.129300594
32.20000076,-2.127774715
32.29999924,-2.124830246
32.40000153,-2.122243404
32.5,-2.12000227
32.60000229,-2.121397018
32.70000076,-2.120765209
32.79999924,-2.12257719
32.90000153,-2.104028225
33,-2.119287014
33.10000229,-2.100594997
33.20000076,-2.117713451
33.29999924,-2.111609936
33.40000153,-2.104791164
33.5,-2.101548672
33.60000229,-2.102502346
33.70000076,-2.090629101
33.79999924,-2.101262569
33.90000153,-2.092011929
34,-2.089437008
34.10000229,-2.09382391
34.20000076,-2.083762646
34.29999924,-2.089484692
34.40000153,-2.085050106
34.5,-2.083226204
34.60000229,-2.080281734
34.70000076,-2.078088284
34.79999924,-2.082475185
34.90000153,-2.073892117
35,-2.085336208
35.10000229,-2.077420712
35.20000076,-2.064784527
35.29999924,-2.069219112
35.40000153,-2.076085567
35.5,-2.068217754
35.60000229,-2.065499783
35.70000076,-2.066787243
35.79999924,-2.064593792
35.90000153,-2.057297707
36,-2.053006172
36.10000229,-2.058918953
36.20000076,-2.054722786
36.29999924,-2.057536125
36.40000153,-2.058251381
36.5,-2.051337242
36.60000229,-2.045472145
36.70000076,-2.055199623
36.79999924,-2.054961205
36.90000153,-2.045090675
37,-2.047522545
37.10000229,-2.043588638
37.20000076,-2.040894508
37.29999924,-2.040846825
37.40000153,-2.032788277
37.5,-2.034266472
37.60000229,-2.03539896
37.70000076,-2.035744667
37.79999924,-2.032844901
37.90000153,-2.030880928
38,-2.029355049
38.10000229,-2.028687477
38.20000076,-2.024395943
38.29999924,-2.015669823
38.40000153,-2.018864632
38.5,-2.021201134
38.60000229,-2.018483162
38.70000076,-2.017243385
38.79999924,-2.008946419
38.90000153,-2.018387794
39,-2.009900093
39.10000229,-2.005560875
39.20000076,-1.999838829
39.29999924,-2.010806084
39.40000153,-2.002509117
39.5,-1.99998188
39.60000229,-2.007515907
39.70000076,-1.99998188
39.79999924,-1.992447853
39.90000153,-1.994116783
40,-1.997263908
40.10000229,-1.988871574
40.20000076,-1.991875648
40.29999924,-1.995499611
40.40000153,-1.990755081
40.5,-1.988585472
40.60000229,-1.987059593
40.70000076,-1.9879179
40.79999924,-1.985295296
40.90000153,-1.975901604
41,-1.975138664
41.10000229,-1.980526924
41.20000076,-1.97995472
41.29999924,-1.967938423
41.40000153,-1.972039223
41.5,-1.967223167
41.60000229,-1.968462944
41.70000076,-1.9691782
41.79999924,-1.971657753
41.90000153,-1.966507912
42,-1.966722488
42.10000229,-1.965363503
42.20000076,-1.963360786
42.29999924,-1.95468235
42.40000153,-1.958878517
42.5,-1.963074684
42.60000229,-1.952012062
42.70000076,-1.960833549
42.79999924,-1.945860863
42.90000153,-1.957781792
43,-1.951916695
43.10000229,-1.939423561
43.20000076,-1.948197365
43.29999924,-1.944621086
43.40000153,-1.940281868
43.5,-1.937897682
43.60000229,-1.940424919
43.70000076,-1.937468052
43.79999924,-1.937754631
43.90000153,-1.93680048
44,-1.93680048
44.10000229,-1.929135323
44.20000076,-1.91972971
44.29999924,-1.923210621
44.40000153,-1.922543049
44.5,-1.925356388
44.60000229,-1.926071644
44.70000076,-1.925404072
44.79999924,-1.923496723
44.90000153,-1.919443607
45,-1.914675236
45.10000229,-1.915581226
45.20000076,-1.914246082
45.29999924,-1.915390491
45.40000153,-1.915581226
45.5,-1.916153431
45.60000229,-1.906187534
45.70000076,-1.8998456
45.79999924,-1.902515888
45.90000153,-1.911814213
46,-1.903707981
46.10000229,-1.911766529
46.20000076,-1.894266605
46.29999924,-1.893980503
46.40000153,-1.904184818
46.5,-1.897032261
46.60000229,-1.888639927
46.70000076,-1.893742085
46.79999924,-1.883728504
46.90000153,-1.893694401
47,-1.888544559
47.10000229,-1.88740015
47.20000076,-1.881201267
47.29999924,-1.884729862
47.40000153,-1.880533695
47.5,-1.882488728
47.60000229,-1.876671314
47.70000076,-1.878626347
47.79999924,-1.879484653
47.90000153,-1.873810291
48,-1.878387928
48.10000229,-1.874060631
48.20000076,-1.87161684
48.29999924,-1.872427464
48.40000153,-1.861841679
48.5,-1.873190403
48.60000229,-1.865847111
48.70000076,-1.872808933
48.79999924,-1.862366199
48.90000153,-1.865417957
49,-1.867945194
49.10000229,-1.857359409
49.20000076,-1.862127781
49.29999924,-1.854116917
49.40000153,-1.855118275
49.5,-1.85697794
49.60000229,-1.854236126
49.70000076,-1.85249567
49.79999924,-1.852352619
49.90000153,-1.850254536
50,-1.847155094
50.10000229,-1.849014759
50.20000076,-1.841433048
50.29999924,-1.844437122
50.40000153,-1.841099262
50.5,-1.840765476
50.60000229,-1.84081316
50.70000076,-1.840097904
50.79999924,-1.841289997
50.90000153,-1.83927536
51,-1.839096546
51.10000229,-1.836616993
51.20000076,-1.826364994
51.29999924,-1.835758686
51.40000153,-1.831085682
51.5,-1.823503971
51.60000229,-1.816971302
51.70000076,-1.830275059
51.79999924,-1.825077534
51.90000153,-1.814539433
52,-1.817877293
52.10000229,-1.816804409
52.20000076,-1.818878651
52.29999924,-1.81592226
52.40000153,-1.816971302
52.5,-1.811916351
52.60000229,-1.818830967
52.70000076,-1.810247421
52.79999924,-1.810724258
52.90000153,-1.806861877
53,-1.809007645
53.10000229,-1.818449497
53.20000076,-1.807195663
53.29999924,-1.798707962
53.40000153,-1.807243347
53.5,-1.801092148
53.60000229,-1.794464111
53.70000076,-1.802618027
53.79999924,-1.802951813
53.90000153,-1.801616669
54,-1.790554047
54.10000229,-1.795274734
54.20000076,-1.788122177
54.29999924,-1.794988632
54.40000153,-1.793510437
54.5,-1.788169861
54.60000229,-1.788503647
54.70000076,-1.786930084
54.79999924,-1.785833359
54.90000153,-1.781398773
55,-1.781351089
55.10000229,-1.781160355
55.20000076,-1.779837132
55.29999924,-1.777584076
55.40000153,-1.779253006
55.5,-1.777679443
55.60000229,-1.774460793
55.70000076,-1.769334793
55.79999924,-1.771575928
55.90000153,-1.771242142
56,-1.771981239
56.10000229,-1.7742939
56.20000076,-1.770812988
56.29999924,-1.762992859
56.40000153,-1.770717621
56.5,-1.76647377
56.60000229,-1.762229919
56.70000076,-1.755887985
56.79999924,-1.75851059
56.90000153,-1.761800766
57,-1.753265381
57.10000229,-1.755792618
57.20000076,-1.754648209
57.29999924,-1.759464264
57.40000153,-1.756269455
57.5,-1.760417938
57.60000229,-1.754648209
57.70000076,-1.744729996
57.79999924,-1.754171371
57.90000153,-1.751691818
58,-1.743251801
58.10000229,-1.744443893
58.20000076,-1.747209549
58.29999924,-1.74568367
58.40000153,-1.747638702
58.5,-1.738388062
58.60000229,-1.741344452
58.70000076,-1.739949703
58.79999924,-1.739484787
58.90000153,-1.740581512
59,-1.733047485
59.10000229,-1.726753235
59.20000076,-1.744062424
59.29999924,-1.731044769
59.40000153,-1.737529755
59.5,-1.731903076
59.60000229,-1.723510742
59.70000076,-1.729375839
59.79999924,-1.719028473
59.90000153,-1.722652435
60,-1.720864296
60.10000229,-1.722604752
60.20000076,-1.719171524
60.29999924,-1.724082947
60.40000153,-1.719743729
60.5,-1.717741013
60.60000229,-1.71912384
60.70000076,-1.719839096
60.79999924,-1.715595245
60.90000153,-1.719600677
61,-1.717407227
61.10000229,-1.712638855
61.20000076,-1.715261459
61.29999924,-1.71411705
61.40000153,-1.705247879
61.5,-1.710731506
61.60000229,-1.70937252
61.70000076,-1.710683823
61.79999924,-1.706422091
61.90000153,-1.703388214
62,-1.702243805
62.10000229,-1.699573517
62.20000076,-1.693136215
62.29999924,-1.706773758
62.40000153,-1.702577591
62.5,-1.706535339
62.60000229,-1.699788094
62.70000076,-1.695615768
62.79999924,-1.694423676
62.90000153,-1.694519043
63,-1.694054127
63.10000229,-1.691514969
63.20000076,-1.69575882
63.29999924,-1.691514969
63.40000153,-1.691038132
63.5,-1.68378973
63.60000229,-1.692754745
63.70000076,-1.683980465
63.79999924,-1.684504986
63.90000153,-1.683312893
64,-1.681024075
64.09999847,-1.678878307
64.20000458,-1.679593563
64.30000305,-1.677614689
64.40000153,-1.676541805
64.5,-1.67544508
64.59999847,-1.674348354
64.70000458,-1.673919201
64.80000305,-1.671487331
64.90000153,-1.669734955
65,-1.666051388
65.09999847,-1.667481899
65.20000458,-1.669723034
65.30000305,-1.671201229
65.40000153,-1.663619518
65.5,-1.672202587
65.59999847,-1.664191723
65.70000458,-1.669436932
65.80000305,-1.663142681
65.90000153,-1.663190365
66,-1.659232616
66.09999847,-1.65556097
66.20000458,-1.655084133
66.30000305,-1.654941082
66.40000153,-1.649934292
66.5,-1.652127743
66.59999847,-1.656085491
66.70000458,-1.656371593
66.80000305,-1.650220394
66.90000153,-1.66094923
67,-1.648217678
67.09999847,-1.655274868
67.20000458,-1.648408413
67.30000305,-1.640635967
67.40000153,-1.644402981
67.5,-1.639110088
67.59999847,-1.654750347
67.70000458,-1.645452023
67.80000305,-1.638728619
67.90000153,-1.641923428
68,-1.63386488
68.09999847,-1.638823986
68.20000458,-1.64144659
68.30000305,-1.641780376
68.40000153,-1.636630535
68.5,-1.631909847
68.59999847,-1.638728619
68.70000458,-1.634103298
68.80000305,-1.629621029
68.90000153,-1.628142834
69,-1.626473904
69.09999847,-1.627272606
69.20000458,-1.62680769
69.30000305,-1.627665997
69.40000153,-1.627093792
69.5,-1.628381252
69.59999847,-1.63014555
69.70000458,-1.62809515
69.80000305,-1.615220547
69.90000153,-1.626235485
70,-1.61269331
70.09999847,-1.618176937
70.20000458,-1.617413998
70.30000305,-1.625329494
70.40000153,-1.621467113
70.5,-1.611453533
70.59999847,-1.611167431
70.70000458,-1.610595226
70.80000305,-1.610404491
70.90000153,-1.606971264
71,-1.609641552
71.09999847,-1.604682446
71.20000458,-1.612550259
71.30000305,-1.608401775
71.40000153,-1.611978054
71.5,-1.605874538
71.59999847,-1.600152493
71.70000458,-1.598626614
71.80000305,-1.594525814
71.90000153,-1.600533962
72,-1.604634762
72.09999847,-1.600009441
72.20000458,-1.59691
72.30000305,-1.599914074
72.40000153,-1.586085796
72.5,-1.593905926
72.59999847,-1.587659359
72.70000458,-1.59447813
72.80000305,-1.587468624
72.90000153,-1.59447813
73,-1.598245144
73.09999847,-1.590901852
73.20000458,-1.583129406
73.30000305,-1.579886913
73.40000153,-1.585656643
73.5,-1.591044903
73.59999847,-1.588136196
73.70000458,-1.583415508
73.80000305,-1.583940029
73.90000153,-1.576978207
74,-1.583367825
74.09999847,-1.577693462
74.20000458,-1.582890987
74.30000305,-1.578217983
74.40000153,-1.577931881
74.5,-1.572495937
74.59999847,-1.574260235
74.70000458,-1.580029964
74.80000305,-1.571923733
74.90000153,-1.566201687
75,-1.572686672
75.09999847,-1.561432838
75.20000458,-1.562863827
75.30000305,-1.563638568
75.40000153,-1.566297054
75.5,-1.563960552
75.59999847,-1.56829977
75.70000458,-1.559239388
75.80000305,-1.551753044
75.90000153,-1.561337471
76,-1.554232597
76.09999847,-1.558619499
76.20000458,-1.557141304
76.30000305,-1.55990696
76.40000153,-1.559811592
76.5,-1.553421974
76.59999847,-1.547413826
76.70000458,-1.557570457
76.80000305,-1.558905602
76.90000153,-1.55580616
77,-1.553326607
77.09999847,-1.551276207
77.20000458,-1.547699928
77.30000305,-1.548653603
77.40000153,-1.544838905
77.5,-1.544791222
77.59999847,-1.542991161
77.70000458,-1.542359352
77.80000305,-1.539975166
77.90000153,-1.541262627
78,-1.530629158
78.09999847,-1.543932915
78.20000458,-1.551753044
78.30000305,-1.530962944
78.40000153,-1.535969734
78.5,-1.533871651
78.59999847,-1.532536507
78.70000458,-1.533299446
78.80000305,-1.532202721
78.90000153,-1.532763004
79,-1.532917976
79.09999847,-1.532631874
79.20000458,-1.527815819
79.30000305,-1.530581474
79.40000153,-1.527148247
79.5,-1.528626442
79.59999847,-1.529460907
79.70000458,-1.530676842
79.80000305,-1.531392097
79.90000153,-1.529580116
80,-1.525240898
80.09999847,-1.529007912
80.20000458,-1.52590847
80.30000305,-1.525050163
80.40000153,-1.529007912
80.5,-1.525479317
80.59999847,-1.519423485
80.70000458,-1.515418053
80.80000305,-1.512795448
80.90000153,-1.518898964
81,-1.515275002
81.09999847,-1.514845848
81.20000458,-1.512831211
81.30000305,-1.511412621
81.40000153,-1.509791374
81.5,-1.513510704
81.59999847,-1.516133308
81.70000458,-1.514845848
81.80000305,-1.505738258
81.90000153,-1.512652397
82,-1.503592491
82.09999847,-1.511841774
82.20000458,-1.502877235
82.30000305,-1.504546165
82.40000153,-1.500159264
82.5,-1.502448082
82.59999847,-1.501494408
82.70000458,-1.501065254
82.80000305,-1.501863956
82.90000153,-1.505356789
83,-1.499539375
83.09999847,-1.494008064
83.20000458,-1.494627953
83.30000305,-1.496344566
83.40000153,-1.487761497
83.5,-1.502495766
83.59999847,-1.488238335
83.70000458,-1.49062252
83.80000305,-1.494818687
83.90000153,-1.487761497
84,-1.482707024
84.09999847,-1.487618446
84.20000458,-1.491480827
84.30000305,-1.483994484
84.40000153,-1.483803749
84.5,-1.484960079
84.59999847,-1.488810539
84.70000458,-1.483231544
84.80000305,-1.478892326
84.90000153,-1.483994484
85,-1.486760139
85.09999847,-1.480370522
85.20000458,-1.479750633
85.30000305,-1.473837852
85.40000153,-1.475363731
85.5,-1.480132103
85.59999847,-1.471405983
85.70000458,-1.475411415
85.80000305,-1.47097683
85.90000153,-1.471787453
86,-1.470619202
86.09999847,-1.467877388
86.20000458,-1.471835136
86.30000305,-1.466959476
86.40000153,-1.463252068
86.5,-1.464873314
86.59999847,-1.465874672
86.70000458,-1.470833778
86.80000305,-1.465540886
86.90000153,-1.468783379
87,-1.46482563
87.09999847,-1.460963249
87.20000458,-1.465636253
87.30000305,-1.456290245
87.40000153,-1.458769798
87.5,-1.462584496
87.59999847,-1.457053185
87.70000458,-1.452046394
87.80000305,-1.451998711
87.90000153,-1.452904701
88,-1.452260971
88.09999847,-1.450663567
88.20000458,-1.453476906
88.30000305,-1.458674431
88.40000153,-1.453333855
88.5,-1.448756218
88.59999847,-1.446896553
88.70000458,-1.452332497
88.80000305,-1.443749428
88.90000153,-1.446372032
89,-1.449233055
89.09999847,-1.447707176
89.20000458,-1.445036888
89.30000305,-1.440983772
89.40000153,-1.446276665
89.5,-1.434927464
89.59999847,-1.441889763
89.70000458,-1.44532299
89.80000305,-1.444846153
89.90000153,-1.443320274
90,-1.434736729
90.09999847,-1.445466042
90.20000458,-1.438170433
90.30000305,-1.439839363
90.40000153,-1.437645912
90.5,-1.434402943
90.59999847,-1.434927464
90.70000458,-1.435595036
90.80000305,-1.438742638
90.90000153,-1.430063725
91,-1.433020115
91.09999847,-1.429205418
91.20000458,-1.428585529
91.30000305,-1.428013325
91.40000153,-1.431875706
91.5,-1.428442478
91.59999847,-1.430969715
91.70000458,-1.424389362
91.80000305,-1.426630497
91.90000153,-1.430683613
92,-1.426582813
92.09999847,-1.419191837
92.20000458,-1.423292637
92.30000305,-1.426439762
92.40000153,-1.420956135
92.5,-1.411610126
92.59999847,-1.425533772
92.70000458,-1.412516117
92.80000305,-1.420574665
92.90000153,-1.423817158
93,-1.414137363
93.09999847,-1.412706852
93.20000458,-1.415710926
93.30000305,-1.410990238
93.40000153,-1.412325382
93.5,-1.409655094
93.59999847,-1.407223225
93.70000458,-1.412563801
93.80000305,-1.405697346
93.90000153,-1.407461643
94,-1.404457569
94.09999847,-1.402359486
94.20000458,-1.402311802
94.30000305,-1.407890797
94.40000153,-1.402407169
94.5,-1.407127857
94.59999847,-1.405935764
94.70000458,-1.400976658
94.80000305,-1.405172825
94.90000153,-1.398830891
95,-1.408176899
95.09999847,-1.406889439
95.20000458,-1.399689198
95.30000305,-1.399498463
95.40000153,-1.398234844
95.5,-1.397114277
95.59999847,-1.39663744
95.70000458,-1.390963078
95.80000305,-1.390438557
95.90000153,-1.384144306
96,-1.39921236
96.09999847,-1.393394947
96.20000458,-1.394539356
96.30000305,-1.390629292
96.40000153,-1.382761478
96.5,-1.383333683
96.59999847,-1.38637352
96.70000458,-1.389723301
96.80000305,-1.389675617
96.90000153,-1.386826515
97,-1.382761478
97.09999847,-1.385145664
97.20000458,-1.382618427
97.30000305,-1.381855488
97.40000153,-1.382475376
97.5,-1.380389214
97.59999847,-1.379137516
97.70000458,-1.378088474
97.80000305,-1.378350735
97.90000153,-1.377230167
98,-1.378946781
98.09999847,-1.37572813
98.20000458,-1.374083042
98.30000305,-1.372652531
98.40000153,-1.373653889
98.5,-1.373272419
98.59999847,-1.373498917
98.70000458,-1.373510838
98.80000305,-1.370944858
98.90000153,-1.369028568
99,-1.367741108
99.09999847,-1.370649815
99.20000458,-1.369040489
99.30000305,-1.367550373
99.40000153,-1.370220661
99.5,-1.360636234
99.59999847,-1.363544941
99.70000458,-1.372080326
99.80000305,-1.370268345
99.90000153,-1.367741108
100,-1.363878727
100.0999985,-1.364737034
100.2000046,-1.364963531
100.3000031,-1.36545229
100.4000015,-1.365786076
100.5,-1.360874653
100.5999985,-1.358728886
100.7000046,-1.355391026
100.8000031,-1.356821537
100.9000015,-1.358538151
101,-1.357203007
101.0999985,-1.359563351
101.2000046,-1.361637592
101.3000031,-1.360874653
101.4000015,-1.354246616
101.5,-1.349907398
101.5999985,-1.354389668
101.7000046,-1.347320557
101.8000031,-1.342659473
101.9000015,-1.342325687
102,-1.342325687
102.0999985,-1.345758915
102.2000046,-1.351004124
102.3000031,-1.348858356
102.4000015,-1.345139027
102.5,-1.346664906
102.5999985,-1.347809315
102.7000046,-1.346486092
102.8000031,-1.34556818
102.9000015,-1.345901966
103,-1.342850208
103.0999985,-1.332121372
103.2000046,-1.347809315
103.3000031,-1.335936069
103.4000015,-1.339035511
103.5,-1.335602283
103.5999985,-1.338606358
103.7000046,-1.337652683
103.8000031,-1.340704441
103.9000015,-1.33812952
104,-1.332121372
104.0999985,-1.32234621
104.2000046,-1.337557316
104.3000031,-1.331787586
104.4000015,-1.332598209
104.5,-1.327257633
104.5999985,-1.328211308
104.7000046,-1.326792717
104.8000031,-1.327403665
104.9000015,-1.327162266
105,-1.327448368
105.0999985,-1.322679996
105.2000046,-1.327686787
105.3000031,-1.324539661
105.4000015,-1.322393894
105.5,-1.323585987
105.5999985,-1.319628239
105.7000046,-1.325350285
105.8000031,-1.320438862
105.9000015,-1.315813541
106,-1.317911625
106.0999985,-1.315241337
106.2000046,-1.316922188
106.3000031,-1.316624165
106.4000015,-1.313742042
106.5,-1.310949326
106.5999985,-1.310472488
106.7000046,-1.315765858
106.8000031,-1.313906193
106.9000015,-1.315002918
107,-1.316528797
107.0999985,-1.313810825
107.2000046,-1.316290379
107.3000031,-1.313286304
107.4000015,-1.313477039
107.5,-1.314478397
107.5999985,-1.311068773
107.7000046,-1.309232712
107.8000031,-1.307086945
107.9000015,-1.307086945
108,-1.30818367
108.0999985,-1.306324005
108.2000046,-1.307849884
108.3000031,-1.306157112
108.4000015,-1.30317688
108.5,-1.307277679
108.5999985,-1.302223206
108.7000046,-1.299505234
108.8000031,-1.301984787
108.9000015,-1.304655075
109,-1.301555634
109.0999985,-1.295642853
109.2000046,-1.292352676
109.3000031,-1.295690536
109.4000015,-1.297502518
109.5,-1.297264099
109.5999985,-1.297848225
109.7000046,-1.298694611
109.8000031,-1.297931671
109.9000015,-1.292972565
110,-1.29368782
110.0999985,-1.298933029
110.2000046,-1.296930313
110.3000031,-1.293783188
110.4000015,-1.289873123
110.5,-1.287202835
110.5999985,-1.283149719
110.7000046,-1.287918091
110.8000031,-1.294021606
110.9000015,-1.294593811
111,-1.28777504
111.0999985,-1.282863617
111.2000046,-1.281862259
111.3000031,-1.286964417
111.4000015,-1.284151077
111.5,-1.286869049
111.5999985,-1.285438538
111.7000046,-1.282815933
111.8000031,-1.282029152
111.9000015,-1.280479431
112,-1.279382706
112.0999985,-1.276187897
112.2000046,-1.277141571
112.3000031,-1.285295486
112.4000015,-1.276807785
112.5,-1.281051636
112.5999985,-1.279335022
112.7000046,-1.28572464
112.8000031,-1.271467209
112.9000015,-1.276807785
113,-1.277189255
113.0999985,-1.27699852
113.2000046,-1.277153492
113.3000031,-1.276712418
113.4000015,-1.277713776
113.5,-1.270179749
113.5999985,-1.262979507
113.7000046,-1.270942688
113.8000031,-1.267175674
113.9000015,-1.268844604
114,-1.264219284
114.0999985,-1.266722679
114.2000046,-1.26750946
114.3000031,-1.266317368
114.4000015,-1.265602112
114.5,-1.266937256
114.5999985,-1.266746521
114.7000046,-1.266365051
114.8000031,-1.263921261
114.9000015,-1.262073517
115,-1.260499954
115.0999985,-1.264791489
115.2000046,-1.260881424
115.3000031,-1.264505386
115.4000015,-1.250581741
115.5,-1.262741089
115.5999985,-1.253681183
115.7000046,-1.260547638
115.8000031,-1.262407303
115.9000015,-1.251821518
116,-1.258401871
116.0999985,-1.255302429
116.2000046,-1.255874634
116.3000031,-1.255898476
116.4000015,-1.25570178
116.5,-1.255683899
116.5999985,-1.255350113
116.7000046,-1.259307861
116.8000031,-1.249818802
116.9000015,-1.253633499
117,-1.250104904
117.0999985,-1.249437332
117.2000046,-1.243000031
117.3000031,-1.247720718
117.4000015,-1.244812012
117.5,-1.247625351
117.5999985,-1.238613129
117.7000046,-1.24838829
117.8000031,-1.243333817
117.9000015,-1.239614487
118,-1.237850189
118.0999985,-1.240520477
118.2000046,-1.237182617
118.3000031,-1.241235733
118.4000015,-1.247243881
118.5,-1.239089966
118.5999985,-1.242237091
118.7000046,-1.242141724
118.8000031,-1.238660812
118.9000015,-1.239185333
119,-1.234703064
119.0999985,-1.225070953
119.2000046,-1.230316162
119.3000031,-1.239423752
119.4000015,-1.239328384
119.5,-1.235990524
119.5999985,-1.235084534
119.7000046,-1.235752106
119.8000031,-1.22964859
119.9000015,-1.240282059
120,-1.228790283
120.0999985,-1.225643158
120.2000046,-1.22335434
120.3000031,-1.227693558
120.4000015,-1.228122711
120.5,-1.218490601
120.5999985,-1.228551865
120.7000046,-1.219730377
120.8000031,-1.218919754
120.9000015,-1.217870712
121,-1.221220493
121.0999985,-1.222686768
121.2000046,-1.225404739
121.3000031,-1.223640442
121.4000015,-1.218919754
121.5,-1.228218079
121.5999985,-1.216249466
121.7000046,-1.220779419
121.8000031,-1.217823029
121.9000015,-1.214389801
122,-1.215200424
122.0999985,-1.217823029
122.2000046,-1.218156815
122.3000031,-1.218538284
122.4000015,-1.219015121
122.5,-1.219158173
122.5999985,-1.218240261
122.7000046,-1.219015121
122.8000031,-1.215772629
122.9000015,-1.210479736
123,-1.202659607
123.0999985,-1.204471588
123.2000046,-1.210813522
123.3000031,-1.209812164
123.4000015,-1.210086346
123.5,-1.211719513
123.5999985,-1.208000183
123.7000046,-1.212100983
123.8000031,-1.202278137
123.9000015,-1.210622787
124,-1.209383011
124.0999985,-1.204805374
124.2000046,-1.198654175
124.3000031,-1.200561523
124.4000015,-1.203637123
124.5,-1.207237244
124.5999985,-1.208095551
124.7000046,-1.203708649
124.8000031,-1.20256424
124.9000015,-1.197652817
125,-1.198272705
125.0999985,-1.203231812
125.2000046,-1.196460724
125.3000031,-1.201229095
125.4000015,-1.200704575
125.5,-1.198141575
125.5999985,-1.195220947
125.7000046,-1.195411682
125.8000031,-1.198368073
125.9000015,-1.198654175
126,-1.197986603
126.0999985,-1.198129654
126.2000046,-1.19679451
126.3000031,-1.195554733
126.4000015,-1.18935585
126.5,-1.192073822
126.5999985,-1.197414398
126.7000046,-1.183824062
126.8000031,-1.191644669
126.9000015,-1.193790436
127,-1.193742752
127.0999985,-1.189785004
127.2000046,-1.189928055
127.3000031,-1.183633327
127.4000015,-1.193885803
127.5,-1.184110165
127.5999985,-1.189212799
127.7000046,-1.181058407
127.8000031,-1.188402176
127.9000015,-1.183967113
128,-1.182155132
128.1000061,-1.184110165
128.1999969,-1.187639236
128.3000031,-1.188116074
128.4000092,-1.182965755
128.5,-1.187782288
128.6000061,-1.182631969
128.6999969,-1.177434444
128.8000031,-1.174335003
128.9000092,-1.185254574
129,-1.183490276
129.1000061,-1.178817272
129.1999969,-1.175908566
129.3000031,-1.184873104
129.4000092,-1.180533886
129.5,-1.176909924
129.6000061,-1.176433086
129.6999969,-1.175097942
129.8000031,-1.187591553
129.9000092,-1.180390835
130,-1.170901775
130.1000061,-1.174239635
130.1999969,-1.182965755
130.3000031,-1.179532528
130.4000092,-1.170377254
130.5,-1.180867672
130.6000061,-1.175050259
130.6999969,-1.170281887
130.8000031,-1.176242352
130.9000092,-1.164464474
131,-1.170901775
131.1000061,-1.166562557
131.1999969,-1.173715115
131.3000031,-1.160840511
131.4000092,-1.166705608
131.5,-1.164607525
131.6000061,-1.165370464
131.6999969,-1.164977074
131.8000031,-1.165036678
131.9000092,-1.164893627
132,-1.164023399
132.1000061,-1.161937237
132.1999969,-1.164226055
132.3000031,-1.170234203
132.4000092,-1.164845943
132.5,-1.158360958
132.6000061,-1.162223339
132.6999969,-1.156787395
132.8000031,-1.154260159
132.9000092,-1.160840511
133,-1.16274786
133.1000061,-1.165322781
133.1999969,-1.16249752
133.3000031,-1.160745144
133.4000092,-1.161174297
133.5,-1.161889553
133.6000061,-1.160792828
133.6999969,-1.160459042
133.8000031,-1.159648418
133.9000092,-1.154212475
134,-1.150159359
134.1000061,-1.144723415
134.1999969,-1.152495861
134.3000031,-1.146678448
134.4000092,-1.158074856
134.5,-1.152781963
134.6000061,-1.156739712
134.6999969,-1.145009518
134.8000031,-1.154355526
134.9000092,-1.150540829
135,-1.153163433
135.1000061,-1.149539471
135.1999969,-1.146916866
135.3000031,-1.153878689
135.4000092,-1.142148495
135.5,-1.146296978
135.6000061,-1.148061275
135.6999969,-1.14721489
135.8000031,-1.145581722
135.9000092,-1.148919582
136,-1.140813351
136.1000061,-1.145009518
136.1999969,-1.138000011
136.3000031,-1.14324522
136.4000092,-1.138572216
136.5,-1.14901495
136.6000061,-1.141004086
136.6999969,-1.142482281
136.8000031,-1.140622616
136.9000092,-1.145104885
137,-1.141671658
137.1000061,-1.135758877
137.1999969,-1.136664867
137.3000031,-1.13952589
137.4000092,-1.139096737
137.5,-1.137523174
137.6000061,-1.14233923
137.6999969,-1.135568142
137.8000031,-1.1324687
137.9000092,-1.132134914
138,-1.135425091
138.1000061,-1.141242504
138.1999969,-1.136664867
138.3000031,-1.128129482
138.4000092,-1.137475491
138.5,-1.134232998
138.6000061,-1.132659435
138.6999969,-1.132516384
138.8000031,-1.133183956
138.9000092,-1.131419659
139,-1.12655592
139.1000061,-1.131753445
139.1999969,-1.124457836
139.3000031,-1.12784338
139.4000092,-1.134232998
139.5,-1.132373333
139.6000061,-1.126985073
139.6999969,-1.136283398
139.8000031,-1.131228924
139.9000092,-1.117496014
140,-1.11449194
140.1000061,-1.123504162
140.1999969,-1.121310711
140.3000031,-1.125268459
140.4000092,-1.130227566
140.5,-1.130609035
140.6000061,-1.124791622
140.6999969,-1.11949873
140.8000031,-1.134614468
140.9000092,-1.127557278
141,-1.120166302
141.1000061,-1.127748013
141.1999969,-1.119260311
141.3000031,-1.110200405
141.4000092,-1.12655592
141.5,-1.117734432
141.6000061,-1.112679958
141.6999969,-1.124362469
141.8000031,-1.108912945
141.9000092,-1.119927883
142,-1.115159512
142.1000061,-1.122502804
142.1999969,-1.113729
142.3000031,-1.117162228
142.4000092,-1.121644497
142.5,-1.106528759
142.6000061,-1.111630917
142.6999969,-1.114634991
142.8000031,-1.110724926
142.9000092,-1.11539793
143,-1.119260311
143.1000061,-1.112489223
143.1999969,-1.109389782
143.3000031,-1.106767178
143.4000092,-1.112584591
143.5,-1.110057354
143.6000061,-1.107196331
143.6999969,-1.107387066
143.8000031,-1.110295773
143.9000092,-1.100615978
144,-1.115302563
144.1000061,-1.10462141
144.1999969,-1.100663662
144.3000031,-1.111249447
144.4000092,-1.098660946
144.5,-1.103286266
144.6000061,-1.10166502
144.6999969,-1.102904797
144.8000031,-1.101045132
144.9000092,-1.105622768
145,-1.099423885
145.1000061,-1.100520611
145.1999969,-1.097707272
145.3000031,-1.099328518
145.4000092,-1.096562862
145.5,-1.103477001
145.6000061,-1.095275402
145.6999969,-1.103286266
145.8000031,-1.093940258
145.9000092,-1.111487865
146,-1.10166502
146.1000061,-1.097516537
146.1999969,-1.104430676
146.3000031,-1.096610546
146.4000092,-1.093844891
146.5,-1.094262123
146.6000061,-1.093129635
146.6999969,-1.093463421
146.8000031,-1.092247486
146.9000092,-1.091126919
147,-1.09126997
147.1000061,-1.093773365
147.1999969,-1.095942974
147.3000031,-1.096753597
147.4000092,-1.096503258
147.5,-1.096992016
147.6000061,-1.096324444
147.6999969,-1.08960104
147.8000031,-1.085595608
147.9000092,-1.091305733
148,-1.093129635
148.1000061,-1.091040492
148.1999969,-1.089553356
148.3000031,-1.090173244
148.4000092,-1.086978436
148.5,-1.088361263
148.6000061,-1.087312222
148.6999969,-1.08998251
148.8000031,-1.083211422
148.9000092,-1.079825878
149,-1.083306789
149.1000061,-1.081685543
149.1999969,-1.083163738
149.3000031,-1.085929394
149.4000092,-1.083068371
149.5,-1.081304073
149.6000061,-1.081876278
149.6999969,-1.07791853
149.8000031,-1.078490734
149.9000092,-1.076988697
150,-1.074723721
150.1000061,-1.076821804
150.1999969,-1.076344967
150.3000031,-1.076559544
150.4000092,-1.07753706
150.5,-1.075534344
150.6000061,-1.073913097
150.6999969,-1.076344967
150.8000031,-1.074532986
150.9000092,-1.075963497
151,-1.073662758
151.1000061,-1.072291851
151.1999969,-1.071862698
151.3000031,-1.070360661
151.4000092,-1.069764614
151.5,-1.067523479
151.6000061,-1.071528912
151.6999969,-1.07548666
151.8000031,-1.071099758
151.9000092,-1.069764614
152,-1.072577953
152.1000061,-1.06714201
152.1999969,-1.070813656
152.3000031,-1.073197842
152.4000092,-1.060132027
152.5,-1.072101116
152.6000061,-1.059082985
152.6999969,-1.072625637
152.8000031,-1.063470364
152.9000092,-1.069859982
153,-1.062325478
153.1000061,-1.063613415
153.1999969,-1.068524837
153.3000031,-1.061133385
153.4000092,-1.074437618
153.5,-1.065234661
153.6000061,-1.057127953
153.6999969,-1.064471722
153.8000031,-1.062468529
153.9000092,-1.062182426
154,-1.063756466
154.1000061,-1.062087059
154.1999969,-1.056746483
154.3000031,-1.064424038
154.4000092,-1.057843208
154.5,-1.064185619
154.6000061,-1.058129311
154.6999969,-1.053074837
154.8000031,-1.061038017
154.9000092,-1.057795525
155,-1.054123878
155.1000061,-1.052693367
155.1999969,-1.053694725
155.3000031,-1.054171562
155.4000092,-1.053790092
155.5,-1.056221962
155.6000061,-1.058129311
155.6999969,-1.051930428
155.8000031,-1.054219246
155.9000092,-1.05684185
156,-1.055220604
156.1000061,-1.051930428
156.1999969,-1.050309181
156.3000031,-1.047162056
156.4000092,-1.050738335
156.5,-1.049975395
156.6000061,-1.049546242
156.6999969,-1.047829628
156.8000031,-1.04811573
156.9000092,-1.048783302
157,-1.049498558
157.1000061,-1.050404549
157.1999969,-1.050690651
157.3000031,-1.050237656
157.4000092,-1.050499916
157.5,-1.049355507
157.6000061,-1.046339512
157.6999969,-1.045588493
157.8000031,-1.039914131
157.9000092,-1.05092907
158,-1.044348717
158.1000061,-1.049307823
158.1999969,-1.044253349
158.3000031,-1.04887867
158.4000092,-1.042441368
158.5,-1.044014931
158.6000061,-1.041678429
158.6999969,-1.043049335
158.8000031,-1.043251991
158.9000092,-1.042188048
159,-1.041296959
159.1000061,-1.041153908
159.1999969,-1.03772068
159.3000031,-1.038531303
159.4000092,-1.036957741
159.5,-1.038960457
159.6000061,-1.034096718
159.6999969,-1.044348717
159.8000031,-1.034668922
159.9000092,-1.029328346
160,-1.034430504
160.1000061,-1.038578987
160.1999969,-1.046875954
160.3000031,-1.042679787
160.4000092,-1.035098076
160.5,-1.039723396
160.6000061,-1.037959099
160.6999969,-1.037148476
160.8000031,-1.03605175
160.9000092,-1.035717964
161,-1.03309536
161.1000061,-1.037768364
161.1999969,-1.028565407
161.3000031,-1.033572197
161.4000092,-1.031140327
161.5,-1.032666206
161.6000061,-1.031331062
161.6999969,-1.028565407
161.8000031,-1.033762932
161.9000092,-1.031378746
162,-1.025036812
162.1000061,-1.036671638
162.1999969,-1.023463249
162.3000031,-1.028756142
162.4000092,-1.028040886
162.5,-1.026646137
162.6000061,-1.025418282
162.6999969,-1.02436924
162.8000031,-1.028183937
162.9000092,-1.029519081
163,-1.021460533
163.1000061,-1.020983696
163.1999969,-1.029232979
163.3000031,-1.028040886
163.4000092,-1.021269798
163.5,-1.024512291
163.6000061,-1.022128105
163.6999969,-1.021222115
163.8000031,-1.021508217
163.9000092,-1.02231884
164,-1.016310692
164.1000061,-1.018265724
164.1999969,-1.020363808
164.3000031,-1.020697594
164.4000092,-1.024178505
164.5,-1.028326988
164.6000061,-1.01154232
164.6999969,-1.024846077
164.8000031,-1.01731205
164.9000092,-1.020220757
165,-1.018647194
165.1000061,-1.01936245
165.1999969,-1.019076347
165.3000031,-1.019505501
165.4000092,-1.012019157
165.5,-1.017073631
165.6000061,-1.01321125
165.6999969,-1.008347511
165.8000031,-1.018551826
165.9000092,-1.014832497
166,-1.011733055
166.1000061,-1.016692162
166.1999969,-1.02026844
166.3000031,-1.015309334
166.4000092,-1.018408775
166.5,-1.008728981
166.6000061,-1.012352943
166.6999969,-1.011315823
166.8000031,-1.011590004
166.9000092,-1.012591362
167,-1.015547752
167.1000061,-1.013449669
167.1999969,-1.007489204
167.3000031,-1.015786171
167.4000092,-1.012925148
167.5,-1.016406059
167.6000061,-1.003865242
167.6999969,-1.01321125
167.8000031,-1.006964684
167.9000092,-1.006011009
168,-0.998429298
168.1000061,-1.009444237
168.1999969,-0.99985981
168.3000031,-1.005486488
168.4000092,-1.01063633
168.5,-1.001099586
168.6000061,-0.999192238
168.6999969,-1.003293037
168.8000031,-1.006726265
168.9000092,-1.008299828
169,-0.998238564
169.1000061,-0.995234489
169.1999969,-1.011256218
169.3000031,-1.012925148
169.4000092,-1.008550167
169.5,-1.005152702
169.6000061,-1.0048666
169.6999969,-0.997714043
169.8000031,-1.005820274
169.9000092,-0.998000145
170,-0.999239922
170.1000061,-1.001719475
170.1999969,-1.001004219
170.3000031,-1.001814842
170.4000092,-1.000038624
170.5,-0.997475624
170.6000061,-0.99985981
170.6999969,-0.997141838
170.8000031,-0.994805336
170.9000092,-0.995186806
171,-0.996903419
171.1000061,-0.994137764
171.1999969,-0.992373466
171.3000031,-0.995902061
171.4000092,-0.997046471
171.5,-0.994519234
171.6000061,-0.991801262
171.6999969,-1.000479698
171.8000031,-0.993517876
171.9000092,-0.988320351
172,-0.992182732
172.1000061,-0.998000145
172.1999969,-0.993231773
172.3000031,-0.988511086
172.4000092,-0.988463402
172.5,-0.993041039
172.6000061,-0.987938881
172.6999969,-0.994280815
172.8000031,-0.987652779
172.9000092,-0.991896629
173,-0.986937523
173.1000061,-0.990346909
173.1999969,-0.991229057
173.3000031,-0.991324425
173.4000092,-0.990036964
173.5,-0.985650063
173.6000061,-0.991467476
173.6999969,-0.98536396
173.8000031,-0.986746788
173.9000092,-0.989989281
174,-0.982121468
174.1000061,-0.987843513
174.1999969,-0.977448463
174.3000031,-0.985888481
174.4000092,-0.975493431
174.5,-0.981549263
174.6000061,-0.976399422
174.6999969,-0.980404854
174.8000031,-0.988034248
174.9000092,-0.977448463
175,-0.983551979
175.1000061,-0.983790398
175.1999969,-0.983790398
175.3000031,-0.978878975
175.4000092,-0.97329998
175.5,-0.97701931
175.6000061,-0.973490715
175.6999969,-0.973836422
175.8000031,-0.973347664
175.9000092,-0.976557374
176,-0.980500221
176.1000061,-0.978545189
176.1999969,-0.980881691
176.3000031,-0.974015236
176.4000092,-0.971011162
176.5,-0.98278904
176.6000061,-0.980452538
176.6999969,-0.972870827
176.8000031,-0.967864037
176.9000092,-0.970009804
177,-0.963572502
177.1000061,-0.976399422
177.1999969,-0.968388557
177.3000031,-0.970868111
177.4000092,-0.971392632
177.5,-0.972870827
177.6000061,-0.972489357
177.6999969,-0.972060204
177.8000031,-0.970295906
177.9000092,-0.972584724
178,-0.966719627
178.1000061,-0.967720985
178.1999969,-0.967816353
178.3000031,-0.972870827
178.4000092,-0.967244148
178.5,-0.96085453
178.6000061,-0.974635124
178.6999969,-0.968913078
178.8000031,-0.974444389
178.9000092,-0.965432167
179,-0.963572502
179.1000061,-0.965432167
179.1999969,-0.962654591
179.3000031,-0.960043907
179.4000092,-0.961569786
179.5,-0.960282326
179.6000061,-0.960139275
179.6999969,-0.960759163
179.8000031,-0.959662437
179.9000092,-0.958422661
180,-0.959328651
180.1000061,-0.96457386
180.1999969,-0.956753731
180.3000031,-0.96624279
180.4000092,-0.956372261
180.5,-0.962666512
180.6000061,-0.957230568
180.6999969,-0.959280968
180.8000031,-0.952414513
180.9000092,-0.957612038
181,-0.963238716
181.1000061,-0.967291832
181.1999969,-0.95584774
181.3000031,-0.959328651
181.4000092,-0.956217289
181.5,-0.956276894
181.6000061,-0.953415871
181.6999969,-0.954321861
181.8000031,-0.958756447
181.9000092,-0.955370903
182,-0.964669228
182.1000061,-0.941685677
182.1999969,-0.953749657
182.3000031,-0.950268745
182.4000092,-0.952414513
182.5,-0.957325935
182.6000061,-0.954321861
182.6999969,-0.947646141
182.8000031,-0.950411797
182.9000092,-0.943640709
183,-0.946930885
183.1000061,-0.949267387
183.1999969,-0.94917202
183.3000031,-0.955609322
183.4000092,-0.94750309
183.5,-0.953463554
183.6000061,-0.94788456
183.6999969,-0.952843666
183.8000031,-0.937632561
183.9000092,-0.954607964
184,-0.94917202
184.1000061,-0.94340229
184.1999969,-0.943259239
184.3000031,-0.947407722
184.4000092,-0.94712162
184.5,-0.944451332
184.6000061,-0.946644783
184.6999969,-0.942543983
184.8000031,-0.948695183
184.9000092,-0.943163872
185,-0.944022179
185.1000061,-0.942877769
185.1999969,-0.942305565
185.3000031,-0.942019463
185.4000092,-0.946644783
185.5,-0.94545269
185.6000061,-0.947264671
185.6999969,-0.941113472
185.8000031,-0.938252449
185.9000092,-0.940886974
186,-0.941494942
186.1000061,-0.942687035
186.1999969,-0.941161156
186.3000031,-0.940207481
186.4000092,-0.936583042
186.5,-0.944928169
186.6000061,-0.940207481
186.6999969,-0.932243824
186.8000031,-0.933674335
186.9000092,-0.943068504
187,-0.936773777
187.1000061,-0.94082737
187.1999969,-0.937584877
187.3000031,-0.928619862
187.4000092,-0.930002689
187.5,-0.935343266
187.6000061,-0.938920021
187.6999969,-0.939206123
187.8000031,-0.937250614
187.9000092,-0.934484959
188,-0.934103489
188.1000061,-0.935677052
188.1999969,-0.935867786
188.3000031,-0.930956364
188.4000092,-0.933626652
188.5,-0.927237034
188.6000061,-0.930765629
188.6999969,-0.929049015
188.8000031,-0.931910038
188.9000092,-0.929144382
189,-0.927999973
189.1000061,-0.930312634
189.1999969,-0.931910038
189.3000031,-0.93219614
189.4000092,-0.929096699
189.5,-0.933960438
189.6000061,-0.924662113
189.6999969,-0.932529926
189.8000031,-0.928286076
189.9000092,-0.920847416
190,-0.922420979
190.1000061,-0.922707081
190.1999969,-0.929955006
190.3000031,-0.92256403
190.4000092,-0.929287434
190.5,-0.921562672
190.6000061,-0.914171696
190.6999969,-0.925806522
190.8000031,-0.919893742
190.9000092,-0.929668903
191,-0.913408756
191.1000061,-0.928095341
191.1999969,-0.927761555
191.3000031,-0.932672977
191.4000092,-0.924089909
191.5,-0.92795229
191.6000061,-0.925806522
191.6999969,-0.923517704
191.8000031,-0.922087193
191.9000092,-0.920608997
192,-0.921991825
192.1000061,-0.922611713
192.1999969,-0.925472736
192.3000031,-0.922373295
192.4000092,-0.916698933
192.5,-0.921228886
192.6000061,-0.924376011
192.6999969,-0.920871258
192.8000031,-0.917938709
192.9000092,-0.919941425
193,-0.909927845
193.1000061,-0.921514988
193.1999969,-0.910356998
193.3000031,-0.918510914
193.4000092,-0.909689426
193.5,-0.91975069
193.6000061,-0.918987751
193.6999969,-0.915983677
193.8000031,-0.911978245
193.9000092,-0.915268421
194,-0.911835194
194.1000061,-0.919559956
194.1999969,-0.907972813
194.3000031,-0.912264347
194.4000092,-0.914124012
194.5,-0.914553165
194.6000061,-0.910881519
194.6999969,-0.913742542
194.8000031,-0.909260273
194.9000092,-0.90473032
195,-0.914648533
195.1000061,-0.911262989
195.1999969,-0.917080402
195.3000031,-0.914362431
195.4000092,-0.918224812
195.5,-0.916651249
195.6000061,-0.905350208
195.6999969,-0.903585911
195.8000031,-0.907305241
195.9000092,-0.906208515
196,-0.905064106
196.1000061,-0.902250767
196.1999969,-0.904491901
196.3000031,-0.905397892
196.4000092,-0.906435013
196.5,-0.907543659
196.6000061,-0.908306599
196.6999969,-0.906208515
196.8000031,-0.895193577
196.9000092,-0.90434885
197,-0.911167622
197.1000061,-0.904396534
197.1999969,-0.904587269
197.3000031,-0.90267992
197.4000092,-0.908115864
197.5,-0.8939538
197.6000061,-0.905302525
197.6999969,-0.901869297
197.8000031,-0.900391102
197.9000092,-0.90139246
198,-0.903872013
198.1000061,-0.90973711
198.1999969,-0.901726246
198.3000031,-0.894382954
198.4000092,-0.894859791
198.5,-0.899151325
198.6000061,-0.907639027
198.6999969,-0.906160831
198.8000031,-0.903252125
198.9000092,-0.903967381
199,-0.892189503
199.1000061,-0.899199009
199.1999969,-0.894001484
199.3000031,-0.906303883
199.4000092,-0.897911549
199.5,-0.896481037
199.6000061,-0.886944294
199.6999969,-0.898340702
199.8000031,-0.888041019
199.9000092,-0.895813465
200,-0.894907475
200.1000061,-0.896481037
200.1999969,-0.892332554
200.3000031,-0.895336628
200.4000092,-0.889090061
200.5,-0.885323048
200.6000061,-0.892904758
200.6999969,-0.89137888
200.8000031,-0.893620014
200.9000092,-0.888517857
201,-0.885132313
201.1000061,-0.899294376
201.1999969,-0.88227129
201.3000031,-0.889423847
201.4000092,-0.8919034
201.5,-0.892570972
201.6000061,-0.892427921
201.6999969,-0.885323048
201.8000031,-0.886944294
201.9000092,-0.892570972
202,-0.894144535
202.1000061,-0.890139103
202.1999969,-0.886991978
202.3000031,-0.886848927
202.4000092,-0.885370731
202.5,-0.886217117
202.6000061,-0.886753559
202.6999969,-0.885895252
202.8000031,-0.884178638
202.9000092,-0.883701801
203,-0.883081913
203.1000061,-0.881651402
203.1999969,-0.886467457
203.3000031,-0.884035587
203.4000092,-0.886705875
203.5,-0.879744053
203.6000061,-0.877836704
203.6999969,-0.885561466
203.8000031,-0.881174564
203.9000092,-0.883415699
204,-0.87855196
204.1000061,-0.881603718
204.1999969,-0.885036945
204.3000031,-0.883034229
204.4000092,-0.877407551
204.5,-0.883224964
204.6000061,-0.877502918
204.6999969,-0.881079197
204.8000031,-0.877026081
204.9000092,-0.882175922
205,-0.88599062
205.1000061,-0.884607792
205.1999969,-0.882080555
205.3000031,-0.880125523
205.4000092,-0.877598286
205.5,-0.878838062
205.6000061,-0.871208668
205.6999969,-0.873116016
205.8000031,-0.882080555
205.9000092,-0.872972965
206,-0.879648685
206.1000061,-0.871065617
206.1999969,-0.877073765
206.3000031,-0.86944437
206.4000092,-0.879934788
206.5,-0.87650156
206.6000061,-0.878790379
206.6999969,-0.872496128
206.8000031,-0.875786304
206.9000092,-0.874880314
207,-0.871971607
207.1000061,-0.872925282
207.1999969,-0.876596928
207.3000031,-0.866535664
207.4000092,-0.881317616
207.5,-0.87559557
207.6000061,-0.872353077
207.6999969,-0.87225771
207.8000031,-0.876358509
207.9000092,-0.865152836
208,-0.881174564
208.1000061,-0.870350361
208.1999969,-0.877979755
208.3000031,-0.871065617
208.4000092,-0.88022089
208.5,-0.87392664
208.6000061,-0.871685505
208.6999969,-0.866774082
208.8000031,-0.876692295
208.9000092,-0.86481905
209,-0.869301319
209.1000061,-0.870684147
209.1999969,-0.866821766
209.3000031,-0.868919849
209.4000092,-0.867191315
209.5,-0.86686945
209.6000061,-0.866154194
209.6999969,-0.866499901
209.8000031,-0.86686945
209.9000092,-0.86610651
210,-0.865248203
210.1000061,-0.865248203
210.1999969,-0.865152836
210.3000031,-0.864914417
210.4000092,-0.862244129
210.5,-0.867203236
210.6000061,-0.856712818
210.6999969,-0.861624241
210.8000031,-0.861290455
210.9000092,-0.862053394
211,-0.86944437
211.1000061,-0.860908985
211.1999969,-0.866154194
211.3000031,-0.866154194
211.4000092,-0.866058826
211.5,-0.865295887
211.6000061,-0.858763218
211.6999969,-0.858763218
211.8000031,-0.86109972
211.9000092,-0.860146046
212,-0.852087498
212.1000061,-0.85904932
212.1999969,-0.866726398
212.3000031,-0.857618809
212.4000092,-0.857809544
212.5,-0.855854511
212.6000061,-0.852516651
212.6999969,-0.855473042
212.8000031,-0.857428074
212.9000092,-0.861147404
213,-0.854233265
213.1000061,-0.86353159
213.1999969,-0.858047962
213.3000031,-0.85480547
213.4000092,-0.856331348
213.5,-0.854948521
213.6000061,-0.856712818
213.6999969,-0.856379032
213.8000031,-0.850800037
213.9000092,-0.860002995
214,-0.840834141
214.1000061,-0.844648838
214.1999969,-0.853422642
214.3000031,-0.853279591
214.4000092,-0.85070467
214.5,-0.85571146
214.6000061,-0.847843647
214.6999969,-0.852707386
214.8000031,-0.849703312
214.9000092,-0.849750996
215,-0.853899479
215.1000061,-0.853899479
215.1999969,-0.851622581
215.3000031,-0.85199213
215.4000092,-0.851661325
215.5,-0.851944447
215.6000061,-0.85108614
215.6999969,-0.842979908
215.8000031,-0.854233265
215.9000092,-0.847033024
216,-0.847557545
216.1000061,-0.843885899
216.1999969,-0.849846363
216.3000031,-0.842216969
216.4000092,-0.845936298
216.5,-0.847414494
216.6000061,-0.841692448
216.6999969,-0.836065769
216.8000031,-0.850418568
216.9000092,-0.845459461
217,-0.845650196
217.1000061,-0.839355946
217.1999969,-0.837496281
217.3000031,-0.840738773
217.4000092,-0.843361378
217.5,-0.841644764
217.6000061,-0.844267368
217.6999969,-0.83902216
217.8000031,-0.831392765
217.9000092,-0.840548038
218,-0.842455387
218.1000061,-0.84236002
218.1999969,-0.842324257
218.3000031,-0.84069109
218.4000092,-0.843790531
218.5,-0.839880466
218.6000061,-0.839260578
218.6999969,-0.840786457
218.8000031,-0.839117527
218.9000092,-0.843075275
219,-0.839069843
219.1000061,-0.833157063
219.1999969,-0.839212894
219.3000031,-0.846842289
219.4000092,-0.838926792
219.5,-0.834873676
219.6000061,-0.836781025
219.6999969,-0.827578068
219.8000031,-0.840166569
219.9000092,-0.830439091
220,-0.828913212
220.1000061,-0.828102589
220.1999969,-0.830987453
220.3000031,-0.833490849
220.4000092,-0.833443165
220.5,-0.837496281
220.6000061,-0.835016727
220.6999969,-0.833920002
220.8000031,-0.8315835
220.9000092,-0.8315835
221,-0.831678867
221.1000061,-0.831011295
221.1999969,-0.832537174
221.3000031,-0.82862711
221.4000092,-0.831249714
221.5,-0.828197956
221.6000061,-0.827959538
221.6999969,-0.830725193
221.8000031,-0.830629826
221.9000092,-0.822332859
222,-0.833014011
222.1000061,-0.824287891
222.1999969,-0.82414484
222.3000031,-0.824860096
222.4000092,-0.823191166
222.5,-0.829294682
222.6000061,-0.825479984
222.6999969,-0.819424152
222.8000031,-0.831440449
222.9000092,-0.825956821
223,-0.815990925
223.1000061,-0.826815128
223.1999969,-0.822380543
223.3000031,-0.825336933
223.4000092,-0.817278385
223.5,-0.821474552
223.6000061,-0.829962254
223.6999969,-0.822285175
223.8000031,-0.824812412
223.9000092,-0.822809696
224,-0.823381901
224.1000061,-0.812128067
224.1999969,-0.825432301
224.3000031,-0.817135334
224.4000092,-0.821760654
224.5,-0.82118845
224.6000061,-0.820854664
224.6999969,-0.820091724
224.8000031,-0.818851948
224.9000092,-0.819948673
225,-0.821045399
225.1000061,-0.810316086
225.1999969,-0.816801548
225.3000031,-0.823048115
225.4000092,-0.81875658
225.5,-0.813654423
225.6000061,-0.821331501
225.6999969,-0.818470478
225.8000031,-0.816121936
225.9000092,-0.811603546
226,-0.813082218
226.1000061,-0.809314728
226.1999969,-0.817421436
226.3000031,-0.807836533
226.4000092,-0.814274311
226.5,-0.811746597
226.6000061,-0.807168961
226.6999969,-0.815514088
226.8000031,-0.808361053
226.9000092,-0.807836533
227,-0.813797474
227.1000061,-0.807502747
227.1999969,-0.811174393
227.3000031,-0.808074951
227.4000092,-0.809886932
227.5,-0.806835175
227.6000061,-0.807598114
227.6999969,-0.809648514
227.8000031,-0.815037251
227.9000092,-0.809505463
228,-0.81165123
228.1000061,-0.816229343
228.1999969,-0.808265686
228.3000031,-0.813225269
228.4000092,-0.813225269
228.5,-0.808623552
228.6000061,-0.803020477
228.6999969,-0.805023193
228.8000031,-0.80330658
228.9000092,-0.804355621
229,-0.801065445
229.1000061,-0.807693481
229.1999969,-0.812080383
229.3000031,-0.80125618
229.4000092,-0.810983658
229.5,-0.801446915
229.6000061,-0.801113129
229.6999969,-0.801423073
229.8000031,-0.802305222
229.9000092,-0.800827026
230,-0.80254364
230.1000061,-0.796487808
230.1999969,-0.808551788
230.3000031,-0.800922394
230.4000092,-0.794723511
230.5,-0.794055939
230.6000061,-0.79766798
230.6999969,-0.802495956
230.8000031,-0.799396515
230.9000092,-0.795772552
231,-0.803163528
231.1000061,-0.791576385
231.1999969,-0.798728943
231.3000031,-0.793483734
231.4000092,-0.798538208
231.5,-0.80421257
231.6000061,-0.790002823
231.6999969,-0.801113129
231.8000031,-0.798871994
231.9000092,-0.798871994
232,-0.798442841
232.1000061,-0.798395157
232.1999969,-0.797632217
232.3000031,-0.791385651
232.4000092,-0.800254822
232.5,-0.791481018
232.6000061,-0.802257538
232.6999969,-0.796344757
232.8000031,-0.795152664
232.9000092,-0.792434692
233,-0.794342041
233.1000061,-0.791624069
233.1999969,-0.791862488
233.3000031,-0.791099548
233.4000092,-0.786664963
233.5,-0.793912888
233.6000061,-0.789335251
233.6999969,-0.791099548
233.8000031,-0.790002823
233.9000092,-0.786617279
234,-0.792387009
234.1000061,-0.798728943
234.1999969,-0.785329819
234.3000031,-0.794485092
234.4000092,-0.795343399
234.5,-0.790193558
234.6000061,-0.779893875
234.6999969,-0.780513763
234.8000031,-0.782897949
234.9000092,-0.787809372
235,-0.787809372
235.1000061,-0.78727293
235.1999969,-0.787901759
235.3000031,-0.788286209
235.4000092,-0.788238525
235.5,-0.787535191
235.6000061,-0.788619995
235.6999969,-0.784996033
235.8000031,-0.787284851
235.9000092,-0.785425186
236,-0.788572311
236.1000061,-0.79009819
236.1999969,-0.790384293
236.3000031,-0.786521912
236.4000092,-0.780847549
236.5,-0.779512405
236.6000061,-0.779846191
236.6999969,-0.780656815
236.8000031,-0.779226303
236.9000092,-0.778224945
237,-0.781085968
237.1000061,-0.783946991
237.1999969,-0.785139084
237.3000031,-0.784340382
237.4000092,-0.782087326
237.5,-0.786188126
237.6000061,-0.77879715
237.6999969,-0.780323029
237.8000031,-0.775030136
237.9000092,-0.779560089
238,-0.774744034
238.1000061,-0.783136368
238.1999969,-0.776603699
238.3000031,-0.77507782
238.4000092,-0.781085968
238.5,-0.776174545
238.6000061,-0.781991959
238.6999969,-0.775173187
238.8000031,-0.76930809
238.9000092,-0.783136368
239,-0.778129578
239.1000061,-0.781801224
239.1999969,-0.781562805
239.3000031,-0.781944275
239.4000092,-0.777223587
239.5,-0.784566879
239.6000061,-0.768211365
239.6999969,-0.772216797
239.8000031,-0.768068314
239.9000092,-0.779893875
240,-0.781038284
240.1000061,-0.778987885
240.1999969,-0.776985168
240.3000031,-0.775793076
240.4000092,-0.776913643
240.5,-0.776937485
240.6000061,-0.777938843
240.6999969,-0.772216797
240.8000031,-0.76802063
240.9000092,-0.769451141
241,-0.770643234
241.1000061,-0.777843475
241.1999969,-0.779798508
241.3000031,-0.777104378
241.4000092,-0.776460648
241.5,-0.77431488
241.6000061,-0.772932053
241.6999969,-0.764062881
241.8000031,-0.775030136
241.9000092,-0.767162323
242,-0.771120071
242.1000061,-0.769784927
242.1999969,-0.768962383
242.3000031,-0.770118713
242.4000092,-0.764825821
242.5,-0.766494751
242.6000061,-0.765254974
242.6999969,-0.764921188
242.8000031,-0.766673565
242.9000092,-0.768878937
243,-0.76763916
243.1000061,-0.770357132
243.1999969,-0.75853157
243.3000031,-0.772550583
243.4000092,-0.763299942
243.5,-0.766208649
243.6000061,-0.762203217
243.6999969,-0.763586044
243.8000031,-0.763252258
243.9000092,-0.764873505
244,-0.761440277
244.1000061,-0.766971588
244.1999969,-0.761201859
244.3000031,-0.759866714
244.4000092,-0.762823105
244.5,-0.766971588
244.6000061,-0.763252258
244.6999969,-0.764110565
244.8000031,-0.756099701
244.9000092,-0.761011124
245,-0.756767273
245.1000061,-0.770786285
245.1999969,-0.763156891
245.3000031,-0.760057449
245.4000092,-0.760152817
245.5,-0.760438919
245.6000061,-0.759199142
245.6999969,-0.762346268
245.8000031,-0.75967598
245.9000092,-0.762680054
246,-0.753763199
246.1000061,-0.755002975
246.1999969,-0.761011124
246.3000031,-0.753000259
246.4000092,-0.76930809
246.5,-0.758626938
246.6000061,-0.761392593
246.6999969,-0.7622509
246.8000031,-0.762537003
246.9000092,-0.762417793
247,-0.75967598
247.1000061,-0.765207291
247.1999969,-0.756290436
247.3000031,-0.763776779
247.4000092,-0.749090195
247.5,-0.758388519
247.6000061,-0.760772705
247.6999969,-0.756004333
247.8000031,-0.759866714
247.9000092,-0.750520706
248,-0.753190994
248.1000061,-0.749662399
248.1999969,-0.750997543
248.3000031,-0.749614716
248.4000092,-0.754144669
248.5,-0.753334045
248.6000061,-0.750282288
248.6999969,-0.746515274
248.8000031,-0.754716873
248.9000092,-0.757005692
249,-0.748756409
249.1000061,-0.745895386
249.1999969,-0.75185585
249.3000031,-0.754621506
249.4000092,-0.750711441
249.5,-0.749423981
249.6000061,-0.749137878
249.6999969,-0.745323181
249.8000031,-0.749328613
249.9000092,-0.742700577
250,-0.748994827
250.1000061,-0.747945786
250.1999969,-0.749710083
250.3000031,-0.746753693
250.4000092,-0.746181488
250.5,-0.741985321
250.6000061,-0.752285004
250.6999969,-0.745847702
250.8000031,-0.742319107
250.9000092,-0.741746902
251,-0.742927074
251.1000061,-0.744417191
251.1999969,-0.743225098
251.3000031,-0.745323181
251.4000092,-0.74518013
251.5,-0.746706009
251.6000061,-0.751379013
251.6999969,-0.747802734
251.8000031,-0.747325897
251.9000092,-0.745800018
252,-0.746086121
252.1000061,-0.740936279
252.1999969,-0.745752335
252.3000031,-0.741889954
252.4000092,-0.743844986
252.5,-0.745800018
252.6000061,-0.740030289
252.6999969,-0.750663757
252.8000031,-0.739744186
252.9000092,-0.740411758
253,-0.740364075
253.1000061,-0.745752335
253.1999969,-0.741127014
253.3000031,-0.745418549
253.4000092,-0.745323181
253.5,-0.742402554
253.6000061,-0.740602493
253.6999969,-0.738265991
253.8000031,-0.74107933
253.9000092,-0.742843628
254,-0.737169266
254.1000061,-0.742176056
254.1999969,-0.739887238
254.3000031,-0.739934921
254.4000092,-0.736084461
254.5,-0.733163834
254.6000061,-0.731351852
254.6999969,-0.736215591
254.8000031,-0.734546661
254.9000092,-0.735130787
255,-0.736549377
255.1000061,-0.733211517
255.1999969,-0.740793228
255.3000031,-0.743558884
255.4000092,-0.737789154
255.5,-0.736120224
255.6000061,-0.734117508
255.6999969,-0.737312317
255.8000031,-0.733402252
255.9000092,-0.741603851
256,-0.736167908
256.1000061,-0.731113434
256.2000122,-0.739362717
256.3000183,-0.737264633
256.3999939,-0.727966309
256.5,-0.74017334
256.6000061,-0.734642029
256.7000122,-0.732019424
256.8000183,-0.73222208
256.8999939,-0.73015976
257,-0.732067108
257.1000061,-0.732377052
257.2000122,-0.733640671
257.3000183,-0.733640671
257.3999939,-0.726726532
257.5,-0.738790512
257.6000061,-0.723960876
257.7000122,-0.730731964
257.8000183,-0.732257843
257.8999939,-0.733163834
258,-0.733163834
258.1000061,-0.732257843
258.2000122,-0.738838196
258.3000183,-0.729921341
258.3999939,-0.724723816
258.5,-0.738838196
258.6000061,-0.728395462
258.7000122,-0.723245621
258.8000183,-0.730636597
258.8999939,-0.730398178
259,-0.728395462
259.1000061,-0.733926773
259.2000122,-0.722053528
259.3000183,-0.725248337
259.3999939,-0.727954388
259.5,-0.731924057
259.6000061,-0.732591629
259.7000122,-0.73068428
259.8000183,-0.727251053
259.8999939,-0.729539871
260,-0.727310658
260.1000061,-0.726106644
260.2000122,-0.726345062
260.3000183,-0.719669342
260.3999939,-0.735738754
260.5,-0.72233963
260.6000061,-0.734212875
260.7000122,-0.718954086
260.8000183,-0.718858719
260.8999939,-0.726821899
261,-0.721338272
261.1000061,-0.727632523
261.2000122,-0.724437714
261.3000183,-0.720909119
261.3999939,-0.721815109
261.5,-0.71399498
261.6000061,-0.729730606
261.7000122,-0.719860077
261.8000183,-0.725486755
261.8999939,-0.725772858
262,-0.726345062
262.1000061,-0.728586197
262.2000122,-0.724533081
262.3000183,-0.721195221
262.3999939,-0.724342346
262.5,-0.732639313
262.6000061,-0.718572617
262.7000122,-0.730636597
262.8000183,-0.722768784
262.8999939,-0.717046738
263,-0.711372375
263.1000061,-0.716856003
263.2000122,-0.716426849
263.3000183,-0.717010975
263.3999939,-0.717475891
263.5,-0.717285156
263.6000061,-0.718763351
263.7000122,-0.718000412
263.8000183,-0.713375092
263.8999939,-0.719526291
264,-0.723436356
264.1000061,-0.720062733
264.2000122,-0.717761993
264.3000183,-0.719526291
264.3999939,-0.718858719
264.5,-0.72310257
264.6000061,-0.714996338
264.7000122,-0.719478607
264.8000183,-0.715187073
264.8999939,-0.712945938
265,-0.722911835
265.1000061,-0.716093063
265.2000122,-0.711277008
265.3000183,-0.720718384
265.3999939,-0.715616226
265.5,-0.719192505
265.6000061,-0.718000412
265.7000122,-0.714424133
265.8000183,-0.710418701
265.8999939,-0.724103928
266,-0.709989548
266.1000061,-0.72143364
266.2000122,-0.711038589
266.3000183,-0.716426849
266.3999939,-0.713708878
266.5,-0.716522217
266.6000061,-0.713041306
266.7000122,-0.716093063
266.8000183,-0.709178925
266.8999939,-0.714138031
267,-0.708082199
267.1000061,-0.715330124
267.2000122,-0.713136673
267.3000183,-0.709226608
267.3999939,-0.710990906
267.5,-0.712147236
267.6000061,-0.713375092
267.7000122,-0.714996338
267.8000183,-0.713589668
267.8999939,-0.713136673
268,-0.712850571
268.1000061,-0.708940506
268.2000122,-0.710704803
268.3000183,-0.716093063
268.3999939,-0.715520859
268.5,-0.708272934
268.6000061,-0.718381882
268.7000122,-0.705602646
268.8000183,-0.708129883
268.8999939,-0.711896896
269,-0.707748413
269.1000061,-0.710180283
269.2000122,-0.704076767
269.3000183,-0.710752487
269.3999939,-0.706508636
269.5,-0.710752487
269.6000061,-0.711706161
269.7000122,-0.71156311
269.8000183,-0.713756561
269.8999939,-0.710108757
270,-0.708415985
270.1000061,-0.706699371
270.2000122,-0.711324692
270.3000183,-0.704267502
270.3999939,-0.708559036
270.5,-0.707748413
270.6000061,-0.702884674
270.7000122,-0.708702087
270.8000183,-0.700691223
270.8999939,-0.703313828
271,-0.707271576
271.1000061,-0.698354721
271.2000122,-0.706842422
271.3000183,-0.708511353
271.3999939,-0.698545456
271.5,-0.708320618
271.6000061,-0.701072693
271.7000122,-0.700452805
271.8000183,-0.706413269
271.8999939,-0.699117661
272,-0.702646255
272.1000061,-0.700691223
272.2000122,-0.699308395
272.3000183,-0.702550888
272.3999939,-0.699260712
272.5,-0.705316544
272.6000061,-0.70116806
272.7000122,-0.699666023
272.8000183,-0.696208954
272.8999939,-0.695970535
273,-0.702693939
273.1000061,-0.699832916
273.2000122,-0.703886032
273.3000183,-0.69616127
273.3999939,-0.697114944
273.5,-0.701072693
273.6000061,-0.698402405
273.7000122,-0.698295116
273.8000183,-0.697305679
273.8999939,-0.696399689
274,-0.696828842
274.1000061,-0.697687149
274.2000122,-0.698938847
274.3000183,-0.700405121
274.3999939,-0.700834274
274.5,-0.696065903
274.6000061,-0.693824768
274.7000122,-0.69654274
274.8000183,-0.696626186
274.8999939,-0.698116302
275,-0.698020935
275.1000061,-0.698450089
275.2000122,-0.689342499
275.3000183,-0.69654274
275.3999939,-0.690153122
275.5,-0.691488266
275.6000061,-0.694015503
275.7000122,-0.688388824
275.8000183,-0.694253922
275.8999939,-0.698831558
276,-0.691059113
276.1000061,-0.693395615
276.2000122,-0.695827484
276.3000183,-0.690916061
276.3999939,-0.68948555
276.5,-0.68948555
276.6000061,-0.691917419
276.7000122,-0.693252563
276.8000183,-0.689771652
276.8999939,-0.691822052
277,-0.683429241
277.1000061,-0.693586349
277.2000122,-0.68624258
277.3000183,-0.694635391
277.3999939,-0.685956478
277.5,-0.691631317
277.6000061,-0.689771652
277.7000122,-0.687434673
277.8000183,-0.68910408
277.8999939,-0.686671734
278,-0.67918539
278.1000061,-0.686004162
278.2000122,-0.691631317
278.3000183,-0.688341141
278.3999939,-0.688913345
278.5,-0.687911987
278.6000061,-0.69115448
278.7000122,-0.686004162
278.8000183,-0.690153122
278.8999939,-0.685861111
279,-0.69320488
279.1000061,-0.685575008
279.2000122,-0.686528683
279.3000183,-0.685169697
279.3999939,-0.684907436
279.5,-0.68366766
279.6000061,-0.691917419
279.7000122,-0.67918539
279.8000183,-0.688674927
279.8999939,-0.68199873
280,-0.684478283
280.1000061,-0.683381557
280.2000122,-0.687673569
280.3000183,-0.68199873
280.3999939,-0.677373409
280.5,-0.686528683
280.6000061,-0.685241222
280.7000122,-0.68611145
280.8000183,-0.686337948
280.8999939,-0.686337948
281,-0.68910408
281.1000061,-0.68533659
281.2000122,-0.692537308
281.3000183,-0.687482834
281.3999939,-0.683047771
281.5,-0.685098171
281.6000061,-0.686385632
281.7000122,-0.680806637
281.8000183,-0.688055038
281.8999939,-0.682857037
282,-0.682857037
282.1000061,-0.677754879
282.2000122,-0.679996014
282.3000183,-0.682952404
282.3999939,-0.67584753
282.5,-0.684382915
282.6000061,-0.681188107
282.7000122,-0.687625885
282.8000183,-0.684430599
282.8999939,-0.686814785
283,-0.680902004
283.1000061,-0.680186749
283.2000122,-0.675990582
283.3000183,-0.680234432
283.3999939,-0.675752163
283.5,-0.675275326
283.6000061,-0.67802906
283.7000122,-0.681951046
283.8000183,-0.679137707
283.8999939,-0.669505596
284,-0.681712627
284.1000061,-0.676705837
284.2000122,-0.671794415
284.3000183,-0.676515102
284.3999939,-0.680615902
284.5,-0.682427883
284.6000061,-0.677707195
284.7000122,-0.675990582
284.8000183,-0.675179958
284.8999939,-0.675597191
285,-0.67584753
285.1000061,-0.675370693
285.2000122,-0.67584753
285.3000183,-0.675895214
285.3999939,-0.676276684
285.5,-0.678946972
285.6000061,-0.67160368
285.7000122,-0.674464703
285.8000183,-0.682713985
285.8999939,-0.680520535
286,-0.672986507
286.1000061,-0.667550564
286.2000122,-0.675036907
286.3000183,-0.666787624
286.3999939,-0.672461987
286.5,-0.672271252
286.6000061,-0.673570633
286.7000122,-0.673224926
286.8000183,-0.676324368
286.8999939,-0.679614544
287,-0.667359829
287.1000061,-0.672748089
287.2000122,-0.670030117
287.3000183,-0.672461987
287.3999939,-0.666406155
287.5,-0.669696331
287.6000061,-0.664451122
287.7000122,-0.671031475
287.8000183,-0.670554638
287.8999939,-0.669124126
288,-0.668885708
288.1000061,-0.666406155
288.2000122,-0.667979717
288.3000183,-0.670506954
288.3999939,-0.673558712
288.5,-0.668551922
288.6000061,-0.661828518
288.7000122,-0.669076443
288.8000183,-0.669887066
288.8999939,-0.670745373
289,-0.674035549
289.1000061,-0.673367977
289.2000122,-0.660254955
289.3000183,-0.665643215
289.3999939,-0.675227642
289.5,-0.663592815
289.6000061,-0.672414303
289.7000122,-0.667359829
289.8000183,-0.661780834
289.8999939,-0.667073727
290,-0.664069653
290.1000061,-0.667598248
290.2000122,-0.664308071
290.3000183,-0.670173168
290.3999939,-0.663211346
290.5,-0.667169094
290.6000061,-0.663640499
290.7000122,-0.662972927
290.8000183,-0.664069653
290.8999939,-0.663998127
291,-0.664069653
291.1000061,-0.664880276
291.2000122,-0.667026043
291.3000183,-0.667216778
291.3999939,-0.664868355
291.5,-0.662639141
291.6000061,-0.662591457
291.7000122,-0.661447048
291.8000183,-0.65787077
291.8999939,-0.661685467
292,-0.664832592
292.1000061,-0.662448406
292.2000122,-0.665071011
292.3000183,-0.658109188
292.3999939,-0.655534267
292.5,-0.655152798
292.6000061,-0.665500164
292.7000122,-0.655391216
292.8000183,-0.663306713
292.8999939,-0.654771328
293,-0.653245449
293.1000061,-0.657680035
293.2000122,-0.655486584
293.3000183,-0.663354397
293.3999939,-0.660588741
293.5,-0.657727718
293.6000061,-0.655295849
293.7000122,-0.664260387
293.8000183,-0.658633709
293.8999939,-0.655534267
294,-0.65415144
294.1000061,-0.658061504
294.2000122,-0.657918453
294.3000183,-0.655772686
294.3999939,-0.657584667
294.5,-0.6569767
294.6000061,-0.658061504
294.7000122,-0.656487942
294.8000183,-0.653913021
294.8999939,-0.655200481
295,-0.655200481
295.1000061,-0.655534267
295.2000122,-0.653483868
295.3000183,-0.657680035
295.3999939,-0.647952557
295.5,-0.6574893
295.6000061,-0.648286343
295.7000122,-0.649478436
295.8000183,-0.647797585
295.8999939,-0.643470287
296,-0.649955273
296.1000061,-0.660254955
296.2000122,-0.640656948
296.3000183,-0.652339458
296.3999939,-0.65081358
296.5,-0.658204556
296.6000061,-0.646903515
296.7000122,-0.656106472
296.8000183,-0.648620129
296.8999939,-0.652768612
297,-0.652863979
297.1000061,-0.646188259
297.2000122,-0.654103756
297.3000183,-0.647428036
297.3999939,-0.645854473
297.5,-0.645806789
297.6000061,-0.647702217
297.7000122,-0.648667812
297.8000183,-0.650479794
297.8999939,-0.654199123
298,-0.651576519
298.1000061,-0.656487942
298.2000122,-0.64375639
298.3000183,-0.647475719
298.3999939,-0.651814938
298.5,-0.65081358
298.6000061,-0.651028156
298.7000122,-0.651099682
298.8000183,-0.650384426
298.8999939,-0.652029514
299,-0.652673244
299.1000061,-0.649424791
299.2000122,-0.645854473
299.3000183,-0.647141933
299.3999939,-0.644090176
299.5,-0.64800024
299.6000061,-0.647046566
299.7000122,-0.64671278
299.8000183,-0.641849041
299.8999939,-0.64671278
300,-0.652053356
300.1000061,-0.646522045
300.2000122,-0.64825058
300.3000183,-0.646808147
300.3999939,-0.647618771
300.5,-0.637748241
300.6000061,-0.644519329
300.7000122,-0.639750957
300.8000183,-0.647189617
300.8999939,-0.649430752
301,-0.647499561
301.1000061,-0.64709425
301.2000122,-0.646283627
301.3000183,-0.643470287
301.3999939,-0.649287701
301.5,-0.645711422
301.6000061,-0.637032986
301.7000122,-0.637462139
301.8000183,-0.639357567
301.8999939,-0.640513897
302,-0.642421246
302.1000061,-0.637176037
302.2000122,-0.640990734
302.3000183,-0.63760519
302.3999939,-0.639989376
302.5,-0.642373562
302.6000061,-0.639691353
302.7000122,-0.639750957
302.8000183,-0.641273856
302.8999939,-0.641658306
303,-0.643994808
303.1000061,-0.63593626
303.2000122,-0.647332668
303.3000183,-0.628736019
303.3999939,-0.638558865
303.5,-0.642755032
303.6000061,-0.642659664
303.7000122,-0.633456707
303.8000183,-0.636079311
303.8999939,-0.637187958
304,-0.640084743
304.1000061,-0.639131069
304.2000122,-0.63824892
304.3000183,-0.638463497
304.3999939,-0.635316372
304.5,-0.638511181
304.6000061,-0.632836819
304.7000122,-0.630738735
304.8000183,-0.639894009
304.8999939,-0.638177395
305,-0.633027554
305.1000061,-0.637509823
305.2000122,-0.63388586
305.3000183,-0.634219646
305.3999939,-0.634171963
305.5,-0.634410381
305.6000061,-0.634171963
305.7000122,-0.6346488
305.8000183,-0.635137558
305.8999939,-0.635364056
306,-0.636365414
306.1000061,-0.634219646
306.2000122,-0.640847683
306.3000183,-0.629785061
306.3999939,-0.632884502
306.5,-0.632073879
306.6000061,-0.632646084
306.7000122,-0.633695126
306.8000183,-0.640513897
306.8999939,-0.636746883
307,-0.633075237
307.1000061,-0.634458065
307.2000122,-0.633289814
307.3000183,-0.631740093
307.3999939,-0.63388586
307.5,-0.626590252
307.6000061,-0.631597042
307.7000122,-0.626733303
307.8000183,-0.627877712
307.8999939,-0.620582104
308,-0.633838177
308.1000061,-0.628402233
308.2000122,-0.627639294
308.3000183,-0.628020763
308.3999939,-0.626208782
308.5,-0.628402233
308.6000061,-0.627162457
308.7000122,-0.628783703
308.8000183,-0.629451275
308.8999939,-0.627245903
309,-0.625302792
309.1000061,-0.625445843
309.2000122,-0.62721014
309.3000183,-0.632169247
309.3999939,-0.630595684
309.5,-0.632693768
309.6000061,-0.624873638
309.7000122,-0.621392727
309.8000183,-0.628259182
309.8999939,-0.625874996
310,-0.627639294
310.1000061,-0.623395443
310.2000122,-0.625636578
310.3000183,-0.621392727
310.3999939,-0.630166531
310.5,-0.628545284
310.6000061,-0.624396801
310.7000122,-0.631930828
310.8000183,-0.621488094
310.8999939,-0.627114773
311,-0.627830029
311.1000061,-0.628354549
311.2000122,-0.626399517
311.3000183,-0.627734661
311.3999939,-0.624587536
311.5,-0.625302792
311.6000061,-0.617101192
311.7000122,-0.622155666
311.8000183,-0.630261898
311.8999939,-0.61514616
312,-0.625302792
312.1000061,-0.621345043
312.2000122,-0.626828671
312.3000183,-0.624730587
312.3999939,-0.620820522
312.5,-0.625636578
312.6000061,-0.623300076
312.7000122,-0.619962215
312.8000183,-0.621392727
312.8999939,-0.623633862
313,-0.622298717
313.1000061,-0.620725155
313.2000122,-0.625207424
313.3000183,-0.624158382
313.3999939,-0.614383221
313.5,-0.62387228
313.6000061,-0.617673397
313.7000122,-0.624921322
313.8000183,-0.61514616
313.8999939,-0.617864132
314,-0.619723797
314.1000061,-0.625302792
314.2000122,-0.612952709
314.3000183,-0.621106625
314.3999939,-0.616099834
314.5,-0.618960857
314.6000061,-0.612285137
314.7000122,-0.624206066
314.8000183,-0.620963573
314.8999939,-0.621869564
315,-0.615384579
315.1000061,-0.619723797
315.2000122,-0.613334179
315.3000183,-0.613334179
315.3999939,-0.613560677
315.5,-0.610949993
315.6000061,-0.616624355
315.7000122,-0.610663891
315.8000183,-0.613954067
315.8999939,-0.615718365
316,-0.615575314
316.1000061,-0.616099834
316.2000122,-0.616528988
316.3000183,-0.613906384
316.3999939,-0.611522198
316.5,-0.615956783
316.6000061,-0.621011257
316.7000122,-0.616862774
316.8000183,-0.609853268
316.8999939,-0.606610775
317,-0.6159091
317.1000061,-0.617005825
317.2000122,-0.61514616
317.3000183,-0.619485378
317.3999939,-0.604655743
317.5,-0.615003109
317.6000061,-0.607993603
317.7000122,-0.614955425
317.8000183,-0.607755184
317.8999939,-0.608947277
318,-0.615479946
318.1000061,-0.613048077
318.2000122,-0.609138012
318.3000183,-0.614955425
318.3999939,-0.609138012
318.5,-0.612428188
318.6000061,-0.606849194
318.7000122,-0.616195202
318.8000183,-0.6118083
318.8999939,-0.6097579
319,-0.608994961
319.1000061,-0.610997677
319.2000122,-0.611379147
319.3000183,-0.61552763
319.3999939,-0.610282421
319.5,-0.614144802
319.6000061,-0.608232021
319.7000122,-0.606944561
319.8000183,-0.607481003
319.8999939,-0.607087612
320,-0.607659817
320.1000061,-0.606229305
320.2000122,-0.608756542
320.3000183,-0.614097118
320.3999939,-0.600841045
320.5,-0.606133938
320.6000061,-0.604941845
320.7000122,-0.604083538
320.8000183,-0.607254505
320.8999939,-0.60847044
321,-0.611522198
321.1000061,-0.607278347
321.2000122,-0.6097579
321.3000183,-0.606133938
321.3999939,-0.610473156
321.5,-0.612666607
321.6000061,-0.609185696
321.7000122,-0.606467724
321.8000183,-0.602462292
321.8999939,-0.596263409
322,-0.602462292
322.1000061,-0.601651669
322.2000122,-0.60642004
322.3000183,-0.60346365
322.3999939,-0.608947277
322.5,-0.606229305
322.6000061,-0.600793362
322.7000122,-0.606896877
322.8000183,-0.600221157
322.8999939,-0.606944561
323,-0.606324673
323.1000061,-0.606515408
323.2000122,-0.608041286
323.3000183,-0.60475111
323.3999939,-0.602128506
323.5,-0.60308218
323.6000061,-0.604727268
323.7000122,-0.604256392
323.8000183,-0.604703426
323.8999939,-0.604512691
324,-0.60308218
324.1000061,-0.596644878
324.2000122,-0.599792004
324.3000183,-0.603654385
324.3999939,-0.598504543
324.5,-0.601747036
324.6000061,-0.603892803
324.7000122,-0.600745678
324.8000183,-0.597121716
324.8999939,-0.59678793
325,-0.597789288
325.1000061,-0.608756542
325.2000122,-0.606229305
325.3000183,-0.609519482
325.3999939,-0.604655743
325.5,-0.603940487
325.6000061,-0.601937771
325.7000122,-0.598313808
325.8000183,-0.600841045
325.8999939,-0.59640646
326,-0.600411892
326.1000061,-0.599648952
326.2000122,-0.601949692
326.3000183,-0.60475111
326.3999939,-0.602986813
326.5,-0.593402386
326.6000061,-0.608232021
326.7000122,-0.590159893
326.8000183,-0.595309734
326.8999939,-0.604274273
327,-0.58973074
327.1000061,-0.597741604
327.2000122,-0.592544079
327.3000183,-0.595500469
327.3999939,-0.600841045
327.5,-0.599839687
327.6000061,-0.593831539
327.7000122,-0.59602499
327.8000183,-0.586297512
327.8999939,-0.5910182
328,-0.591864586
328.1000061,-0.594499111
328.2000122,-0.59564352
328.3000183,-0.595023632
328.3999939,-0.593736172
328.5,-0.596215725
328.6000061,-0.591256618
328.7000122,-0.593593121
328.8000183,-0.594499111
328.8999939,-0.593318939
329,-0.592210293
329.1000061,-0.592973232
329.2000122,-0.59139967
329.3000183,-0.59025526
329.3999939,-0.593640804
329.5,-0.586345196
329.6000061,-0.593354702
329.7000122,-0.588109493
329.8000183,-0.59564352
329.8999939,-0.590779781
330,-0.593879223
330.1000061,-0.595071316
330.2000122,-0.588872433
330.3000183,-0.59025526
330.3999939,-0.590696335
330.5,-0.592114925
330.6000061,-0.591542721
330.7000122,-0.589969158
330.8000183,-0.581719875
330.8999939,-0.597455502
331,-0.588157177
331.1000061,-0.583913326
331.2000122,-0.58934927
331.3000183,-0.586678982
331.3999939,-0.590088367
331.5,-0.59397459
331.6000061,-0.590350628
331.7000122,-0.591733456
331.8000183,-0.593783855
331.8999939,-0.588490963
332,-0.596120358
332.1000061,-0.580670834
332.2000122,-0.593831539
332.3000183,-0.585534573
332.3999939,-0.587441921
332.5,-0.584771633
332.6000061,-0.581576824
332.7000122,-0.595262051
332.8000183,-0.587155819
332.8999939,-0.578906536
333,-0.584580898
333.1000061,-0.592830181
333.2000122,-0.590159893
333.3000183,-0.584533215
333.3999939,-0.586774349
333.5,-0.584962368
333.6000061,-0.585153103
333.7000122,-0.588204861
333.8000183,-0.581386089
333.8999939,-0.585868359
334,-0.583531857
334.1000061,-0.584914684
334.2000122,-0.584819317
334.3000183,-0.580432415
334.3999939,-0.591304302
334.5,-0.586822033
334.6000061,-0.58934927
334.7000122,-0.585534573
334.8000183,-0.582387447
334.8999939,-0.578095913
335,-0.576570034
335.1000061,-0.578143597
335.2000122,-0.580289364
335.3000183,-0.577619076
335.3999939,-0.584962368
335.5,-0.584247112
335.6000061,-0.582005978
335.7000122,-0.581862926
335.8000183,-0.572183132
335.8999939,-0.584914684
336,-0.578525066
336.1000061,-0.577809811
336.2000122,-0.574042797
336.3000183,-0.582339764
336.3999939,-0.578715801
336.5,-0.576570034
336.6000061,-0.574948788
336.7000122,-0.575807095
336.8000183,-0.57728529
336.8999939,-0.583055019
337,-0.584914684
337.1000061,-0.576188564
337.2000122,-0.575568676
337.3000183,-0.577476025
337.3999939,-0.585153103
337.5,-0.572659969
337.6000061,-0.580289364
337.7000122,-0.575950146
337.8000183,-0.576748848
337.8999939,-0.57561636
338,-0.575139523
338.1000061,-0.575628281
338.2000122,-0.574519634
338.3000183,-0.577237606
338.3999939,-0.588252544
338.5,-0.589444637
338.6000061,-0.569608212
338.7000122,-0.572946072
338.8000183,-0.583674908
338.8999939,-0.573518276
339,-0.582244396
339.1000061,-0.574090481
339.2000122,-0.578858852
339.3000183,-0.577571392
339.3999939,-0.579240322
339.5,-0.573756695
339.6000061,-0.579812527
339.7000122,-0.572230816
339.8000183,-0.576140881
339.8999939,-0.571849346
340,-0.575091839
340.1000061,-0.575473309
340.2000122,-0.581672192
340.3000183,-0.5681777
340.3999939,-0.581386089
340.5,-0.578382015
340.6000061,-0.573756695
340.7000122,-0.572040081
340.8000183,-0.576331615
340.8999939,-0.573661327
341,-0.574305058
341.1000061,-0.573852062
341.2000122,-0.573375225
341.3000183,-0.571920872
341.3999939,-0.568702221
341.5,-0.571753979
341.6000061,-0.570597649
341.7000122,-0.572612286
341.8000183,-0.569322109
341.8999939,-0.578095913
342,-0.568749905
342.1000061,-0.571706295
342.2000122,-0.578668118
342.3000183,-0.570371151
342.3999939,-0.573613644
342.5,-0.57356596
342.6000061,-0.572421551
342.7000122,-0.571396351
342.8000183,-0.569512844
342.8999939,-0.570085049
343,-0.568988323
343.1000061,-0.573756695
343.2000122,-0.564887524
343.3000183,-0.573089123
343.3999939,-0.567224026
343.5,-0.568320751
343.6000061,-0.568189621
343.7000122,-0.568749905
343.8000183,-0.568463802
343.8999939,-0.569548607
344,-0.569322109
344.1000061,-0.571658611
344.2000122,-0.568940639
344.3000183,-0.567843914
344.3999939,-0.566937923
344.5,-0.569560528
344.6000061,-0.570037365
344.7000122,-0.573422909
344.8000183,-0.564696789
344.8999939,-0.569179058
345,-0.56779623
345.1000061,-0.563457012
345.2000122,-0.567271709
345.3000183,-0.56317091
345.3999939,-0.563361645
345.5,-0.562634349
345.6000061,-0.563251346
345.7000122,-0.564029217
345.8000183,-0.562980175
345.8999939,-0.562551022
346,-0.564172268
346.1000061,-0.569798946
346.2000122,-0.56779623
346.3000183,-0.560500145
346.3999939,-0.559212685
346.5,-0.559308052
346.6000061,-0.565936565
346.7000122,-0.564982891
346.8000183,-0.560643196
346.8999939,-0.557591438
347,-0.56522131
347.1000061,-0.566699505
347.2000122,-0.562216759
347.3000183,-0.564172268
347.3999939,-0.568463802
347.5,-0.568130016
347.6000061,-0.566329956
347.7000122,-0.563313961
347.8000183,-0.565412045
347.8999939,-0.561835289
348,-0.564029217
348.1000061,-0.564172268
348.2000122,-0.560095072
348.3000183,-0.558688164
348.3999939,-0.553490639
348.5,-0.556160927
348.6000061,-0.56159687
348.7000122,-0.557782173
348.8000183,-0.551678658
348.8999939,-0.568225384
349,-0.559546471
349.1000061,-0.561406136
349.2000122,-0.56392169
349.3000183,-0.567414761
349.3999939,-0.567319393
349.5,-0.565888762
349.6000061,-0.567033291
349.7000122,-0.561787605
349.8000183,-0.551058769
349.8999939,-0.555922508
350,-0.558402061
350.1000061,-0.559451103
350.2000122,-0.560595512
350.3000183,-0.557639122
350.3999939,-0.555064201
350.5,-0.555397987
350.6000061,-0.559498787
350.7000122,-0.556637764
350.8000183,-0.562598705
350.8999939,-0.557543755
351,-0.561787605
351.1000061,-0.555064201
351.2000122,-0.55670929
351.3000183,-0.555016518
351.3999939,-0.554968834
351.5,-0.555016518
351.6000061,-0.557639122
351.7000122,-0.559880257
351.8000183,-0.56069088
351.8999939,-0.554682732
352,-0.557686806
352.1000061,-0.554730415
352.2000122,-0.552823067
352.3000183,-0.555016518
352.3999939,-0.550438881
352.5,-0.557305336
352.6000061,-0.553586006
352.7000122,-0.555541039
352.8000183,-0.548150063
352.8999939,-0.55864048
353,-0.551440239
353.1000061,-0.558402061
353.2000122,-0.545193672
353.3000183,-0.554587364
353.3999939,-0.554301262
353.5,-0.55120182
353.6000061,-0.552441597
353.7000122,-0.550653458
353.8000183,-0.548531532
353.8999939,-0.550438881
354,-0.552441597
354.1000061,-0.553395271
354.2000122,-0.552441597
354.3000183,-0.549103737
354.3999939,-0.548388481
354.5,-0.549485207
354.6000061,-0.55453968
354.7000122,-0.55158329
354.8000183,-0.548007011
354.8999939,-0.550248146
355,-0.552727699
355.1000061,-0.55325222
355.2000122,-0.548197746
355.3000183,-0.552155495
355.3999939,-0.546338081
355.5,-0.554110527
355.6000061,-0.549389839
355.7000122,-0.544239998
355.8000183,-0.546814919
355.8999939,-0.555207253
356,-0.558306694
356.1000061,-0.549818993
356.2000122,-0.550438881
356.3000183,-0.548841476
356.3999939,-0.547482491
356.5,-0.547625542
356.6000061,-0.550248146
356.7000122,-0.550963402
356.8000183,-0.550438881
356.8999939,-0.550581932
357,-0.549962044
357.1000061,-0.551309109
357.2000122,-0.552250862
357.3000183,-0.552441597
357.3999939,-0.545479774
357.5,-0.548865318
357.6000061,-0.545336723
357.7000122,-0.545241356
357.8000183,-0.552536964
357.8999939,-0.539805412
358,-0.549056053
358.1000061,-0.550486565
358.2000122,-0.545336723
358.3000183,-0.545765877
358.3999939,-0.549103737
358.5,-0.550152779
358.6000061,-0.544430733
358.7000122,-0.544573784
358.8000183,-0.549151421
358.8999939,-0.540377617
359,-0.548817635
359.1000061,-0.545527458
359.2000122,-0.542141914
359.3000183,-0.554873466
359.3999939,-0.547530174
359.5,-0.543381691
359.6000061,-0.544812202
359.7000122,-0.539710045
359.8000183,-0.549580574
359.8999939,-0.543095589
360,-0.547482491
360.1000061,-0.541378975
360.2000122,-0.549866676
360.3000183,-0.537755013
360.3999939,-0.54362011
360.5,-0.540139198
360.6000061,-0.549389839
360.7000122,-0.544287682
360.8000183,-0.541903496
360.8999939,-0.536372185
361,-0.537993431
361.1000061,-0.542189598
361.2000122,-0.540425301
361.3000183,-0.548865318
361.3999939,-0.545241356
361.5,-0.542523384
361.6000061,-0.536515236
361.7000122,-0.547339439
361.8000183,-0.544192314
361.8999939,-0.53656292
362,-0.539233208
362.1000061,-0.545861244
362.2000122,-0.542666435
362.3000183,-0.539471626
362.3999939,-0.543286324
362.5,-0.543953896
362.6000061,-0.539042473
362.7000122,-0.538804054
362.8000183,-0.54118824
362.8999939,-0.540878296
363,-0.540377617
363.1000061,-0.543143272
363.2000122,-0.542141914
363.3000183,-0.534941673
363.3999939,-0.532605171
363.5,-0.537755013
363.6000061,-0.536944389
363.7000122,-0.53913784
363.8000183,-0.535943031
363.8999939,-0.538923264
364,-0.540329933
364.1000061,-0.540282249
364.2000122,-0.548388481
364.3000183,-0.534226418
364.3999939,-0.544096947
364.5,-0.545575142
364.6000061,-0.540997505
364.7000122,-0.541426659
364.8000183,-0.538899422
364.8999939,-0.533701897
365,-0.542094231
365.1000061,-0.537564278
365.2000122,-0.53041172
365.3000183,-0.536229134
365.3999939,-0.544049263
365.5,-0.53823185
365.6000061,-0.53489399
365.7000122,-0.541712761
365.8000183,-0.532652855
365.8999939,-0.535656929
366,-0.533463478
366.1000061,-0.53335619
366.2000122,-0.531937599
366.3000183,-0.532366753
366.3999939,-0.540949821
366.5,-0.534703255
366.6000061,-0.538851738
366.7000122,-0.537611961
366.8000183,-0.537945747
366.8999939,-0.538422585
367,-0.540234566
367.1000061,-0.537611961
367.2000122,-0.531317711
367.3000183,-0.530936241
367.3999939,-0.533844948
367.5,-0.533558846
367.6000061,-0.538994789
367.7000122,-0.53823185
367.8000183,-0.53041172
367.8999939,-0.526406288
368,-0.534417152
368.1000061,-0.535704613
368.2000122,-0.528695107
368.3000183,-0.529458046
368.3999939,-0.533296585
368.5,-0.537516594
368.6000061,-0.537516594
368.7000122,-0.535895348
368.8000183,-0.532795906
368.8999939,-0.535752296
369,-0.534417152
369.1000061,-0.534429073
369.2000122,-0.533585668
369.3000183,-0.532938957
369.3999939,-0.532557487
369.5,-0.528409004
369.6000061,-0.530745506
369.7000122,-0.531258106
369.8000183,-0.532414436
369.8999939,-0.533463478
370,-0.533272743
370.1000061,-0.525214195
370.2000122,-0.539233208
370.3000183,-0.531508446
370.3999939,-0.536038399
370.5,-0.532795906
370.6000061,-0.523592949
370.7000122,-0.521161079
370.8000183,-0.52335453
370.8999939,-0.527264595
371,-0.52669239
371.1000061,-0.534274101
371.2000122,-0.53413105
371.3000183,-0.534297943
371.3999939,-0.534321785
371.5,-0.534464836
371.6000061,-0.530125618
371.7000122,-0.526024818
371.8000183,-0.529839516
371.8999939,-0.528504372
372,-0.533177376
372.1000061,-0.528933525
372.2000122,-0.521208763
372.3000183,-0.525738716
372.3999939,-0.529314995
372.5,-0.528122902
372.6000061,-0.533082008
372.7000122,-0.530936241
372.8000183,-0.525738716
372.8999939,-0.522734642
373,-0.527979851
373.1000061,-0.526215553
373.2000122,-0.530125618
373.3000183,-0.527693748
373.3999939,-0.527789116
373.5,-0.525309563
373.6000061,-0.524069786
373.7000122,-0.5216856
373.8000183,-0.518681526
373.8999939,-0.524546623
374,-0.521971703
374.1000061,-0.527693748
374.2000122,-0.521637917
374.3000183,-0.523926735
374.3999939,-0.525977135
374.5,-0.522353172
374.6000061,-0.525881767
374.7000122,-0.527693748
374.8000183,-0.525547981
374.8999939,-0.527264595
375,-0.52553606
375.1000061,-0.523831367
375.2000122,-0.525500298
375.3000183,-0.519301414
375.3999939,-0.522782326
375.5,-0.519825935
375.6000061,-0.526215553
375.7000122,-0.522019386
375.8000183,-0.515868187
375.8999939,-0.524975777
376,-0.52874279
376.1000061,-0.520827293
376.2000122,-0.520827293
376.3000183,-0.523259163
376.3999939,-0.523306847
376.5,-0.521530628
376.6000061,-0.519206047
376.7000122,-0.520350456
376.8000183,-0.520350456
376.8999939,-0.52077961
377,-0.52411747
377.1000061,-0.52244854
377.2000122,-0.519730568
377.3000183,-0.516011238
377.3999939,-0.523211479
377.5,-0.514533043
377.6000061,-0.526406288
377.7000122,-0.527359962
377.8000183,-0.518633842
377.8999939,-0.525071144
378,-0.520588875
378.1000061,-0.527646065
378.2000122,-0.52836132
378.3000183,-0.523068428
378.3999939,-0.516821861
378.5,-0.518824577
378.6000061,-0.525691032
378.7000122,-0.521351814
378.8000183,-0.514342308
378.8999939,-0.519635201
379,-0.523640633
379.1000061,-0.518109322
379.2000122,-0.52874279
379.3000183,-0.516345024
379.3999939,-0.518013954
379.5,-0.517870903
379.6000061,-0.518157005
379.7000122,-0.521494865
379.8000183,-0.519921303
379.8999939,-0.516154289
380,-0.521637917
380.1000061,-0.515439034
380.2000122,-0.519873619
380.3000183,-0.514819145
380.3999939,-0.521065712
380.5,-0.516106606
380.6000061,-0.513865471
380.7000122,-0.511958122
380.8000183,-0.515331745
380.8999939,-0.517918587
381,-0.517584801
381.1000061,-0.520207405
381.2000122,-0.514187336
381.3000183,-0.508763313
381.3999939,-0.510193825
381.5,-0.509335518
381.6000061,-0.514103889
381.7000122,-0.522925377
381.8000183,-0.518395424
381.8999939,-0.517203331
382,-0.512434959
382.1000061,-0.512101173
382.2000122,-0.515820503
382.3000183,-0.515486717
382.3999939,-0.51372242
382.5,-0.510861397
382.6000061,-0.513388634
382.7000122,-0.508381844
382.8000183,-0.514103889
382.8999939,-0.516774178
383,-0.520350456
383.1000061,-0.518586159
383.2000122,-0.509860039
383.3000183,-0.51872921
383.3999939,-0.512578011
383.5,-0.506760597
383.6000061,-0.511385918
383.7000122,-0.514723778
383.8000183,-0.517012596
383.8999939,-0.506379128
384,-0.514485359
384.1000061,-0.508191109
384.2000122,-0.51872921
384.3000183,-0.507761955
384.3999939,-0.505711555
384.5,-0.510694504
384.6000061,-0.514676094
384.7000122,-0.51462841
384.8000183,-0.517203331
384.8999939,-0.508667946
385,-0.500037193
385.1000061,-0.512339592
385.2000122,-0.513627052
385.3000183,-0.508143425
385.3999939,-0.511767387
385.5,-0.510050774
385.6000061,-0.514580727
385.7000122,-0.511528969
385.8000183,-0.513388634
385.8999939,-0.509573936
386,-0.50962162
386.1000061,-0.509669304
386.2000122,-0.507905006
386.3000183,-0.508906364
386.3999939,-0.509442806
386.5,-0.510861397
386.6000061,-0.510098457
386.7000122,-0.50910902
386.8000183,-0.507714272
386.8999939,-0.507761955
387,-0.510813713
387.1000061,-0.503899574
387.2000122,-0.513102531
387.3000183,-0.509287834
387.3999939,-0.513388634
387.5,-0.511481285
387.6000061,-0.509943485
387.7000122,-0.506045341
387.8000183,-0.508858681
387.8999939,-0.505759239
388,-0.506903648
388.1000061,-0.512768745
388.2000122,-0.513150215
388.3000183,-0.499131203
388.3999939,-0.512721062
388.5,-0.503756523
388.6000061,-0.50795269
388.7000122,-0.50332737
388.8000183,-0.501181602
388.8999939,-0.503279686
389,-0.50628376
389.1000061,-0.502326012
389.2000122,-0.509049416
389.3000183,-0.515820503
389.3999939,-0.507857323
389.5,-0.507094383
389.6000061,-0.504853249
389.7000122,-0.512148857
389.8000183,-0.500084877
389.8999939,-0.505616188
390,-0.501086235
390.1000061,-0.502707481
390.2000122,-0.503518105
390.3000183,-0.515295982
390.3999939,-0.504281044
390.5,-0.514294624
390.6000061,-0.5029459
390.7000122,-0.502278328
390.8000183,-0.505818844
390.8999939,-0.508143425
391,-0.509907722
391.1000061,-0.511099815
391.2000122,-0.508119583
391.3000183,-0.505234718
391.3999939,-0.506236076
391.5,-0.503899574
391.6000061,-0.501420021
391.7000122,-0.502707481
391.8000183,-0.50165844
391.8999939,-0.508524895
392,-0.510193825
392.1000061,-0.506999016
392.2000122,-0.504042625
392.3000183,-0.49832058
392.3999939,-0.505425453
392.5,-0.501467705
392.6000061,-0.503518105
392.7000122,-0.494982719
392.8000183,-0.506999016
392.8999939,-0.501610756
393,-0.505711555
393.1000061,-0.500657082
393.2000122,-0.49832058
393.3000183,-0.505234718
393.3999939,-0.494887352
393.5,-0.502516747
393.6000061,-0.502755165
393.7000122,-0.499321938
393.8000183,-0.494648933
393.8999939,-0.502516747
394,-0.5070467
394.1000061,-0.500800133
394.2000122,-0.495793343
394.3000183,-0.505234718
394.3999939,-0.502278328
394.5,-0.494982719
394.6000061,-0.507189751
394.7000122,-0.503088951
394.8000183,-0.502182961
394.8999939,-0.501443863
395,-0.501515388
395.1000061,-0.498988152
395.2000122,-0.502755165
395.3000183,-0.495936394
395.3999939,-0.500943184
395.5,-0.495697975
395.6000061,-0.500084877
395.7000122,-0.497700691
395.8000183,-0.499858379
395.8999939,-0.500037193
396,-0.501610756
396.1000061,-0.504042625
396.2000122,-0.501324654
396.3000183,-0.502194881
396.3999939,-0.502516747
396.5,-0.5008955
396.6000061,-0.497462273
396.7000122,-0.49255085
396.8000183,-0.498129845
396.8999939,-0.500180244
397,-0.502516747
397.1000061,-0.496460915
397.2000122,-0.494648933
397.3000183,-0.493790627
397.3999939,-0.494410515
397.5,-0.494124413
397.6000061,-0.496031761
397.7000122,-0.49807024
397.8000183,-0.499798775
397.8999939,-0.495826125
398,-0.492693901
398.1000061,-0.492741585
398.2000122,-0.496031761
398.3000183,-0.493313789
398.3999939,-0.496794701
398.5,-0.495459557
398.6000061,-0.48921299
398.7000122,-0.484063148
398.8000183,-0.495125771
398.8999939,-0.493123055
399,-0.496365547
399.1000061,-0.493313789
399.2000122,-0.49255085
399.3000183,-0.494744301
399.3999939,-0.497653008
399.5,-0.495364189
399.6000061,-0.497366905
399.7000122,-0.494267464
399.8000183,-0.494887352
399.8999939,-0.494410515
400,-0.493504524
400.1000061,-0.503279686
400.2000122,-0.484587669
400.3000183,-0.494458199
400.3999939,-0.484110832
400.5,-0.494648933
400.6000061,-0.493027687
400.7000122,-0.491120338
400.8000183,-0.496031761
400.8999939,-0.486065865
401,-0.489737511
401.1000061,-0.493409157
401.2000122,-0.496413231
401.3000183,-0.485255241
401.3999939,-0.499846458
401.5,-0.491883278
401.6000061,-0.492217064
401.7000122,-0.491215706
401.8000183,-0.483729362
401.8999939,-0.49383831
402,-0.489499092
402.1000061,-0.487782478
402.2000122,-0.491358757
402.3000183,-0.483681679
402.3999939,-0.492074013
402.5,-0.495030403
402.6000061,-0.493504524
402.7000122,-0.493003845
402.8000183,-0.492121696
402.8999939,-0.491358757
403,-0.490262032
403.1000061,-0.491597176
403.2000122,-0.484396935
403.3000183,-0.497700691
403.3999939,-0.489308357
403.5,-0.486685753
403.6000061,-0.491168022
403.7000122,-0.488545418
403.8000183,-0.491692543
403.8999939,-0.487877846
404,-0.48845005
404.1000061,-0.485732079
404.2000122,-0.492121696
404.3000183,-0.48678112
404.3999939,-0.492026329
404.5,-0.482966423
404.6000061,-0.490643501
404.7000122,-0.490929604
404.8000183,-0.49421978
404.8999939,-0.486590385
405,-0.480963707
405.1000061,-0.488545418
405.2000122,-0.487353325
405.3000183,-0.48754406
405.3999939,-0.48344326
405.5,-0.489880562
405.6000061,-0.486876488
405.7000122,-0.485445976
405.8000183,-0.48086834
405.8999939,-0.481154442
406,-0.488497734
406.1000061,-0.479866982
406.2000122,-0.484730721
406.3000183,-0.482871056
406.3999939,-0.486256599
406.5,-0.489260674
406.6000061,-0.486161232
406.7000122,-0.480963707
406.8000183,-0.483777046
406.8999939,-0.482227325
407,-0.482108116
407.1000061,-0.482060432
407.2000122,-0.486590385
407.3000183,-0.483204842
407.3999939,-0.488497734
407.5,-0.484015465
407.6000061,-0.480820656
407.7000122,-0.489069939
407.8000183,-0.47843647
407.8999939,-0.489832878
408,-0.483252525
408.1000061,-0.488211632
408.2000122,-0.47843647
408.3000183,-0.489308357
408.3999939,-0.477768898
408.5,-0.491549492
408.6000061,-0.484063148
408.7000122,-0.480057716
408.8000183,-0.48344326
408.8999939,-0.484492302
409,-0.484683037
409.1000061,-0.484587669
409.2000122,-0.486208916
409.3000183,-0.480391502
409.3999939,-0.477244377
409.5,-0.47869873
409.6000061,-0.479676247
409.7000122,-0.477482796
409.8000183,-0.475670815
409.8999939,-0.479270935
410,-0.4801054
410.1000061,-0.48382473
410.2000122,-0.478674889
410.3000183,-0.49255085
410.3999939,-0.482251167
410.5,-0.475241661
410.6000061,-0.4801054
410.7000122,-0.481965065
410.8000183,-0.475909233
410.8999939,-0.479390144
411,-0.481535912
411.1000061,-0.484396935
411.2000122,-0.480200768
411.3000183,-0.481345177
411.3999939,-0.482346535
411.5,-0.480582237
411.6000061,-0.475575447
411.7000122,-0.483872414
411.8000183,-0.47972393
411.8999939,-0.475337029
412,-0.47868681
412.1000061,-0.479628563
412.2000122,-0.477545381
412.3000183,-0.475575447
412.3999939,-0.476290703
412.5,-0.48253727
412.6000061,-0.473763466
412.7000122,-0.478531837
412.8000183,-0.47714901
412.8999939,-0.474431038
413,-0.480296135
413.1000061,-0.472571373
413.2000122,-0.470711708
413.3000183,-0.468613625
413.3999939,-0.474860191
413.5,-0.477435112
413.6000061,-0.476672173
413.7000122,-0.475241661
413.8000183,-0.472905159
413.8999939,-0.473954201
414,-0.474216461
414.1000061,-0.474478722
414.2000122,-0.475527763
414.3000183,-0.476719856
414.3999939,-0.476195335
414.5,-0.479962349
414.6000061,-0.476088047
414.7000122,-0.47381115
414.8000183,-0.474383354
414.8999939,-0.471999168
415,-0.480916023
415.1000061,-0.472094536
415.2000122,-0.482918739
415.3000183,-0.480248451
415.3999939,-0.479008675
415.5,-0.476004601
415.6000061,-0.476862907
415.7000122,-0.480510712
415.8000183,-0.48139286
415.8999939,-0.477298021
416,-0.473668098
416.1000061,-0.473620415
416.2000122,-0.474526405
416.3000183,-0.480582237
416.3999939,-0.485016823
416.5,-0.476004601
416.6000061,-0.475289345
416.7000122,-0.471045494
416.8000183,-0.472762108
416.8999939,-0.481297493
417,-0.475813866
417.1000061,-0.479962349
417.2000122,-0.4785676
417.3000183,-0.47843647
417.3999939,-0.480057716
417.5,-0.474979401
417.6000061,-0.472237587
417.7000122,-0.469185829
417.8000183,-0.479151726
417.8999939,-0.470568657
418,-0.473191261
418.1000061,-0.477196693
418.2000122,-0.466277122
418.3000183,-0.470520973
418.3999939,-0.475289345
418.5,-0.470520973
418.6000061,-0.475670815
418.7000122,-0.472332954
418.8000183,-0.47176075
418.8999939,-0.473489285
419,-0.474431038
419.1000061,-0.475432396
419.2000122,-0.471319675
419.3000183,-0.467707634
419.3999939,-0.467707634
419.5,-0.464512825
419.6000061,-0.469758034
419.7000122,-0.474049568
419.8000183,-0.467850685
419.8999939,-0.469519615
420,-0.462986946
420.1000061,-0.467707634
420.2000122,-0.475766182
420.3000183,-0.469758034
420.3999939,-0.47214222
420.5,-0.471045494
420.6000061,-0.46842289
420.7000122,-0.467278481
420.8000183,-0.475289345
420.8999939,-0.470711708
421,-0.461890221
421.1000061,-0.474383354
421.2000122,-0.466420174
421.3000183,-0.464989662
421.3999939,-0.474287987
421.5,-0.471093178
421.6000061,-0.470115662
421.7000122,-0.467373848
421.8000183,-0.467707634
421.8999939,-0.468518257
422,-0.472046852
422.1000061,-0.46675396
422.2000122,-0.460555077
422.3000183,-0.471140862
422.3999939,-0.463320732
422.5,-0.472857475
422.6000061,-0.469281197
422.7000122,-0.464083672
422.8000183,-0.461556435
422.8999939,-0.464274406
423,-0.468232155
423.1000061,-0.46227169
423.2000122,-0.468089104
423.3000183,-0.462462425
423.3999939,-0.47099781
423.5,-0.46765995
423.6000061,-0.467707634
423.7000122,-0.464894295
423.8000183,-0.463845253
423.8999939,-0.472523689
424,-0.468899727
424.1000061,-0.454833031
424.2000122,-0.461318016
424.3000183,-0.467326164
424.3999939,-0.46470356
424.5,-0.461937904
424.6000061,-0.463129997
424.7000122,-0.463070393
424.8000183,-0.463892937
424.8999939,-0.463320732
425,-0.463284969
425.1000061,-0.463654518
425.2000122,-0.46227169
425.3000183,-0.459267616
425.3999939,-0.461413383
425.5,-0.466706276
425.6000061,-0.463797569
425.7000122,-0.463153839
425.8000183,-0.461174965
425.8999939,-0.460936546
426,-0.46098423
426.1000061,-0.466849327
426.2000122,-0.454499245
426.3000183,-0.465037346
426.3999939,-0.462748528
426.5,-0.464238644
426.6000061,-0.464035988
426.7000122,-0.465132713
426.8000183,-0.464798927
426.8999939,-0.459744453
427,-0.458504677
427.1000061,-0.457407951
427.2000122,-0.454833031
427.3000183,-0.457932472
427.3999939,-0.466563225
427.5,-0.463320732
427.6000061,-0.464274406
427.7000122,-0.46432209
427.8000183,-0.462891579
427.8999939,-0.461663723
428,-0.459172249
428.1000061,-0.460268974
428.2000122,-0.454022408
428.3000183,-0.462367058
428.3999939,-0.453402519
428.5,-0.455500603
428.6000061,-0.458266258
428.7000122,-0.459887505
428.8000183,-0.4577775
428.8999939,-0.4552145
429,-0.457741737
429.1000061,-0.460936546
429.2000122,-0.45969677
429.3000183,-0.457026482
429.3999939,-0.458361626
429.5,-0.459589481
429.6000061,-0.461508751
429.7000122,-0.461461067
429.8000183,-0.456692696
429.8999939,-0.459362984
430,-0.462891579
430.1000061,-0.450541496
430.2000122,-0.457503319
430.3000183,-0.453736305
430.3999939,-0.449826241
430.5,-0.459219933
430.6000061,-0.454165459
430.7000122,-0.464083672
430.8000183,-0.454356194
430.8999939,-0.458504677
431,-0.455452919
431.1000061,-0.454260826
431.2000122,-0.456597328
431.3000183,-0.460221291
431.3999939,-0.451495171
431.5,-0.462033272
431.6000061,-0.449635506
431.7000122,-0.455786705
431.8000183,-0.450827599
431.8999939,-0.458790779
432,-0.45430851
432.1000061,-0.452067375
432.2000122,-0.457980156
432.3000183,-0.45559597
432.3999939,-0.459553719
432.5,-0.457884789
432.6000061,-0.451733589
432.7000122,-0.457551003
432.8000183,-0.451828957
432.8999939,-0.456215858
433,-0.459458351
433.1000061,-0.457789421
433.2000122,-0.454165459
433.3000183,-0.450636864
433.3999939,-0.459410667
433.5,-0.452877998
433.6000061,-0.459267616
433.7000122,-0.45354557
433.8000183,-0.452019691
433.8999939,-0.458743095
434,-0.449444771
434.1000061,-0.455166817
434.2000122,-0.454403877
434.3000183,-0.45379591
434.3999939,-0.453497887
434.5,-0.452115059
434.6000061,-0.447394371
434.7000122,-0.451209068
434.8000183,-0.456263542
434.8999939,-0.455452919
435,-0.45417738
435.1000061,-0.453450203
435.2000122,-0.451542854
435.3000183,-0.455739021
435.3999939,-0.459792137
435.5,-0.453736305
435.6000061,-0.457169533
435.7000122,-0.450565338
435.8000183,-0.447918892
435.8999939,-0.45173955
436,-0.4552145
436.1000061,-0.453259468
436.2000122,-0.450922966
436.3000183,-0.449110985
436.3999939,-0.445916176
436.5,-0.454165459
436.6000061,-0.448252678
436.7000122,-0.451018333
436.8000183,-0.45199585
436.8999939,-0.452454805
437,-0.453307152
437.1000061,-0.453497887
437.2000122,-0.453807831
437.3000183,-0.456215858
437.3999939,-0.452210426
437.5,-0.448824883
437.6000061,-0.450064659
437.7000122,-0.447203636
437.8000183,-0.451399803
437.8999939,-0.448824883
438,-0.450875282
438.1000061,-0.448073864
438.2000122,-0.445630074
438.3000183,-0.446965218
438.3999939,-0.45187664
438.5,-0.446297646
438.6000061,-0.448824883
438.7000122,-0.45263958
438.8000183,-0.452210426
438.8999939,-0.451972008
439,-0.452544212
439.1000061,-0.450350761
439.2000122,-0.455643654
439.3000183,-0.443722725
439.3999939,-0.448681831
439.5,-0.443198204
439.6000061,-0.457980156
439.7000122,-0.449492455
439.8000183,-0.441958427
439.8999939,-0.44315052
440,-0.445630074
440.1000061,-0.44930172
440.2000122,-0.448109627
440.3000183,-0.439860344
440.3999939,-0.451924324
440.5,-0.442149162
440.6000061,-0.446679115
440.7000122,-0.443579674
440.8000183,-0.444628716
440.8999939,-0.444867134
441,-0.441624641
441.1000061,-0.443806171
441.2000122,-0.444724083
441.3000183,-0.444008827
441.3999939,-0.45187664
441.5,-0.449206352
441.6000061,-0.443198204
441.7000122,-0.442912102
441.8000183,-0.443722725
441.8999939,-0.446345329
442,-0.442435265
442.1000061,-0.44481945
442.2000122,-0.441290855
442.3000183,-0.444151878
442.3999939,-0.448204994
442.5,-0.445630074
442.6000061,-0.440003395
442.7000122,-0.447966576
442.8000183,-0.44315052
442.8999939,-0.444485664
443,-0.443114758
443.1000061,-0.442482948
443.2000122,-0.442339897
443.3000183,-0.442828655
443.3999939,-0.442283273
443.5,-0.441910744
443.6000061,-0.442053795
443.7000122,-0.441100121
443.8000183,-0.441195488
443.8999939,-0.436665058
444,-0.446440697
444.1000061,-0.437141895
444.2000122,-0.440432549
444.3000183,-0.439240456
444.3999939,-0.442149162
444.5,-0.432993412
444.6000061,-0.446679115
444.7000122,-0.438334465
444.8000183,-0.44391346
444.8999939,-0.43528223
445,-0.444342613
445.1000061,-0.442053795
445.2000122,-0.442196846
445.3000183,-0.44429493
445.3999939,-0.438191414
445.5,-0.443055153
445.6000061,-0.43528223
445.7000122,-0.440718651
445.8000183,-0.440241814
445.8999939,-0.439717293
446,-0.436689138
446.1000061,-0.430943012
446.2000122,-0.435854435
446.3000183,-0.440766335
446.3999939,-0.438096046
446.5,-0.440718651
446.6000061,-0.442149162
446.7000122,-0.44186306
446.8000183,-0.443138599
446.8999939,-0.444056511
447,-0.444485664
447.1000061,-0.434471607
447.2000122,-0.449587822
447.3000183,-0.437237263
447.3999939,-0.445153236
447.5,-0.436474323
447.6000061,-0.43943119
447.7000122,-0.436331272
447.8000183,-0.441815376
447.8999939,-0.437284946
448,-0.438382149
448.1000061,-0.435711384
448.2000122,-0.434090137
448.3000183,-0.43437624
448.3999939,-0.43475771
448.5,-0.440766335
448.6000061,-0.442435265
448.7000122,-0.434566975
448.8000183,-0.436331272
448.8999939,-0.432993412
449,-0.435627937
449.1000061,-0.437475681
449.2000122,-0.435711384
449.3000183,-0.437475681
449.3999939,-0.434090137
449.5,-0.435902119
449.6000061,-0.437261343
449.7000122,-0.439240456
449.8000183,-0.43981266
449.8999939,-0.439621925
450,-0.437678576
450.1000061,-0.43604517
450.2000122,-0.435234547
450.3000183,-0.437618971
450.3999939,-0.438858986
450.5,-0.440337181
450.6000061,-0.440372944
450.7000122,-0.442769051
450.8000183,-0.439526558
450.8999939,-0.43399477
451,-0.437094212
451.1000061,-0.437952995
451.2000122,-0.435949802
451.3000183,-0.437380314
451.3999939,-0.436188221
451.5,-0.436760426
451.6000061,-0.436140537
451.7000122,-0.43733263
451.8000183,-0.437475681
451.8999939,-0.44019413
452,-0.437952995
452.1000061,-0.437118292
452.2000122,-0.434233189
452.3000183,-0.436092854
452.3999939,-0.431705952
452.5,-0.431229115
452.6000061,-0.43027544
452.7000122,-0.428654194
452.8000183,-0.429512501
452.8999939,-0.434996128
453,-0.426365376
453.1000061,-0.433565617
453.2000122,-0.435902119
453.3000183,-0.432278156
453.3999939,-0.432611942
453.5,-0.431515217
453.6000061,-0.422979832
453.7000122,-0.434471607
453.8000183,-0.429417133
453.8999939,-0.431467533
454,-0.428272724
454.1000061,-0.434662342
454.2000122,-0.432611942
454.3000183,-0.438811302
454.3999939,-0.43103838
454.5,-0.434471607
454.6000061,-0.429512501
454.7000122,-0.429417133
454.8000183,-0.433136463
454.8999939,-0.434566975
455,-0.425220966
455.1000061,-0.434042454
455.2000122,-0.430037022
455.3000183,-0.435616016
455.3999939,-0.423552036
455.5,-0.430370808
455.6000061,-0.425793171
455.7000122,-0.427271366
455.8000183,-0.430323124
455.8999939,-0.42989397
456,-0.430323124
456.1000061,-0.431634426
456.2000122,-0.433851719
456.3000183,-0.432468891
456.3999939,-0.429989338
456.5,-0.42565012
456.6000061,-0.429989338
456.7000122,-0.427938938
456.8000183,-0.431562901
456.8999939,-0.429035664
457,-0.426222324
457.1000061,-0.428034306
457.2000122,-0.429417133
457.3000183,-0.429083347
457.3999939,-0.430752277
457.5,-0.42565012
457.6000061,-0.421263218
457.7000122,-0.421501637
457.8000183,-0.423504353
457.8999939,-0.428511143
458,-0.425030231
458.1000061,-0.426842213
458.2000122,-0.431658268
458.3000183,-0.424934864
458.3999939,-0.427986622
458.5,-0.42565012
458.6000061,-0.426651478
458.7000122,-0.424839497
458.8000183,-0.425030231
458.8999939,-0.422026157
459,-0.420834064
459.1000061,-0.426222324
459.2000122,-0.431849003
459.3000183,-0.42603159
459.3999939,-0.427128315
459.5,-0.428511143
459.6000061,-0.426842213
459.7000122,-0.425745487
459.8000183,-0.425983906
459.8999939,-0.430132389
460,-0.426508427
460.1000061,-0.423265934
460.2000122,-0.41949892
460.3000183,-0.428415775
460.3999939,-0.419641972
460.5,-0.417591572
460.6000061,-0.427414417
460.7000122,-0.426746845
460.8000183,-0.427891254
460.8999939,-0.425077915
461,-0.421644688
461.1000061,-0.426317692
461.2000122,-0.422646046
461.3000183,-0.424660683
461.3999939,-0.424410343
461.5,-0.42526865
461.6000061,-0.413395405
461.7000122,-0.430799961
461.8000183,-0.419832706
461.8999939,-0.426460743
462,-0.425077915
462.1000061,-0.421644688
462.2000122,-0.420786381
462.3000183,-0.424458027
462.3999939,-0.427366734
462.5,-0.428034306
462.6000061,-0.426413059
462.7000122,-0.427366734
462.8000183,-0.425936222
462.8999939,-0.429083347
463,-0.424648762
463.1000061,-0.422073841
463.2000122,-0.419451237
463.3000183,-0.425077915
463.3999939,-0.434233189
463.5,-0.420309544
463.6000061,-0.426746845
463.7000122,-0.424839497
463.8000183,-0.420166492
463.8999939,-0.426126957
464,-0.420881748
464.1000061,-0.423742771
464.2000122,-0.426985264
464.3000183,-0.419975758
464.3999939,-0.414778233
464.5,-0.423313618
464.6000061,-0.413824558
464.7000122,-0.424267292
464.8000183,-0.428844929
464.8999939,-0.418735981
465,-0.413919926
465.1000061,-0.420118809
465.2000122,-0.421024799
465.3000183,-0.419022083
465.3999939,-0.419737339
465.5,-0.421883106
465.6000061,-0.420500278
465.7000122,-0.419773102
465.8000183,-0.418545246
465.8999939,-0.418163776
466,-0.420154572
466.1000061,-0.421740055
466.2000122,-0.422169209
466.3000183,-0.424171925
466.3999939,-0.418735981
466.5,-0.424124241
466.6000061,-0.415970325
466.7000122,-0.422359943
466.8000183,-0.422693729
466.8999939,-0.42154932
467,-0.419832706
467.1000061,-0.421310902
467.2000122,-0.420214176
467.3000183,-0.418259144
467.3999939,-0.41525507
467.5,-0.416256428
467.6000061,-0.419355869
467.7000122,-0.41153574
467.8000183,-0.416304111
467.8999939,-0.422216892
468,-0.41616106
468.1000061,-0.414968967
468.2000122,-0.416971684
468.3000183,-0.423695087
468.3999939,-0.418926716
468.5,-0.421644688
468.6000061,-0.4189744
468.7000122,-0.419475079
468.8000183,-0.419212818
468.8999939,-0.418068409
469,-0.417448521
469.1000061,-0.41616106
469.2000122,-0.412394047
469.3000183,-0.415064335
469.3999939,-0.418306828
469.5,-0.413395405
469.6000061,-0.416924
469.7000122,-0.416637897
469.8000183,-0.416685581
469.8999939,-0.414301395
470,-0.414587498
470.1000061,-0.4164114
470.2000122,-0.418831348
470.3000183,-0.417925358
470.3999939,-0.415731907
470.5,-0.41718626
470.6000061,-0.41616106
470.7000122,-0.418926716
470.8000183,-0.422455311
470.8999939,-0.412250996
471,-0.426270008
471.1000061,-0.411058903
471.2000122,-0.41358614
471.3000183,-0.408770084
471.3999939,-0.413347721
471.5,-0.415588856
471.6000061,-0.415970325
471.7000122,-0.416637897
471.8000183,-0.416494846
471.8999939,-0.416018009
472,-0.417353153
472.1000061,-0.415731907
472.2000122,-0.415684223
472.3000183,-0.414778233
472.3999939,-0.4148736
472.5,-0.413562298
472.6000061,-0.413156986
472.7000122,-0.411440372
472.8000183,-0.411726475
472.8999939,-0.414444447
473,-0.411821842
473.1000061,-0.410272121
473.2000122,-0.40781641
473.3000183,-0.407005787
473.3999939,-0.410033703
473.5,-0.409437656
473.6000061,-0.415874958
473.7000122,-0.409246922
473.8000183,-0.413395405
473.8999939,-0.414682865
474,-0.409676075
474.1000061,-0.4148736
474.2000122,-0.40910387
474.3000183,-0.411964893
474.3999939,-0.412346363
474.5,-0.414301395
474.6000061,-0.404907703
474.7000122,-0.417925358
474.8000183,-0.407053471
474.8999939,-0.410725117
475,-0.412346363
475.1000061,-0.413538456
475.2000122,-0.413538456
475.3000183,-0.414253712
475.3999939,-0.414015293
475.5,-0.409819126
475.6000061,-0.405909061
475.7000122,-0.412203312
475.8000183,-0.407959461
475.8999939,-0.409628391
476,-0.412346363
476.1000061,-0.411392689
476.2000122,-0.412203312
476.3000183,-0.406910419
476.3999939,-0.405479908
476.5,-0.411488056
476.6000061,-0.408054829
476.7000122,-0.411678791
476.8000183,-0.407721043
476.8999939,-0.414158344
477,-0.402666569
477.1000061,-0.407911777
477.2000122,-0.406815052
477.3000183,-0.403381824
477.3999939,-0.400854588
477.5,-0.407005787
477.6000061,-0.413061619
477.7000122,-0.409342289
477.8000183,-0.412966251
477.8999939,-0.407101154
478,-0.411869526
478.1000061,-0.414587498
478.2000122,-0.400091648
478.3000183,-0.405336857
478.3999939,-0.406314373
478.5,-0.410820484
478.6000061,-0.409008503
478.7000122,-0.408889294
478.8000183,-0.407768726
478.8999939,-0.407959461
479,-0.409687996
479.1000061,-0.410534382
479.2000122,-0.412489414
479.3000183,-0.415588856
479.3999939,-0.410713196
479.5,-0.407482624
479.6000061,-0.407291889
479.7000122,-0.410415173
479.8000183,-0.413967609
479.8999939,-0.412918568
480,-0.409544945
480.1000061,-0.404430866
480.2000122,-0.406862736
480.3000183,-0.40319109
480.3999939,-0.409676075
480.5,-0.41153574
480.6000061,-0.40781641
480.7000122,-0.405241489
480.8000183,-0.413967609
480.8999939,-0.404192448
481,-0.410057545
481.1000061,-0.405479908
481.2000122,-0.403429508
481.3000183,-0.404585838
481.3999939,-0.405527592
481.5,-0.403906345
481.6000061,-0.409819126
481.7000122,-0.40447855
481.8000183,-0.408531666
481.8999939,-0.409199238
482,-0.406910419
482.1000061,-0.405718327
482.2000122,-0.403477192
482.3000183,-0.397564411
482.3999939,-0.400806904
482.5,-0.404383183
482.6000061,-0.404573917
482.7000122,-0.407721043
482.8000183,-0.408627033
482.8999939,-0.402904987
483,-0.403143406
483.1000061,-0.412584782
483.2000122,-0.405146122
483.3000183,-0.397182941
483.3999939,-0.403143406
483.5,-0.406815052
483.6000061,-0.402761936
483.7000122,-0.400806904
483.8000183,-0.410295963
483.8999939,-0.408531666
484,-0.40075922
484.1000061,-0.401903629
484.2000122,-0.408436298
484.3000183,-0.403858662
484.3999939,-0.407101154
484.5,-0.405909061
484.6000061,-0.405956745
484.7000122,-0.406719685
484.8000183,-0.404407024
484.8999939,-0.403810978
485,-0.40114069
485.1000061,-0.40486002
485.2000122,-0.398136616
485.3000183,-0.40743494
485.3999939,-0.394846439
485.5,-0.409294605
485.6000061,-0.398613453
485.7000122,-0.409723759
485.8000183,-0.404383183
485.8999939,-0.405694485
486,-0.40486002
486.1000061,-0.403810978
486.2000122,-0.400187016
486.3000183,-0.399185658
486.3999939,-0.396956444
486.5,-0.397460103
486.6000061,-0.396229267
486.7000122,-0.397469044
486.8000183,-0.39780283
486.8999939,-0.39985323
487,-0.404192448
487.1000061,-0.399137974
487.2000122,-0.394512653
487.3000183,-0.401998997
487.3999939,-0.401379108
487.5,-0.400425434
487.6000061,-0.395418644
487.7000122,-0.398231983
487.8000183,-0.402618885
487.8999939,-0.399710178
488,-0.401283741
488.1000061,-0.396372318
488.2000122,-0.399996281
488.3000183,-0.397516727
488.3999939,-0.407387257
488.5,-0.401093006
488.6000061,-0.395227909
488.7000122,-0.391270161
488.8000183,-0.394739151
488.8999939,-0.396420002
489,-0.396038532
489.1000061,-0.395323277
489.2000122,-0.39446497
489.3000183,-0.403381824
489.3999939,-0.397087574
489.5,-0.388504505
489.6000061,-0.397135258
489.7000122,-0.402666569
489.8000183,-0.40204668
489.8999939,-0.40280962
490,-0.398792267
490.1000061,-0.39537096
490.2000122,-0.394941807
490.3000183,-0.39985323
490.3999939,-0.398375034
490.5,-0.403000355
490.6000061,-0.400806904
490.7000122,-0.398613453
490.8000183,-0.393988132
490.8999939,-0.396658421
491,-0.396038532
491.1000061,-0.395084858
491.2000122,-0.404001713
491.3000183,-0.387360096
491.3999939,-0.405718327
491.5,-0.399376392
491.6000061,-0.395275593
491.7000122,-0.396276951
491.8000183,-0.396610737
491.8999939,-0.394608021
492,-0.397945881
492.1000061,-0.391460896
492.2000122,-0.395704746
492.3000183,-0.391746998
492.3999939,-0.40075922
492.5,-0.398994923
492.6000061,-0.393463612
492.7000122,-0.398518085
492.8000183,-0.395514011
492.8999939,-0.392986774
493,-0.383783817
493.1000061,-0.398184299
493.2000122,-0.388885975
493.3000183,-0.393940449
493.3999939,-0.389696598
493.5,-0.395943165
493.6000061,-0.400043964
493.7000122,-0.393082142
493.8000183,-0.394035816
493.8999939,-0.407577991
494,-0.388170719
494.1000061,-0.398613453
494.2000122,-0.389744282
494.3000183,-0.394369602
494.3999939,-0.391174793
494.5,-0.392271519
494.6000061,-0.393463612
494.7000122,-0.397850513
494.8000183,-0.386930943
494.8999939,-0.395132542
495,-0.388742924
495.1000061,-0.39279604
495.2000122,-0.395847797
495.3000183,-0.387979984
495.3999939,-0.391079426
495.5,-0.389458179
495.6000061,-0.38792038
495.7000122,-0.384308338
495.8000183,-0.386835575
495.8999939,-0.38715744
496,-0.387130618
496.1000061,-0.386930943
496.2000122,-0.387598515
496.3000183,-0.398279667
496.3999939,-0.391460896
496.5,-0.38240099
496.6000061,-0.393225193
496.7000122,-0.388075352
496.8000183,-0.390650272
496.8999939,-0.391031742
497,-0.389887333
497.1000061,-0.390268803
497.2000122,-0.38740778
497.3000183,-0.395418644
497.3999939,-0.389410496
497.5,-0.392223835
497.6000061,-0.387693882
497.7000122,-0.392462254
497.8000183,-0.397135258
497.8999939,-0.394703388
498,-0.39537096
498.1000061,-0.392509937
498.2000122,-0.39165163
498.3000183,-0.395323277
498.3999939,-0.38831377
498.5,-0.377871037
498.6000061,-0.380922794
498.7000122,-0.381876469
498.8000183,-0.382830143
498.8999939,-0.385881901
499,-0.391413212
499.1000061,-0.391031742
499.2000122,-0.386501789
499.3000183,-0.387312412
499.3999939,-0.38702631
499.5,-0.388456821
499.6000061,-0.385834217
499.7000122,-0.386740208
499.8000183,-0.389791965
499.8999939,-0.392700672
500,-0.393892765
500.1000061,-0.39370203
500.2000122,-0.384880543
500.3000183,-0.379826069
500.3999939,-0.392080784
500.5,-0.387789249
500.6000061,-0.386072636
500.7000122,-0.388266087
500.8000183,-0.388409138
500.8999939,-0.385798454
501,-0.382114887
501.1000061,-0.384403706
501.2000122,-0.387360096
501.3000183,-0.391794682
501.3999939,-0.39112711
501.5,-0.394798756
501.6000061,-0.38740778
501.7000122,-0.39537096
501.8000183,-0.383450031
501.8999939,-0.395990849
502,-0.38740778
502.1000061,-0.389172077
502.2000122,-0.390125751
502.3000183,-0.389362812
502.3999939,-0.38330698
502.5,-0.377966404
502.6000061,-0.383450031
502.7000122,-0.389648914
502.8000183,-0.380398273
502.8999939,-0.38573885
503,-0.389267445
503.1000061,-0.383974552
503.2000122,-0.383163929
503.3000183,-0.384880543
503.3999939,-0.386740208
503.5,-0.388075352
503.6000061,-0.388790607
503.7000122,-0.385118961
503.8000183,-0.386835575
503.8999939,-0.380684376
504,-0.383450031
504.1000061,-0.381113529
504.2000122,-0.390078068
504.3000183,-0.386883259
504.3999939,-0.381113529
504.5,-0.385214329
504.6000061,-0.380827427
504.7000122,-0.385977268
504.8000183,-0.385643482
504.8999939,-0.38831377
505,-0.387073994
505.1000061,-0.382687092
505.2000122,-0.380732059
505.3000183,-0.384403706
505.3999939,-0.385929585
505.5,-0.388027668
505.6000061,-0.389219761
505.7000122,-0.392557621
505.8000183,-0.390030384
505.8999939,-0.385977268
506,-0.393940449
506.1000061,-0.387169361
506.2000122,-0.379349232
506.3000183,-0.383163929
506.3999939,-0.383497715
506.5,-0.386549473
506.6000061,-0.387979984
506.7000122,-0.391270161
506.8000183,-0.387872696
506.8999939,-0.386024952
507,-0.386215687
507.1000061,-0.38907671
507.2000122,-0.37868166
507.3000183,-0.388456821
507.3999939,-0.383354664
507.5,-0.386024952
507.6000061,-0.379873753
507.7000122,-0.374485493
507.8000183,-0.381351948
507.8999939,-0.376059055
508,-0.382639408
508.1000061,-0.382496357
508.2000122,-0.384785175
508.3000183,-0.385786533
508.3999939,-0.390030384
508.5,-0.377537251
508.6000061,-0.384260654
508.7000122,-0.378061771
508.8000183,-0.386024952
508.8999939,-0.388838291
509,-0.381399632
509.1000061,-0.390316486
509.2000122,-0.375772953
509.3000183,-0.376774311
509.3999939,-0.381542683
509.5,-0.373054981
509.6000061,-0.384308338
509.7000122,-0.378633976
509.8000183,-0.380827427
509.8999939,-0.37907505
510,-0.377823353
510.1000061,-0.379015446
510.2000122,-0.38201952
510.3000183,-0.379873753
510.3999939,-0.381065845
510.5,-0.377978325
510.6000061,-0.375439167
510.7000122,-0.375534534
510.8000183,-0.379241943
510.8999939,-0.382448673
511,-0.383545399
511.1000061,-0.383211613
511.2000122,-0.381208897
511.3000183,-0.385548115
511.3999939,-0.382973194
511.5,-0.382102966
511.6000061,-0.380445957
511.7000122,-0.379444599
511.8000183,-0.385262012
511.8999939,-0.380064487
512,-0.373341084
512.1000366,-0.377108097
512.2000122,-0.383736134
512.2999878,-0.376011372
512.4000244,-0.37958765
512.5,-0.383116245
512.6000366,-0.383783817
512.7000122,-0.376917362
512.7999878,-0.378109455
512.9000244,-0.381733418
513,-0.3753438
513.1000366,-0.386358738
513.2000122,-0.377251148
513.2999878,-0.368858814
513.4000244,-0.37791872
513.5,-0.373865604
513.6000366,-0.37701273
513.7000122,-0.380875111
513.7999878,-0.376917362
513.9000244,-0.376488209
514,-0.378061771
514.1000366,-0.376142502
514.2000122,-0.375677586
514.2999878,-0.374342442
514.4000244,-0.376965046
514.5,-0.381924152
514.6000366,-0.376965046
514.7000122,-0.381971836
514.7999878,-0.380398273
514.9000244,-0.38497591
515,-0.383020878
515.1000366,-0.376392841
515.2000122,-0.382257938
515.2999878,-0.375820637
515.4000244,-0.376535892
515.5,-0.371862888
515.6000366,-0.380207539
515.7000122,-0.369431019
515.7999878,-0.380875111
515.9000244,-0.37624979
516,-0.37663126
516.1000366,-0.377489567
516.2000122,-0.379730701
516.2999878,-0.373865604
516.4000244,-0.382687092
516.5,-0.372292042
516.6000366,-0.372005939
516.7000122,-0.373019218
516.7999878,-0.373722553
516.9000244,-0.374056339
517,-0.373591423
517.1000366,-0.373054981
517.2000122,-0.373531818
517.2999878,-0.371147633
517.4000244,-0.373388767
517.5,-0.37458086
517.6000366,-0.370623112
517.7000122,-0.369860172
517.7999878,-0.378204823
517.9000244,-0.380398273
518,-0.380779743
518.1000366,-0.378872395
518.2000122,-0.375629902
518.2999878,-0.38163805
518.4000244,-0.372768879
518.5,-0.381399632
518.6000366,-0.369621754
518.7000122,-0.376440525
518.7999878,-0.377298832
518.9000244,-0.371433735
519,-0.370813847
519.1000366,-0.37188673
519.2000122,-0.3732934
519.2999878,-0.372005939
519.4000244,-0.375010014
519.5,-0.376678944
519.6000366,-0.371862888
519.7000122,-0.371147633
519.7999878,-0.370003223
519.9000244,-0.371290684
520,-0.376488209
520.1000366,-0.374628544
520.2000122,-0.376821995
520.2999878,-0.369335651
520.4000244,-0.371719837
520.5,-0.370742321
520.6000366,-0.369812489
520.7000122,-0.372101307
520.7999878,-0.373388767
520.9000244,-0.371243
521,-0.3753438
521.1000366,-0.368000507
521.2000122,-0.373627186
521.2999878,-0.363852024
521.4000244,-0.373484135
521.5,-0.377060413
521.6000366,-0.367475986
521.7000122,-0.3691926
521.7999878,-0.373627186
521.9000244,-0.373245716
522,-0.370301247
522.1000366,-0.36828661
522.2000122,-0.366045475
522.2999878,-0.370766163
522.4000244,-0.363422871
522.5,-0.374294758
522.6000366,-0.370718479
522.7000122,-0.37458086
522.7999878,-0.367714405
522.9000244,-0.37253046
523,-0.373054981
523.1000366,-0.366426945
523.2000122,-0.367380619
523.2999878,-0.368155479
523.4000244,-0.370337009
523.5,-0.368477345
523.6000366,-0.370909214
523.7000122,-0.371576786
523.7999878,-0.376345158
523.9000244,-0.363613605
524,-0.369669437
524.1000366,-0.372673512
524.2000122,-0.372482777
524.2999878,-0.374866962
524.4000244,-0.366140842
524.5,-0.372482777
524.6000366,-0.362850666
524.7000122,-0.36828661
524.7999878,-0.375200748
524.9000244,-0.369383335
525,-0.374342442
525.1000366,-0.370909214
525.2000122,-0.370766163
525.2999878,-0.369144917
525.4000244,-0.371815205
525.5,-0.369526386
525.6000366,-0.364471912
525.7000122,-0.363947392
525.7999878,-0.372053623
525.9000244,-0.376059055
526,-0.373102665
526.1000366,-0.375403404
526.2000122,-0.374723911
526.2999878,-0.377727985
526.4000244,-0.366379261
526.5,-0.375248432
526.6000366,-0.363232136
526.7000122,-0.368381977
526.7999878,-0.371481419
526.9000244,-0.36752367
527,-0.363661289
527.1000366,-0.361610889
527.2000122,-0.366093159
527.2999878,-0.365282536
527.4000244,-0.367619038
527.5,-0.373722553
527.6000366,-0.365091801
527.7000122,-0.369526386
527.7999878,-0.365044117
527.9000244,-0.36547327
528,-0.365973949
528.1000366,-0.36623621
528.2000122,-0.3671422
528.2999878,-0.368954182
528.4000244,-0.367857456
528.5,-0.365997791
528.6000366,-0.363613605
528.7000122,-0.37253046
528.7999878,-0.37586832
528.9000244,-0.366760731
529,-0.367428303
529.1000366,-0.363327503
529.2000122,-0.362802982
529.2999878,-0.361181736
529.4000244,-0.364638805
529.5,-0.366045475
529.6000366,-0.368525028
529.7000122,-0.359798908
529.7999878,-0.365520954
529.9000244,-0.363613605
530,-0.371052265
530.1000366,-0.366713047
530.2000122,-0.358273029
530.2999878,-0.368000507
530.4000244,-0.36289835
530.5,-0.362183094
530.6000366,-0.361992359
530.7000122,-0.364662647
530.7999878,-0.366474628
530.9000244,-0.368000507
531,-0.369049549
531.1000366,-0.364328861
531.2000122,-0.365234852
531.2999878,-0.366021633
531.4000244,-0.366951466
531.5,-0.365002394
531.6000366,-0.363184452
531.7000122,-0.363852024
531.7999878,-0.36661768
531.9000244,-0.365377903
532,-0.365103722
532.1000366,-0.364281178
532.2000122,-0.364138126
532.2999878,-0.361336708
532.4000244,-0.358177662
532.5,-0.358749866
532.6000366,-0.358225346
532.7000122,-0.363232136
532.7999878,-0.365282536
532.9000244,-0.363995075
533,-0.364758015
533.1000366,-0.35841608
533.2000122,-0.360561848
533.2999878,-0.366331577
533.4000244,-0.366045475
533.5,-0.364841461
533.6000366,-0.361467838
533.7000122,-0.365520954
533.7999878,-0.368381977
533.9000244,-0.361038685
534,-0.368811131
534.1000366,-0.358702183
534.2000122,-0.362469196
534.2999878,-0.365377903
534.4000244,-0.365377903
534.5,-0.361277103
534.6000366,-0.360371113
534.7000122,-0.361038685
534.7999878,-0.362564564
534.9000244,-0.360371113
535,-0.352217197
535.1000366,-0.359131336
535.2000122,-0.366283894
535.2999878,-0.362946033
535.4000244,-0.358463764
535.5,-0.359608173
535.6000366,-0.360800266
535.7000122,-0.358845234
535.7999878,-0.364710331
535.9000244,-0.362707615
536,-0.36380434
536.1000366,-0.359274387
536.2000122,-0.36213541
536.2999878,-0.357557774
536.4000244,-0.36456728
536.5,-0.362612247
536.6000366,-0.356890202
536.7000122,-0.354315281
536.7999878,-0.361706257
536.9000244,-0.357176304
537,-0.35841608
537.1000366,-0.363327503
537.2000122,-0.359274387
537.2999878,-0.362564564
537.4000244,-0.354696751
537.5,-0.359369755
537.6000366,-0.364138126
537.7000122,-0.362659931
537.7999878,-0.362504959
537.9000244,-0.360418797
538,-0.362802982
538.1000366,-0.35751009
538.2000122,-0.35879755
538.2999878,-0.359083652
538.4000244,-0.354935169
538.5,-0.353456974
538.6000366,-0.354839802
538.7000122,-0.36046648
538.7999878,-0.362993717
538.9000244,-0.356985569
539,-0.362993717
539.1000366,-0.357080936
539.2000122,-0.355507374
539.2999878,-0.352550983
539.4000244,-0.360371113
539.5,-0.358273029
539.6000366,-0.357903481
539.7000122,-0.355984211
539.7999878,-0.356985569
539.9000244,-0.356365681
540,-0.357605457
540.1000366,-0.358082294
540.2000122,-0.358988285
540.2999878,-0.356556416
540.4000244,-0.351788044
540.5,-0.36623621
540.6000366,-0.354267597
540.7000122,-0.358463764
540.7999878,-0.357414722
540.9000244,-0.357223988
541,-0.355698109
541.1000366,-0.356556416
541.2000122,-0.356246471
541.2999878,-0.356127262
541.4000244,-0.356604099
541.5,-0.360132694
541.6000366,-0.36046648
541.7000122,-0.357307434
541.7999878,-0.354839802
541.9000244,-0.35379076
542,-0.359322071
542.1000366,-0.361944675
542.2000122,-0.355745792
542.2999878,-0.354839802
542.4000244,-0.353886127
542.5,-0.351358891
542.6000366,-0.353600025
542.7000122,-0.353695393
542.7999878,-0.355888844
542.9000244,-0.353933811
543,-0.358940601
543.1000366,-0.349451542
543.2000122,-0.359322071
543.2999878,-0.353218555
543.4000244,-0.343491077
543.5,-0.348831654
543.6000366,-0.360132694
543.7000122,-0.351358891
543.7999878,-0.356604099
543.9000244,-0.355030537
544,-0.352360249
544.1000366,-0.356079578
544.2000122,-0.352694035
544.2999878,-0.352741718
544.4000244,-0.356317997
544.5,-0.354792118
544.6000366,-0.352264881
544.7000122,-0.361896992
544.7999878,-0.357367039
544.9000244,-0.353361607
545,-0.358606815
545.1000366,-0.357653141
545.2000122,-0.357009411
545.2999878,-0.357223988
545.4000244,-0.354553699
545.5,-0.356389523
545.6000366,-0.35789156
545.7000122,-0.355888844
545.7999878,-0.346018314
545.9000244,-0.346113682
546,-0.352789402
546.1000366,-0.3504529
546.2000122,-0.356079578
546.2999878,-0.350214481
546.4000244,-0.355030537
546.5,-0.3525033
546.6000366,-0.351549625
546.7000122,-0.348688602
546.7999878,-0.350405216
546.9000244,-0.356890202
547,-0.357367039
547.1000366,-0.354720592
547.2000122,-0.352455616
547.2999878,-0.352169514
547.4000244,-0.350429058
547.5,-0.347353458
547.6000366,-0.349737644
547.7000122,-0.352884769
547.7999878,-0.349499226
547.9000244,-0.347401142
548,-0.347973347
548.1000366,-0.349260807
548.2000122,-0.354696751
548.2999878,-0.353552341
548.4000244,-0.355507374
548.5,-0.345875263
548.6000366,-0.351644993
548.7000122,-0.35584116
548.7999878,-0.356604099
548.9000244,-0.355793476
549,-0.3525033
549.1000366,-0.342775822
549.2000122,-0.353313923
549.2999878,-0.34544611
549.4000244,-0.353456974
549.5,-0.3463521
549.6000366,-0.344397068
549.7000122,-0.347973347
549.7999878,-0.3525033
549.9000244,-0.35174036
550,-0.349642277
550.1000366,-0.348450184
550.2000122,-0.350631714
550.2999878,-0.352550983
550.4000244,-0.351883411
550.5,-0.347925663
550.6000366,-0.351168156
550.7000122,-0.348879337
550.7999878,-0.352026463
550.9000244,-0.349785328
551,-0.351168156
551.1000366,-0.342251301
551.2000122,-0.345875263
551.2999878,-0.354982853
551.4000244,-0.3525033
551.5,-0.349260807
551.6000366,-0.350309849
551.7000122,-0.345541477
551.7999878,-0.344540119
551.9000244,-0.345350742
552,-0.348259449
552.1000366,-0.346924305
552.2000122,-0.351072788
552.2999878,-0.3463521
552.4000244,-0.342871189
552.5,-0.345827579
552.6000366,-0.346828938
552.7000122,-0.351549625
552.7999878,-0.345207691
552.9000244,-0.340582371
553,-0.353170872
553.1000366,-0.350262165
553.2000122,-0.34749651
553.2999878,-0.347877979
553.4000244,-0.348259449
553.5,-0.350691319
553.6000366,-0.35174036
553.7000122,-0.34749651
553.7999878,-0.349403858
553.9000244,-0.350691319
554,-0.35212183
554.1000366,-0.3494277
554.2000122,-0.347591877
554.2999878,-0.347305775
554.4000244,-0.341440678
554.5,-0.342012882
554.6000366,-0.344480515
554.7000122,-0.346924305
554.7999878,-0.347544193
554.9000244,-0.350357533
555,-0.348164082
555.1000366,-0.347031593
555.2000122,-0.344826221
555.2999878,-0.344778538
555.4000244,-0.343252659
555.5,-0.344921589
555.6000366,-0.34506464
555.7000122,-0.346590519
555.7999878,-0.350977421
555.9000244,-0.347353458
556,-0.353886127
556.1000366,-0.350214481
556.2000122,-0.345112324
556.2999878,-0.349785328
556.4000244,-0.351120472
556.5,-0.344063282
556.6000366,-0.347305775
556.7000122,-0.342680454
556.7999878,-0.345636845
556.9000244,-0.349833012
557,-0.344873905
557.1000366,-0.345827579
557.2000122,-0.346542835
557.2999878,-0.348736286
557.4000244,-0.348807812
557.5,-0.348879337
557.6000366,-0.351072788
557.7000122,-0.35083437
557.7999878,-0.349236965
557.9000244,-0.346590519
558,-0.348450184
558.1000366,-0.343538761
558.2000122,-0.350023746
558.2999878,-0.344492435
558.4000244,-0.346971989
558.5,-0.346495152
558.6000366,-0.347401142
558.7000122,-0.349225044
558.7999878,-0.350691319
558.9000244,-0.352312565
559,-0.344730854
559.1000366,-0.339533329
559.2000122,-0.345636845
559.2999878,-0.348164082
559.4000244,-0.349213123
559.5,-0.344254017
559.6000366,-0.346256733
559.7000122,-0.340725422
559.7999878,-0.350166798
559.9000244,-0.342728138
560,-0.343204975
560.1000366,-0.342775822
560.2000122,-0.342298985
560.2999878,-0.346828938
560.4000244,-0.34339571
560.5,-0.351501942
560.6000366,-0.342918873
560.7000122,-0.33710146
560.7999878,-0.347448826
560.9000244,-0.344301701
561,-0.347544193
561.1000366,-0.336672306
561.2000122,-0.342680454
561.2999878,-0.340582371
561.4000244,-0.343157291
561.5,-0.346781254
561.6000366,-0.345589161
561.7000122,-0.342489719
561.7999878,-0.34878397
561.9000244,-0.343967915
562,-0.338675022
562.1000366,-0.343061924
562.2000122,-0.348545551
562.2999878,-0.350643635
562.4000244,-0.341869831
562.5,-0.34673357
562.6000366,-0.341106892
562.7000122,-0.34377718
562.7999878,-0.336672306
562.9000244,-0.339437962
563,-0.336386204
563.1000366,-0.340725422
563.2000122,-0.34968996
563.2999878,-0.348831654
563.4000244,-0.343109608
563.5,-0.33800745
563.6000366,-0.341822147
563.7000122,-0.339628696
563.7999878,-0.346924305
563.9000244,-0.34301424
564,-0.335813999
564.1000366,-0.342585087
564.2000122,-0.345589161
564.2999878,-0.335909367
564.4000244,-0.337196827
564.5,-0.338961124
564.6000366,-0.33800745
564.7000122,-0.337912083
564.7999878,-0.34878397
564.9000244,-0.332762241
565,-0.345970631
565.1000366,-0.342346668
565.2000122,-0.334049702
565.2999878,-0.33671999
565.4000244,-0.341440678
565.5,-0.339819431
565.6000366,-0.340916157
565.7000122,-0.334049702
565.7999878,-0.34339571
565.9000244,-0.33877039
566,-0.340105534
566.1000366,-0.335766315
566.2000122,-0.337769032
566.2999878,-0.338675022
566.4000244,-0.339879036
566.5,-0.341392994
566.6000366,-0.341679096
566.7000122,-0.34210825
566.7999878,-0.340999603
566.9000244,-0.340343952
567,-0.339867115
567.1000366,-0.340498924
567.2000122,-0.341154575
567.2999878,-0.340630054
567.4000244,-0.338663101
567.5,-0.336672306
567.6000366,-0.336195469
567.7000122,-0.33710146
567.7999878,-0.332190037
567.9000244,-0.338245869
568,-0.341488361
568.1000366,-0.341691017
568.2000122,-0.344635487
568.2999878,-0.342394352
568.4000244,-0.337435246
568.5,-0.336052418
568.6000366,-0.339485645
568.7000122,-0.339151859
568.7999878,-0.338293552
568.9000244,-0.33800745
569,-0.336529255
569.1000366,-0.338579655
569.2000122,-0.337006092
569.2999878,-0.33710146
569.4000244,-0.335766315
569.5,-0.335718632
569.6000366,-0.333763599
569.7000122,-0.335623264
569.7999878,-0.331617832
569.9000244,-0.34210825
570,-0.334717274
570.1000366,-0.332333088
570.2000122,-0.330282688
570.2999878,-0.333501339
570.4000244,-0.333715916
570.5,-0.337673664
570.6000366,-0.334383488
570.7000122,-0.342442036
570.7999878,-0.336433887
570.9000244,-0.342394352
571,-0.342155933
571.1000366,-0.338913441
571.2000122,-0.337721348
571.2999878,-0.335289478
571.4000244,-0.337339878
571.5,-0.338436604
571.6000366,-0.332142353
571.7000122,-0.344730854
571.7999878,-0.334240437
571.9000244,-0.339771748
572,-0.33466959
572.1000366,-0.335194111
572.2000122,-0.333858967
572.2999878,-0.336195469
572.4000244,-0.331808567
572.5,-0.335432529
572.6000366,-0.334955692
572.7000122,-0.334049702
572.7999878,-0.33223772
572.9000244,-0.333572865
573,-0.342823505
573.1000366,-0.34043932
573.2000122,-0.335146427
573.2999878,-0.334002018
573.4000244,-0.335623264
573.5,-0.334729195
573.6000366,-0.333906651
573.7000122,-0.335384846
573.7999878,-0.337339878
573.9000244,-0.333978176
574,-0.333334446
574.1000366,-0.329853535
574.2000122,-0.335527897
574.2999878,-0.339914799
574.4000244,-0.335337162
574.5,-0.336290836
574.6000366,-0.336624622
574.7000122,-0.332523823
574.7999878,-0.335575581
574.9000244,-0.333334446
575,-0.335682869
575.1000366,-0.33800745
575.2000122,-0.335813999
575.2999878,-0.335909367
575.4000244,-0.333143711
575.5,-0.338531971
575.6000366,-0.335718632
575.7000122,-0.330997944
575.7999878,-0.330235004
575.9000244,-0.331140995
576,-0.335575581
576.1000366,-0.337292194
576.2000122,-0.337459087
576.2999878,-0.339724064
576.4000244,-0.337244511
576.5,-0.334848404
576.6000366,-0.331140995
576.7000122,-0.331284046
576.7999878,-0.335861683
576.9000244,-0.326277256
577,-0.336624622
577.1000366,-0.325800419
577.2000122,-0.332952976
577.2999878,-0.330425739
577.4000244,-0.326467991
577.5,-0.335575581
577.6000366,-0.34043932
577.7000122,-0.333429813
577.7999878,-0.337864399
577.9000244,-0.330997944
578,-0.330473423
578.1000366,-0.331522465
578.2000122,-0.328995228
578.2999878,-0.333048344
578.4000244,-0.338675022
578.5,-0.332476139
578.6000366,-0.330711842
578.7000122,-0.327469349
578.7999878,-0.327660084
578.9000244,-0.335575581
579,-0.33671999
579.1000366,-0.327850819
579.2000122,-0.332523823
579.2999878,-0.338961124
579.4000244,-0.326754093
579.5,-0.334908009
579.6000366,-0.32889986
579.7000122,-0.331903934
579.7999878,-0.334478855
579.9000244,-0.333620548
580,-0.333096027
580.1000366,-0.333858967
580.2000122,-0.336481571
580.2999878,-0.331665516
580.4000244,-0.320602894
580.5,-0.332046986
580.6000366,-0.337721348
580.7000122,-0.331760883
580.7999878,-0.337435246
580.9000244,-0.32594347
581,-0.335289478
581.1000366,-0.32928133
581.2000122,-0.326181889
581.2999878,-0.331379414
581.4000244,-0.324083805
581.5,-0.334860325
581.6000366,-0.329090595
581.7000122,-0.324989796
581.7999878,-0.337149143
581.9000244,-0.330378056
582,-0.332762241
582.1000366,-0.323988438
582.2000122,-0.339151859
582.2999878,-0.327850819
582.4000244,-0.330139637
582.5,-0.326944828
582.6000366,-0.333763599
582.7000122,-0.329615116
582.7999878,-0.324942112
582.9000244,-0.330187321
583,-0.332333088
583.1000366,-0.326658726
583.2000122,-0.334192753
583.2999878,-0.330616474
583.4000244,-0.331284046
583.5,-0.330592632
583.6000366,-0.330282688
583.7000122,-0.330187321
583.7999878,-0.334955692
583.9000244,-0.324703693
584,-0.330616474
584.1000366,-0.328423023
584.2000122,-0.32928133
584.2999878,-0.325895786
584.4000244,-0.327278614
584.5,-0.32889986
584.6000366,-0.326897144
584.7000122,-0.324703693
584.7999878,-0.323463917
584.9000244,-0.325657368
585,-0.327326298
585.1000366,-0.32837534
585.2000122,-0.32298708
585.2999878,-0.324894428
585.4000244,-0.326372623
585.5,-0.327469349
585.6000366,-0.329233646
585.7000122,-0.329376698
585.7999878,-0.325466633
585.9000244,-0.323559284
586,-0.331522465
586.1000366,-0.327087879
586.2000122,-0.328852177
586.2999878,-0.336529255
586.4000244,-0.337053776
586.5,-0.333346367
586.6000366,-0.328327656
586.7000122,-0.331474781
586.7999878,-0.33056879
586.9000244,-0.321413517
587,-0.319029331
587.1000366,-0.325371265
587.2000122,-0.335718632
587.2999878,-0.328661442
587.4000244,-0.327850819
587.5,-0.329245567
587.6000366,-0.331570148
587.7000122,-0.32889986
587.7999878,-0.321175098
587.9000244,-0.329567432
588,-0.336433887
588.1000366,-0.328852177
588.2000122,-0.33056879
588.2999878,-0.330866814
588.4000244,-0.332094669
588.5,-0.331951618
588.6000366,-0.330902576
588.7000122,-0.328184605
588.7999878,-0.323225498
588.9000244,-0.323750019
589,-0.322271824
589.1000366,-0.32131815
589.2000122,-0.326372623
589.2999878,-0.319983006
589.4000244,-0.323034763
589.5,-0.326849461
589.6000366,-0.330139637
589.7000122,-0.329162121
589.7999878,-0.329233646
589.9000244,-0.330425739
590,-0.329233646
590.1000366,-0.324083805
590.2000122,-0.327564716
590.2999878,-0.325764656
590.4000244,-0.326515675
590.5,-0.324894428
590.6000366,-0.327278614
590.7000122,-0.321508884
590.7999878,-0.326849461
590.9000244,-0.323559284
591,-0.323130131
591.1000366,-0.331903934
591.2000122,-0.324560642
591.2999878,-0.330378056
591.4000244,-0.321127415
591.5,-0.321794987
591.6000366,-0.322176456
591.7000122,-0.325275898
591.7999878,-0.327898502
591.9000244,-0.329233646
592,-0.321699619
592.1000366,-0.326229572
592.2000122,-0.320984364
592.2999878,-0.322891712
592.4000244,-0.326611042
592.5,-0.324179173
592.6000366,-0.327803135
592.7000122,-0.32298708
592.7999878,-0.33004427
592.9000244,-0.322128773
593,-0.329424381
593.1000366,-0.320888996
593.2000122,-0.333286762
593.2999878,-0.322414875
593.4000244,-0.321794987
593.5,-0.32723093
593.6000366,-0.318409443
593.7000122,-0.330235004
593.7999878,-0.320984364
593.9000244,-0.324703693
594,-0.330521107
594.1000366,-0.320888996
594.2000122,-0.328279972
594.2999878,-0.316454411
594.4000244,-0.319601536
594.5,-0.326897144
594.6000366,-0.322748661
594.7000122,-0.316931248
594.7999878,-0.330282688
594.9000244,-0.316692829
595,-0.323750019
595.1000366,-0.320030689
595.2000122,-0.323559284
595.2999878,-0.31592989
595.4000244,-0.314451694
595.5,-0.316502094
595.6000366,-0.328232288
595.7000122,-0.325085163
595.7999878,-0.31759882
595.9000244,-0.32389307
596,-0.318552494
596.1000366,-0.320698261
596.2000122,-0.321175098
596.2999878,-0.323559284
596.4000244,-0.325514317
596.5,-0.322367191
596.6000366,-0.319887638
596.7000122,-0.330711842
596.7999878,-0.326897144
596.9000244,-0.322176456
597,-0.322319508
597.1000366,-0.318457127
597.2000122,-0.316072941
597.2999878,-0.323177814
597.4000244,-0.32184267
597.5,-0.322665215
597.6000366,-0.32260561
597.7000122,-0.323034763
597.7999878,-0.325037479
597.9000244,-0.32414341
598,-0.325514317
598.1000366,-0.32298708
598.2000122,-0.318075657
598.2999878,-0.32260561
598.4000244,-0.327135563
598.5,-0.322462559
598.6000366,-0.319172382
598.7000122,-0.322510242
598.7999878,-0.316931248
598.9000244,-0.316215992
599,-0.317837238
599.1000366,-0.320459843
599.2000122,-0.314690113
599.2999878,-0.327755451
599.4000244,-0.321699619
599.5,-0.319315434
599.6000366,-0.323320866
599.7000122,-0.322939396
599.7999878,-0.323177814
599.9000244,-0.319696903
600,-0.320650578
600.1000366,-0.3235116
600.2000122,-0.319983006
600.2999878,-0.324036121
600.4000244,-0.321032047
600.5,-0.328279972
600.6000366,-0.320602894
600.7000122,-0.31259203
600.7999878,-0.313402653
600.9000244,-0.314690113
601,-0.323988438
601.1000366,-0.312973499
601.2000122,-0.328518391
601.2999878,-0.313068867
601.4000244,-0.322319508
601.5,-0.329901218
601.6000366,-0.322557926
601.7000122,-0.324465275
601.7999878,-0.319839954
601.9000244,-0.313402653
602,-0.313736439
602.1000366,-0.314833164
602.2000122,-0.31592989
602.2999878,-0.316263676
602.4000244,-0.31592989
602.5,-0.321651936
602.6000366,-0.318027973
602.7000122,-0.318337917
602.7999878,-0.316788197
602.9000244,-0.316883564
603,-0.318933964
603.1000366,-0.323130131
603.2000122,-0.314976215
603.2999878,-0.311828613
603.4000244,-0.319696903
603.5,-0.322748661
603.6000366,-0.314404011
603.7000122,-0.321890354
603.7999878,-0.314547062
603.9000244,-0.322033405
604,-0.319458485
604.1000366,-0.318027973
604.2000122,-0.324083805
604.2999878,-0.316025257
604.4000244,-0.319458485
604.5,-0.319077015
604.6000366,-0.317074299
604.7000122,-0.319124699
604.7999878,-0.32131815
604.9000244,-0.318027973
605,-0.317503452
605.1000366,-0.312973499
605.2000122,-0.311637878
605.2999878,-0.316168308
605.4000244,-0.319220066
605.5,-0.317694187
605.6000366,-0.318457127
605.7000122,-0.323368549
605.7999878,-0.308300018
605.9000244,-0.319887638
606,-0.310493469
606.1000366,-0.317837238
606.2000122,-0.314451694
606.2999878,-0.319696903
606.4000244,-0.313068867
606.5,-0.317026615
606.6000366,-0.315643787
606.7000122,-0.314070225
606.7999878,-0.316645145
606.9000244,-0.32017374
607,-0.315405369
607.1000366,-0.315953732
607.2000122,-0.312782764
607.2999878,-0.315453053
607.4000244,-0.313593388
607.5,-0.314880848
607.6000366,-0.312615633
607.7000122,-0.309968948
607.7999878,-0.312019348
607.9000244,-0.311053872
608,-0.309110641
608.1000366,-0.31311655
608.2000122,-0.314690113
608.2999878,-0.313021183
608.4000244,-0.314404011
608.5,-0.313021183
608.6000366,-0.30768013
608.7000122,-0.307966232
608.7999878,-0.312138796
608.9000244,-0.316740513
609,-0.316168308
609.1000366,-0.316108704
609.2000122,-0.314356327
609.2999878,-0.317169666
609.4000244,-0.314165592
609.5,-0.312400818
609.6000366,-0.310493469
609.7000122,-0.314833164
609.7999878,-0.312544346
609.9000244,-0.315691471
610,-0.315834522
610.1000366,-0.315858364
610.2000122,-0.316502094
610.2999878,-0.315405369
610.4000244,-0.307823181
610.5,-0.306535721
610.6000366,-0.310779572
610.7000122,-0.31178093
610.7999878,-0.312067032
610.9000244,-0.315834522
611,-0.310827255
611.1000366,-0.314189315
611.2000122,-0.314737797
611.2999878,-0.315357685
611.4000244,-0.315977573
611.5,-0.313402653
611.6000366,-0.310064316
611.7000122,-0.319077015
611.7999878,-0.317121983
611.9000244,-0.316502094
612,-0.311923981
612.1000366,-0.307346344
612.2000122,-0.315310001
612.2999878,-0.306583405
612.4000244,-0.314404011
612.5,-0.315834522
612.6000366,-0.314737797
612.7000122,-0.313068867
612.7999878,-0.311638117
612.9000244,-0.30973053
613,-0.309015274
613.1000366,-0.312925816
613.2000122,-0.316692829
613.2999878,-0.309587479
613.4000244,-0.305438995
613.5,-0.30768013
613.6000366,-0.311685562
613.7000122,-0.314451694
613.7999878,-0.309873581
613.9000244,-0.307870865
614,-0.30768013
614.1000366,-0.312067032
614.2000122,-0.311351776
614.2999878,-0.313831806
614.4000244,-0.30524826
614.5,-0.315691471
614.6000366,-0.308013916
614.7000122,-0.31759882
614.7999878,-0.30562973
614.9000244,-0.308013916
615,-0.310684443
615.1000366,-0.314070225
615.2000122,-0.315023899
615.2999878,-0.309158325
615.4000244,-0.307394028
615.5,-0.313068867
615.6000366,-0.308538437
615.7000122,-0.312496662
615.7999878,-0.313450336
615.9000244,-0.306201935
616,-0.311161041
616.1000366,-0.303340912
616.2000122,-0.316406727
616.2999878,-0.302530289
616.4000244,-0.302577972
616.5,-0.30859828
616.6000366,-0.315357685
616.7000122,-0.313927174
616.7999878,-0.310493469
616.9000244,-0.307966232
617,-0.307107925
617.1000366,-0.310350418
617.2000122,-0.31101799
617.2999878,-0.311590195
617.4000244,-0.309945107
617.5,-0.308013916
617.6000366,-0.309158325
617.7000122,-0.307382107
617.7999878,-0.307107925
617.9000244,-0.30524826
618,-0.312925816
618.1000366,-0.300336838
618.2000122,-0.308824539
618.2999878,-0.309301376
618.4000244,-0.306917191
618.5,-0.307632446
618.6000366,-0.309968948
618.7000122,-0.312639713
618.7999878,-0.304533005
618.9000244,-0.307346344
619,-0.300289154
619.1000366,-0.311161041
619.2000122,-0.307060242
619.2999878,-0.315596104
619.4000244,-0.307107925
619.5,-0.310445786
619.6000366,-0.308300018
619.7000122,-0.309206009
619.7999878,-0.303674698
619.9000244,-0.313354969
620,-0.305295944
620.1000366,-0.301671982
620.2000122,-0.313927174
620.2999878,-0.314356327
620.4000244,-0.309861898
620.5,-0.30472374
620.6000366,-0.306440353
620.7000122,-0.306869507
620.7999878,-0.311685562
620.9000244,-0.303627014
621,-0.307012558
621.1000366,-0.316263676
621.2000122,-0.299526215
621.2999878,-0.311923981
621.4000244,-0.311923981
621.5,-0.308943748
621.6000366,-0.306344986
621.7000122,-0.305582047
621.7999878,-0.313021183
621.9000244,-0.301099777
622,-0.310970306
622.1000366,-0.297189713
622.2000122,-0.30434227
622.2999878,-0.306726456
622.4000244,-0.304962158
622.5,-0.309539795
622.6000366,-0.304866791
622.7000122,-0.300765991
622.7999878,-0.303722382
622.9000244,-0.304294586
623,-0.307918549
623.1000366,-0.298095703
623.2000122,-0.303770065
623.2999878,-0.306678772
623.4000244,-0.310874939
623.5,-0.306106567
623.6000366,-0.308872223
623.7000122,-0.29895401
623.7999878,-0.305438995
623.9000244,-0.309396744
624,-0.299287796
624.1000366,-0.304246902
624.2000122,-0.299764633
624.2999878,-0.310588837
624.4000244,-0.305677414
624.5,-0.3060112
624.6000366,-0.300765991
624.7000122,-0.299716949
624.7999878,-0.308729172
624.9000244,-0.296092987
625,-0.301719666
625.1000366,-0.304103851
625.2000122,-0.29933548
625.2999878,-0.302577972
625.4000244,-0.304103851
625.5,-0.299764633
625.6000366,-0.301242828
625.7000122,-0.300456047
625.7999878,-0.30100441
625.9000244,-0.299812317
626,-0.300575256
626.1000366,-0.300956726
626.2000122,-0.30305481
626.2999878,-0.303340912
626.4000244,-0.298763275
626.5,-0.294376373
626.6000366,-0.294281006
626.7000122,-0.3080616
626.7999878,-0.296188354
626.9000244,-0.310207367
627,-0.305009842
627.1000366,-0.309206009
627.2000122,-0.309968948
627.2999878,-0.308097363
627.4000244,-0.308395386
627.5,-0.304819107
627.6000366,-0.30729866
627.7000122,-0.30524826
627.7999878,-0.30267334
627.9000244,-0.29523468
628,-0.310541153
628.1000366,-0.304866791
628.2000122,-0.302577972
628.2999878,-0.300384521
628.4000244,-0.304056168
628.5,-0.304413795
628.6000366,-0.308013916
628.7000122,-0.305200577
628.7999878,-0.300289154
628.9000244,-0.30267334
629,-0.296712875
629.1000366,-0.300384521
629.2000122,-0.303245544
629.2999878,-0.298286438
629.4000244,-0.301052094
629.5,-0.299001694
629.6000366,-0.29189682
629.7000122,-0.294281006
629.7999878,-0.304008484
629.9000244,-0.30768013
630,-0.301528931
630.1000366,-0.300575256
630.2000122,-0.307584763
630.2999878,-0.298381805
630.4000244,-0.302482605
630.5,-0.308538437
630.6000366,-0.299240112
630.7000122,-0.301099777
630.7999878,-0.308347702
630.9000244,-0.300098419
631,-0.303913116
631.1000366,-0.297475815
631.2000122,-0.306106567
631.2999878,-0.298191071
631.4000244,-0.300909042
631.5,-0.300336838
631.6000366,-0.305725098
631.7000122,-0.302053452
631.7999878,-0.297904968
631.9000244,-0.301958084
632,-0.307060242
632.1000366,-0.297571182
632.2000122,-0.30562973
632.2999878,-0.303483963
632.4000244,-0.30305481
632.5,-0.302005768
632.6000366,-0.298238754
632.7000122,-0.300515652
632.7999878,-0.302053452
632.9000244,-0.299764633
633,-0.29933548
633.1000366,-0.299955368
633.2000122,-0.298119545
633.2999878,-0.295186996
633.4000244,-0.298000336
633.5,-0.297618866
633.6000366,-0.304389954
633.7000122,-0.300813675
633.7999878,-0.296617508
633.9000244,-0.293804169
634,-0.29895401
634.1000366,-0.305820465
634.2000122,-0.293994904
634.2999878,-0.300146103
634.4000244,-0.301052094
634.5,-0.299097061
634.6000366,-0.309253693
634.7000122,-0.302816391
634.7999878,-0.297857285
634.9000244,-0.303865433
635,-0.295902252
635.1000366,-0.301338196
635.2000122,-0.293994904
635.2999878,-0.299144745
635.4000244,-0.297904968
635.5,-0.295473099
635.6000366,-0.303722382
635.7000122,-0.29766655
635.7999878,-0.294471741
635.9000244,-0.298000336
636,-0.295425415
636.1000366,-0.301958084
636.2000122,-0.296331406
636.2999878,-0.298000336
636.4000244,-0.295806885
636.5,-0.297094345
636.6000366,-0.300813675
636.7000122,-0.29022789
636.7999878,-0.297952652
636.9000244,-0.292755127
637,-0.301147461
637.1000366,-0.297571182
637.2000122,-0.290657043
637.2999878,-0.295282364
637.4000244,-0.288606644
637.5,-0.296522141
637.6000366,-0.287796021
637.7000122,-0.294424057
637.7999878,-0.301099777
637.9000244,-0.295139313
638,-0.295520782
638.1000366,-0.298000336
638.2000122,-0.290370941
638.2999878,-0.297332764
638.4000244,-0.294281006
638.5,-0.300003052
638.6000366,-0.297428131
638.7000122,-0.297189713
638.7999878,-0.306583405
638.9000244,-0.292850494
639,-0.30138588
639.1000366,-0.298763275
639.2000122,-0.29690361
639.2999878,-0.29394722
639.4000244,-0.293518066
639.5,-0.29728508
639.6000366,-0.300193787
639.7000122,-0.292421341
639.7999878,-0.297380447
639.9000244,-0.291706085
640,-0.297618866
640.1000366,-0.29523468
640.2000122,-0.298191071
640.2999878,-0.291181564
640.4000244,-0.298524857
640.5,-0.286413193
640.6000366,-0.29265976
640.7000122,-0.293279648
640.7999878,-0.294281006
640.9000244,-0.292993546
641,-0.290513992
641.1000366,-0.291419983
641.2000122,-0.291276932
641.2999878,-0.290895462
641.4000244,-0.293994904
641.5,-0.296379089
641.6000366,-0.295139313
641.7000122,-0.297189713
641.7999878,-0.301719666
641.9000244,-0.292182922
642,-0.300479889
642.1000366,-0.298429489
642.2000122,-0.296283722
642.2999878,-0.292135239
642.4000244,-0.294090271
642.5,-0.300336838
642.6000366,-0.300146103
642.7000122,-0.295282364
642.7999878,-0.303007126
642.9000244,-0.289417267
643,-0.294424057
643.1000366,-0.296808243
643.2000122,-0.291658401
643.2999878,-0.290835857
643.4000244,-0.288368225
643.5,-0.28650856
643.6000366,-0.288606644
643.7000122,-0.290990829
643.7999878,-0.28855896
643.9000244,-0.293470383
644,-0.299192429
644.1000366,-0.294614792
644.2000122,-0.293851852
644.2999878,-0.296307564
644.4000244,-0.298334122
644.5,-0.298429489
644.6000366,-0.297142029
644.7000122,-0.296247959
644.7999878,-0.295091629
644.9000244,-0.29432869
645,-0.295377731
645.1000366,-0.292182922
645.2000122,-0.293518066
645.2999878,-0.294304848
645.4000244,-0.295854568
645.5,-0.295663834
645.6000366,-0.291324615
645.7000122,-0.296045303
645.7999878,-0.288082123
645.9000244,-0.296188354
646,-0.289321899
646.1000366,-0.296045303
646.2000122,-0.290418625
646.2999878,-0.293422699
646.4000244,-0.297475815
646.5,-0.288702011
646.6000366,-0.293136597
646.7000122,-0.285507202
646.7999878,-0.291753769
646.9000244,-0.290180206
647,-0.288320541
647.1000366,-0.297189713
647.2000122,-0.290943146
647.2999878,-0.28393364
647.4000244,-0.291133881
647.5,-0.292421341
647.6000366,-0.290132523
647.7000122,-0.290370941
647.7999878,-0.290847778
647.9000244,-0.291849136
648,-0.296188354
648.1000366,-0.29227829
648.2000122,-0.296379089
648.2999878,-0.290323257
648.4000244,-0.29189682
648.5,-0.288892746
648.6000366,-0.285936356
648.7000122,-0.290466309
648.7999878,-0.29022789
648.9000244,-0.289035797
649,-0.29933548
649.1000366,-0.285125732
649.2000122,-0.295282364
649.2999878,-0.29265976
649.4000244,-0.289703369
649.5,-0.292850494
649.6000366,-0.288606644
649.7000122,-0.290370941
649.7999878,-0.293756485
649.9000244,-0.292230606
650,-0.290668964
650.1000366,-0.28855896
650.2000122,-0.288129807
650.2999878,-0.286651611
650.4000244,-0.289238453
650.5,-0.289798737
650.6000366,-0.292373657
650.7000122,-0.28393364
650.7999878,-0.289608002
650.9000244,-0.288988113
651,-0.290704727
651.1000366,-0.291706085
651.2000122,-0.290943146
651.2999878,-0.292993546
651.4000244,-0.292159081
651.5,-0.292469025
651.6000366,-0.292230606
651.7000122,-0.292945862
651.7999878,-0.287939072
651.9000244,-0.290513992
652,-0.28560257
652.1000366,-0.292802811
652.2000122,-0.294900894
652.2999878,-0.286079407
652.4000244,-0.290704727
652.5,-0.288082123
652.6000366,-0.293708801
652.7000122,-0.288082123
652.7999878,-0.284076691
652.9000244,-0.293518066
653,-0.291372299
653.1000366,-0.289083481
653.2000122,-0.288082123
653.2999878,-0.286317825
653.4000244,-0.291133881
653.5,-0.285173416
653.6000366,-0.291086197
653.7000122,-0.289560318
653.7999878,-0.290275574
653.9000244,-0.284982681
654,-0.281835556
654.1000366,-0.293422699
654.2000122,-0.28560257
654.2999878,-0.290466309
654.4000244,-0.284362793
654.5,-0.295091629
654.6000366,-0.296665192
654.7000122,-0.291980267
654.7999878,-0.287176132
654.9000244,-0.288988113
655,-0.289798737
655.1000366,-0.287748337
655.2000122,-0.284362793
655.2999878,-0.292039871
655.4000244,-0.282455444
655.5,-0.284219742
655.6000366,-0.285793304
655.7000122,-0.28894043
655.7999878,-0.283075333
655.9000244,-0.285984039
656,-0.294042587
656.1000366,-0.290561676
656.2000122,-0.287796021
656.2999878,-0.289894104
656.4000244,-0.288797379
656.5,-0.28689003
656.6000366,-0.289608002
656.7000122,-0.285972118
656.7999878,-0.28393364
656.9000244,-0.283456802
657,-0.286651611
657.1000366,-0.29356575
657.2000122,-0.284744263
657.2999878,-0.288797379
657.4000244,-0.291944504
657.5,-0.289655685
657.6000366,-0.287796021
657.7000122,-0.285507202
657.7999878,-0.27854538
657.9000244,-0.290037155
658,-0.283885956
658.1000366,-0.283790588
658.2000122,-0.284744263
658.2999878,-0.284219742
658.4000244,-0.286556244
658.5,-0.281787872
658.6000366,-0.286317825
658.7000122,-0.279642105
658.7999878,-0.290943146
658.9000244,-0.288606644
659,-0.290108681
659.1000366,-0.291276932
659.2000122,-0.289608002
659.2999878,-0.29227829
659.4000244,-0.28355217
659.5,-0.280452728
659.6000366,-0.282550812
659.7000122,-0.28330183
659.7999878,-0.285697937
659.9000244,-0.284505844
660,-0.277877808
660.1000366,-0.27816391
660.2000122,-0.285459518
660.2999878,-0.288129807
660.4000244,-0.293708801
660.5,-0.285697937
660.6000366,-0.282312393
660.7000122,-0.283218384
660.7999878,-0.283885956
660.9000244,-0.282777309
661,-0.282455444
661.1000366,-0.281549454
661.2000122,-0.272537231
661.2999878,-0.291086197
661.4000244,-0.2811203
661.5,-0.285554886
661.6000366,-0.288320541
661.7000122,-0.285936356
661.7999878,-0.286222458
661.9000244,-0.280881882
662,-0.281692505
662.1000366,-0.278354645
662.2000122,-0.28355217
662.2999878,-0.281692505
662.4000244,-0.289321899
662.5,-0.287462234
662.6000366,-0.285650253
662.7000122,-0.27816391
662.7999878,-0.279975891
662.9000244,-0.287128448
663,-0.28855896
663.1000366,-0.283409119
663.2000122,-0.288129807
663.2999878,-0.285066128
663.4000244,-0.284505844
663.5,-0.284219742
663.6000366,-0.288606644
663.7000122,-0.277210236
663.7999878,-0.28689003
663.9000244,-0.289321899
664,-0.288749695
664.1000366,-0.288749695
664.2000122,-0.286973476
664.2999878,-0.283742905
664.4000244,-0.286651611
664.5,-0.282693863
664.6000366,-0.287033081
664.7000122,-0.287700653
664.7999878,-0.282121658
664.9000244,-0.281644821
665,-0.280118942
665.1000366,-0.287319183
665.2000122,-0.290800095
665.2999878,-0.284934998
665.4000244,-0.280405045
665.5,-0.288463593
665.6000366,-0.283647537
665.7000122,-0.27854538
665.7999878,-0.287843704
665.9000244,-0.285745621
666,-0.282455444
666.1000366,-0.287843704
666.2000122,-0.281787872
666.2999878,-0.286222458
666.4000244,-0.284744263
666.5,-0.28445816
666.6000366,-0.282693863
666.7000122,-0.284172058
666.7999878,-0.282741547
666.9000244,-0.287557602
667,-0.292993546
667.1000366,-0.281454086
667.2000122,-0.289035797
667.2999878,-0.284219742
667.4000244,-0.283885956
667.5,-0.276065826
667.6000366,-0.279928207
667.7000122,-0.285697937
667.7999878,-0.280977249
667.9000244,-0.278736115
668,-0.280643463
668.1000366,-0.280405045
668.2000122,-0.28445816
668.2999878,-0.28150177
668.4000244,-0.281787872
668.5,-0.281072617
668.6000366,-0.280118942
668.7000122,-0.284315109
668.7999878,-0.281644821
668.9000244,-0.283695221
669,-0.280643463
669.1000366,-0.283218384
669.2000122,-0.2852211
669.2999878,-0.28497076
669.4000244,-0.285650253
669.5,-0.28329885
669.6000366,-0.281072617
669.7000122,-0.28150177
669.7999878,-0.280691147
669.9000244,-0.281072617
670,-0.281263351
670.1000366,-0.282109737
670.2000122,-0.283218384
670.2999878,-0.282884598
670.4000244,-0.274635315
670.5,-0.282550812
670.6000366,-0.276065826
670.7000122,-0.280977249
670.7999878,-0.274015427
670.9000244,-0.292469025
671,-0.279689789
671.1000366,-0.275016785
671.2000122,-0.276065826
671.2999878,-0.280834198
671.4000244,-0.280452728
671.5,-0.282932281
671.6000366,-0.274396896
671.7000122,-0.278068542
671.7999878,-0.282360077
671.9000244,-0.276590347
672,-0.279212952
672.1000366,-0.279737473
672.2000122,-0.277877808
672.2999878,-0.272489548
672.4000244,-0.279022217
672.5,-0.275588989
672.6000366,-0.276971817
672.7000122,-0.283027649
672.7999878,-0.282026291
672.9000244,-0.286794662
673,-0.275636673
673.1000366,-0.282407761
673.2000122,-0.276924133
673.2999878,-0.284315109
673.4000244,-0.279785156
673.5,-0.285411835
673.6000366,-0.281740189
673.7000122,-0.277544022
673.7999878,-0.280834198
673.9000244,-0.276733398
674,-0.281167984
674.1000366,-0.27444458
674.2000122,-0.27110672
674.2999878,-0.279975891
674.4000244,-0.269485474
674.5,-0.274396896
674.6000366,-0.276971817
674.7000122,-0.278211594
674.7999878,-0.279415607
674.9000244,-0.279356003
675,-0.283123016
675.1000366,-0.284362793
675.2000122,-0.281156063
675.2999878,-0.278020859
675.4000244,-0.279117584
675.5,-0.278211594
675.6000366,-0.276828766
675.7000122,-0.281311035
675.7999878,-0.28355217
675.9000244,-0.280452728
676,-0.281454086
676.1000366,-0.278402328
676.2000122,-0.275016785
676.2999878,-0.276685715
676.4000244,-0.274682999
676.5,-0.277687073
676.6000366,-0.277877808
676.7000122,-0.278831482
676.7999878,-0.277091026
676.9000244,-0.277114868
677,-0.277216196
677.1000366,-0.277114868
677.2000122,-0.275328219
677.2999878,-0.274158478
677.4000244,-0.276954308
677.5,-0.279403687
677.6000366,-0.278926849
677.7000122,-0.276733398
677.7999878,-0.274539948
677.9000244,-0.27406311
678,-0.276971817
678.1000366,-0.279928207
678.2000122,-0.277973175
678.2999878,-0.275255203
678.4000244,-0.277257919
678.5,-0.279642105
678.6000366,-0.280118942
678.7000122,-0.275779724
678.7999878,-0.281167984
678.9000244,-0.2852211
679,-0.274301529
679.1000366,-0.276018143
679.2000122,-0.2831707
679.2999878,-0.275493622
679.4000244,-0.269628525
679.5,-0.276399612
679.6000366,-0.280405045
679.7000122,-0.278497696
679.7999878,-0.273681641
679.9000244,-0.281167984
680,-0.278402328
680.1000366,-0.269151688
680.2000122,-0.267101288
680.2999878,-0.270343781
680.4000244,-0.275445938
680.5,-0.279356003
680.6000366,-0.27649498
680.7000122,-0.269104004
680.7999878,-0.268579483
680.9000244,-0.272251129
681,-0.276256561
681.1000366,-0.279594421
681.2000122,-0.270963669
681.2999878,-0.275541306
681.4000244,-0.272060394
681.5,-0.275112152
681.6000366,-0.265527725
681.7000122,-0.279880524
681.7999878,-0.269914627
681.9000244,-0.271059036
682,-0.269104004
682.1000366,-0.270057678
682.2000122,-0.276304245
682.2999878,-0.276685715
682.4000244,-0.278259277
682.5,-0.27778244
682.6000366,-0.277949333
682.7000122,-0.277067184
682.7999878,-0.278688431
682.9000244,-0.272298813
683,-0.280118942
683.1000366,-0.274492264
683.2000122,-0.274682999
683.2999878,-0.272489548
683.4000244,-0.273586273
683.5,-0.274885654
683.6000366,-0.278020859
683.7000122,-0.275445938
683.7999878,-0.276542664
683.9000244,-0.276065826
684,-0.276638031
684.1000366,-0.275493622
684.2000122,-0.276018143
684.2999878,-0.273252487
684.4000244,-0.274301529
684.5,-0.273777008
684.6000366,-0.274253845
684.7000122,-0.273300171
684.7999878,-0.275398254
684.9000244,-0.278974533
685,-0.276065826
685.1000366,-0.267482758
685.2000122,-0.27573204
685.2999878,-0.270248413
685.4000244,-0.27444458
685.5,-0.271774292
685.6000366,-0.268484116
685.7000122,-0.274682999
685.7999878,-0.271726608
685.9000244,-0.266767502
686,-0.273443222
686.1000366,-0.265909195
686.2000122,-0.281930923
686.2999878,-0.276733398
686.4000244,-0.272012711
686.5,-0.26905632
686.6000366,-0.263811111
686.7000122,-0.273347855
686.7999878,-0.267673492
686.9000244,-0.271154404
687,-0.274682999
687.1000366,-0.276590347
687.2000122,-0.267530441
687.2999878,-0.268817902
687.4000244,-0.271774292
687.5,-0.275588989
687.6000366,-0.272632599
687.7000122,-0.276018143
687.7999878,-0.265956879
687.9000244,-0.26943779
688,-0.272966385
688.1000366,-0.272298813
688.2000122,-0.270343781
688.2999878,-0.272632599
688.4000244,-0.27444458
688.5,-0.270832539
688.6000366,-0.268007278
688.7000122,-0.268245697
688.7999878,-0.272346497
688.9000244,-0.277210236
689,-0.27072525
689.1000366,-0.271440506
689.2000122,-0.271583557
689.2999878,-0.270009995
689.4000244,-0.27482605
689.5,-0.26776886
689.6000366,-0.277591705
689.7000122,-0.269676208
689.7999878,-0.268054962
689.9000244,-0.273729324
690,-0.264717102
690.1000366,-0.273014069
690.2000122,-0.275112152
690.2999878,-0.273204803
690.4000244,-0.272108078
690.5,-0.272584915
690.6000366,-0.272203445
690.7000122,-0.272727966
690.7999878,-0.269008636
690.9000244,-0.278306961
691,-0.272489548
691.1000366,-0.266338348
691.2000122,-0.273633957
691.2999878,-0.263429642
691.4000244,-0.266672134
691.5,-0.271011353
691.6000366,-0.271631241
691.7000122,-0.271440506
691.7999878,-0.27110672
691.9000244,-0.271202087
692,-0.270141125
692.1000366,-0.268531799
692.2000122,-0.269723892
692.2999878,-0.270188808
692.4000244,-0.271249771
692.5,-0.271249771
692.6000366,-0.260759354
692.7000122,-0.273967743
692.7999878,-0.266529083
692.9000244,-0.264431
693,-0.268388748
693.1000366,-0.267959595
693.2000122,-0.268496037
693.2999878,-0.269008636
693.4000244,-0.268627167
693.5,-0.268341064
693.6000366,-0.271869659
693.7000122,-0.271011353
693.7999878,-0.273395538
693.9000244,-0.271261692
694,-0.270105362
694.1000366,-0.270534515
694.2000122,-0.266862869
694.2999878,-0.264812469
694.4000244,-0.266958237
694.5,-0.27444458
694.6000366,-0.276399612
694.7000122,-0.26571846
694.7999878,-0.269342422
694.9000244,-0.273061752
695,-0.270296097
695.1000366,-0.273586273
695.2000122,-0.272036552
695.2999878,-0.272298813
695.4000244,-0.271965027
695.5,-0.270260334
695.6000366,-0.267911911
695.7000122,-0.268865585
695.7999878,-0.270153046
695.9000244,-0.273252487
696,-0.26815033
696.1000366,-0.263286591
696.2000122,-0.267816544
696.2999878,-0.272727966
696.4000244,-0.274492264
696.5,-0.264383316
696.6000366,-0.262332916
696.7000122,-0.269247055
696.7999878,-0.271631241
696.9000244,-0.270009995
697,-0.272823334
697.1000366,-0.269866943
697.2000122,-0.27148819
697.2999878,-0.267196655
697.4000244,-0.263143539
697.5,-0.266910553
697.6000366,-0.26905632
697.7000122,-0.27315712
697.7999878,-0.272441864
697.9000244,-0.266767502
698,-0.268341064
698.1000366,-0.263858795
698.2000122,-0.264192581
698.2999878,-0.265420437
698.4000244,-0.268102646
698.5,-0.265527725
698.6000366,-0.274015427
698.7000122,-0.270677567
698.7999878,-0.264478683
698.9000244,-0.259328842
699,-0.275445938
699.1000366,-0.268722534
699.2000122,-0.270105362
699.2999878,-0.266767502
699.4000244,-0.267101288
699.5,-0.265909195
699.6000366,-0.271869659
699.7000122,-0.268054962
699.7999878,-0.262905121
699.9000244,-0.270677567
700,-0.274206161
700.1000366,-0.260377884
700.2000122,-0.265193939
700.2999878,-0.270391464
700.4000244,-0.269628525
700.5,-0.268114567
700.6000366,-0.264907837
700.7000122,-0.267530441
700.7999878,-0.273204803
700.9000244,-0.261236191
701,-0.267673492
701.1000366,-0.264383316
701.2000122,-0.264860153
701.2999878,-0.259901047
701.4000244,-0.257707596
701.5,-0.266195297
701.6000366,-0.265050888
701.7000122,-0.262857437
701.7999878,-0.262332916
701.9000244,-0.264073372
702,-0.263113737
702.1000366,-0.263429642
702.2000122,-0.262619019
702.2999878,-0.262237549
702.4000244,-0.264383316
702.5,-0.264669418
702.6000366,-0.261856079
702.7000122,-0.262905121
702.7999878,-0.265432358
702.9000244,-0.264097214
703,-0.265432358
703.1000366,-0.268245697
703.2000122,-0.266207218
703.2999878,-0.265861511
703.4000244,-0.265289307
703.5,-0.260854721
703.6000366,-0.268770218
703.7000122,-0.261522293
703.7999878,-0.262666702
703.9000244,-0.261140823
704,-0.266195297
704.1000366,-0.269151688
704.2000122,-0.266529083
704.2999878,-0.269199371
704.4000244,-0.257802963
704.5,-0.264621735
704.6000366,-0.272918701
704.7000122,-0.26700592
704.7999878,-0.265480042
704.9000244,-0.261331558
705,-0.264502525
705.1000366,-0.266910553
705.2000122,-0.264287949
705.2999878,-0.264860153
705.4000244,-0.263811111
705.5,-0.263191223
705.6000366,-0.264526367
705.7000122,-0.260854721
705.7999878,-0.26905632
705.9000244,-0.261474609
706,-0.258518219
706.1000366,-0.258804321
706.2000122,-0.256753922
706.2999878,-0.258470535
706.4000244,-0.259746075
706.5,-0.260187149
706.6000366,-0.263572693
706.7000122,-0.262523651
706.7999878,-0.256753922
706.9000244,-0.257898331
707,-0.263858795
707.1000366,-0.26071167
707.2000122,-0.264478683
707.2999878,-0.266767502
707.4000244,-0.266910553
707.5,-0.26609993
707.6000366,-0.264860153
707.7000122,-0.265861511
707.7999878,-0.263203144
707.9000244,-0.260568619
708,-0.261522293
708.1000366,-0.25866127
708.2000122,-0.264168739
708.2999878,-0.267625809
708.4000244,-0.268865585
708.5,-0.262571335
708.6000366,-0.259662628
708.7000122,-0.256753922
708.7999878,-0.262559414
708.9000244,-0.266862869
709,-0.266958237
709.1000366,-0.265813828
709.2000122,-0.263048172
709.2999878,-0.261951447
709.4000244,-0.262046814
709.5,-0.270009995
709.6000366,-0.258327484
709.7000122,-0.264478683
709.7999878,-0.258708954
709.9000244,-0.266433716
710,-0.258804321
710.1000366,-0.255800247
710.2000122,-0.265050888
710.2999878,-0.262285233
710.4000244,-0.266242981
710.5,-0.263572693
710.6000366,-0.258708954
710.7000122,-0.258804321
710.7999878,-0.263477325
710.9000244,-0.258518219
711,-0.26276207
711.1000366,-0.254083633
711.2000122,-0.25737381
711.2999878,-0.255132675
711.4000244,-0.259996414
711.5,-0.263000488
711.6000366,-0.265384674
711.7000122,-0.257421494
711.7999878,-0.262571335
711.9000244,-0.257135391
712,-0.26199913
712.1000366,-0.263763428
712.2000122,-0.259185791
712.2999878,-0.260759354
712.4000244,-0.258875847
712.5,-0.257707596
712.6000366,-0.257850647
712.7000122,-0.258232117
712.7999878,-0.259018898
712.9000244,-0.258613586
713,-0.261379242
713.1000366,-0.260187149
713.2000122,-0.264955521
713.2999878,-0.254846573
713.4000244,-0.264955521
713.5,-0.262142181
713.6000366,-0.263620377
713.7000122,-0.264287949
713.7999878,-0.263095856
713.9000244,-0.260091782
714,-0.256944656
714.1000366,-0.265861511
714.2000122,-0.261379242
714.2999878,-0.256801605
714.4000244,-0.260520935
714.5,-0.264144897
714.6000366,-0.259233475
714.7000122,-0.264764786
714.7999878,-0.252653122
714.9000244,-0.257040024
715,-0.265098572
715.1000366,-0.250888824
715.2000122,-0.259328842
715.2999878,-0.257230759
715.4000244,-0.261713028
715.5,-0.255847931
715.6000366,-0.261760712
715.7000122,-0.264287949
715.7999878,-0.262905121
715.9000244,-0.259090424
716,-0.262905121
716.1000366,-0.257040024
716.2000122,-0.258232117
716.2999878,-0.260878563
716.4000244,-0.26700592
716.5,-0.261236191
716.6000366,-0.255800247
716.7000122,-0.257183075
716.7999878,-0.252986908
716.9000244,-0.252033234
717,-0.253702164
717.1000366,-0.255609512
717.2000122,-0.254179001
717.2999878,-0.264192581
717.4000244,-0.254083633
717.5,-0.259233475
717.6000366,-0.261760712
717.7000122,-0.261772633
717.7999878,-0.263715744
717.9000244,-0.2623806
718,-0.260139465
718.1000366,-0.255514145
718.2000122,-0.259567261
718.2999878,-0.250221252
718.4000244,-0.254512787
718.5,-0.257564545
718.6000366,-0.255084991
718.7000122,-0.262285233
718.7999878,-0.260044098
718.9000244,-0.259281158
719,-0.256467819
719.1000366,-0.26109314
719.2000122,-0.269008636
719.2999878,-0.256753922
719.4000244,-0.261426926
719.5,-0.262475967
719.6000366,-0.257469177
719.7000122,-0.255752563
719.7999878,-0.261140823
719.9000244,-0.255561829
720,-0.257016182
720.1000366,-0.255752563
720.2000122,-0.255609512
720.2999878,-0.256896973
720.4000244,-0.260950089
720.5,-0.25365448
720.6000366,-0.265909195
720.7000122,-0.25570488
720.7999878,-0.254703522
720.9000244,-0.256849289
721,-0.260568619
721.1000366,-0.258375168
721.2000122,-0.260425568
721.2999878,-0.259996414
721.4000244,-0.260425568
721.5,-0.260759354
721.6000366,-0.259281158
721.7000122,-0.248361588
721.7999878,-0.252891541
721.9000244,-0.259519577
722,-0.250650406
722.1000366,-0.270486832
722.2000122,-0.259185791
722.2999878,-0.257516861
722.4000244,-0.25775528
722.5,-0.251413345
722.6000366,-0.260568619
722.7000122,-0.248933792
722.7999878,-0.255800247
722.9000244,-0.258422852
723,-0.266004562
723.1000366,-0.252939224
723.2000122,-0.260663986
723.2999878,-0.259328842
723.4000244,-0.262619019
723.5,-0.259853363
723.6000366,-0.255490303
723.7000122,-0.248790741
723.7999878,-0.25069809
723.9000244,-0.259519577
724,-0.252462387
724.1000366,-0.259471893
724.2000122,-0.255132675
724.2999878,-0.25570488
724.4000244,-0.255084991
724.5,-0.250221252
724.6000366,-0.254083633
724.7000122,-0.250507355
724.7999878,-0.255752563
724.9000244,-0.260091782
725,-0.250221252
725.1000366,-0.25737381
725.2000122,-0.259328842
725.2999878,-0.261283875
725.4000244,-0.256503582
725.5,-0.253749847
725.6000366,-0.251651764
725.7000122,-0.253606796
725.7999878,-0.250841141
725.9000244,-0.257469177
726,-0.254894257
726.1000366,-0.255180359
726.2000122,-0.257850647
726.2999878,-0.259519577
726.4000244,-0.254417419
726.5,-0.255466461
726.6000366,-0.257087708
726.7000122,-0.256777763
726.7999878,-0.258470535
726.9000244,-0.256086349
727,-0.254465103
727.1000366,-0.25481081
727.2000122,-0.255418777
727.2999878,-0.25327301
727.4000244,-0.257469177
727.5,-0.255990982
727.6000366,-0.26109314
727.7000122,-0.254274368
727.7999878,-0.260282516
727.9000244,-0.248838425
728,-0.244451523
728.1000366,-0.251127243
728.2000122,-0.260663986
728.2999878,-0.252557755
728.4000244,-0.255752563
728.5,-0.259138107
728.6000366,-0.250888824
728.7000122,-0.25775528
728.7999878,-0.256372452
728.9000244,-0.259138107
729,-0.256515503
729.1000366,-0.256753922
729.2000122,-0.256300926
729.2999878,-0.254083633
729.4000244,-0.257850647
729.5,-0.24902916
729.6000366,-0.25532341
729.7000122,-0.257326126
729.7999878,-0.248790741
729.9000244,-0.244499207
730,-0.252128601
730.1000366,-0.248504639
730.2000122,-0.251365662
730.2999878,-0.253463745
730.4000244,-0.251365662
730.5,-0.250888824
730.6000366,-0.253737926
730.7000122,-0.255561829
730.7999878,-0.257135391
730.9000244,-0.259853363
731,-0.250555038
731.1000366,-0.257087708
731.2000122,-0.251937866
731.2999878,-0.246740341
731.4000244,-0.255466461
731.5,-0.249076843
731.6000366,-0.250936508
731.7000122,-0.253797531
731.7999878,-0.256563187
731.9000244,-0.261569977
732,-0.252605438
732.1000366,-0.247121811
732.2000122,-0.254083633
732.2999878,-0.255943298
732.4000244,-0.256753922
732.5,-0.248552322
732.6000366,-0.25699234
732.7000122,-0.251747131
732.7999878,-0.254798889
732.9000244,-0.255371094
733,-0.252569675
733.1000366,-0.249601364
733.2000122,-0.250507355
733.2999878,-0.247312546
733.4000244,-0.248313904
733.5,-0.254560471
733.6000366,-0.24659729
733.7000122,-0.259662628
733.7999878,-0.254751205
733.9000244,-0.25557375
734,-0.254274368
734.1000366,-0.253606796
734.2000122,-0.253368378
734.2999878,-0.249410629
734.4000244,-0.251651764
734.5,-0.251270294
734.6000366,-0.252700806
734.7000122,-0.251317978
734.7999878,-0.250364304
734.9000244,-0.254989624
735,-0.248170853
735.1000366,-0.253559113
735.2000122,-0.247789383
735.2999878,-0.251413345
735.4000244,-0.255847931
735.5,-0.249315262
735.6000366,-0.247789383
735.7000122,-0.252986908
735.7999878,-0.25661087
735.9000244,-0.249315262
736,-0.254894257
736.1000366,-0.249315262
736.2000122,-0.253606796
736.2999878,-0.255275726
736.4000244,-0.25327301
736.5,-0.25699234
736.6000366,-0.261665344
736.7000122,-0.255073071
736.7999878,-0.250459671
736.9000244,-0.251174927
737,-0.255228043
737.1000366,-0.252939224
737.2000122,-0.245834351
737.2999878,-0.254560471
737.4000244,-0.245023727
737.5,-0.25570488
737.6000366,-0.253797531
737.7000122,-0.25327301
737.7999878,-0.24788475
737.9000244,-0.251031876
738,-0.250173569
738.1000366,-0.252414703
738.2000122,-0.249362946
738.2999878,-0.250650406
738.4000244,-0.249792099
738.5,-0.253940582
738.6000366,-0.251568317
738.7000122,-0.250888824
738.7999878,-0.251651764
738.9000244,-0.25198555
739,-0.253082275
739.1000366,-0.252319336
739.2000122,-0.247598648
739.2999878,-0.252748489
739.4000244,-0.250459671
739.5,-0.249744415
739.6000366,-0.248981476
739.7000122,-0.247980118
739.7999878,-0.249446392
739.9000244,-0.250459671
740,-0.250364304
740.1000366,-0.24621582
740.2000122,-0.248218536
740.2999878,-0.249219894
740.4000244,-0.251270294
740.5,-0.251174927
740.6000366,-0.251270294
740.7000122,-0.251937866
740.7999878,-0.253582954
740.9000244,-0.253606796
741,-0.257516861
741.1000366,-0.244117737
741.2000122,-0.25904274
741.2999878,-0.252700806
741.4000244,-0.257183075
741.5,-0.247503281
741.6000366,-0.249792099
741.7000122,-0.244403839
741.7999878,-0.245119095
741.9000244,-0.247264862
742,-0.249792099
742.1000366,-0.25031662
742.2000122,-0.252843857
742.2999878,-0.254798889
742.4000244,-0.256467819
742.5,-0.254703522
742.6000366,-0.253988266
742.7000122,-0.252462387
742.7999878,-0.252319336
742.9000244,-0.251842499
743,-0.249601364
743.1000366,-0.252080917
743.2000122,-0.256753922
743.2999878,-0.250030518
743.4000244,-0.247026443
743.5,-0.252128601
743.6000366,-0.250030518
743.7000122,-0.246549606
743.7999878,-0.253559113
743.9000244,-0.248456955
744,-0.251174927
744.1000366,-0.249458313
744.2000122,-0.250078201
744.2999878,-0.245882034
744.4000244,-0.246883392
744.5,-0.246013165
744.6000366,-0.245405197
744.7000122,-0.245882034
744.7999878,-0.244272709
744.9000244,-0.241447449
745,-0.244356155
745.1000366,-0.243545532
745.2000122,-0.245798588
745.2999878,-0.248409271
745.4000244,-0.246883392
745.5,-0.250125885
745.6000366,-0.247837067
745.7000122,-0.245643616
745.7999878,-0.237298965
745.9000244,-0.253320694
746,-0.246931076
746.1000366,-0.250125885
746.2000122,-0.246931076
746.2999878,-0.241018295
746.4000244,-0.245643616
746.5,-0.251413345
746.6000366,-0.246358871
746.7000122,-0.243736267
746.7999878,-0.244642258
746.9000244,-0.246764183
747,-0.24955368
747.1000366,-0.249124527
747.2000122,-0.248695374
747.2999878,-0.249112606
747.4000244,-0.248668551
747.5,-0.248552322
747.6000366,-0.248313904
747.7000122,-0.248361588
747.7999878,-0.247360229
747.9000244,-0.249172211
748,-0.246025085
748.1000366,-0.249410629
748.2000122,-0.249076843
748.2999878,-0.248743057
748.4000244,-0.252128601
748.5,-0.253559113
748.6000366,-0.250268936
748.7000122,-0.248075485
748.7999878,-0.247312546
748.9000244,-0.246561527
749,-0.246406555
749.1000366,-0.244451523
749.2000122,-0.252319336
749.2999878,-0.244117737
749.4000244,-0.250221252
749.5,-0.243450165
749.6000366,-0.24492836
749.7000122,-0.249315262
749.7999878,-0.248409271
749.9000244,-0.245023727
750,-0.245464802
750.1000366,-0.2436409
750.2000122,-0.244785309
750.2999878,-0.242448807
750.4000244,-0.245882034
750.5,-0.24197197
750.6000366,-0.245405197
750.7000122,-0.241399765
750.7999878,-0.251127243
750.9000244,-0.244737625
751,-0.249362946
751.1000366,-0.246072769
751.2000122,-0.249315262
751.2999878,-0.247741699
751.4000244,-0.246740341
751.5,-0.245119095
751.6000366,-0.244117737
751.7000122,-0.246311188
751.7999878,-0.253940582
751.9000244,-0.240112305
752,-0.248790741
752.1000366,-0.25069809
752.2000122,-0.247694016
752.2999878,-0.249243736
752.4000244,-0.248313904
752.5,-0.250268936
752.6000366,-0.247646332
752.7000122,-0.242782593
752.7999878,-0.241065979
752.9000244,-0.238395691
753,-0.243211746
753.1000366,-0.24454689
753.2000122,-0.243354797
753.2999878,-0.246168137
753.4000244,-0.243021011
753.5,-0.245738983
753.6000366,-0.239587784
753.7000122,-0.250173569
753.7999878,-0.239683151
753.9000244,-0.241542816
754,-0.247407913
754.1000366,-0.244499207
754.2000122,-0.246788025
754.2999878,-0.243831635
754.4000244,-0.238014221
754.5,-0.250555038
754.6000366,-0.239349365
754.7000122,-0.246168137
754.7999878,-0.241256714
754.9000244,-0.245595932
755,-0.237918854
755.1000366,-0.246406555
755.2000122,-0.243879318
755.2999878,-0.248027802
755.4000244,-0.244499207
755.5,-0.242925644
755.6000366,-0.247360229
755.7000122,-0.243593216
755.7999878,-0.241685867
755.9000244,-0.244403839
756,-0.242448807
756.1000366,-0.243354797
756.2000122,-0.240350723
756.2999878,-0.242353439
756.4000244,-0.242508411
756.5,-0.243450165
756.6000366,-0.243879318
756.7000122,-0.244713783
756.7999878,-0.245548248
756.9000244,-0.245977402
757,-0.242448807
757.1000366,-0.243307114
757.2000122,-0.246168137
757.2999878,-0.248123169
757.4000244,-0.238681793
757.5,-0.24492836
757.6000366,-0.238681793
757.7000122,-0.237155914
757.7999878,-0.241256714
757.9000244,-0.24030304
758,-0.241161346
758.1000366,-0.242520332
758.2000122,-0.244117737
758.2999878,-0.244499207
758.4000244,-0.242353439
758.5,-0.242734909
758.6000366,-0.238300323
758.7000122,-0.250078201
758.7999878,-0.237203598
758.9000244,-0.242591858
759,-0.24120903
759.1000366,-0.248075485
759.2000122,-0.247074127
759.2999878,-0.243927002
759.4000244,-0.24864769
759.5,-0.240493774
759.6000366,-0.243402481
759.7000122,-0.244976044
759.7999878,-0.243831635
759.9000244,-0.236917496
760,-0.246406555
760.1000366,-0.242258072
760.2000122,-0.245595932
760.2999878,-0.236440659
760.4000244,-0.243450165
760.5,-0.247932434
760.6000366,-0.237775803
760.7000122,-0.242782593
760.7999878,-0.252271652
760.9000244,-0.241781235
761,-0.244451523
761.1000366,-0.240350723
761.2000122,-0.241828918
761.2999878,-0.245929718
761.4000244,-0.246740341
761.5,-0.245977402
761.6000366,-0.244379997
761.7000122,-0.241685867
761.7999878,-0.243116379
761.9000244,-0.244213104
762,-0.241781235
762.1000366,-0.242055416
762.2000122,-0.241256714
762.2999878,-0.240970612
762.4000244,-0.238157272
762.5,-0.239301682
762.6000366,-0.24826622
762.7000122,-0.238634109
762.7999878,-0.248886108
762.9000244,-0.246501923
763,-0.234867096
763.1000366,-0.241113663
763.2000122,-0.237108231
763.2999878,-0.234580994
763.4000244,-0.243116379
763.5,-0.241447449
763.6000366,-0.24197197
763.7000122,-0.241113663
763.7999878,-0.242210388
763.9000244,-0.243140221
764,-0.245548248
764.1000366,-0.243688583
764.2000122,-0.239873886
764.2999878,-0.240589142
764.4000244,-0.235343933
764.5,-0.248313904
764.6000366,-0.24120903
764.7000122,-0.237918854
764.7999878,-0.231529236
764.9000244,-0.238729477
765,-0.242925644
765.1000366,-0.242687225
765.2000122,-0.2395401
765.2999878,-0.242305756
765.4000244,-0.239778519
765.5,-0.246644974
765.6000366,-0.241828918
765.7000122,-0.237775803
765.7999878,-0.237203598
765.9000244,-0.24325943
766,-0.234390259
766.1000366,-0.244880676
766.2000122,-0.243354797
766.2999878,-0.24120903
766.4000244,-0.239778519
766.5,-0.242794514
766.6000366,-0.244832993
766.7000122,-0.245357513
766.7999878,-0.24428463
766.9000244,-0.244785309
767,-0.242162704
767.1000366,-0.235153198
767.2000122,-0.238061905
767.2999878,-0.242830276
767.4000244,-0.237632751
767.5,-0.240970612
767.6000366,-0.235153198
767.7000122,-0.23787117
767.7999878,-0.238967896
767.9000244,-0.240589142
768,-0.242258072
768.1000366,-0.24325943
768.2000122,-0.243688583
768.2999878,-0.240255356
768.4000244,-0.237060547
768.5,-0.240589142
768.6000366,-0.229478836
768.7000122,-0.235057831
768.7999878,-0.239206314
768.9000244,-0.237442017
769,-0.238395691
769.1000366,-0.234580994
769.2000122,-0.233484268
769.2999878,-0.236822128
769.4000244,-0.244165421
769.5,-0.244403839
769.6000366,-0.240577221
769.7000122,-0.236011505
769.7999878,-0.237728119
769.9000244,-0.244070053
770,-0.23491478
770.1000366,-0.239015579
770.2000122,-0.238395691
770.2999878,-0.23787117
770.4000244,-0.239480495
770.5,-0.240970612
770.6000366,-0.240684509
770.7000122,-0.242067337
770.7999878,-0.241352081
770.9000244,-0.24287796
771,-0.244308472
771.1000366,-0.240064621
771.2000122,-0.237108231
771.2999878,-0.237394333
771.4000244,-0.23491478
771.5,-0.2436409
771.6000366,-0.231672287
771.7000122,-0.240589142
771.7999878,-0.236679077
771.9000244,-0.238967896
772,-0.237036705
772.1000366,-0.235773087
772.2000122,-0.236726761
772.2999878,-0.239969254
772.4000244,-0.238872528
772.5,-0.231243134
772.6000366,-0.243211746
772.7000122,-0.23248291
772.7999878,-0.232625961
772.9000244,-0.239826202
773,-0.240875244
773.1000366,-0.240112305
773.2000122,-0.228334427
773.2999878,-0.234247208
773.4000244,-0.241638184
773.5,-0.240493774
773.6000366,-0.232578278
773.7000122,-0.241352081
773.7999878,-0.234342575
773.9000244,-0.233436584
774,-0.23415184
774.1000366,-0.239110947
774.2000122,-0.236059189
774.2999878,-0.238872528
774.4000244,-0.234247208
774.5,-0.235296249
774.6000366,-0.239683151
774.7000122,-0.241399765
774.7999878,-0.233531952
774.9000244,-0.234819412
775,-0.236392975
775.1000366,-0.240541458
775.2000122,-0.233961105
775.2999878,-0.239015579
775.4000244,-0.229955673
775.5,-0.231433868
775.6000366,-0.237537384
775.7000122,-0.22990799
775.7999878,-0.238061905
775.9000244,-0.23825264
776,-0.234724045
776.1000366,-0.233913422
776.2000122,-0.235391617
776.2999878,-0.234771729
776.4000244,-0.238157272
776.5,-0.237906933
776.6000366,-0.240398407
776.7000122,-0.238300323
776.7999878,-0.241495132
776.9000244,-0.237680435
777,-0.23582077
777.1000366,-0.244117737
777.2000122,-0.241018295
777.2999878,-0.237394333
777.4000244,-0.238920212
777.5,-0.236392975
777.6000366,-0.234485626
777.7000122,-0.238872528
777.7999878,-0.23377037
777.9000244,-0.23915863
778,-0.237966537
778.1000366,-0.239444733
778.2000122,-0.236488342
778.2999878,-0.239587784
778.4000244,-0.233865738
778.5,-0.243831635
778.6000366,-0.237108231
778.7000122,-0.236488342
778.7999878,-0.233913422
778.9000244,-0.232673645
779,-0.236440659
779.1000366,-0.237108231
779.2000122,-0.238681793
779.2999878,-0.237918854
779.4000244,-0.235439301
779.5,-0.235618114
779.6000366,-0.235486984
779.7000122,-0.233627319
779.7999878,-0.234437943
779.9000244,-0.23915863
780,-0.234342575
780.1000366,-0.231815338
780.2000122,-0.231958389
780.2999878,-0.234747887
780.4000244,-0.238777161
780.5,-0.236440659
780.6000366,-0.233818054
780.7000122,-0.236559868
780.7999878,-0.238443375
780.9000244,-0.237537384
781,-0.240255356
781.1000366,-0.238204956
781.2000122,-0.236822128
781.2999878,-0.236488342
781.4000244,-0.234879017
781.5,-0.233341217
781.6000366,-0.23286438
781.7000122,-0.233484268
781.7999878,-0.234199524
781.9000244,-0.231052399
782,-0.238157272
782.1000366,-0.233436584
782.2000122,-0.23491478
782.2999878,-0.237346649
782.4000244,-0.231529236
782.5,-0.225902557
782.6000366,-0.236488342
782.7000122,-0.23582077
782.7999878,-0.236595631
782.9000244,-0.234294891
783,-0.233368039
783.1000366,-0.231338501
783.2000122,-0.231243134
783.2999878,-0.233484268
783.4000244,-0.235105515
783.5,-0.23043251
783.6000366,-0.23825264
783.7000122,-0.233722687
783.7999878,-0.238157272
783.9000244,-0.233675003
784,-0.236917496
784.1000366,-0.237108231
784.2000122,-0.231433868
784.2999878,-0.23787117
784.4000244,-0.230909348
784.5,-0.239969254
784.6000366,-0.233007431
784.7000122,-0.228525162
784.7999878,-0.237585068
784.9000244,-0.233865738
785,-0.226522446
785.1000366,-0.235534668
785.2000122,-0.230575562
785.2999878,-0.232244492
785.4000244,-0.230527878
785.5,-0.236488342
785.6000366,-0.228668213
785.7000122,-0.232816696
785.7999878,-0.234104156
785.9000244,-0.233961105
786,-0.232912064
786.1000366,-0.235630035
786.2000122,-0.232625961
786.2999878,-0.234247208
786.4000244,-0.235486984
786.5,-0.231731892
786.6000366,-0.228620529
786.7000122,-0.228572845
786.7999878,-0.227666855
786.9000244,-0.232196808
787,-0.234485626
787.1000366,-0.232399464
787.2000122,-0.231719971
787.2999878,-0.235168099
787.4000244,-0.238681793
787.5,-0.23787117
787.6000366,-0.236190319
787.7000122,-0.235773087
787.7999878,-0.232435226
787.9000244,-0.233531952
788,-0.237918854
788.1000366,-0.233436584
788.2000122,-0.230575562
788.2999878,-0.238014221
788.4000244,-0.233961105
788.5,-0.236774445
788.6000366,-0.235105515
788.7000122,-0.230909348
788.7999878,-0.229478836
788.9000244,-0.234390259
789,-0.238777161
789.1000366,-0.229288101
789.2000122,-0.232387543
789.2999878,-0.232769012
789.4000244,-0.232923985
789.5,-0.234199524
789.6000366,-0.232339859
789.7000122,-0.235153198
789.7999878,-0.234819412
789.9000244,-0.234580994
790,-0.23119545
790.1000366,-0.23081398
790.2000122,-0.229764938
790.2999878,-0.229240417
790.4000244,-0.2395401
790.5,-0.235773087
790.6000366,-0.23607111
790.7000122,-0.234724045
790.7999878,-0.234247208
790.9000244,-0.233412743
791,-0.230527878
791.1000366,-0.23415184
791.2000122,-0.231529236
791.2999878,-0.234247208
791.4000244,-0.232673645
791.5,-0.231529236
791.6000366,-0.234771729
791.7000122,-0.225950241
791.7999878,-0.23157692
791.9000244,-0.228715897
792,-0.228775501
792.1000366,-0.227571487
792.2000122,-0.227237701
792.2999878,-0.232959747
792.4000244,-0.238157272
792.5,-0.227428436
792.6000366,-0.235486984
792.7000122,-0.234247208
792.7999878,-0.235582352
792.9000244,-0.227190018
793,-0.22413826
793.1000366,-0.22785759
793.2000122,-0.234199524
793.2999878,-0.23582077
793.4000244,-0.236631393
793.5,-0.235248566
793.6000366,-0.236822128
793.7000122,-0.231719971
793.7999878,-0.227380753
793.9000244,-0.229812622
794,-0.226760864
794.1000366,-0.225902557
794.2000122,-0.226999283
794.2999878,-0.225997925
794.4000244,-0.229574203
794.5,-0.226999283
794.6000366,-0.232387543
794.7000122,-0.230909348
794.7999878,-0.229431152
794.9000244,-0.228286743
795,-0.231088161
795.1000366,-0.232769012
795.2000122,-0.233865738
795.2999878,-0.233818054
795.4000244,-0.233794212
795.5,-0.235105515
795.6000366,-0.232387543
795.7000122,-0.224281311
795.7999878,-0.23248291
795.9000244,-0.227333069
796,-0.22914505
796.1000366,-0.234771729
796.2000122,-0.222993851
796.2999878,-0.229097366
796.4000244,-0.224996567
796.5,-0.231672287
796.6000366,-0.22785759
796.7000122,-0.230539799
796.7999878,-0.230909348
796.9000244,-0.231719971
797,-0.232721329
797.1000366,-0.230003357
797.2000122,-0.223947525
797.2999878,-0.228048325
797.4000244,-0.23081398
797.5,-0.23248291
797.6000366,-0.224901199
797.7000122,-0.226665497
797.7999878,-0.231243134
797.9000244,-0.235105515
798,-0.228334427
798.1000366,-0.231243134
798.2000122,-0.228239059
798.2999878,-0.228858948
798.4000244,-0.233007431
798.5,-0.230909348
798.6000366,-0.22876358
798.7000122,-0.22990799
798.7999878,-0.22952652
798.9000244,-0.221658707
799,-0.233961105
799.1000366,-0.22208786
799.2000122,-0.236631393
799.2999878,-0.227285385
799.4000244,-0.223232269
799.5,-0.231910706
799.6000366,-0.239969254
799.7000122,-0.236345291
799.7999878,-0.235439301
799.9000244,-0.232244492
800,-0.229240417
800.1000366,-0.227952957
800.2000122,-0.229848385
800.2999878,-0.231004715
800.4000244,-0.23119545
800.5,-0.229562283
800.6000366,-0.22876358
800.7000122,-0.227285385
800.7999878,-0.229001999
800.9000244,-0.225473404
801,-0.228429794
801.1000366,-0.227809906
801.2000122,-0.240064621
801.2999878,-0.233388901
801.4000244,-0.225568771
801.5,-0.223089218
801.6000366,-0.23119545
801.7000122,-0.232339859
801.7999878,-0.229955673
801.9000244,-0.231243134
802,-0.233150482
802.1000366,-0.228668213
802.2000122,-0.230051041
802.2999878,-0.231100082
802.4000244,-0.232721329
802.5,-0.227142334
802.6000366,-0.23210144
802.7000122,-0.234056473
802.7999878,-0.229335785
802.9000244,-0.231100082
803,-0.222946167
803.1000366,-0.23043251
803.2000122,-0.225473404
803.2999878,-0.223089218
803.4000244,-0.23210144
803.5,-0.228096008
803.6000366,-0.230146408
803.7000122,-0.231219292
803.7999878,-0.235057831
803.9000244,-0.23157692
804,-0.224662781
804.1000366,-0.22208786
804.2000122,-0.225950241
804.2999878,-0.226665497
804.4000244,-0.227809906
804.5,-0.221611023
804.6000366,-0.226760864
804.7000122,-0.22375679
804.7999878,-0.23210144
804.9000244,-0.222373962
805,-0.232292175
805.1000366,-0.230861664
805.2000122,-0.231100082
805.2999878,-0.231147766
805.4000244,-0.232292175
805.5,-0.230337143
805.6000366,-0.225521088
805.7000122,-0.225711823
805.7999878,-0.225997925
805.9000244,-0.225270748
806,-0.224805832
806.1000366,-0.224567413
806.2000122,-0.228334427
806.2999878,-0.222517014
806.4000244,-0.230098724
806.5,-0.222707748
806.6000366,-0.226617813
806.7000122,-0.227285385
806.7999878,-0.22876358
806.9000244,-0.228703976
807,-0.230575562
807.1000366,-0.228191376
807.2000122,-0.222707748
807.2999878,-0.224805832
807.4000244,-0.222755432
807.5,-0.223804474
807.6000366,-0.227666855
807.7000122,-0.215269089
807.7999878,-0.22170639
807.9000244,-0.231719971
808,-0.226713181
808.1000366,-0.226331711
808.2000122,-0.227046967
808.2999878,-0.22850132
808.4000244,-0.230384827
808.5,-0.230241776
808.6000366,-0.226284027
808.7000122,-0.222612381
808.7999878,-0.225759506
808.9000244,-0.223089218
809,-0.221849442
809.1000366,-0.225473404
809.2000122,-0.218130112
809.2999878,-0.22618866
809.4000244,-0.22914505
809.5,-0.226105213
809.6000366,-0.225330353
809.7000122,-0.22375679
809.7999878,-0.224758148
809.9000244,-0.226236343
810,-0.223613739
810.1000366,-0.219512939
810.2000122,-0.223613739
810.2999878,-0.229955673
810.4000244,-0.220657349
810.5,-0.22785759
810.6000366,-0.222707748
810.7000122,-0.22580719
810.7999878,-0.222230911
810.9000244,-0.223089218
811,-0.22375679
811.1000366,-0.222564697
811.2000122,-0.221944809
811.2999878,-0.221467972
811.4000244,-0.222278595
811.5,-0.224376678
811.6000366,-0.223947525
811.7000122,-0.223160744
811.7999878,-0.221992493
811.9000244,-0.222326279
812,-0.225330353
812.1000366,-0.229049683
812.2000122,-0.227952957
812.2999878,-0.232530594
812.4000244,-0.224472046
812.5,-0.215221405
812.6000366,-0.224996567
812.7000122,-0.22170639
812.7999878,-0.226570129
812.9000244,-0.226236343
813,-0.222552776
813.1000366,-0.220943451
813.2000122,-0.216461182
813.2999878,-0.226951599
813.4000244,-0.222755432
813.5,-0.219846725
813.6000366,-0.222373962
813.7000122,-0.224472046
813.7999878,-0.221038818
813.9000244,-0.223899841
814,-0.226951599
814.1000366,-0.227905273
814.2000122,-0.23286438
814.2999878,-0.227333069
814.4000244,-0.2228508
814.5,-0.229669571
814.6000366,-0.227619171
814.7000122,-0.219465256
814.7999878,-0.224996567
814.9000244,-0.217176437
815,-0.232053757
815.1000366,-0.221754074
815.2000122,-0.221515656
815.2999878,-0.223577976
815.4000244,-0.224710464
815.5,-0.226331711
815.6000366,-0.227952957
815.7000122,-0.229669571
815.7999878,-0.225282669
815.9000244,-0.222326279
816,-0.22118187
816.1000366,-0.22375679
816.2000122,-0.223148823
816.2999878,-0.223661423
816.4000244,-0.223995209
816.5,-0.223649502
816.6000366,-0.223837256
816.7000122,-0.223804474
816.7999878,-0.223899841
816.9000244,-0.223566055
817,-0.22542572
817.1000366,-0.222874641
817.2000122,-0.221420288
817.2999878,-0.221086502
817.4000244,-0.218893051
817.5,-0.22618866
817.6000366,-0.223661423
817.7000122,-0.219703674
817.7999878,-0.217605591
817.9000244,-0.226903915
818,-0.228906631
818.1000366,-0.226999283
818.2000122,-0.222230911
818.2999878,-0.229478836
818.4000244,-0.221515656
818.5,-0.226284027
818.6000366,-0.222326279
818.7000122,-0.22118187
818.7999878,-0.220657349
818.9000244,-0.22118187
819,-0.220991135
819.1000366,-0.219036102
819.2000122,-0.219512939
819.2999878,-0.223470688
819.4000244,-0.221754074
819.5,-0.232387543
819.6000366,-0.216461182
819.7000122,-0.227046967
819.7999878,-0.228715897
819.9000244,-0.226665497
820,-0.218559265
820.1000366,-0.224090576
820.2000122,-0.219751358
820.2999878,-0.220609665
820.4000244,-0.220180511
820.5,-0.217271805
820.6000366,-0.223518372
820.7000122,-0.216413498
820.7999878,-0.225473404
820.9000244,-0.214935303
821,-0.219989777
821.1000366,-0.22170639
821.2000122,-0.225902557
821.2999878,-0.223661423
821.4000244,-0.22041893
821.5,-0.210119247
821.6000366,-0.221897125
821.7000122,-0.22785759
821.7999878,-0.229192734
821.9000244,-0.221420288
822,-0.216270447
822.1000366,-0.219846725
822.2000122,-0.213457108
822.2999878,-0.223089218
822.4000244,-0.220657349
822.5,-0.220943451
822.6000366,-0.226093292
822.7000122,-0.223852158
822.7999878,-0.220323563
822.9000244,-0.216270447
823,-0.228715897
823.1000366,-0.2208004
823.2000122,-0.216032028
823.2999878,-0.215602875
823.4000244,-0.225187302
823.5,-0.222421646
823.6000366,-0.224162102
823.7000122,-0.224376678
823.7999878,-0.224662781
823.9000244,-0.220895767
824,-0.220240116
824.1000366,-0.21746254
824.2000122,-0.217939377
824.2999878,-0.223041534
824.4000244,-0.219083786
824.5,-0.221658707
824.6000366,-0.222230911
824.7000122,-0.218952656
824.7999878,-0.215888977
824.9000244,-0.216032028
825,-0.221563339
825.1000366,-0.214506149
825.2000122,-0.219417572
825.2999878,-0.221563339
825.4000244,-0.221324921
825.5,-0.217176437
825.6000366,-0.217283726
825.7000122,-0.215507507
825.7999878,-0.215126038
825.9000244,-0.217176437
826,-0.216794968
826.1000366,-0.218177795
826.2000122,-0.2166996
826.2999878,-0.22542572
826.4000244,-0.2208004
826.5,-0.216079712
826.6000366,-0.217939377
826.7000122,-0.222612381
826.7999878,-0.218416214
826.9000244,-0.223327637
827,-0.224185944
827.1000366,-0.219799042
827.2000122,-0.21336174
827.2999878,-0.219799042
827.4000244,-0.215126038
827.5,-0.223518372
827.6000366,-0.217319489
827.7000122,-0.218225479
827.7999878,-0.217128754
827.9000244,-0.22375679
828,-0.215173721
828.1000366,-0.221038818
828.2000122,-0.213838577
828.2999878,-0.220228195
828.4000244,-0.223232269
828.5,-0.217796326
828.6000366,-0.214172363
828.7000122,-0.226522446
828.7999878,-0.218606949
828.9000244,-0.21298027
829,-0.220371246
829.1000366,-0.21336174
829.2000122,-0.218320847
829.2999878,-0.218845367
829.4000244,-0.224090576
829.5,-0.212932587
829.6000366,-0.222517014
829.7000122,-0.217891693
829.7999878,-0.228525162
829.9000244,-0.220228195
830,-0.222230911
830.1000366,-0.214744568
830.2000122,-0.215650558
830.2999878,-0.213409424
830.4000244,-0.216914177
830.5,-0.219799042
830.6000366,-0.218797684
830.7000122,-0.216556549
830.7999878,-0.218082428
830.9000244,-0.221658707
831,-0.216079712
831.1000366,-0.220466614
831.2000122,-0.217319489
831.2999878,-0.222898483
831.4000244,-0.218082428
831.5,-0.215555191
831.6000366,-0.214363098
831.7000122,-0.216079712
831.7999878,-0.21875
831.9000244,-0.215650558
832,-0.219512939
832.1000366,-0.223995209
832.2000122,-0.225568771
832.2999878,-0.224901199
832.4000244,-0.221909046
832.5,-0.219369888
832.6000366,-0.217796326
832.7000122,-0.216747284
832.7999878,-0.214792252
832.9000244,-0.220180511
833,-0.21746254
833.1000366,-0.215078354
833.2000122,-0.219894409
833.2999878,-0.223470688
833.4000244,-0.223709106
833.5,-0.215459824
833.6000366,-0.21746254
833.7000122,-0.213409424
833.7999878,-0.224853516
833.9000244,-0.218273163
834,-0.216604233
834.1000366,-0.213266373
834.2000122,-0.2166996
834.2999878,-0.213981628
834.4000244,-0.218273163
834.5,-0.215316772
834.6000366,-0.216234684
834.7000122,-0.214506149
834.7999878,-0.216842651
834.9000244,-0.214363098
835,-0.21579361
835.1000366,-0.216222763
835.2000122,-0.216079712
835.2999878,-0.217319489
835.4000244,-0.218320847
835.5,-0.218654633
835.6000366,-0.2166996
835.7000122,-0.217832088
835.7999878,-0.218416214
835.9000244,-0.217557907
836,-0.219369888
836.1000366,-0.21746254
836.2000122,-0.222040176
836.2999878,-0.208498001
836.4000244,-0.212837219
836.5,-0.216413498
836.6000366,-0.217033386
836.7000122,-0.218130112
836.7999878,-0.21528101
836.9000244,-0.214267731
837,-0.21169281
837.1000366,-0.220228195
837.2000122,-0.213266373
837.2999878,-0.217283726
837.4000244,-0.217557907
837.5,-0.218082428
837.6000366,-0.217784405
837.7000122,-0.217271805
837.7999878,-0.218225479
837.9000244,-0.217891693
838,-0.218702316
838.1000366,-0.220359325
838.2000122,-0.224901199
838.2999878,-0.219942093
838.4000244,-0.20964241
838.5,-0.208784103
838.6000366,-0.213600159
838.7000122,-0.210596085
838.7999878,-0.218416214
838.9000244,-0.214410782
839,-0.215698242
839.1000366,-0.217891693
839.2000122,-0.216842651
839.2999878,-0.217605591
839.4000244,-0.218702316
839.5,-0.215221405
839.6000366,-0.21374321
839.7000122,-0.223947525
839.7999878,-0.219655991
839.9000244,-0.205255508
840,-0.214744568
840.1000366,-0.222421646
840.2000122,-0.222183228
840.2999878,-0.212884903
840.4000244,-0.217176437
840.5,-0.213123322
840.6000366,-0.211263657
840.7000122,-0.212551117
840.7999878,-0.218034744
840.9000244,-0.222040176
841,-0.217224121
841.1000366,-0.223470688
841.2000122,-0.213409424
841.2999878,-0.216604233
841.4000244,-0.212837219
841.5,-0.210214615
841.6000366,-0.21746254
841.7000122,-0.215745926
841.7999878,-0.219846725
841.9000244,-0.221134186
842,-0.209785461
842.1000366,-0.223423004
842.2000122,-0.212026596
842.2999878,-0.212169647
842.4000244,-0.215173721
842.5,-0.218940735
842.6000366,-0.217557907
842.7000122,-0.213027954
842.7999878,-0.216794968
842.9000244,-0.204397202
843,-0.211215973
843.1000366,-0.205207825
843.2000122,-0.215078354
843.2999878,-0.217224121
843.4000244,-0.22504425
843.5,-0.220001698
843.6000366,-0.22170639
843.7000122,-0.216032028
843.7999878,-0.218225479
843.9000244,-0.219703674
844,-0.209308624
844.1000366,-0.219703674
844.2000122,-0.211740494
844.2999878,-0.215269089
844.4000244,-0.216127396
844.5,-0.215126038
844.6000366,-0.214506149
844.7000122,-0.210071564
844.7999878,-0.212408066
844.9000244,-0.214506149
845,-0.20873642
845.1000366,-0.218082428
845.2000122,-0.212694168
845.2999878,-0.215507507
845.4000244,-0.210977554
845.5,-0.216604233
845.6000366,-0.213314056
845.7000122,-0.21579361
845.7999878,-0.217844009
845.9000244,-0.215269089
846,-0.214267731
846.1000366,-0.214744568
846.2000122,-0.210119247
846.2999878,-0.216842651
846.4000244,-0.212360382
846.5,-0.213171005
846.6000366,-0.217939377
846.7000122,-0.213409424
846.7999878,-0.211645126
846.9000244,-0.210882187
847,-0.216985703
847.1000366,-0.218606949
847.2000122,-0.215078354
847.2999878,-0.213933945
847.4000244,-0.21298027
847.5,-0.209308624
847.6000366,-0.210166931
847.7000122,-0.207782745
847.7999878,-0.214506149
847.9000244,-0.208879471
848,-0.216842651
848.1000366,-0.214458466
848.2000122,-0.211120605
848.2999878,-0.21207428
848.4000244,-0.212408066
848.5,-0.211120605
848.6000366,-0.218130112
848.7000122,-0.210739136
848.7999878,-0.206495285
848.9000244,-0.213075638
849,-0.212169647
849.1000366,-0.215078354
849.2000122,-0.213600159
849.2999878,-0.215841293
849.4000244,-0.213647842
849.5,-0.213027954
849.6000366,-0.212121964
849.7000122,-0.213910103
849.7999878,-0.217224121
849.9000244,-0.213266373
850,-0.215841293
850.1000366,-0.215364456
850.2000122,-0.213695526
850.2999878,-0.216222763
850.4000244,-0.209928513
850.5,-0.215364456
850.6000366,-0.211549759
850.7000122,-0.21131134
850.7999878,-0.209594727
850.9000244,-0.20873642
851,-0.212265015
851.1000366,-0.215126038
851.2000122,-0.215745926
851.2999878,-0.21336174
851.4000244,-0.220371246
851.5,-0.211931229
851.6000366,-0.215173721
851.7000122,-0.216413498
851.7999878,-0.213838577
851.9000244,-0.216938019
852,-0.215078354
852.1000366,-0.216079712
852.2000122,-0.211454391
852.2999878,-0.212408066
852.4000244,-0.209690094
852.5,-0.210071564
852.6000366,-0.210619926
852.7000122,-0.212884903
852.7999878,-0.209833145
852.9000244,-0.207925797
853,-0.209260941
853.1000366,-0.213695526
853.2000122,-0.216747284
853.2999878,-0.2146492
853.4000244,-0.213826656
853.5,-0.213799834
853.6000366,-0.213171005
853.7000122,-0.213552475
853.7999878,-0.211883545
853.9000244,-0.206352234
854,-0.218034744
854.1000366,-0.211740494
854.2000122,-0.211645126
854.2999878,-0.212920666
854.4000244,-0.214839935
854.5,-0.213457108
854.6000366,-0.206066132
854.7000122,-0.211025238
854.7999878,-0.217033386
854.9000244,-0.205064774
855,-0.212503433
855.1000366,-0.212217331
855.2000122,-0.213457108
855.2999878,-0.208307266
855.4000244,-0.214744568
855.5,-0.207735062
855.6000366,-0.208068848
855.7000122,-0.212598801
855.7999878,-0.21875
855.9000244,-0.211502075
856,-0.20539856
856.1000366,-0.213790894
856.2000122,-0.206495285
856.2999878,-0.215173721
856.4000244,-0.209117889
856.5,-0.208831787
856.6000366,-0.209105968
856.7000122,-0.209022522
856.7999878,-0.209451675
856.9000244,-0.216270447
857,-0.216175079
857.1000366,-0.212706089
857.2000122,-0.210739136
857.2999878,-0.207639694
857.4000244,-0.21503067
857.5,-0.209547043
857.6000366,-0.214315414
857.7000122,-0.212694168
857.7999878,-0.209165573
857.9000244,-0.213457108
858,-0.204444885
858.1000366,-0.211072922
858.2000122,-0.21631813
858.2999878,-0.206447601
858.4000244,-0.213266373
858.5,-0.208307266
858.6000366,-0.200725555
858.7000122,-0.2146492
858.7999878,-0.211835861
858.9000244,-0.213695526
859,-0.214458466
859.1000366,-0.213778973
859.2000122,-0.214363098
859.2999878,-0.212598801
859.4000244,-0.207496643
859.5,-0.207735062
859.6000366,-0.207139015
859.7000122,-0.208068848
859.7999878,-0.205255508
859.9000244,-0.208164215
860,-0.211740494
860.1000366,-0.206256866
860.2000122,-0.215650558
860.2999878,-0.21207428
860.4000244,-0.205827713
860.5,-0.20425415
860.6000366,-0.213600159
860.7000122,-0.20759201
860.7999878,-0.214363098
860.9000244,-0.211931229
861,-0.214267731
861.1000366,-0.216985703
861.2000122,-0.213075638
861.2999878,-0.212312698
861.4000244,-0.210357666
861.5,-0.205207825
861.6000366,-0.212551117
861.7000122,-0.210309982
861.7999878,-0.209451675
861.9000244,-0.207448959
862,-0.207496643
862.1000366,-0.20797348
862.2000122,-0.207782745
862.2999878,-0.210929871
862.4000244,-0.210453033
862.5,-0.20706749
862.6000366,-0.206399918
862.7000122,-0.208009243
862.7999878,-0.209070206
862.9000244,-0.209499359
863,-0.207353592
863.1000366,-0.205887318
863.2000122,-0.201726913
863.2999878,-0.204969406
863.4000244,-0.204230309
863.5,-0.206876755
863.6000366,-0.20334816
863.7000122,-0.211120605
863.7999878,-0.213600159
863.9000244,-0.208831787
864,-0.215221405
864.1000366,-0.20873642
864.2000122,-0.209928513
864.2999878,-0.210119247
864.4000244,-0.20938015
864.5,-0.209737778
864.6000366,-0.207735062
864.7000122,-0.206876755
864.7999878,-0.213695526
864.9000244,-0.209690094
865,-0.206447601
865.1000366,-0.20668602
865.2000122,-0.207830429
865.2999878,-0.213266373
865.4000244,-0.209260941
865.5,-0.216222763
865.6000366,-0.210643768
865.7000122,-0.209022522
865.7999878,-0.213981628
865.9000244,-0.211740494
866,-0.204826355
866.1000366,-0.20706749
866.2000122,-0.203014374
866.2999878,-0.20873642
866.4000244,-0.20668602
866.5,-0.20463562
866.6000366,-0.207758904
866.7000122,-0.209785461
866.7999878,-0.209928513
866.9000244,-0.208545685
867,-0.211215973
867.1000366,-0.201917648
867.2000122,-0.205732346
867.2999878,-0.211215973
867.4000244,-0.205255508
867.5,-0.213886261
867.6000366,-0.211025238
867.7000122,-0.207782745
867.7999878,-0.210786819
867.9000244,-0.216079712
868,-0.203109741
868.1000366,-0.209928513
868.2000122,-0.202728271
868.2999878,-0.216651917
868.4000244,-0.207115173
868.5,-0.205160141
868.6000366,-0.21207428
868.7000122,-0.209594727
868.7999878,-0.20592308
868.9000244,-0.202013016
869,-0.206352234
869.1000366,-0.205350876
869.2000122,-0.209499359
869.2999878,-0.209165573
869.4000244,-0.209880829
869.5,-0.207162857
869.6000366,-0.209451675
869.7000122,-0.204111099
869.7999878,-0.206542969
869.9000244,-0.203205109
870,-0.20334816
870.1000366,-0.198579788
870.2000122,-0.210882187
870.2999878,-0.204111099
870.4000244,-0.20258522
870.5,-0.207305908
870.6000366,-0.217796326
870.7000122,-0.208879471
870.7999878,-0.204730988
870.9000244,-0.203586578
871,-0.21040535
871.1000366,-0.210596085
871.2000122,-0.208307266
871.2999878,-0.208521843
871.4000244,-0.208021164
871.5,-0.207162857
871.6000366,-0.203300476
871.7000122,-0.204683304
871.7999878,-0.203634262
871.9000244,-0.212360382
872,-0.206542969
872.1000366,-0.210691452
872.2000122,-0.20372963
872.2999878,-0.206972122
872.4000244,-0.201011658
872.5,-0.206924438
872.6000366,-0.209690094
872.7000122,-0.203109741
872.7999878,-0.206781387
872.9000244,-0.206590652
873,-0.204206467
873.1000366,-0.203538895
873.2000122,-0.20630455
873.2999878,-0.205970764
873.4000244,-0.203681946
873.5,-0.207103252
873.6000366,-0.209070206
873.7000122,-0.209690094
873.7999878,-0.212169647
873.9000244,-0.208605289
874,-0.206972122
874.1000366,-0.205589294
874.2000122,-0.200534821
874.2999878,-0.209451675
874.4000244,-0.201488495
874.5,-0.210977554
874.6000366,-0.200630188
874.7000122,-0.207735062
874.7999878,-0.20797348
874.9000244,-0.208271503
875,-0.208259583
875.1000366,-0.20682013
875.2000122,-0.204874039
875.2999878,-0.205875397
875.4000244,-0.207627773
875.5,-0.210882187
875.6000366,-0.208879471
875.7000122,-0.204778671
875.7999878,-0.199533463
875.9000244,-0.201869965
876,-0.202239513
876.1000366,-0.20372963
876.2000122,-0.203824997
876.2999878,-0.198722839
876.4000244,-0.199819565
876.5,-0.202489853
876.6000366,-0.200296402
876.7000122,-0.204015732
876.7999878,-0.20759201
876.9000244,-0.20501709
877,-0.207401276
877.1000366,-0.204838276
877.2000122,-0.20425415
877.2999878,-0.202680588
877.4000244,-0.204874039
877.5,-0.208688736
877.6000366,-0.207496643
877.7000122,-0.200391769
877.7999878,-0.204587936
877.9000244,-0.202013016
878,-0.20361042
878.1000366,-0.204587936
878.2000122,-0.203252792
878.2999878,-0.205780029
878.4000244,-0.206638336
878.5,-0.19834137
878.6000366,-0.205493927
878.7000122,-0.21336174
878.7999878,-0.207115173
878.9000244,-0.203205109
879,-0.20258522
879.1000366,-0.204301834
879.2000122,-0.203538895
879.2999878,-0.210929871
879.4000244,-0.198150635
879.5,-0.21040535
879.6000366,-0.205064774
879.7000122,-0.208068848
879.7999878,-0.206113815
879.9000244,-0.206733704
880,-0.206364155
880.1000366,-0.206161499
880.2000122,-0.206447601
880.2999878,-0.203395844
880.4000244,-0.197101593
880.5,-0.20501709
880.6000366,-0.202394485
880.7000122,-0.207019806
880.7999878,-0.205064774
880.9000244,-0.207353592
881,-0.206590652
881.1000366,-0.203634262
881.2000122,-0.203824997
881.2999878,-0.205112457
881.4000244,-0.205303192
881.5,-0.203968048
881.6000366,-0.20258522
881.7000122,-0.202871323
881.7999878,-0.202823639
881.9000244,-0.208068848
882,-0.21169281
882.1000366,-0.207115173
882.2000122,-0.206066132
882.2999878,-0.202632904
882.4000244,-0.20091629
882.5,-0.206113815
882.6000366,-0.194860458
882.7000122,-0.198246002
882.7999878,-0.20167923
882.9000244,-0.202632904
883,-0.208116531
883.1000366,-0.20964241
883.2000122,-0.198722839
883.2999878,-0.212265015
883.4000244,-0.206590652
883.5,-0.202680588
883.6000366,-0.198579788
883.7000122,-0.208498001
883.7999878,-0.198436737
883.9000244,-0.200773239
884,-0.19424057
884.1000366,-0.208307266
884.2000122,-0.200153351
884.2999878,-0.203443527
884.4000244,-0.205827713
884.5,-0.197530746
884.6000366,-0.20630455
884.7000122,-0.201393127
884.7999878,-0.201488495
884.9000244,-0.200773239
885,-0.200963974
885.1000366,-0.202156067
885.2000122,-0.197053909
885.2999878,-0.203205109
885.4000244,-0.199390411
885.5,-0.196910858
885.6000366,-0.198055267
885.7000122,-0.198424816
885.7999878,-0.200057983
885.9000244,-0.198675156
886,-0.196529388
886.1000366,-0.205780029
886.2000122,-0.198436737
886.2999878,-0.203968048
886.4000244,-0.196338654
886.5,-0.201393127
886.6000366,-0.194812775
886.7000122,-0.206829071
886.7999878,-0.201250076
886.9000244,-0.201536179
887,-0.202299118
887.1000366,-0.204158783
887.2000122,-0.206161499
887.2999878,-0.206781387
887.4000244,-0.204802513
887.5,-0.203205109
887.6000366,-0.203062057
887.7000122,-0.199318886
887.7999878,-0.196195602
887.9000244,-0.194812775
888,-0.200344086
888.1000366,-0.199104309
888.2000122,-0.204778671
888.2999878,-0.19962883
888.4000244,-0.210309982
888.5,-0.205589294
888.6000366,-0.200439453
888.7000122,-0.20167923
888.7999878,-0.208116531
888.9000244,-0.203538895
889,-0.197149277
889.1000366,-0.193191528
889.2000122,-0.207305908
889.2999878,-0.201965332
889.4000244,-0.203777313
889.5,-0.197292328
889.6000366,-0.204301834
889.7000122,-0.207162857
889.7999878,-0.199581146
889.9000244,-0.204015732
890,-0.196195602
890.1000366,-0.197149277
890.2000122,-0.200284481
890.2999878,-0.203538895
890.4000244,-0.20425415
890.5,-0.197387695
890.6000366,-0.196958542
890.7000122,-0.199151993
890.7999878,-0.203538895
890.9000244,-0.201011658
891,-0.202489853
891.1000366,-0.205255508
891.2000122,-0.201965332
891.2999878,-0.195814133
891.4000244,-0.196577072
891.5,-0.201583862
891.6000366,-0.20592308
891.7000122,-0.19629097
891.7999878,-0.199199677
891.9000244,-0.198389053
892,-0.2000103
892.1000366,-0.199533463
892.2000122,-0.206256866
892.2999878,-0.20296669
892.4000244,-0.207544327
892.5,-0.200105667
892.6000366,-0.206542969
892.7000122,-0.19257164
892.7999878,-0.196052551
892.9000244,-0.200308323
893,-0.20630455
893.1000366,-0.20630455
893.2000122,-0.200773239
893.2999878,-0.193096161
893.4000244,-0.199151993
893.5,-0.203205109
893.6000366,-0.196815491
893.7000122,-0.206495285
893.7999878,-0.200487137
893.9000244,-0.200248718
894,-0.199986458
894.1000366,-0.199867249
894.2000122,-0.199342728
894.2999878,-0.203824997
894.4000244,-0.193429947
894.5,-0.200248718
894.6000366,-0.20258522
894.7000122,-0.203062057
894.7999878,-0.201583862
894.9000244,-0.200201035
895,-0.199867249
895.1000366,-0.198544025
895.2000122,-0.19757843
895.2999878,-0.196529388
895.4000244,-0.202013016
895.5,-0.204063416
895.6000366,-0.197006226
895.7000122,-0.203491211
895.7999878,-0.196434021
895.9000244,-0.192333221
896,-0.199342728
896.1000366,-0.199724197
896.2000122,-0.197053909
896.2999878,-0.197053909
896.4000244,-0.197006226
896.5,-0.195814133
896.6000366,-0.195361137
896.7000122,-0.194002151
896.7999878,-0.19462204
896.9000244,-0.200201035
897,-0.20759201
897.1000366,-0.192810059
897.2000122,-0.201917648
897.2999878,-0.198865891
897.4000244,-0.200820923
897.5,-0.198102951
897.6000366,-0.196767807
897.7000122,-0.202632904
897.7999878,-0.196767807
897.9000244,-0.200439453
898,-0.195814133
898.1000366,-0.200057983
898.2000122,-0.201726913
898.2999878,-0.201178551
898.4000244,-0.202102423
898.5,-0.20258522
898.6000366,-0.202919006
898.7000122,-0.197864532
898.7999878,-0.203109741
898.9000244,-0.195194244
899,-0.203872681
899.1000366,-0.196338654
899.2000122,-0.194049835
899.2999878,-0.199056625
899.4000244,-0.1938591
899.5,-0.202346802
899.6000366,-0.197912216
899.7000122,-0.202442169
899.7999878,-0.205875397
899.9000244,-0.199867249
900,-0.199438095
900.1000366,-0.196577072
900.2000122,-0.200391769
900.2999878,-0.19128418
900.4000244,-0.202394485
900.5,-0.200105667
900.6000366,-0.197816849
900.7000122,-0.193954468
900.7999878,-0.194812775
900.9000244,-0.202489853
901,-0.192810059
901.1000366,-0.199771881
901.2000122,-0.197053909
901.2999878,-0.203157425
901.4000244,-0.195146561
901.5,-0.192905426
901.6000366,-0.196767807
901.7000122,-0.201917648
901.7999878,-0.199199677
901.9000244,-0.196529388
902,-0.198102951
902.1000366,-0.201011658
902.2000122,-0.203062057
902.2999878,-0.206352234
902.4000244,-0.197530746
902.5,-0.191617966
902.6000366,-0.201440811
902.7000122,-0.199676514
902.7999878,-0.201869965
902.9000244,-0.202108383
903,-0.202167988
903.1000366,-0.201440811
903.2000122,-0.203252792
903.2999878,-0.19924736
903.4000244,-0.193143845
903.5,-0.205493927
903.6000366,-0.198961258
903.7000122,-0.197149277
903.7999878,-0.199438095
903.9000244,-0.193716049
904,-0.195480347
904.1000366,-0.197101593
904.2000122,-0.197530746
904.2999878,-0.196696281
904.4000244,-0.195194244
904.5,-0.196958542
904.6000366,-0.193096161
904.7000122,-0.195337296
904.7999878,-0.198293686
904.9000244,-0.200582504
905,-0.198722839
905.1000366,-0.197101593
905.2000122,-0.196100235
905.2999878,-0.194669724
905.4000244,-0.193572998
905.5,-0.194288254
905.6000366,-0.196529388
905.7000122,-0.19359684
905.7999878,-0.191522598
905.9000244,-0.192047119
906,-0.19667244
906.1000366,-0.201154709
906.2000122,-0.197864532
906.2999878,-0.199819565
906.4000244,-0.203205109
906.5,-0.197053909
906.6000366,-0.193286896
906.7000122,-0.198818207
906.7999878,-0.194192886
906.9000244,-0.195194244
907,-0.195885658
907.1000366,-0.197626114
907.2000122,-0.196529388
907.2999878,-0.198186398
907.4000244,-0.199676514
907.5,-0.198913574
907.6000366,-0.198293686
907.7000122,-0.197387695
907.7999878,-0.19719696
907.9000244,-0.200487137
908,-0.197244644
908.1000366,-0.193811417
908.2000122,-0.194669724
908.2999878,-0.1938591
908.4000244,-0.19757843
908.5,-0.194145203
908.6000366,-0.196434021
908.7000122,-0.185370922
908.7999878,-0.205970764
908.9000244,-0.195337296
909,-0.200868607
909.1000366,-0.192047119
909.2000122,-0.199008942
909.2999878,-0.200201035
909.4000244,-0.195241928
909.5,-0.18847084
909.6000366,-0.189996719
909.7000122,-0.192297459
909.7999878,-0.196624756
909.9000244,-0.194097519
910,-0.191427231
910.1000366,-0.200153351
910.2000122,-0.196147919
910.2999878,-0.197721481
910.4000244,-0.19219017
910.5,-0.193477631
910.6000366,-0.194073677
910.7000122,-0.194526672
910.7999878,-0.196100235
910.9000244,-0.198389053
911,-0.196100235
911.1000366,-0.196338654
911.2000122,-0.193429947
911.2999878,-0.195468426
911.4000244,-0.196720123
911.5,-0.195384979
911.6000366,-0.202299118
911.7000122,-0.199485779
911.7999878,-0.196004868
911.9000244,-0.201726913
912,-0.19424057
912.1000366,-0.197864532
912.2000122,-0.201583862
912.2999878,-0.199581146
912.4000244,-0.199390411
912.5,-0.196434021
912.6000366,-0.196147919
912.7000122,-0.191951752
912.7999878,-0.19424057
912.9000244,-0.192094803
913,-0.198722839
913.1000366,-0.191713333
913.2000122,-0.199104309
913.2999878,-0.189424515
913.4000244,-0.194908142
913.5,-0.197530746
913.6000366,-0.191761017
913.7000122,-0.189281464
913.7999878,-0.192047119
913.9000244,-0.198865891
914,-0.19424057
914.1000366,-0.195671082
914.2000122,-0.199199677
914.2999878,-0.191665649
914.4000244,-0.197721481
914.5,-0.192619324
914.6000366,-0.19667244
914.7000122,-0.194335938
914.7999878,-0.192047119
914.9000244,-0.193763733
915,-0.196147919
915.1000366,-0.195158482
915.2000122,-0.195337296
915.2999878,-0.195384979
915.4000244,-0.193716049
915.5,-0.191617966
915.6000366,-0.193382263
915.7000122,-0.19462204
915.7999878,-0.193572998
915.9000244,-0.194431305
916,-0.193930626
916.1000366,-0.193525314
916.2000122,-0.194192886
916.2999878,-0.195861816
916.4000244,-0.193668365
916.5,-0.189567566
916.6000366,-0.187803268
916.7000122,-0.195241928
916.7999878,-0.189996719
916.9000244,-0.193620682
917,-0.195432663
917.1000366,-0.197673798
917.2000122,-0.194812775
917.2999878,-0.193525314
917.4000244,-0.192619324
917.5,-0.192810059
917.6000366,-0.1938591
917.7000122,-0.194717407
917.7999878,-0.195289612
917.9000244,-0.195098877
918,-0.194526672
918.1000366,-0.193644524
918.2000122,-0.189853668
918.2999878,-0.195098877
918.4000244,-0.191761017
918.5,-0.191951752
918.6000366,-0.189758301
918.7000122,-0.193954468
918.7999878,-0.196910858
918.9000244,-0.191665649
919,-0.198198318
919.1000366,-0.19219017
919.2000122,-0.197530746
919.2999878,-0.188756943
919.4000244,-0.192094803
919.5,-0.20167923
919.6000366,-0.20167923
919.7000122,-0.197018147
919.7999878,-0.193143845
919.9000244,-0.191570282
920,-0.190139771
920.1000366,-0.192094803
920.2000122,-0.191904068
920.2999878,-0.193716049
920.4000244,-0.191999435
920.5,-0.192857742
920.6000366,-0.19757843
920.7000122,-0.196910858
920.7999878,-0.195337296
920.9000244,-0.19500351
921,-0.195194244
921.1000366,-0.195575714
921.2000122,-0.194860458
921.2999878,-0.19719696
921.4000244,-0.195110798
921.5,-0.19552803
921.6000366,-0.192857742
921.7000122,-0.193763733
921.7999878,-0.198198318
921.9000244,-0.190855026
922,-0.195957184
922.1000366,-0.196338654
922.2000122,-0.197149277
922.2999878,-0.188184738
922.4000244,-0.199724197
922.5,-0.18432188
922.6000366,-0.19462204
922.7000122,-0.190044403
922.7999878,-0.19219017
922.9000244,-0.186944485
923,-0.194812775
923.1000366,-0.189472198
923.2000122,-0.197626114
923.2999878,-0.183797359
923.4000244,-0.192857742
923.5,-0.196767807
923.6000366,-0.190378189
923.7000122,-0.189472198
923.7999878,-0.192667007
923.9000244,-0.190616608
924,-0.195957184
924.1000366,-0.191856384
924.2000122,-0.200439453
924.2999878,-0.197530746
924.4000244,-0.193572998
924.5,-0.183749676
924.6000366,-0.191856384
924.7000122,-0.184560299
924.7999878,-0.194288254
924.9000244,-0.191808701
925,-0.192535877
925.1000366,-0.192714691
925.2000122,-0.191331863
925.2999878,-0.189710617
925.4000244,-0.186706066
925.5,-0.191999435
925.6000366,-0.189805984
925.7000122,-0.191713333
925.7999878,-0.192047119
925.9000244,-0.193048477
926,-0.193620682
926.1000366,-0.190378189
926.2000122,-0.198436737
926.2999878,-0.193477631
926.4000244,-0.187994003
926.5,-0.19128418
926.6000366,-0.192142487
926.7000122,-0.194478989
926.7999878,-0.194812775
926.9000244,-0.181079388
927,-0.196147919
927.1000366,-0.187898636
927.2000122,-0.188423157
927.2999878,-0.18713522
927.4000244,-0.185704708
927.5,-0.190473557
927.6000366,-0.193811417
927.7000122,-0.191999435
927.7999878,-0.191570282
927.9000244,-0.189329147
928,-0.192094803
928.1000366,-0.187087536
928.2000122,-0.19424057
928.2999878,-0.188327789
928.4000244,-0.190282822
928.5,-0.191999435
928.6000366,-0.196529388
928.7000122,-0.195575714
928.7999878,-0.193012714
928.9000244,-0.190998077
929,-0.192097783
929.1000366,-0.19219017
929.2000122,-0.19219017
929.2999878,-0.193000793
929.4000244,-0.192547798
929.5,-0.192857742
929.6000366,-0.192142487
929.7000122,-0.191951752
929.7999878,-0.191570282
929.9000244,-0.191236496
930,-0.188423157
930.1000366,-0.192047119
930.2000122,-0.189710617
930.2999878,-0.195671082
930.4000244,-0.18637228
930.5,-0.191188812
930.6000366,-0.192428589
930.7000122,-0.191093445
930.7999878,-0.191522598
930.9000244,-0.19629097
931,-0.195480347
931.1000366,-0.194872379
931.2000122,-0.194574356
931.2999878,-0.193143845
931.4000244,-0.191141129
931.5,-0.190092087
931.6000366,-0.188899994
931.7000122,-0.189567566
931.7999878,-0.194669724
931.9000244,-0.19295311
932,-0.188947678
932.1000366,-0.187994003
932.2000122,-0.192857742
932.2999878,-0.187469006
932.4000244,-0.196434021
932.5,-0.189043045
932.6000366,-0.191236496
932.7000122,-0.188530207
932.7999878,-0.18637228
932.9000244,-0.187469006
933,-0.19667244
933.1000366,-0.190807343
933.2000122,-0.197340012
933.2999878,-0.187373638
933.4000244,-0.19424057
933.5,-0.196624756
933.6000366,-0.190616608
933.7000122,-0.1959095
933.7999878,-0.185180187
933.9000244,-0.187755585
934,-0.189949036
934.1000366,-0.198484421
934.2000122,-0.189329147
934.2999878,-0.193334579
934.4000244,-0.184846401
934.5,-0.188995361
934.6000366,-0.196243286
934.7000122,-0.198007584
934.7999878,-0.199581146
934.9000244,-0.193286896
935,-0.187278271
935.1000366,-0.190187454
935.2000122,-0.191522598
935.2999878,-0.189686775
935.4000244,-0.188280106
935.5,-0.188756943
935.6000366,-0.192762375
935.7000122,-0.190855026
935.7999878,-0.187755585
935.9000244,-0.194288254
936,-0.187039852
936.1000366,-0.192333221
936.2000122,-0.179791927
936.2999878,-0.189567566
936.4000244,-0.185657024
936.5,-0.185704827
936.6000366,-0.18341589
936.7000122,-0.184178829
936.7999878,-0.185323358
936.9000244,-0.184774905
937,-0.184226513
937.1000366,-0.185370922
937.2000122,-0.18265295
937.2999878,-0.183654308
937.4000244,-0.195098877
937.5,-0.191904068
937.6000366,-0.186515331
937.7000122,-0.184846401
937.7999878,-0.194574356
937.9000244,-0.188089371
938,-0.192476273
938.1000366,-0.196434021
938.2000122,-0.189567566
938.2999878,-0.189186096
938.4000244,-0.18974638
938.5,-0.190950394
938.6000366,-0.189281464
938.7000122,-0.182462215
938.7999878,-0.18432188
938.9000244,-0.186896801
939,-0.184655666
939.1000366,-0.187850952
939.2000122,-0.176311016
939.2999878,-0.186706066
939.4000244,-0.196147919
939.5,-0.18546629
939.6000366,-0.187087536
939.7000122,-0.186706066
939.7999878,-0.189281225
939.9000244,-0.192047119
940,-0.19128418
940.1000366,-0.186610699
940.2000122,-0.191665649
940.2999878,-0.181890011
940.4000244,-0.185227871
940.5,-0.188089371
940.6000366,-0.187182903
940.7000122,-0.188387275
940.7999878,-0.189138412
940.9000244,-0.189138412
941,-0.188518524
941.1000366,-0.187898636
941.2000122,-0.188327789
941.2999878,-0.185943365
941.4000244,-0.184417248
941.5,-0.183129787
941.6000366,-0.180459499
941.7000122,-0.185895443
941.7999878,-0.191141129
941.9000244,-0.186563015
942,-0.18470335
942.1000366,-0.191427231
942.2000122,-0.185895443
942.2999878,-0.182796001
942.4000244,-0.181556225
942.5,-0.195241928
942.6000366,-0.18847084
942.7000122,-0.181937695
942.7999878,-0.191617966
942.9000244,-0.183701992
943,-0.185037136
943.1000366,-0.191474915
943.2000122,-0.18794632
943.2999878,-0.191093445
943.4000244,-0.195098877
943.5,-0.190998077
943.6000366,-0.191951752
943.7000122,-0.18508482
943.7999878,-0.186992168
943.9000244,-0.193763733
944,-0.192762375
944.1000366,-0.195098877
944.2000122,-0.195241928
944.2999878,-0.18961525
944.4000244,-0.186419964
944.5,-0.185800076
944.6000366,-0.18341589
944.7000122,-0.187517166
944.7999878,-0.189662933
944.9000244,-0.189329147
945,-0.18713522
945.1000366,-0.194908142
945.2000122,-0.183701992
945.2999878,-0.187230587
945.4000244,-0.196577072
945.5,-0.186419964
945.6000366,-0.182033062
945.7000122,-0.183272839
945.7999878,-0.183463573
945.9000244,-0.184798717
946,-0.18675375
946.1000366,-0.185704708
946.2000122,-0.181890011
946.2999878,-0.190235138
946.4000244,-0.183177471
946.5,-0.190759659
946.6000366,-0.19128418
946.7000122,-0.188041687
946.7999878,-0.190092087
946.9000244,-0.188137054
947,-0.186133862
947.1000366,-0.18470335
947.2000122,-0.189853668
947.2999878,-0.18794632
947.4000244,-0.194478989
947.5,-0.185704708
947.6000366,-0.189138412
947.7000122,-0.186086178
947.7999878,-0.186944485
947.9000244,-0.185680866
948,-0.183606625
948.1000366,-0.186086178
948.2000122,-0.189376831
948.2999878,-0.18885231
948.4000244,-0.186467648
948.5,-0.184941769
948.6000366,-0.189567566
948.7000122,-0.194288254
948.7999878,-0.184274197
948.9000244,-0.189949036
949,-0.184989452
949.1000366,-0.187707901
949.2000122,-0.184607983
949.2999878,-0.189329147
949.4000244,-0.187517166
949.5,-0.190092087
949.6000366,-0.186849117
949.7000122,-0.193000793
949.7999878,-0.183320522
949.9000244,-0.186944485
950,-0.185132504
950.1000366,-0.189043045
950.2000122,-0.17893362
950.2999878,-0.183797359
950.4000244,-0.190139771
950.5,-0.188995361
950.6000366,-0.18756485
950.7000122,-0.189555645
950.7999878,-0.190092087
950.9000244,-0.191570282
951,-0.185847759
951.1000366,-0.178885937
951.2000122,-0.192714691
951.2999878,-0.179458141
951.4000244,-0.188137054
951.5,-0.184655666
951.6000366,-0.190378189
951.7000122,-0.187850952
951.7999878,-0.189519882
951.9000244,-0.188709259
952,-0.190139771
952.1000366,-0.189758301
952.2000122,-0.183988094
952.2999878,-0.191331863
952.4000244,-0.185657024
952.5,-0.191522598
952.6000366,-0.184226513
952.7000122,-0.179744244
952.7999878,-0.183368206
952.9000244,-0.178170681
953,-0.190092087
953.1000366,-0.183940411
953.2000122,-0.184941769
953.2999878,-0.189758301
953.4000244,-0.18675375
953.5,-0.182939053
953.6000366,-0.18508482
953.7000122,-0.18303442
953.7999878,-0.188423157
953.9000244,-0.183606625
954,-0.187612534
954.1000366,-0.191713333
954.2000122,-0.183892727
954.2999878,-0.18508482
954.4000244,-0.186467648
954.5,-0.187469125
954.6000366,-0.187373638
954.7000122,-0.190950394
954.7999878,-0.184274197
954.9000244,-0.196863174
955,-0.184417248
955.1000366,-0.186229229
955.2000122,-0.185943127
955.2999878,-0.185227871
955.4000244,-0.182557583
955.5,-0.183988094
955.6000366,-0.18546629
955.7000122,-0.186467648
955.7999878,-0.186086178
955.9000244,-0.183368206
956,-0.187469006
956.1000366,-0.18470335
956.2000122,-0.183177471
956.2999878,-0.186324596
956.4000244,-0.185132504
956.5,-0.185943127
956.6000366,-0.18508482
956.7000122,-0.183892727
956.7999878,-0.186610699
956.9000244,-0.183654308
957,-0.181794643
957.1000366,-0.185323238
957.2000122,-0.190044403
957.2999878,-0.189519882
957.4000244,-0.183988094
957.5,-0.183988094
957.6000366,-0.185847759
957.7000122,-0.187517166
957.7999878,-0.187230825
957.9000244,-0.188327789
958,-0.187230587
958.1000366,-0.17893362
958.2000122,-0.187421322
958.2999878,-0.178075314
958.4000244,-0.189758301
958.5,-0.18961525
958.6000366,-0.183749676
958.7000122,-0.183701992
958.7999878,-0.188375473
958.9000244,-0.185704708
959,-0.189662933
959.1000366,-0.189662933
959.2000122,-0.187576532
959.2999878,-0.184941769
959.4000244,-0.186038494
959.5,-0.182319164
959.6000366,-0.186038494
959.7000122,-0.192619324
959.7999878,-0.188375473
959.9000244,-0.189138412
960,-0.186229229
960.1000366,-0.186515331
960.2000122,-0.186896801
960.2999878,-0.183368206
960.4000244,-0.178170681
960.5,-0.186467648
960.6000366,-0.188804626
960.7000122,-0.180650234
960.7999878,-0.190950394
960.9000244,-0.180602551
961,-0.184131145
961.1000366,-0.186515331
961.2000122,-0.180745602
961.2999878,-0.183797359
961.4000244,-0.184941769
961.5,-0.18794632
961.6000366,-0.181508541
961.7000122,-0.183654308
961.7999878,-0.183737755
961.9000244,-0.185180187
962,-0.184607983
962.1000366,-0.185275555
962.2000122,-0.18559742
962.2999878,-0.18637228
962.4000244,-0.186133862
962.5,-0.18961525
962.6000366,-0.184989452
962.7000122,-0.181651592
962.7999878,-0.188089371
962.9000244,-0.18341589
963,-0.179124355
963.1000366,-0.184846401
963.2000122,-0.184846401
963.2999878,-0.184846401
963.4000244,-0.186276913
963.5,-0.183129787
963.6000366,-0.185657024
963.7000122,-0.176692486
963.7999878,-0.184798717
963.9000244,-0.179267406
964,-0.18961525
964.1000366,-0.1743083
964.2000122,-0.191713333
964.2999878,-0.186658382
964.4000244,-0.180793285
964.5,-0.186038494
964.6000366,-0.181937695
964.7000122,-0.180364132
964.7999878,-0.184607983
964.9000244,-0.184369564
965,-0.177455425
965.1000366,-0.185418606
965.2000122,-0.174975872
965.2999878,-0.177789211
965.4000244,-0.186944485
965.5,-0.187898636
965.6000366,-0.181222439
965.7000122,-0.190616608
965.7999878,-0.180697918
965.9000244,-0.187087536
966,-0.178790569
966.1000366,-0.181603909
966.2000122,-0.180364132
966.2999878,-0.19090271
966.4000244,-0.180268764
966.5,-0.19090271
966.6000366,-0.177407742
966.7000122,-0.192142487
966.7999878,-0.186419964
966.9000244,-0.183320522
967,-0.184274197
967.1000366,-0.180650234
967.2000122,-0.18432188
967.2999878,-0.180173397
967.4000244,-0.183606625
967.5,-0.183654308
967.6000366,-0.178790569
967.7000122,-0.181890011
967.7999878,-0.175309658
967.9000244,-0.178695202
968,-0.18303442
968.1000366,-0.182462215
968.2000122,-0.181782722
968.2999878,-0.180411816
968.4000244,-0.181222439
968.5,-0.182998657
968.6000366,-0.184846401
968.7000122,-0.185513973
968.7999878,-0.179362774
968.9000244,-0.185370922
969,-0.182033062
969.1000366,-0.183225155
969.2000122,-0.178647518
969.2999878,-0.185275555
969.4000244,-0.181413174
969.5,-0.180638313
969.6000366,-0.178695202
969.7000122,-0.177169323
969.7999878,-0.17674017
969.9000244,-0.179338932
970,-0.182557583
970.1000366,-0.180888653
970.2000122,-0.186992168
970.2999878,-0.184226513
970.4000244,-0.187850952
970.5,-0.182509899
970.6000366,-0.18470335
970.7000122,-0.184464931
970.7999878,-0.18419075
970.9000244,-0.184226513
971,-0.183368206
971.1000366,-0.179362774
971.2000122,-0.187612534
971.2999878,-0.181413174
971.4000244,-0.184894085
971.5,-0.182176113
971.6000366,-0.178742886
971.7000122,-0.176835537
971.7999878,-0.175214291
971.9000244,-0.183463573
972,-0.179267406
972.1000366,-0.185275555
972.2000122,-0.179839611
972.2999878,-0.180888653
972.4000244,-0.173259258
972.5,-0.173640728
972.6000366,-0.182700634
972.7000122,-0.183797359
972.7999878,-0.180888653
972.9000244,-0.184464931
973,-0.188613892
973.1000366,-0.185800195
973.2000122,-0.185895443
973.2999878,-0.184226513
973.4000244,-0.184989452
973.5,-0.180268764
973.6000366,-0.184989452
973.7000122,-0.188041687
973.7999878,-0.178838253
973.9000244,-0.181699276
974,-0.176215649
974.1000366,-0.177550793
974.2000122,-0.182128429
974.2999878,-0.18174696
974.4000244,-0.181031704
974.5,-0.182891369
974.6000366,-0.178838253
974.7000122,-0.183606625
974.7999878,-0.18007803
974.9000244,-0.177550793
975,-0.182796001
975.1000366,-0.175834179
975.2000122,-0.180411816
975.2999878,-0.181556225
975.4000244,-0.188041687
975.5,-0.189281464
975.6000366,-0.180936337
975.7000122,-0.191856384
975.7999878,-0.176501751
975.9000244,-0.18847084
976,-0.181651592
976.1000366,-0.183225155
976.2000122,-0.184512615
976.2999878,-0.184035778
976.4000244,-0.183558941
976.5,-0.184846401
976.6000366,-0.182605267
976.7000122,-0.176692486
976.7999878,-0.180888653
976.9000244,-0.174451351
977,-0.178695202
977.1000366,-0.188899994
977.2000122,-0.179791927
977.2999878,-0.187087536
977.4000244,-0.188280106
977.5,-0.180650234
977.6000366,-0.178361416
977.7000122,-0.178218365
977.7999878,-0.180459499
977.9000244,-0.178635597
978,-0.177360058
978.1000366,-0.178504467
978.2000122,-0.17764616
978.2999878,-0.178456783
978.4000244,-0.179505825
978.5,-0.183225155
978.6000366,-0.189901352
978.7000122,-0.176835537
978.7999878,-0.185370922
978.9000244,-0.18675375
979,-0.184417248
979.1000366,-0.183177471
979.2000122,-0.182366848
979.2999878,-0.182128429
979.4000244,-0.178790569
979.5,-0.180793285
979.6000366,-0.178695202
979.7000122,-0.177932262
979.7999878,-0.18756485
979.9000244,-0.180364132
980,-0.186276913
980.1000366,-0.182366848
980.2000122,-0.181270123
980.2999878,-0.179124355
980.4000244,-0.185323238
980.5,-0.176835537
980.6000366,-0.181508541
980.7000122,-0.18599081
980.7999878,-0.179887295
980.9000244,-0.178599834
981,-0.180459499
981.1000366,-0.181079388
981.2000122,-0.185657024
981.2999878,-0.187230587
981.4000244,-0.176024914
981.5,-0.181699276
981.6000366,-0.18847084
981.7000122,-0.183701992
981.7999878,-0.179505825
981.9000244,-0.181460857
982,-0.178647518
982.1000366,-0.183654308
982.2000122,-0.180650234
982.2999878,-0.1722579
982.4000244,-0.174499035
982.5,-0.181603909
982.6000366,-0.180697918
982.7000122,-0.182605267
982.7999878,-0.177693844
982.9000244,-0.181699276
983,-0.175548077
983.1000366,-0.18303442
983.2000122,-0.17135191
983.2999878,-0.175834179
983.4000244,-0.172067165
983.5,-0.180602551
983.6000366,-0.179982662
983.7000122,-0.18265295
983.7999878,-0.179267406
983.9000244,-0.181174755
984,-0.173402309
984.1000366,-0.184751034
984.2000122,-0.175834179
984.2999878,-0.182462215
984.4000244,-0.181270123
984.5,-0.182748318
984.6000366,-0.180268764
984.7000122,-0.18136549
984.7999878,-0.182688713
984.9000244,-0.184894085
985,-0.184226513
985.1000366,-0.185227871
985.2000122,-0.181794643
985.2999878,-0.180221081
985.4000244,-0.177503109
985.5,-0.178695202
985.6000366,-0.177693844
985.7000122,-0.177681923
985.7999878,-0.177407742
985.9000244,-0.176930904
986,-0.179601192
986.1000366,-0.182462215
986.2000122,-0.173688412
986.2999878,-0.169587612
986.4000244,-0.182557583
986.5,-0.178695202
986.6000366,-0.17468977
986.7000122,-0.177884579
986.7999878,-0.175452709
986.9000244,-0.178838253
987,-0.175691128
987.1000366,-0.182319164
987.2000122,-0.174737453
987.2999878,-0.180840969
987.4000244,-0.173402309
987.5,-0.178170681
987.6000366,-0.176501751
987.7000122,-0.176835537
987.7999878,-0.178552151
987.9000244,-0.180554867
988,-0.186658382
988.1000366,-0.182986736
988.2000122,-0.178838253
988.2999878,-0.1784091
988.4000244,-0.174737453
988.5,-0.175452709
988.6000366,-0.181270123
988.7000122,-0.185132504
988.7999878,-0.179744244
988.9000244,-0.178361416
989,-0.180531025
989.1000366,-0.181842327
989.2000122,-0.182176113
989.2999878,-0.182426453
989.4000244,-0.187469006
989.5,-0.178218365
989.6000366,-0.183082104
989.7000122,-0.178361416
989.7999878,-0.17931509
989.9000244,-0.18136549
990,-0.181079388
990.1000366,-0.178766727
990.2000122,-0.17674017
990.2999878,-0.175881863
990.4000244,-0.178122997
990.5,-0.180125713
990.6000366,-0.178599834
990.7000122,-0.178254128
990.7999878,-0.176835537
990.9000244,-0.177455425
991,-0.173116207
991.1000366,-0.181174755
991.2000122,-0.174928188
991.2999878,-0.177932262
991.4000244,-0.17674017
991.5,-0.175738811
991.6000366,-0.178361416
991.7000122,-0.181317806
991.7999878,-0.17764616
991.9000244,-0.177598476
992,-0.181031704
992.1000366,-0.177026272
992.2000122,-0.183177471
992.2999878,-0.172353268
992.4000244,-0.181222439
992.5,-0.175929546
992.6000366,-0.173116207
992.7000122,-0.179648876
992.7999878,-0.179648876
992.9000244,-0.174355984
993,-0.176597118
993.1000366,-0.173259258
993.2000122,-0.171065807
993.2999878,-0.177550793
993.4000244,-0.178552151
993.5,-0.179744244
993.6000366,-0.176799774
993.7000122,-0.174499035
993.7999878,-0.174403667
993.9000244,-0.184655666
994,-0.170636654
994.1000366,-0.177598476
994.2000122,-0.175118923
994.2999878,-0.177598476
994.4000244,-0.173831463
994.5,-0.174022198
994.6000366,-0.181699276
994.7000122,-0.188041687
994.7999878,-0.17302084
994.9000244,-0.175834179
995,-0.1722579
995.1000366,-0.176978588
995.2000122,-0.171065807
995.2999878,-0.18303442
995.4000244,-0.179887295
995.5,-0.178742886
995.6000366,-0.178945541
995.7000122,-0.178218365
995.7999878,-0.17893362
995.9000244,-0.180507183
996,-0.179982662
996.1000366,-0.177717686
996.2000122,-0.17468977
996.2999878,-0.175691128
996.4000244,-0.177598476
996.5,-0.172925472
996.6000366,-0.17726469
996.7000122,-0.178742886
996.7999878,-0.182557583
996.9000244,-0.168681622
997,-0.176883221
997.1000366,-0.181270123
997.2000122,-0.181603909
997.2999878,-0.179589272
997.4000244,-0.176311016
997.5,-0.179172039
997.6000366,-0.182128429
997.7000122,-0.178122997
997.7999878,-0.179934978
997.9000244,-0.17931509
998,-0.173497677
998.1000366,-0.176978588
998.2000122,-0.177050114
998.2999878,-0.178981304
998.4000244,-0.178742886
998.5,-0.175786495
998.6000366,-0.181603909
998.7000122,-0.176406384
998.7999878,-0.181556225
998.9000244,-0.17802763
999,-0.177503109
999.1000366,-0.182033062
999.2000122,-0.17468977
999.2999878,-0.179076672
999.4000244,-0.172448635
999.5,-0.171781063
999.6000366,-0.176311016
999.7000122,-0.187278271
999.7999878,-0.180316448
999.9000244,-0.172305584
1000,-0.175166607
1000.100037,-0.174880505
1000.200012,-0.175393105
1000.299988,-0.175834179
1000.400024,-0.175691128
1000.5,-0.177991867
1000.600037,-0.180840969
1000.700012,-0.179601192
1000.799988,-0.175643444
1000.900024,-0.170398235
1001,-0.182033062
1001.100037,-0.178122997
1001.200012,-0.178266048
1001.299988,-0.179124355
1001.400024,-0.175118923
1001.5,-0.174117565
1001.600037,-0.170350552
1001.700012,-0.171876431
1001.799988,-0.172353268
1001.900024,-0.17302084
1002,-0.174165249
1002.100037,-0.178313732
1002.200012,-0.173068523
1002.299988,-0.176787853
1002.400024,-0.179553509
1002.5,-0.178504467
1002.600037,-0.180364132
1002.700012,-0.166631222
1002.799988,-0.171447277
1002.900024,-0.180364132
1003,-0.179028988
1003.100037,-0.177753448
1003.200012,-0.175738811
1003.299988,-0.175881863
1003.400024,-0.17828989
1003.5,-0.182128429
1003.600037,-0.179410458
1003.700012,-0.176120281
1003.799988,-0.182033062
1003.900024,-0.176167965
1004,-0.175309658
1004.100037,-0.172782421
1004.200012,-0.181890011
1004.299988,-0.175309658
1004.400024,-0.180745602
1004.5,-0.175786495
1004.600037,-0.171733379
1004.700012,-0.176263332
1004.799988,-0.175500393
1004.900024,-0.180316448
1005,-0.171971798
1005.100037,-0.175786495
1005.200012,-0.165629864
1005.299988,-0.173497677
1005.400024,-0.184989452
1005.5,-0.169349194
1005.600037,-0.172544003
1005.700012,-0.177026272
1005.799988,-0.176501751
1005.900024,-0.173736095
1006,-0.171065807
1006.100037,-0.175691128
1006.200012,-0.174117565
1006.299988,-0.173593044
1006.400024,-0.169635296
1006.5,-0.171065807
1006.600037,-0.167441845
1006.700012,-0.172687054
1006.799988,-0.179028988
1006.900024,-0.180459499
1007,-0.174451351
1007.100037,-0.173163891
1007.200012,-0.174141407
1007.299988,-0.175405025
1007.400024,-0.173545361
1007.5,-0.178456783
1007.600037,-0.173402309
1007.700012,-0.169349194
1007.799988,-0.171828747
1007.900024,-0.174212933
1008,-0.175548077
1008.100037,-0.180888653
1008.200012,-0.178242207
1008.299988,-0.178313732
1008.400024,-0.178218365
1008.5,-0.175524235
1008.600037,-0.173116207
1008.700012,-0.172448635
1008.799988,-0.175261974
1008.900024,-0.171590328
1009,-0.173688412
1009.100037,-0.174928188
1009.200012,-0.169253826
1009.299988,-0.170922756
1009.400024,-0.176167965
1009.5,-0.176787853
1009.600037,-0.17597723
1009.700012,-0.171304226
1009.799988,-0.17302084
1009.900024,-0.183272839
1010,-0.174117565
1010.100037,-0.18174696
1010.200012,-0.171065807
1010.299988,-0.169253826
1010.400024,-0.178504467
1010.5,-0.177312374
1010.600037,-0.177765369
1010.700012,-0.176883221
1010.799988,-0.178361416
1010.900024,-0.180840969
1011,-0.177634239
1011.100037,-0.178456783
1011.200012,-0.172877789
1011.299988,-0.179791927
1011.400024,-0.175405025
1011.5,-0.176883221
1011.600037,-0.16930151
1011.700012,-0.176597118
1011.799988,-0.171971798
1011.900024,-0.171542645
1012,-0.171781063
1012.100037,-0.173449993
1012.200012,-0.170159817
1012.299988,-0.174022198
1012.400024,-0.166345119
1012.5,-0.1784091
1012.600037,-0.172544003
1012.700012,-0.170112133
1012.799988,-0.171733379
1012.900024,-0.172687054
1013,-0.173545361
1013.100037,-0.16763258
1013.200012,-0.183797359
1013.299988,-0.177932262
1013.400024,-0.173497677
1013.5,-0.169587612
1013.600037,-0.171924114
1013.700012,-0.165486813
1013.799988,-0.16930151
1013.900024,-0.177312374
1014,-0.169730663
1014.100037,-0.179219723
1014.200012,-0.176406384
1014.299988,-0.167203426
1014.400024,-0.174594402
1014.5,-0.180221081
1014.600037,-0.174451351
1014.700012,-0.174928188
1014.799988,-0.169396877
1014.900024,-0.175261974
1015,-0.170493603
1015.100037,-0.179648876
1015.200012,-0.171494961
1015.299988,-0.17302084
1015.400024,-0.171065807
1015.5,-0.168061733
1015.600037,-0.171685696
1015.700012,-0.174212933
1015.799988,-0.172734737
1015.900024,-0.170922756
1016,-0.170112133
1016.100037,-0.171542645
1016.200012,-0.17468977
1016.299988,-0.173354626
1016.400024,-0.170445919
1016.5,-0.174499035
1016.600037,-0.172305584
1016.700012,-0.17392683
1016.799988,-0.175357342
1016.900024,-0.176835537
1017,-0.168633938
1017.100037,-0.163102627
1017.200012,-0.168252468
1017.299988,-0.170779705
1017.400024,-0.170493603
1017.5,-0.169635296
1017.600037,-0.175786495
1017.700012,-0.170541286
1017.799988,-0.17726469
1017.900024,-0.173736095
1018,-0.170827389
1018.100037,-0.166774273
1018.200012,-0.17135191
1018.299988,-0.173831463
1018.400024,-0.172877789
1018.5,-0.175393105
1018.600037,-0.176883221
1018.700012,-0.177979946
1018.799988,-0.170732021
1018.900024,-0.174260616
1019,-0.171590328
1019.100037,-0.178695202
1019.200012,-0.17468977
1019.299988,-0.1753335
1019.400024,-0.172877789
1019.5,-0.169474363
1019.600037,-0.164390087
1019.700012,-0.165296078
1019.799988,-0.172925472
1019.900024,-0.171876431
1020,-0.170684338
1020.100037,-0.169826031
1020.200012,-0.168109417
1020.299988,-0.17097044
1020.400024,-0.172496319
1020.5,-0.170064449
1020.600037,-0.170064449
1020.700012,-0.169206142
1020.799988,-0.179553509
1020.900024,-0.163293362
1021,-0.170779705
1021.100037,-0.176787853
1021.200012,-0.166726589
1021.299988,-0.171828747
1021.400024,-0.168598175
1021.5,-0.168157101
1021.600037,-0.167680264
1021.700012,-0.167966366
1021.799988,-0.176215649
1021.900024,-0.175786495
1022,-0.173092365
1022.100037,-0.169635296
1022.200012,-0.170732021
1022.299988,-0.169110775
1022.400024,-0.169849873
1022.5,-0.170064449
1022.600037,-0.169492245
1022.700012,-0.170684338
1022.799988,-0.169063091
1022.900024,-0.182748318
1023,-0.169253826
1023.100037,-0.175405025
1023.200012,-0.169015408
1023.299988,-0.169396877
1023.400024,-0.166202068
1023.5,-0.173831463
1023.600037,-0.17097044
1023.700012,-0.172877789
1023.799988,-0.171494961
1023.900024,-0.17969656
1024,-0.16892004
1024.099976,-0.179028988
1024.200073,-0.170398235
1024.300049,-0.174165249
1024.400024,-0.169110775
1024.5,-0.167298794
1024.599976,-0.16930151
1024.700073,-0.168967724
1024.800049,-0.176311016
1024.900024,-0.175929546
1025,-0.175393105
1025.099976,-0.173879147
1025.200073,-0.175452709
1025.300049,-0.171876431
1025.400024,-0.17726469
1025.5,-0.167537212
1025.599976,-0.171399593
1025.700073,-0.173736095
1025.800049,-0.17302084
1025.900024,-0.171399593
1026,-0.177503109
1026.099976,-0.168443203
1026.200073,-0.173497677
1026.300049,-0.171208858
1026.400024,-0.176454067
1026.5,-0.1784091
1026.599976,-0.171018124
1026.700073,-0.172400951
1026.800049,-0.173449993
1026.900024,-0.176311016
1027,-0.17443943
1027.099976,-0.173831463
1027.200073,-0.174165249
1027.300049,-0.173116207
1027.400024,-0.173449993
1027.5,-0.170922756
1027.599976,-0.169778347
1027.700073,-0.166154385
1027.800049,-0.16930151
1027.900024,-0.171578407
1028,-0.175405025
1028.099976,-0.175452709
1028.200073,-0.171590328
1028.300049,-0.169587612
1028.400024,-0.169778347
1028.5,-0.168693542
1028.599976,-0.168204784
1028.700073,-0.167203426
1028.800049,-0.169969082
1028.900024,-0.173354626
1029,-0.171542645
1029.099976,-0.168872356
1029.200073,-0.176167965
1029.300049,-0.171781063
1029.400024,-0.173497677
1029.5,-0.173354626
1029.599976,-0.173461914
1029.700073,-0.172305584
1029.800049,-0.17468977
1029.900024,-0.163722515
1030,-0.182128429
1030.099976,-0.172448635
1030.200073,-0.170875072
1030.300049,-0.169826031
1030.400024,-0.171304226
1030.5,-0.171113491
1030.599976,-0.169730663
1030.700073,-0.168109417
1030.800049,-0.16853857
1030.900024,-0.169969082
1031,-0.170636654
1031.099976,-0.169206142
1031.200073,-0.170779705
1031.300049,-0.174260616
1031.400024,-0.171971798
1031.5,-0.171113491
1031.599976,-0.178456783
1031.700073,-0.172067165
1031.800049,-0.16558218
1031.900024,-0.170779705
1032,-0.177741528
1032.099976,-0.173163891
1032.200073,-0.166106701
1032.300049,-0.171685696
1032.400024,-0.180697918
1032.5,-0.175309658
1032.599976,-0.168824673
1032.700073,-0.170922756
1032.800049,-0.17468977
1032.900024,-0.17559576
1033,-0.173593044
1033.099976,-0.173783779
1033.200073,-0.172865868
1033.300049,-0.170016766
1033.400024,-0.174069881
1033.5,-0.172448635
1033.599976,-0.172067165
1033.700073,-0.171626091
1033.800049,-0.170824409
1033.900024,-0.169778347
1034,-0.169826031
1034.099976,-0.170064449
1034.200073,-0.175929546
1034.300049,-0.165725231
1034.400024,-0.172687054
1034.5,-0.16429472
1034.599976,-0.172305584
1034.700073,-0.16686964
1034.800049,-0.177503109
1034.900024,-0.169063091
1035,-0.163722515
1035.099976,-0.171733379
1035.200073,-0.171399593
1035.300049,-0.168133259
1035.400024,-0.166392803
1035.5,-0.170118093
1035.599976,-0.1743083
1035.700073,-0.171638012
1035.800049,-0.173068523
1035.900024,-0.16801405
1036,-0.170445919
1036.099976,-0.169408798
1036.200073,-0.16930151
1036.300049,-0.169873714
1036.400024,-0.172973156
1036.5,-0.172544003
1036.599976,-0.168347836
1036.700073,-0.16558218
1036.800049,-0.170684338
1036.900024,-0.169253826
1037,-0.171685696
1037.099976,-0.16763258
1037.200073,-0.169969082
1037.300049,-0.172281742
1037.400024,-0.176311016
1037.5,-0.175214291
1037.599976,-0.174868584
1037.700073,-0.175071239
1037.800049,-0.172877789
1037.900024,-0.169730663
1038,-0.169587612
1038.099976,-0.169492245
1038.200073,-0.166011333
1038.300049,-0.17392683
1038.400024,-0.165153027
1038.5,-0.168776989
1038.599976,-0.172591686
1038.700073,-0.170445919
1038.800049,-0.167346478
1038.900024,-0.165296078
1039,-0.171971798
1039.099976,-0.162101269
1039.200073,-0.173879147
1039.300049,-0.172544003
1039.400024,-0.171590328
1039.5,-0.171816826
1039.599976,-0.169730663
1039.700073,-0.173402309
1039.800049,-0.171065807
1039.900024,-0.163102627
1040,-0.160289288
1040.099976,-0.164247036
1040.200073,-0.166774273
1040.300049,-0.165009975
1040.400024,-0.169873714
1040.5,-0.168967724
1040.599976,-0.16827631
1040.700073,-0.16801405
1040.800049,-0.166249752
1040.900024,-0.172782421
1041,-0.16429472
1041.099976,-0.171161175
1041.200073,-0.169158459
1041.300049,-0.174165249
1041.400024,-0.169253826
1041.5,-0.165868282
1041.599976,-0.168157101
1041.700073,-0.163770199
1041.800049,-0.16892004
1041.900024,-0.171208858
1042,-0.164914608
1042.099976,-0.171924114
1042.200073,-0.174212933
1042.300049,-0.169349194
1042.400024,-0.16801405
1042.5,-0.171971798
1042.599976,-0.174832821
1042.700073,-0.171399593
1042.800049,-0.167775631
1042.900024,-0.171018124
1043,-0.16520071
1043.099976,-0.169349194
1043.200073,-0.167298794
1043.300049,-0.165820599
1043.400024,-0.168300152
1043.5,-0.159049511
1043.599976,-0.173688412
1043.700073,-0.16686964
1043.800049,-0.172782421
1043.900024,-0.174499035
1044,-0.168252468
1044.099976,-0.173640728
1044.200073,-0.17135191
1044.300049,-0.164056301
1044.400024,-0.169063091
1044.5,-0.162053585
1044.599976,-0.165772915
1044.700073,-0.165391445
1044.800049,-0.167179585
1044.900024,-0.168872356
1045,-0.168681622
1045.099976,-0.167870998
1045.200073,-0.169063091
1045.300049,-0.169826031
1045.400024,-0.169873714
1045.5,-0.170112133
1045.599976,-0.171041965
1045.700073,-0.171924114
1045.800049,-0.1722579
1045.900024,-0.169206142
1046,-0.161576748
1046.099976,-0.170159817
1046.200073,-0.163627148
1046.300049,-0.164723873
1046.400024,-0.161767483
1046.5,-0.164974213
1046.599976,-0.166631222
1046.700073,-0.166774273
1046.800049,-0.168443203
1046.900024,-0.16763258
1047,-0.165915966
1047.099976,-0.170064449
1047.200073,-0.166011333
1047.300049,-0.169587612
1047.400024,-0.162911892
1047.5,-0.167203426
1047.599976,-0.16596365
1047.700073,-0.166392803
1047.800049,-0.171638012
1047.900024,-0.168824673
1048,-0.172687054
1048.099976,-0.171304226
1048.200073,-0.16994524
1048.300049,-0.168681622
1048.400024,-0.167108059
1048.5,-0.164676189
1048.599976,-0.170112133
1048.700073,-0.161099911
1048.800049,-0.16968298
1048.900024,-0.166965008
1049,-0.173116207
1049.099976,-0.162148952
1049.200073,-0.166917324
1049.300049,-0.170064449
1049.400024,-0.167155743
1049.5,-0.164103985
1049.599976,-0.166631222
1049.700073,-0.166440487
1049.800049,-0.160098553
1049.900024,-0.163293362
1050,-0.168776989
1050.099976,-0.167727947
1050.200073,-0.159526348
1050.300049,-0.165915966
1050.400024,-0.156999111
1050.5,-0.166535854
1050.599976,-0.162816525
1050.700073,-0.164580822
1050.800049,-0.166106701
1050.900024,-0.165725231
1051,-0.16930151
1051.099976,-0.172830105
1051.200073,-0.174022198
1051.300049,-0.164723873
1051.400024,-0.159001827
1051.5,-0.169921398
1051.599976,-0.163817883
1051.700073,-0.163960934
1051.800049,-0.16520071
1051.900024,-0.167537212
1052,-0.171876431
1052.099976,-0.169253826
1052.200073,-0.169396877
1052.300049,-0.168836594
1052.400024,-0.168395519
1052.5,-0.168300152
1052.599976,-0.168312073
1052.700073,-0.167489529
1052.800049,-0.169063091
1052.900024,-0.162911892
1053,-0.159574032
1053.099976,-0.162292004
1053.200073,-0.166106701
1053.300049,-0.164151669
1053.400024,-0.169206142
1053.5,-0.161910534
1053.599976,-0.169396877
1053.700073,-0.167346478
1053.800049,-0.168347836
1053.900024,-0.165725231
1054,-0.159955502
1054.099976,-0.166249752
1054.200073,-0.162005901
1054.300049,-0.166154385
1054.400024,-0.162196636
1054.5,-0.164103985
1054.599976,-0.163186073
1054.700073,-0.162530422
1054.800049,-0.16391325
1054.900024,-0.163293362
1055,-0.163817883
1055.099976,-0.165665627
1055.200073,-0.167823315
1055.300049,-0.167727947
1055.400024,-0.168395519
1055.5,-0.168490887
1055.599976,-0.165343761
1055.700073,-0.16930151
1055.800049,-0.163770199
1055.900024,-0.163436413
1056,-0.163627148
1056.099976,-0.167775631
1056.200073,-0.168204784
1056.300049,-0.163579464
1056.400024,-0.162864208
1056.5,-0.166297436
1056.599976,-0.164676189
1056.700073,-0.162673473
1056.800049,-0.160146236
1056.900024,-0.161529064
1057,-0.160813808
1057.099976,-0.162482738
1057.200073,-0.161529064
1057.300049,-0.163150311
1057.400024,-0.161719799
1057.5,-0.171208858
1057.599976,-0.163102627
1057.700073,-0.16725111
1057.800049,-0.163627148
1057.900024,-0.16148138
1058,-0.163865566
1058.099976,-0.165677547
1058.200073,-0.164676189
1058.300049,-0.165439129
1058.400024,-0.164008617
1058.5,-0.168204784
1058.599976,-0.163388729
1058.700073,-0.159717083
1058.800049,-0.159383297
1058.900024,-0.16275692
1059,-0.165439129
1059.099976,-0.166488171
1059.200073,-0.161004543
1059.300049,-0.161719799
1059.400024,-0.166583538
1059.5,-0.159240246
1059.599976,-0.169015408
1059.700073,-0.168061733
1059.800049,-0.165677547
1059.900024,-0.161624432
1060,-0.167870998
1060.099976,-0.157285213
1060.200073,-0.158477306
1060.300049,-0.162899971
1060.400024,-0.169253826
1060.5,-0.166583538
1060.599976,-0.163674831
1060.700073,-0.163150311
1060.800049,-0.172687054
1060.900024,-0.166965008
1061,-0.159335613
1061.099976,-0.168776989
1061.200073,-0.167584896
1061.300049,-0.172496319
1061.400024,-0.15852499
1061.5,-0.17058897
1061.599976,-0.158763409
1061.700073,-0.166631222
1061.800049,-0.167012691
1061.900024,-0.167870998
1062,-0.162339687
1062.099976,-0.167537212
1062.200073,-0.164485455
1062.300049,-0.16930151
1062.400024,-0.166631222
1062.5,-0.166821957
1062.599976,-0.164008617
1062.700073,-0.160861492
1062.800049,-0.161719799
1062.900024,-0.16763258
1063,-0.166392803
1063.099976,-0.171494961
1063.200073,-0.166392803
1063.300049,-0.171781063
1063.400024,-0.166154385
1063.5,-0.163293362
1063.599976,-0.164199352
1063.700073,-0.161099911
1063.800049,-0.164998055
1063.900024,-0.167394161
1064,-0.167298794
1064.099976,-0.167561054
1064.200073,-0.16853857
1064.300049,-0.167012691
1064.400024,-0.162005901
1064.5,-0.159526348
1064.599976,-0.166726589
1064.700073,-0.162768841
1064.800049,-0.167012691
1064.900024,-0.156331539
1065,-0.157380581
1065.099976,-0.159955502
1065.200073,-0.15890646
1065.300049,-0.164103985
1065.400024,-0.160813808
1065.5,-0.164437771
1065.599976,-0.159383297
1065.700073,-0.161767483
1065.800049,-0.172973156
1065.900024,-0.158334255
1066,-0.167584896
1066.099976,-0.163770199
1066.200073,-0.168776989
1066.300049,-0.163770199
1066.400024,-0.166583538
1066.5,-0.16378212
1066.599976,-0.162578106
1066.700073,-0.162196636
1066.800049,-0.162005901
1066.900024,-0.16237545
1067,-0.163341045
1067.099976,-0.164232135
1067.200073,-0.165868282
1067.300049,-0.165343761
1067.400024,-0.163543701
1067.5,-0.160766125
1067.599976,-0.162196636
1067.700073,-0.161052227
1067.800049,-0.164771557
1067.900024,-0.162864208
1068,-0.161147594
1068.099976,-0.16853857
1068.200073,-0.174212933
1068.300049,-0.159717083
1068.400024,-0.162530422
1068.5,-0.163484097
1068.599976,-0.166059017
1068.700073,-0.165629864
1068.800049,-0.160336971
1068.900024,-0.163054943
1069,-0.167870998
1069.099976,-0.166297436
1069.200073,-0.155807018
1069.300049,-0.156522274
1069.400024,-0.166631222
1069.5,-0.167394161
1069.599976,-0.162911892
1069.700073,-0.160098553
1069.800049,-0.170541286
1069.900024,-0.163007259
1070,-0.168729305
1070.099976,-0.162435055
1070.200073,-0.162482738
1070.300049,-0.158238888
1070.400024,-0.157380581
1070.5,-0.164914608
1070.599976,-0.164056301
1070.700073,-0.164497375
1070.800049,-0.164008617
1070.900024,-0.165009975
1071,-0.164115906
1071.099976,-0.163388729
1071.200073,-0.164056301
1071.300049,-0.155950069
1071.400024,-0.162101269
1071.5,-0.15852499
1071.599976,-0.16558218
1071.700073,-0.164390087
1071.800049,-0.165009975
1071.900024,-0.16391325
1072,-0.162578106
1072.099976,-0.163674831
1072.200073,-0.16224432
1072.300049,-0.162148952
1072.400024,-0.160301208
1072.5,-0.157809734
1072.599976,-0.159001827
1072.700073,-0.159276009
1072.800049,-0.160146236
1072.900024,-0.160146236
1073,-0.158954144
1073.099976,-0.161195278
1073.200073,-0.164437771
1073.300049,-0.161242962
1073.400024,-0.165725231
1073.5,-0.150371075
1073.599976,-0.157380581
1073.700073,-0.163102627
1073.800049,-0.165009975
1073.900024,-0.159430981
1074,-0.158334255
1074.099976,-0.162542343
1074.200073,-0.166106701
1074.300049,-0.166297436
1074.400024,-0.164342403
1074.5,-0.162292004
1074.599976,-0.162673473
1074.700073,-0.159383297
1074.800049,-0.160813808
1074.900024,-0.159717083
1075,-0.162387371
1075.099976,-0.157857418
1075.200073,-0.163341045
1075.300049,-0.161147594
1075.400024,-0.165629864
1075.5,-0.161624432
1075.599976,-0.157618999
1075.700073,-0.157142162
1075.800049,-0.159001827
1075.900024,-0.161719799
1076,-0.159943581
1076.099976,-0.160861492
1076.200073,-0.158191204
1076.300049,-0.159788609
1076.400024,-0.161290646
1076.5,-0.158811092
1076.599976,-0.163197994
1076.700073,-0.162721157
1076.800049,-0.152850628
1076.900024,-0.162196636
1077,-0.1555686
1077.099976,-0.162482738
1077.200073,-0.166774273
1077.300049,-0.16148138
1077.400024,-0.16057539
1077.5,-0.165772915
1077.599976,-0.166917324
1077.700073,-0.161195278
1077.800049,-0.161195278
1077.900024,-0.16148138
1078,-0.161815166
1078.099976,-0.161719799
1078.200073,-0.161242962
1078.300049,-0.161290646
1078.400024,-0.161135674
1078.5,-0.16224432
1078.599976,-0.159764767
1078.700073,-0.161576748
1078.800049,-0.16224432
1078.900024,-0.162053585
1079,-0.162911892
1079.099976,-0.165725231
1079.200073,-0.164330482
1079.300049,-0.163817883
1079.400024,-0.164866924
1079.5,-0.163007259
1079.599976,-0.163174152
1079.700073,-0.161147594
1079.800049,-0.163674831
1079.900024,-0.162435055
1080,-0.157523632
1080.099976,-0.158000469
1080.200073,-0.160861492
1080.300049,-0.163436413
1080.400024,-0.168872356
1080.5,-0.16186285
1080.599976,-0.156331539
1080.700073,-0.167441845
1080.800049,-0.16057539
1080.900024,-0.162101269
1081,-0.162995338
1081.099976,-0.163627148
1081.200073,-0.165677547
1081.300049,-0.157046795
1081.400024,-0.163054943
1081.5,-0.166059017
1081.599976,-0.15890646
1081.700073,-0.158238888
1081.800049,-0.16019392
1081.900024,-0.153375149
1082,-0.161624432
1082.099976,-0.15647459
1082.200073,-0.160861492
1082.300049,-0.154042721
1082.400024,-0.160909176
1082.5,-0.163388729
1082.599976,-0.156522274
1082.700073,-0.156426907
1082.800049,-0.158966064
1082.900024,-0.161529064
1083,-0.161386013
1083.099976,-0.159097195
1083.200073,-0.166583538
1083.300049,-0.155377865
1083.400024,-0.162053585
1083.5,-0.156093121
1083.599976,-0.162005901
1083.700073,-0.169539928
1083.800049,-0.169492245
1083.900024,-0.158715725
1084,-0.159001827
1084.099976,-0.157654762
1084.200073,-0.158095837
1084.300049,-0.161096931
1084.400024,-0.163865566
1084.5,-0.164771557
1084.599976,-0.165164948
1084.700073,-0.165248394
1084.800049,-0.166774273
1084.900024,-0.164866924
1085,-0.161386013
1085.099976,-0.157952785
1085.200073,-0.160480022
1085.300049,-0.16262579
1085.400024,-0.165105343
1085.5,-0.156379223
1085.599976,-0.159860134
1085.700073,-0.161290646
1085.800049,-0.159478664
1085.900024,-0.162816525
1086,-0.157046795
1086.099976,-0.164819241
1086.200073,-0.167394161
1086.300049,-0.158811092
1086.400024,-0.154376507
1086.5,-0.163960934
1086.599976,-0.160003185
1086.700073,-0.16353178
1086.800049,-0.161958218
1086.900024,-0.159097195
1087,-0.157428265
1087.099976,-0.158274651
1087.200073,-0.157666683
1087.300049,-0.15890646
1087.400024,-0.160909176
1087.5,-0.162148952
1087.599976,-0.164056301
1087.700073,-0.161684036
1087.800049,-0.160098553
1087.900024,-0.163475156
1088,-0.166059017
1088.099976,-0.166059017
1088.200073,-0.164413929
1088.300049,-0.162435055
1088.400024,-0.163102627
1088.5,-0.162780762
1088.599976,-0.163817883
1088.700073,-0.161767483
1088.800049,-0.157571316
1088.900024,-0.15723753
1089,-0.157428265
1089.099976,-0.159717083
1089.200073,-0.16186285
1089.300049,-0.162339687
1089.400024,-0.161672115
1089.5,-0.158048153
1089.599976,-0.153947353
1089.700073,-0.153756618
1089.800049,-0.154209614
1089.900024,-0.154710293
1090,-0.154424191
1090.099976,-0.164914608
1090.200073,-0.160384655
1090.300049,-0.168490887
1090.400024,-0.159764767
1090.5,-0.158334255
1090.599976,-0.15723753
1090.700073,-0.160241604
1090.800049,-0.164056301
1090.900024,-0.163388729
1091,-0.166392803
1091.099976,-0.165105343
1091.200073,-0.155854702
1091.300049,-0.153279781
1091.400024,-0.156951427
1091.5,-0.154567242
1091.599976,-0.163388729
1091.700073,-0.161421776
1091.800049,-0.163960934
1091.900024,-0.159475684
1092,-0.156236172
1092.099976,-0.156283855
1092.200073,-0.16019392
1092.300049,-0.163579464
1092.400024,-0.162768841
1092.5,-0.159526348
1092.599976,-0.160766125
1092.700073,-0.159860134
1092.800049,-0.163245678
1092.900024,-0.161242962
1093,-0.155950069
1093.099976,-0.154757977
1093.200073,-0.15723753
1093.300049,-0.154853344
1093.400024,-0.159192562
1093.5,-0.159144878
1093.599976,-0.156701088
1093.700073,-0.154662609
1093.800049,-0.153804302
1093.900024,-0.159240246
1094,-0.165009975
1094.099976,-0.168109417
1094.200073,-0.159430981
1094.300049,-0.157762051
1094.400024,-0.160134315
1094.5,-0.162482738
1094.599976,-0.160861492
1094.700073,-0.161278725
1094.800049,-0.160623074
1094.900024,-0.161147594
1095,-0.161135674
1095.099976,-0.161767483
1095.200073,-0.161004543
1095.300049,-0.15928793
1095.400024,-0.167203426
1095.5,-0.152993679
1095.599976,-0.166202068
1095.700073,-0.160098553
1095.800049,-0.157762051
1095.900024,-0.1555686
1096,-0.162721157
1096.099976,-0.152373791
1096.200073,-0.164342403
1096.300049,-0.166965008
1096.400024,-0.163627148
1096.5,-0.161147594
1096.599976,-0.159001827
1096.700073,-0.160050869
1096.800049,-0.166488171
1096.900024,-0.160336971
1097,-0.168204784
1097.099976,-0.16095686
1097.200073,-0.153422832
1097.300049,-0.160670757
1097.400024,-0.159621716
1097.5,-0.161719799
1097.599976,-0.158572674
1097.700073,-0.161433697
1097.800049,-0.161672115
1097.900024,-0.161242962
1098,-0.16095686
1098.099976,-0.161266804
1098.200073,-0.161290646
1098.300049,-0.161576748
1098.400024,-0.15928793
1098.5,-0.15723753
1098.599976,-0.157046795
1098.700073,-0.163960934
1098.800049,-0.156379223
1098.900024,-0.162101269
1099,-0.16186285
1099.099976,-0.154996395
1099.200073,-0.157666683
1099.300049,-0.154090405
1099.400024,-0.158811092
1099.5,-0.156045437
1099.599976,-0.161815166
1099.700073,-0.155663967
1099.800049,-0.161767483
1099.900024,-0.153375149
1100,-0.157142162
1100.099976,-0.150657177
1100.200073,-0.162053585
1100.300049,-0.160623074
1100.400024,-0.166631222
1100.5,-0.161624432
1100.599976,-0.15852499
1100.700073,-0.165057659
1100.800049,-0.154901028
1100.900024,-0.157094479
1101,-0.16186285
1101.099976,-0.163436413
1101.200073,-0.159430981
1101.300049,-0.153947353
1101.400024,-0.159383297
1101.5,-0.158000469
1101.599976,-0.161815166
1101.700073,-0.158799171
1101.800049,-0.157380581
1101.900024,-0.158000469
1102,-0.152040005
1102.099976,-0.158954144
1102.200073,-0.152945995
1102.300049,-0.157857418
1102.400024,-0.161147594
1102.5,-0.152373791
1102.599976,-0.157809734
1102.700073,-0.156903744
1102.800049,-0.188768625
1102.900024,-0.216651917
1103,-0.223709106
1103.099976,-0.225759506
1103.200073,-0.221563339
1103.300049,-0.214315414
1103.400024,-0.219846725
1103.5,-0.216890335
1103.599976,-0.222803116
1103.700073,-0.221229553
1103.800049,-0.221038818
1103.900024,-0.219942093
1104,-0.222052097
1104.099976,-0.223232269
1104.200073,-0.223995209
1104.300049,-0.220490456
1104.400024,-0.218320847
1104.5,-0.216413498
1104.599976,-0.223184586
1104.700073,-0.222040176
1104.800049,-0.221634865
1104.900024,-0.220991135
1105,-0.220323563
1105.099976,-0.222004414
1105.200073,-0.222421646
1105.300049,-0.224281311
1105.400024,-0.22580719
1105.5,-0.226713181
1105.599976,-0.229812622
1105.700073,-0.225461483
1105.800049,-0.221801758
1105.900024,-0.223518372
1106,-0.222135544
1106.099976,-0.219322205
1106.200073,-0.218463898
1106.300049,-0.221277237
1106.400024,-0.218225479
1106.5,-0.223899841
1106.599976,-0.219465256
1106.700073,-0.221467972
1106.800049,-0.221086502
1106.900024,-0.220108986
1107,-0.217128754
1107.099976,-0.220752716
1107.200073,-0.222755432
1107.300049,-0.219417572
1107.400024,-0.223279953
1107.5,-0.220848083
1107.599976,-0.221658707
1107.700073,-0.216222763
1107.800049,-0.226093292
1107.900024,-0.22118187
1108,-0.226236343
1108.099976,-0.216461182
1108.200073,-0.225473404
1108.300049,-0.217844009
1108.400024,-0.219369888
1108.5,-0.223184586
1108.599976,-0.218177795
1108.700073,-0.221277237
1108.800049,-0.222278595
1108.900024,-0.221420288
1109,-0.221634865
1109.099976,-0.2208004
1109.200073,-0.222040176
1109.300049,-0.222803116
1109.400024,-0.220561981
1109.5,-0.219560623
1109.599976,-0.224472046
1109.700073,-0.22785759
1109.800049,-0.225091934
1109.900024,-0.225759506
1110,-0.224472046
1110.099976,-0.225127697
1110.200073,-0.225521088
1110.300049,-0.224758148
1110.400024,-0.223613739
1110.5,-0.226105213
1110.599976,-0.228334427
1110.700073,-0.227714539
1110.800049,-0.225616455
1110.900024,-0.22208786
1111,-0.217844009
1111.099976,-0.221134186
1111.200073,-0.219465256
1111.300049,-0.225139618
1111.400024,-0.223899841
1111.5,-0.225902557
1111.599976,-0.223136902
1111.700073,-0.217367172
1111.800049,-0.229669571
1111.900024,-0.224328995
1112,-0.221658707
1112.099976,-0.227380753
1112.200073,-0.230718613
1112.300049,-0.227070808
1112.400024,-0.226236343
1112.5,-0.223947525
1112.599976,-0.218225479
1112.700073,-0.218606949
1112.800049,-0.221515656
1112.900024,-0.220848083
1113,-0.225997925
1113.099976,-0.225759506
1113.200073,-0.224734306
1113.300049,-0.223136902
1113.400024,-0.224042892
1113.5,-0.224257469
1113.599976,-0.224615097
1113.700073,-0.225234985
1113.800049,-0.21875
1113.900024,-0.222517014
1114,-0.23081398
1114.099976,-0.228858948
1114.200073,-0.229562283
1114.300049,-0.230480194
1114.400024,-0.228096008
1114.5,-0.228811264
1114.599976,-0.230110645
1114.700073,-0.233150482
1114.800049,-0.230384827
1114.900024,-0.226903915
1115,-0.229717255
1115.099976,-0.223852158
1115.200073,-0.237203598
1115.300049,-0.229669571
1115.400024,-0.222707748
1115.5,-0.233102798
1115.599976,-0.233531952
1115.700073,-0.229860306
1115.800049,-0.226140976
1115.900024,-0.22413826
1116,-0.233436584
1116.099976,-0.235057831
1116.200073,-0.229896069
1116.300049,-0.226140976
1116.400024,-0.224948883
1116.5,-0.230718613
1116.599976,-0.227380753
1116.700073,-0.230766296
1116.800049,-0.225282669
1116.900024,-0.230766296
1117,-0.228048325
1117.099976,-0.229669571
1117.200073,-0.227428436
1117.300049,-0.230337143
1117.400024,-0.217176437
1117.5,-0.236917496
1117.599976,-0.226903915
1117.700073,-0.227619171
1117.800049,-0.222898483
1117.900024,-0.226140976
1118,-0.222040176
1118.099976,-0.225127697
1118.200073,-0.22580719
1118.300049,-0.226522446
1118.400024,-0.229240417
1118.5,-0.229001999
1118.599976,-0.229776859
1118.700073,-0.229860306
1118.800049,-0.231004715
1118.900024,-0.234819412
1119,-0.219369888
1119.099976,-0.224615097
1119.200073,-0.228382111
1119.300049,-0.227380753
1119.400024,-0.223184586
1119.5,-0.221611023
1119.599976,-0.222517014
1119.700073,-0.223184586
1119.800049,-0.22375679
1119.900024,-0.224853516
1120,-0.227762222
1120.099976,-0.229478836
1120.200073,-0.2208004
1120.300049,-0.227333069
1120.400024,-0.218988419
1120.5,-0.219560623
1120.599976,-0.227714539
1120.700073,-0.224042892
1120.800049,-0.229240417
1120.900024,-0.226427078
1121,-0.23157692
1121.099976,-0.227809906
1121.200073,-0.226713181
1121.300049,-0.231863022
1121.400024,-0.227571487
1121.5,-0.230194092
1121.599976,-0.227142334
1121.700073,-0.220323563
1121.800049,-0.222564697
1121.900024,-0.224472046
1122,-0.224901199
1122.099976,-0.224305153
1122.200073,-0.221611023
1122.300049,-0.226236343
1122.400024,-0.231863022
1122.5,-0.228382111
1122.599976,-0.226427078
1122.700073,-0.231100082
1122.800049,-0.227523804
1122.900024,-0.235963821
1123,-0.226284027
1123.099976,-0.229478836
1123.200073,-0.228096008
1123.300049,-0.228620529
1123.400024,-0.22785759
1123.5,-0.225854874
1123.599976,-0.22914505
1123.700073,-0.233675003
1123.800049,-0.224233627
1123.900024,-0.229717255
1124,-0.225139618
1124.099976,-0.232244492
1124.200073,-0.224233627
1124.300049,-0.230241776
1124.400024,-0.230289459
1124.5,-0.228644371
1124.599976,-0.229431152
1124.700073,-0.227148294
1124.800049,-0.225664139
1124.900024,-0.224853516
1125,-0.225234985
1125.099976,-0.224174023
1125.200073,-0.224233627
1125.300049,-0.222373962
1125.400024,-0.224698544
1125.5,-0.226474762
1125.599976,-0.225711823
1125.700073,-0.234724045
1125.800049,-0.231243134
1125.900024,-0.226808548
1126,-0.225950241
1126.099976,-0.23453331
1126.200073,-0.222230911
1126.300049,-0.229812622
1126.400024,-0.23453331
1126.5,-0.22709465
1126.599976,-0.226617813
1126.700073,-0.226808548
1126.800049,-0.231052399
1126.900024,-0.233198166
1127,-0.231481552
1127.099976,-0.231207371
1127.200073,-0.231433868
1127.300049,-0.228715897
1127.400024,-0.232530594
1127.5,-0.236059189
1127.599976,-0.226713181
1127.700073,-0.22504425
1127.800049,-0.231386185
1127.900024,-0.235963821
1128,-0.231767654
1128.099976,-0.233210087
1128.200073,-0.233007431
1128.300049,-0.23210144
1128.400024,-0.233675003
1128.5,-0.230146408
1128.599976,-0.227952957
1128.700073,-0.228668213
1128.800049,-0.223136902
1128.900024,-0.228954315
1129,-0.233484268
1129.099976,-0.230051041
1129.200073,-0.231910706
1129.300049,-0.231481552
1129.400024,-0.226713181
1129.5,-0.229192734
1129.599976,-0.226999283
1129.700073,-0.228906631
1129.800049,-0.232149124
1129.900024,-0.227333069
1130,-0.224472046
1130.099976,-0.229001999
1130.200073,-0.22990799
1130.300049,-0.228465557
1130.400024,-0.226379395
1130.5,-0.228572845
1130.599976,-0.222898483
1130.700073,-0.23248291
1130.800049,-0.230194092
1130.900024,-0.233675003
1131,-0.236488342
1131.099976,-0.232673645
1131.200073,-0.231767654
1131.300049,-0.230861664
1131.400024,-0.230623245
1131.5,-0.231100082
1131.599976,-0.229931831
1131.700073,-0.229383469
1131.800049,-0.228620529
1131.900024,-0.224328995
1132,-0.2395401
1132.099976,-0.232196808
1132.200073,-0.228954315
1132.300049,-0.233055115
1132.400024,-0.227380753
1132.5,-0.236679077
1132.599976,-0.223661423
1132.700073,-0.227762222
1132.800049,-0.230861664
1132.900024,-0.231863022
1133,-0.230766296
1133.099976,-0.226808548
1133.200073,-0.230718613
1133.300049,-0.233531952
1133.400024,-0.223995209
1133.5,-0.235773087
1133.599976,-0.232387543
1133.700073,-0.225187302
1133.800049,-0.228429794
1133.900024,-0.226427078
1134,-0.238109589
1134.099976,-0.229049683
1134.200073,-0.238443375
1134.300049,-0.229764938
1134.400024,-0.233722687
1134.5,-0.235010147
1134.599976,-0.227952957
1134.700073,-0.233531952
1134.800049,-0.230289459
1134.900024,-0.231100082
1135,-0.228191376
1135.099976,-0.235200882
1135.200073,-0.233055115
1135.300049,-0.23453331
1135.400024,-0.234199524
1135.5,-0.233341217
1135.599976,-0.233388901
1135.700073,-0.231243134
1135.800049,-0.231529236
1135.900024,-0.238681793
1136,-0.234676361
1136.099976,-0.229240417
1136.200073,-0.233722687
1136.300049,-0.232530594
1136.400024,-0.233436584
1136.5,-0.235248566
1136.599976,-0.226570129
1136.700073,-0.234390259
1136.800049,-0.224758148
1136.900024,-0.230337143
1137,-0.226427078
1137.099976,-0.231386185
1137.200073,-0.228179455
1137.300049,-0.227905273
1137.400024,-0.226999283
1137.5,-0.226951599
1137.599976,-0.233627319
1137.700073,-0.228525162
1137.800049,-0.234580994
1137.900024,-0.232149124
1138,-0.234247208
1138.099976,-0.23337698
1138.200073,-0.23377037
1138.300049,-0.233341217
1138.400024,-0.224281311
1138.5,-0.23286438
1138.599976,-0.225902557
1138.700073,-0.239683151
1138.800049,-0.233531952
1138.900024,-0.235725403
1139,-0.230480194
1139.099976,-0.23210144
1139.200073,-0.233531952
1139.300049,-0.240398407
1139.400024,-0.226951599
1139.5,-0.236249924
1139.599976,-0.238777161
1139.700073,-0.236488342
1139.800049,-0.227142334
1139.900024,-0.230194092
1140,-0.233436584
1140.099976,-0.229812622
1140.200073,-0.227619171
1140.300049,-0.236106873
1140.400024,-0.230861664
1140.5,-0.23992157
1140.599976,-0.23582077
1140.700073,-0.23324585
1140.800049,-0.241399765
1140.900024,-0.229574203
1141,-0.232769012
1141.099976,-0.233293533
1141.200073,-0.225330353
1141.300049,-0.23043251
1141.400024,-0.239206314
1141.5,-0.234437943
1141.599976,-0.228572845
1141.700073,-0.23248291
1141.800049,-0.23043251
1141.900024,-0.237012863
1142,-0.232625961
1142.099976,-0.235200882
1142.200073,-0.229955673
1142.300049,-0.235773087
1142.400024,-0.241018295
1142.5,-0.228811264
1142.599976,-0.233579636
1142.700073,-0.233341217
1142.800049,-0.232625961
1142.900024,-0.232971668
1143,-0.23248291
1143.099976,-0.233436584
1143.200073,-0.229860306
1143.300049,-0.233484268
1143.400024,-0.238157272
1143.5,-0.239683151
1143.599976,-0.236154556
1143.700073,-0.234962463
1143.800049,-0.234294891
1143.900024,-0.234628677
1144,-0.232029915
1144.099976,-0.229860306
1144.200073,-0.229335785
1144.300049,-0.23043251
1144.400024,-0.234962463
1144.5,-0.238491058
1144.599976,-0.236774445
1144.700073,-0.242639542
1144.800049,-0.236249924
1144.900024,-0.230194092
1145,-0.238395691
1145.099976,-0.230623245
1145.200073,-0.24082756
1145.300049,-0.231386185
1145.400024,-0.232292175
1145.5,-0.240684509
1145.599976,-0.234199524
1145.700073,-0.238014221
1145.800049,-0.233055115
1145.900024,-0.236106873
1146,-0.23709631
1146.099976,-0.241113663
1146.200073,-0.238109589
1146.300049,-0.236106873
1146.400024,-0.236965179
1146.5,-0.236249924
1146.599976,-0.236822128
1146.700073,-0.235868454
1146.800049,-0.237918854
1146.900024,-0.237012863
1147,-0.237823486
1147.099976,-0.235403538
1147.200073,-0.231624603
1147.300049,-0.235153198
1147.400024,-0.238109589
1147.5,-0.235248566
1147.599976,-0.241495132
1147.700073,-0.233198166
1147.800049,-0.234962463
1147.900024,-0.239969254
1148,-0.244689941
1148.099976,-0.247026443
1148.200073,-0.242222309
1148.300049,-0.238109589
1148.400024,-0.239063263
1148.5,-0.238300323
1148.599976,-0.23377037
1148.700073,-0.235105515
1148.800049,-0.237155914
1148.900024,-0.2395401
1149,-0.234485626
1149.099976,-0.238061905
1149.200073,-0.237060547
1149.300049,-0.242639542
1149.400024,-0.238777161
1149.5,-0.233865738
1149.599976,-0.235963821
1149.700073,-0.239063263
1149.800049,-0.238836765
1149.900024,-0.239826202
1150,-0.240493774
1150.099976,-0.238348007
1150.200073,-0.23157692
1150.300049,-0.239253998
1150.400024,-0.233341217
1150.5,-0.243927002
1150.599976,-0.238777161
1150.700073,-0.23620224
1150.800049,-0.237394333
1150.900024,-0.230623245
1151,-0.235200882
1151.099976,-0.239683151
1151.200073,-0.237287045
1151.300049,-0.238204956
1151.400024,-0.236059189
1151.5,-0.238586426
1151.599976,-0.236822128
1151.700073,-0.231147766
1151.800049,-0.238157272
1151.900024,-0.235153198
1152,-0.234676361
1152.099976,-0.236631393
1152.200073,-0.240541458
1152.300049,-0.235582352
1152.400024,-0.237585068
1152.5,-0.237108231
1152.599976,-0.237108231
1152.700073,-0.237823486
1152.800049,-0.235248566
1152.900024,-0.244976044
1153,-0.240922928
1153.099976,-0.234485626
1153.200073,-0.244689941
1153.300049,-0.234867096
1153.400024,-0.238586426
1153.5,-0.237537384
1153.599976,-0.238872528
1153.700073,-0.239587784
1153.800049,-0.246644974
1153.900024,-0.238109589
1154,-0.243354797
1154.099976,-0.234199524
1154.200073,-0.240589142
1154.300049,-0.239063263
1154.400024,-0.239683151
1154.5,-0.238204956
1154.599976,-0.241065979
1154.700073,-0.239969254
1154.800049,-0.243450165
1154.900024,-0.241828918
1155,-0.236059189
1155.099976,-0.241018295
1155.200073,-0.238204956
1155.300049,-0.238204956
1155.400024,-0.241447449
1155.5,-0.242639542
1155.599976,-0.246835709
1155.700073,-0.239063263
1155.800049,-0.249267578
1155.900024,-0.235248566
1156,-0.231052399
1156.099976,-0.23992157
1156.200073,-0.239110947
1156.300049,-0.239873886
1156.400024,-0.237918854
1156.5,-0.242925644
1156.599976,-0.237728119
1156.700073,-0.242973328
1156.800049,-0.237442017
1156.900024,-0.237775803
1157,-0.23787117
1157.099976,-0.235773087
1157.200073,-0.239301682
1157.300049,-0.241685867
1157.400024,-0.239826202
1157.5,-0.239110947
1157.599976,-0.239206314
1157.700073,-0.241232872
1157.800049,-0.244499207
1157.900024,-0.242115021
1158,-0.234437943
1158.099976,-0.237251282
1158.200073,-0.235868454
1158.300049,-0.240589142
1158.400024,-0.23415184
1158.5,-0.242544174
1158.599976,-0.239349365
1158.700073,-0.235439301
1158.800049,-0.242782593
1158.900024,-0.236726761
1159,-0.242591858
1159.099976,-0.242258072
1159.200073,-0.250030518
1159.300049,-0.234628677
1159.400024,-0.241161346
1159.5,-0.241805077
1159.599976,-0.245595932
1159.700073,-0.245834351
1159.800049,-0.244356155
1159.900024,-0.242997169
1160,-0.240875244
1160.099976,-0.240922928
1160.200073,-0.24094677
1160.300049,-0.241733551
1160.400024,-0.240255356
1160.5,-0.241006374
1160.599976,-0.241551757
1160.700073,-0.242734909
1160.800049,-0.242210388
1160.900024,-0.243044853
1161,-0.242401123
1161.099976,-0.244832993
1161.200073,-0.251461029
1161.300049,-0.235439301
1161.400024,-0.247264862
1161.5,-0.241638184
1161.599976,-0.237203598
1161.700073,-0.248409271
1161.800049,-0.239587784
1161.900024,-0.246120453
1162,-0.242544174
1162.099976,-0.239301682
1162.200073,-0.24530983
1162.300049,-0.240970612
1162.400024,-0.240159988
1162.5,-0.247360229
1162.599976,-0.235248566
1162.700073,-0.245786667
1162.800049,-0.24530983
1162.900024,-0.240970612
1163,-0.244260788
1163.099976,-0.236631393
1163.200073,-0.238538742
1163.300049,-0.239301682
1163.400024,-0.244499207
1163.5,-0.247503281
1163.599976,-0.248552322
1163.700073,-0.245214462
1163.800049,-0.244117737
1163.900024,-0.243974686
1164,-0.243831635
1164.099976,-0.244213104
1164.200073,-0.248218536
1164.300049,-0.244642258
1164.400024,-0.238204956
1164.5,-0.238061905
1164.599976,-0.241542816
1164.700073,-0.241018295
1164.800049,-0.242973328
1164.900024,-0.241006374
1165,-0.24082756
1165.099976,-0.239206314
1165.200073,-0.24134016
1165.300049,-0.24325943
1165.400024,-0.242067337
1165.5,-0.241733551
1165.599976,-0.243450165
1165.700073,-0.245071411
1165.800049,-0.24492836
1165.900024,-0.246573448
1166,-0.250173569
1166.099976,-0.246120453
1166.200073,-0.244165421
1166.300049,-0.236011505
1166.400024,-0.239110947
1166.5,-0.24249649
1166.599976,-0.243116379
1166.700073,-0.241352081
1166.800049,-0.238061905
1166.900024,-0.238014221
1167,-0.246120453
1167.099976,-0.249219894
1167.200073,-0.242973328
1167.300049,-0.245119095
1167.400024,-0.246549606
1167.5,-0.242830276
1167.599976,-0.243545532
1167.700073,-0.247217178
1167.800049,-0.243783951
1167.900024,-0.246549606
1168,-0.243116379
1168.099976,-0.243974686
1168.200073,-0.242138863
1168.300049,-0.243497849
1168.400024,-0.237966537
1168.5,-0.252939224
1168.599976,-0.246549606
1168.700073,-0.248886108
1168.800049,-0.244117737
1168.900024,-0.249887466
1169,-0.247741699
1169.099976,-0.241399765
1169.200073,-0.242019653
1169.300049,-0.244832993
1169.400024,-0.244642258
1169.5,-0.248886108
1169.599976,-0.243211746
1169.700073,-0.2374897
1169.800049,-0.244403839
1169.900024,-0.239969254
1170,-0.245262146
1170.099976,-0.244642258
1170.200073,-0.252939224
1170.300049,-0.253940582
1170.400024,-0.24530983
1170.5,-0.249887466
1170.599976,-0.248099327
1170.700073,-0.247932434
1170.800049,-0.249267578
1170.900024,-0.245548248
1171,-0.242591858
1171.099976,-0.245357513
1171.200073,-0.244165421
1171.300049,-0.244022369
1171.400024,-0.247217178
1171.5,-0.250078201
1171.599976,-0.250602722
1171.700073,-0.24287796
1171.800049,-0.243545532
1171.900024,-0.244880676
1172,-0.244081974
1172.099976,-0.244594574
1172.200073,-0.243307114
1172.300049,-0.244880676
1172.400024,-0.242830276
1172.5,-0.247598648
1172.599976,-0.245786667
1172.700073,-0.242734909
1172.800049,-0.245023727
1172.900024,-0.249839783
1173,-0.244773388
1173.099976,-0.241542816
1173.200073,-0.242687225
1173.300049,-0.243581295
1173.400024,-0.245834351
1173.5,-0.244260788
1173.599976,-0.249219894
1173.700073,-0.249982834
1173.800049,-0.250650406
1173.900024,-0.248230457
1174,-0.247026443
1174.099976,-0.245262146
1174.200073,-0.246931076
1174.300049,-0.252939224
1174.400024,-0.250793457
1174.5,-0.245119095
1174.599976,-0.24864769
1174.700073,-0.25403595
1174.800049,-0.251937866
1174.900024,-0.247026443
1175,-0.241638184
1175.099976,-0.248600006
1175.200073,-0.247646332
1175.300049,-0.245691299
1175.400024,-0.250602722
1175.5,-0.247741699
1175.599976,-0.246931076
1175.700073,-0.246311188
1175.800049,-0.247646332
1175.900024,-0.250602722
1176,-0.248838425
1176.099976,-0.252510071
1176.200073,-0.252939224
1176.300049,-0.25096035
1176.400024,-0.248218536
1176.5,-0.250173569
1176.599976,-0.250173569
1176.700073,-0.248027802
1176.800049,-0.244785309
1176.900024,-0.24697876
1177,-0.249196053
1177.099976,-0.252510071
1177.200073,-0.252510071
1177.300049,-0.244499207
1177.400024,-0.241828918
1177.5,-0.250507355
1177.599976,-0.25031662
1177.700073,-0.248981476
1177.800049,-0.250984192
1177.900024,-0.247407913
1178,-0.251508713
1178.099976,-0.251317978
1178.200073,-0.245834351
1178.300049,-0.243164063
1178.400024,-0.24955368
1178.5,-0.245834351
1178.599976,-0.250841141
1178.700073,-0.24788475
1178.800049,-0.248886108
1178.900024,-0.248838425
1179,-0.251079559
1179.099976,-0.25031662
1179.200073,-0.251174927
1179.300049,-0.25327301
1179.400024,-0.260044098
1179.5,-0.243354797
1179.599976,-0.250507355
1179.700073,-0.247264862
1179.800049,-0.247789383
1179.900024,-0.252605438
1180,-0.253129959
1180.099976,-0.251937866
1180.200073,-0.247741699
1180.300049,-0.251794815
1180.400024,-0.249887466
1180.5,-0.250173569
1180.599976,-0.245595932
1180.700073,-0.247932434
1180.800049,-0.251508713
1180.900024,-0.251270294
1181,-0.250793457
1181.099976,-0.250411987
1181.200073,-0.249982834
1181.300049,-0.249792099
1181.400024,-0.252510071
1181.5,-0.250888824
1181.599976,-0.248027802
1181.700073,-0.25494194
1181.800049,-0.247455597
1181.900024,-0.243927002
1182,-0.253129959
1182.099976,-0.24993515
1182.200073,-0.257898331
1182.300049,-0.253559113
1182.400024,-0.245357513
1182.5,-0.243593216
1182.599976,-0.24955368
1182.700073,-0.247264862
1182.800049,-0.25069809
1182.900024,-0.24775362
1183,-0.247074127
1183.099976,-0.245977402
1183.200073,-0.250602722
1183.300049,-0.247360229
1183.400024,-0.251365662
1183.5,-0.248886108
1183.599976,-0.250936508
1183.700073,-0.245786667
1183.800049,-0.248123169
1183.900024,-0.244737625
1184,-0.247169495
1184.099976,-0.248552322
1184.200073,-0.248409271
1184.300049,-0.248838425
1184.400024,-0.24826622
1184.5,-0.250125885
1184.599976,-0.256944656
1184.700073,-0.252176285
1184.800049,-0.245262146
1184.900024,-0.253892899
1185,-0.252796173
1185.099976,-0.246358871
1185.200073,-0.243831635
1185.300049,-0.258995056
1185.400024,-0.252748489
1185.5,-0.256753922
1185.599976,-0.251890182
1185.700073,-0.250078201
1185.800049,-0.245548248
1185.900024,-0.250030518
1186,-0.251937866
1186.099976,-0.247550964
1186.200073,-0.247312546
1186.300049,-0.250090122
1186.400024,-0.253845215
1186.5,-0.251651764
1186.599976,-0.254083633
1186.700073,-0.252653122
1186.800049,-0.24864769
1186.900024,-0.251890182
1187,-0.246120453
1187.099976,-0.255943298
1187.200073,-0.249410629
1187.300049,-0.268102646
1187.400024,-0.254798889
1187.5,-0.247694016
1187.599976,-0.251747131
1187.700073,-0.249601364
1187.800049,-0.25403595
1187.900024,-0.253988266
1188,-0.247360229
1188.099976,-0.254894257
1188.200073,-0.260663986
1188.300049,-0.260997772
1188.400024,-0.257326126
1188.5,-0.254512787
1188.599976,-0.24993515
1188.700073,-0.251842499
1188.800049,-0.252510071
1188.900024,-0.25699234
1189,-0.242115021
1189.099976,-0.252128601
1189.200073,-0.25904274
1189.300049,-0.256801605
1189.400024,-0.254226685
1189.5,-0.252605438
1189.599976,-0.252891541
1189.700073,-0.251842499
1189.800049,-0.252891541
1189.900024,-0.250650406
1190,-0.26109314
1190.099976,-0.247026443
1190.200073,-0.252605438
1190.300049,-0.254131317
1190.400024,-0.257278442
1190.5,-0.255335331
1190.599976,-0.254894257
1190.700073,-0.255037308
1190.800049,-0.25866127
1190.900024,-0.257326126
1191,-0.255239964
1191.099976,-0.252605438
1191.200073,-0.25236702
1191.300049,-0.251508713
1191.400024,-0.248886108
1191.5,-0.252462387
1191.599976,-0.250590801
1191.700073,-0.250268936
1191.800049,-0.250745773
1191.900024,-0.247503281
1192,-0.251461029
1192.099976,-0.248075485
1192.200073,-0.256277084
1192.300049,-0.257850647
1192.400024,-0.256050587
1192.5,-0.254703522
1192.599976,-0.255371094
1192.700073,-0.251413345
1192.800049,-0.253320694
1192.900024,-0.251937866
1193,-0.25866127
1193.099976,-0.257850647
1193.200073,-0.252700806
1193.300049,-0.251079559
1193.400024,-0.249696732
1193.5,-0.253892899
1193.599976,-0.252891541
1193.700073,-0.257993698
1193.800049,-0.256372452
1193.900024,-0.253797531
1194,-0.255788326
1194.099976,-0.256372452
1194.200073,-0.25661087
1194.300049,-0.254989624
1194.400024,-0.256932735
1194.5,-0.260091782
1194.599976,-0.256038666
1194.700073,-0.257659912
1194.800049,-0.258804321
1194.900024,-0.258708954
1195,-0.249362946
1195.099976,-0.256420135
1195.200073,-0.247550964
1195.300049,-0.253940582
1195.400024,-0.25327301
1195.5,-0.254786968
1195.599976,-0.256515503
1195.700073,-0.255418777
1195.800049,-0.25532341
1195.900024,-0.254512787
1196,-0.255514145
1196.099976,-0.254989624
1196.200073,-0.260234833
1196.300049,-0.261331558
1196.400024,-0.249839783
1196.5,-0.261426926
1196.599976,-0.255847931
1196.700073,-0.259710312
1196.800049,-0.257230759
1196.900024,-0.262332916
1197,-0.252414703
1197.099976,-0.256467819
1197.200073,-0.260997772
1197.300049,-0.252986908
1197.400024,-0.250841141
1197.5,-0.244880676
1197.599976,-0.250459671
1197.700073,-0.258613586
1197.800049,-0.25532341
1197.900024,-0.258184433
1198,-0.259757996
1198.099976,-0.25904274
1198.200073,-0.259519577
1198.300049,-0.258613586
1198.400024,-0.252033234
1198.5,-0.258089066
1198.599976,-0.253940582
1198.700073,-0.263191223
1198.800049,-0.25737381
1198.900024,-0.256563187
1199,-0.251031876
1199.099976,-0.253749847
1199.200073,-0.262619019
1199.300049,-0.261426926
1199.400024,-0.258184433
1199.5,-0.25365448
1199.599976,-0.253988266
1199.700073,-0.25866127
1199.800049,-0.265623093
1199.900024,-0.25904274
1200,-0.255418777
1200.099976,-0.252414703
1200.200073,-0.261283875
1200.300049,-0.25775528
1200.400024,-0.252891541
1200.5,-0.259853363
1200.599976,-0.252796173
1200.700073,-0.250507355
1200.800049,-0.255800247
1200.900024,-0.252939224
1201,-0.258232117
1201.099976,-0.257707596
1201.200073,-0.257254601
1201.300049,-0.255514145
1201.400024,-0.257564545
1201.5,-0.259519577
1201.599976,-0.256181717
1201.700073,-0.259233475
1201.800049,-0.260520935
1201.900024,-0.262046814
1202,-0.260926247
1202.099976,-0.260282516
1202.200073,-0.260854721
1202.300049,-0.257040024
1202.400024,-0.25712347
1202.5,-0.255895615
1202.599976,-0.254703522
1202.700073,-0.258375168
1202.800049,-0.261522293
1202.900024,-0.259853363
1203,-0.2603302
1203.099976,-0.258947372
1203.200073,-0.257421494
1203.300049,-0.258184433
1203.400024,-0.257707596
1203.5,-0.257993698
1203.599976,-0.254751205
1203.700073,-0.252653122
1203.800049,-0.265432358
1203.900024,-0.260139465
1204,-0.253797531
1204.099976,-0.260997772
1204.200073,-0.259757996
1204.300049,-0.257326126
1204.400024,-0.255466461
1204.5,-0.260807037
1204.599976,-0.258565903
1204.700073,-0.255597591
1204.800049,-0.25069809
1204.900024,-0.252319336
1205,-0.257564545
1205.099976,-0.265098572
1205.200073,-0.255657196
1205.300049,-0.264001846
1205.400024,-0.263143539
1205.5,-0.26404953
1205.599976,-0.269580841
1205.700073,-0.255418777
1205.800049,-0.261379242
1205.900024,-0.263954163
1206,-0.264526367
1206.099976,-0.258804321
1206.200073,-0.251556396
1206.300049,-0.263000488
1206.400024,-0.261379242
1206.5,-0.261951447
1206.599976,-0.25942421
1206.700073,-0.260270596
1206.800049,-0.258241057
1206.900024,-0.256753922
1207,-0.256515503
1207.099976,-0.256086349
1207.200073,-0.256658554
1207.300049,-0.257695675
1207.400024,-0.259805679
1207.5,-0.258232117
1207.599976,-0.257612228
1207.700073,-0.254274368
1207.800049,-0.256920815
1207.900024,-0.258422852
1208,-0.25737381
1208.099976,-0.257612228
1208.200073,-0.263143539
1208.300049,-0.264812469
1208.400024,-0.261510372
1208.5,-0.260425568
1208.599976,-0.257659912
1208.700073,-0.25942421
1208.800049,-0.260473251
1208.900024,-0.255800247
1209,-0.262094498
1209.099976,-0.254512787
1209.200073,-0.258041382
1209.300049,-0.258375168
1209.400024,-0.259471893
1209.5,-0.25570488
1209.599976,-0.27315712
1209.700073,-0.258041382
1209.800049,-0.26943779
1209.900024,-0.253511429
1210,-0.260139465
1210.099976,-0.256372452
1210.200073,-0.263906479
1210.300049,-0.26276207
1210.400024,-0.262666702
1210.5,-0.265575409
1210.599976,-0.257040024
1210.700073,-0.264144897
1210.800049,-0.261045456
1210.900024,-0.269914627
1211,-0.255514145
1211.099976,-0.259853363
1211.200073,-0.266767502
1211.300049,-0.265003204
1211.400024,-0.265480042
1211.5,-0.264192581
1211.599976,-0.265956879
1211.700073,-0.260425568
1211.800049,-0.26404953
1211.900024,-0.261665344
1212,-0.261713028
1212.099976,-0.25775528
1212.200073,-0.26867485
1212.300049,-0.259757996
1212.400024,-0.262189865
1212.5,-0.262475967
1212.599976,-0.256753922
1212.700073,-0.257564545
1212.800049,-0.262809753
1212.900024,-0.267625809
1213,-0.26700592
1213.099976,-0.261808395
1213.200073,-0.25994873
1213.300049,-0.264097214
1213.400024,-0.25866127
1213.5,-0.266862869
1213.599976,-0.259662628
1213.700073,-0.262619019
1213.800049,-0.263906479
1213.900024,-0.263286591
1214,-0.262571335
1214.099976,-0.264001846
1214.200073,-0.26353693
1214.300049,-0.263238907
1214.400024,-0.264335632
1214.5,-0.266719818
1214.599976,-0.26571846
1214.700073,-0.264335632
1214.800049,-0.261569977
1214.900024,-0.264240265
1215,-0.266672134
1215.099976,-0.259138107
1215.200073,-0.260759354
1215.300049,-0.263143539
1215.400024,-0.25737381
1215.5,-0.263095856
1215.599976,-0.260520935
1215.700073,-0.262237549
1215.800049,-0.262475967
1215.900024,-0.267148972
1216,-0.262237549
1216.099976,-0.264955521
1216.200073,-0.273109436
1216.300049,-0.263429642
1216.400024,-0.258613586
1216.5,-0.263477325
1216.599976,-0.264383316
1216.700073,-0.26109314
1216.800049,-0.254083633
1216.900024,-0.265909195
1217,-0.260807037
1217.099976,-0.260807037
1217.200073,-0.259495735
1217.300049,-0.256420135
1217.400024,-0.25994873
1217.5,-0.264240265
1217.599976,-0.269390106
1217.700073,-0.270486832
1217.800049,-0.260663986
1217.900024,-0.267196655
1218,-0.262094498
1218.099976,-0.260854721
1218.200073,-0.267530441
1218.300049,-0.262905121
1218.400024,-0.265766144
1218.5,-0.265384674
1218.599976,-0.272727966
1218.700073,-0.263381958
1218.800049,-0.268198013
1218.900024,-0.263429642
1219,-0.261569977
1219.099976,-0.264907837
1219.200073,-0.273204803
1219.300049,-0.257040024
1219.400024,-0.265909195
1219.5,-0.264287949
1219.599976,-0.265325069
1219.700073,-0.26609993
1219.800049,-0.265003204
1219.900024,-0.265778065
1220,-0.266242981
1220.099976,-0.265766144
1220.200073,-0.26905632
1220.300049,-0.264669418
1220.400024,-0.272251129
1220.5,-0.266958237
1220.599976,-0.263000488
1220.700073,-0.266624451
1220.800049,-0.26558733
1220.900024,-0.267435074
1221,-0.265289307
1221.099976,-0.264287949
1221.200073,-0.265944958
1221.300049,-0.267196655
1221.400024,-0.26700592
1221.5,-0.264144897
1221.599976,-0.262619019
1221.700073,-0.271965027
1221.800049,-0.261379242
1221.900024,-0.266958237
1222,-0.261951447
1222.099976,-0.265193939
1222.200073,-0.262571335
1222.300049,-0.270391464
1222.400024,-0.264144897
1222.5,-0.268960953
1222.599976,-0.262571335
1222.700073,-0.261188507
1222.800049,-0.264717102
1222.900024,-0.271631241
1223,-0.264383316
1223.099976,-0.267625809
1223.200073,-0.264907837
1223.300049,-0.265289307
1223.400024,-0.267578125
1223.5,-0.267816544
1223.599976,-0.26867485
1223.700073,-0.270772934
1223.800049,-0.269402027
1223.900024,-0.268102646
1224,-0.270057678
1224.099976,-0.264717102
1224.200073,-0.265956879
1224.300049,-0.265480042
1224.400024,-0.261522293
1224.5,-0.263048172
1224.599976,-0.26571846
1224.700073,-0.261665344
1224.800049,-0.270868301
1224.900024,-0.267721176
1225,-0.26943779
1225.099976,-0.265956879
1225.200073,-0.268937111
1225.300049,-0.270153046
1225.400024,-0.270200729
1225.5,-0.271583557
1225.599976,-0.27239418
1225.700073,-0.273586273
1225.800049,-0.271059036
1225.900024,-0.264860153
1226,-0.270009995
1226.099976,-0.264764786
1226.200073,-0.269485474
1226.300049,-0.26815033
1226.400024,-0.26404953
1226.5,-0.264478683
1226.599976,-0.268436432
1226.700073,-0.269580841
1226.800049,-0.263381958
1226.900024,-0.264478683
1227,-0.266958237
1227.099976,-0.271678925
1227.200073,-0.263143539
1227.300049,-0.272489548
1227.400024,-0.27444458
1227.5,-0.270534515
1227.599976,-0.269866943
1227.700073,-0.273777008
1227.800049,-0.265384674
1227.900024,-0.269962311
1228,-0.269008636
1228.099976,-0.270391464
1228.200073,-0.271678925
1228.300049,-0.270915985
1228.400024,-0.270868301
1228.5,-0.270391464
1228.599976,-0.270486832
1228.700073,-0.271249771
1228.800049,-0.268233776
1228.900024,-0.265861511
1229,-0.26533699
1229.099976,-0.270009995
1229.200073,-0.258804321
1229.300049,-0.269914627
1229.400024,-0.264192581
1229.5,-0.271154404
1229.599976,-0.27482605
1229.700073,-0.270296097
1229.800049,-0.26867485
1229.900024,-0.269533157
1230,-0.268317223
1230.099976,-0.267244339
1230.200073,-0.267816544
1230.300049,-0.267792702
1230.400024,-0.267333746
1230.5,-0.266529083
1230.599976,-0.267196655
1230.700073,-0.268627167
1230.800049,-0.268054962
1230.900024,-0.271154404
1231,-0.274921417
1231.099976,-0.274396896
1231.200073,-0.270915985
1231.300049,-0.267625809
1231.400024,-0.267673492
1231.5,-0.261856079
1231.599976,-0.273014069
1231.700073,-0.260568619
1231.800049,-0.264717102
1231.900024,-0.270486832
1232,-0.269962311
1232.099976,-0.26776886
1232.200073,-0.271821976
1232.300049,-0.265623093
1232.400024,-0.270915985
1232.5,-0.268627167
1232.599976,-0.269485474
1232.700073,-0.268889427
1232.800049,-0.268484116
1232.900024,-0.268960953
1233,-0.268341064
1233.099976,-0.266290665
1233.200073,-0.269151688
1233.300049,-0.273252487
1233.400024,-0.272727966
1233.5,-0.275112152
1233.599976,-0.270927906
1233.700073,-0.267101288
1233.800049,-0.268770218
1233.900024,-0.273443222
1234,-0.276018143
1234.099976,-0.268865585
1234.200073,-0.274396896
1234.300049,-0.265813828
1234.400024,-0.268627167
1234.5,-0.27444458
1234.599976,-0.275016785
1234.700073,-0.275112152
1234.800049,-0.275648594
1234.900024,-0.276018143
1235,-0.27289784
1235.099976,-0.269866943
1235.200073,-0.270057678
1235.300049,-0.275827408
1235.400024,-0.261665344
1235.5,-0.268007278
1235.599976,-0.273920059
1235.700073,-0.274396896
1235.800049,-0.273824692
1235.900024,-0.272441864
1236,-0.271392822
1236.099976,-0.270153046
1236.200073,-0.272537231
1236.300049,-0.274492264
1236.400024,-0.274110794
1236.5,-0.267864227
1236.599976,-0.266719818
1236.700073,-0.273204803
1236.800049,-0.275112152
1236.900024,-0.272441864
1237,-0.268388748
1237.099976,-0.269044399
1237.200073,-0.267435074
1237.300049,-0.267911911
1237.400024,-0.271011353
1237.5,-0.263715744
1237.599976,-0.27110672
1237.700073,-0.269676208
1237.800049,-0.273777008
1237.900024,-0.279403687
1238,-0.268007278
1238.099976,-0.275112152
1238.200073,-0.274349213
1238.300049,-0.269247055
1238.400024,-0.266242981
1238.5,-0.274110794
1238.599976,-0.266767502
1238.700073,-0.268245697
1238.800049,-0.269342422
1238.900024,-0.272346497
1239,-0.27482605
1239.099976,-0.265241623
1239.200073,-0.272489548
1239.300049,-0.268102646
1239.400024,-0.270832539
1239.5,-0.270772934
1239.599976,-0.271965027
1239.700073,-0.271297455
1239.800049,-0.268913269
1239.900024,-0.27110672
1240,-0.26609993
1240.099976,-0.27239418
1240.200073,-0.267530441
1240.300049,-0.281024933
1240.400024,-0.272060394
1240.5,-0.274253845
1240.599976,-0.269199371
1240.700073,-0.272441864
1240.800049,-0.267959595
1240.900024,-0.275779724
1241,-0.271678925
1241.099976,-0.269676208
1241.200073,-0.272012711
1241.300049,-0.26943779
1241.400024,-0.268388748
1241.5,-0.272572994
1241.599976,-0.275350571
1241.700073,-0.277114868
1241.800049,-0.27482605
1241.900024,-0.266719818
1242,-0.268388748
1242.099976,-0.275064468
1242.200073,-0.272489548
1242.300049,-0.274337292
1242.400024,-0.275064468
1242.5,-0.274730682
1242.599976,-0.264574051
1242.700073,-0.270868301
1242.800049,-0.278640747
1242.900024,-0.272680283
1243,-0.270629883
1243.099976,-0.275350571
1243.200073,-0.278306961
1243.300049,-0.275588989
1243.400024,-0.278211594
1243.5,-0.272727966
1243.599976,-0.277496338
1243.700073,-0.274730682
1243.800049,-0.268388748
1243.900024,-0.276351929
1244,-0.270391464
1244.099976,-0.274158478
1244.200073,-0.274218082
1244.300049,-0.275779724
1244.400024,-0.276542664
1244.5,-0.277067184
1244.599976,-0.278056622
1244.700073,-0.279165268
1244.800049,-0.27945137
1244.900024,-0.278736115
1245,-0.27406311
1245.099976,-0.272918701
1245.200073,-0.275684357
1245.300049,-0.274587631
1245.400024,-0.26776886
1245.5,-0.283123016
1245.599976,-0.275541306
1245.700073,-0.272441864
1245.800049,-0.27444458
1245.900024,-0.268245697
1246,-0.274539948
1246.099976,-0.277305603
1246.200073,-0.277496338
1246.300049,-0.278652668
1246.400024,-0.280405045
1246.5,-0.279403687
1246.599976,-0.274969101
1246.700073,-0.278211594
1246.800049,-0.275445938
1246.900024,-0.273920059
1247,-0.276483059
1247.099976,-0.278402328
1247.200073,-0.27816391
1247.300049,-0.268579483
1247.400024,-0.278402328
1247.5,-0.272298813
1247.599976,-0.267864227
1247.700073,-0.282884598
1247.800049,-0.277305603
1247.900024,-0.274969101
1248,-0.27315712
1248.099976,-0.273872375
1248.200073,-0.277210236
1248.300049,-0.27444458
1248.400024,-0.277830124
1248.5,-0.272334576
1248.599976,-0.268388748
1248.700073,-0.26867485
1248.800049,-0.272847176
1248.900024,-0.27649498
1249,-0.277830124
1249.099976,-0.274015427
1249.200073,-0.271392822
1249.300049,-0.272584915
1249.400024,-0.277639389
1249.5,-0.272251129
1249.599976,-0.277544022
1249.700073,-0.271869659
1249.800049,-0.274492264
1249.900024,-0.279737473
1250,-0.27649498
1250.099976,-0.279594421
1250.200073,-0.276351929
1250.300049,-0.273872375
1250.400024,-0.278593063
1250.5,-0.275112152
1250.599976,-0.276304245
1250.700073,-0.276947975
1250.800049,-0.280023575
1250.900024,-0.276351929
1251,-0.269104004
1251.099976,-0.274492264
1251.200073,-0.276065826
1251.300049,-0.276208878
1251.400024,-0.278652668
1251.5,-0.2811203
1251.599976,-0.281215668
1251.700073,-0.275112152
1251.800049,-0.279403687
1251.900024,-0.273920059
1252,-0.280691147
1252.099976,-0.274682999
1252.200073,-0.277639389
1252.300049,-0.280595779
1252.400024,-0.278783798
1252.5,-0.275541306
1252.599976,-0.283266068
1252.700073,-0.271774292
1252.800049,-0.275112152
1252.900024,-0.276351929
1253,-0.275350571
1253.099976,-0.274682999
1253.200073,-0.278116226
1253.300049,-0.274873734
1253.400024,-0.279546738
1253.5,-0.282598495
1253.599976,-0.280834198
1253.700073,-0.278879166
1253.800049,-0.279212952
1253.900024,-0.27752018
1254,-0.278640747
1254.099976,-0.273347855
1254.200073,-0.280691147
1254.300049,-0.277830124
1254.400024,-0.277544022
1254.5,-0.277687073
1254.599976,-0.276638031
1254.700073,-0.276733398
1254.800049,-0.279737473
1254.900024,-0.279642105
1255,-0.281024933
1255.099976,-0.280595779
1255.200073,-0.284124374
1255.300049,-0.278211594
1255.400024,-0.281787872
1255.5,-0.27277565
1255.599976,-0.273729324
1255.700073,-0.276018143
1255.800049,-0.274218082
1255.900024,-0.274253845
1256,-0.272871017
1256.099976,-0.282073975
1256.200073,-0.286651611
1256.300049,-0.279308319
1256.400024,-0.277591705
1256.5,-0.278306961
1256.599976,-0.275684357
1256.700073,-0.281358719
1256.800049,-0.276304245
1256.900024,-0.278879166
1257,-0.273252487
1257.099976,-0.280261993
1257.200073,-0.283075333
1257.300049,-0.280548096
1257.400024,-0.283790588
1257.5,-0.282550812
1257.599976,-0.280071259
1257.700073,-0.277305603
1257.800049,-0.283218384
1257.900024,-0.27573204
1258,-0.278116226
1258.099976,-0.278259277
1258.200073,-0.277925491
1258.300049,-0.278116226
1258.400024,-0.27880764
1258.5,-0.279546738
1258.599976,-0.279642105
1258.700073,-0.276983738
1258.800049,-0.271917343
1258.900024,-0.276828766
1259,-0.279975891
1259.099976,-0.283742905
1259.200073,-0.282693863
1259.300049,-0.278068542
1259.400024,-0.272966385
1259.5,-0.277925491
1259.599976,-0.275922775
1259.700073,-0.280166626
1259.800049,-0.276208878
1259.900024,-0.282884598
1260,-0.271535873
1260.099976,-0.280738831
1260.200073,-0.278116226
1260.300049,-0.284315109
1260.400024,-0.282264709
1260.5,-0.28150177
1260.599976,-0.28689003
1260.700073,-0.283981323
1260.800049,-0.278354645
1260.900024,-0.281358719
1261,-0.288129807
1261.099976,-0.275398254
1261.200073,-0.282264709
1261.300049,-0.282932281
1261.400024,-0.282491207
1261.5,-0.282646179
1261.599976,-0.282121658
1261.700073,-0.284267426
1261.800049,-0.278831482
1261.900024,-0.283838272
1262,-0.278783798
1262.099976,-0.27945137
1262.200073,-0.289703369
1262.300049,-0.281072617
1262.400024,-0.286460876
1262.5,-0.279975891
1262.599976,-0.279642105
1262.700073,-0.282312393
1262.800049,-0.283504486
1262.900024,-0.27996397
1263,-0.275588989
1263.099976,-0.278450012
1263.200073,-0.284505844
1263.300049,-0.284553528
1263.400024,-0.283456802
1263.5,-0.277687073
1263.599976,-0.276828766
1263.700073,-0.280452728
1263.800049,-0.284362793
1263.900024,-0.284887314
1264,-0.287223816
1264.099976,-0.281322956
1264.200073,-0.277448654
1264.300049,-0.27573204
1264.400024,-0.276828766
1264.5,-0.280452728
1264.599976,-0.277734756
1264.700073,-0.273395538
1264.800049,-0.280738831
1264.900024,-0.287176132
1265,-0.285793304
1265.099976,-0.286317825
1265.200073,-0.287748337
1265.300049,-0.2831707
1265.400024,-0.28021431
1265.5,-0.277210236
1265.599976,-0.282550812
1265.700073,-0.283075333
1265.800049,-0.282073975
1265.900024,-0.283587933
1266,-0.28483963
1266.099976,-0.284362793
1266.200073,-0.285078049
1266.300049,-0.27687645
1266.400024,-0.288082123
1266.5,-0.281835556
1266.599976,-0.284207821
1266.700073,-0.283695221
1266.800049,-0.283218384
1266.900024,-0.282026291
1267,-0.286460876
1267.099976,-0.28612709
1267.200073,-0.287223816
1267.300049,-0.2836833
1267.400024,-0.280071259
1267.5,-0.281311035
1267.599976,-0.282932281
1267.700073,-0.278402328
1267.800049,-0.279642105
1267.900024,-0.27740097
1268,-0.275445938
1268.099976,-0.27611351
1268.200073,-0.278509617
1268.300049,-0.280929565
1268.400024,-0.281549454
1268.5,-0.284696579
1268.599976,-0.286746979
1268.700073,-0.287939072
1268.800049,-0.289608002
1268.900024,-0.283885956
1269,-0.279642105
1269.099976,-0.281263351
1269.200073,-0.280834198
1269.300049,-0.284696579
1269.400024,-0.281072617
1269.5,-0.283921719
1269.599976,-0.285745621
1269.700073,-0.284172058
1269.800049,-0.281978607
1269.900024,-0.287939072
1270,-0.285030365
1270.099976,-0.288415909
1270.200073,-0.283456802
1270.300049,-0.285745621
1270.400024,-0.285125732
1270.5,-0.285459518
1270.599976,-0.285840988
1270.700073,-0.28753376
1270.800049,-0.291181564
1270.900024,-0.287652969
1271,-0.282646179
1271.099976,-0.28817749
1271.200073,-0.290513992
1271.300049,-0.281024933
1271.400024,-0.28612709
1271.5,-0.290037155
1271.599976,-0.283409119
1271.700073,-0.276733398
1271.800049,-0.285173416
1271.900024,-0.282217026
1272,-0.291276932
1272.099976,-0.292230606
1272.200073,-0.285030365
1272.300049,-0.290180206
1272.400024,-0.283075333
1272.5,-0.286746979
1272.599976,-0.285888672
1272.700073,-0.288606644
1272.800049,-0.277448654
1272.900024,-0.290180206
1273,-0.279356003
1273.099976,-0.284505844
1273.200073,-0.288654327
1273.300049,-0.287796021
1273.400024,-0.285650253
1273.5,-0.283266068
1273.599976,-0.285173416
1273.700073,-0.283123016
1273.800049,-0.285650253
1273.900024,-0.291419983
1274,-0.288749695
1274.099976,-0.285268784
1274.200073,-0.290370941
1274.300049,-0.287986755
1274.400024,-0.289512634
1274.5,-0.286746979
1274.599976,-0.282503128
1274.700073,-0.290084839
1274.800049,-0.278736115
1274.900024,-0.286651611
1275,-0.281978607
1275.099976,-0.286699295
1275.200073,-0.282550812
1275.300049,-0.287414551
1275.400024,-0.284744263
1275.5,-0.287986755
1275.599976,-0.28483963
1275.700073,-0.289035797
1275.800049,-0.283885956
1275.900024,-0.287557602
1276,-0.285650253
1276.099976,-0.287307262
1276.200073,-0.288463593
1276.300049,-0.287557602
1276.400024,-0.282217026
1276.5,-0.286746979
1276.599976,-0.283981323
1276.700073,-0.291706085
1276.800049,-0.286174774
1276.900024,-0.282121658
1277,-0.292850494
1277.099976,-0.284124374
1277.200073,-0.290323257
1277.300049,-0.280548096
1277.400024,-0.293851852
1277.5,-0.290943146
1277.599976,-0.283647537
1277.700073,-0.288749695
1277.800049,-0.282073975
1277.900024,-0.290466309
1278,-0.290418625
1278.099976,-0.284887314
1278.200073,-0.284648895
1278.300049,-0.285638332
1278.400024,-0.286746979
1278.5,-0.286270142
1278.599976,-0.284565449
1278.700073,-0.282169342
1278.800049,-0.283075333
1278.900024,-0.287605286
1279,-0.288606644
1279.099976,-0.2872715
1279.200073,-0.285888672
1279.300049,-0.289226532
1279.400024,-0.291658401
1279.5,-0.288809299
1279.599976,-0.288368225
1279.700073,-0.285984039
1279.800049,-0.289989471
1279.900024,-0.292325974
1280,-0.285364151
1280.099976,-0.287939072
1280.200073,-0.283599854
1280.300049,-0.293708801
1280.400024,-0.28817749
1280.5,-0.292516708
1280.599976,-0.285459518
1280.700073,-0.288654327
1280.800049,-0.284934998
1280.900024,-0.296569824
1281,-0.288606644
1281.099976,-0.285125732
1281.200073,-0.287557602
1281.300049,-0.283647537
1281.400024,-0.282550812
1281.5,-0.289655685
1281.599976,-0.291610718
1281.700073,-0.288749695
1281.800049,-0.287748337
1281.900024,-0.287414551
1282,-0.288034439
1282.099976,-0.293088913
1282.200073,-0.289321899
1282.300049,-0.284744263
1282.400024,-0.284219742
1282.5,-0.286711216
1282.599976,-0.289274216
1282.700073,-0.288606644
1282.800049,-0.28817749
1282.900024,-0.290323257
1283,-0.292182922
1283.099976,-0.29009676
1283.200073,-0.288654327
1283.300049,-0.289226532
1283.400024,-0.289941788
1283.5,-0.290764332
1283.599976,-0.292993546
1283.700073,-0.290895462
1283.800049,-0.294185638
1283.900024,-0.291944504
1284,-0.29432869
1284.099976,-0.291849136
1284.200073,-0.292755127
1284.300049,-0.293065071
1284.400024,-0.292850494
1284.5,-0.294805527
1284.599976,-0.283599854
1284.700073,-0.299097061
1284.800049,-0.290275574
1284.900024,-0.289798737
1285,-0.287223816
1285.099976,-0.292182922
1285.200073,-0.295568466
1285.300049,-0.284696579
1285.400024,-0.288988113
1285.5,-0.282884598
1285.599976,-0.28984642
1285.700073,-0.290704727
1285.800049,-0.290800095
1285.900024,-0.298000336
1286,-0.294710159
1286.099976,-0.287748337
1286.200073,-0.296808243
1286.300049,-0.284172058
1286.400024,-0.285316467
1286.5,-0.296426773
1286.599976,-0.284601212
1286.700073,-0.291372299
1286.800049,-0.289131165
1286.900024,-0.288129807
1287,-0.292087555
1287.099976,-0.289131165
1287.200073,-0.285030365
1287.300049,-0.293375015
1287.400024,-0.283599854
1287.5,-0.296283722
1287.599976,-0.290275574
1287.700073,-0.290990829
1287.800049,-0.296236038
1287.900024,-0.290847778
1288,-0.28560257
1288.099976,-0.293518066
1288.200073,-0.2872715
1288.300049,-0.293661118
1288.400024,-0.295473099
1288.5,-0.296045303
1288.599976,-0.294042587
1288.700073,-0.293136597
1288.800049,-0.29151535
1288.900024,-0.294173717
1289,-0.294996262
1289.099976,-0.297046661
1289.200073,-0.284791946
1289.300049,-0.294567108
1289.400024,-0.285888672
1289.5,-0.287891388
1289.599976,-0.291658401
1289.700073,-0.292945862
1289.800049,-0.288320541
1289.900024,-0.282455444
1290,-0.292945862
1290.099976,-0.286746979
1290.200073,-0.294233322
1290.300049,-0.294710159
1290.400024,-0.294042587
1290.5,-0.295246601
1290.599976,-0.295759201
1290.700073,-0.296474457
1290.800049,-0.295854568
1290.900024,-0.294900894
1291,-0.296283722
1291.099976,-0.294471741
1291.200073,-0.287605286
1291.300049,-0.293470383
1291.400024,-0.290561676
1291.5,-0.29407835
1291.599976,-0.296283722
1291.700073,-0.29599762
1291.800049,-0.29728508
1291.900024,-0.292564392
1292,-0.302530289
1292.099976,-0.282503128
1292.200073,-0.292564392
1292.300049,-0.294233322
1292.400024,-0.293613434
1292.5,-0.295425415
1292.599976,-0.297046661
1292.700073,-0.297475815
1292.800049,-0.292039871
1292.900024,-0.288082123
1293,-0.29690361
1293.099976,-0.288368225
1293.200073,-0.297618866
1293.300049,-0.290847778
1293.400024,-0.293231964
1293.5,-0.291706085
1293.599976,-0.295663834
1293.700073,-0.296367168
1293.800049,-0.300050735
1293.900024,-0.298048019
1294,-0.294757843
1294.099976,-0.298477173
1294.200073,-0.296617508
1294.300049,-0.300909042
1294.400024,-0.29561615
1294.5,-0.286270142
1294.599976,-0.292039871
1294.700073,-0.296665192
1294.800049,-0.291944504
1294.900024,-0.289751053
1295,-0.295520782
1295.099976,-0.293804169
1295.200073,-0.294424057
1295.300049,-0.295473099
1295.400024,-0.292898178
1295.5,-0.292397499
1295.599976,-0.290657043
1295.700073,-0.290561676
1295.800049,-0.294137955
1295.900024,-0.291419983
1296,-0.295473099
1296.099976,-0.294376373
1296.200073,-0.293744564
1296.300049,-0.29318428
1296.400024,-0.295350909
1296.5,-0.297475815
1296.599976,-0.296998978
1296.700073,-0.294471741
1296.800049,-0.295043945
1296.900024,-0.290418625
1297,-0.292707443
1297.099976,-0.287605286
1297.200073,-0.285840988
1297.300049,-0.290180206
1297.400024,-0.294376373
1297.5,-0.292898178
1297.599976,-0.292850494
1297.700073,-0.295139313
1297.800049,-0.292612076
1297.900024,-0.295461178
1298,-0.296998978
1298.099976,-0.297094345
1298.200073,-0.302244186
1298.300049,-0.302577972
1298.400024,-0.297499657
1298.5,-0.290943146
1298.599976,-0.294233322
1298.700073,-0.288225174
1298.800049,-0.292564392
1298.900024,-0.290657043
1299,-0.295043945
1299.099976,-0.294662476
1299.200073,-0.296045303
1299.300049,-0.296951294
1299.400024,-0.298191071
1299.5,-0.292755127
1299.599976,-0.294614792
1299.700073,-0.284791946
1299.800049,-0.290704727
1299.900024,-0.295568466
1300,-0.291133881
1300.099976,-0.289941788
1300.200073,-0.295711517
1300.300049,-0.295949936
1300.400024,-0.29766655
1300.5,-0.295186996
1300.599976,-0.298226833
1300.700073,-0.299240112
1300.800049,-0.300813675
1300.900024,-0.298667908
1301,-0.295711517
1301.099976,-0.298906326
1301.200073,-0.295043945
1301.300049,-0.290180206
1301.400024,-0.292349815
1301.5,-0.292469025
1301.599976,-0.291706085
1301.700073,-0.292898178
1301.800049,-0.294662476
1301.900024,-0.299573898
1302,-0.295949936
1302.099976,-0.290418625
1302.200073,-0.301147461
1302.300049,-0.344110966
1302.400024,-0.346924305
1302.5,-0.351358891
1302.599976,-0.346256733
1302.700073,-0.341679096
1302.800049,-0.338341236
1302.900024,-0.34005785
1303,-0.342966557
1303.099976,-0.333143711
1303.200073,-0.337006092
1303.300049,-0.338329315
1303.400024,-0.341202259
1303.5,-0.341965199
1303.599976,-0.342918873
1303.700073,-0.341404915
1303.800049,-0.340582371
1303.900024,-0.340153217
1304,-0.338531971
1304.099976,-0.339008808
1304.200073,-0.340928078
1304.300049,-0.341631413
1304.400024,-0.344540119
1304.5,-0.334764957
1304.599976,-0.341869831
1304.700073,-0.346304417
1304.800049,-0.345541477
1304.900024,-0.343371868
1305,-0.341202259
1305.099976,-0.34043932
1305.200073,-0.341488361
1305.300049,-0.339867115
1305.400024,-0.339867115
1305.5,-0.340296268
1305.599976,-0.342012882
1305.700073,-0.335527897
1305.800049,-0.339914799
1305.900024,-0.346590519
1306,-0.340773106
1306.099976,-0.339056492
1306.200073,-0.345636845
1306.300049,-0.343061924
1306.400024,-0.344993114
1306.5,-0.345303059
1306.599976,-0.345970631
1306.700073,-0.340582371
1306.800049,-0.343204975
1306.900024,-0.341011524
1307,-0.342775822
1307.099976,-0.337578297
1307.200073,-0.344206333
1307.300049,-0.348497868
1307.400024,-0.342632771
1307.5,-0.344158649
1307.599976,-0.339724064
1307.700073,-0.338865757
1307.800049,-0.34237051
1307.900024,-0.345541477
1308,-0.345350742
1308.099976,-0.340582371
1308.200073,-0.337864399
1308.300049,-0.341822147
1308.400024,-0.341679096
1308.5,-0.342465878
1308.599976,-0.342346668
1308.700073,-0.344015598
1308.800049,-0.343061924
1308.900024,-0.345255375
1309,-0.345112324
1309.099976,-0.344444752
1309.200073,-0.339962482
1309.300049,-0.342346668
1309.400024,-0.33929491
1309.5,-0.341691017
1309.599976,-0.342775822
1309.700073,-0.342346668
1309.800049,-0.342942715
1309.900024,-0.342442036
1310,-0.344206333
1310.099976,-0.346662045
1310.200073,-0.348211765
1310.300049,-0.351788044
1310.400024,-0.345350742
1310.5,-0.340773106
1310.599976,-0.341679096
1310.700073,-0.344301701
1310.800049,-0.344873905
1310.900024,-0.341822147
1311,-0.341249943
1311.099976,-0.345493793
1311.200073,-0.347019672
1311.300049,-0.344587803
1311.400024,-0.347019672
1311.5,-0.342823505
1311.599976,-0.343491077
1311.700073,-0.33929491
1311.800049,-0.342442036
1311.900024,-0.3463521
1312,-0.349308491
1312.099976,-0.350691319
1312.200073,-0.342394352
1312.300049,-0.345112324
1312.400024,-0.343300343
1312.5,-0.343157291
1312.599976,-0.343872547
1312.700073,-0.344838142
1312.800049,-0.34468317
1312.900024,-0.347639561
1313,-0.34711504
1313.099976,-0.34544611
1313.200073,-0.344063282
1313.300049,-0.342966557
1313.400024,-0.340343952
1313.5,-0.346828938
1313.599976,-0.339342594
1313.700073,-0.343204975
1313.800049,-0.345970631
1313.900024,-0.343348026
1314,-0.341297626
1314.099976,-0.342728138
1314.200073,-0.350262165
1314.300049,-0.348068714
1314.400024,-0.346328259
1314.5,-0.341440678
1314.599976,-0.345541477
1314.700073,-0.342203617
1314.800049,-0.338865757
1314.900024,-0.33428812
1315,-0.342203617
1315.099976,-0.346590519
1315.200073,-0.341583729
1315.300049,-0.340487003
1315.400024,-0.340296268
1315.5,-0.341822147
1315.599976,-0.341691017
1315.700073,-0.342155933
1315.800049,-0.342489719
1315.900024,-0.344635487
1316,-0.343061924
1316.099976,-0.346781254
1316.200073,-0.339056492
1316.300049,-0.347591877
1316.400024,-0.343991756
1316.5,-0.344301701
1316.599976,-0.345016956
1316.700073,-0.344540119
1316.800049,-0.347544193
1316.900024,-0.336433887
1317,-0.34005785
1317.099976,-0.345493793
1317.200073,-0.345350742
1317.300049,-0.346971989
1317.400024,-0.345732212
1317.5,-0.349356174
1317.599976,-0.346304417
1317.700073,-0.3473773
1317.800049,-0.347258091
1317.900024,-0.346590519
1318,-0.338579655
1318.099976,-0.353886127
1318.200073,-0.341297626
1318.300049,-0.347973347
1318.400024,-0.340200901
1318.5,-0.340773106
1318.599976,-0.340808868
1318.700073,-0.34172678
1318.800049,-0.340534687
1318.900024,-0.343634129
1319,-0.338055134
1319.099976,-0.342585087
1319.200073,-0.34544611
1319.300049,-0.344349384
1319.400024,-0.336004734
1319.5,-0.348831654
1319.599976,-0.340868473
1319.700073,-0.342775822
1319.800049,-0.340487003
1319.900024,-0.343634129
1320,-0.347401142
1320.099976,-0.343348026
1320.200073,-0.341536045
1320.300049,-0.340546608
1320.400024,-0.338436604
1320.5,-0.338865757
1320.599976,-0.343967915
1320.700073,-0.344730854
1320.800049,-0.342823505
1320.900024,-0.343252659
1321,-0.345112324
1321.099976,-0.348831654
1321.200073,-0.345541477
1321.300049,-0.339914799
1321.400024,-0.347019672
1321.5,-0.344444752
1321.599976,-0.342918873
1321.700073,-0.348164082
1321.800049,-0.353218555
1321.900024,-0.34968996
1322,-0.348462105
1322.099976,-0.34763062
1322.200073,-0.346065998
1322.300049,-0.346304417
1322.400024,-0.348354816
1322.5,-0.33929491
1322.599976,-0.352455616
1322.700073,-0.345112324
1322.800049,-0.339342594
1322.900024,-0.334145069
1323,-0.341631413
1323.099976,-0.349356174
1323.200073,-0.346018314
1323.300049,-0.348450184
1323.400024,-0.347591877
1323.5,-0.343586445
1323.599976,-0.337721348
1323.700073,-0.342966557
1323.800049,-0.344087124
1323.900024,-0.347687244
1324,-0.347973347
1324.099976,-0.347222328
1324.200073,-0.347401142
1324.300049,-0.345827579
1324.400024,-0.346054077
1324.5,-0.345779896
1324.599976,-0.345207691
1324.700073,-0.349070072
1324.800049,-0.341631413
1324.900024,-0.351597309
1325,-0.342871189
1325.099976,-0.349642277
1325.200073,-0.349833012
1325.300049,-0.334621906
1325.400024,-0.337864399
1325.5,-0.341404915
1325.599976,-0.345970631
1325.700073,-0.347162724
1325.800049,-0.347353458
1325.900024,-0.346924305
1326,-0.343538761
1326.099976,-0.345589161
1326.200073,-0.342978477
1326.300049,-0.342775822
1326.400024,-0.340010166
1326.5,-0.348259449
1326.599976,-0.341774464
1326.700073,-0.350357533
1326.800049,-0.346828938
1326.900024,-0.343824863
1327,-0.347877979
1327.099976,-0.348593235
1327.200073,-0.348736286
1327.300049,-0.351358891
1327.400024,-0.338436604
1327.5,-0.350691319
1327.599976,-0.361467838
1327.700073,-0.346113682
1327.800049,-0.342203617
1327.900024,-0.344254017
1328,-0.347782612
1328.099976,-0.353266239
1328.200073,-0.342632771
1328.300049,-0.349785328
1328.400024,-0.347925663
1328.5,-0.345207691
1328.599976,-0.342155933
1328.700073,-0.346590519
1328.800049,-0.348116398
1328.900024,-0.348354816
1329,-0.345303059
1329.099976,-0.341536045
1329.200073,-0.349356174
1329.300049,-0.34711504
1329.400024,-0.348640919
1329.5,-0.343443394
1329.599976,-0.344110966
1329.700073,-0.347401142
1329.800049,-0.348879337
1329.900024,-0.346495152
1330,-0.350023746
1330.099976,-0.345112324
1330.200073,-0.34172678
1330.300049,-0.344254017
1330.400024,-0.345303059
1330.5,-0.346447468
1330.599976,-0.346542835
1330.700073,-0.34043932
1330.800049,-0.346828938
1330.900024,-0.342251301
1331,-0.34506464
1331.099976,-0.34468317
1331.200073,-0.340868473
1331.300049,-0.346304417
1331.400024,-0.343920231
1331.5,-0.349785328
1331.599976,-0.341822147
1331.700073,-0.3484025
1331.800049,-0.347067356
1331.900024,-0.352646351
1332,-0.348485947
1332.099976,-0.346924305
1332.200073,-0.347305775
1332.300049,-0.348068714
1332.400024,-0.345636845
1332.5,-0.346876621
1332.599976,-0.345779896
1332.700073,-0.344873905
1332.800049,-0.344587803
1332.900024,-0.345481873
1333,-0.347830296
1333.099976,-0.344635487
1333.200073,-0.348593235
1333.300049,-0.343157291
1333.400024,-0.34711504
1333.5,-0.339724064
1333.599976,-0.340677738
1333.700073,-0.344635487
1333.800049,-0.345255375
1333.900024,-0.352074146
1334,-0.351597309
1334.099976,-0.346113682
1334.200073,-0.354744434
1334.300049,-0.349260807
1334.400024,-0.341917515
1334.5,-0.342442036
1334.599976,-0.341297626
1334.700073,-0.349546909
1334.800049,-0.342871189
1334.900024,-0.349546909
1335,-0.345362663
1335.099976,-0.344730854
1335.200073,-0.348059773
1335.300049,-0.351072788
1335.400024,-0.351072788
1335.5,-0.347162724
1335.599976,-0.34096384
1335.700073,-0.345541477
1335.800049,-0.345112324
1335.900024,-0.346828938
1336,-0.348307133
1336.099976,-0.346256733
1336.200073,-0.349737644
1336.300049,-0.349022388
1336.400024,-0.346685886
1336.5,-0.344349384
1336.599976,-0.342775822
1336.700073,-0.343538761
1336.800049,-0.339199543
1336.900024,-0.347305775
1337,-0.344206333
1337.099976,-0.347067356
1337.200073,-0.339962482
1337.300049,-0.354649067
1337.400024,-0.349451542
1337.5,-0.34711504
1337.599976,-0.345160007
1337.700073,-0.353647709
1337.800049,-0.351215839
1337.900024,-0.346113682
1338,-0.335098743
1338.099976,-0.353027821
1338.200073,-0.345112324
1338.300049,-0.349880695
1338.400024,-0.345779896
1338.5,-0.350309849
1338.599976,-0.352455616
1338.700073,-0.345779896
1338.800049,-0.344730854
1338.900024,-0.344587803
1339,-0.345732212
1339.099976,-0.350119114
1339.200073,-0.35083437
1339.300049,-0.34878397
1339.400024,-0.34339571
1339.5,-0.344349384
1339.599976,-0.346709728
1339.700073,-0.349833012
1339.800049,-0.349260807
1339.900024,-0.34878397
1340,-0.347162724
1340.099976,-0.348879337
1340.200073,-0.353838444
1340.300049,-0.344254017
1340.400024,-0.351597309
1340.5,-0.340534687
1340.599976,-0.348211765
1340.700073,-0.342918873
1340.800049,-0.34544611
1340.900024,-0.349260807
1341,-0.3484025
1341.099976,-0.349880695
1341.200073,-0.349022388
1341.300049,-0.350357533
1341.400024,-0.348545551
1341.5,-0.347591877
1341.599976,-0.34878397
1341.700073,-0.349344254
1341.800049,-0.3504529
1341.900024,-0.350548267
1342,-0.358177662
1342.099976,-0.342632771
1342.200073,-0.35212183
1342.300049,-0.34506464
1342.400024,-0.345112324
1342.5,-0.351311207
1342.599976,-0.342346668
1342.700073,-0.354744434
1342.800049,-0.345112324
1342.900024,-0.349928379
1343,-0.344206333
1343.099976,-0.343967915
1343.200073,-0.344385147
1343.300049,-0.344397068
1343.400024,-0.344969273
1343.5,-0.3484025
1343.599976,-0.342203617
1343.700073,-0.350739002
1343.800049,-0.353027821
1343.900024,-0.344301701
1344,-0.355602741
1344.099976,-0.349546909
1344.200073,-0.347353458
1344.300049,-0.347067356
1344.400024,-0.347258091
1344.5,-0.348879337
1344.599976,-0.35007143
1344.700073,-0.351025105
1344.800049,-0.345398426
1344.900024,-0.348497868
1345,-0.358559132
1345.099976,-0.338818073
1345.200073,-0.351788044
1345.300049,-0.349022388
1345.400024,-0.348736286
1345.5,-0.351644993
1345.599976,-0.357367039
1345.700073,-0.354887486
1345.800049,-0.347210407
1345.900024,-0.345732212
1346,-0.348164082
1346.099976,-0.346065998
1346.200073,-0.356556416
1346.300049,-0.342298985
1346.400024,-0.348164082
1346.5,-0.348116398
1346.599976,-0.346924305
1346.700073,-0.350691319
1346.800049,-0.348640919
1346.900024,-0.355125904
1347,-0.344826221
1347.099976,-0.34802103
1347.200073,-0.350500584
1347.300049,-0.348164082
1347.400024,-0.340677738
1347.5,-0.349642277
1347.599976,-0.346065998
1347.700073,-0.352598667
1347.800049,-0.352455616
1347.900024,-0.349880695
1348,-0.343634129
1348.099976,-0.346685886
1348.200073,-0.351454258
1348.300049,-0.352407932
1348.400024,-0.347365379
1348.5,-0.343729496
1348.599976,-0.341869831
1348.700073,-0.344635487
1348.800049,-0.347401142
1348.900024,-0.345541477
1349,-0.350119114
1349.099976,-0.353695393
1349.200073,-0.349499226
1349.300049,-0.345970631
1349.400024,-0.357367039
1349.5,-0.350977421
1349.599976,-0.347401142
1349.700073,-0.353027821
1349.800049,-0.348879337
1349.900024,-0.347019672
1350,-0.345303059
1350.099976,-0.349928379
1350.200073,-0.347353458
1350.300049,-0.350119114
1350.400024,-0.352360249
1350.5,-0.348259449
1350.599976,-0.349642277
1350.700073,-0.349880695
1350.800049,-0.350345612
1350.900024,-0.350882053
1351,-0.350977421
1351.099976,-0.351358891
1351.200073,-0.345922947
1351.300049,-0.349248886
1351.400024,-0.349594593
1351.5,-0.350119114
1351.599976,-0.3504529
1351.700073,-0.347925663
1351.800049,-0.352407932
1351.900024,-0.347258091
1352,-0.35789156
1352.099976,-0.346924305
1352.200073,-0.35712862
1352.300049,-0.351168156
1352.400024,-0.345541477
1352.5,-0.343729496
1352.599976,-0.351215839
1352.700073,-0.351168156
1352.800049,-0.354076862
1352.900024,-0.344492435
1353,-0.351215839
1353.099976,-0.353981495
1353.200073,-0.349928379
1353.300049,-0.353361607
1353.400024,-0.345827579
1353.5,-0.353075504
1353.599976,-0.346542835
1353.700073,-0.354935169
1353.800049,-0.345589161
1353.900024,-0.352550983
1354,-0.353838444
1354.099976,-0.345589161
1354.200073,-0.343061924
1354.300049,-0.353313923
1354.400024,-0.354124546
1354.5,-0.353600025
1354.599976,-0.345255375
1354.700073,-0.363422871
1354.800049,-0.35174036
1354.900024,-0.355268955
1355,-0.352610588
1355.099976,-0.351311207
1355.200073,-0.35212183
1355.300049,-0.348593235
1355.400024,-0.349260807
1355.5,-0.348593235
1355.599976,-0.352407932
1355.700073,-0.347830296
1355.800049,-0.353886127
1355.900024,-0.355030537
1356,-0.356174946
1356.099976,-0.356794834
1356.200073,-0.354589462
1356.300049,-0.353313923
1356.400024,-0.352074146
1356.5,-0.352407932
1356.599976,-0.350286007
1356.700073,-0.349070072
1356.800049,-0.347591877
1356.900024,-0.354935169
1357,-0.351644993
1357.099976,-0.347591877
1357.200073,-0.344492435
1357.300049,-0.347651482
1357.400024,-0.349833012
1357.5,-0.353543401
1357.599976,-0.358034611
1357.700073,-0.358654499
1357.800049,-0.348164082
1357.900024,-0.363565922
1358,-0.352694035
1358.099976,-0.3504529
1358.200073,-0.347973347
1358.300049,-0.351549625
1358.400024,-0.350691319
1358.5,-0.355745792
1358.599976,-0.357414722
1358.700073,-0.352980137
1358.800049,-0.347639561
1358.900024,-0.344921589
1359,-0.348116398
1359.099976,-0.350226402
1359.200073,-0.354029179
1359.300049,-0.353838444
1359.400024,-0.348688602
1359.5,-0.348259449
1359.599976,-0.347842216
1359.700073,-0.347210407
1359.800049,-0.347210407
1359.900024,-0.347031593
1360,-0.347591877
1360.099976,-0.346113682
1360.200073,-0.358320713
1360.300049,-0.344110966
1360.400024,-0.351120472
1360.5,-0.347973347
1360.599976,-0.353981495
1360.700073,-0.351835728
1360.800049,-0.350119114
1360.900024,-0.347782612
1361,-0.351883411
1361.099976,-0.355936527
1361.200073,-0.349546909
1361.300049,-0.356985569
1361.400024,-0.353218555
1361.5,-0.34878397
1361.599976,-0.354410648
1361.700073,-0.358368397
1361.800049,-0.357271671
1361.900024,-0.343729496
1362,-0.353933811
1362.099976,-0.346256733
1362.200073,-0.347877979
1362.300049,-0.346209049
1362.400024,-0.3484025
1362.5,-0.349642277
1362.599976,-0.354076862
1362.700073,-0.356985569
1362.800049,-0.35507822
1362.900024,-0.351263523
1363,-0.350739002
1363.099976,-0.34673357
1363.200073,-0.348450184
1363.300049,-0.351501942
1363.400024,-0.351013184
1363.5,-0.352026463
1363.599976,-0.352074146
1363.700073,-0.347782612
1363.800049,-0.352598667
1363.900024,-0.357176304
1364,-0.346876621
1364.099976,-0.354076862
1364.200073,-0.355650425
1364.300049,-0.349451542
1364.400024,-0.350739002
1364.5,-0.351597309
1364.599976,-0.351597309
1364.700073,-0.350977421
1364.800049,-0.346399784
1364.900024,-0.346685886
1365,-0.348736286
1365.099976,-0.350405216
1365.200073,-0.35174036
1365.300049,-0.353933811
1365.400024,-0.357843876
1365.5,-0.356985569
1365.599976,-0.353027821
1365.700073,-0.357414722
1365.800049,-0.349499226
1365.900024,-0.349976063
1366,-0.349976063
1366.099976,-0.349260807
1366.200073,-0.357271671
1366.300049,-0.354076862
1366.400024,-0.345303059
1366.5,-0.354935169
1366.599976,-0.346924305
1366.700073,-0.347925663
1366.800049,-0.351072788
1366.900024,-0.351931095
1367,-0.349546909
1367.099976,-0.348927021
1367.200073,-0.353266239
1367.300049,-0.355221272
1367.400024,-0.352741718
1367.5,-0.354458332
1367.599976,-0.353933811
1367.700073,-0.355936527
1367.800049,-0.352789402
1367.900024,-0.357700825
1368,-0.356651783
1368.099976,-0.347162724
1368.200073,-0.347162724
1368.300049,-0.352312565
1368.400024,-0.354839802
1368.5,-0.352658272
1368.599976,-0.351454258
1368.700073,-0.352026463
1368.800049,-0.351120472
1368.900024,-0.352217197
1369,-0.34878397
1369.099976,-0.348164082
1369.200073,-0.349773407
1369.300049,-0.351025105
1369.400024,-0.351120472
1369.5,-0.353611946
1369.599976,-0.353981495
1369.700073,-0.353877187
1369.800049,-0.355125904
1369.900024,-0.352789402
1370,-0.349117756
1370.099976,-0.349880695
1370.200073,-0.351168156
1370.300049,-0.351215839
1370.400024,-0.350464821
1370.5,-0.349356174
1370.599976,-0.350119114
1370.700073,-0.352026463
1370.800049,-0.355602741
1370.900024,-0.346018314
1371,-0.357796192
1371.099976,-0.346638203
1371.200073,-0.353743076
1371.300049,-0.347162724
1371.400024,-0.351501942
1371.5,-0.35083437
1371.599976,-0.348831654
1371.700073,-0.352360249
1371.800049,-0.355602741
1371.900024,-0.352598667
1372,-0.358320713
1372.099976,-0.35545969
1372.200073,-0.356127262
1372.300049,-0.354792118
1372.400024,-0.357080936
1372.5,-0.34916544
1372.599976,-0.353933811
1372.700073,-0.358845234
1372.800049,-0.354362965
1372.900024,-0.359512806
1373,-0.357796192
1373.099976,-0.356890202
1373.200073,-0.354541779
1373.300049,-0.350691319
1373.400024,-0.352789402
1373.5,-0.352646351
1373.599976,-0.352741718
1373.700073,-0.348545551
1373.800049,-0.35712862
1373.900024,-0.350739002
1374,-0.346971989
1374.099976,-0.355793476
1374.200073,-0.34916544
1374.300049,-0.355984211
1374.400024,-0.352694035
1374.5,-0.356317997
1374.599976,-0.351501942
1374.700073,-0.354219913
1374.800049,-0.350595951
1374.900024,-0.3525033
1375,-0.359941959
1375.099976,-0.352169514
1375.200073,-0.357700825
1375.300049,-0.351978779
1375.400024,-0.352646351
1375.5,-0.3535285
1375.599976,-0.355364323
1375.700073,-0.354124546
1375.800049,-0.354887486
1375.900024,-0.352217197
1376,-0.356365681
1376.099976,-0.346876621
1376.200073,-0.353456974
1376.300049,-0.350595951
1376.400024,-0.359131336
1376.5,-0.35212183
1376.599976,-0.355316639
1376.700073,-0.354506016
1376.800049,-0.35841608
1376.900024,-0.354982853
1377,-0.357176304
1377.099976,-0.356937885
1377.200073,-0.358368397
1377.300049,-0.351072788
1377.400024,-0.354124546
1377.5,-0.360323429
1377.599976,-0.355030537
1377.700073,-0.356174946
1377.800049,-0.358654499
1377.900024,-0.356699467
1378,-0.353504658
1378.099976,-0.355650425
1378.200073,-0.352932453
1378.300049,-0.353027821
1378.400024,-0.352682114
1378.5,-0.352598667
1378.599976,-0.352169514
1378.700073,-0.35174036
1378.800049,-0.354362965
1378.900024,-0.356890202
1379,-0.349451542
1379.099976,-0.359369755
1379.200073,-0.353933811
1379.300049,-0.352598667
1379.400024,-0.358225346
1379.5,-0.352264881
1379.599976,-0.356127262
1379.700073,-0.356031895
1379.800049,-0.355113983
1379.900024,-0.35340929
1380,-0.354887486
1380.099976,-0.354780197
1380.200073,-0.356937885
1380.300049,-0.353886127
1380.400024,-0.35545969
1380.5,-0.353003979
1380.599976,-0.350595951
1380.700073,-0.352074146
1380.800049,-0.351501942
1380.900024,-0.355268955
1381,-0.356127262
1381.099976,-0.345398426
1381.200073,-0.357319355
1381.300049,-0.351168156
1381.400024,-0.357462406
1381.5,-0.36084795
1381.599976,-0.349308491
1381.700073,-0.359274387
1381.800049,-0.351072788
1381.900024,-0.362421513
1382,-0.343443394
1382.099976,-0.356556416
1382.200073,-0.359083652
1382.300049,-0.348545551
1382.400024,-0.350929737
1382.5,-0.35507822
1382.599976,-0.357223988
1382.700073,-0.356699467
1382.800049,-0.351025105
1382.900024,-0.351835728
1383,-0.359989643
1383.099976,-0.362230778
1383.200073,-0.353313923
1383.300049,-0.350309849
1383.400024,-0.356937885
1383.5,-0.353552341
1383.599976,-0.355125904
1383.700073,-0.355555058
1383.800049,-0.353480816
1383.900024,-0.350691319
1384,-0.352550983
1384.099976,-0.354875565
1384.200073,-0.358368397
1384.300049,-0.35789156
1384.400024,-0.356651783
1384.5,-0.353123188
1384.599976,-0.351883411
1384.700073,-0.354362965
1384.800049,-0.350739002
1384.900024,-0.354029179
1385,-0.358129978
1385.099976,-0.359989643
1385.200073,-0.35379076
1385.300049,-0.355555058
1385.400024,-0.359989643
1385.5,-0.350548267
1385.599976,-0.358273029
1385.700073,-0.349451542
1385.800049,-0.351788044
1385.900024,-0.3525033
1386,-0.354887486
1386.099976,-0.353886127
1386.200073,-0.350977421
1386.300049,-0.356985569
1386.400024,-0.354506016
1386.5,-0.352598667
1386.599976,-0.351215839
1386.700073,-0.357796192
1386.800049,-0.355793476
1386.900024,-0.359274387
1387,-0.360180378
1387.099976,-0.346781254
1387.200073,-0.350357533
1387.300049,-0.352479458
1387.400024,-0.35545969
1387.5,-0.357319355
1387.599976,-0.354529858
1387.700073,-0.352598667
1387.800049,-0.358565092
1387.900024,-0.363995075
1388,-0.363136768
1388.099976,-0.360752583
1388.200073,-0.356413364
1388.300049,-0.348259449
1388.400024,-0.359608173
1388.5,-0.355698109
1388.599976,-0.356079578
1388.700073,-0.353600025
1388.800049,-0.35238409
1388.900024,-0.34916544
1389,-0.350691319
1389.099976,-0.362850666
1389.200073,-0.353647709
1389.300049,-0.360752583
1389.400024,-0.361467838
1389.5,-0.351406574
1389.599976,-0.356699467
1389.700073,-0.351597309
1389.800049,-0.361467838
1389.900024,-0.361658573
1390,-0.363852024
1390.099976,-0.359274387
1390.200073,-0.351025105
1390.300049,-0.352455616
1390.400024,-0.355507374
1390.5,-0.358034611
1390.599976,-0.353504658
1390.700073,-0.352646351
1390.800049,-0.357939243
1390.900024,-0.348688602
1391,-0.36046648
1391.099976,-0.353218555
1391.200073,-0.35622263
1391.300049,-0.355221272
1391.400024,-0.357986927
1391.5,-0.354935169
1391.599976,-0.353456974
1391.700073,-0.347448826
1391.800049,-0.368668079
1391.900024,-0.353504658
1392,-0.360132694
1392.099976,-0.357939243
1392.200073,-0.360323429
1392.300049,-0.355745792
1392.400024,-0.352217197
1392.5,-0.358273029
1392.599976,-0.360323429
1392.700073,-0.358892918
1392.800049,-0.361610889
1392.900024,-0.356890202
1393,-0.353600025
1393.099976,-0.358845234
1393.200073,-0.354124546
1393.300049,-0.353886127
1393.400024,-0.362326145
1393.5,-0.364662647
1393.599976,-0.356365681
1393.700073,-0.355364323
1393.800049,-0.354267597
1393.900024,-0.361753941
1394,-0.36456728
1394.099976,-0.358845234
1394.200073,-0.362087727
1394.300049,-0.355268955
1394.400024,-0.365997791
1394.5,-0.349928379
1394.599976,-0.365330219
1394.700073,-0.359083652
1394.800049,-0.364328861
1394.900024,-0.36213541
1395,-0.358654499
1395.099976,-0.363708973
1395.200073,-0.354887486
1395.300049,-0.357986927
1395.400024,-0.359608173
1395.5,-0.352264881
1395.599976,-0.354649067
1395.700073,-0.354374886
1395.800049,-0.356127262
1395.900024,-0.354458332
1396,-0.356461048
1396.099976,-0.363613605
1396.200073,-0.362421513
1396.300049,-0.355984211
1396.400024,-0.362659931
1396.5,-0.355888844
1396.599976,-0.360752583
1396.700073,-0.359035969
1396.800049,-0.365282536
1396.900024,-0.357080936
1397,-0.361753941
1397.099976,-0.362993717
1397.200073,-0.360991001
1397.300049,-0.360132694
1397.400024,-0.360228062
1397.5,-0.356317997
1397.599976,-0.356508732
1397.700073,-0.360049248
1397.800049,-0.362087727
1397.900024,-0.365282536
1398,-0.357605457
1398.099976,-0.365377903
1398.200073,-0.356413364
1398.300049,-0.356031895
1398.400024,-0.357462406
1398.5,-0.35879755
1398.599976,-0.358606815
1398.700073,-0.359131336
1398.800049,-0.359751225
1398.900024,-0.363756657
1399,-0.360085011
1399.099976,-0.365044117
1399.200073,-0.359083652
1399.300049,-0.366379261
1399.400024,-0.363661289
1399.5,-0.356937885
1399.599976,-0.355173588
1399.700073,-0.35956049
1399.800049,-0.359894276
1399.900024,-0.348831654
1400,-0.359798908
1400.099976,-0.351120472
1400.200073,-0.353838444
1400.300049,-0.352837086
1400.400024,-0.357784271
1400.5,-0.362326145
1400.599976,-0.36213541
1400.700073,-0.363232136
1400.800049,-0.355268955
1400.900024,-0.358129978
1401,-0.362564564
1401.099976,-0.354219913
1401.200073,-0.368095875
1401.300049,-0.36456728
1401.400024,-0.353504658
1401.5,-0.351501942
1401.599976,-0.357414722
1401.700073,-0.362373829
1401.800049,-0.364233494
1401.900024,-0.35417223
1402,-0.361038685
1402.099976,-0.357414722
1402.200073,-0.361610889
1402.300049,-0.360275745
1402.400024,-0.360180378
1402.5,-0.364519596
1402.599976,-0.363232136
1402.700073,-0.357986927
1402.800049,-0.35789156
1402.900024,-0.362946033
1403,-0.35340929
1403.099976,-0.35879755
1403.200073,-0.355936527
1403.300049,-0.36084795
1403.400024,-0.358702183
1403.5,-0.354792118
1403.599976,-0.362373829
1403.700073,-0.357843876
1403.800049,-0.354696751
1403.900024,-0.363565922
1404,-0.360561848
1404.099976,-0.361658573
1404.200073,-0.362755299
1404.300049,-0.359941959
1404.400024,-0.361038685
1404.5,-0.358654499
1404.599976,-0.367094517
1404.700073,-0.360895634
1404.800049,-0.354982853
1404.900024,-0.360228062
1405,-0.360895634
1405.099976,-0.359417439
1405.200073,-0.359369755
1405.300049,-0.361277103
1405.400024,-0.35712862
1405.5,-0.360108852
1405.599976,-0.360704899
1405.700073,-0.361324787
1405.800049,-0.363947392
1405.900024,-0.359465122
1406,-0.357176304
1406.099976,-0.362183094
1406.200073,-0.362326145
1406.300049,-0.357557774
1406.400024,-0.358654499
1406.5,-0.357295513
1406.599976,-0.354506016
1406.700073,-0.358463764
1406.800049,-0.355030537
1406.900024,-0.366760731
1407,-0.364328861
1407.099976,-0.359798908
1407.200073,-0.35340929
1407.300049,-0.364090443
1407.400024,-0.368095875
1407.5,-0.35841608
1407.599976,-0.365425587
1407.700073,-0.356508732
1407.800049,-0.361277103
1407.900024,-0.362659931
1408,-0.363565922
1408.099976,-0.359703541
1408.200073,-0.361992359
1408.300049,-0.361134052
1408.400024,-0.36046648
1408.5,-0.358463764
1408.599976,-0.354601383
1408.700073,-0.355650425
1408.800049,-0.359274387
1408.900024,-0.36122942
1409,-0.359107494
1409.099976,-0.357653141
1409.200073,-0.358273029
1409.300049,-0.360645294
1409.400024,-0.363232136
1409.5,-0.363422871
1409.599976,-0.360657215
1409.700073,-0.363279819
1409.800049,-0.360704899
1409.900024,-0.364376545
1410,-0.354649067
1410.099976,-0.361563206
1410.200073,-0.365139484
1410.300049,-0.360418797
1410.400024,-0.358606815
1410.5,-0.363565922
1410.599976,-0.360132694
1410.700073,-0.361992359
1410.800049,-0.359322071
1410.900024,-0.362755299
1411,-0.360609531
1411.099976,-0.354553699
1411.200073,-0.364519596
1411.300049,-0.359798908
1411.400024,-0.360752583
1411.5,-0.355936527
1411.599976,-0.363518238
1411.700073,-0.355030537
1411.800049,-0.364328861
1411.900024,-0.360514164
1412,-0.366188526
1412.099976,-0.362183094
1412.200073,-0.361849308
1412.300049,-0.362946033
1412.400024,-0.359369755
1412.5,-0.36456728
1412.599976,-0.368381977
1412.700073,-0.357939243
1412.800049,-0.360180378
1412.900024,-0.361086369
1413,-0.364328861
1413.099976,-0.36456728
1413.200073,-0.360085011
1413.300049,-0.369526386
1413.400024,-0.36289835
1413.5,-0.370956898
1413.599976,-0.354649067
1413.700073,-0.365330219
1413.800049,-0.365568638
1413.900024,-0.358273029
1414,-0.362659931
1414.099976,-0.353170872
1414.200073,-0.365091801
1414.300049,-0.367857456
1414.400024,-0.359465122
1414.5,-0.361038685
1414.599976,-0.363041401
1414.700073,-0.364853382
1414.800049,-0.359226704
1414.900024,-0.360943317
1415,-0.363899708
1415.099976,-0.363899708
1415.200073,-0.359989643
1415.300049,-0.361944675
1415.400024,-0.37162447
1415.5,-0.372292042
1415.599976,-0.368346214
1415.700073,-0.364042759
1415.800049,-0.365425587
1415.900024,-0.357748508
1416,-0.355173588
1416.099976,-0.368238926
1416.200073,-0.362087727
1416.300049,-0.357653141
1416.400024,-0.369097233
1416.5,-0.357843876
1416.599976,-0.363947392
1416.700073,-0.35956049
1416.800049,-0.361038685
1416.900024,-0.363184452
1417,-0.369431019
1417.099976,-0.363899708
1417.200073,-0.359941959
1417.300049,-0.361515522
1417.400024,-0.367380619
1417.5,-0.350977421
1417.599976,-0.369001865
1417.700073,-0.36380434
1417.800049,-0.366713047
1417.900024,-0.367380619
1418,-0.364543438
1418.099976,-0.363756657
1418.200073,-0.364513636
1418.300049,-0.364710331
1418.400024,-0.365044117
1418.5,-0.36456728
1418.599976,-0.363708973
1418.700073,-0.361896992
1418.800049,-0.361801624
1418.900024,-0.361670494
1419,-0.363068223
1419.099976,-0.363756657
1419.200073,-0.365044117
1419.300049,-0.367189884
1419.400024,-0.364853382
1419.5,-0.368811131
1419.599976,-0.36046648
1419.700073,-0.356270313
1419.800049,-0.363995075
1419.900024,-0.361944675
1420,-0.360180378
1420.099976,-0.363017559
1420.200073,-0.366283894
1420.300049,-0.363661289
1420.400024,-0.358368397
1420.5,-0.366522312
1420.599976,-0.363232136
1420.700073,-0.360943317
1420.800049,-0.364471912
1420.900024,-0.354887486
1421,-0.360132694
1421.099976,-0.363708973
1421.200073,-0.364328861
1421.300049,-0.365950108
1421.400024,-0.359083652
1421.5,-0.364614964
1421.599976,-0.370575428
1421.700073,-0.366283894
1421.800049,-0.355030537
1421.900024,-0.363708973
1422,-0.36790514
1422.099976,-0.364805698
1422.200073,-0.364328861
1422.300049,-0.361801624
1422.400024,-0.369383335
1422.5,-0.358940601
1422.599976,-0.363375187
1422.700073,-0.363518238
1422.800049,-0.362421513
1422.900024,-0.358129978
1423,-0.371099949
1423.099976,-0.361706257
1423.200073,-0.364090443
1423.300049,-0.364042759
1423.400024,-0.363983154
1423.5,-0.3645643
1423.599976,-0.365044117
1423.700073,-0.365187168
1423.800049,-0.363041401
1423.900024,-0.359083652
1424,-0.36289835
1424.099976,-0.370670795
1424.200073,-0.365330219
1424.300049,-0.359274387
1424.400024,-0.362278461
1424.5,-0.370289326
1424.599976,-0.361753941
1424.700073,-0.368763447
1424.800049,-0.36251688
1424.900024,-0.364328861
1425,-0.361086369
1425.099976,-0.361467838
1425.200073,-0.368048191
1425.300049,-0.360180378
1425.400024,-0.36456728
1425.5,-0.360943317
1425.599976,-0.363184452
1425.700073,-0.364710331
1425.800049,-0.36046648
1425.900024,-0.363708973
1426,-0.369049549
1426.099976,-0.366474628
1426.200073,-0.365234852
1426.300049,-0.3691926
1426.400024,-0.368477345
1426.5,-0.360371113
1426.599976,-0.362469196
1426.700073,-0.363959312
1426.800049,-0.365997791
1426.900024,-0.366999149
1427,-0.363279819
1427.099976,-0.366820335
1427.200073,-0.369860172
1427.300049,-0.3671422
1427.400024,-0.363279819
1427.5,-0.359894276
1427.599976,-0.366808414
1427.700073,-0.367571354
1427.800049,-0.36957407
1427.900024,-0.362326145
1428,-0.35917902
1428.099976,-0.360108852
1428.200073,-0.361610889
1428.300049,-0.357319355
1428.400024,-0.365330219
1428.5,-0.360418797
1428.599976,-0.372387409
1428.700073,-0.363995075
1428.800049,-0.366426945
1428.900024,-0.36547327
1429,-0.366558075
1429.099976,-0.36752367
1429.200073,-0.366808414
1429.300049,-0.365807056
1429.400024,-0.365091801
1429.5,-0.363828182
1429.599976,-0.361420155
1429.700073,-0.362993717
1429.800049,-0.364996433
1429.900024,-0.365759373
1430,-0.363184452
1430.099976,-0.368477345
1430.200073,-0.371815205
1430.300049,-0.366188526
1430.400024,-0.366093159
1430.5,-0.364758015
1430.599976,-0.366474628
1430.700073,-0.370289326
1430.800049,-0.359894276
1430.900024,-0.364710331
1431,-0.368381977
1431.099976,-0.363446712
1431.200073,-0.359989643
1431.300049,-0.360704899
1431.400024,-0.364901066
1431.5,-0.366760731
1431.599976,-0.367189884
1431.700073,-0.365556717
1431.800049,-0.363708973
1431.900024,-0.36456728
1432,-0.364424229
1432.099976,-0.366760731
1432.200073,-0.364281178
1432.300049,-0.365807056
1432.400024,-0.36456728
1432.5,-0.367762089
1432.599976,-0.362421513
1432.700073,-0.368143559
1432.800049,-0.359989643
1432.900024,-0.369049549
1433,-0.365520954
1433.099976,-0.364471912
1433.200073,-0.366999149
1433.300049,-0.368334293
1433.400024,-0.358129978
1433.5,-0.365997791
1433.599976,-0.360704899
1433.700073,-0.373007298
1433.800049,-0.367666721
1433.900024,-0.36251688
1434,-0.36418581
1434.099976,-0.369240284
1434.200073,-0.365425587
1434.300049,-0.367046833
1434.400024,-0.370050907
1434.5,-0.370718479
1434.599976,-0.367595196
1434.700073,-0.363232136
1434.800049,-0.366379261
1434.900024,-0.368858814
1435,-0.367237568
1435.099976,-0.3671422
1435.200073,-0.367809772
1435.300049,-0.369550228
1435.400024,-0.372005939
1435.5,-0.371243
1435.599976,-0.369001865
1435.700073,-0.371529102
1435.800049,-0.368525028
1435.900024,-0.368429661
1436,-0.366569996
1436.099976,-0.36418581
1436.200073,-0.369097233
1436.300049,-0.365044117
1436.400024,-0.366283894
1436.5,-0.367428303
1436.599976,-0.365664005
1436.700073,-0.364233494
1436.800049,-0.364710331
1436.900024,-0.368668079
1437,-0.363995075
1437.099976,-0.37086153
1437.200073,-0.366522312
1437.300049,-0.3691926
1437.400024,-0.368095875
1437.5,-0.372196674
1437.599976,-0.364901066
1437.700073,-0.368763447
1437.800049,-0.368620396
1437.900024,-0.368095875
1438,-0.363708973
1438.099976,-0.368525028
1438.200073,-0.372864246
1438.300049,-0.367046833
1438.400024,-0.366856098
1438.5,-0.367547512
1438.599976,-0.367332935
1438.700073,-0.368954182
1438.800049,-0.368811131
1438.900024,-0.370384693
1439,-0.369132996
1439.099976,-0.366713047
1439.200073,-0.370623112
1439.300049,-0.368107796
1439.400024,-0.36790514
1439.5,-0.367189884
1439.599976,-0.370813847
1439.700073,-0.36418581
1439.800049,-0.369812489
1439.900024,-0.359322071
1440,-0.370480061
1440.099976,-0.363327503
1440.200073,-0.367952824
1440.300049,-0.368572712
1440.400024,-0.363995075
1440.5,-0.372148991
1440.599976,-0.365330219
1440.700073,-0.369049549
1440.800049,-0.367475986
1440.900024,-0.360704899
1441,-0.36623621
1441.099976,-0.374676228
1441.200073,-0.371147633
1441.300049,-0.361086369
1441.400024,-0.372816563
1441.5,-0.366188526
1441.599976,-0.361086369
1441.700073,-0.371767521
1441.800049,-0.372292042
1441.900024,-0.371934414
1442,-0.37367487
1442.099976,-0.370003223
1442.200073,-0.365568638
1442.300049,-0.366951466
1442.400024,-0.369287968
1442.5,-0.369621754
1442.599976,-0.366701126
1442.700073,-0.364614964
1442.800049,-0.363279819
1442.900024,-0.366796494
1443,-0.367237568
1443.099976,-0.365565658
1443.200073,-0.364376545
1443.300049,-0.363852024
1443.400024,-0.375582218
1443.5,-0.361134052
1443.599976,-0.371052265
1443.700073,-0.375200748
1443.800049,-0.372792721
1443.900024,-0.372864246
1444,-0.372053623
1444.099976,-0.371481419
1444.200073,-0.367285252
1444.300049,-0.373436451
1444.400024,-0.369240284
1444.5,-0.370050907
1444.599976,-0.367332935
1444.700073,-0.373102665
1444.800049,-0.370766163
1444.900024,-0.373341084
1445,-0.366569996
1445.099976,-0.370289326
1445.200073,-0.369669437
1445.300049,-0.366045475
1445.400024,-0.366665363
1445.5,-0.376059055
1445.599976,-0.365807056
1445.700073,-0.371338367
1445.800049,-0.367619038
1445.900024,-0.366093159
1446,-0.368954182
1446.099976,-0.374485493
1446.200073,-0.365091801
1446.300049,-0.367714405
1446.400024,-0.365377903
1446.5,-0.37586832
1446.599976,-0.372816563
1446.700073,-0.370229721
1446.800049,-0.365425587
1446.900024,-0.366808414
1447,-0.369204521
1447.099976,-0.372101307
1447.200073,-0.372482777
1447.300049,-0.369645596
1447.400024,-0.367666721
1447.5,-0.366331577
1447.599976,-0.367332935
1447.700073,-0.368048191
1447.800049,-0.364376545
1447.900024,-0.366999149
1448,-0.37291193
1448.099976,-0.366140842
1448.200073,-0.381494999
1448.300049,-0.365139484
1448.400024,-0.367809772
1448.5,-0.377871037
1448.599976,-0.36752367
1448.700073,-0.373436451
1448.800049,-0.367237568
1448.900024,-0.360132694
1449,-0.374008656
1449.099976,-0.366379261
1449.200073,-0.365711689
1449.300049,-0.367809772
1449.400024,-0.368143559
1449.5,-0.369431019
1449.599976,-0.372387409
1449.700073,-0.370098591
1449.800049,-0.365187168
1449.900024,-0.367809772
1450,-0.369764805
1450.099976,-0.368632317
1450.200073,-0.366760731
1450.300049,-0.370193958
1450.400024,-0.373722553
1450.5,-0.366760731
1450.599976,-0.371243
1450.700073,-0.364042759
1450.800049,-0.35789156
1450.900024,-0.365759373
1451,-0.369717121
1451.099976,-0.366522312
1451.200073,-0.36790514
1451.300049,-0.368811131
1451.400024,-0.37253046
1451.5,-0.366903782
1451.599976,-0.373484135
1451.700073,-0.370337009
1451.800049,-0.367952824
1451.900024,-0.369752884
1452,-0.370384693
1452.099976,-0.370337009
1452.200073,-0.371719837
1452.300049,-0.372447014
1452.400024,-0.373960972
1452.5,-0.373770237
1452.599976,-0.364662647
1452.700073,-0.382973194
1452.800049,-0.369240284
1452.900024,-0.379206181
1453,-0.365664005
1453.099976,-0.36661768
1453.200073,-0.367809772
1453.300049,-0.377584934
1453.400024,-0.373198032
1453.5,-0.367094517
1453.599976,-0.374676228
1453.700073,-0.367285252
1453.800049,-0.370098591
1453.900024,-0.371099949
1454,-0.368143559
1454.099976,-0.375677586
1454.200073,-0.372148991
1454.300049,-0.374533176
1454.400024,-0.368048191
1454.5,-0.369287968
1454.599976,-0.365950108
1454.700073,-0.369335651
1454.800049,-0.371481419
1454.900024,-0.375200748
1455,-0.372053623
1455.099976,-0.373209953
1455.200073,-0.372339725
1455.300049,-0.373245716
1455.400024,-0.371672153
1455.5,-0.371481419
1455.599976,-0.371195316
1455.700073,-0.369812489
1455.800049,-0.378586292
1455.900024,-0.370623112
1456,-0.375296116
1456.099976,-0.356794834
1456.200073,-0.374819279
1456.300049,-0.365950108
1456.400024,-0.37162447
1456.5,-0.367809772
1456.599976,-0.37663126
1456.700073,-0.362087727
1456.800049,-0.376154423
1456.900024,-0.370575428
1457,-0.375248432
1457.099976,-0.371481419
1457.200073,-0.369526386
1457.300049,-0.371719837
1457.400024,-0.370337009
1457.5,-0.368334293
1457.599976,-0.370241642
1457.700073,-0.373484135
1457.800049,-0.371481419
1457.900024,-0.375200748
1458,-0.364614964
1458.099976,-0.375629902
1458.200073,-0.371338367
1458.300049,-0.368095875
1458.400024,-0.365807056
1458.5,-0.367702484
1458.599976,-0.368715763
1458.700073,-0.368191242
1458.800049,-0.374914646
1458.900024,-0.376440525
1459,-0.374390125
1459.099976,-0.367762089
1459.200073,-0.370384693
1459.300049,-0.374437809
1459.400024,-0.371004581
1459.5,-0.36995554
1459.599976,-0.375534534
1459.700073,-0.369144917
1459.800049,-0.372673512
1459.900024,-0.368763447
1460,-0.371481419
1460.099976,-0.366379261
1460.200073,-0.367046833
1460.300049,-0.371576786
1460.400024,-0.364424229
1460.5,-0.371243
1460.599976,-0.376059055
1460.700073,-0.373960972
1460.800049,-0.371576786
1460.900024,-0.370611191
1461,-0.368381977
1461.099976,-0.368525028
1461.200073,-0.374676228
1461.300049,-0.372244358
1461.400024,-0.368572712
1461.5,-0.374676228
1461.599976,-0.371719837
1461.700073,-0.376011372
1461.800049,-0.366569996
1461.900024,-0.375725269
1462,-0.374533176
1462.099976,-0.375296116
1462.200073,-0.374628544
1462.300049,-0.374986172
1462.400024,-0.374342442
1462.5,-0.375677586
1462.599976,-0.375629902
1462.700073,-0.376488209
1462.800049,-0.376011372
1462.900024,-0.374807358
1463,-0.374247074
1463.099976,-0.372482777
1463.200073,-0.373054981
1463.300049,-0.371195316
1463.400024,-0.375296116
1463.5,-0.370813847
1463.599976,-0.369860172
1463.700073,-0.37086153
1463.800049,-0.371004581
1463.900024,-0.376535892
1464,-0.377155781
1464.099976,-0.371719837
1464.200073,-0.366331577
1464.300049,-0.3691926
1464.400024,-0.369764805
1464.5,-0.372768879
1464.599976,-0.372292042
1464.700073,-0.374485493
1464.800049,-0.370027065
1464.900024,-0.367666721
1465,-0.365664005
1465.099976,-0.368381977
1465.200073,-0.375820637
1465.300049,-0.361849308
1465.400024,-0.3753438
1465.5,-0.367762089
1465.599976,-0.376488209
1465.700073,-0.375772953
1465.800049,-0.372196674
1465.900024,-0.368000507
1466,-0.375582218
1466.099976,-0.372864246
1466.200073,-0.368858814
1466.300049,-0.378014088
1466.400024,-0.365616322
1466.5,-0.383974552
1466.599976,-0.362326145
1466.700073,-0.372482777
1466.800049,-0.37701273
1466.900024,-0.369431019
1467,-0.37253046
1467.099976,-0.366522312
1467.200073,-0.375534534
1467.300049,-0.368715763
1467.400024,-0.362802982
1467.5,-0.372101307
1467.599976,-0.369240284
1467.700073,-0.369478703
1467.800049,-0.367475986
1467.900024,-0.370623112
1468,-0.372482777
1468.099976,-0.373054981
1468.200073,-0.370205879
1468.300049,-0.369097233
1468.400024,-0.366188526
1468.5,-0.3707304
1468.599976,-0.372816563
1468.700073,-0.374819279
1468.800049,-0.368429661
1468.900024,-0.373960972
1469,-0.370527744
1469.099976,-0.368238926
1469.200073,-0.375725269
1469.300049,-0.381304264
1469.400024,-0.372625828
1469.5,-0.379778385
1469.599976,-0.371147633
1469.700073,-0.372482777
1469.800049,-0.368763447
1469.900024,-0.36995554
1470,-0.371040344
1470.099976,-0.37291193
1470.200073,-0.37253046
1470.300049,-0.376202106
1470.400024,-0.36547327
1470.5,-0.371243
1470.599976,-0.376106739
1470.700073,-0.379730701
1470.800049,-0.373102665
1470.900024,-0.368238926
1471,-0.374151707
1471.099976,-0.379396915
1471.200073,-0.370050907
1471.300049,-0.368763447
1471.400024,-0.371243
1471.5,-0.372578144
1471.599976,-0.369991302
1471.700073,-0.367714405
1471.800049,-0.368429661
1471.900024,-0.372292042
1472,-0.375820637
1472.099976,-0.373865604
1472.200073,-0.374676228
1472.300049,-0.372721195
1472.400024,-0.377394199
1472.5,-0.379444599
1472.599976,-0.373007298
1472.700073,-0.374247074
1472.800049,-0.379349232
1472.900024,-0.376583576
1473,-0.367571354
1473.099976,-0.369144917
1473.200073,-0.370182037
1473.300049,-0.373484135
1473.400024,-0.370527744
1473.5,-0.375105381
1473.599976,-0.371052265
1473.700073,-0.381781101
1473.800049,-0.378204823
1473.900024,-0.373579502
1474,-0.369335651
1474.099976,-0.376059055
1474.200073,-0.377537251
1474.300049,-0.366856098
1474.400024,-0.36957407
1474.5,-0.371636391
1474.599976,-0.371782422
1474.700073,-0.372387409
1474.800049,-0.373531818
1474.900024,-0.374866962
1475,-0.373865604
1475.099976,-0.374866962
1475.200073,-0.373388767
1475.300049,-0.373436451
1475.400024,-0.379635334
1475.5,-0.377298832
1475.599976,-0.384308338
1475.700073,-0.378991604
1475.800049,-0.377298832
1475.900024,-0.377060413
1476,-0.378443241
1476.099976,-0.373245716
1476.200073,-0.387789249
1476.300049,-0.375677586
1476.400024,-0.378967762
1476.5,-0.378347874
1476.599976,-0.375391483
1476.700073,-0.377298832
1476.800049,-0.372625828
1476.900024,-0.380207539
1477,-0.373436451
1477.099976,-0.369431019
1477.200073,-0.372816563
1477.300049,-0.379635334
1477.400024,-0.3732934
1477.5,-0.380159855
1477.599976,-0.368095875
1477.700073,-0.382448673
1477.800049,-0.366569996
1477.900024,-0.374390125
1478,-0.37624979
1478.099976,-0.370575428
1478.200073,-0.378443241
1478.300049,-0.371576786
1478.400024,-0.381542683
1478.5,-0.370098591
1478.599976,-0.371243
1478.700073,-0.374247074
1478.800049,-0.377680302
1478.900024,-0.373770237
1479,-0.375725269
1479.099976,-0.373722553
1479.200073,-0.377584934
1479.300049,-0.37367487
1479.400024,-0.375439167
1479.5,-0.375546455
1479.599976,-0.377134919
1479.700073,-0.378157139
1479.800049,-0.379396915
1479.900024,-0.37458086
1480,-0.372673512
1480.099976,-0.378443241
1480.200073,-0.376106739
1480.300049,-0.366951466
1480.400024,-0.373150349
1480.5,-0.370050907
1480.599976,-0.372721195
1480.700073,-0.375248432
1480.800049,-0.372566223
1480.900024,-0.371290684
1481,-0.371004581
1481.099976,-0.372435093
1481.200073,-0.379492283
1481.300049,-0.376392841
1481.400024,-0.370432377
1481.5,-0.37791872
1481.599976,-0.375439167
1481.700073,-0.372482777
1481.800049,-0.372578144
1481.900024,-0.377060413
1482,-0.383831501
1482.099976,-0.378347874
1482.200073,-0.373245716
1482.300049,-0.373960972
1482.400024,-0.371469498
1482.5,-0.368334293
1482.599976,-0.370337009
1482.700073,-0.371958256
1482.800049,-0.367094517
1482.900024,-0.371481419
1483,-0.370193958
1483.099976,-0.373341084
1483.200073,-0.380493641
1483.300049,-0.382782459
1483.400024,-0.375105381
1483.5,-0.370909214
1483.599976,-0.372721195
1483.700073,-0.371290684
1483.800049,-0.376535892
1483.900024,-0.381304264
1484,-0.374056339
1484.099976,-0.377823353
1484.200073,-0.372959614
1484.300049,-0.379683018
1484.400024,-0.371576786
1484.5,-0.376535892
1484.599976,-0.379683018
1484.700073,-0.376345158
1484.800049,-0.371529102
1484.900024,-0.373198032
1485,-0.3753438
1485.099976,-0.376011372
1485.200073,-0.378622055
1485.300049,-0.380970478
1485.400024,-0.376449466
1485.5,-0.373627186
1485.599976,-0.372578144
1485.700073,-0.375391483
1485.800049,-0.376297474
1485.900024,-0.373460293
1486,-0.369049549
1486.099976,-0.373102665
1486.200073,-0.376726627
1486.300049,-0.373436451
1486.400024,-0.372292042
1486.5,-0.372387409
1486.599976,-0.376869678
1486.700073,-0.377823353
1486.800049,-0.376917362
1486.900024,-0.374628544
1487,-0.373484135
1487.099976,-0.375534534
1487.200073,-0.368858814
1487.300049,-0.375629902
1487.400024,-0.384546757
1487.5,-0.370193958
1487.599976,-0.372482777
1487.700073,-0.37586832
1487.800049,-0.369764805
1487.900024,-0.37958765
1488,-0.371147633
1488.099976,-0.379492283
1488.200073,-0.376965046
1488.300049,-0.375200748
1488.400024,-0.375391483
1488.5,-0.375296116
1488.599976,-0.380636692
1488.700073,-0.378967762
1488.800049,-0.372196674
1488.900024,-0.368477345
1489,-0.376488209
1489.099976,-0.367666721
1489.200073,-0.381685734
1489.300049,-0.379349232
1489.400024,-0.37791872
1489.5,-0.382782459
1489.599976,-0.372053623
1489.700073,-0.376202106
1489.800049,-0.375248432
1489.900024,-0.377871037
1490,-0.37419939
1490.099976,-0.379539967
1490.200073,-0.366760731
1490.300049,-0.375200748
1490.400024,-0.377537251
1490.5,-0.382877827
1490.599976,-0.369621754
1490.700073,-0.376011372
1490.800049,-0.38035059
1490.900024,-0.379539967
1491,-0.380302906
1491.099976,-0.378228664
1491.200073,-0.376726627
1491.300049,-0.376345158
1491.400024,-0.376678944
1491.5,-0.380445957
1491.599976,-0.375534534
1491.700073,-0.380875111
1491.800049,-0.377632618
1491.900024,-0.373054981
1492,-0.377632618
1492.099976,-0.379110813
1492.200073,-0.366569996
1492.300049,-0.378252506
1492.400024,-0.371481419
1492.5,-0.382448673
1492.599976,-0.376678944
1492.700073,-0.37624979
1492.800049,-0.380255222
1492.900024,-0.37996912
1493,-0.378538609
1493.099976,-0.378931999
1493.200073,-0.378824711
1493.300049,-0.378395557
1493.400024,-0.377251148
1493.5,-0.377108097
1493.599976,-0.377537251
1493.700073,-0.376297474
1493.800049,-0.378443241
1493.900024,-0.374533176
1494,-0.380159855
1494.099976,-0.375677586
1494.200073,-0.37458086
1494.300049,-0.375522614
1494.400024,-0.375105381
1494.5,-0.376726627
1494.599976,-0.380159855
1494.700073,-0.374294758
1494.800049,-0.378443241
1494.900024,-0.376488209
1495,-0.382067204
1495.099976,-0.374771595
1495.200073,-0.377775669
1495.300049,-0.383831501
1495.400024,-0.382830143
1495.5,-0.37458086
1495.599976,-0.379921436
1495.700073,-0.372148991
1495.800049,-0.378014088
1495.900024,-0.376297474
1496,-0.375725269
1496.099976,-0.375725269
1496.200073,-0.386740208
1496.300049,-0.368334293
1496.400024,-0.376917362
1496.5,-0.370432377
1496.599976,-0.380732059
1496.700073,-0.382973194
1496.800049,-0.377823353
1496.900024,-0.37496233
1497,-0.375820637
1497.099976,-0.381351948
1497.200073,-0.377155781
1497.300049,-0.38201952
1497.400024,-0.373722553
1497.5,-0.378490925
1497.599976,-0.384117603
1497.700073,-0.385166645
1497.800049,-0.37830019
1497.900024,-0.375439167
1498,-0.379492283
1498.099976,-0.376106739
1498.200073,-0.376678944
1498.300049,-0.378443241
1498.400024,-0.379778385
1498.5,-0.38240099
1498.599976,-0.379373074
1498.700073,-0.377680302
1498.800049,-0.377632618
1498.900024,-0.373150349
1499,-0.377727985
1499.099976,-0.373722553
1499.200073,-0.384499073
1499.300049,-0.379778385
1499.400024,-0.377203465
1499.5,-0.383926868
1499.599976,-0.37791872
1499.700073,-0.373960972
1499.800049,-0.379635334
1499.900024,-0.37830019
1500,-0.382782459
1500.099976,-0.378729343
1500.200073,-0.38240099
1500.300049,-0.37586832
1500.400024,-0.378967762
1500.5,-0.384356022
1500.599976,-0.373865604
1500.700073,-0.378061771
1500.800049,-0.382639408
1500.900024,-0.381065845
1501,-0.379158497
1501.099976,-0.378061771
1501.200073,-0.378061771
1501.300049,-0.377966404
1501.400024,-0.377060413
1501.5,-0.380159855
1501.599976,-0.377775669
1501.700073,-0.378538609
1501.800049,-0.381590366
1501.900024,-0.373484135
1502,-0.380064487
1502.099976,-0.425983906
1502.200073,-0.426603794
1502.300049,-0.426889896
1502.400024,-0.420452595
1502.5,-0.42693758
1502.599976,-0.413395405
1502.700073,-0.421978474
1502.800049,-0.423933506
1502.900024,-0.426746845
1503,-0.420500278
1503.099976,-0.42231226
1503.200073,-0.417877674
1503.300049,-0.417782307
1503.400024,-0.412298679
1503.5,-0.426842213
1503.599976,-0.420500278
1503.700073,-0.419546604
1503.800049,-0.418831348
1503.900024,-0.41654253
1504,-0.418735981
1504.099976,-0.422073841
1504.200073,-0.418402195
1504.300049,-0.425459385
1504.400024,-0.418640614
1504.5,-0.427128315
1504.599976,-0.426317692
1504.700073,-0.422741413
1504.800049,-0.41782999
1504.900024,-0.419689655
1505,-0.417925358
1505.099976,-0.43194437
1505.200073,-0.415112019
1505.300049,-0.425983906
1505.400024,-0.418354511
1505.5,-0.419117451
1505.599976,-0.419832706
1505.700073,-0.420631409
1505.800049,-0.419689655
1505.900024,-0.423885822
1506,-0.420786381
1506.099976,-0.416924
1506.200073,-0.418306828
1506.300049,-0.417984962
1506.400024,-0.420118809
1506.5,-0.416590214
1506.599976,-0.42026186
1506.700073,-0.418402195
1506.800049,-0.424696445
1506.900024,-0.417162418
1507,-0.426270008
1507.099976,-0.424791813
1507.200073,-0.418879032
1507.300049,-0.418163776
1507.400024,-0.417639256
1507.5,-0.420738697
1507.599976,-0.422121525
1507.700073,-0.421215534
1507.800049,-0.427175999
1507.900024,-0.42551899
1508,-0.426985264
1508.099976,-0.426699162
1508.200073,-0.41988039
1508.300049,-0.414396763
1508.400024,-0.416828632
1508.5,-0.4189744
1508.599976,-0.423361301
1508.700073,-0.418545246
1508.800049,-0.419737339
1508.900024,-0.420738697
1509,-0.421215534
1509.099976,-0.423456669
1509.200073,-0.426651478
1509.300049,-0.418783665
1509.400024,-0.424458027
1509.5,-0.428177357
1509.599976,-0.422550678
1509.700073,-0.420929432
1509.800049,-0.415493488
1509.900024,-0.41616106
1510,-0.417651176
1510.099976,-0.417067051
1510.200073,-0.421883106
1510.300049,-0.423170567
1510.400024,-0.421787739
1510.5,-0.419546604
1510.599976,-0.410963535
1510.700073,-0.423456669
1510.800049,-0.414825916
1510.900024,-0.419737339
1511,-0.427795887
1511.099976,-0.417162418
1511.200073,-0.422550678
1511.300049,-0.419832706
1511.400024,-0.421501637
1511.5,-0.422216892
1511.599976,-0.424791813
1511.700073,-0.427652836
1511.800049,-0.427795887
1511.900024,-0.420071125
1512,-0.424791813
1512.099976,-0.418545246
1512.200073,-0.420071125
1512.300049,-0.426365376
1512.400024,-0.423575878
1512.5,-0.423933506
1512.599976,-0.423933506
1512.700073,-0.425697803
1512.800049,-0.421740055
1512.900024,-0.415541172
1513,-0.418116093
1513.099976,-0.412203312
1513.200073,-0.418879032
1513.300049,-0.421835423
1513.400024,-0.425173283
1513.5,-0.420071125
1513.599976,-0.413681507
1513.700073,-0.422741413
1513.800049,-0.42488718
1513.900024,-0.423838139
1514,-0.421024799
1514.099976,-0.421644688
1514.200073,-0.423122883
1514.300049,-0.425888538
1514.400024,-0.428320408
1514.5,-0.423742771
1514.599976,-0.420023441
1514.700073,-0.424601078
1514.800049,-0.419022083
1514.900024,-0.417973042
1515,-0.421144009
1515.099976,-0.42359972
1515.200073,-0.42398119
1515.300049,-0.42154932
1515.400024,-0.428701878
1515.5,-0.421263218
1515.599976,-0.424219608
1515.700073,-0.425936222
1515.800049,-0.423361301
1515.900024,-0.419975758
1516,-0.422741413
1516.099976,-0.415827274
1516.200073,-0.42154932
1516.300049,-0.428654194
1516.400024,-0.422216892
1516.5,-0.423885822
1516.599976,-0.423933506
1516.700073,-0.422002316
1516.800049,-0.420547962
1516.900024,-0.419641972
1517,-0.421847343
1517.099976,-0.422073841
1517.200073,-0.425125599
1517.300049,-0.416685581
1517.400024,-0.426699162
1517.5,-0.420881748
1517.599976,-0.426889896
1517.700073,-0.422502995
1517.800049,-0.421740055
1517.900024,-0.423742771
1518,-0.416971684
1518.099976,-0.426126957
1518.200073,-0.422979832
1518.300049,-0.427462101
1518.400024,-0.424219608
1518.5,-0.421835423
1518.599976,-0.422932148
1518.700073,-0.422836781
1518.800049,-0.422884464
1518.900024,-0.420977116
1519,-0.41988039
1519.099976,-0.421692371
1519.200073,-0.426985264
1519.300049,-0.425220966
1519.400024,-0.421263218
1519.5,-0.425793171
1519.599976,-0.429274082
1519.700073,-0.419165134
1519.800049,-0.432182789
1519.900024,-0.425697803
1520,-0.425030231
1520.099976,-0.424028873
1520.200073,-0.420834064
1520.300049,-0.41821146
1520.400024,-0.416065693
1520.5,-0.422550678
1520.599976,-0.427795887
1520.700073,-0.428129673
1520.800049,-0.424410343
1520.900024,-0.424505711
1521,-0.424076557
1521.099976,-0.422073841
1521.200073,-0.424219608
1521.300049,-0.423492432
1521.400024,-0.423122883
1521.5,-0.424553394
1521.599976,-0.422431469
1521.700073,-0.422646046
1521.800049,-0.419403553
1521.900024,-0.424028873
1522,-0.417925358
1522.099976,-0.422216892
1522.200073,-0.420309544
1522.300049,-0.425507069
1522.400024,-0.42026186
1522.5,-0.426365376
1522.599976,-0.421978474
1522.700073,-0.419785023
1522.800049,-0.423492432
1522.900024,-0.426079273
1523,-0.426126957
1523.099976,-0.421883106
1523.200073,-0.420929432
1523.300049,-0.422920227
1523.400024,-0.425220966
1523.5,-0.423647404
1523.599976,-0.425459385
1523.700073,-0.425840855
1523.800049,-0.424696445
1523.900024,-0.426746845
1524,-0.426079273
1524.099976,-0.424195766
1524.200073,-0.422455311
1524.300049,-0.421501637
1524.400024,-0.419737339
1524.5,-0.412918568
1524.599976,-0.422026157
1524.700073,-0.42770052
1524.800049,-0.427748203
1524.900024,-0.426365376
1525,-0.422502995
1525.099976,-0.425077915
1525.200073,-0.424076557
1525.300049,-0.426079273
1525.400024,-0.417639256
1525.5,-0.42731905
1525.599976,-0.419069767
1525.700073,-0.427605152
1525.800049,-0.422789097
1525.900024,-0.422121525
1526,-0.422264576
1526.099976,-0.425173283
1526.200073,-0.418259144
1526.300049,-0.424553394
1526.400024,-0.43027544
1526.5,-0.422646046
1526.599976,-0.427795887
1526.700073,-0.427557468
1526.800049,-0.421883106
1526.900024,-0.424219608
1527,-0.417019367
1527.099976,-0.42655611
1527.200073,-0.423885822
1527.300049,-0.424553394
1527.400024,-0.426234245
1527.5,-0.42822504
1527.599976,-0.428272724
1527.700073,-0.425173283
1527.800049,-0.423170567
1527.900024,-0.419641972
1528,-0.429989338
1528.099976,-0.423504353
1528.200073,-0.416828632
1528.300049,-0.421597004
1528.400024,-0.422836781
1528.5,-0.423361301
1528.599976,-0.424219608
1528.700073,-0.424791813
1528.800049,-0.424160004
1528.900024,-0.423170567
1529,-0.424458027
1529.099976,-0.42731905
1529.200073,-0.422359943
1529.300049,-0.420452595
1529.400024,-0.422598362
1529.5,-0.422169209
1529.599976,-0.43232584
1529.700073,-0.417019367
1529.800049,-0.425411701
1529.900024,-0.428558826
1530,-0.419832706
1530.099976,-0.420452595
1530.200073,-0.422121525
1530.300049,-0.427986622
1530.400024,-0.426174641
1530.5,-0.421501637
1530.599976,-0.424839497
1530.700073,-0.422646046
1530.800049,-0.42565012
1530.900024,-0.428320408
1531,-0.425793171
1531.099976,-0.428081989
1531.200073,-0.42398119
1531.300049,-0.426460743
1531.400024,-0.426317692
1531.5,-0.427605152
1531.599976,-0.427175999
1531.700073,-0.427938938
1531.800049,-0.426842213
1531.900024,-0.420452595
1532,-0.421597004
1532.099976,-0.422777176
1532.200073,-0.425125599
1532.300049,-0.423933506
1532.400024,-0.419260502
1532.5,-0.425077915
1532.599976,-0.430227757
1532.700073,-0.421358585
1532.800049,-0.417591572
1532.900024,-0.425173283
1533,-0.425125599
1533.099976,-0.423933506
1533.200073,-0.425030231
1533.300049,-0.422646046
1533.400024,-0.419928074
1533.5,-0.42193079
1533.599976,-0.426317692
1533.700073,-0.432039738
1533.800049,-0.425364017
1533.900024,-0.42898798
1534,-0.424791813
1534.099976,-0.422455311
1534.200073,-0.425030231
1534.300049,-0.422026157
1534.400024,-0.421692371
1534.5,-0.422860622
1534.599976,-0.424410343
1534.700073,-0.423313618
1534.800049,-0.424362659
1534.900024,-0.425125599
1535,-0.424601078
1535.099976,-0.424219608
1535.200073,-0.427986622
1535.300049,-0.429798603
1535.400024,-0.430025101
1535.5,-0.431181431
1535.599976,-0.431133747
1535.700073,-0.427080631
1535.800049,-0.424648762
1535.900024,-0.427295208
1536,-0.42693758
1536.099976,-0.426407099
1536.200073,-0.426413059
1536.300049,-0.424982548
1536.400024,-0.42154932
1536.5,-0.422836781
1536.599976,-0.421310902
1536.700073,-0.423504353
1536.800049,-0.427557468
1536.900024,-0.42989397
1537,-0.429417133
1537.099976,-0.430704594
1537.200073,-0.425507069
1537.300049,-0.429750919
1537.400024,-0.420118809
1537.5,-0.424696445
1537.599976,-0.425077915
1537.700073,-0.426794529
1537.800049,-0.429464817
1537.900024,-0.427938938
1538,-0.429464817
1538.099976,-0.42231226
1538.200073,-0.425936222
1538.300049,-0.43437624
1538.400024,-0.420214176
1538.5,-0.426174641
1538.599976,-0.426126957
1538.700073,-0.424708366
1538.800049,-0.425030231
1538.900024,-0.421501637
1539,-0.419403553
1539.099976,-0.420166492
1539.200073,-0.424839497
1539.300049,-0.424601078
1539.400024,-0.42333746
1539.5,-0.42231226
1539.599976,-0.421597004
1539.700073,-0.427414417
1539.800049,-0.41859293
1539.900024,-0.42770052
1540,-0.42488718
1540.099976,-0.430752277
1540.200073,-0.426746845
1540.300049,-0.422359943
1540.400024,-0.429083347
1540.5,-0.424553394
1540.599976,-0.41821146
1540.700073,-0.42359972
1540.800049,-0.43528223
1540.900024,-0.416399479
1541,-0.428272724
1541.099976,-0.428844929
1541.200073,-0.416876316
1541.300049,-0.418688297
1541.400024,-0.427557468
1541.5,-0.426365376
1541.599976,-0.42898798
1541.700073,-0.427414417
1541.800049,-0.42693758
1541.900024,-0.435949802
1542,-0.417400837
1542.099976,-0.424934864
1542.200073,-0.429512501
1542.300049,-0.425125599
1542.400024,-0.433327198
1542.5,-0.431562901
1542.599976,-0.430323124
1542.700073,-0.423885822
1542.800049,-0.434423923
1542.900024,-0.429655552
1543,-0.426746845
1543.099976,-0.430561543
1543.200073,-0.423647404
1543.300049,-0.419975758
1543.400024,-0.431992054
1543.5,-0.428558826
1543.599976,-0.431777477
1543.700073,-0.432135105
1543.800049,-0.434423923
1543.900024,-0.430561543
1544,-0.428081989
1544.099976,-0.427605152
1544.200073,-0.426746845
1544.300049,-0.423122883
1544.400024,-0.430323124
1544.5,-0.436331272
1544.599976,-0.427938938
1544.700073,-0.424505711
1544.800049,-0.425507069
1544.900024,-0.43437624
1545,-0.423838139
1545.099976,-0.428797245
1545.200073,-0.421501637
1545.300049,-0.425364017
1545.400024,-0.42822504
1545.5,-0.430132389
1545.599976,-0.421597004
1545.700073,-0.434662342
1545.800049,-0.429464817
1545.900024,-0.418783665
1546,-0.428368092
1546.099976,-0.432993412
1546.200073,-0.431181431
1546.300049,-0.43103838
1546.400024,-0.430156231
1546.5,-0.428034306
1546.599976,-0.430370808
1546.700073,-0.433470249
1546.800049,-0.427175999
1546.900024,-0.430227757
1547,-0.430323124
1547.099976,-0.430895329
1547.200073,-0.431229115
1547.300049,-0.426317692
1547.400024,-0.432039738
1547.5,-0.425316334
1547.599976,-0.430466175
1547.700073,-0.434614658
1547.800049,-0.421120167
1547.900024,-0.424410343
1548,-0.426460743
1548.099976,-0.423361301
1548.200073,-0.428463459
1548.300049,-0.426270008
1548.400024,-0.42565012
1548.5,-0.42847538
1548.599976,-0.431515217
1548.700073,-0.430466175
1548.800049,-0.433184147
1548.900024,-0.429131031
1549,-0.426460743
1549.099976,-0.429417133
1549.200073,-0.42822504
1549.300049,-0.428320408
1549.400024,-0.428833008
1549.5,-0.429560184
1549.599976,-0.429226398
1549.700073,-0.429941654
1549.800049,-0.431896687
1549.900024,-0.429083347
1550,-0.423122883
1550.099976,-0.42655611
1550.200073,-0.428749561
1550.300049,-0.428654194
1550.400024,-0.429131031
1550.5,-0.430323124
1550.599976,-0.428797245
1550.700073,-0.423647404
1550.800049,-0.422979832
1550.900024,-0.425423622
1551,-0.429131031
1551.099976,-0.425936222
1551.200073,-0.432564259
1551.300049,-0.419928074
1551.400024,-0.427795887
1551.5,-0.431610584
1551.599976,-0.434805393
1551.700073,-0.431515217
1551.800049,-0.424362659
1551.900024,-0.42565012
1552,-0.422646046
1552.099976,-0.426174641
1552.200073,-0.427652836
1552.300049,-0.429786682
1552.400024,-0.432564259
1552.5,-0.432754993
1552.599976,-0.427986622
1552.700073,-0.427605152
1552.800049,-0.424314976
1552.900024,-0.430895329
1553,-0.423122883
1553.099976,-0.434042454
1553.200073,-0.430466175
1553.300049,-0.433124542
1553.400024,-0.433374882
1553.5,-0.434614658
1553.599976,-0.428177357
1553.700073,-0.435139179
1553.800049,-0.426413059
1553.900024,-0.431229115
1554,-0.421835423
1554.099976,-0.425793171
1554.200073,-0.436378956
1554.300049,-0.424934864
1554.400024,-0.437284946
1554.5,-0.425936222
1554.599976,-0.430418491
1554.700073,-0.4356637
1554.800049,-0.430084705
1554.900024,-0.430132389
1555,-0.432945848
1555.099976,-0.437714577
1555.200073,-0.433851719
1555.300049,-0.433053136
1555.400024,-0.43194738
1555.5,-0.430418491
1555.599976,-0.430466175
1555.700073,-0.430621147
1555.800049,-0.431896687
1555.900024,-0.429703236
1556,-0.426603794
1556.099976,-0.426270008
1556.200073,-0.431515217
1556.300049,-0.431086063
1556.400024,-0.433899403
1556.5,-0.424458027
1556.599976,-0.429464817
1556.700073,-0.432468891
1556.800049,-0.423456669
1556.900024,-0.428129673
1557,-0.433517933
1557.099976,-0.429989338
1557.200073,-0.431753635
1557.300049,-0.432993412
1557.400024,-0.430513859
1557.5,-0.427652836
1557.599976,-0.424601078
1557.700073,-0.434233189
1557.800049,-0.424505711
1557.900024,-0.428272724
1558,-0.432611942
1558.099976,-0.427414417
1558.200073,-0.429917812
1558.300049,-0.429607868
1558.400024,-0.430037022
1558.5,-0.432850361
1558.599976,-0.429572105
1558.700073,-0.427891254
1558.800049,-0.427509785
1558.900024,-0.428654194
1559,-0.4356637
1559.099976,-0.425745487
1559.200073,-0.431181431
1559.300049,-0.430180073
1559.400024,-0.427605152
1559.5,-0.424505711
1559.599976,-0.424410343
1559.700073,-0.429798603
1559.800049,-0.4336133
1559.900024,-0.428761482
1560,-0.425602436
1560.099976,-0.42603159
1560.200073,-0.426699162
1560.300049,-0.42822504
1560.400024,-0.42693758
1560.5,-0.430895329
1560.599976,-0.424553394
1560.700073,-0.432468891
1560.800049,-0.433565617
1560.900024,-0.428034306
1561,-0.434853077
1561.099976,-0.423885822
1561.200073,-0.428463459
1561.300049,-0.428701878
1561.400024,-0.427557468
1561.5,-0.430513859
1561.599976,-0.424744129
1561.700073,-0.439574242
1561.800049,-0.432754993
1561.900024,-0.429703236
1562,-0.433565617
1562.099976,-0.42770052
1562.200073,-0.425840855
1562.300049,-0.421835423
1562.400024,-0.427354813
1562.5,-0.431801319
1562.599976,-0.429941654
1562.700073,-0.43335104
1562.800049,-0.435711384
1562.900024,-0.435949802
1563,-0.430704594
1563.099976,-0.42822504
1563.200073,-0.423504353
1563.300049,-0.431610584
1563.400024,-0.42822504
1563.5,-0.431658268
1563.599976,-0.424267292
1563.700073,-0.429846287
1563.800049,-0.432230473
1563.900024,-0.428320408
1564,-0.434042454
1564.099976,-0.436665058
1564.200073,-0.435186863
1564.300049,-0.431419849
1564.400024,-0.437284946
1564.5,-0.431324482
1564.599976,-0.431086063
1564.700073,-0.429989338
1564.800049,-0.42936945
1564.900024,-0.434233189
1565,-0.432993412
1565.099976,-0.433386803
1565.200073,-0.432850361
1565.300049,-0.433470249
1565.400024,-0.431849003
1565.5,-0.431467533
1565.599976,-0.431229115
1565.700073,-0.432659626
1565.800049,-0.432135105
1565.900024,-0.429214478
1566,-0.42655611
1566.099976,-0.425507069
1566.200073,-0.428523064
1566.300049,-0.430323124
1566.400024,-0.431705952
1566.5,-0.430704594
1566.599976,-0.430132389
1566.700073,-0.427736282
1566.800049,-0.425888538
1566.900024,-0.424219608
1567,-0.426317692
1567.099976,-0.431229115
1567.200073,-0.430370808
1567.300049,-0.431515217
1567.400024,-0.43475771
1567.5,-0.43437624
1567.599976,-0.436092854
1567.700073,-0.430799961
1567.800049,-0.432516575
1567.900024,-0.429083347
1568,-0.431419849
1568.099976,-0.42936945
1568.200073,-0.431086063
1568.300049,-0.436998844
1568.400024,-0.43642664
1568.5,-0.432945728
1568.599976,-0.429417133
1568.700073,-0.428940296
1568.800049,-0.426889896
1568.900024,-0.437237263
1569,-0.431467533
1569.099976,-0.434662342
1569.200073,-0.42565012
1569.300049,-0.4336133
1569.400024,-0.428129673
1569.5,-0.433458328
1569.599976,-0.434805393
1569.700073,-0.437284946
1569.800049,-0.437380314
1569.900024,-0.433827877
1570,-0.429417133
1570.099976,-0.431229115
1570.200073,-0.431133747
1570.300049,-0.432135105
1570.400024,-0.431753635
1570.5,-0.430180073
1570.599976,-0.428868771
1570.700073,-0.426651478
1570.800049,-0.426889896
1570.900024,-0.43103838
1571,-0.427509785
1571.099976,-0.43194437
1571.200073,-0.432421207
1571.300049,-0.438668251
1571.400024,-0.431229115
1571.5,-0.425983906
1571.599976,-0.430370808
1571.700073,-0.436140537
1571.800049,-0.431419849
1571.900024,-0.427128315
1572,-0.429846287
1572.099976,-0.438334465
1572.200073,-0.429655552
1572.300049,-0.43890667
1572.400024,-0.427557468
1572.5,-0.432993412
1572.599976,-0.433816075
1572.700073,-0.438096046
1572.800049,-0.436617374
1572.900024,-0.434710145
1573,-0.431705952
1573.099976,-0.432421207
1573.200073,-0.428654194
1573.300049,-0.429703236
1573.400024,-0.431288719
1573.5,-0.433374882
1573.599976,-0.433422565
1573.700073,-0.435329914
1573.800049,-0.431372166
1573.900024,-0.43399477
1574,-0.426126957
1574.099976,-0.428511143
1574.200073,-0.432802677
1574.300049,-0.428415775
1574.400024,-0.440289497
1574.5,-0.436665058
1574.599976,-0.431324482
1574.700073,-0.42822504
1574.800049,-0.434233189
1574.900024,-0.432611942
1575,-0.432898045
1575.099976,-0.431419849
1575.200073,-0.4336133
1575.300049,-0.430704594
1575.400024,-0.431801319
1575.5,-0.432731152
1575.599976,-0.434805393
1575.700073,-0.4336133
1575.800049,-0.434710026
1575.900024,-0.430180073
1576,-0.444104195
1576.099976,-0.426317692
1576.200073,-0.431086063
1576.300049,-0.434471607
1576.400024,-0.431372166
1576.5,-0.432087421
1576.599976,-0.435234547
1576.700073,-0.438954353
1576.800049,-0.436808109
1576.900024,-0.436140537
1577,-0.431896687
1577.099976,-0.437619209
1577.200073,-0.433994889
1577.300049,-0.4336133
1577.400024,-0.432850361
1577.5,-0.435234547
1577.599976,-0.439955711
1577.700073,-0.439908028
1577.800049,-0.436605692
1577.900024,-0.432421207
1578,-0.434137821
1578.099976,-0.430990696
1578.200073,-0.434137821
1578.300049,-0.438048363
1578.400024,-0.437189579
1578.5,-0.432254434
1578.599976,-0.426413059
1578.700073,-0.427366734
1578.800049,-0.430156231
1578.900024,-0.433231831
1579,-0.4336133
1579.099976,-0.436712742
1579.200073,-0.435043812
1579.300049,-0.437940836
1579.400024,-0.441100121
1579.5,-0.43890667
1579.599976,-0.434137821
1579.700073,-0.433708668
1579.800049,-0.432039738
1579.900024,-0.432898045
1580,-0.431610584
1580.099976,-0.4336133
1580.200073,-0.437809944
1580.300049,-0.431419849
1580.400024,-0.434662342
1580.5,-0.434423923
1580.599976,-0.432039738
1580.700073,-0.428797245
1580.800049,-0.434423923
1580.900024,-0.435806751
1581,-0.434662342
1581.099976,-0.432671547
1581.200073,-0.428797245
1581.300049,-0.431419849
1581.400024,-0.433517933
1581.5,-0.439764977
1581.599976,-0.440146446
1581.700073,-0.429417133
1581.800049,-0.429703236
1581.900024,-0.435711384
1582,-0.428701878
1582.099976,-0.437380314
1582.200073,-0.437523842
1582.300049,-0.436235905
1582.400024,-0.435377598
1582.5,-0.431276798
1582.599976,-0.435568333
1582.700073,-0.430752277
1582.800049,-0.430752277
1582.900024,-0.428558826
1583,-0.435949802
1583.099976,-0.430561543
1583.200073,-0.436665058
1583.300049,-0.436474323
1583.400024,-0.434805393
1583.5,-0.434566975
1583.599976,-0.433303356
1583.700073,-0.430990696
1583.800049,-0.432850361
1583.900024,-0.435186863
1584,-0.437380314
1584.099976,-0.426985264
1584.200073,-0.430180073
1584.300049,-0.441195488
1584.400024,-0.426842213
1584.5,-0.437714577
1584.599976,-0.433184147
1584.700073,-0.432564259
1584.800049,-0.438286781
1584.900024,-0.431992054
1585,-0.437857628
1585.099976,-0.431324482
1585.200073,-0.444437981
1585.300049,-0.438334465
1585.400024,-0.434519291
1585.5,-0.436760426
1585.599976,-0.435329914
1585.700073,-0.433708668
1585.800049,-0.433279514
1585.900024,-0.434793472
1586,-0.437284946
1586.099976,-0.434900761
1586.200073,-0.440718651
1586.300049,-0.436665058
1586.400024,-0.440003395
1586.5,-0.427891254
1586.599976,-0.429464817
1586.700073,-0.431276798
1586.800049,-0.4336133
1586.900024,-0.43528223
1587,-0.439764977
1587.099976,-0.43232584
1587.200073,-0.435472965
1587.300049,-0.438286781
1587.400024,-0.432802677
1587.5,-0.433708668
1587.599976,-0.437475681
1587.700073,-0.434614658
1587.800049,-0.436677098
1587.900024,-0.438668251
1588,-0.435949802
1588.099976,-0.437380314
1588.200073,-0.442625999
1588.300049,-0.432087421
1588.400024,-0.441004753
1588.5,-0.432135105
1588.599976,-0.43776226
1588.700073,-0.420166492
1588.800049,-0.432945728
1588.900024,-0.441910744
1589,-0.432611942
1589.099976,-0.434614658
1589.200073,-0.43604517
1589.300049,-0.434829235
1589.400024,-0.435520649
1589.5,-0.433136463
1589.599976,-0.43981266
1589.700073,-0.43528223
1589.800049,-0.433517933
1589.900024,-0.434984207
1590,-0.435711384
1590.099976,-0.435425282
1590.200073,-0.436617494
1590.300049,-0.436617374
1590.400024,-0.438715935
1590.5,-0.436748624
1590.599976,-0.435186863
1590.700073,-0.436474323
1590.800049,-0.433565617
1590.900024,-0.430466175
1591,-0.436140537
1591.099976,-0.428129673
1591.200073,-0.430752277
1591.300049,-0.432111263
1591.400024,-0.43528223
1591.5,-0.434280872
1591.599976,-0.439621925
1591.700073,-0.440527916
1591.800049,-0.43773818
1591.900024,-0.433327198
1592,-0.437475681
1592.099976,-0.440098763
1592.200073,-0.433660984
1592.300049,-0.438191414
1592.400024,-0.432850361
1592.5,-0.438572884
1592.599976,-0.430704594
1592.700073,-0.432659626
1592.800049,-0.440384865
1592.900024,-0.436617374
1593,-0.4405756
1593.099976,-0.43528223
1593.200073,-0.440718651
1593.300049,-0.43604517
1593.400024,-0.439908028
1593.5,-0.43528223
1593.599976,-0.437237263
1593.700073,-0.436057091
1593.800049,-0.435997486
1593.900024,-0.435711384
1594,-0.435317993
1594.099976,-0.43528223
1594.200073,-0.434280872
1594.300049,-0.440003395
1594.400024,-0.42989397
1594.5,-0.433517933
1594.599976,-0.430609226
1594.700073,-0.435759068
1594.800049,-0.439764977
1594.900024,-0.434185505
1595,-0.435806751
1595.099976,-0.434984207
1595.200073,-0.435377598
1595.300049,-0.434566975
1595.400024,-0.439097404
1595.5,-0.443436623
1595.599976,-0.43604517
1595.700073,-0.439288139
1595.800049,-0.437380433
1595.900024,-0.436903477
1596,-0.437284946
1596.099976,-0.441052437
1596.200073,-0.42860651
1596.300049,-0.43943119
1596.400024,-0.435425282
1596.5,-0.435425282
1596.599976,-0.437619209
1596.700073,-0.429655552
1596.800049,-0.437284946
1596.900024,-0.430466175
1597,-0.437380314
1597.099976,-0.433231831
1597.200073,-0.440289497
1597.300049,-0.434996128
1597.400024,-0.438429832
1597.5,-0.432993412
1597.599976,-0.441195488
1597.700073,-0.439002037
1597.800049,-0.439002037
1597.900024,-0.438668251
1598,-0.437201738
1598.099976,-0.434423923
1598.200073,-0.436712742
1598.300049,-0.435091496
1598.400024,-0.433756351
1598.5,-0.435472965
1598.599976,-0.431705952
1598.700073,-0.440480232
1598.800049,-0.431133747
1598.900024,-0.439335823
1599,-0.440146446
1599.099976,-0.435091496
1599.200073,-0.440432549
1599.300049,-0.434996128
1599.400024,-0.43399477
1599.5,-0.444247246
1599.599976,-0.434566975
1599.700073,-0.441147804
1599.800049,-0.435425282
1599.900024,-0.434662342
1600,-0.439192772
1600.099976,-0.436760426
1600.200073,-0.43814373
1600.300049,-0.440098763
1600.400024,-0.437666893
1600.5,-0.443102837
1600.599976,-0.434233189
1600.700073,-0.43695116
1600.800049,-0.434900761
1600.900024,-0.438811302
1601,-0.433136463
1601.099976,-0.435520649
1601.200073,-0.440670967
1601.300049,-0.43695116
1601.400024,-0.433660984
1601.5,-0.432611942
1601.599976,-0.441052437
1601.700073,-0.443055153
1601.800049,-0.439848304
1601.900024,-0.436808109
1602,-0.438477516
1602.099976,-0.437523842
1602.200073,-0.440003395
1602.300049,-0.437046528
1602.400024,-0.440146446
1602.5,-0.440003395
1602.599976,-0.440754414
1602.700073,-0.441290855
1602.800049,-0.441576958
1602.900024,-0.434710026
1603,-0.431753635
1603.099976,-0.435747266
1603.200073,-0.43733263
1603.300049,-0.439192772
1603.400024,-0.435806751
1603.5,-0.443579674
1603.599976,-0.441433907
1603.700073,-0.438668251
1603.800049,-0.436998844
1603.900024,-0.436522007
1604,-0.439419031
1604.099976,-0.442530632
1604.200073,-0.441624641
1604.300049,-0.435759068
1604.400024,-0.440623283
1604.5,-0.431372166
1604.599976,-0.445439339
1604.700073,-0.437905312
1604.800049,-0.43776226
1604.900024,-0.435043812
1605,-0.432802677
1605.099976,-0.436283588
1605.200073,-0.437809944
1605.300049,-0.433899403
1605.400024,-0.439669609
1605.5,-0.442053795
1605.599976,-0.443388939
1605.700073,-0.43940711
1605.800049,-0.435568333
1605.900024,-0.436617374
1606,-0.440241814
1606.099976,-0.433899403
1606.200073,-0.437380314
1606.300049,-0.436522007
1606.400024,-0.438954353
1606.5,-0.437571526
1606.599976,-0.442292213
1606.700073,-0.442101479
1606.800049,-0.438811302
1606.900024,-0.437857628
1607,-0.437380314
1607.099976,-0.43475771
1607.200073,-0.4385252
1607.300049,-0.445057869
1607.400024,-0.442721367
1607.5,-0.437380314
1607.599976,-0.440146446
1607.700073,-0.434471607
1607.800049,-0.437571526
1607.900024,-0.438572884
1608,-0.432564259
1608.099976,-0.433851719
1608.200073,-0.437666893
1608.300049,-0.440480232
1608.400024,-0.432754993
1608.5,-0.446297646
1608.599976,-0.428177357
1608.700073,-0.43776226
1608.800049,-0.429131031
1608.900024,-0.44224453
1609,-0.441386223
1609.099976,-0.439943671
1609.200073,-0.439335823
1609.300049,-0.436808109
1609.400024,-0.437619209
1609.5,-0.436665058
1609.599976,-0.435711384
1609.700073,-0.437905312
1609.800049,-0.4405756
1609.900024,-0.439145088
1610,-0.432039738
1610.099976,-0.440670967
1610.200073,-0.435806751
1610.300049,-0.435854435
1610.400024,-0.438382149
1610.5,-0.439359546
1610.599976,-0.441195488
1610.700073,-0.442006111
1610.800049,-0.436522007
1610.900024,-0.438096046
1611,-0.440527916
1611.099976,-0.442339897
1611.200073,-0.436808109
1611.300049,-0.444581032
1611.400024,-0.44019413
1611.5,-0.439240456
1611.599976,-0.439526558
1611.700073,-0.438405871
1611.800049,-0.43733263
1611.900024,-0.437523842
1612,-0.436569691
1612.099976,-0.447871208
1612.200073,-0.433422565
1612.300049,-0.440051079
1612.400024,-0.447108269
1612.5,-0.439860344
1612.599976,-0.439002037
1612.700073,-0.443341255
1612.800049,-0.44186306
1612.900024,-0.446393013
1613,-0.445868492
1613.099976,-0.442149162
1613.200073,-0.436760426
1613.300049,-0.442387581
1613.400024,-0.44648838
1613.5,-0.442435265
1613.599976,-0.440289497
1613.700073,-0.4405756
1613.800049,-0.443770409
1613.900024,-0.437475681
1614,-0.431372166
1614.099976,-0.441815376
1614.200073,-0.448061943
1614.300049,-0.446440697
1614.400024,-0.440861702
1614.5,-0.43733263
1614.599976,-0.439335704
1614.700073,-0.44019413
1614.800049,-0.438954353
1614.900024,-0.440289497
1615,-0.436903477
1615.099976,-0.442912102
1615.200073,-0.441433907
1615.300049,-0.440873623
1615.400024,-0.43981266
1615.5,-0.439335823
1615.599976,-0.444533348
1615.700073,-0.433422565
1615.800049,-0.442482948
1615.900024,-0.439335823
1616,-0.442912102
1616.099976,-0.440337181
1616.200073,-0.43733263
1616.300049,-0.436378956
1616.400024,-0.442578316
1616.5,-0.440814018
1616.599976,-0.442769051
1616.700073,-0.439574242
1616.800049,-0.44429493
1616.900024,-0.436331272
1617,-0.44686985
1617.099976,-0.43695116
1617.200073,-0.447060585
1617.300049,-0.440480232
1617.400024,-0.439145088
1617.5,-0.439288139
1617.599976,-0.438000679
1617.700073,-0.438858986
1617.800049,-0.4405756
1617.900024,-0.437666893
1618,-0.439133167
1618.099976,-0.440098763
1618.200073,-0.438191414
1618.300049,-0.437857628
1618.400024,-0.444962502
1618.5,-0.448061943
1618.599976,-0.441290855
1618.700073,-0.449254036
1618.800049,-0.439860344
1618.900024,-0.438239098
1619,-0.440122604
1619.099976,-0.441720009
1619.200073,-0.440670967
1619.300049,-0.438191414
1619.400024,-0.436092854
1619.5,-0.437809944
1619.599976,-0.444628716
1619.700073,-0.437475681
1619.800049,-0.444724083
1619.900024,-0.444390297
1620,-0.436331272
1620.099976,-0.446679115
1620.200073,-0.439526558
1620.300049,-0.443293571
1620.400024,-0.436665058
1620.5,-0.437427998
1620.599976,-0.447823524
1620.700073,-0.439002037
1620.800049,-0.446440697
1620.900024,-0.439908028
1621,-0.445487022
1621.099976,-0.446536064
1621.200073,-0.443806171
1621.300049,-0.441147804
1621.400024,-0.442053795
1621.5,-0.442995548
1621.599976,-0.445248604
1621.700073,-0.44353199
1621.800049,-0.439288139
1621.900024,-0.442721367
1622,-0.434614658
1622.099976,-0.448443413
1622.200073,-0.440051079
1622.300049,-0.43981266
1622.400024,-0.440241814
1622.5,-0.444628716
1622.599976,-0.449826241
1622.700073,-0.43695116
1622.800049,-0.453068733
1622.900024,-0.440909386
1623,-0.441958427
1623.099976,-0.434423923
1623.200073,-0.44353199
1623.300049,-0.433327198
1623.400024,-0.437284946
1623.5,-0.442578316
1623.599976,-0.441958427
1623.700073,-0.441529274
1623.800049,-0.43981266
1623.900024,-0.443627357
1624,-0.441338539
1624.099976,-0.441386223
1624.200073,-0.440766335
1624.300049,-0.445630074
1624.400024,-0.443961143
1624.5,-0.440051079
1624.599976,-0.441767693
1624.700073,-0.444056511
1624.800049,-0.443341255
1624.900024,-0.437046528
1625,-0.439955711
1625.099976,-0.449635506
1625.200073,-0.443007469
1625.300049,-0.445773125
1625.400024,-0.441433907
1625.5,-0.442625999
1625.599976,-0.442721367
1625.700073,-0.442816734
1625.800049,-0.449063301
1625.900024,-0.442578316
1626,-0.437571526
1626.099976,-0.445391655
1626.200073,-0.43814373
1626.300049,-0.443198204
1626.400024,-0.440909386
1626.5,-0.444056511
1626.599976,-0.449015617
1626.700073,-0.445010185
1626.800049,-0.443877697
1626.900024,-0.440527916
1627,-0.440957069
1627.099976,-0.443138599
1627.200073,-0.44429493
1627.300049,-0.446774483
1627.400024,-0.439049721
1627.5,-0.445010185
1627.599976,-0.437094212
1627.700073,-0.446631432
1627.800049,-0.444533348
1627.900024,-0.441052437
1628,-0.4405756
1628.099976,-0.442482948
1628.200073,-0.44481945
1628.300049,-0.443484306
1628.400024,-0.445248604
1628.5,-0.446774483
1628.599976,-0.438763618
1628.700073,-0.447394371
1628.800049,-0.433327198
1628.900024,-0.444199562
1629,-0.440623283
1629.099976,-0.438811302
1629.200073,-0.441147804
1629.300049,-0.441529274
1629.400024,-0.444867134
1629.5,-0.447775841
1629.599976,-0.444008827
1629.700073,-0.43604517
1629.800049,-0.446393013
1629.900024,-0.440051079
1630,-0.447442055
1630.099976,-0.450779915
1630.200073,-0.441624641
1630.300049,-0.443865776
1630.400024,-0.445343971
1630.5,-0.445916176
1630.599976,-0.440909386
1630.700073,-0.445868492
1630.800049,-0.450684547
1630.900024,-0.432278156
1631,-0.442435265
1631.099976,-0.449587822
1631.200073,-0.447775841
1631.300049,-0.442101479
1631.400024,-0.440003395
1631.5,-0.449206352
1631.599976,-0.446345329
1631.700073,-0.443675041
1631.800049,-0.441386223
1631.900024,-0.448967934
1632,-0.439002037
1632.099976,-0.441910744
1632.200073,-0.439002037
1632.300049,-0.449254036
1632.400024,-0.439717293
1632.5,-0.444962502
1632.599976,-0.441720009
1632.700073,-0.443675041
1632.800049,-0.442983627
1632.900024,-0.442053795
1633,-0.444485664
1633.099976,-0.446393013
1633.200073,-0.446583748
1633.300049,-0.447346687
1633.400024,-0.44815731
1633.5,-0.441958189
1633.599976,-0.43528223
1633.700073,-0.437046528
1633.800049,-0.447394371
1633.900024,-0.44315052
1634,-0.449397087
1634.099976,-0.44892025
1634.200073,-0.445391655
1634.300049,-0.435568333
1634.400024,-0.445487022
1634.5,-0.450350761
1634.599976,-0.450541496
1634.700073,-0.45007658
1634.800049,-0.450398445
1634.900024,-0.449015617
1635,-0.447644711
1635.099976,-0.446583748
1635.200073,-0.444581032
1635.300049,-0.445248604
1635.400024,-0.442435265
1635.5,-0.436474323
1635.599976,-0.447108269
1635.700073,-0.452687263
1635.800049,-0.440909386
1635.900024,-0.440670967
1636,-0.448586464
1636.099976,-0.44763279
1636.200073,-0.440814018
1636.300049,-0.439717293
1636.400024,-0.448586464
1636.5,-0.44686985
1636.599976,-0.443293571
1636.700073,-0.445487022
1636.800049,-0.442769051
1636.900024,-0.446583748
1637,-0.443675041
1637.099976,-0.44429493
1637.200073,-0.447442055
1637.300049,-0.444581032
1637.400024,-0.446393013
1637.5,-0.445296288
1637.599976,-0.446822166
1637.700073,-0.446691036
1637.800049,-0.449110985
1637.900024,-0.445534706
1638,-0.442625999
1638.099976,-0.443818092
1638.200073,-0.443484306
1638.300049,-0.445773125
1638.400024,-0.442292213
1638.5,-0.448824883
1638.599976,-0.444437981
1638.700073,-0.44815731
1638.800049,-0.443627357
1638.900024,-0.445343971
1639,-0.44892025
1639.099976,-0.443675041
1639.200073,-0.449778557
1639.300049,-0.446011543
1639.400024,-0.446917534
1639.5,-0.447585106
1639.599976,-0.44429493
1639.700073,-0.440337181
1639.800049,-0.449873924
1639.900024,-0.444724083
1640,-0.444247246
1640.099976,-0.445773125
1640.200073,-0.446965218
1640.300049,-0.44853878
1640.400024,-0.448109627
1640.5,-0.444962502
1640.599976,-0.443484306
1640.700073,-0.45187664
1640.800049,-0.447012901
1640.900024,-0.452210426
1641,-0.451018333
1641.099976,-0.449969292
1641.200073,-0.451161385
1641.300049,-0.449635506
1641.400024,-0.447942734
1641.5,-0.447680473
1641.599976,-0.443293571
1641.700073,-0.437714577
1641.800049,-0.444533348
1641.900024,-0.44019413
1642,-0.44686985
1642.099976,-0.448872566
1642.200073,-0.449003696
1642.300049,-0.451733589
1642.400024,-0.44853878
1642.5,-0.445725441
1642.599976,-0.44315052
1642.700073,-0.444259167
1642.800049,-0.44481945
1642.900024,-0.443341255
1643,-0.444008827
1643.099976,-0.449778557
1643.200073,-0.442673683
1643.300049,-0.446059227
1643.400024,-0.450684547
1643.5,-0.439145088
1643.599976,-0.448395729
1643.700073,-0.445773125
1643.800049,-0.447728157
1643.900024,-0.447346687
1644,-0.448204994
1644.099976,-0.444533348
1644.200073,-0.443102837
1644.300049,-0.444199562
1644.400024,-0.443102837
1644.5,-0.445630074
1644.599976,-0.453974724
1644.700073,-0.445868492
1644.800049,-0.450636864
1644.900024,-0.450541496
1645,-0.450922966
1645.099976,-0.447787762
1645.200073,-0.445677757
1645.300049,-0.444008827
1645.400024,-0.441290855
1645.5,-0.444914818
1645.599976,-0.449969292
1645.700073,-0.44315052
1645.800049,-0.444581032
1645.900024,-0.443484306
1646,-0.444199562
1646.099976,-0.447334766
1646.200073,-0.450779915
1646.300049,-0.450875282
1646.400024,-0.448491096
1646.5,-0.451733589
1646.599976,-0.441624641
1646.700073,-0.445153236
1646.800049,-0.446345329
1646.900024,-0.44648838
1647,-0.447680473
1647.099976,-0.448443413
1647.200073,-0.447299004
1647.300049,-0.446726799
1647.400024,-0.450446129
1647.5,-0.442530632
1647.599976,-0.453211784
1647.700073,-0.439002037
1647.800049,-0.449730873
1647.900024,-0.447966576
1648,-0.449397087
1648.099976,-0.450016975
1648.200073,-0.449873924
1648.300049,-0.450684547
1648.400024,-0.445296288
1648.5,-0.442530632
1648.599976,-0.444771767
1648.700073,-0.450160027
1648.800049,-0.449254036
1648.900024,-0.447096348
1649,-0.445153236
1649.099976,-0.443818092
1649.200073,-0.444581032
1649.300049,-0.445105553
1649.400024,-0.447775841
1649.5,-0.446917534
1649.599976,-0.449873924
1649.700073,-0.449444771
1649.800049,-0.443770409
1649.900024,-0.443245888
1650,-0.449683189
1650.099976,-0.451495171
1650.200073,-0.444771767
1650.300049,-0.446822166
1650.400024,-0.449873924
1650.5,-0.445773125
1650.599976,-0.447060585
1650.700073,-0.444199562
1650.800049,-0.450398445
1650.900024,-0.443675041
1651,-0.449158669
1651.099976,-0.451399803
1651.200073,-0.444199562
1651.300049,-0.451256752
1651.400024,-0.449063301
1651.5,-0.447775841
1651.599976,-0.448443413
1651.700073,-0.446774483
1651.800049,-0.446345329
1651.900024,-0.445868492
1652,-0.444151878
1652.099976,-0.445475101
1652.200073,-0.444530368
1652.300049,-0.443770409
1652.400024,-0.444724083
1652.5,-0.448348045
1652.599976,-0.443055153
1652.700073,-0.448729515
1652.800049,-0.449635506
1652.900024,-0.445630074
1653,-0.44853878
1653.099976,-0.443675041
1653.200073,-0.44224453
1653.300049,-0.443937302
1653.400024,-0.445773125
1653.5,-0.444056511
1653.599976,-0.453450203
1653.700073,-0.447489738
1653.800049,-0.439717293
1653.900024,-0.447918892
1654,-0.446249962
1654.099976,-0.446631432
1654.200073,-0.447608948
1654.300049,-0.44930172
1654.400024,-0.448252678
1654.5,-0.446917534
1654.599976,-0.449349403
1654.700073,-0.449778557
1654.800049,-0.451018333
1654.900024,-0.451828957
1655,-0.453688622
1655.099976,-0.441767693
1655.200073,-0.449921608
1655.300049,-0.445010185
1655.400024,-0.450922966
1655.5,-0.452830315
1655.599976,-0.444724083
1655.700073,-0.451590538
1655.800049,-0.443818092
1655.900024,-0.440289497
1656,-0.443567753
1656.099976,-0.443436623
1656.200073,-0.446726799
1656.300049,-0.451066017
1656.400024,-0.448443413
1656.5,-0.447680473
1656.599976,-0.447394371
1656.700073,-0.443770409
1656.800049,-0.453736305
1656.900024,-0.445630074
1657,-0.451781273
1657.099976,-0.44558239
1657.200073,-0.454022408
1657.300049,-0.44930172
1657.400024,-0.449635506
1657.5,-0.449063301
1657.599976,-0.441767693
1657.700073,-0.457694054
1657.800049,-0.447108269
1657.900024,-0.445010185
1658,-0.442530632
1658.099976,-0.444247246
1658.200073,-0.455643654
1658.300049,-0.436378956
1658.400024,-0.451352119
1658.5,-0.45559597
1658.599976,-0.45468998
1658.700073,-0.443961143
1658.800049,-0.443341255
1658.900024,-0.444509506
1659,-0.445105553
1659.099976,-0.445630074
1659.200073,-0.446583748
1659.300049,-0.447108269
1659.400024,-0.446011543
1659.5,-0.448443413
1659.599976,-0.447358608
1659.700073,-0.448491096
1659.800049,-0.44648838
1659.900024,-0.445057869
1660,-0.453354836
1660.099976,-0.456501961
1660.200073,-0.447823524
1660.300049,-0.440861702
1660.400024,-0.449730873
1660.5,-0.456978798
1660.599976,-0.44429493
1660.700073,-0.445630074
1660.800049,-0.449015617
1660.900024,-0.448586464
1661,-0.447585106
1661.099976,-0.447048664
1661.200073,-0.44558239
1661.300049,-0.446440697
1661.400024,-0.445439339
1661.5,-0.446536064
1661.599976,-0.44763279
1661.700073,-0.446631432
1661.800049,-0.446679115
1661.900024,-0.450398445
1662,-0.452448845
1662.099976,-0.443388939
1662.200073,-0.44429493
1662.300049,-0.449063301
1662.400024,-0.450922966
1662.5,-0.454403877
1662.599976,-0.450541496
1662.700073,-0.444437981
1662.800049,-0.45635891
1662.900024,-0.450493813
1663,-0.451113701
1663.099976,-0.449456692
1663.200073,-0.449110985
1663.300049,-0.452189565
1663.400024,-0.454833031
1663.5,-0.455357552
1663.599976,-0.447585106
1663.700073,-0.444485664
1663.800049,-0.449206352
1663.900024,-0.453497887
1664,-0.448443413
1664.099976,-0.449158669
1664.200073,-0.449873924
1664.300049,-0.447871208
1664.400024,-0.445296288
1664.5,-0.445439339
1664.599976,-0.448193073
1664.700073,-0.450827599
1664.800049,-0.451209068
1664.900024,-0.450028896
1665,-0.449254036
1665.099976,-0.448824883
1665.200073,-0.442578316
1665.300049,-0.443007469
1665.400024,-0.447394371
1665.5,-0.451256752
1665.599976,-0.445439339
1665.700073,-0.444104195
1665.800049,-0.454022408
1665.900024,-0.448061943
1666,-0.451972008
1666.099976,-0.449921608
1666.200073,-0.451972008
1666.300049,-0.453783989
1666.400024,-0.451173306
1666.5,-0.448491096
1666.599976,-0.450446129
1666.700073,-0.449587822
1666.800049,-0.450732231
1666.900024,-0.448681831
1667,-0.450994492
1667.099976,-0.451733589
1667.200073,-0.44904542
1667.300049,-0.446583748
1667.400024,-0.44686985
1667.5,-0.447299004
1667.599976,-0.449206352
1667.700073,-0.445439339
1667.800049,-0.447394371
1667.900024,-0.445153236
1668,-0.448777199
1668.099976,-0.45097065
1668.200073,-0.451638222
1668.300049,-0.456311226
1668.400024,-0.447108269
1668.5,-0.452925682
1668.599976,-0.444581032
1668.700073,-0.451733589
1668.800049,-0.45597744
1668.900024,-0.444867134
1669,-0.44315052
1669.099976,-0.451113701
1669.200073,-0.448252678
1669.300049,-0.454499245
1669.400024,-0.451113701
1669.5,-0.447442055
1669.599976,-0.446917534
1669.700073,-0.444151878
1669.800049,-0.444962502
1669.900024,-0.451352119
1670,-0.446297646
1670.099976,-0.452305794
1670.200073,-0.453402519
1670.300049,-0.450493813
1670.400024,-0.44892025
1670.5,-0.446917534
1670.599976,-0.453831673
1670.700073,-0.46060276
1670.800049,-0.447060585
1670.900024,-0.451590538
1671,-0.447012901
1671.099976,-0.45020771
1671.200073,-0.451924324
1671.300049,-0.452067375
1671.400024,-0.451924324
1671.5,-0.454213142
1671.599976,-0.452544212
1671.700073,-0.447108269
1671.800049,-0.447823524
1671.900024,-0.454165459
1672,-0.442864418
1672.099976,-0.45058918
1672.200073,-0.44725132
1672.300049,-0.447489738
1672.400024,-0.447585106
1672.5,-0.45097065
1672.599976,-0.444628716
1672.700073,-0.449444771
1672.800049,-0.45263958
1672.900024,-0.45225811
1673,-0.45199585
1673.099976,-0.451066017
1673.200073,-0.452019691
1673.300049,-0.449015617
1673.400024,-0.452305794
1673.5,-0.447203636
1673.599976,-0.452067375
1673.700073,-0.451972008
1673.800049,-0.449206352
1673.900024,-0.457932472
1674,-0.451447487
1674.099976,-0.446106911
1674.200073,-0.455643654
1674.300049,-0.452162743
1674.400024,-0.454594612
1674.5,-0.447728157
1674.599976,-0.451161385
1674.700073,-0.456025124
1674.800049,-0.452067375
1674.900024,-0.453640938
1675,-0.453307152
1675.099976,-0.451173306
1675.200073,-0.449110985
1675.300049,-0.448634148
1675.400024,-0.448944092
1675.5,-0.448055983
1675.599976,-0.44725132
1675.700073,-0.447394371
1675.800049,-0.452210426
1675.900024,-0.454880714
1676,-0.451590538
1676.099976,-0.449635506
1676.200073,-0.449635506
1676.300049,-0.452162743
1676.400024,-0.452877998
1676.5,-0.452329636
1676.599976,-0.45225811
1676.700073,-0.452740908
1676.800049,-0.453164101
1676.900024,-0.453211784
1677,-0.452115059
1677.099976,-0.456549644
1677.200073,-0.448681831
1677.300049,-0.44019413
1677.400024,-0.452019691
1677.5,-0.448824883
1677.599976,-0.448967934
1677.700073,-0.451352119
1677.800049,-0.444533348
1677.900024,-0.44815731
1678,-0.450493813
1678.099976,-0.443770409
1678.200073,-0.451542854
1678.300049,-0.456978798
1678.400024,-0.451161385
1678.5,-0.452353477
1678.599976,-0.447442055
1678.700073,-0.450684547
1678.800049,-0.451077938
1678.900024,-0.45174849
1679,-0.452782631
1679.099976,-0.452448845
1679.200073,-0.453176022
1679.300049,-0.453974724
1679.400024,-0.453497887
1679.5,-0.455500603
1679.599976,-0.452579975
1679.700073,-0.451733589
1679.800049,-0.449587822
1679.900024,-0.449826241
1680,-0.456549644
1680.099976,-0.447155952
1680.200073,-0.458647728
1680.300049,-0.454499245
1680.400024,-0.45430851
1680.5,-0.456180096
1680.599976,-0.456788063
1680.700073,-0.459124565
1680.800049,-0.459124565
1680.900024,-0.456692696
1681,-0.454546928
1681.099976,-0.451399803
1681.200073,-0.45097065
1681.300049,-0.454403877
1681.400024,-0.449683189
1681.5,-0.45225811
1681.599976,-0.452544212
1681.700073,-0.452401161
1681.800049,-0.455452919
1681.900024,-0.45187664
1682,-0.44391346
1682.099976,-0.455500603
1682.200073,-0.449969292
1682.300049,-0.453640938
1682.400024,-0.455739021
1682.5,-0.452925682
1682.599976,-0.454546928
1682.700073,-0.447728157
1682.800049,-0.456025124
1682.900024,-0.452067375
1683,-0.446774483
1683.099976,-0.453736305
1683.200073,-0.456740379
1683.300049,-0.456645012
1683.400024,-0.450350761
1683.5,-0.451209068
1683.599976,-0.44686985
1683.700073,-0.457551003
1683.800049,-0.447966576
1683.900024,-0.451209068
1684,-0.452448845
1684.099976,-0.447680473
1684.200073,-0.451304436
1684.300049,-0.454117775
1684.400024,-0.454976082
1684.5,-0.45225811
1684.599976,-0.455309868
1684.700073,-0.445725441
1684.800049,-0.457741737
1684.900024,-0.453354836
1685,-0.453879356
1685.099976,-0.450446129
1685.200073,-0.453688622
1685.300049,-0.447155952
1685.400024,-0.447203636
1685.5,-0.452115059
1685.599976,-0.455882072
1685.700073,-0.457407951
1685.800049,-0.454976082
1685.900024,-0.456645012
1686,-0.4552145
1686.099976,-0.455882072
1686.200073,-0.453354836
1686.300049,-0.457551003
1686.400024,-0.452305794
1686.5,-0.461508751
1686.599976,-0.449254036
1686.700073,-0.4552145
1686.800049,-0.452115059
1686.900024,-0.451495171
1687,-0.453688622
1687.099976,-0.455548286
1687.200073,-0.45559597
1687.300049,-0.452830315
1687.400024,-0.45392704
1687.5,-0.450827599
1687.599976,-0.449063301
1687.700073,-0.448729515
1687.800049,-0.45559597
1687.900024,-0.454117775
1688,-0.45354557
1688.099976,-0.452544212
1688.200073,-0.451924324
1688.300049,-0.452162743
1688.400024,-0.452115059
1688.5,-0.451149464
1688.599976,-0.450827599
1688.700073,-0.453816772
1688.800049,-0.457837105
1688.900024,-0.455452919
1689,-0.454213142
1689.099976,-0.453021049
1689.200073,-0.454499245
1689.300049,-0.455882072
1689.400024,-0.454880714
1689.5,-0.45482111
1689.599976,-0.455834389
1689.700073,-0.452687263
1689.800049,-0.454117775
1689.900024,-0.457980156
1690,-0.46098423
1690.099976,-0.446917534
1690.200073,-0.453211784
1690.300049,-0.465657234
1690.400024,-0.454833031
1690.5,-0.459124565
1690.599976,-0.454165459
1690.700073,-0.448872566
1690.800049,-0.453116417
1690.900024,-0.451972008
1691,-0.455882072
1691.099976,-0.450016975
1691.200073,-0.456645012
1691.300049,-0.44815731
1691.400024,-0.460698128
1691.5,-0.453164101
1691.599976,-0.448252678
1691.700073,-0.456931114
1691.800049,-0.454833031
1691.900024,-0.455882072
1692,-0.450636864
1692.099976,-0.4552145
1692.200073,-0.457694054
1692.300049,-0.453259468
1692.400024,-0.457980156
1692.5,-0.457694054
1692.599976,-0.44763279
1692.700073,-0.454022408
1692.800049,-0.44930172
1692.900024,-0.451399803
1693,-0.456072807
1693.099976,-0.454880714
1693.200073,-0.457455635
1693.300049,-0.453164101
1693.400024,-0.450255394
1693.5,-0.452830315
1693.599976,-0.450887203
1693.700073,-0.450732231
1693.800049,-0.449730873
1693.900024,-0.453593254
1694,-0.459649086
1694.099976,-0.457360268
1694.200073,-0.456311226
1694.300049,-0.449444771
1694.400024,-0.454403877
1694.5,-0.458361626
1694.599976,-0.454880714
1694.700073,-0.453593254
1694.800049,-0.464083672
1694.900024,-0.448252678
1695,-0.455357552
1695.099976,-0.459506035
1695.200073,-0.450255394
1695.300049,-0.453354836
1695.400024,-0.449349403
1695.5,-0.454117775
1695.599976,-0.451447487
1695.700073,-0.459982872
1695.800049,-0.458647728
1695.900024,-0.452591896
1696,-0.445725441
1696.099976,-0.444104195
1696.200073,-0.453259468
1696.300049,-0.455452919
1696.400024,-0.456168175
1696.5,-0.453450203
1696.599976,-0.455882072
1696.700073,-0.454749584
1696.800049,-0.455309868
1696.900024,-0.454356194
1697,-0.455321789
1697.099976,-0.456454277
1697.200073,-0.455166817
1697.300049,-0.455452919
1697.400024,-0.453426361
1697.5,-0.451256752
1697.599976,-0.451828957
1697.700073,-0.454260826
1697.800049,-0.451638222
1697.900024,-0.457074165
1698,-0.460173607
1698.099976,-0.462224007
1698.200073,-0.452687263
1698.300049,-0.451018333
1698.400024,-0.45392704
1698.5,-0.456025124
1698.599976,-0.454117775
1698.700073,-0.454976082
1698.800049,-0.454737663
1698.900024,-0.455023766
1699,-0.455381393
1699.099976,-0.456597328
1699.200073,-0.455166817
1699.300049,-0.449540138
1699.400024,-0.454451561
1699.5,-0.458838463
1699.599976,-0.450779915
1699.700073,-0.456311226
1699.800049,-0.457789421
1699.900024,-0.454165459
1700,-0.455452919
1700.099976,-0.455691338
1700.200073,-0.454165459
1700.300049,-0.455142975
1700.400024,-0.456025124
1700.5,-0.45468998
1700.599976,-0.453211784
1700.700073,-0.454213142
1700.800049,-0.453295231
1700.900024,-0.451018333
1701,-0.454737663
1701.099976,-0.462700844
1701.200073,-0.454451561
1701.300049,-0.457694054
1701.400024,-0.459649086
1701.5,-0.450303078
1701.599976,-0.457741737
1701.700073,-0.449158669
1701.800049,-0.447823524
1701.900024,-0.451530933
1702,-0.455357552
1702.099976,-0.453783989
1702.200073,-0.456597328
1702.300049,-0.452830315
1702.400024,-0.456406593
1702.5,-0.453640938
1702.599976,-0.455548286
1702.700073,-0.450636864
1702.800049,-0.456835747
1702.900024,-0.451590538
1703,-0.457980156
1703.099976,-0.450875282
1703.200073,-0.457312584
1703.300049,-0.458981514
1703.400024,-0.459362984
1703.5,-0.455691338
1703.599976,-0.449778557
1703.700073,-0.449826241
1703.800049,-0.456025124
1703.900024,-0.45802784
1704,-0.453164101
1704.099976,-0.4552145
1704.200073,-0.457932472
1704.300049,-0.456943035
1704.400024,-0.457980156
1704.5,-0.456645012
1704.599976,-0.460412025
1704.700073,-0.451638222
1704.800049,-0.457980156
1704.900024,-0.453736305
1705,-0.457407951
1705.099976,-0.4572649
1705.200073,-0.455405235
1705.300049,-0.450779915
1705.400024,-0.453783989
1705.5,-0.455500603
1705.599976,-0.460173607
1705.700073,-0.453783989
1705.800049,-0.458170891
1705.900024,-0.455882072
1706,-0.457860947
1706.099976,-0.459267616
1706.200073,-0.458123207
1706.300049,-0.457598686
1706.400024,-0.456740379
1706.5,-0.451304436
1706.599976,-0.455786705
1706.700073,-0.453629017
1706.800049,-0.454737663
1706.900024,-0.456773162
1707,-0.45893383
1707.099976,-0.459792137
1707.200073,-0.455882072
1707.300049,-0.453116417
1707.400024,-0.454856873
1707.5,-0.455500603
1707.599976,-0.454928398
1707.700073,-0.454213142
1707.800049,-0.46932888
1707.900024,-0.45969677
1708,-0.448109627
1708.099976,-0.464989662
1708.200073,-0.455309868
1708.300049,-0.454785347
1708.400024,-0.459362984
1708.5,-0.456454277
1708.599976,-0.458862305
1708.700073,-0.4593153
1708.800049,-0.460316658
1708.900024,-0.457503319
1709,-0.458707333
1709.099976,-0.458504677
1709.200073,-0.458504677
1709.300049,-0.458325863
1709.400024,-0.458313942
1709.5,-0.457980156
1709.599976,-0.461031914
1709.700073,-0.463225365
1709.800049,-0.464608192
1709.900024,-0.455357552
1710,-0.458838463
1710.099976,-0.452734947
1710.200073,-0.455405235
1710.300049,-0.455882072
1710.400024,-0.459601402
1710.5,-0.454976082
1710.599976,-0.461222649
1710.700073,-0.465514183
1710.800049,-0.454260826
1710.900024,-0.45468998
1711,-0.457932472
1711.099976,-0.454499245
1711.200073,-0.460459709
1711.300049,-0.457825184
1711.400024,-0.458170891
1711.5,-0.458170891
1711.599976,-0.459744453
1711.700073,-0.463702202
1711.800049,-0.452448845
1711.900024,-0.457932472
1712,-0.459362984
1712.099976,-0.46060276
1712.200073,-0.45225811
1712.300049,-0.461794853
1712.400024,-0.4552145
1712.5,-0.4593153
1712.599976,-0.457407951
1712.700073,-0.45802784
1712.800049,-0.45225811
1712.900024,-0.458409309
1713,-0.463749886
1713.099976,-0.450446129
1713.200073,-0.46098423
1713.300049,-0.455786705
1713.400024,-0.4572649
1713.5,-0.458456993
1713.599976,-0.461794853
1713.700073,-0.458981514
1713.800049,-0.450636864
1713.900024,-0.454737663
1714,-0.460936546
1714.099976,-0.465847969
1714.200073,-0.462557793
1714.300049,-0.462748528
1714.400024,-0.456168175
1714.5,-0.456978798
1714.599976,-0.463225365
1714.700073,-0.46098423
1714.800049,-0.461306095
1714.900024,-0.461794853
1715,-0.462793231
1715.099976,-0.463654518
1715.200073,-0.464417458
1715.300049,-0.459362984
1715.400024,-0.461079597
1715.5,-0.454976082
1715.599976,-0.458504677
1715.700073,-0.459982872
1715.800049,-0.458886147
1715.900024,-0.458504677
1716,-0.455405235
1716.099976,-0.453450203
1716.200073,-0.454213142
1716.300049,-0.461985588
1716.400024,-0.464369774
1716.5,-0.454022408
1716.599976,-0.459410667
1716.700073,-0.450779915
1716.800049,-0.457217216
1716.900024,-0.456120491
1717,-0.461222649
1717.099976,-0.460555077
1717.200073,-0.455119133
1717.300049,-0.457026482
1717.400024,-0.453879356
1717.5,-0.454165459
1717.599976,-0.457694054
1717.700073,-0.466515541
1717.800049,-0.464226723
1717.900024,-0.459661007
1718,-0.452591896
1718.099976,-0.455309868
1718.200073,-0.458981514
1718.300049,-0.461461067
1718.400024,-0.461747169
1718.5,-0.461127281
1718.599976,-0.455929756
1718.700073,-0.462939262
1718.800049,-0.457252979
1718.900024,-0.455691338
1719,-0.454451561
1719.099976,-0.457634449
1719.200073,-0.459553719
1719.300049,-0.460841179
1719.400024,-0.461651802
1719.5,-0.461580276
1719.599976,-0.460793495
1719.700073,-0.46303463
1719.800049,-0.457551003
1719.900024,-0.4613657
1720,-0.46508503
1720.099976,-0.454165459
1720.200073,-0.458361626
1720.300049,-0.461651802
1720.400024,-0.457503319
1720.5,-0.455786705
1720.599976,-0.4634161
1720.700073,-0.457026482
1720.800049,-0.460793495
1720.900024,-0.456406593
1721,-0.454785347
1721.099976,-0.46098423
1721.200073,-0.467135429
1721.300049,-0.461699486
1721.400024,-0.457360268
1721.5,-0.457312584
1721.599976,-0.458886147
1721.700073,-0.458719254
1721.800049,-0.456788063
1721.900024,-0.461890221
1722,-0.456311226
1722.099976,-0.459887505
1722.200073,-0.456072807
1722.300049,-0.456549644
1722.400024,-0.458075523
1722.5,-0.461222649
1722.599976,-0.458456993
1722.700073,-0.462700844
1722.800049,-0.45802784
1722.900024,-0.45802784
1723,-0.450827599
1723.099976,-0.460841179
1723.200073,-0.453831673
1723.300049,-0.463559151
1723.400024,-0.457455635
1723.5,-0.465657234
1723.599976,-0.458695412
1723.700073,-0.457694054
1723.800049,-0.463654518
1723.900024,-0.462510109
1724,-0.455452919
1724.099976,-0.455452919
1724.200073,-0.45430851
1724.300049,-0.457217216
1724.400024,-0.460507393
1724.5,-0.468089104
1724.599976,-0.459887505
1724.700073,-0.463129997
1724.800049,-0.458743095
1724.900024,-0.45802784
1725,-0.461401463
1725.099976,-0.465228081
1725.200073,-0.463606834
1725.300049,-0.458361626
1725.400024,-0.469042778
1725.5,-0.461556435
1725.599976,-0.461127281
1725.700073,-0.457622528
1725.800049,-0.452925682
1725.900024,-0.454880714
1726,-0.468565941
1726.099976,-0.504900932
1726.200073,-0.502707481
1726.300049,-0.501515388
1726.400024,-0.500752449
1726.5,-0.502850533
1726.599976,-0.504900932
1726.700073,-0.50423336
1726.800049,-0.506617546
1726.900024,-0.49922657
1727,-0.508238792
1727.099976,-0.502039909
1727.200073,-0.508429527
1727.300049,-0.503088951
1727.400024,-0.496365547
1727.5,-0.503565788
1727.599976,-0.500800133
1727.700073,-0.499727249
1727.800049,-0.495745659
1727.900024,-0.498797417
1728,-0.501515388
1728.099976,-0.504662514
1728.200073,-0.501229286
1728.300049,-0.509335518
1728.400024,-0.505663872
1728.5,-0.503661156
1728.599976,-0.49960804
1728.700073,-0.498606682
1728.800049,-0.502326012
1728.900024,-0.508906364
1729,-0.506712914
1729.099976,-0.503470421
1729.200073,-0.503088951
1729.300049,-0.503804207
1729.400024,-0.504948616
1729.5,-0.503470421
1729.599976,-0.504424095
1729.700073,-0.507094383
1729.800049,-0.505806923
1729.900024,-0.506331444
1730,-0.506331444
1730.099976,-0.506093025
1730.200073,-0.504137993
1730.300049,-0.502838612
1730.400024,-0.501038551
1730.5,-0.502954841
1730.599976,-0.503947258
1730.700073,-0.503994942
1730.800049,-0.503947258
1730.900024,-0.501706123
1731,-0.50127697
1731.099976,-0.503386974
1731.200073,-0.505330086
1731.300049,-0.505234718
1731.400024,-0.508477211
1731.5,-0.505330086
1731.599976,-0.509001732
1731.700073,-0.507142067
1731.800049,-0.507905006
1731.900024,-0.504662514
1732,-0.499512672
1732.099976,-0.501563072
1732.200073,-0.506045341
1732.300049,-0.507714272
1732.400024,-0.500609398
1732.5,-0.506474495
1732.599976,-0.503088951
1732.700073,-0.503088951
1732.800049,-0.501181602
1732.900024,-0.5049963
1733,-0.510718346
1733.099976,-0.506522179
1733.200073,-0.50795269
1733.300049,-0.500275612
1733.400024,-0.5029459
1733.5,-0.498177528
1733.599976,-0.507094383
1733.700073,-0.497080803
1733.800049,-0.507189751
1733.900024,-0.51295948
1734,-0.501992226
1734.099976,-0.501467705
1734.200073,-0.506760597
1734.300049,-0.507809639
1734.400024,-0.50795269
1734.5,-0.50590229
1734.599976,-0.509144783
1734.700073,-0.505377769
1734.800049,-0.502898216
1734.900024,-0.49998951
1735,-0.502969742
1735.099976,-0.503184319
1735.200073,-0.505806923
1735.300049,-0.509335518
1735.400024,-0.508954048
1735.5,-0.50461483
1735.599976,-0.5049963
1735.700073,-0.506879807
1735.800049,-0.508191109
1735.900024,-0.509716988
1736,-0.509049416
1736.099976,-0.507714272
1736.200073,-0.504531384
1736.300049,-0.501229286
1736.400024,-0.500132561
1736.5,-0.503983021
1736.599976,-0.508286476
1736.700073,-0.50628376
1736.800049,-0.5029459
1736.900024,-0.502469063
1737,-0.50383997
1737.099976,-0.505091667
1737.200073,-0.504853249
1737.300049,-0.506593704
1737.400024,-0.506999016
1737.5,-0.509430885
1737.599976,-0.507428169
1737.700073,-0.507285118
1737.800049,-0.505997658
1737.900024,-0.506093025
1738,-0.505616188
1738.099976,-0.500370979
1738.200073,-0.505616188
1738.300049,-0.49922657
1738.400024,-0.509097099
1738.5,-0.501753807
1738.599976,-0.502993584
1738.700073,-0.507666588
1738.800049,-0.502278328
1738.900024,-0.512244225
1739,-0.505663872
1739.099976,-0.504900932
1739.200073,-0.506748676
1739.300049,-0.508381844
1739.400024,-0.505052924
1739.5,-0.502421379
1739.599976,-0.502659798
1739.700073,-0.508572578
1739.800049,-0.508286476
1739.900024,-0.50332737
1740,-0.501753807
1740.099976,-0.503768444
1740.200073,-0.502612114
1740.300049,-0.507380486
1740.400024,-0.510098457
1740.5,-0.511576653
1740.599976,-0.503756523
1740.700073,-0.505234718
1740.800049,-0.509812355
1740.900024,-0.506236076
1741,-0.501801491
1741.099976,-0.505377769
1741.200073,-0.50423336
1741.300049,-0.504281044
1741.400024,-0.503696918
1741.5,-0.503422737
1741.599976,-0.502850533
1741.700073,-0.506903648
1741.800049,-0.510098457
1741.900024,-0.510718346
1742,-0.515725136
1742.099976,-0.507809639
1742.200073,-0.501229286
1742.300049,-0.502898216
1742.400024,-0.513674736
1742.5,-0.5008955
1742.599976,-0.510432243
1742.700073,-0.506903648
1742.800049,-0.509716988
1742.900024,-0.5029459
1743,-0.511910439
1743.099976,-0.502182961
1743.200073,-0.502707481
1743.300049,-0.505949974
1743.400024,-0.51038456
1743.5,-0.498606682
1743.599976,-0.505949974
1743.700073,-0.509764671
1743.800049,-0.508048058
1743.900024,-0.511707783
1744,-0.514485359
1744.099976,-0.514533043
1744.200073,-0.509764671
1744.300049,-0.511004448
1744.400024,-0.514103889
1744.5,-0.503804207
1744.599976,-0.516488075
1744.700073,-0.501944542
1744.800049,-0.514676094
1744.900024,-0.508572578
1745,-0.512005806
1745.099976,-0.508620262
1745.200073,-0.510444164
1745.300049,-0.511624336
1745.400024,-0.509526253
1745.5,-0.50423336
1745.599976,-0.509287834
1745.700073,-0.504853249
1745.800049,-0.510289192
1745.900024,-0.508477211
1746,-0.50590229
1746.099976,-0.50795269
1746.200073,-0.510622978
1746.300049,-0.504137993
1746.400024,-0.507285118
1746.5,-0.506855965
1746.599976,-0.506557941
1746.700073,-0.504948616
1746.800049,-0.507142067
1746.900024,-0.509383202
1747,-0.511576653
1747.099976,-0.509144783
1747.200073,-0.506712914
1747.300049,-0.508906364
1747.400024,-0.505282402
1747.5,-0.5049963
1747.599976,-0.508620262
1747.700073,-0.510766029
1747.800049,-0.506617546
1747.900024,-0.511815071
1748,-0.517823219
1748.099976,-0.510241508
1748.200073,-0.514437675
1748.300049,-0.508238792
1748.400024,-0.512721062
1748.5,-0.516488075
1748.599976,-0.50590229
1748.700073,-0.508620262
1748.800049,-0.505187035
1748.900024,-0.515486717
1749,-0.509907722
1749.099976,-0.503422737
1749.200073,-0.506617546
1749.300049,-0.506355286
1749.400024,-0.508238792
1749.5,-0.507142067
1749.599976,-0.509764671
1749.700073,-0.506236076
1749.800049,-0.500990868
1749.900024,-0.514723778
1750,-0.501420021
1750.099976,-0.510193825
1750.200073,-0.50871563
1750.300049,-0.501372337
1750.400024,-0.518157005
1750.5,-0.509144783
1750.599976,-0.511433601
1750.700073,-0.507237434
1750.800049,-0.508143425
1750.900024,-0.511481285
1751,-0.512673378
1751.099976,-0.507332802
1751.200073,-0.509669304
1751.300049,-0.515343666
1751.400024,-0.517203331
1751.5,-0.508143425
1751.599976,-0.500275612
1751.700073,-0.503136635
1751.800049,-0.506569862
1751.900024,-0.512864113
1752,-0.509669304
1752.099976,-0.510479927
1752.200073,-0.510766029
1752.300049,-0.509418964
1752.400024,-0.507380486
1752.5,-0.509049416
1752.599976,-0.504424095
1752.700073,-0.514437675
1752.800049,-0.506951332
1752.900024,-0.507714272
1753,-0.511719704
1753.099976,-0.514771461
1753.200073,-0.512244225
1753.300049,-0.504376411
1753.400024,-0.504185677
1753.5,-0.511624336
1753.599976,-0.506331444
1753.700073,-0.515343666
1753.800049,-0.504519463
1753.900024,-0.509192467
1754,-0.506617546
1754.099976,-0.512005806
1754.200073,-0.509144783
1754.300049,-0.514008522
1754.400024,-0.506808281
1754.5,-0.508667946
1754.599976,-0.506188393
1754.700073,-0.513388634
1754.800049,-0.511958122
1754.900024,-0.514151573
1755,-0.510956764
1755.099976,-0.502469063
1755.200073,-0.508000374
1755.300049,-0.516011238
1755.400024,-0.51334095
1755.5,-0.506474495
1755.599976,-0.505282402
1755.700073,-0.508572578
1755.800049,-0.514866829
1755.900024,-0.512721062
1756,-0.509383202
1756.099976,-0.507380486
1756.200073,-0.507905006
1756.300049,-0.509013653
1756.400024,-0.512768745
1756.5,-0.508000374
1756.599976,-0.510432243
1756.700073,-0.509812355
1756.800049,-0.517918587
1756.900024,-0.51000309
1757,-0.514676094
1757.099976,-0.508143425
1757.200073,-0.513484001
1757.300049,-0.512339592
1757.400024,-0.512363434
1757.5,-0.514485359
1757.599976,-0.509144783
1757.700073,-0.516011238
1757.800049,-0.508572578
1757.900024,-0.510718346
1758,-0.512864113
1758.099976,-0.512721062
1758.200073,-0.50666523
1758.300049,-0.511815071
1758.400024,-0.516440392
1758.5,-0.508906364
1758.599976,-0.510527611
1758.700073,-0.512005806
1758.800049,-0.51667881
1758.900024,-0.514473438
1759,-0.51462841
1759.099976,-0.512706161
1759.200073,-0.511004448
1759.300049,-0.510718346
1759.400024,-0.51667881
1759.5,-0.52039814
1759.599976,-0.51129055
1759.700073,-0.510813713
1759.800049,-0.511767387
1759.900024,-0.512434959
1760,-0.512530327
1760.099976,-0.514580727
1760.200073,-0.512101173
1760.300049,-0.520827293
1760.400024,-0.511576653
1760.5,-0.514246941
1760.599976,-0.511004448
1760.700073,-0.509001732
1760.800049,-0.509192467
1760.900024,-0.510670662
1761,-0.513054848
1761.099976,-0.511433601
1761.200073,-0.515582085
1761.300049,-0.51295948
1761.400024,-0.511528969
1761.5,-0.514342308
1761.599976,-0.512673378
1761.700073,-0.511910439
1761.800049,-0.514044285
1761.900024,-0.515343666
1762,-0.516249657
1762.099976,-0.512399197
1762.200073,-0.50757122
1762.300049,-0.510432243
1762.400024,-0.501038551
1762.5,-0.517823219
1762.599976,-0.511481285
1762.700073,-0.510050774
1762.800049,-0.513197899
1762.900024,-0.518919945
1763,-0.509335518
1763.099976,-0.514676094
1763.200073,-0.508000374
1763.300049,-0.517298698
1763.400024,-0.508048058
1763.5,-0.512625694
1763.599976,-0.516869545
1763.700073,-0.520207405
1763.800049,-0.511004448
1763.900024,-0.508238792
1764,-0.509478569
1764.099976,-0.510038853
1764.200073,-0.51129055
1764.300049,-0.511147499
1764.400024,-0.513388634
1764.5,-0.511958122
1764.599976,-0.508524895
1764.700073,-0.509812355
1764.800049,-0.514914513
1764.900024,-0.512625694
1765,-0.515629768
1765.099976,-0.511528969
1765.200073,-0.521494865
1765.300049,-0.508238792
1765.400024,-0.515486717
1765.5,-0.505949974
1765.599976,-0.517632484
1765.700073,-0.520827293
1765.800049,-0.519587517
1765.900024,-0.514676094
1766,-0.509716988
1766.099976,-0.507428169
1766.200073,-0.509573936
1766.300049,-0.505663872
1766.400024,-0.508834839
1766.5,-0.510432243
1766.599976,-0.509669304
1766.700073,-0.514389992
1766.800049,-0.514199257
1766.900024,-0.512768745
1767,-0.512101173
1767.099976,-0.51038456
1767.200073,-0.516917229
1767.300049,-0.512101173
1767.400024,-0.51372242
1767.5,-0.508095741
1767.599976,-0.519349098
1767.700073,-0.513150215
1767.800049,-0.51167202
1767.900024,-0.510050774
1768,-0.512864113
1768.099976,-0.517632484
1768.200073,-0.517584801
1768.300049,-0.511195183
1768.400024,-0.507809639
1768.5,-0.519349098
1768.599976,-0.513102531
1768.700073,-0.509097099
1768.800049,-0.517394066
1768.900024,-0.51129055
1769,-0.505425453
1769.099976,-0.521065712
1769.200073,-0.511004448
1769.300049,-0.518109322
1769.400024,-0.507761955
1769.5,-0.522019386
1769.599976,-0.516392708
1769.700073,-0.518621922
1769.800049,-0.516345024
1769.900024,-0.515233397
1770,-0.512911797
1770.099976,-0.513054848
1770.200073,-0.516631126
1770.300049,-0.506999016
1770.400024,-0.514676094
1770.5,-0.518157005
1770.599976,-0.515820503
1770.700073,-0.518252373
1770.800049,-0.512196541
1770.900024,-0.518776894
1771,-0.511052132
1771.099976,-0.506474495
1771.200073,-0.514056206
1771.300049,-0.516535759
1771.400024,-0.510336876
1771.5,-0.516011238
1771.599976,-0.514914513
1771.700073,-0.512816429
1771.800049,-0.511683941
1771.900024,-0.508477211
1772,-0.510527611
1772.099976,-0.520827293
1772.200073,-0.510193825
1772.300049,-0.503041267
1772.400024,-0.515963554
1772.5,-0.513579369
1772.599976,-0.524785042
1772.700073,-0.51706028
1772.800049,-0.511719704
1772.900024,-0.515200615
1773,-0.51462841
1773.099976,-0.508763313
1773.200073,-0.519349098
1773.300049,-0.510050774
1773.400024,-0.510718346
1773.5,-0.514342308
1773.599976,-0.526644707
1773.700073,-0.507761955
1773.800049,-0.517537117
1773.900024,-0.516917229
1774,-0.514533043
1774.099976,-0.513531685
1774.200073,-0.512816429
1774.300049,-0.513197899
1774.400024,-0.514389992
1774.5,-0.51205349
1774.599976,-0.517823219
1774.700073,-0.5070467
1774.800049,-0.510622978
1774.900024,-0.508858681
1775,-0.509001732
1775.099976,-0.515295982
1775.200073,-0.512005806
1775.300049,-0.519301414
1775.400024,-0.51577282
1775.5,-0.512911797
1775.599976,-0.513007164
1775.700073,-0.515486717
1775.800049,-0.51295948
1775.900024,-0.514485359
1776,-0.51629734
1776.099976,-0.516869545
1776.200073,-0.516392708
1776.300049,-0.513579369
1776.400024,-0.516964912
1776.5,-0.511767387
1776.599976,-0.513388634
1776.700073,-0.519206047
1776.800049,-0.521351814
1776.900024,-0.517894745
1777,-0.514771461
1777.099976,-0.516249657
1777.200073,-0.512864113
1777.300049,-0.513674736
1777.400024,-0.512613773
1777.5,-0.511052132
1777.599976,-0.512864113
1777.700073,-0.513865471
1777.800049,-0.512923717
1777.900024,-0.513770103
1778,-0.511195183
1778.099976,-0.511886597
1778.200073,-0.510861397
1778.300049,-0.511719704
1778.400024,-0.512339592
1778.5,-0.513197899
1778.599976,-0.512005806
1778.700073,-0.512864113
1778.800049,-0.507428169
1778.900024,-0.511481285
1779,-0.506855965
1779.099976,-0.511719704
1779.200073,-0.519730568
1779.300049,-0.51706028
1779.400024,-0.520255089
1779.5,-0.51706028
1779.599976,-0.51295948
1779.700073,-0.516201973
1779.800049,-0.510432243
1779.900024,-0.509192467
1780,-0.514485359
1780.099976,-0.51744175
1780.200073,-0.510193825
1780.300049,-0.510527611
1780.400024,-0.508000374
1780.5,-0.518013954
1780.599976,-0.511004448
1780.700073,-0.520112038
1780.800049,-0.511195183
1780.900024,-0.51129055
1781,-0.514771461
1781.099976,-0.513674736
1781.200073,-0.514270782
1781.300049,-0.516583443
1781.400024,-0.51205349
1781.5,-0.516583443
1781.599976,-0.515868187
1781.700073,-0.514533043
1781.800049,-0.511338234
1781.900024,-0.513436317
1782,-0.513627052
1782.099976,-0.514246941
1782.200073,-0.511052132
1782.300049,-0.513627052
1782.400024,-0.506855965
1782.5,-0.514723778
1782.599976,-0.512339592
1782.700073,-0.515295982
1782.800049,-0.514008522
1782.900024,-0.516154289
1783,-0.509097099
1783.099976,-0.505806923
1783.200073,-0.516583443
1783.300049,-0.517394066
1783.400024,-0.51539135
1783.5,-0.51500988
1783.599976,-0.512530327
1783.700073,-0.510575294
1783.800049,-0.512673378
1783.900024,-0.517727852
1784,-0.509955406
1784.099976,-0.517251015
1784.200073,-0.514580727
1784.300049,-0.51205349
1784.400024,-0.518538475
1784.5,-0.509716988
1784.599976,-0.514723778
1784.700073,-0.517298698
1784.800049,-0.515462875
1784.900024,-0.513484001
1785,-0.516345024
1785.099976,-0.513007164
1785.200073,-0.515534401
1785.300049,-0.51167202
1785.400024,-0.511624336
1785.5,-0.50962162
1785.599976,-0.513936996
1785.700073,-0.516917229
1785.800049,-0.517584801
1785.900024,-0.514819145
1786,-0.516058922
1786.099976,-0.511004448
1786.200073,-0.513817787
1786.300049,-0.516964912
1786.400024,-0.515725136
1786.5,-0.515295982
1786.599976,-0.515248299
1786.700073,-0.515200615
1786.800049,-0.517489433
1786.900024,-0.514056206
1787,-0.517680168
1787.099976,-0.517155647
1787.200073,-0.51834774
1787.300049,-0.512721062
1787.400024,-0.520064354
1787.5,-0.508906364
1787.599976,-0.510909081
1787.700073,-0.510396481
1787.800049,-0.512434959
1787.900024,-0.509335518
1788,-0.51667881
1788.099976,-0.51129055
1788.200073,-0.51744175
1788.300049,-0.518967628
1788.400024,-0.518252373
1788.5,-0.518252373
1788.599976,-0.515963554
1788.700073,-0.51205349
1788.800049,-0.514008522
1788.900024,-0.51462841
1789,-0.515343666
1789.099976,-0.516774178
1789.200073,-0.515963554
1789.300049,-0.519635201
1789.400024,-0.522305489
1789.5,-0.51834774
1789.599976,-0.515629768
1789.700073,-0.515868187
1789.800049,-0.515439034
1789.900024,-0.514056206
1790,-0.515486717
1790.099976,-0.517012596
1790.200073,-0.520302773
1790.300049,-0.511338234
1790.400024,-0.519158363
1790.5,-0.517489433
1790.599976,-0.517823219
1790.700073,-0.515582085
1790.800049,-0.515117168
1790.900024,-0.513627052
1791,-0.513436317
1791.099976,-0.511314392
1791.200073,-0.508143425
1791.300049,-0.510050774
1791.400024,-0.521399498
1791.5,-0.513197899
1791.599976,-0.518919945
1791.700073,-0.519492149
1791.800049,-0.518967628
1791.900024,-0.513674736
1792,-0.510527611
1792.099976,-0.517394066
1792.200073,-0.513007164
1792.300049,-0.514342308
1792.400024,-0.517394066
1792.5,-0.52039814
1792.599976,-0.516011238
1792.700073,-0.520684242
1792.800049,-0.518872261
1792.900024,-0.51577282
1793,-0.510766029
1793.099976,-0.51500988
1793.200073,-0.520541191
1793.300049,-0.52077961
1793.400024,-0.515152931
1793.5,-0.513245583
1793.599976,-0.520255089
1793.700073,-0.516726494
1793.800049,-0.51500988
1793.900024,-0.514676094
1794,-0.513007164
1794.099976,-0.515152931
1794.200073,-0.519396782
1794.300049,-0.526358604
1794.400024,-0.507380486
1794.5,-0.517251015
1794.599976,-0.521256447
1794.700073,-0.519396782
1794.800049,-0.519349098
1794.900024,-0.512673378
1795,-0.51834774
1795.099976,-0.514199257
1795.200073,-0.515868187
1795.300049,-0.515534401
1795.400024,-0.515081406
1795.5,-0.515921831
1795.599976,-0.516154289
1795.700073,-0.516917229
1795.800049,-0.51295948
1795.900024,-0.51539135
1796,-0.507475853
1796.099976,-0.519587517
1796.200073,-0.512625694
1796.300049,-0.520493507
1796.400024,-0.509287834
1796.5,-0.515534401
1796.599976,-0.510336876
1796.700073,-0.513007164
1796.800049,-0.518586159
1796.900024,-0.518061638
1797,-0.514580727
1797.099976,-0.513436317
1797.200073,-0.514485359
1797.300049,-0.514771461
1797.400024,-0.515152931
1797.5,-0.517537117
1797.599976,-0.512244225
1797.700073,-0.515295982
1797.800049,-0.510670662
1797.900024,-0.519635201
1798,-0.516869545
1798.099976,-0.518586159
1798.200073,-0.521304131
1798.300049,-0.521494865
1798.400024,-0.512768745
1798.5,-0.510861397
1798.599976,-0.51667881
1798.700073,-0.51334095
1798.800049,-0.518848419
1798.900024,-0.522114754
1799,-0.523259163
1799.099976,-0.51834774
1799.200073,-0.516774178
1799.300049,-0.514962196
1799.400024,-0.515486717
1799.5,-0.518157005
1799.599976,-0.522400856
1799.700073,-0.518538475
1799.800049,-0.520159721
1799.900024,-0.517251015
1800,-0.517823219
1800.099976,-0.516917229
1800.200073,-0.515105247
1800.300049,-0.517680168
1800.400024,-0.519206047
1800.5,-0.518192768
1800.599976,-0.51834774
1800.700073,-0.51950109
1800.800049,-0.521161079
1800.900024,-0.520302773
1801,-0.5278368
1801.099976,-0.517918587
1801.200073,-0.529362679
1801.300049,-0.513293266
1801.400024,-0.512101173
1801.5,-0.514103889
1801.599976,-0.51500988
1801.700073,-0.516011238
1801.800049,-0.516058922
1801.900024,-0.509955406
1802,-0.515820503
1802.099976,-0.520970345
1802.200073,-0.518824577
1802.300049,-0.517680168
1802.400024,-0.514914513
1802.5,-0.516011238
1802.599976,-0.512935638
1802.700073,-0.511624336
1802.800049,-0.509192467
1802.900024,-0.515725136
1803,-0.518157005
1803.099976,-0.516058922
1803.200073,-0.512721062
1803.300049,-0.5257864
1803.400024,-0.520207405
1803.5,-0.522496223
1803.599976,-0.516106606
1803.700073,-0.51796627
1803.800049,-0.522686958
1803.900024,-0.525118828
1804,-0.519396782
1804.099976,-0.508858681
1804.200073,-0.520207405
1804.300049,-0.516488075
1804.400024,-0.521733284
1804.5,-0.509860039
1804.599976,-0.519158363
1804.700073,-0.523592949
1804.800049,-0.52001667
1804.900024,-0.516392708
1805,-0.516964912
1805.099976,-0.517119884
1805.200073,-0.515629768
1805.300049,-0.519492149
1805.400024,-0.517918587
1805.5,-0.516345024
1805.599976,-0.519921303
1805.700073,-0.521065712
1805.800049,-0.519253731
1805.900024,-0.520588875
1806,-0.527407646
1806.099976,-0.514580727
1806.200073,-0.524975777
1806.300049,-0.515152931
1806.400024,-0.521590233
1806.5,-0.514294624
1806.599976,-0.512387276
1806.700073,-0.519730568
1806.800049,-0.517155647
1806.900024,-0.525691032
1807,-0.525547981
1807.099976,-0.521709442
1807.200073,-0.517298698
1807.300049,-0.518300056
1807.400024,-0.515582085
1807.5,-0.515534401
1807.599976,-0.523259163
1807.700073,-0.519778252
1807.800049,-0.515295982
1807.900024,-0.523068428
1808,-0.51667881
1808.099976,-0.517012596
1808.200073,-0.518919945
1808.300049,-0.521924019
1808.400024,-0.515725136
1808.5,-0.509192467
1808.599976,-0.514485359
1808.700073,-0.521733284
1808.800049,-0.51577282
1808.900024,-0.522400856
1809,-0.52745533
1809.099976,-0.525547981
1809.200073,-0.524844646
1809.300049,-0.523190618
1809.400024,-0.52077961
1809.5,-0.521590233
1809.599976,-0.519301414
1809.700073,-0.519873619
1809.800049,-0.520302773
1809.900024,-0.513579369
1810,-0.525071144
1810.099976,-0.519778252
1810.200073,-0.517155647
1810.300049,-0.530077934
1810.400024,-0.519444466
1810.5,-0.524737358
1810.599976,-0.521161079
1810.700073,-0.512816429
1810.800049,-0.517823219
1810.900024,-0.52001667
1811,-0.512244225
1811.099976,-0.515629768
1811.200073,-0.524641991
1811.300049,-0.524689674
1811.400024,-0.522400856
1811.5,-0.517918587
1811.599976,-0.519396782
1811.700073,-0.517632484
1811.800049,-0.518776894
1811.900024,-0.531651497
1812,-0.522019386
1812.099976,-0.513007164
1812.200073,-0.523449898
1812.300049,-0.519253731
1812.400024,-0.524785042
1812.5,-0.518109322
1812.599976,-0.516345024
1812.700073,-0.518621922
1812.800049,-0.519349098
1812.900024,-0.520684242
1813,-0.524069786
1813.099976,-0.51295948
1813.200073,-0.518967628
1813.300049,-0.524928093
1813.400024,-0.521351814
1813.5,-0.525166512
1813.599976,-0.514914513
1813.700073,-0.521590233
1813.800049,-0.526453972
1813.900024,-0.523211479
1814,-0.519921303
1814.099976,-0.517012596
1814.200073,-0.512768745
1814.300049,-0.512148857
1814.400024,-0.51500988
1814.5,-0.517870903
1814.599976,-0.517251015
1814.700073,-0.521065712
1814.800049,-0.521733284
1814.900024,-0.524212837
1815,-0.524403572
1815.099976,-0.521780968
1815.200073,-0.516821861
1815.300049,-0.520731926
1815.400024,-0.516345024
1815.5,-0.522543907
1815.599976,-0.51500988
1815.700073,-0.517632484
1815.800049,-0.52244854
1815.900024,-0.517155647
1816,-0.523402214
1816.099976,-0.517394066
1816.200073,-0.522496223
1816.300049,-0.51577282
1816.400024,-0.525834084
1816.5,-0.518967628
1816.599976,-0.522973061
1816.700073,-0.516964912
1816.800049,-0.530888557
1816.900024,-0.520207405
1817,-0.516249657
1817.099976,-0.525214195
1817.200073,-0.514103889
1817.300049,-0.524641991
1817.400024,-0.518443108
1817.5,-0.515439034
1817.599976,-0.524546623
1817.700073,-0.515248299
1817.800049,-0.524975777
1817.900024,-0.522925377
1818,-0.521542549
1818.099976,-0.523163795
1818.200073,-0.521256447
1818.300049,-0.517489433
1818.400024,-0.51796627
1818.5,-0.518717289
1818.599976,-0.517772555
1818.700073,-0.517298698
1818.800049,-0.517107964
1818.900024,-0.522543907
1819,-0.520350456
1819.099976,-0.515343666
1819.200073,-0.519396782
1819.300049,-0.5216856
1819.400024,-0.520684242
1819.5,-0.522591591
1819.599976,-0.519301414
1819.700073,-0.531889915
1819.800049,-0.524022102
1819.900024,-0.510289192
1820,-0.519396782
1820.099976,-0.517203331
1820.200073,-0.52502346
1820.300049,-0.525071144
1820.400024,-0.519301414
1820.5,-0.529171944
1820.599976,-0.518490791
1820.700073,-0.517727852
1820.800049,-0.525166512
1820.900024,-0.521971703
1821,-0.524832726
1821.099976,-0.514151573
1821.200073,-0.512864113
1821.300049,-0.515439034
1821.400024,-0.522639275
1821.5,-0.527026176
1821.599976,-0.520255089
1821.700073,-0.521733284
1821.800049,-0.524165154
1821.900024,-0.528265953
1822,-0.526406288
1822.099976,-0.523879051
1822.200073,-0.522114754
1822.300049,-0.520636559
1822.400024,-0.532509804
1822.5,-0.523974419
1822.599976,-0.52874279
1822.700073,-0.51872921
1822.800049,-0.524785042
1822.900024,-0.519062996
1823,-0.52950573
1823.099976,-0.524022102
1823.200073,-0.521494865
1823.300049,-0.524641991
1823.400024,-0.52399826
1823.5,-0.525071144
1823.599976,-0.524785042
1823.700073,-0.525440693
1823.800049,-0.525881767
1823.900024,-0.526024818
1824,-0.524951935
1824.099976,-0.52335453
1824.200073,-0.524546623
1824.300049,-0.5221982
1824.400024,-0.519015312
1824.5,-0.521876335
1824.599976,-0.526072502
1824.700073,-0.514533043
1824.800049,-0.517584801
1824.900024,-0.524308205
1825,-0.526406288
1825.099976,-0.5216856
1825.200073,-0.5257864
1825.300049,-0.521447182
1825.400024,-0.51462841
1825.5,-0.522543907
1825.599976,-0.525500298
1825.700073,-0.519492149
1825.800049,-0.523068428
1825.900024,-0.522400856
1826,-0.522305489
1826.099976,-0.522949219
1826.200073,-0.523497581
1826.300049,-0.523592949
1826.400024,-0.524737358
1826.5,-0.523402214
1826.599976,-0.525595665
1826.700073,-0.522114754
1826.800049,-0.522877693
1826.900024,-0.518061638
1827,-0.516440392
1827.099976,-0.518908024
1827.200073,-0.521065712
1827.300049,-0.520064354
1827.400024,-0.521208763
1827.5,-0.517251015
1827.599976,-0.522496223
1827.700073,-0.524832726
1827.800049,-0.517680168
1827.900024,-0.52335453
1828,-0.527216911
1828.099976,-0.527598381
1828.200073,-0.520731926
1828.300049,-0.51911068
1828.400024,-0.522353172
1828.5,-0.531842232
1828.599976,-0.531031609
1828.700073,-0.518300056
1828.800049,-0.517489433
1828.900024,-0.529791832
1829,-0.51706028
1829.099976,-0.526072502
1829.200073,-0.522496223
1829.300049,-0.523449898
1829.400024,-0.518967628
1829.5,-0.531126976
1829.599976,-0.523449898
1829.700073,-0.518967628
1829.800049,-0.529887199
1829.900024,-0.524832726
1830,-0.521780968
1830.099976,-0.518586159
1830.200073,-0.523306847
1830.300049,-0.521780968
1830.400024,-0.522126675
1830.5,-0.52206707
1830.599976,-0.521351814
1830.700073,-0.521482944
1830.800049,-0.521780968
1830.900024,-0.522302508
1831,-0.522830009
1831.099976,-0.523116112
1831.200073,-0.52411747
1831.300049,-0.52616787
1831.400024,-0.524546623
1831.5,-0.518157005
1831.599976,-0.520445824
1831.700073,-0.527407646
1831.800049,-0.52335453
1831.900024,-0.516345024
1832,-0.526215553
1832.099976,-0.529410362
1832.200073,-0.526358604
1832.300049,-0.524451256
1832.400024,-0.527359962
1832.5,-0.525547981
1832.599976,-0.525452614
1832.700073,-0.525834084
1832.800049,-0.525035381
1832.900024,-0.526310921
1833,-0.522543907
1833.099976,-0.527312279
1833.200073,-0.525357246
1833.300049,-0.522591591
1833.400024,-0.524308205
1833.5,-0.528981209
1833.599976,-0.525118828
1833.700073,-0.534274101
1833.800049,-0.518681526
1833.900024,-0.523449898
1834,-0.528170586
1834.099976,-0.518204689
1834.200073,-0.521208763
1834.300049,-0.530888557
1834.400024,-0.531317711
1834.5,-0.528206348
1834.599976,-0.524308205
1834.700073,-0.526310921
1834.800049,-0.524785042
1834.900024,-0.528075218
1835,-0.522210121
1835.099976,-0.525977135
1835.200073,-0.523592949
1835.300049,-0.520922661
1835.400024,-0.526024818
1835.5,-0.523020744
1835.599976,-0.524165154
1835.700073,-0.524069786
1835.800049,-0.523879051
1835.900024,-0.527181149
1836,-0.530602455
1836.099976,-0.530173302
1836.200073,-0.522639275
1836.300049,-0.521447182
1836.400024,-0.525166512
1836.5,-0.520731926
1836.599976,-0.526358604
1836.700073,-0.519349098
1836.800049,-0.521208763
1836.900024,-0.522305489
1837,-0.523306847
1837.099976,-0.521375656
1837.200073,-0.520874977
1837.300049,-0.519015312
1837.400024,-0.520886898
1837.5,-0.519444466
1837.599976,-0.520830274
1837.700073,-0.521351814
1837.800049,-0.521637917
1837.900024,-0.528647423
1838,-0.525547981
1838.099976,-0.525691032
1838.200073,-0.524689674
1838.300049,-0.523879051
1838.400024,-0.523402214
1838.5,-0.523211479
1838.599976,-0.521828651
1838.700073,-0.528122902
1838.800049,-0.532223701
1838.900024,-0.519635201
1839,-0.515534401
1839.099976,-0.526072502
1839.200073,-0.524451256
1839.300049,-0.525643349
1839.400024,-0.519301414
1839.5,-0.516488075
1839.599976,-0.524689674
1839.700073,-0.523545265
1839.800049,-0.52206707
1839.900024,-0.530602455
1840,-0.519825935
1840.099976,-0.525357246
1840.200073,-0.528647423
1840.300049,-0.530268669
1840.400024,-0.526418209
1840.5,-0.523497581
1840.599976,-0.523259163
1840.700073,-0.523926735
1840.800049,-0.52449894
1840.900024,-0.525989056
1841,-0.528075218
1841.099976,-0.52745533
1841.200073,-0.525977135
1841.300049,-0.530507088
1841.400024,-0.522496223
1841.5,-0.530030251
1841.599976,-0.528599739
1841.700073,-0.528981209
1841.800049,-0.526358604
1841.900024,-0.525309563
1842,-0.526704311
1842.099976,-0.528218269
1842.200073,-0.526930809
1842.300049,-0.526358604
1842.400024,-0.519635201
1842.5,-0.520922661
1842.599976,-0.524355888
1842.700073,-0.527789116
1842.800049,-0.529076576
1842.900024,-0.527503014
1843,-0.527932167
1843.099976,-0.525214195
1843.200073,-0.528170586
1843.300049,-0.525881767
1843.400024,-0.526406288
1843.5,-0.523736
1843.599976,-0.521399498
1843.700073,-0.526263237
1843.800049,-0.528456688
1843.900024,-0.527884483
1844,-0.524785042
1844.099976,-0.526453972
1844.200073,-0.525667191
1844.300049,-0.526358604
1844.400024,-0.525071144
1844.5,-0.529601097
1844.599976,-0.53246212
1844.700073,-0.526883125
1844.800049,-0.521494865
1844.900024,-0.525261879
1845,-0.522973061
1845.099976,-0.526215553
1845.200073,-0.528790474
1845.300049,-0.528504372
1845.400024,-0.526632786
1845.5,-0.523879051
1845.599976,-0.525357246
1845.700073,-0.523259163
1845.800049,-0.536849022
1845.900024,-0.529839516
1846,-0.521924019
1846.099976,-0.528170586
1846.200073,-0.529791832
1846.300049,-0.526608944
1846.400024,-0.524451256
1846.5,-0.524022102
1846.599976,-0.524928093
1846.700073,-0.524785042
1846.800049,-0.527503014
1846.900024,-0.525762558
1847,-0.52707386
1847.099976,-0.523688316
1847.200073,-0.524641991
1847.300049,-0.528599739
1847.400024,-0.53079319
1847.5,-0.529028893
1847.599976,-0.526120186
1847.700073,-0.521494865
1847.800049,-0.53117466
1847.900024,-0.529028893
1848,-0.520874977
1848.099976,-0.52502346
1848.200073,-0.530459404
1848.300049,-0.53541851
1848.400024,-0.532509804
1848.5,-0.52950573
1848.599976,-0.529076576
1848.700073,-0.530805111
1848.800049,-0.533272743
1848.900024,-0.531365395
1849,-0.52335453
1849.099976,-0.5216856
1849.200073,-0.524928093
1849.300049,-0.521256447
1849.400024,-0.524355888
1849.5,-0.524022102
1849.599976,-0.521971703
1849.700073,-0.5278368
1849.800049,-0.531842232
1849.900024,-0.522114754
1850,-0.522400856
1850.099976,-0.523736
1850.200073,-0.526632786
1850.300049,-0.529362679
1850.400024,-0.531031609
1850.5,-0.528790474
1850.599976,-0.528122902
1850.700073,-0.531031609
1850.800049,-0.529219627
1850.900024,-0.522734642
1851,-0.519492149
1851.099976,-0.522877693
1851.200073,-0.526406288
1851.300049,-0.522877693
1851.400024,-0.531413078
1851.5,-0.52950573
1851.599976,-0.533654213
1851.700073,-0.526263237
1851.800049,-0.521590233
1851.900024,-0.529648781
1852,-0.523783684
1852.099976,-0.521113396
1852.200073,-0.527979851
1852.300049,-0.527789116
1852.400024,-0.525500298
1852.5,-0.526597023
1852.599976,-0.52950573
1852.700073,-0.529028893
1852.800049,-0.527920246
1852.900024,-0.526263237
1853,-0.526883125
1853.099976,-0.524928093
1853.200073,-0.524689674
1853.300049,-0.528075218
1853.400024,-0.528838158
1853.5,-0.534607887
1853.599976,-0.524212837
1853.700073,-0.531365395
1853.800049,-0.527979851
1853.900024,-0.529887199
1854,-0.533797264
1854.099976,-0.53246212
1854.200073,-0.530066013
1854.300049,-0.52616787
1854.400024,-0.5278368
1854.5,-0.523116112
1854.599976,-0.530220985
1854.700073,-0.534989357
1854.800049,-0.525357246
1854.900024,-0.525691032
1855,-0.533082008
1855.099976,-0.529553413
1855.200073,-0.53246212
1855.300049,-0.523688316
1855.400024,-0.533701897
1855.5,-0.529648781
1855.599976,-0.523640633
1855.700073,-0.5278368
1855.800049,-0.52950573
1855.900024,-0.530364037
1856,-0.521876335
1856.099976,-0.538994789
1856.200073,-0.531079292
1856.300049,-0.524689674
1856.400024,-0.531126976
1856.5,-0.532414436
1856.599976,-0.529040813
1856.700073,-0.526406288
1856.800049,-0.526215553
1856.900024,-0.529410362
1857,-0.532509804
1857.099976,-0.532509804
1857.200073,-0.528027534
1857.300049,-0.528218269
1857.400024,-0.526883125
1857.5,-0.524641991
1857.599976,-0.528420925
1857.700073,-0.532414436
1857.800049,-0.529744148
1857.900024,-0.524403572
1858,-0.531508446
1858.099976,-0.51872921
1858.200073,-0.533320427
1858.300049,-0.52449894
1858.400024,-0.530173302
1858.5,-0.530268669
1858.599976,-0.52244854
1858.700073,-0.533797264
1858.800049,-0.528170586
1858.900024,-0.531508446
1859,-0.531126976
1859.099976,-0.529672623
1859.200073,-0.527359962
1859.300049,-0.528695107
1859.400024,-0.530507088
1859.5,-0.535752296
1859.599976,-0.522973061
1859.700073,-0.538136482
1859.800049,-0.521828651
1859.900024,-0.531317711
1860,-0.531413078
1860.099976,-0.529362679
1860.200073,-0.530554771
1860.300049,-0.526501656
1860.400024,-0.53322506
1860.5,-0.528838158
1860.599976,-0.537182808
1860.700073,-0.531079292
1860.800049,-0.530220985
1860.900024,-0.528516293
1861,-0.525738716
1861.099976,-0.527026176
1861.200073,-0.532164097
1861.300049,-0.539328575
1861.400024,-0.53656292
1861.5,-0.5216856
1861.599976,-0.531126976
1861.700073,-0.523831367
1861.800049,-0.530316353
1861.900024,-0.535227776
1862,-0.524594307
1862.099976,-0.536753654
1862.200073,-0.524403572
1862.300049,-0.530268669
1862.400024,-0.530888557
1862.5,-0.530983925
1862.599976,-0.529362679
1862.700073,-0.529696465
1862.800049,-0.531651497
1862.900024,-0.528981209
1863,-0.526644707
1863.099976,-0.52836132
1863.200073,-0.531222343
1863.300049,-0.525166512
1863.400024,-0.526930809
1863.5,-0.525738716
1863.599976,-0.529458046
1863.700073,-0.525309563
1863.800049,-0.532938957
1863.900024,-0.536419868
1864,-0.53079319
1864.099976,-0.532509804
1864.200073,-0.527932167
1864.300049,-0.532795906
1864.400024,-0.527264595
1864.5,-0.527264595
1864.599976,-0.527932167
1864.700073,-0.533892632
1864.800049,-0.527550697
1864.900024,-0.521637917
1865,-0.528075218
1865.099976,-0.529982567
1865.200073,-0.525547981
1865.300049,-0.536992073
1865.400024,-0.524022102
1865.5,-0.534464836
1865.599976,-0.529601097
1865.700073,-0.531126976
1865.800049,-0.528409004
1865.900024,-0.525977135
1866,-0.529791832
1866.099976,-0.52823019
1866.200073,-0.528409004
1866.300049,-0.52874279
1866.400024,-0.531246185
1866.5,-0.53208065
1866.599976,-0.535752296
1866.700073,-0.529267311
1866.800049,-0.532032967
1866.900024,-0.526263237
1867,-0.535323143
1867.099976,-0.530077934
1867.200073,-0.526787758
1867.300049,-0.53823185
1867.400024,-0.539471626
1867.5,-0.525547981
1867.599976,-0.530364037
1867.700073,-0.540568352
1867.800049,-0.533940315
1867.900024,-0.525357246
1868,-0.523497581
1868.099976,-0.528552055
1868.200073,-0.536372185
1868.300049,-0.532271385
1868.400024,-0.531413078
1868.5,-0.525643349
1868.599976,-0.532176018
1868.700073,-0.523497581
1868.800049,-0.524832726
1868.900024,-0.531556129
1869,-0.531746864
1869.099976,-0.539090157
1869.200073,-0.530173302
1869.300049,-0.534989357
1869.400024,-0.53246212
1869.5,-0.530697823
1869.599976,-0.532176018
1869.700073,-0.533463478
1869.800049,-0.53208065
1869.900024,-0.52836132
1870,-0.524022102
1870.099976,-0.531937599
1870.200073,-0.527550697
1870.300049,-0.523306847
1870.400024,-0.529028893
1870.5,-0.52912426
1870.599976,-0.529613018
1870.700073,-0.527789116
1870.800049,-0.532509804
1870.900024,-0.539614677
1871,-0.532652855
1871.099976,-0.526120186
1871.200073,-0.528313637
1871.300049,-0.526740074
1871.400024,-0.530173302
1871.5,-0.527503014
1871.599976,-0.53322506
1871.700073,-0.534369469
1871.800049,-0.531842232
1871.900024,-0.535323143
1872,-0.533511162
1872.099976,-0.531317711
1872.200073,-0.524594307
1872.300049,-0.524260521
1872.400024,-0.528850079
1872.5,-0.531746864
1872.599976,-0.534798622
1872.700073,-0.535656929
1872.800049,-0.531484604
1872.900024,-0.527169228
1873,-0.528313637
1873.099976,-0.532128334
1873.200073,-0.532795906
1873.300049,-0.528599739
1873.400024,-0.535704613
1873.5,-0.529219627
1873.599976,-0.525691032
1873.700073,-0.526072502
1873.800049,-0.532748222
1873.900024,-0.532223701
1874,-0.523402214
1874.099976,-0.529362679
1874.200073,-0.535323143
1874.300049,-0.52874279
1874.400024,-0.524308205
1874.5,-0.53208065
1874.599976,-0.530364037
1874.700073,-0.533654213
1874.800049,-0.528552055
1874.900024,-0.532700539
1875,-0.52912426
1875.099976,-0.532605171
1875.200073,-0.526787758
1875.300049,-0.522973061
1875.400024,-0.52244854
1875.5,-0.527443409
1875.599976,-0.531079292
1875.700073,-0.533272743
1875.800049,-0.53246212
1875.900024,-0.531842232
1876,-0.529887199
1876.099976,-0.531746864
1876.200073,-0.528981209
1876.300049,-0.527789116
1876.400024,-0.533570766
1876.5,-0.541235924
1876.599976,-0.536276817
1876.700073,-0.525643349
1876.800049,-0.527598381
1876.900024,-0.526537418
1877,-0.525452614
1877.099976,-0.52745533
1877.200073,-0.531031609
1877.300049,-0.533320427
1877.400024,-0.529267311
1877.5,-0.525929451
1877.599976,-0.526787758
1877.700073,-0.533558846
1877.800049,-0.527884483
1877.900024,-0.537516594
1878,-0.527932167
1878.099976,-0.529267311
1878.200073,-0.532271385
1878.300049,-0.530316353
1878.400024,-0.534846306
1878.5,-0.533463478
1878.599976,-0.535895348
1878.700073,-0.534035683
1878.800049,-0.533272743
1878.900024,-0.52912426
1879,-0.532032967
1879.099976,-0.529028893
1879.200073,-0.530077934
1879.300049,-0.532354832
1879.400024,-0.535466194
1879.5,-0.534846306
1879.599976,-0.52950573
1879.700073,-0.531794548
1879.800049,-0.525166512
1879.900024,-0.528170586
1880,-0.529410362
1880.099976,-0.535895348
1880.200073,-0.528933525
1880.300049,-0.536515236
1880.400024,-0.531460762
1880.5,-0.537898064
1880.599976,-0.533797264
1880.700073,-0.537707329
1880.800049,-0.531556129
1880.900024,-0.530602455
1881,-0.532652855
1881.099976,-0.532164097
1881.200073,-0.530840874
1881.300049,-0.534560204
1881.400024,-0.528933525
1881.5,-0.531699181
1881.599976,-0.532795906
1881.700073,-0.527264595
1881.800049,-0.535704613
1881.900024,-0.529458046
1882,-0.535943031
1882.099976,-0.526978493
1882.200073,-0.534369469
1882.300049,-0.531317711
1882.400024,-0.526501656
1882.5,-0.535037041
1882.599976,-0.526501656
1882.700073,-0.537707329
1882.800049,-0.535752296
1882.900024,-0.529887199
1883,-0.535275459
1883.099976,-0.532032967
1883.200073,-0.526072502
1883.300049,-0.531794548
1883.400024,-0.536992073
1883.5,-0.540520668
1883.599976,-0.535943031
1883.700073,-0.534464836
1883.800049,-0.531794548
1883.900024,-0.533463478
1884,-0.529791832
1884.099976,-0.524546623
1884.200073,-0.535943031
1884.300049,-0.53246212
1884.400024,-0.535656929
1884.5,-0.529267311
1884.599976,-0.535084724
1884.700073,-0.532319069
1884.800049,-0.530650139
1884.900024,-0.530220985
1885,-0.529839516
1885.099976,-0.530983925
1885.200073,-0.538804054
1885.300049,-0.533654213
1885.400024,-0.526597023
1885.5,-0.531985283
1885.599976,-0.5445261
1885.700073,-0.528027534
1885.800049,-0.537421227
1885.900024,-0.533082008
1886,-0.528933525
1886.099976,-0.533987999
1886.200073,-0.532414436
1886.300049,-0.531985283
1886.400024,-0.527932167
1886.5,-0.535084724
1886.599976,-0.541426659
1886.700073,-0.540568352
1886.800049,-0.53618145
1886.900024,-0.537707329
1887,-0.537707329
1887.099976,-0.536372185
1887.200073,-0.535609245
1887.300049,-0.535275459
1887.400024,-0.533797264
1887.5,-0.535943031
1887.599976,-0.530602455
1887.700073,-0.532176018
1887.800049,-0.530888557
1887.900024,-0.53208065
1888,-0.534178734
1888.099976,-0.532176018
1888.200073,-0.536372185
1888.300049,-0.533272743
1888.400024,-0.531413078
1888.5,-0.530125618
1888.599976,-0.528933525
1888.700073,-0.529648781
1888.800049,-0.530948162
1888.900024,-0.533463478
1889,-0.531746864
1889.099976,-0.53579998
1889.200073,-0.536705971
1889.300049,-0.538994789
1889.400024,-0.538088799
1889.5,-0.538267612
1889.599976,-0.538661003
1889.700073,-0.537325859
1889.800049,-0.53451252
1889.900024,-0.533964157
1890,-0.532032967
1890.099976,-0.531985283
1890.200073,-0.532366753
1890.300049,-0.534560204
1890.400024,-0.530888557
1890.5,-0.535847664
1890.599976,-0.530983925
1890.700073,-0.533701897
1890.800049,-0.536419868
1890.900024,-0.533320427
1891,-0.531889915
1891.099976,-0.533844948
1891.200073,-0.531270027
1891.300049,-0.53785038
1891.400024,-0.533272743
1891.5,-0.537707329
1891.599976,-0.538374901
1891.700073,-0.537182808
1891.800049,-0.532366753
1891.900024,-0.540139198
1892,-0.537039757
1892.099976,-0.541045189
1892.200073,-0.535275459
1892.300049,-0.532795906
1892.400024,-0.532938957
1892.5,-0.527789116
1892.599976,-0.531365395
1892.700073,-0.53746891
1892.800049,-0.536515236
1892.900024,-0.538422585
1893,-0.534750938
1893.099976,-0.529553413
1893.200073,-0.534655571
1893.300049,-0.536610603
1893.400024,-0.537707329
1893.5,-0.536610603
1893.599976,-0.537278175
1893.700073,-0.534846306
1893.800049,-0.536992073
1893.900024,-0.53246212
1894,-0.530650139
1894.099976,-0.534226418
1894.200073,-0.540425301
1894.300049,-0.529458046
1894.400024,-0.535895348
1894.5,-0.530173302
1894.599976,-0.540329933
1894.700073,-0.536372185
1894.800049,-0.531889915
1894.900024,-0.533701897
1895,-0.531007767
1895.099976,-0.527646065
1895.200073,-0.53079319
1895.300049,-0.526263237
1895.400024,-0.531317711
1895.5,-0.535466194
1895.599976,-0.536753654
1895.700073,-0.537564278
1895.800049,-0.537135124
1895.900024,-0.534321785
1896,-0.536276817
1896.099976,-0.531842232
1896.200073,-0.534989357
1896.300049,-0.533606529
1896.400024,-0.53374958
1896.5,-0.537135124
1896.599976,-0.53579998
1896.700073,-0.530888557
1896.800049,-0.536753654
1896.900024,-0.540520668
1897,-0.532795906
1897.099976,-0.53951931
1897.200073,-0.53541851
1897.300049,-0.53823185
1897.400024,-0.539471626
1897.5,-0.531556129
1897.599976,-0.535561562
1897.700073,-0.540520668
1897.800049,-0.537611961
1897.900024,-0.52540493
1898,-0.540949821
1898.099976,-0.532986641
1898.200073,-0.529219627
1898.300049,-0.531377316
1898.400024,-0.531746864
1898.5,-0.531556129
1898.599976,-0.533177376
1898.700073,-0.529553413
1898.800049,-0.536324501
1898.900024,-0.531317711
1899,-0.533606529
1899.099976,-0.528075218
1899.200073,-0.532986641
1899.300049,-0.538851738
1899.400024,-0.531460762
1899.5,-0.538899422
1899.599976,-0.538041115
1899.700073,-0.530268669
1899.800049,-0.539757729
1899.900024,-0.535037041
1900,-0.536658287
1900.099976,-0.535370827
1900.200073,-0.533558846
1900.300049,-0.540043831
1900.400024,-0.533892632
1900.5,-0.529696465
1900.599976,-0.533463478
1900.700073,-0.543286324
1900.800049,-0.540568352
1900.900024,-0.538374901
1901,-0.538470268
1901.099976,-0.53489399
1901.200073,-0.533034325
1901.300049,-0.53374958
1901.400024,-0.538851738
1901.5,-0.538994789
1901.599976,-0.533511162
1901.700073,-0.532032967
1901.800049,-0.534297943
1901.900024,-0.534560204
1902,-0.53708744
1902.099976,-0.533844948
1902.200073,-0.531794548
1902.300049,-0.531651497
1902.400024,-0.536276817
1902.5,-0.535990715
1902.599976,-0.533844948
1902.700073,-0.540520668
1902.800049,-0.537373543
1902.900024,-0.559284449
1903,-0.575854778
1903.099976,-0.583388805
1903.200073,-0.586631298
1903.300049,-0.580766201
1903.400024,-0.574805737
1903.5,-0.579526424
1903.599976,-0.581099987
1903.700073,-0.571086407
1903.800049,-0.582911968
1903.900024,-0.573613644
1904,-0.577428341
1904.099976,-0.575294495
1904.200073,-0.575711727
1904.300049,-0.574424267
1904.400024,-0.579144955
1904.5,-0.581433773
1904.599976,-0.577189922
1904.700073,-0.573709011
1904.800049,-0.58088541
1904.900024,-0.586106777
1905,-0.586535931
1905.099976,-0.578000546
1905.200073,-0.577666759
1905.300049,-0.574948788
1905.400024,-0.584151745
1905.5,-0.573375225
1905.599976,-0.578763485
1905.700073,-0.586345196
1905.800049,-0.58100462
1905.900024,-0.579097271
1906,-0.577571392
1906.099976,-0.576140881
1906.200073,-0.585772991
1906.300049,-0.57280302
1906.400024,-0.578906536
1906.5,-0.581862926
1906.599976,-0.590064526
1906.700073,-0.584914684
1906.800049,-0.573661327
1906.900024,-0.580146313
1907,-0.590541363
1907.099976,-0.577142239
1907.200073,-0.585057735
1907.300049,-0.584199429
1907.400024,-0.573136806
1907.5,-0.586678982
1907.599976,-0.577476025
1907.700073,-0.579621792
1907.800049,-0.574662685
1907.900024,-0.570514202
1908,-0.586583614
1908.099976,-0.574042797
1908.200073,-0.583388805
1908.300049,-0.58396101
1908.400024,-0.578286648
1908.5,-0.578668118
1908.599976,-0.577046871
1908.700073,-0.585200787
1908.800049,-0.572612286
1908.900024,-0.584485531
1909,-0.578715801
1909.099976,-0.573136806
1909.200073,-0.580384731
1909.300049,-0.581862926
1909.400024,-0.589063168
1909.5,-0.575139523
1909.599976,-0.58062315
1909.700073,-0.576999187
1909.800049,-0.589253902
1909.900024,-0.58062315
1910,-0.586059093
1910.099976,-0.576331615
1910.200073,-0.582816601
1910.300049,-0.583055019
1910.400024,-0.582149029
1910.5,-0.582053661
1910.599976,-0.582506657
1910.700073,-0.582435131
1910.800049,-0.583388805
1910.900024,-0.58524847
1911,-0.57895422
1911.099976,-0.576140881
1911.200073,-0.580575466
1911.300049,-0.578143597
1911.400024,-0.579240322
1911.5,-0.581147671
1911.599976,-0.577523708
1911.700073,-0.570371151
1911.800049,-0.576426983
1911.900024,-0.574662685
1912,-0.577476025
1912.099976,-0.583484173
1912.200073,-0.577809811
1912.300049,-0.579431057
1912.400024,-0.578763485
1912.5,-0.577857494
1912.599976,-0.578477383
1912.700073,-0.580337048
1912.800049,-0.577309132
1912.900024,-0.575854778
1913,-0.574567318
1913.099976,-0.580384731
1913.200073,-0.571801662
1913.300049,-0.58152914
1913.400024,-0.584676266
1913.5,-0.579204559
1913.599976,-0.575711727
1913.700073,-0.574901104
1913.800049,-0.577619076
1913.900024,-0.578155518
1914,-0.579383373
1914.099976,-0.580718517
1914.200073,-0.582196712
1914.300049,-0.578620434
1914.400024,-0.575044155
1914.5,-0.57652235
1914.599976,-0.577428341
1914.700073,-0.579144955
1914.800049,-0.574376583
1914.900024,-0.586297512
1915,-0.580098629
1915.099976,-0.580861568
1915.200073,-0.58267355
1915.300049,-0.578620434
1915.400024,-0.572421551
1915.5,-0.578429699
1915.599976,-0.575044155
1915.700073,-0.584819317
1915.800049,-0.58229208
1915.900024,-0.58024168
1916,-0.580480099
1916.099976,-0.579001904
1916.200073,-0.573995113
1916.300049,-0.574805737
1916.400024,-0.579669476
1916.5,-0.580301285
1916.599976,-0.583150387
1916.700073,-0.58357954
1916.800049,-0.58011055
1916.900024,-0.57690382
1917,-0.576808453
1917.099976,-0.573136806
1917.200073,-0.578334332
1917.300049,-0.5869174
1917.400024,-0.577237606
1917.5,-0.588920116
1917.599976,-0.571658611
1917.700073,-0.570275784
1917.800049,-0.578417778
1917.900024,-0.58729887
1918,-0.584437847
1918.099976,-0.577619076
1918.200073,-0.582101345
1918.300049,-0.578620434
1918.400024,-0.571610928
1918.5,-0.58062315
1918.599976,-0.576665401
1918.700073,-0.579478741
1918.800049,-0.576999187
1918.900024,-0.578644276
1919,-0.579574108
1919.099976,-0.578525066
1919.200073,-0.581243038
1919.300049,-0.581719875
1919.400024,-0.578012466
1919.5,-0.576426983
1919.599976,-0.572659969
1919.700073,-0.574901104
1919.800049,-0.581481457
1919.900024,-0.57857275
1920,-0.580432415
1920.099976,-0.577952862
1920.200073,-0.57652235
1920.300049,-0.576283932
1920.400024,-0.582005978
1920.5,-0.575377941
1920.599976,-0.58357954
1920.700073,-0.571801662
1920.800049,-0.574662685
1920.900024,-0.576140881
1921,-0.571658611
1921.099976,-0.583007336
1921.200073,-0.575473309
1921.300049,-0.576713085
1921.400024,-0.574913025
1921.5,-0.574615002
1921.599976,-0.576942563
1921.700073,-0.578000546
1921.800049,-0.58024168
1921.900024,-0.575950146
1922,-0.579669476
1922.099976,-0.584533215
1922.200073,-0.586154461
1922.300049,-0.581386089
1922.400024,-0.579288006
1922.5,-0.578489304
1922.599976,-0.577142239
1922.700073,-0.576140881
1922.800049,-0.578000546
1922.900024,-0.573232174
1923,-0.571420193
1923.099976,-0.577476025
1923.200073,-0.581433773
1923.300049,-0.572183132
1923.400024,-0.581481457
1923.5,-0.571324825
1923.599976,-0.584294796
1923.700073,-0.573041439
1923.800049,-0.587251186
1923.900024,-0.577952862
1924,-0.571372509
1924.099976,-0.57652235
1924.200073,-0.5702281
1924.300049,-0.570991039
1924.400024,-0.578525066
1924.5,-0.574328899
1924.599976,-0.582578182
1924.700073,-0.573613644
1924.800049,-0.581386089
1924.900024,-0.583150387
1925,-0.575902462
1925.099976,-0.575568676
1925.200073,-0.577201843
1925.300049,-0.577046871
1925.400024,-0.580289364
1925.5,-0.575854778
1925.599976,-0.581243038
1925.700073,-0.578811169
1925.800049,-0.578429699
1925.900024,-0.578620434
1926,-0.582625866
1926.099976,-0.581481457
1926.200073,-0.575950146
1926.300049,-0.586822033
1926.400024,-0.576045513
1926.5,-0.580337048
1926.599976,-0.580909252
1926.700073,-0.578763485
1926.800049,-0.581052303
1926.900024,-0.58267355
1927,-0.581862926
1927.099976,-0.579812527
1927.200073,-0.580766201
1927.300049,-0.577237606
1927.400024,-0.579049587
1927.5,-0.578429699
1927.599976,-0.577893257
1927.700073,-0.576760769
1927.800049,-0.577332973
1927.900024,-0.577523708
1928,-0.574805737
1928.099976,-0.583817959
1928.200073,-0.573470592
1928.300049,-0.576665401
1928.400024,-0.578525066
1928.5,-0.578000546
1928.599976,-0.577726364
1928.700073,-0.575664043
1928.800049,-0.578715801
1928.900024,-0.576045513
1929,-0.577952862
1929.099976,-0.582816601
1929.200073,-0.578715801
1929.300049,-0.585963726
1929.400024,-0.581243038
1929.5,-0.579144955
1929.599976,-0.575568676
1929.700073,-0.579955578
1929.800049,-0.575759411
1929.900024,-0.577094555
1930,-0.586249828
1930.099976,-0.57857275
1930.200073,-0.586488247
1930.300049,-0.576999187
1930.400024,-0.57895422
1930.5,-0.575044155
1930.599976,-0.571610928
1930.700073,-0.576951504
1930.800049,-0.577428341
1930.900024,-0.574281216
1931,-0.573375225
1931.099976,-0.57715416
1931.200073,-0.579907894
1931.300049,-0.581052303
1931.400024,-0.577332973
1931.5,-0.589301586
1931.599976,-0.580432415
1931.700073,-0.57318449
1931.800049,-0.577905178
1931.900024,-0.57819128
1932,-0.580527782
1932.099976,-0.578715801
1932.200073,-0.581243038
1932.300049,-0.57997942
1932.400024,-0.580575466
1932.5,-0.579383373
1932.599976,-0.576808453
1932.700073,-0.585200787
1932.800049,-0.57652235
1932.900024,-0.580718517
1933,-0.577666759
1933.099976,-0.581481457
1933.200073,-0.581433773
1933.300049,-0.578286648
1933.400024,-0.57356596
1933.5,-0.577189922
1933.599976,-0.584056377
1933.700073,-0.578620434
1933.800049,-0.57485342
1933.900024,-0.573995113
1934,-0.581338406
1934.099976,-0.580289364
1934.200073,-0.574090481
1934.300049,-0.582435131
1934.400024,-0.569226742
1934.5,-0.585057735
1934.599976,-0.578286648
1934.700073,-0.577142239
1934.800049,-0.579192638
1934.900024,-0.579431057
1935,-0.577094555
1935.099976,-0.582959652
1935.200073,-0.577762127
1935.300049,-0.579144955
1935.400024,-0.579693317
1935.5,-0.580527782
1935.599976,-0.581338406
1935.700073,-0.579299927
1935.800049,-0.577571392
1935.900024,-0.577762127
1936,-0.578370094
1936.099976,-0.577905178
1936.200073,-0.577747226
1936.300049,-0.576951504
1936.400024,-0.577762127
1936.5,-0.581958294
1936.599976,-0.582578182
1936.700073,-0.580766201
1936.800049,-0.578095913
1936.900024,-0.579931736
1937,-0.58024168
1937.099976,-0.579186678
1937.200073,-0.57819128
1937.300049,-0.578382015
1937.400024,-0.57882309
1937.5,-0.580527782
1937.599976,-0.57819128
1937.700073,-0.581767559
1937.800049,-0.57561636
1937.900024,-0.578477383
1938,-0.575902462
1938.099976,-0.581433773
1938.200073,-0.579717159
1938.300049,-0.578811169
1938.400024,-0.581815243
1938.5,-0.576713085
1938.599976,-0.572326183
1938.700073,-0.573899746
1938.800049,-0.575139523
1938.900024,-0.577571392
1939,-0.575568676
1939.099976,-0.57819128
1939.200073,-0.576999187
1939.300049,-0.570371151
1939.400024,-0.572898388
1939.5,-0.57561636
1939.599976,-0.574710369
1939.700073,-0.574162006
1939.800049,-0.576283932
1939.900024,-0.570037365
1940,-0.573279858
1940.099976,-0.580527782
1940.200073,-0.574615002
1940.300049,-0.570037365
1940.400024,-0.582435131
1940.5,-0.575807095
1940.599976,-0.581052303
1940.700073,-0.571992397
1940.800049,-0.577809811
1940.900024,-0.57690382
1941,-0.577619076
1941.099976,-0.578370094
1941.200073,-0.57895422
1941.300049,-0.580003262
1941.400024,-0.583484173
1941.5,-0.580837727
1941.599976,-0.580193996
1941.700073,-0.579669476
1941.800049,-0.577905178
1941.900024,-0.570991039
1942,-0.569703579
1942.099976,-0.576999187
1942.200073,-0.573804379
1942.300049,-0.579288006
1942.400024,-0.580909252
1942.5,-0.580825806
1942.599976,-0.581052303
1942.700073,-0.577788949
1942.800049,-0.573852062
1942.900024,-0.575425625
1943,-0.573613644
1943.099976,-0.574948788
1943.200073,-0.571944714
1943.300049,-0.578095913
1943.400024,-0.582959652
1943.5,-0.580337048
1943.599976,-0.582053661
1943.700073,-0.574805737
1943.800049,-0.584247112
1943.900024,-0.574805737
1944,-0.573327541
1944.099976,-0.583531857
1944.200073,-0.584294796
1944.300049,-0.579764843
1944.400024,-0.575759411
1944.5,-0.575473309
1944.599976,-0.575842857
1944.700073,-0.575187206
1944.800049,-0.576951504
1944.900024,-0.580575466
1945,-0.581576824
1945.099976,-0.583531857
1945.200073,-0.581481457
1945.300049,-0.579240322
1945.400024,-0.581147671
1945.5,-0.573422909
1945.599976,-0.579478741
1945.700073,-0.573422909
1945.800049,-0.575425625
1945.900024,-0.574758053
1946,-0.575807095
1946.099976,-0.573446751
1946.200073,-0.570037365
1946.300049,-0.57318449
1946.400024,-0.581481457
1946.5,-0.582578182
1946.599976,-0.573041439
1946.700073,-0.573852062
1946.800049,-0.583484173
1946.900024,-0.582911968
1947,-0.57972908
1947.099976,-0.575997829
1947.200073,-0.57652235
1947.300049,-0.580480099
1947.400024,-0.574471951
1947.5,-0.577762127
1947.599976,-0.57690382
1947.700073,-0.579669476
1947.800049,-0.577619076
1947.900024,-0.580813885
1948,-0.570561886
1948.099976,-0.58229208
1948.200073,-0.573089123
1948.300049,-0.582339764
1948.400024,-0.58434248
1948.5,-0.573852062
1948.599976,-0.57933569
1948.700073,-0.57561636
1948.800049,-0.575056076
1948.900024,-0.57318449
1949,-0.572087765
1949.099976,-0.573518276
1949.200073,-0.569560528
1949.300049,-0.577964783
1949.400024,-0.585105419
1949.5,-0.583674908
1949.599976,-0.583817959
1949.700073,-0.569322109
1949.800049,-0.583627224
1949.900024,-0.570514202
1950,-0.578477383
1950.099976,-0.578668118
1950.200073,-0.573613644
1950.300049,-0.571420193
1950.400024,-0.576999187
1950.5,-0.576999187
1950.599976,-0.577404499
1950.700073,-0.578334332
1950.800049,-0.57728529
1950.900024,-0.574042797
1951,-0.571229458
1951.099976,-0.569322109
1951.200073,-0.572779179
1951.300049,-0.576713085
1951.400024,-0.573852062
1951.5,-0.57523489
1951.599976,-0.577642918
1951.700073,-0.583817959
1951.800049,-0.577666759
1951.900024,-0.572421551
1952,-0.568749905
1952.099976,-0.578429699
1952.200073,-0.568845272
1952.300049,-0.577571392
1952.400024,-0.574138165
1952.5,-0.574948788
1952.599976,-0.57690382
1952.700073,-0.582768917
1952.800049,-0.572755337
1952.900024,-0.582053661
1953,-0.576236248
1953.099976,-0.56984663
1953.200073,-0.575425625
1953.300049,-0.577380657
1953.400024,-0.574948788
1953.5,-0.579907894
1953.599976,-0.569655895
1953.700073,-0.576999187
1953.800049,-0.570466518
1953.900024,-0.574376583
1954,-0.579192638
1954.099976,-0.577619076
1954.200073,-0.580289364
1954.300049,-0.575187206
1954.400024,-0.576188564
1954.5,-0.586535931
1954.599976,-0.567414761
1954.700073,-0.579240322
1954.800049,-0.578620434
1954.900024,-0.572421551
1955,-0.571849346
1955.099976,-0.57561636
1955.200073,-0.575520992
1955.300049,-0.580050945
1955.400024,-0.578906536
1955.5,-0.573327541
1955.599976,-0.573232174
1955.700073,-0.575568676
1955.800049,-0.574948788
1955.900024,-0.576283932
1956,-0.575377941
1956.099976,-0.575079918
1956.200073,-0.573852062
1956.300049,-0.574805737
1956.400024,-0.577046871
1956.5,-0.576760769
1956.599976,-0.578143597
1956.700073,-0.577046871
1956.800049,-0.574328899
1956.900024,-0.574710369
1957,-0.575854778
1957.099976,-0.576188564
1957.200073,-0.578763485
1957.300049,-0.571992397
1957.400024,-0.574901104
1957.5,-0.57728529
1957.599976,-0.576331615
1957.700073,-0.57280302
1957.800049,-0.573422909
1957.900024,-0.578095913
1958,-0.572898388
1958.099976,-0.578334332
1958.200073,-0.574758053
1958.300049,-0.575461388
1958.400024,-0.574567318
1958.5,-0.574185848
1958.599976,-0.572993755
1958.700073,-0.573899746
1958.800049,-0.570991039
1958.900024,-0.575902462
1959,-0.573709011
1959.099976,-0.577142239
1959.200073,-0.581243038
1959.300049,-0.571610928
1959.400024,-0.574376583
1959.5,-0.578286648
1959.599976,-0.579955578
1959.700073,-0.577762127
1959.800049,-0.576570034
1959.900024,-0.576629639
1960,-0.576760769
1960.099976,-0.575425625
1960.200073,-0.576593876
1960.300049,-0.577237606
1960.400024,-0.576951504
1960.5,-0.572659969
1960.599976,-0.574090481
1960.700073,-0.578334332
1960.800049,-0.577571392
1960.900024,-0.574662685
1961,-0.569608212
1961.099976,-0.572946072
1961.200073,-0.577571392
1961.300049,-0.574185848
1961.400024,-0.582053661
1961.5,-0.577380657
1961.599976,-0.575997829
1961.700073,-0.582435131
1961.800049,-0.577952862
1961.900024,-0.579717159
1962,-0.577428341
1962.099976,-0.579574108
1962.200073,-0.571944714
1962.300049,-0.572993755
1962.400024,-0.574615002
1962.5,-0.577762127
1962.599976,-0.574471951
1962.700073,-0.583150387
1962.800049,-0.575330257
1962.900024,-0.582005978
1963,-0.56984663
1963.099976,-0.577619076
1963.200073,-0.576045513
1963.300049,-0.578429699
1963.400024,-0.571801662
1963.5,-0.574471951
1963.599976,-0.572993755
1963.700073,-0.576999187
1963.800049,-0.575926304
1963.900024,-0.577476025
1964,-0.576236248
1964.099976,-0.576856136
1964.200073,-0.569560528
1964.300049,-0.582244396
1964.400024,-0.5722785
1964.5,-0.572183132
1964.599976,-0.574233532
1964.700073,-0.570561886
1964.800049,-0.574185848
1964.900024,-0.569941998
1965,-0.570657253
1965.099976,-0.570561886
1965.200073,-0.567510128
1965.300049,-0.573232174
1965.400024,-0.580193996
1965.5,-0.57561636
1965.599976,-0.571181774
1965.700073,-0.578382015
1965.800049,-0.577332973
1965.900024,-0.576045513
1966,-0.576546192
1966.099976,-0.576951504
1966.200073,-0.575854778
1966.300049,-0.566270351
1966.400024,-0.568463802
1966.5,-0.575330257
1966.599976,-0.576045513
1966.700073,-0.575282574
1966.800049,-0.577952862
1966.900024,-0.574507713
1967,-0.571467876
1967.099976,-0.573327541
1967.200073,-0.578286648
1967.300049,-0.578000546
1967.400024,-0.571563244
1967.5,-0.56317091
1967.599976,-0.573470592
1967.700073,-0.571992397
1967.800049,-0.577225685
1967.900024,-0.581672192
1968,-0.581767559
1968.099976,-0.578989983
1968.200073,-0.572898388
1968.300049,-0.579621792
1968.400024,-0.572469234
1968.5,-0.573756695
1968.599976,-0.572707653
1968.700073,-0.577332973
1968.800049,-0.574901104
1968.900024,-0.57652235
1969,-0.579049587
1969.099976,-0.572612286
1969.200073,-0.580670834
1969.300049,-0.570704937
1969.400024,-0.578095913
1969.5,-0.57394743
1969.599976,-0.572755337
1969.700073,-0.577476025
1969.800049,-0.573327541
1969.900024,-0.575044155
1970,-0.570275784
1970.099976,-0.575282574
1970.200073,-0.572469234
1970.300049,-0.571467876
1970.400024,-0.570752621
1970.5,-0.568273067
1970.599976,-0.572707653
1970.700073,-0.575425625
1970.800049,-0.576379299
1970.900024,-0.577058792
1971,-0.577952862
1971.099976,-0.578477383
1971.200073,-0.572469234
1971.300049,-0.563027859
1971.400024,-0.577666759
1971.5,-0.559546471
1971.599976,-0.583484173
1971.700073,-0.569655895
1971.800049,-0.572135448
1971.900024,-0.572659969
1972,-0.573375225
1972.099976,-0.584533215
1972.200073,-0.576379299
1972.300049,-0.563313961
1972.400024,-0.570752621
1972.5,-0.573852062
1972.599976,-0.572779179
1972.700073,-0.573709011
1972.800049,-0.57280302
1972.900024,-0.579144955
1973,-0.561406136
1973.099976,-0.57857275
1973.200073,-0.569369793
1973.300049,-0.568034649
1973.400024,-0.576283932
1973.5,-0.570704937
1973.599976,-0.578525066
1973.700073,-0.580813885
1973.800049,-0.576808453
1973.900024,-0.572564602
1974,-0.572755337
1974.099976,-0.568511486
1974.200073,-0.571372509
1974.300049,-0.569131374
1974.400024,-0.570180416
1974.5,-0.570704937
1974.599976,-0.569512844
1974.700073,-0.575568676
1974.800049,-0.572898388
1974.900024,-0.578525066
1975,-0.573327541
1975.099976,-0.577619076
1975.200073,-0.567367077
1975.300049,-0.56855917
1975.400024,-0.569941998
1975.5,-0.571849346
1975.599976,-0.571992397
1975.700073,-0.574007034
1975.800049,-0.575568676
1975.900024,-0.576617718
1976,-0.578143597
1976.099976,-0.577297211
1976.200073,-0.576760769
1976.300049,-0.577666759
1976.400024,-0.57819128
1976.5,-0.571420193
1976.599976,-0.568368435
1976.700073,-0.572087765
1976.800049,-0.57728529
1976.900024,-0.575854778
1977,-0.575520992
1977.099976,-0.57189703
1977.200073,-0.576570034
1977.300049,-0.570275784
1977.400024,-0.586392879
1977.5,-0.577237606
1977.599976,-0.570418835
1977.700073,-0.581099987
1977.800049,-0.569703579
1977.900024,-0.572612286
1978,-0.575282574
1978.099976,-0.573518276
1978.200073,-0.574948788
1978.300049,-0.580861568
1978.400024,-0.575270653
1978.5,-0.572516918
1978.599976,-0.572755337
1978.700073,-0.575568676
1978.800049,-0.580861568
1978.900024,-0.577714443
1979,-0.573899746
1979.099976,-0.569941998
1979.200073,-0.565125942
1979.300049,-0.573518276
1979.400024,-0.581338406
1979.5,-0.574233532
1979.599976,-0.573470592
1979.700073,-0.576617718
1979.800049,-0.572850704
1979.900024,-0.575425625
1980,-0.569560528
1980.099976,-0.570895672
1980.200073,-0.574662685
1980.300049,-0.571563244
1980.400024,-0.573804379
1980.5,-0.572910309
1980.599976,-0.571467876
1980.700073,-0.574805737
1980.800049,-0.580337048
1980.900024,-0.572946072
1981,-0.580480099
1981.099976,-0.571277142
1981.200073,-0.579955578
1981.300049,-0.571038723
1981.400024,-0.570800304
1981.5,-0.575282574
1981.599976,-0.574996471
1981.700073,-0.574543476
1981.800049,-0.573327541
1981.900024,-0.574567318
1982,-0.572469234
1982.099976,-0.578238964
1982.200073,-0.569703579
1982.300049,-0.577380657
1982.400024,-0.574090481
1982.5,-0.572421551
1982.599976,-0.571753979
1982.700073,-0.57060957
1982.800049,-0.571038723
1982.900024,-0.567224026
1983,-0.565125942
1983.099976,-0.571467876
1983.200073,-0.570991039
1983.300049,-0.567843914
1983.400024,-0.577714443
1983.5,-0.567700863
1983.599976,-0.580527782
1983.700073,-0.573470592
1983.800049,-0.573756695
1983.900024,-0.574662685
1984,-0.576760769
1984.099976,-0.578715801
1984.200073,-0.578095913
1984.300049,-0.571610928
1984.400024,-0.570132732
1984.5,-0.572755337
1984.599976,-0.572421551
1984.700073,-0.571324825
1984.800049,-0.569560528
1984.900024,-0.572898388
1985,-0.574424267
1985.099976,-0.575950146
1985.200073,-0.574376583
1985.300049,-0.579144955
1985.400024,-0.580050945
1985.5,-0.57280302
1985.599976,-0.572564602
1985.700073,-0.575306416
1985.800049,-0.576426983
1985.900024,-0.579431057
1986,-0.580480099
1986.099976,-0.575711727
1986.200073,-0.568034649
1986.300049,-0.573613644
1986.400024,-0.578334332
1986.5,-0.566413403
1986.599976,-0.569226742
1986.700073,-0.576379299
1986.800049,-0.576236248
1986.900024,-0.568082333
1987,-0.572230816
1987.099976,-0.578143597
1987.200073,-0.566556454
1987.300049,-0.568606853
1987.400024,-0.569357872
1987.5,-0.572230816
1987.599976,-0.570037365
1987.700073,-0.573136806
1987.800049,-0.568225384
1987.900024,-0.575997829
1988,-0.56946516
1988.099976,-0.573136806
1988.200073,-0.571801662
1988.300049,-0.569608212
1988.400024,-0.574424267
1988.5,-0.572230816
1988.599976,-0.57561636
1988.700073,-0.57394743
1988.800049,-0.580193996
1988.900024,-0.576951504
1989,-0.57280302
1989.099976,-0.573470592
1989.200073,-0.57652235
1989.300049,-0.572707653
1989.400024,-0.568320751
1989.5,-0.570323467
1989.599976,-0.574710369
1989.700073,-0.574376583
1989.800049,-0.578715801
1989.900024,-0.575377941
1990,-0.570657253
1990.099976,-0.563695431
1990.200073,-0.579192638
1990.300049,-0.571420193
1990.400024,-0.570180416
1990.5,-0.578429699
1990.599976,-0.572135448
1990.700073,-0.575997829
1990.800049,-0.572516918
1990.900024,-0.575950146
1991,-0.568463802
1991.099976,-0.571229458
1991.200073,-0.576379299
1991.300049,-0.575950146
1991.400024,-0.573017597
1991.5,-0.571038723
1991.599976,-0.568702221
1991.700073,-0.569322109
1991.800049,-0.568702221
1991.900024,-0.574376583
1992,-0.572230816
1992.099976,-0.576236248
1992.200073,-0.568940639
1992.300049,-0.566937923
1992.400024,-0.572898388
1992.5,-0.580480099
1992.599976,-0.564744473
1992.700073,-0.576760769
1992.800049,-0.568845272
1992.900024,-0.573279858
1993,-0.572040081
1993.099976,-0.570466518
1993.200073,-0.574376583
1993.300049,-0.580337048
1993.400024,-0.571610928
1993.5,-0.564315319
1993.599976,-0.571277142
1993.700073,-0.57280302
1993.800049,-0.570466518
1993.900024,-0.57690382
1994,-0.574710369
1994.099976,-0.566556454
1994.200073,-0.569703579
1994.300049,-0.573899746
1994.400024,-0.569655895
1994.5,-0.572659969
1994.599976,-0.567080975
1994.700073,-0.569703579
1994.800049,-0.572183132
1994.900024,-0.577857494
1995,-0.575330257
1995.099976,-0.571277142
1995.200073,-0.573041439
1995.300049,-0.567033291
1995.400024,-0.567605495
1995.5,-0.573613644
1995.599976,-0.567462444
1995.700073,-0.576760769
1995.800049,-0.576570034
1995.900024,-0.572755337
1996,-0.569798946
1996.099976,-0.569179058
1996.200073,-0.576188564
1996.300049,-0.570037365
1996.400024,-0.574996471
1996.5,-0.566699505
1996.599976,-0.579526424
1996.700073,-0.574424267
1996.800049,-0.571038723
1996.900024,-0.569322109
1997,-0.566031933
1997.099976,-0.567748547
1997.200073,-0.569941998
1997.300049,-0.575950146
1997.400024,-0.564124584
1997.5,-0.572421551
1997.599976,-0.574185848
1997.700073,-0.571801662
1997.800049,-0.567700863
1997.900024,-0.573279858
1998,-0.576760769
1998.099976,-0.578382015
1998.200073,-0.574495792
1998.300049,-0.570657253
1998.400024,-0.572183132
1998.5,-0.572326183
1998.599976,-0.575330257
1998.700073,-0.573852062
1998.800049,-0.575139523
1998.900024,-0.574328899
1999,-0.56483984
1999.099976,-0.56689024
1999.200073,-0.562694073
1999.300049,-0.568082333
1999.400024,-0.567367077
1999.5,-0.576093197
1999.599976,-0.571801662
1999.700073,-0.578477383
1999.800049,-0.574424267
1999.900024,-0.567700863
2000,-0.577666759
2000.099976,-0.570037365
2000.200073,-0.567510128
2000.300049,-0.571074486
2000.400024,-0.574090481
2000.5,-0.572659969
2000.599976,-0.572683811
2000.700073,-0.572040081
2000.800049,-0.571944714
2000.900024,-0.575711727
2001,-0.561882973
2001.099976,-0.579478741
2001.200073,-0.567605495
2001.300049,-0.581862926
2001.400024,-0.576713085
2001.5,-0.576045513
2001.599976,-0.576331615
2001.700073,-0.569179058
2001.800049,-0.570657253
2001.900024,-0.568904877
2002,-0.56689024
2002.099976,-0.568892956
2002.200073,-0.570895672
2002.300049,-0.574185848
2002.400024,-0.571420193
2002.5,-0.568797588
2002.599976,-0.571849346
2002.700073,-0.560404778
2002.800049,-0.570085049
2002.900024,-0.581433773
2003,-0.572040081
2003.099976,-0.577666759
2003.200073,-0.577380657
2003.300049,-0.574090481
2003.400024,-0.565745831
2003.5,-0.575854778
2003.599976,-0.568940639
2003.700073,-0.56946516
2003.800049,-0.562073708
2003.900024,-0.57113409
2004,-0.563313961
2004.099976,-0.564124584
2004.200073,-0.568523407
2004.300049,-0.573756695
2004.400024,-0.572898388
2004.5,-0.570752621
2004.599976,-0.566604137
2004.700073,-0.576665401
2004.800049,-0.573327541
2004.900024,-0.571801662
2005,-0.573661327
2005.099976,-0.575044155
2005.200073,-0.578668118
2005.300049,-0.576045513
2005.400024,-0.570180416
2005.5,-0.576713085
2005.599976,-0.5722785
2005.700073,-0.570657253
2005.800049,-0.5661273
2005.900024,-0.572755337
2006,-0.565459728
2006.099976,-0.571277142
2006.200073,-0.575377941
2006.300049,-0.571992397
2006.400024,-0.571372509
2006.5,-0.567033291
2006.599976,-0.565078259
2006.700073,-0.565984249
2006.800049,-0.56779623
2006.900024,-0.571706295
2007,-0.568416119
2007.099976,-0.577571392
2007.200073,-0.568892956
2007.300049,-0.572755337
2007.400024,-0.569608212
2007.5,-0.57189703
2007.599976,-0.572326183
2007.700073,-0.57060957
2007.800049,-0.571849346
2007.900024,-0.566270351
2008,-0.575282574
2008.099976,-0.567748547
2008.200073,-0.565650463
2008.300049,-0.575759411
2008.400024,-0.567414761
2008.5,-0.572135448
2008.599976,-0.576140881
2008.700073,-0.575044155
2008.800049,-0.577476025
2008.900024,-0.573089123
2009,-0.574519634
2009.099976,-0.568130016
2009.200073,-0.572564602
2009.300049,-0.5681777
2009.400024,-0.568225384
2009.5,-0.569727421
2009.599976,-0.57189703
2009.700073,-0.57060957
2009.800049,-0.572469234
2009.900024,-0.574662685
2010,-0.57060957
2010.099976,-0.569131374
2010.200073,-0.570263863
2010.300049,-0.570895672
2010.400024,-0.570418835
2010.5,-0.572993755
2010.599976,-0.566604137
2010.700073,-0.569512844
2010.800049,-0.571467876
2010.900024,-0.562216759
2011,-0.564792156
2011.099976,-0.565793395
2011.200073,-0.567891598
2011.300049,-0.568273067
2011.400024,-0.565984249
2011.5,-0.571706295
2011.599976,-0.567939281
2011.700073,-0.576474667
2011.800049,-0.576570034
2011.900024,-0.578668118
2012,-0.567271709
2012.099976,-0.573089123
2012.200073,-0.566794872
2012.300049,-0.579049587
2012.400024,-0.56984663
2012.5,-0.572469234
2012.599976,-0.566699505
2012.700073,-0.567462444
2012.800049,-0.574996471
2012.900024,-0.571563244
2013,-0.579288006
2013.099976,-0.575091839
2013.200073,-0.567367077
2013.300049,-0.564315319
2013.400024,-0.569179058
2013.5,-0.565841198
2013.599976,-0.574471951
2013.700073,-0.576188564
2013.800049,-0.572993755
2013.900024,-0.572850704
2014,-0.572516918
2014.099976,-0.570895672
2014.200073,-0.573327541
2014.300049,-0.56278944
2014.400024,-0.576474667
2014.5,-0.570418835
2014.599976,-0.569179058
2014.700073,-0.574996471
2014.800049,-0.573661327
2014.900024,-0.566365719
2015,-0.574090481
2015.099976,-0.569036007
2015.200073,-0.575282574
2015.300049,-0.573899746
2015.400024,-0.571038723
2015.5,-0.569274426
2015.599976,-0.570085049
2015.700073,-0.569703579
2015.800049,-0.570180416
2015.900024,-0.571539402
2016,-0.572946072
2016.099976,-0.573327541
2016.200073,-0.572326183
2016.300049,-0.572707653
2016.400024,-0.570466518
2016.5,-0.568749905
2016.599976,-0.568082333
2016.700073,-0.569179058
2016.800049,-0.575997829
2016.900024,-0.569989681
2017,-0.574090481
2017.099976,-0.573852062
2017.200073,-0.571277142
2017.300049,-0.568273067
2017.400024,-0.571658611
2017.5,-0.568416119
2017.599976,-0.567986965
2017.700073,-0.578620434
2017.800049,-0.573470592
2017.900024,-0.564744473
2018,-0.57113409
2018.099976,-0.566079617
2018.200073,-0.570371151
2018.300049,-0.570991039
2018.400024,-0.566031933
2018.5,-0.563457012
2018.599976,-0.572469234
2018.700073,-0.57189703
2018.800049,-0.565507412
2018.900024,-0.5681777
2019,-0.565984249
2019.099976,-0.569798946
2019.200073,-0.569703579
2019.300049,-0.571265221
2019.400024,-0.574615002
2019.5,-0.570943356
2019.599976,-0.579192638
2019.700073,-0.576045513
2019.800049,-0.568940639
2019.900024,-0.568606853
2020,-0.570025444
2020.099976,-0.57151556
2020.200073,-0.571038723
2020.300049,-0.573995113
2020.400024,-0.57164669
2020.5,-0.569894314
2020.599976,-0.571658611
2020.700073,-0.568797588
2020.800049,-0.568082333
2020.900024,-0.5671525
2021,-0.565698147
2021.099976,-0.566031933
2021.200073,-0.568082333
2021.300049,-0.566031933
2021.400024,-0.570752621
2021.5,-0.577189922
2021.599976,-0.571706295
2021.700073,-0.573041439
2021.800049,-0.567224026
2021.900024,-0.582149029
2022,-0.573899746
2022.099976,-0.570800304
2022.200073,-0.569512844
2022.300049,-0.57049036
2022.400024,-0.572326183
2022.5,-0.569322109
2022.599976,-0.57728529
2022.700073,-0.574042797
2022.800049,-0.558878899
2022.900024,-0.563027859
2023,-0.570180416
2023.099976,-0.571420193
2023.200073,-0.568273067
2023.300049,-0.567224026
2023.400024,-0.567271709
2023.5,-0.566961765
2023.599976,-0.569274426
2023.700073,-0.5640769
2023.800049,-0.574424267
2023.900024,-0.569036007
2024,-0.564935207
2024.099976,-0.567557812
2024.200073,-0.573041439
2024.300049,-0.572755337
2024.400024,-0.570085049
2024.5,-0.568106174
2024.599976,-0.564219952
2024.700073,-0.565364361
2024.800049,-0.564207911
2024.900024,-0.562312126
2025,-0.564935207
2025.099976,-0.567033291
2025.200073,-0.56445837
2025.300049,-0.561692238
2025.400024,-0.565233111
2025.5,-0.567176342
2025.599976,-0.567605495
2025.700073,-0.568416119
2025.800049,-0.571062565
2025.900024,-0.574615002
2026,-0.573613644
2026.099976,-0.571372509
2026.200073,-0.568130016
2026.300049,-0.569131374
2026.400024,-0.576283932
2026.5,-0.563838482
2026.599976,-0.568940639
2026.700073,-0.576760769
2026.800049,-0.564744473
2026.900024,-0.568368435
2027,-0.568463802
2027.099976,-0.566365719
2027.200073,-0.572612286
2027.300049,-0.568892956
2027.400024,-0.572326183
2027.5,-0.565555096
2027.599976,-0.580956936
2027.700073,-0.560595512
2027.800049,-0.572040081
2027.900024,-0.565268993
2028,-0.565125942
2028.099976,-0.564553738
2028.200073,-0.564517975
2028.300049,-0.564267635
2028.400024,-0.564124584
2028.5,-0.565018654
2028.599976,-0.565650463
2028.700073,-0.566031933
2028.800049,-0.567510128
2028.900024,-0.570180416
2029,-0.569703579
2029.099976,-0.569226742
2029.200073,-0.561882973
2029.300049,-0.565745831
2029.400024,-0.571753979
2029.5,-0.567557812
2029.599976,-0.571563244
2029.700073,-0.57523489
2029.800049,-0.567939281
2029.900024,-0.568511486
2030,-0.565316677
2030.099976,-0.575282574
2030.200073,-0.56235981
2030.300049,-0.57690382
2030.400024,-0.568654537
2030.5,-0.564363003
2030.599976,-0.563457012
2030.700073,-0.56689024
2030.800049,-0.568749905
2030.900024,-0.564601421
2031,-0.569512844
2031.099976,-0.573422909
2031.200073,-0.566747189
2031.300049,-0.570752621
2031.400024,-0.565745831
2031.5,-0.567700863
2031.599976,-0.570180416
2031.700073,-0.565316677
2031.800049,-0.569560528
2031.900024,-0.57280302
2032,-0.56855917
2032.099976,-0.565793514
2032.200073,-0.568034649
2032.300049,-0.567271709
2032.400024,-0.571086407
2032.5,-0.575473309
2032.599976,-0.57060957
2032.700073,-0.579288006
2032.800049,-0.572993755
2032.900024,-0.566174984
2033,-0.564982891
2033.099976,-0.5702281
2033.200073,-0.563886166
2033.300049,-0.567510128
2033.400024,-0.563647747
2033.5,-0.572230816
2033.599976,-0.564029217
2033.700073,-0.558831215
2033.800049,-0.571181774
2033.900024,-0.566461086
2034,-0.565459728
2034.099976,-0.562503338
2034.200073,-0.566365719
2034.300049,-0.57280302
2034.400024,-0.568988323
2034.5,-0.570704937
2034.599976,-0.556685448
2034.700073,-0.564267635
2034.800049,-0.570657253
2034.900024,-0.567510128
2035,-0.568845272
2035.099976,-0.572421551
2035.200073,-0.571420193
2035.300049,-0.569620132
2035.400024,-0.567510128
2035.5,-0.567128658
2035.599976,-0.571706295
2035.700073,-0.570752621
2035.800049,-0.567557812
2035.900024,-0.573899746
2036,-0.565268993
2036.099976,-0.570514202
2036.200073,-0.560738564
2036.300049,-0.569369793
2036.400024,-0.569512844
2036.5,-0.567605495
2036.599976,-0.56235981
2036.700073,-0.575425625
2036.800049,-0.562884808
2036.900024,-0.566222668
2037,-0.566604137
2037.099976,-0.565626621
2037.200073,-0.565793514
2037.300049,-0.563886166
2037.400024,-0.563647747
2037.5,-0.573375225
2037.599976,-0.571086407
2037.700073,-0.561263084
2037.800049,-0.567367077
2037.900024,-0.563695431
2038,-0.565984249
2038.099976,-0.576808453
2038.200073,-0.573804379
2038.300049,-0.566365719
2038.400024,-0.563409328
2038.5,-0.567510128
2038.599976,-0.574758053
2038.700073,-0.563790798
2038.800049,-0.570323467
2038.900024,-0.570323467
2039,-0.570132732
2039.099976,-0.567986965
2039.200073,-0.56278944
2039.300049,-0.572612286
2039.400024,-0.563504696
2039.5,-0.572516918
2039.599976,-0.561835289
2039.700073,-0.564553738
2039.800049,-0.564792037
2039.900024,-0.567319393
2040,-0.565459728
2040.099976,-0.566604137
2040.200073,-0.568988323
2040.300049,-0.562646389
2040.400024,-0.56522131
2040.5,-0.569369793
2040.599976,-0.5722785
2040.700073,-0.568797588
2040.800049,-0.566842556
2040.900024,-0.566699505
2041,-0.561549187
2041.099976,-0.565423846
2041.200073,-0.565698147
2041.300049,-0.567748547
2041.400024,-0.564506054
2041.5,-0.567462444
2041.599976,-0.566937923
2041.700073,-0.571324825
2041.800049,-0.566556454
2041.900024,-0.562407494
2042,-0.57060957
2042.099976,-0.566461086
2042.200073,-0.56984663
2042.300049,-0.566318035
2042.400024,-0.565125942
2042.5,-0.569179058
2042.599976,-0.568845272
2042.700073,-0.568928719
2042.800049,-0.568940639
2042.900024,-0.568749905
2043,-0.565030575
2043.099976,-0.565507412
2043.200073,-0.564267635
2043.300049,-0.569512844
2043.400024,-0.573518276
2043.5,-0.569787025
2043.599976,-0.568845272
2043.700073,-0.567271709
2043.800049,-0.56650877
2043.900024,-0.563647747
2044,-0.565316677
2044.099976,-0.563218594
2044.200073,-0.566604137
2044.300049,-0.561120033
2044.400024,-0.567843914
2044.5,-0.571229458
2044.599976,-0.559212685
2044.700073,-0.56069088
2044.800049,-0.564935207
2044.900024,-0.56235981
2045,-0.567939281
2045.099976,-0.568463802
2045.200073,-0.570037365
2045.300049,-0.568630695
2045.400024,-0.568606853
2045.5,-0.567414761
2045.599976,-0.56483984
2045.700073,-0.558211327
2045.800049,-0.56483984
2045.900024,-0.568892956
2046,-0.570180416
2046.099976,-0.560976982
2046.200073,-0.572993755
2046.300049,-0.563647747
2046.400024,-0.568845272
2046.5,-0.562646389
2046.599976,-0.563361645
2046.700073,-0.577142239
2046.800049,-0.559212685
2046.900024,-0.574185848
2047,-0.568988323
2047.099976,-0.560643196
2047.200073,-0.565602779
2047.300049,-0.570180416
2047.400024,-0.568654537
2047.5,-0.562694073
2047.599976,-0.566651821
2047.700073,-0.563886166
2047.800049,-0.562503338
2047.900024,-0.562562704
2048,-0.56197834
2048.100098,-0.561882973
2048.199951,-0.562837124
2048.300049,-0.568416119
2048.400146,-0.565602779
2048.5,-0.563075542
2048.600098,-0.561501503
2048.699951,-0.567033291
2048.800049,-0.571753979
2048.900146,-0.569274426
2049,-0.558115959
2049.100098,-0.569512844
2049.199951,-0.562694073
2049.300049,-0.567128658
2049.400146,-0.563600063
2049.5,-0.562884808
2049.600098,-0.566222668
2049.699951,-0.564219952
2049.800049,-0.565745831
2049.900146,-0.557925224
2050,-0.562503338
2050.100098,-0.571944714
2050.199951,-0.559546471
2050.300049,-0.565316677
2050.400146,-0.564982891
2050.5,-0.56355238
2050.600098,-0.565364361
2050.699951,-0.563957691
2050.800049,-0.564219952
2050.900146,-0.562694073
2051,-0.561358452
2051.100098,-0.561882973
2051.199951,-0.562551022
2051.300049,-0.565125942
2051.400146,-0.565412045
2051.5,-0.5640769
2051.600098,-0.563540339
2051.699951,-0.561930656
2051.800049,-0.562741756
2051.900146,-0.561549187
2052,-0.559975624
2052.100098,-0.562837124
2052.199951,-0.560452461
2052.300049,-0.565125942
2052.400146,-0.559832573
2052.5,-0.5640769
2052.600098,-0.566174984
2052.699951,-0.566699505
2052.800049,-0.564792156
2052.900146,-0.562264442
2053,-0.570943356
2053.100098,-0.561453819
2053.199951,-0.567748547
2053.300049,-0.563027859
2053.400146,-0.559498787
2053.5,-0.559880257
2053.600098,-0.569941998
2053.699951,-0.566604137
2053.800049,-0.561453819
2053.900146,-0.559641838
2054,-0.565078259
2054.100098,-0.560404778
2054.199951,-0.564935207
2054.300049,-0.561453819
2054.400146,-0.560857892
2054.5,-0.557877541
2054.600098,-0.559165001
2054.699951,-0.557019234
2054.800049,-0.5604527
2054.900146,-0.562980175
2055,-0.562646389
2055.100098,-0.563504696
2055.199951,-0.562741756
2055.300049,-0.566270351
2055.400146,-0.565853119
2055.5,-0.566842556
2055.600098,-0.567557812
2055.699951,-0.564649105
2055.800049,-0.565268993
2055.900146,-0.565793514
2056,-0.567510128
2056.100098,-0.564792156
2056.199951,-0.562646389
2056.300049,-0.558211327
2056.400146,-0.557925224
2056.5,-0.567128658
2056.600098,-0.566794872
2056.699951,-0.572087765
2056.800049,-0.56317091
2056.900146,-0.572898388
2057,-0.560881615
2057.100098,-0.562407494
2057.199951,-0.560881615
2057.300049,-0.562884808
2057.400146,-0.564506054
2057.5,-0.569369793
2057.600098,-0.562216759
2057.699951,-0.566222668
2057.800049,-0.560643196
2057.900146,-0.564410686
2058,-0.561453819
2058.100098,-0.564172268
2058.199951,-0.561453819
2058.300049,-0.563266277
2058.400146,-0.55825901
2058.5,-0.556637764
2058.600098,-0.564887524
2058.699951,-0.563600063
2058.800049,-0.559594154
2058.900146,-0.560118675
2059,-0.561310768
2059.100098,-0.564696789
2059.199951,-0.568273067
2059.300049,-0.564982891
2059.400146,-0.565173626
2059.5,-0.564005256
2059.600098,-0.560929298
2059.699951,-0.564935207
2059.800049,-0.56946516
2059.900146,-0.568749905
2060,-0.567557812
2060.100098,-0.566318035
2060.199951,-0.559069633
2060.300049,-0.559737206
2060.400146,-0.561787605
2060.5,-0.570085049
2060.600098,-0.56197834
2060.699951,-0.565507412
2060.800049,-0.561501503
2060.900146,-0.56650877
2061,-0.55659008
2061.100098,-0.559451103
2061.199951,-0.560357094
2061.300049,-0.56278944
2061.400146,-0.560023308
2061.5,-0.561024666
2061.600098,-0.562109709
2061.699951,-0.562503338
2061.800049,-0.564887524
2061.900146,-0.566556454
2062,-0.562586546
2062.100098,-0.560643196
2062.199951,-0.55825901
2062.300049,-0.558974266
2062.400146,-0.565173626
2062.5,-0.564744473
2062.600098,-0.565388203
2062.699951,-0.563981533
2062.800049,-0.567653179
2062.900146,-0.554444313
2063,-0.564887524
2063.100098,-0.559975624
2063.199951,-0.562216759
2063.300049,-0.567939281
2063.400146,-0.569036007
2063.5,-0.560738564
2063.600098,-0.559832573
2063.699951,-0.565268993
2063.800049,-0.56522131
2063.900146,-0.563838363
2064,-0.561167717
2064.100098,-0.563695431
2064.199951,-0.560833931
2064.300049,-0.564887524
2064.400146,-0.568034649
2064.5,-0.561310768
2064.600098,-0.566222668
2064.699951,-0.564649105
2064.800049,-0.566318035
2064.900146,-0.561787605
2065,-0.568034649
2065.100098,-0.563504696
2065.199951,-0.559975624
2065.300049,-0.564935207
2065.400146,-0.5640769
2065.5,-0.565412045
2065.600098,-0.562884808
2065.699951,-0.562455177
2065.800049,-0.565650463
2065.900146,-0.557114601
2066,-0.565984249
2066.100098,-0.569322109
2066.199951,-0.565030575
2066.300049,-0.560166359
2066.400146,-0.56159687
2066.5,-0.568368435
2066.600098,-0.561120033
2066.699951,-0.567557812
2066.800049,-0.563933849
2066.900146,-0.56107235
2067,-0.569369793
2067.100098,-0.560166359
2067.199951,-0.565412045
2067.300049,-0.568273067
2067.400146,-0.557686806
2067.5,-0.563743114
2067.600098,-0.560357094
2067.699951,-0.561453819
2067.800049,-0.565984249
2067.900146,-0.558354378
2068,-0.561644554
2068.100098,-0.557448387
2068.199951,-0.557734489
2068.300049,-0.559832573
2068.400146,-0.561167717
2068.5,-0.564124584
2068.600098,-0.565936565
2068.699951,-0.566699505
2068.800049,-0.563457012
2068.900146,-0.563683271
2069,-0.562169075
2069.100098,-0.562407494
2069.199951,-0.560643196
2069.300049,-0.563361645
2069.400146,-0.557591438
2069.5,-0.565698147
2069.600098,-0.555636406
2069.699951,-0.558354378
2069.800049,-0.562264442
2069.900146,-0.563361645
2070,-0.562216759
2070.100098,-0.570466518
2070.199951,-0.564744473
2070.300049,-0.558497429
2070.400146,-0.55902195
2070.5,-0.561537504
2070.600098,-0.563838482
2070.699951,-0.564792156
2070.800049,-0.56432724
2070.900146,-0.56355238
2071,-0.565125942
2071.100098,-0.566473007
2071.199951,-0.568320751
2071.300049,-0.568892956
2071.400146,-0.566306114
2071.5,-0.56445837
2071.600098,-0.56355238
2071.699951,-0.565364361
2071.800049,-0.562073708
2071.900146,-0.563266277
2072,-0.560070992
2072.100098,-0.560976982
2072.199951,-0.560023308
2072.300049,-0.561406136
2072.400146,-0.557639122
2072.5,-0.565936565
2072.600098,-0.561167717
2072.699951,-0.55697155
2072.800049,-0.557305336
2072.900146,-0.566651821
2073,-0.566174984
2073.100098,-0.561930656
2073.199951,-0.561120033
2073.300049,-0.565185308
2073.400146,-0.569655895
2073.5,-0.568034649
2073.600098,-0.56030941
2073.699951,-0.564267635
2073.800049,-0.560214043
2073.900146,-0.557877541
2074,-0.558449745
2074.100098,-0.562503338
2074.199951,-0.561549187
2074.300049,-0.559641838
2074.400146,-0.560547829
2074.5,-0.565936565
2074.600098,-0.565078259
2074.699951,-0.56586504
2074.800049,-0.566365719
2074.900146,-0.566079617
2075,-0.55864048
2075.100098,-0.560833931
2075.199951,-0.556876183
2075.300049,-0.551535606
2075.400146,-0.562264442
2075.5,-0.557591438
2075.600098,-0.56107235
2075.699951,-0.560166478
2075.800049,-0.559403419
2075.900146,-0.562598705
2076,-0.561513662
2076.100098,-0.562646389
2076.199951,-0.561406136
2076.300049,-0.566985607
2076.400146,-0.564506054
2076.5,-0.557114601
2076.600098,-0.562455177
2076.699951,-0.557400703
2076.800049,-0.557925224
2076.900146,-0.560679078
2077,-0.562455177
2077.100098,-0.564935207
2077.199951,-0.557782173
2077.300049,-0.56030941
2077.400146,-0.56278944
2077.5,-0.564172268
2077.600098,-0.562169075
2077.699951,-0.560786247
2077.800049,-0.567033291
2077.900146,-0.559641838
2078,-0.55453968
2078.100098,-0.565745831
2078.199951,-0.56107235
2078.300049,-0.55287075
2078.400146,-0.561501503
2078.5,-0.568368435
2078.600098,-0.560118675
2078.699951,-0.561930656
2078.800049,-0.55196476
2078.900146,-0.554491997
2079,-0.557472348
2079.100098,-0.563361645
2079.199951,-0.560070992
2079.300049,-0.557639122
2079.400146,-0.562980175
2079.5,-0.558163643
2079.600098,-0.560500145
2079.699951,-0.555636406
2079.800049,-0.562455177
2079.900146,-0.560976982
2080,-0.567462444
2080.100098,-0.564935207
2080.199951,-0.56418407
2080.300049,-0.561835289
2080.400146,-0.562503338
2080.5,-0.563123226
2080.600098,-0.562837124
2080.699951,-0.563194752
2080.800049,-0.563409328
2080.900146,-0.563409328
2081,-0.562884808
2081.100098,-0.56030941
2081.199951,-0.562038183
2081.300049,-0.562741756
2081.400146,-0.562216759
2081.5,-0.560976982
2081.600098,-0.561453819
2081.699951,-0.556637764
2081.800049,-0.567033291
2081.900146,-0.560166359
2082,-0.552536964
2082.100098,-0.564601421
2082.199951,-0.569083691
2082.300049,-0.566270351
2082.400146,-0.561215401
2082.5,-0.562407494
2082.600098,-0.560214043
2082.699951,-0.558115959
2082.800049,-0.564315319
2082.900146,-0.556780815
2083,-0.564696789
2083.100098,-0.560881615
2083.199951,-0.561406136
2083.300049,-0.564506054
2083.400146,-0.566174984
2083.5,-0.552107811
2083.600098,-0.566318035
2083.699951,-0.552441597
2083.800049,-0.558163643
2083.900146,-0.564696789
2084,-0.560118675
2084.100098,-0.556017876
2084.199951,-0.564219952
2084.300049,-0.551487923
2084.400146,-0.568797588
2084.5,-0.559355736
2084.600098,-0.559069633
2084.699951,-0.566365719
2084.800049,-0.567128658
2084.900146,-0.555207253
2085,-0.565936565
2085.100098,-0.558783531
2085.199951,-0.563361645
2085.300049,-0.564410686
2085.400146,-0.563945651
2085.5,-0.562208027
2085.600098,-0.561406136
2085.699951,-0.559069633
2085.800049,-0.558926582
2085.900146,-0.558449745
2086,-0.567700863
2086.100098,-0.55363369
2086.199951,-0.560547829
2086.300049,-0.562407494
2086.400146,-0.563647747
2086.5,-0.559784889
2086.600098,-0.554682732
2086.699951,-0.559117317
2086.800049,-0.565936565
2086.900146,-0.566079617
2087,-0.561644554
2087.100098,-0.562503338
2087.199951,-0.557734609
2087.300049,-0.556733131
2087.400146,-0.550057411
2087.5,-0.554301262
2087.600098,-0.558163643
2087.699951,-0.562932491
2087.800049,-0.560214043
2087.900146,-0.552393913
2088,-0.562216759
2088.100098,-0.556256294
2088.199951,-0.563457012
2088.300049,-0.565793514
2088.400146,-0.551058769
2088.5,-0.556876183
2088.600098,-0.56355238
2088.699951,-0.559260368
2088.800049,-0.556399345
2088.900146,-0.555970192
2089,-0.556256294
2089.100098,-0.560166597
2089.199951,-0.56355238
2089.300049,-0.564887524
2089.400146,-0.564959049
2089.5,-0.565316677
2089.600098,-0.566079617
2089.699951,-0.562503338
2089.800049,-0.563647747
2089.900146,-0.563063622
2090,-0.563361645
2090.100098,-0.562741756
2090.199951,-0.562038183
2090.300049,-0.562121391
2090.400146,-0.55992794
2090.5,-0.559308052
2090.600098,-0.562455177
2090.699951,-0.561024666
2090.800049,-0.557305336
2090.900146,-0.562407494
2091,-0.557305336
2091.100098,-0.563027859
2091.199951,-0.553872108
2091.300049,-0.555779457
2091.400146,-0.563933849
2091.5,-0.563933849
2091.600098,-0.555064201
2091.699951,-0.561406136
2091.800049,-0.556017876
2091.900146,-0.55902195
2092,-0.55864048
2092.100098,-0.561346769
2092.199951,-0.564649105
2092.300049,-0.563075542
2092.400146,-0.558783531
2092.5,-0.559975624
2092.600098,-0.562980175
2092.699951,-0.555493355
2092.800049,-0.563123226
2092.900146,-0.558783531
2093,-0.553156853
2093.100098,-0.557639122
2093.199951,-0.560500145
2093.300049,-0.561787605
2093.400146,-0.558449745
2093.5,-0.559403419
2093.600098,-0.559355736
2093.699951,-0.560011506
2093.800049,-0.559293181
2093.900146,-0.55825901
2094,-0.559546471
2094.100098,-0.555350304
2094.199951,-0.559641838
2094.300049,-0.551297188
2094.400146,-0.565412045
2094.5,-0.561692238
2094.600098,-0.553156853
2094.699951,-0.555111885
2094.800049,-0.558032632
2094.900146,-0.560547829
2095,-0.563313961
2095.100098,-0.556399345
2095.199951,-0.559212685
2095.300049,-0.563409328
2095.400146,-0.555064201
2095.5,-0.561739922
2095.600098,-0.560357094
2095.699951,-0.559832573
2095.800049,-0.561120152
2095.900146,-0.561024666
2096,-0.563266277
2096.100098,-0.563743114
2096.199951,-0.555397987
2096.300049,-0.558449745
2096.400146,-0.552727699
2096.5,-0.552393913
2096.600098,-0.562312126
2096.699951,-0.561263084
2096.800049,-0.564219952
2096.900146,-0.562455416
2097,-0.561310768
2097.100098,-0.563027859
2097.199951,-0.561525464
2097.300049,-0.560404778
2097.400146,-0.561358452
2097.5,-0.561644554
2097.600098,-0.563981533
2097.699951,-0.565555096
2097.800049,-0.557496071
2097.900146,-0.555636406
2098,-0.558735847
2098.100098,-0.560357094
2098.199951,-0.56278944
2098.300049,-0.559212685
2098.400146,-0.557496071
2098.5,-0.560643196
2098.600098,-0.563528299
2098.699951,-0.568320751
2098.800049,-0.567653179
2098.900146,-0.55530262
2099,-0.56689024
2099.100098,-0.560023308
2099.199951,-0.556542397
2099.300049,-0.556637764
2099.400146,-0.561310768
2099.5,-0.558831215
2099.600098,-0.562216759
2099.699951,-0.565078259
2099.800049,-0.55864048
2099.900146,-0.557496071
2100,-0.560404778
2100.100098,-0.556876183
2100.199951,-0.55992794
2100.300049,-0.558449745
2100.400146,-0.56159687
2100.5,-0.556494713
2100.600098,-0.560643196
2100.699951,-0.560261726
2100.800049,-0.568511486
2100.900146,-0.5681777
2101,-0.563766718
2101.100098,-0.558497429
2101.199951,-0.559880257
2101.300049,-0.556113243
2101.400146,-0.554778099
2101.5,-0.566794872
2101.600098,-0.561406136
2101.699951,-0.554491997
2101.800049,-0.554396629
2101.900146,-0.557281494
2102,-0.558735847
2102.100098,-0.561501503
2102.199951,-0.567510128
2102.300049,-0.562836766
2102.400146,-0.561406136
2102.5,-0.560929298
2102.600098,-0.564601421
2102.699951,-0.560404778
2102.800049,-0.557734489
2102.900146,-0.556733131
2103,-0.561024666
2103.100098,-0.563790798
2103.199951,-0.562646389
2103.300049,-0.557734489
2103.400146,-0.558211327
2103.5,-0.551821709
2103.600098,-0.561167717
2103.699951,-0.555874825
2103.800049,-0.559546471
2103.900146,-0.560547829
2104,-0.560214043
2104.100098,-0.566794872
2104.199951,-0.554825783
2104.300049,-0.564601421
2104.400146,-0.562073708
2104.5,-0.56779623
2104.600098,-0.561882973
2104.699951,-0.559165001
2104.800049,-0.550248146
2104.900146,-0.561024666
2105,-0.556303978
2105.100098,-0.560261726
2105.199951,-0.555541039
2105.300049,-0.552584648
2105.400146,-0.564982891
2105.5,-0.55492115
2105.600098,-0.561167717
2105.699951,-0.55492115
2105.800049,-0.558211327
2105.900146,-0.557686806
2106,-0.565364361
2106.100098,-0.55363369
2106.199951,-0.564124584
2106.300049,-0.557209969
2106.400146,-0.556685448
2106.5,-0.555254936
2106.600098,-0.553919792
2106.699951,-0.553204536
2106.800049,-0.558926582
2106.900146,-0.562455177
2107,-0.561930656
2107.100098,-0.560357094
2107.199951,-0.561501503
2107.300049,-0.560929298
2107.400146,-0.560166359
2107.5,-0.560607553
2107.600098,-0.559096485
2107.699951,-0.556733131
2107.800049,-0.558878899
2107.900146,-0.561835289
2108,-0.559737206
2108.100098,-0.558974266
2108.199951,-0.564172268
2108.300049,-0.56070292
2108.400146,-0.560261726
2108.5,-0.561015755
2108.600098,-0.561692238
2108.699951,-0.561406136
2108.800049,-0.560261726
2108.900146,-0.558688164
2109,-0.559260368
2109.100098,-0.557400703
2109.199951,-0.549723625
2109.300049,-0.565793514
2109.400146,-0.56030941
2109.5,-0.56235981
2109.600098,-0.560023308
2109.699951,-0.558735847
2109.800049,-0.561882973
2109.900146,-0.558402061
2110,-0.553299904
2110.100098,-0.551726341
2110.199951,-0.559451103
2110.300049,-0.557686806
2110.400146,-0.554110527
2110.5,-0.555469513
2110.600098,-0.556017876
2110.699951,-0.556488752
2110.800049,-0.557066917
2110.900146,-0.557400703
2111,-0.557782173
2111.100098,-0.556816578
2111.199951,-0.555350304
2111.300049,-0.556733131
2111.400146,-0.561167717
2111.5,-0.554968834
2111.600098,-0.560261726
2111.699951,-0.560357094
2111.800049,-0.560547829
2111.900146,-0.556494713
2112,-0.551487923
2112.100098,-0.561167717
2112.199951,-0.559594154
2112.300049,-0.552012444
2112.400146,-0.557114601
2112.5,-0.564410686
2112.600098,-0.556494713
2112.699951,-0.54991436
2112.800049,-0.565030575
2112.900146,-0.559308052
2113,-0.550343513
2113.100098,-0.563075542
2113.199951,-0.556733131
2113.300049,-0.557782173
2113.400146,-0.559844613
2113.5,-0.560929298
2113.600098,-0.563933849
2113.699951,-0.560679078
2113.800049,-0.560452461
2113.900146,-0.557400703
2114,-0.556065559
2114.100098,-0.556160927
2114.199951,-0.557448387
2114.300049,-0.561453819
2114.400146,-0.550200462
2114.5,-0.555254936
2114.600098,-0.557162285
2114.699951,-0.558831215
2114.800049,-0.559498787
2114.900146,-0.557150364
2115,-0.554730415
2115.100098,-0.555541039
2115.199951,-0.560214043
2115.300049,-0.555064201
2115.400146,-0.562455177
2115.5,-0.552584648
2115.600098,-0.560881615
2115.699951,-0.556256294
2115.800049,-0.555874825
2115.900146,-0.561549187
2116,-0.557305336
