CA i vs t,
s,ÊA
0,-6.25
0.100000001,-32.21405029
0.200000003,-26.37277222
0.300000012,-23.19750023
0.400000006,-20.99403
0.5,-19.49103355
0.600000024,-18.28129196
0.699999988,-17.22890854
0.800000012,-16.43354034
0.900000036,-15.70874691
1,-15.08790016
1.100000024,-14.57911491
1.200000048,-14.09750462
1.300000072,-13.63068104
1.399999976,-13.18293095
1.5,-12.85200119
1.600000024,-12.49055862
1.700000048,-12.19396591
1.800000072,-11.90214157
1.899999976,-11.62938595
2,-11.3785696
2.100000143,-11.08436108
2.200000048,-10.81923962
2.299999952,-10.61991692
2.400000095,-10.40104866
2.5,-10.20697594
2.600000143,-10.00336647
2.700000048,-9.842672348
2.799999952,-9.649553299
2.900000095,-9.485521317
3,-9.327683449
3.100000143,-9.17318821
3.200000048,-9.034428596
3.299999952,-8.880887032
3.400000095,-8.745465279
3.5,-8.623871803
3.600000143,-8.492741585
3.700000048,-8.376870155
3.799999952,-8.260998726
3.900000095,-8.141312599
4,-8.030204773
4.099999905,-7.921009064
4.200000286,-7.825164795
4.300000191,-7.733612061
4.400000095,-7.634429932
4.5,-7.527141571
4.599999905,-7.431774139
4.700000286,-7.347373962
4.800000191,-7.2605896
4.900000095,-7.169513702
5,-7.093696594
5.099999905,-6.982593536
5.200000286,-6.922988892
5.300000191,-6.840014458
5.400000095,-6.76753521
5.5,-6.688380241
5.599999905,-6.60636425
5.700000286,-6.54437542
5.800000191,-6.462836266
5.900000095,-6.395125389
6,-6.322169304
6.099999905,-6.281161308
6.200000286,-6.195807457
6.300000191,-6.145262718
6.400000095,-6.116175652
6.5,-6.038451195
6.599999905,-5.966448784
6.700000286,-5.889678001
6.800000191,-5.839133263
6.900000095,-5.775237083
7,-5.717539787
7.099999905,-5.679869652
7.200000286,-5.617876053
7.300000191,-5.568284988
7.400000095,-5.517263412
7.5,-5.477685928
7.599999905,-5.428571701
7.700000286,-5.367536545
7.800000191,-5.322713852
7.900000095,-5.286951065
8,-5.201597214
8.100000381,-5.167741776
8.199999809,-5.135316849
8.300000191,-5.091924667
8.400000572,-5.038518906
8.5,-5.002279282
8.600000381,-4.959363937
8.699999809,-4.923601151
8.800000191,-4.883546829
8.900000572,-4.826803207
9,-4.782934189
9.100000381,-4.755754471
9.199999809,-4.714746475
9.300000191,-4.676122665
9.400000572,-4.642744064
9.5,-4.615087509
9.600000381,-4.590768814
9.699999809,-4.542131424
9.800000191,-4.503030777
9.900000572,-4.479665756
10,-4.421491623
10.10000038,-4.405755997
10.19999981,-4.359498024
10.30000019,-4.340424538
10.40000057,-4.306569099
10.5,-4.262223244
10.60000038,-4.242196083
10.69999981,-4.211678505
10.80000019,-4.184975624
10.90000057,-4.13872242
11,-4.113926888
11.10000038,-4.09008503
11.19999981,-4.051938057
11.30000019,-4.023804665
11.40000057,-4.007115364
11.5,-3.971829414
11.60000038,-3.948941231
11.69999981,-3.917946815
11.80000019,-3.88361454
11.90000057,-3.871216774
12,-3.847374916
12.10000038,-3.80302906
12.19999981,-3.770127296
12.30000019,-3.75772953
12.40000057,-3.73436451
12.5,-3.68906498
12.60000038,-3.673329353
12.69999981,-3.659501076
12.80000019,-3.629460335
12.90000057,-3.608002663
13,-3.576054573
13.10000038,-3.561272621
13.19999981,-3.538384438
13.30000019,-3.519787788
13.40000057,-3.507866859
13.5,-3.486409187
13.60000038,-3.447785378
13.69999981,-3.42394352
13.80000019,-3.40200901
13.90000057,-3.391518593
14,-3.374829292
14.10000038,-3.349080086
14.19999981,-3.325238228
14.30000019,-3.309025764
14.40000057,-3.29805851
14.5,-3.27278614
14.60000038,-3.252282143
14.69999981,-3.21079731
14.80000019,-3.198399544
14.90000057,-3.179802895
15,-3.166928291
15.10000038,-3.159298897
15.19999981,-3.128781319
15.30000019,-3.113994598
15.40000057,-3.08347702
15.5,-3.085861206
15.60000038,-3.046283722
15.69999981,-3.03483963
15.80000019,-3.016242981
15.90000057,-3.005752563
16,-3.006706238
16.10000038,-2.975234985
16.20000076,-2.959499359
16.30000114,-2.946147919
16.39999962,-2.930412292
16.5,-2.913722992
16.60000038,-2.887973785
16.70000076,-2.881774902
16.80000114,-2.865085602
16.89999962,-2.84696579
17,-2.833614349
17.10000038,-2.814064026
17.20000076,-2.797851563
17.30000114,-2.768764496
17.39999962,-2.758274078
17.5,-2.752552032
17.60000038,-2.735385895
17.70000076,-2.719173431
17.80000114,-2.722511292
17.89999962,-2.716312408
18,-2.686271667
18.10000038,-2.671966553
18.20000076,-2.659568787
18.30000114,-2.653846741
18.39999962,-2.632865906
18.5,-2.621421814
18.60000038,-2.61713028
18.70000076,-2.594718933
18.80000114,-2.573738098
18.89999962,-2.567062378
19,-2.543697357
19.10000038,-2.535591125
19.20000076,-2.524147034
19.30000114,-2.513179779
19.39999962,-2.495059967
19.5,-2.487430573
19.60000038,-2.47443676
19.70000076,-2.457389832
19.80000114,-2.457866669
19.89999962,-2.443632841
20,-2.416453123
20.10000038,-2.396473408
20.20000076,-2.394470692
20.30000114,-2.382406712
20.39999962,-2.382597446
20.5,-2.368864536
20.60000038,-2.349123478
20.70000076,-2.346357822
20.80000114,-2.338251352
20.89999962,-2.321991205
21,-2.320656061
21.10000038,-2.310737848
21.20000076,-2.300533533
21.30000114,-2.283844233
21.39999962,-2.283415079
21.5,-2.258523941
21.60000038,-2.256950378
21.70000076,-2.232584
21.80000114,-2.221616745
21.89999962,-2.225669861
22,-2.201589584
22.10000038,-2.190336227
22.20000076,-2.191576004
22.30000114,-2.180512905
22.39999962,-2.17736578
22.5,-2.15748167
22.60000038,-2.144082546
22.70000076,-2.139791012
22.80000114,-2.139552593
22.89999962,-2.129586697
23,-2.093204021
23.10000038,-2.099307537
23.20000076,-2.087529659
23.30000114,-2.083953381
23.39999962,-2.070697308
23.5,-2.054579735
23.60000038,-2.0356493
23.70000076,-2.029164314
23.80000114,-2.025826454
23.89999962,-2.016480446
24,-1.999743462
24.10000038,-1.999409676
24.20000076,-1.990492821
24.30000114,-1.975281715
24.39999962,-1.978142738
24.5,-1.960833549
24.60000038,-1.948101997
24.70000076,-1.938469887
24.80000114,-1.934845448
24.89999962,-1.920301914
25,-1.919157505
25.10000038,-1.911528111
25.20000076,-1.905090809
25.30000114,-1.88611269
25.39999962,-1.882822514
25.5,-1.871330738
25.60000038,-1.876862049
25.70000076,-1.87032938
25.80000114,-1.855261326
25.89999962,-1.845963001
26,-1.846773624
26.10000038,-1.83208704
26.20000076,-1.830751896
26.30000114,-1.813728809
26.39999962,-1.804048538
26.5,-1.79842186
26.60000038,-1.799137115
26.70000076,-1.786500931
26.80000114,-1.776535034
26.89999962,-1.768810272
27,-1.75736618
27.10000038,-1.742679596
27.20000076,-1.739627838
27.30000114,-1.734287262
27.39999962,-1.728136063
27.5,-1.725370407
27.60000038,-1.715213776
27.70000076,-1.707345963
27.80000114,-1.705438614
27.89999962,-1.692277908
28,-1.686984539
28.10000038,-1.683646679
28.20000076,-1.67134428
28.30000114,-1.671058178
28.39999962,-1.662522793
28.5,-1.645356655
28.60000038,-1.646501064
28.70000076,-1.631528378
28.80000114,-1.636153698
28.89999962,-1.631099224
29,-1.623565197
29.10000038,-1.60935545
29.20000076,-1.610070705
29.30000114,-1.602107525
29.39999962,-1.59023428
29.5,-1.58856535
29.60000038,-1.585799694
29.70000076,-1.578456402
29.80000114,-1.573115826
29.89999962,-1.563865185
30,-1.548272133
30.10000038,-1.5545187
30.20000076,-1.5545187
30.30000114,-1.543599129
30.39999962,-1.530724525
30.5,-1.534777641
30.60000038,-1.519661903
30.70000076,-1.51846981
30.80000114,-1.509696007
30.89999962,-1.506215096
31,-1.51179409
31.10000038,-1.507359505
31.20000076,-1.488524437
31.30000114,-1.491957664
31.39999962,-1.486712456
31.5,-1.47264576
31.60000038,-1.47188282
31.70000076,-1.47264576
31.80000114,-1.461010933
31.89999962,-1.454621315
32,-1.458245277
32.10000229,-1.451045036
32.20000076,-1.444655418
32.29999924,-1.433496952
32.40000153,-1.43654871
32.5,-1.424198627
32.60000229,-1.416855335
32.70000076,-1.405840397
32.79999924,-1.40498209
32.90000153,-1.399164677
33,-1.407080173
33.10000229,-1.398401737
33.20000076,-1.388531208
33.29999924,-1.377420902
33.40000153,-1.378088474
33.5,-1.377850056
33.60000229,-1.369123936
33.70000076,-1.36378336
33.79999924,-1.354437351
33.90000153,-1.355438709
34,-1.348965645
34.10000229,-1.34518671
34.20000076,-1.340799809
34.29999924,-1.337366581
34.40000153,-1.320391178
34.5,-1.319246769
34.60000229,-1.31308341
34.70000076,-1.308088303
34.79999924,-1.304607391
34.90000153,-1.305990219
35,-1.296215057
35.10000229,-1.294164658
35.20000076,-1.29445076
35.29999924,-1.289420128
35.40000153,-1.282720566
35.5,-1.286344528
35.60000229,-1.269178391
35.70000076,-1.269845963
35.79999924,-1.262347698
35.90000153,-1.258640289
36,-1.251726151
36.10000229,-1.241235733
36.20000076,-1.25005722
36.29999924,-1.2454319
36.40000153,-1.233558655
36.5,-1.236228943
36.60000229,-1.215963364
36.70000076,-1.226453781
36.79999924,-1.217632294
36.90000153,-1.210289001
37,-1.208620071
37.10000229,-1.204185486
37.20000076,-1.194314957
37.29999924,-1.203231812
37.40000153,-1.181344509
37.5,-1.186446667
37.60000229,-1.189594269
37.70000076,-1.173762798
37.79999924,-1.180915356
37.90000153,-1.171140194
38,-1.168899059
38.10000229,-1.166896343
38.20000076,-1.166896343
38.29999924,-1.16236639
38.40000153,-1.154641628
38.5,-1.138429165
38.60000229,-1.155118465
38.70000076,-1.146869183
38.79999924,-1.135615826
38.90000153,-1.138953686
39,-1.126079082
39.10000229,-1.130847454
39.20000076,-1.120357037
39.29999924,-1.120500088
39.40000153,-1.119403362
39.5,-1.115111828
39.60000229,-1.108960629
39.70000076,-1.111869335
39.79999924,-1.108006954
39.90000153,-1.096992016
40,-1.088742733
40.10000229,-1.101188183
40.20000076,-1.086978436
40.29999924,-1.083545208
40.40000153,-1.082400799
40.5,-1.079623222
40.60000229,-1.07920599
40.70000076,-1.073340893
40.79999924,-1.065282345
40.90000153,-1.062850475
41,-1.072244167
41.10000229,-1.063994884
41.20000076,-1.057843208
41.29999924,-1.053599358
41.40000153,-1.052741051
41.5,-1.048830986
41.60000229,-1.041678429
41.70000076,-1.045016289
41.79999924,-1.040057182
41.90000153,-1.040963173
42,-1.020316124
42.10000229,-1.029471397
42.20000076,-1.017836571
42.29999924,-1.027897835
42.40000153,-1.021985054
42.5,-1.018742561
42.60000229,-1.008681297
42.70000076,-1.006917
42.79999924,-0.997952461
42.90000153,-0.999144554
43,-0.996545792
43.10000229,-0.996188164
43.20000076,-0.992897987
43.29999924,-0.987128258
43.40000153,-0.988081932
43.5,-0.996235847
43.60000229,-0.985602379
43.70000076,-0.973061562
43.79999924,-0.974682808
43.90000153,-0.967482567
44,-0.977210045
44.10000229,-0.962809563
44.20000076,-0.96624279
44.29999924,-0.961784363
44.40000153,-0.95956707
44.5,-0.958518028
44.60000229,-0.948409081
44.70000076,-0.930574894
44.79999924,-0.943879128
44.90000153,-0.937870979
45,-0.942019463
45.10000229,-0.937012196
45.20000076,-0.937584877
45.29999924,-0.946501732
45.40000153,-0.929478168
45.5,-0.919655323
45.60000229,-0.92423296
45.70000076,-0.917032719
45.79999924,-0.926044941
45.90000153,-0.925234318
46,-0.917318821
46.10000229,-0.912359715
46.20000076,-0.915316105
46.29999924,-0.905874729
46.40000153,-0.905731678
46.5,-0.907782078
46.60000229,-0.902775288
46.70000076,-0.89304781
46.79999924,-0.888327122
46.90000153,-0.895908833
47,-0.886848927
47.10000229,-0.889662266
47.20000076,-0.876310825
47.29999924,-0.883797169
47.40000153,-0.869062901
47.5,-0.869301319
47.60000229,-0.875452518
47.70000076,-0.872925282
47.79999924,-0.868347645
47.90000153,-0.866535664
48,-0.864008427
48.10000229,-0.857428074
48.20000076,-0.852564335
48.29999924,-0.848368168
48.40000153,-0.847414494
48.5,-0.856426716
48.60000229,-0.862577915
48.70000076,-0.852659702
48.79999924,-0.846746922
48.90000153,-0.83735323
49,-0.83902216
49.10000229,-0.835779667
49.20000076,-0.831297398
49.29999924,-0.83120203
49.40000153,-0.829998016
49.5,-0.827244282
49.60000229,-0.830248356
49.70000076,-0.825193882
49.79999924,-0.821617603
49.90000153,-0.823381901
50,-0.821999073
50.10000229,-0.814178944
50.20000076,-0.815037251
50.29999924,-0.81746912
50.40000153,-0.811079025
50.5,-0.79958725
50.60000229,-0.816086292
50.70000076,-0.805738449
50.79999924,-0.808551788
50.90000153,-0.794437408
51,-0.803354263
51.10000229,-0.782421112
51.20000076,-0.794961929
51.29999924,-0.792053223
51.40000153,-0.794389725
51.5,-0.797727585
51.60000229,-0.78137207
51.70000076,-0.785615921
51.79999924,-0.776794434
51.90000153,-0.776031494
52,-0.780227661
52.10000229,-0.771644592
52.20000076,-0.759246826
52.29999924,-0.767496109
52.40000153,-0.77469635
52.5,-0.770738602
52.60000229,-0.76763916
52.70000076,-0.767925262
52.79999924,-0.761011124
52.90000153,-0.752857208
53,-0.755622864
53.10000229,-0.752761841
53.20000076,-0.756767273
53.29999924,-0.757816315
53.40000153,-0.746229172
53.5,-0.744703293
53.60000229,-0.751331329
53.70000076,-0.747755051
53.79999924,-0.739458084
53.90000153,-0.740507126
54,-0.741520405
54.10000229,-0.743415833
54.20000076,-0.742700577
54.29999924,-0.737169266
54.40000153,-0.735869884
54.5,-0.734308243
54.60000229,-0.729301453
54.70000076,-0.719240189
54.79999924,-0.727012634
54.90000153,-0.712039948
55,-0.726774216
55.10000229,-0.717142105
55.20000076,-0.719049454
55.29999924,-0.712278366
55.40000153,-0.703456879
55.5,-0.710514069
55.60000229,-0.715616226
55.70000076,-0.711515427
55.79999924,-0.709560394
55.90000153,-0.71053791
56,-0.710895538
56.10000229,-0.710180283
56.20000076,-0.704958916
56.29999924,-0.700643539
56.40000153,-0.698116302
56.5,-0.692918658
56.60000229,-0.687625885
56.70000076,-0.685288906
56.79999924,-0.687625885
56.90000153,-0.692918777
57,-0.686671734
57.10000229,-0.6957798
57.20000076,-0.675466061
57.29999924,-0.692966461
57.40000153,-0.681188107
57.5,-0.667264462
57.60000229,-0.675179958
57.70000076,-0.672080517
57.79999924,-0.676848888
57.90000153,-0.674130917
58,-0.671651363
58.10000229,-0.677468777
58.20000076,-0.676133633
58.29999924,-0.673844814
58.40000153,-0.660016537
58.5,-0.662162304
58.60000229,-0.674417019
58.70000076,-0.66416502
58.79999924,-0.656917095
58.90000153,-0.663402081
59,-0.666406155
59.10000229,-0.666120052
59.20000076,-0.659778118
59.29999924,-0.663688183
59.40000153,-0.651051998
59.5,-0.658061504
59.60000229,-0.644710064
59.70000076,-0.651385784
59.79999924,-0.656249523
59.90000153,-0.644614697
60,-0.657632351
60.10000229,-0.64132452
60.20000076,-0.650193691
60.29999924,-0.635077953
60.40000153,-0.645854473
60.5,-0.635459423
60.60000229,-0.638558865
60.70000076,-0.633552074
60.79999924,-0.634505749
60.90000153,-0.638606548
61,-0.630834103
61.10000229,-0.634458065
61.20000076,-0.623252392
61.29999924,-0.631024837
61.40000153,-0.626637936
61.5,-0.635459423
61.60000229,-0.616195202
61.70000076,-0.624825954
61.79999924,-0.620248318
61.90000153,-0.62182188
62,-0.615956783
62.10000229,-0.609281063
62.20000076,-0.612475872
62.29999924,-0.601556301
62.40000153,-0.605180264
62.5,-0.609567165
62.60000229,-0.604131222
62.70000076,-0.601937771
62.79999924,-0.601365566
62.90000153,-0.601317883
63,-0.601508617
63.10000229,-0.595262051
63.20000076,-0.601985455
63.29999924,-0.598361492
63.40000153,-0.595357418
63.5,-0.585677624
63.60000229,-0.597121716
63.70000076,-0.588300228
63.79999924,-0.593402386
63.90000153,-0.587394238
64,-0.579717159
64.09999847,-0.597169399
64.20000458,-0.592877865
64.30000305,-0.586965084
64.40000153,-0.599172115
64.5,-0.577523708
64.59999847,-0.572183132
64.70000458,-0.58601141
64.80000305,-0.570323467
64.90000153,-0.581815243
65,-0.590541363
65.09999847,-0.575711727
65.20000458,-0.572993755
65.30000305,-0.570132732
65.40000153,-0.566985607
65.5,-0.564792156
65.59999847,-0.575377941
65.70000458,-0.569036007
65.80000305,-0.562026024
65.90000153,-0.563600063
66,-0.563838363
66.09999847,-0.565173626
66.20000458,-0.564553738
66.30000305,-0.560976982
66.40000153,-0.559212685
66.5,-0.552298546
66.59999847,-0.549771309
66.70000458,-0.554778099
66.80000305,-0.555827141
66.90000153,-0.554253578
67,-0.548293114
67.09999847,-0.538041115
67.20000458,-0.548197746
67.30000305,-0.544096947
67.40000153,-0.547196388
67.5,-0.544430733
67.59999847,-0.550391197
67.70000458,-0.540389538
67.80000305,-0.534083366
67.90000153,-0.532652855
68,-0.540043831
68.09999847,-0.548197746
68.20000458,-0.54080677
68.30000305,-0.538899422
68.40000153,-0.536610603
68.5,-0.538100719
68.59999847,-0.538374901
68.70000458,-0.538517952
68.80000305,-0.534584045
68.90000153,-0.530888557
69,-0.530554771
69.09999847,-0.531401157
69.20000458,-0.531365395
69.30000305,-0.532795906
69.40000153,-0.535990715
69.5,-0.538899422
69.59999847,-0.53990078
69.70000458,-0.527264595
69.80000305,-0.532176018
69.90000153,-0.523736
70,-0.536705971
70.09999847,-0.533987999
70.20000458,-0.538470268
70.30000305,-0.526644707
70.40000153,-0.529982567
70.5,-0.535943031
70.59999847,-0.530840874
70.70000458,-0.534750938
70.80000305,-0.525977135
70.90000153,-0.534607887
71,-0.537898064
71.09999847,-0.518776894
71.20000458,-0.507666588
71.30000305,-0.520493507
71.40000153,-0.521828651
71.5,-0.526024818
71.59999847,-0.521780968
71.70000458,-0.521840572
71.80000305,-0.519825935
71.90000153,-0.519730568
72,-0.520684242
72.09999847,-0.514485359
72.20000458,-0.511052132
72.30000305,-0.509860039
72.40000153,-0.517680168
72.5,-0.513245583
72.59999847,-0.509478569
72.70000458,-0.511433601
72.80000305,-0.508048058
72.90000153,-0.506712914
73,-0.504471779
73.09999847,-0.493742943
73.20000458,-0.501229286
73.30000305,-0.493790627
73.40000153,-0.497843742
73.5,-0.511433601
73.59999847,-0.508524895
73.70000458,-0.50486517
73.80000305,-0.499798775
73.90000153,-0.499703407
74,-0.499894142
74.09999847,-0.501372337
74.20000458,-0.503232002
74.30000305,-0.491501808
74.40000153,-0.501086235
74.5,-0.487448692
74.59999847,-0.493409157
74.70000458,-0.491406441
74.80000305,-0.491895199
74.90000153,-0.49050045
75,-0.492264748
75.09999847,-0.488402367
75.20000458,-0.484396935
75.30000305,-0.488259315
75.40000153,-0.470664024
75.5,-0.477005959
75.59999847,-0.469519615
75.70000458,-0.481678963
75.80000305,-0.477387428
75.90000153,-0.481535912
76,-0.481917381
76.09999847,-0.477482796
76.20000458,-0.472237587
76.30000305,-0.475384712
76.40000153,-0.479628563
76.5,-0.466038704
76.59999847,-0.480582237
76.70000458,-0.47676754
76.80000305,-0.482251167
76.90000153,-0.478388786
77,-0.472285271
77.09999847,-0.476719856
77.20000458,-0.479676247
77.30000305,-0.468947411
77.40000153,-0.471856117
77.5,-0.481154442
77.59999847,-0.477435112
77.70000458,-0.468708992
77.80000305,-0.465466499
77.90000153,-0.469614983
78,-0.47433567
78.09999847,-0.477625847
78.20000458,-0.472762108
78.30000305,-0.462986946
78.40000153,-0.46637249
78.5,-0.46599102
78.59999847,-0.470473289
78.70000458,-0.473763466
78.80000305,-0.465418816
78.90000153,-0.462557793
79,-0.450398445
79.09999847,-0.452544212
79.20000458,-0.467946053
79.30000305,-0.454070091
79.40000153,-0.474621773
79.5,-0.459219933
79.59999847,-0.461508751
79.70000458,-0.456835747
79.80000305,-0.454213142
79.90000153,-0.452401161
80,-0.452568054
80.09999847,-0.452305794
80.20000458,-0.451352119
80.30000305,-0.448860645
80.40000153,-0.446106911
80.5,-0.445677757
80.59999847,-0.441624641
80.70000458,-0.436522007
80.80000305,-0.44558239
80.90000153,-0.448061943
81,-0.454785347
81.09999847,-0.433279514
81.20000458,-0.442339897
81.30000305,-0.430323124
81.40000153,-0.438811302
81.5,-0.440051079
81.59999847,-0.437011003
81.70000458,-0.43437624
81.80000305,-0.434805393
81.90000153,-0.440909386
82,-0.439574242
82.09999847,-0.449015617
82.20000458,-0.428654194
82.30000305,-0.440146446
82.40000153,-0.443102837
82.5,-0.436438799
82.59999847,-0.432278156
82.70000458,-0.430227757
82.80000305,-0.439049721
82.90000153,-0.440337181
83,-0.431753635
83.09999847,-0.436569691
83.20000458,-0.421740055
83.30000305,-0.428463459
83.40000153,-0.431372166
83.5,-0.424040794
83.59999847,-0.419641972
83.70000458,-0.416685581
83.80000305,-0.416971684
83.90000153,-0.413621902
84,-0.410677433
84.09999847,-0.410152912
84.20000458,-0.417448521
84.30000305,-0.415779591
84.40000153,-0.411345005
84.5,-0.416924
84.59999847,-0.405909061
84.70000458,-0.406290531
84.80000305,-0.409294605
84.90000153,-0.414968967
85,-0.419785023
85.09999847,-0.404287815
85.20000458,-0.415970325
85.30000305,-0.402857304
85.40000153,-0.416399479
85.5,-0.406576633
85.59999847,-0.413919926
85.70000458,-0.408627033
85.80000305,-0.403810978
85.90000153,-0.398184299
86,-0.404383183
86.09999847,-0.396658421
86.20000458,-0.404812336
86.30000305,-0.399805546
86.40000153,-0.400854588
86.5,-0.399900913
86.59999847,-0.401128769
86.70000458,-0.401951313
86.80000305,-0.401808262
86.90000153,-0.398851871
87,-0.400949955
87.09999847,-0.399042606
87.20000458,-0.394226551
87.30000305,-0.397135258
87.40000153,-0.404001713
87.5,-0.406719685
87.59999847,-0.398088932
87.70000458,-0.397135258
87.80000305,-0.393892765
87.90000153,-0.386358738
88,-0.38406992
88.09999847,-0.394417286
88.20000458,-0.398899555
88.30000305,-0.401712894
88.40000153,-0.389505863
88.5,-0.384212971
88.59999847,-0.396181583
88.70000458,-0.392176151
88.80000305,-0.387622356
88.90000153,-0.382496357
89,-0.379635334
89.09999847,-0.383020878
89.20000458,-0.389839649
89.30000305,-0.382210255
89.40000153,-0.376917362
89.5,-0.384260654
89.59999847,-0.378872395
89.70000458,-0.387932301
89.80000305,-0.376774311
89.90000153,-0.383163929
90,-0.388409138
90.09999847,-0.369812489
90.20000458,-0.372435093
90.30000305,-0.375010014
90.40000153,-0.369717121
90.5,-0.368572712
90.59999847,-0.367666721
90.70000458,-0.367619038
90.80000305,-0.374866962
90.90000153,-0.361086369
91,-0.374533176
91.09999847,-0.369287968
91.20000458,-0.372196674
91.30000305,-0.370050907
91.40000153,-0.36456728
91.5,-0.367285252
91.59999847,-0.36213541
91.70000458,-0.359274387
91.80000305,-0.364769936
91.90000153,-0.370527744
92,-0.3671422
92.09999847,-0.359035969
92.20000458,-0.365902424
92.30000305,-0.377584934
92.40000153,-0.35507822
92.5,-0.364424229
92.59999847,-0.358606815
92.70000458,-0.367428303
92.80000305,-0.358606815
92.90000153,-0.365950108
93,-0.360704899
93.09999847,-0.357367039
93.20000458,-0.354506016
93.30000305,-0.367762089
93.40000153,-0.361992359
93.5,-0.365091801
93.59999847,-0.365425587
93.70000458,-0.362278461
93.80000305,-0.35674715
93.90000153,-0.35956049
94,-0.348450184
94.09999847,-0.343109608
94.20000458,-0.36213541
94.30000305,-0.348164082
94.40000153,-0.352884769
94.5,-0.350739002
94.59999847,-0.347448826
94.70000458,-0.346364021
94.80000305,-0.342489719
94.90000153,-0.344778538
95,-0.353504658
95.09999847,-0.34172678
95.20000458,-0.353504658
95.30000305,-0.346065998
95.40000153,-0.336958408
95.5,-0.346876621
95.59999847,-0.340487003
95.70000458,-0.350023746
95.80000305,-0.350023746
95.90000153,-0.349594593
96,-0.347925663
96.09999847,-0.349976063
96.20000458,-0.341011524
96.30000305,-0.35174036
96.40000153,-0.345303059
96.5,-0.339914799
96.59999847,-0.336624622
96.70000458,-0.343061924
96.80000305,-0.338722706
96.90000153,-0.345684528
97,-0.337435246
97.09999847,-0.335575581
97.20000458,-0.338245869
97.30000305,-0.339342594
97.40000153,-0.339962482
97.5,-0.342680454
97.59999847,-0.339628696
97.70000458,-0.327087879
97.80000305,-0.331570148
97.90000153,-0.336004734
98,-0.339724064
98.09999847,-0.33838892
98.20000458,-0.333954334
98.30000305,-0.335432529
98.40000153,-0.329329014
98.5,-0.331188679
98.59999847,-0.337244511
98.70000458,-0.329376698
98.80000305,-0.342489719
98.90000153,-0.346065998
99,-0.333906651
99.09999847,-0.337769032
99.20000458,-0.329901218
99.30000305,-0.329901218
99.40000153,-0.325228214
99.5,-0.323368549
99.59999847,-0.326992512
99.70000458,-0.329329014
99.80000305,-0.33004427
99.90000153,-0.326372623
100,-0.335766315
100.0999985,-0.328995228
100.2000046,-0.320316792
100.3000031,-0.333954334
100.4000015,-0.343538761
100.5,-0.331093311
100.5999985,-0.332476139
100.7000046,-0.32594347
100.8000031,-0.323320866
100.9000015,-0.326181889
101,-0.3235116
101.0999985,-0.317980289
101.2000046,-0.325228214
101.3000031,-0.321222782
101.4000015,-0.335766315
101.5,-0.332476139
101.5999985,-0.326062679
101.7000046,-0.316215992
101.8000031,-0.319792271
101.9000015,-0.327373981
102,-0.311876297
102.0999985,-0.316311359
102.2000046,-0.312448502
102.3000031,-0.314916492
102.4000015,-0.316406727
102.5,-0.314499378
102.5999985,-0.312639713
102.7000046,-0.31259203
102.8000031,-0.314797401
102.9000015,-0.318171024
103,-0.315786839
103.0999985,-0.309206009
103.2000046,-0.315596104
103.3000031,-0.311590195
103.4000015,-0.30896759
103.5,-0.305343628
103.5999985,-0.307584763
103.7000046,-0.308395386
103.8000031,-0.307632446
103.9000015,-0.309015274
104,-0.314404011
104.0999985,-0.305438995
104.2000046,-0.296808243
104.3000031,-0.314737797
104.4000015,-0.308013916
104.5,-0.305438995
104.5999985,-0.299573898
104.7000046,-0.301099777
104.8000031,-0.306583405
104.9000015,-0.302721024
105,-0.307060242
105.0999985,-0.299240112
105.2000046,-0.307966232
105.3000031,-0.310398102
105.4000015,-0.302387238
105.5,-0.292516708
105.5999985,-0.309062958
105.7000046,-0.299764633
105.8000031,-0.303388596
105.9000015,-0.304676056
106,-0.306917191
106.0999985,-0.305295944
106.2000046,-0.306201935
106.3000031,-0.301719666
106.4000015,-0.297189713
106.5,-0.29690361
106.5999985,-0.297893047
106.7000046,-0.298620224
106.8000031,-0.298858643
106.9000015,-0.296760559
107,-0.301195145
107.0999985,-0.304771423
107.2000046,-0.311256409
107.3000031,-0.306201935
107.4000015,-0.297523499
107.5,-0.29561615
107.5999985,-0.295949936
107.7000046,-0.292087555
107.8000031,-0.300336838
107.9000015,-0.290323257
108,-0.296379089
108.0999985,-0.302434921
108.2000046,-0.297952652
108.3000031,-0.299001694
108.4000015,-0.291801453
108.5,-0.298191071
108.5999985,-0.285984039
108.7000046,-0.291992188
108.8000031,-0.286794662
108.9000015,-0.2852211
109,-0.297761917
109.0999985,-0.282693863
109.2000046,-0.290561676
109.3000031,-0.292898178
109.4000015,-0.279594421
109.5,-0.284553528
109.5999985,-0.28984642
109.7000046,-0.274015427
109.8000031,-0.287462234
109.9000015,-0.293708801
110,-0.290847778
110.0999985,-0.290418625
110.2000046,-0.283123016
110.3000031,-0.284601212
110.4000015,-0.278020859
110.5,-0.285745621
110.5999985,-0.276924133
110.7000046,-0.296379089
110.8000031,-0.287128448
110.9000015,-0.285888672
111,-0.285745621
111.0999985,-0.288988113
111.2000046,-0.272298813
111.3000031,-0.285888672
111.4000015,-0.278259277
111.5,-0.290370941
111.5999985,-0.292993546
111.7000046,-0.27983284
111.8000031,-0.284601212
111.9000015,-0.290132523
112,-0.278402328
112.0999985,-0.272108078
112.2000046,-0.289035797
112.3000031,-0.284791946
112.4000015,-0.283361435
112.5,-0.279642105
112.5999985,-0.283695221
112.7000046,-0.270963669
112.8000031,-0.286842346
112.9000015,-0.278259277
113,-0.270248413
113.0999985,-0.277019501
113.2000046,-0.269580841
113.3000031,-0.283409119
113.4000015,-0.278020859
113.5,-0.277162552
113.5999985,-0.274396896
113.7000046,-0.278736115
113.8000031,-0.27573204
113.9000015,-0.265432358
114,-0.267339706
114.0999985,-0.278354645
114.2000046,-0.278640747
114.3000031,-0.272596836
114.4000015,-0.266004562
114.5,-0.26738739
114.5999985,-0.268198013
114.7000046,-0.272251129
114.8000031,-0.268698692
114.9000015,-0.26738739
115,-0.266958237
115.0999985,-0.27148819
115.2000046,-0.275779724
115.3000031,-0.272012711
115.4000015,-0.269104004
115.5,-0.26404953
115.5999985,-0.258327484
115.7000046,-0.260950089
115.8000031,-0.260663986
115.9000015,-0.261045456
116,-0.261236191
116.0999985,-0.264431
116.2000046,-0.263906479
116.3000031,-0.269485474
116.4000015,-0.260187149
116.5,-0.270391464
116.5999985,-0.260425568
116.7000046,-0.268817902
116.8000031,-0.262905121
116.9000015,-0.268007278
117,-0.269151688
117.0999985,-0.268007278
117.2000046,-0.266552925
117.3000031,-0.263715744
117.4000015,-0.26533699
117.5,-0.278306961
117.5999985,-0.251747131
117.7000046,-0.263620377
117.8000031,-0.254083633
117.9000015,-0.273204803
118,-0.268484116
118.0999985,-0.261903763
118.2000046,-0.254894257
118.3000031,-0.261236191
118.4000015,-0.265384674
118.5,-0.265193939
118.5999985,-0.262058735
118.7000046,-0.257612228
118.8000031,-0.260044098
118.9000015,-0.261045456
119,-0.261522293
119.0999985,-0.266529083
119.2000046,-0.26609993
119.3000031,-0.263727665
119.4000015,-0.259233475
119.5,-0.263048172
119.5999985,-0.259185791
119.7000046,-0.25031662
119.8000031,-0.263954163
119.9000015,-0.244689941
120,-0.268054962
120.0999985,-0.268007278
120.2000046,-0.254417419
120.3000031,-0.253034592
120.4000015,-0.260044098
120.5,-0.256658554
120.5999985,-0.25661087
120.7000046,-0.256944656
120.8000031,-0.259376526
120.9000015,-0.261617661
121,-0.259102345
121.0999985,-0.258565903
121.2000046,-0.256849289
121.3000031,-0.252426624
121.4000015,-0.247360229
121.5,-0.246931076
121.5999985,-0.241495132
121.7000046,-0.257469177
121.8000031,-0.245357513
121.9000015,-0.237632751
122,-0.25532341
122.0999985,-0.254322052
122.2000046,-0.241399765
122.3000031,-0.256467819
122.4000015,-0.246692657
122.5,-0.261283875
122.5999985,-0.251747131
122.7000046,-0.244308472
122.8000031,-0.24697876
122.9000015,-0.246168137
123,-0.247074127
123.0999985,-0.252414703
123.2000046,-0.252414703
123.3000031,-0.255895615
123.4000015,-0.255084991
123.5,-0.243974686
123.5999985,-0.248600006
123.7000046,-0.241781235
123.8000031,-0.249410629
123.9000015,-0.257135391
124,-0.250125885
124.0999985,-0.23992157
124.2000046,-0.238824844
124.3000031,-0.243211746
124.4000015,-0.245357513
124.5,-0.24428463
124.5999985,-0.244356155
124.7000046,-0.244213104
124.8000031,-0.240589142
124.9000015,-0.240589142
125,-0.244976044
125.0999985,-0.24788475
125.2000046,-0.250841141
125.3000031,-0.243593216
125.4000015,-0.248552322
125.5,-0.239587784
125.5999985,-0.243116379
125.7000046,-0.246406555
125.8000031,-0.24659729
125.9000015,-0.242782593
126,-0.230527878
126.0999985,-0.232912064
126.2000046,-0.235963821
126.3000031,-0.244451523
126.4000015,-0.237728119
126.5,-0.24492836
126.5999985,-0.243164063
126.7000046,-0.244260788
126.8000031,-0.243545532
126.9000015,-0.238967896
127,-0.234771729
127.0999985,-0.233293533
127.2000046,-0.239873886
127.3000031,-0.237251282
127.4000015,-0.230194092
127.5,-0.235773087
127.5999985,-0.242734909
127.7000046,-0.2390275
127.8000031,-0.239015579
127.9000015,-0.238586426
128,-0.234867096
128.1000061,-0.225711823
128.1999969,-0.246025085
128.3000031,-0.224805832
128.4000092,-0.238538742
128.5,-0.227714539
128.6000061,-0.237632751
128.6999969,-0.22990799
128.8000031,-0.24120903
128.9000092,-0.231100082
129,-0.238395691
129.1000061,-0.24030304
129.1999969,-0.234819412
129.3000031,-0.240732193
129.4000092,-0.237251282
129.5,-0.236011505
129.6000061,-0.240589142
129.6999969,-0.233913422
129.8000031,-0.227333069
129.9000092,-0.235200882
130,-0.226045609
130.1000061,-0.231672287
130.1999969,-0.22618866
130.3000031,-0.230718613
130.4000092,-0.236059189
130.5,-0.228239059
130.6000061,-0.235391617
130.6999969,-0.231100082
130.8000031,-0.225521088
130.9000092,-0.226331711
131,-0.223184586
131.1000061,-0.226140976
131.1999969,-0.221849442
131.3000031,-0.221277237
131.4000092,-0.227619171
131.5,-0.227762222
131.6000061,-0.225437641
131.6999969,-0.224185944
131.8000031,-0.222183228
131.9000092,-0.231243134
132,-0.221754074
132.1000061,-0.23453331
132.1999969,-0.229288101
132.3000031,-0.22504425
132.4000092,-0.234104156
132.5,-0.214315414
132.6000061,-0.220991135
132.6999969,-0.234962463
132.8000031,-0.224090576
132.9000092,-0.226570129
133,-0.232578278
133.1000061,-0.220514297
133.1999969,-0.22990799
133.3000031,-0.212598801
133.4000092,-0.230718613
133.5,-0.22952652
133.6000061,-0.228000641
133.6999969,-0.224376678
133.8000031,-0.219846725
133.9000092,-0.227237701
134,-0.217128754
134.1000061,-0.224185944
134.1999969,-0.222373962
134.3000031,-0.229955673
134.4000092,-0.223852158
134.5,-0.219751358
134.6000061,-0.222183228
134.6999969,-0.220657349
134.8000031,-0.211740494
134.9000092,-0.210596085
135,-0.21836853
135.1000061,-0.217557907
135.1999969,-0.219179153
135.3000031,-0.216246605
135.4000092,-0.218225479
135.5,-0.21002388
135.6000061,-0.217700958
135.6999969,-0.21169281
135.8000031,-0.219942093
135.9000092,-0.223327637
136,-0.209690094
136.1000061,-0.203681946
136.1999969,-0.225473404
136.3000031,-0.204874039
136.4000092,-0.212932587
136.5,-0.206399918
136.6000061,-0.224567413
136.6999969,-0.210214615
136.8000031,-0.220275879
136.9000092,-0.221086502
137,-0.218511581
137.1000061,-0.217700958
137.1999969,-0.214982986
137.3000031,-0.218428135
137.4000092,-0.219799042
137.5,-0.221229553
137.6000061,-0.217414856
137.6999969,-0.212598801
137.8000031,-0.21875
137.9000092,-0.220085144
138,-0.225616455
138.1000061,-0.213123322
138.1999969,-0.220514297
138.3000031,-0.209594727
138.4000092,-0.214220047
138.5,-0.210786819
138.6000061,-0.215364456
138.6999969,-0.216842651
138.8000031,-0.218654633
138.9000092,-0.21528101
139,-0.213027954
139.1000061,-0.212598801
139.1999969,-0.215435982
139.3000031,-0.220705032
139.4000092,-0.21541214
139.5,-0.223041534
139.6000061,-0.213266373
139.6999969,-0.217224121
139.8000031,-0.217128754
139.9000092,-0.218606949
140,-0.218797684
140.1000061,-0.221277237
140.1999969,-0.209117889
140.3000031,-0.218988419
140.4000092,-0.228191376
140.5,-0.214696884
140.6000061,-0.214982986
140.6999969,-0.213457108
140.8000031,-0.213635921
140.9000092,-0.213266373
141,-0.212837219
141.1000061,-0.215269089
141.1999969,-0.216175079
141.3000031,-0.218797684
141.4000092,-0.218797684
141.5,-0.216175079
141.6000061,-0.213647842
141.6999969,-0.213457108
141.8000031,-0.216365814
141.9000092,-0.216175079
142,-0.212360382
142.1000061,-0.207353592
142.1999969,-0.20873642
142.3000031,-0.21040535
142.4000092,-0.20501709
142.5,-0.210882187
142.6000061,-0.208688736
142.6999969,-0.22246933
142.8000031,-0.214220047
142.9000092,-0.220132828
143,-0.207019806
143.1000061,-0.214839935
143.1999969,-0.209785461
143.3000031,-0.20501709
143.4000092,-0.208831787
143.5,-0.209976196
143.6000061,-0.207735062
143.6999969,-0.206161499
143.8000031,-0.214363098
143.9000092,-0.210548401
144,-0.224710464
144.1000061,-0.2146492
144.1999969,-0.20873642
144.3000031,-0.209690094
144.4000092,-0.211740494
144.5,-0.207305908
144.6000061,-0.213933945
144.6999969,-0.211215973
144.8000031,-0.216222763
144.9000092,-0.210929871
145,-0.20668602
145.1000061,-0.210643768
145.1999969,-0.219512939
145.3000031,-0.209928513
145.4000092,-0.213266373
145.5,-0.210119247
145.6000061,-0.220895767
145.6999969,-0.211549759
145.8000031,-0.203062057
145.9000092,-0.204826355
146,-0.204719067
146.1000061,-0.203681946
146.1999969,-0.207305908
146.3000031,-0.209928513
146.4000092,-0.207258224
146.5,-0.208426476
146.6000061,-0.213314056
146.6999969,-0.203205109
146.8000031,-0.210453033
146.9000092,-0.205493927
147,-0.218273163
147.1000061,-0.220275879
147.1999969,-0.214398861
147.3000031,-0.208784103
147.4000092,-0.210262299
147.5,-0.206018448
147.6000061,-0.218130112
147.6999969,-0.209547043
147.8000031,-0.217367172
147.9000092,-0.204063416
148,-0.200201035
148.1000061,-0.201762676
148.1999969,-0.201059341
148.3000031,-0.201726913
148.4000092,-0.205350876
148.5,-0.200105667
148.6000061,-0.204874039
148.6999969,-0.203252792
148.8000031,-0.200069904
148.9000092,-0.196815491
149,-0.195337296
149.1000061,-0.197483063
149.1999969,-0.200630188
149.3000031,-0.202597141
149.4000092,-0.20630455
149.5,-0.205970764
149.6000061,-0.198102951
149.6999969,-0.194049835
149.8000031,-0.209499359
149.9000092,-0.199056625
150,-0.191474915
150.1000061,-0.203109741
150.1999969,-0.19757843
150.3000031,-0.20129776
150.4000092,-0.199485779
150.5,-0.197435379
150.6000061,-0.198305607
150.6999969,-0.197816849
150.8000031,-0.198484421
150.9000092,-0.20129776
151,-0.204969406
151.1000061,-0.203920364
151.1999969,-0.190378189
151.3000031,-0.205207825
151.4000092,-0.185800076
151.5,-0.20091629
151.6000061,-0.188756943
151.6999969,-0.205780029
151.8000031,-0.208211899
151.9000092,-0.201440811
152,-0.20425415
152.1000061,-0.194383621
152.1999969,-0.209022522
152.3000031,-0.196815491
152.4000092,-0.197673798
152.5,-0.1979599
152.6000061,-0.199151993
152.6999969,-0.198198318
152.8000031,-0.197435379
152.9000092,-0.202442169
153,-0.211740494
153.1000061,-0.200630188
153.1999969,-0.191665649
153.3000031,-0.202919006
153.4000092,-0.197244644
153.5,-0.19667244
153.6000061,-0.194860458
153.6999969,-0.195539951
153.8000031,-0.197912216
153.9000092,-0.192714691
154,-0.196481705
154.1000061,-0.198627472
154.1999969,-0.195432663
154.3000031,-0.195766449
154.4000092,-0.195337296
154.5,-0.193668365
154.6000061,-0.198555946
154.6999969,-0.20372963
154.8000031,-0.201488495
154.9000092,-0.19924736
155,-0.196004868
155.1000061,-0.198007584
155.1999969,-0.18756485
155.3000031,-0.196147919
155.4000092,-0.201965332
155.5,-0.191617966
155.6000061,-0.191093445
155.6999969,-0.190235138
155.8000031,-0.190759659
155.9000092,-0.189805984
156,-0.191904068
156.1000061,-0.198102951
156.1999969,-0.191141129
156.3000031,-0.1959095
156.4000092,-0.181413174
156.5,-0.187612534
156.6000061,-0.200344086
156.6999969,-0.185418606
156.8000031,-0.1938591
156.9000092,-0.191761017
157,-0.187707901
157.1000061,-0.188327789
157.1999969,-0.19219017
157.3000031,-0.192762375
157.4000092,-0.197101593
157.5,-0.193429947
157.6000061,-0.190759659
157.6999969,-0.187004328
157.8000031,-0.182414532
157.9000092,-0.181413174
158,-0.180316448
158.1000061,-0.184476972
158.1999969,-0.186658382
158.3000031,-0.189519882
158.4000092,-0.188661575
158.5,-0.189043045
158.6000061,-0.192810059
158.6999969,-0.189996719
158.8000031,-0.192523956
158.9000092,-0.194145203
159,-0.183129787
159.1000061,-0.195384979
159.1999969,-0.20592308
159.3000031,-0.194717407
159.4000092,-0.190807343
159.5,-0.189519882
159.6000061,-0.190711975
159.6999969,-0.190664291
159.8000031,-0.190950394
159.9000092,-0.187278271
160,-0.191570282
160.1000061,-0.195098877
160.1999969,-0.193525314
160.3000031,-0.19052124
160.4000092,-0.19295311
160.5,-0.191331863
160.6000061,-0.189710617
160.6999969,-0.191856384
160.8000031,-0.190425873
160.9000092,-0.190473557
161,-0.189662933
161.1000061,-0.187743425
161.1999969,-0.184846401
161.3000031,-0.18599081
161.4000092,-0.191617966
161.5,-0.184035778
161.6000061,-0.187278271
161.6999969,-0.179410458
161.8000031,-0.195623398
161.9000092,-0.176883221
162,-0.185418606
162.1000061,-0.180364132
162.1999969,-0.192857742
162.3000031,-0.191856384
162.4000092,-0.17931509
162.5,-0.178266048
162.6000061,-0.182700634
162.6999969,-0.180578709
162.8000031,-0.180316448
162.9000092,-0.181031704
163,-0.182152271
163.1000061,-0.182796001
163.1999969,-0.184464931
163.3000031,-0.181842327
163.4000092,-0.180268764
163.5,-0.174546719
163.6000061,-0.187278271
163.6999969,-0.182176113
163.8000031,-0.17969656
163.9000092,-0.191713333
164,-0.192523956
164.1000061,-0.181651592
164.1999969,-0.169015408
164.3000031,-0.18341589
164.4000092,-0.186181545
164.5,-0.182176113
164.6000061,-0.186658382
164.6999969,-0.180650234
164.8000031,-0.174069881
164.9000092,-0.192237854
165,-0.18303442
165.1000061,-0.178599834
165.1999969,-0.184512615
165.3000031,-0.182497978
165.4000092,-0.184226513
165.5,-0.18265295
165.6000061,-0.182080746
165.6999969,-0.17931509
165.8000031,-0.180459499
165.9000092,-0.172973156
166,-0.171924114
166.1000061,-0.175214291
166.1999969,-0.171971798
166.3000031,-0.183225155
166.4000092,-0.173545361
166.5,-0.182557583
166.6000061,-0.169969082
166.6999969,-0.168252468
166.8000031,-0.173783779
166.9000092,-0.174928188
167,-0.178552151
167.1000061,-0.175214291
167.1999969,-0.177193165
167.3000031,-0.175500393
167.4000092,-0.179505825
167.5,-0.178838253
167.6000061,-0.168157101
167.6999969,-0.172877789
167.8000031,-0.178647518
167.9000092,-0.177741528
168,-0.177908421
168.1000061,-0.178218365
168.1999969,-0.177026272
168.3000031,-0.173783779
168.4000092,-0.171542645
168.5,-0.176167965
168.6000061,-0.170541286
168.6999969,-0.178981304
168.8000031,-0.17302084
168.9000092,-0.164390087
169,-0.167203426
169.1000061,-0.175881863
169.1999969,-0.17802763
169.3000031,-0.173736095
169.4000092,-0.170255184
169.5,-0.167012691
169.6000061,-0.164962292
169.6999969,-0.172114849
169.8000031,-0.170875072
169.9000092,-0.175023556
170,-0.174499035
170.1000061,-0.17353344
170.1999969,-0.173974514
170.3000031,-0.170636654
170.4000092,-0.169635296
170.5,-0.167155743
170.6000061,-0.172734737
170.6999969,-0.170732021
170.8000031,-0.161338329
170.9000092,-0.164723873
171,-0.168872356
171.1000061,-0.172067165
171.1999969,-0.161052227
171.3000031,-0.172496319
171.4000092,-0.169206142
171.5,-0.164628506
171.6000061,-0.154376507
171.6999969,-0.170684338
171.8000031,-0.176978588
171.9000092,-0.167155743
172,-0.163865566
172.1000061,-0.162005901
172.1999969,-0.165725231
172.3000031,-0.163472176
172.4000092,-0.164103985
172.5,-0.162053585
172.6000061,-0.160718441
172.6999969,-0.165153027
172.8000031,-0.168681622
172.9000092,-0.169826031
173,-0.162387371
173.1000061,-0.169206142
173.1999969,-0.148320675
173.3000031,-0.161624432
173.4000092,-0.173688412
173.5,-0.163102627
173.6000061,-0.166965008
173.6999969,-0.167441845
173.8000031,-0.166297436
173.9000092,-0.174260616
174,-0.161099911
174.1000061,-0.147700787
174.1999969,-0.152612209
174.3000031,-0.170445919
174.4000092,-0.166297436
174.5,-0.156331539
174.6000061,-0.15852499
174.6999969,-0.164056301
174.8000031,-0.172162533
174.9000092,-0.160813808
175,-0.168204784
175.1000061,-0.166535854
175.1999969,-0.168157101
175.3000031,-0.167584896
175.4000092,-0.167346478
175.5,-0.168300152
175.6000061,-0.164449692
175.6999969,-0.161052227
175.8000031,-0.161099911
175.9000092,-0.160146236
176,-0.164437771
176.1000061,-0.15981245
176.1999969,-0.154662609
176.3000031,-0.150084972
176.4000092,-0.15647459
176.5,-0.165725231
176.6000061,-0.160289288
176.6999969,-0.16019392
176.8000031,-0.163293362
176.9000092,-0.154519558
177,-0.169396877
177.1000061,-0.157618999
177.1999969,-0.162435055
177.3000031,-0.154996395
177.4000092,-0.158381939
177.5,-0.156093121
177.6000061,-0.156546116
177.6999969,-0.152898312
177.8000031,-0.158811092
177.9000092,-0.165820599
178,-0.162864208
178.1000061,-0.16801405
178.1999969,-0.159574032
178.3000031,-0.15480566
178.4000092,-0.157440186
178.5,-0.156951427
178.6000061,-0.158429623
178.6999969,-0.157714367
178.8000031,-0.159383297
178.9000092,-0.164533138
179,-0.15480566
179.1000061,-0.163579464
179.1999969,-0.152898312
179.3000031,-0.158858776
179.4000092,-0.156331539
179.5,-0.157142162
179.6000061,-0.165820599
179.6999969,-0.159621716
179.8000031,-0.151801586
179.9000092,-0.165248394
180,-0.159335613
180.1000061,-0.157380581
180.1999969,-0.159860134
180.3000031,-0.153089046
180.4000092,-0.156140804
180.5,-0.150895596
180.6000061,-0.156140804
180.6999969,-0.158334255
180.8000031,-0.150990963
180.9000092,-0.15313673
181,-0.147510052
181.1000061,-0.159097195
181.1999969,-0.151372433
181.3000031,-0.159907818
181.4000092,-0.156808376
181.5,-0.155807018
181.6000061,-0.156665325
181.6999969,-0.156438828
181.8000031,-0.155711651
181.9000092,-0.157571316
182,-0.159717083
182.1000061,-0.158572674
182.1999969,-0.155950069
182.3000031,-0.152040005
182.4000092,-0.153470516
182.5,-0.158381939
182.6000061,-0.146413326
182.6999969,-0.165009975
182.8000031,-0.158572674
182.9000092,-0.155044079
183,-0.156140804
183.1000061,-0.151277065
183.1999969,-0.154328823
183.3000031,-0.148320675
183.4000092,-0.149035931
183.5,-0.152457237
183.6000061,-0.154948711
183.6999969,-0.157523632
183.8000031,-0.162721157
183.9000092,-0.155044079
184,-0.16224432
184.1000061,-0.155950069
184.1999969,-0.152945995
184.3000031,-0.154841423
184.4000092,-0.154138088
184.5,-0.156331539
184.6000061,-0.151563168
184.6999969,-0.155282497
184.8000031,-0.156093121
184.9000092,-0.151646614
185,-0.147986889
185.1000061,-0.147223949
185.1999969,-0.15184927
185.3000031,-0.16019392
185.4000092,-0.143170834
185.5,-0.154710293
185.6000061,-0.159097195
185.6999969,-0.1494174
185.8000031,-0.149941921
185.9000092,-0.149226665
186,-0.14915514
186.1000061,-0.148988247
186.1999969,-0.148463726
186.3000031,-0.147367001
186.4000092,-0.145555019
186.5,-0.14993
186.6000061,-0.153756618
186.6999969,-0.153041363
186.8000031,-0.148988247
186.9000092,-0.146365643
187,-0.153804302
187.1000061,-0.154090405
187.1999969,-0.147796154
187.3000031,-0.148368359
187.4000092,-0.152707577
187.5,-0.159955502
187.6000061,-0.141358852
187.6999969,-0.148463726
187.8000031,-0.146317959
187.9000092,-0.156331539
188,-0.148272991
188.1000061,-0.153947353
188.1999969,-0.160289288
188.3000031,-0.140786648
188.4000092,-0.150609493
188.5,-0.147796154
188.6000061,-0.151420116
188.6999969,-0.148940563
188.8000031,-0.15647459
188.9000092,-0.145507336
189,-0.148320675
189.1000061,-0.160289288
189.1999969,-0.16391325
189.3000031,-0.148702145
189.4000092,-0.146556377
189.5,-0.148940563
189.6000061,-0.15056181
189.6999969,-0.1519804
189.8000031,-0.152945995
189.9000092,-0.155473232
190,-0.150084972
190.1000061,-0.146651745
190.1999969,-0.145268917
190.3000031,-0.152087688
190.4000092,-0.14851141
190.5,-0.142789364
190.6000061,-0.153756618
190.6999969,-0.139308453
190.8000031,-0.146317959
190.9000092,-0.153041363
191,-0.152326107
191.1000061,-0.154042721
191.1999969,-0.148845196
191.3000031,-0.151801586
191.4000092,-0.149989605
191.5,-0.147653103
191.6000061,-0.144315243
191.6999969,-0.144505978
191.8000031,-0.151610851
191.9000092,-0.147128582
192,-0.134587765
192.1000061,-0.141501904
192.1999969,-0.153279781
192.3000031,-0.144935131
192.4000092,-0.149322033
192.5,-0.147176266
192.6000061,-0.148082256
192.6999969,-0.14236021
192.8000031,-0.146127224
192.9000092,-0.149703503
193,-0.15389967
193.1000061,-0.147223949
193.1999969,-0.138402462
193.3000031,-0.143409252
193.4000092,-0.140405178
193.5,-0.148368359
193.6000061,-0.143266201
193.6999969,-0.150084972
193.8000031,-0.148940563
193.9000092,-0.144458294
194,-0.146747112
194.1000061,-0.138402462
194.1999969,-0.15223074
194.3000031,-0.145555019
194.4000092,-0.140214443
194.5,-0.143266201
194.6000061,-0.141692638
194.6999969,-0.146127224
194.8000031,-0.147033215
194.9000092,-0.145328522
195,-0.145364285
195.1000061,-0.142789364
195.1999969,-0.143361568
195.3000031,-0.135398388
195.4000092,-0.143838406
195.5,-0.134587765
195.6000061,-0.139356136
195.6999969,-0.140548229
195.8000031,-0.148654461
195.9000092,-0.12733984
196,-0.135827541
196.1000061,-0.143313885
196.1999969,-0.134540081
196.3000031,-0.137973309
196.4000092,-0.146317959
196.5,-0.14684248
196.6000061,-0.147653103
196.6999969,-0.148034573
196.8000031,-0.1494174
196.9000092,-0.137067318
197,-0.147557735
197.1000061,-0.135016918
197.1999969,-0.148225307
197.3000031,-0.139880657
197.4000092,-0.137591839
197.5,-0.138259411
197.6000061,-0.139904499
197.6999969,-0.143361568
197.8000031,-0.140405178
197.9000092,-0.137639523
198,-0.142074108
198.1000061,-0.138736248
198.1999969,-0.141346931
198.3000031,-0.142217159
198.4000092,-0.14236021
198.5,-0.145125866
198.6000061,-0.140452862
198.6999969,-0.13735342
198.8000031,-0.146651745
198.9000092,-0.138974667
199,-0.144649029
199.1000061,-0.138736248
199.1999969,-0.138426304
199.3000031,-0.137430906
199.4000092,-0.136161327
199.5,-0.136399746
199.6000061,-0.138926983
199.6999969,-0.139976025
199.8000031,-0.143170834
199.9000092,-0.137246132
200,-0.134730816
200.1000061,-0.131106853
200.1999969,-0.138068676
200.3000031,-0.141120434
200.4000092,-0.138307095
200.5,-0.137210369
200.6000061,-0.138688564
200.6999969,-0.143146992
200.8000031,-0.148416042
200.9000092,-0.148272991
201,-0.137830257
201.1000061,-0.137925625
201.1999969,-0.142264843
201.3000031,-0.147414684
201.4000092,-0.142026424
201.5,-0.137591839
201.6000061,-0.136924267
201.6999969,-0.137973309
201.8000031,-0.138974667
201.9000092,-0.134969234
202,-0.138307095
202.1000061,-0.139213085
202.1999969,-0.140071392
202.3000031,-0.140011787
202.4000092,-0.138926983
202.5,-0.14183569
202.6000061,-0.13105917
202.6999969,-0.139594555
202.8000031,-0.131631374
202.9000092,-0.136113644
203,-0.132966518
203.1000061,-0.152707577
203.1999969,-0.127816677
203.3000031,-0.142789364
203.4000092,-0.131297588
203.5,-0.131202221
203.6000061,-0.136685848
203.6999969,-0.135732174
203.8000031,-0.131488323
203.9000092,-0.135922909
204,-0.138831615
204.1000061,-0.141358852
204.1999969,-0.146747112
204.3000031,-0.140548229
204.4000092,-0.132823467
204.5,-0.142264843
204.6000061,-0.13363409
204.6999969,-0.142455578
204.8000031,-0.136352062
204.9000092,-0.138164043
205,-0.130773067
205.1000061,-0.141788006
205.1999969,-0.1327281
205.3000031,-0.142026424
205.4000092,-0.141978741
205.5,-0.140321732
205.6000061,-0.140452862
205.6999969,-0.136828899
205.8000031,-0.138748169
205.9000092,-0.139213085
206,-0.138497829
206.1000061,-0.13811636
206.1999969,-0.135910988
206.3000031,-0.134301662
206.4000092,-0.1327281
206.5,-0.148559093
206.6000061,-0.143170834
206.6999969,-0.136828899
206.8000031,-0.134826183
206.9000092,-0.130630016
207,-0.135159969
207.1000061,-0.126433849
207.1999969,-0.140834332
207.3000031,-0.13363409
207.4000092,-0.149369717
207.5,-0.136828899
207.6000061,-0.140262127
207.6999969,-0.134635448
207.8000031,-0.130725384
207.9000092,-0.130725384
208,-0.132060528
208.1000061,-0.140071392
208.1999969,-0.138688564
208.3000031,-0.133014202
208.4000092,-0.147796154
208.5,-0.136971951
208.6000061,-0.14774847
208.6999969,-0.131869793
208.8000031,-0.139117718
208.9000092,-0.138068676
209,-0.131345272
209.1000061,-0.136209011
209.1999969,-0.1286273
209.3000031,-0.136590481
209.4000092,-0.140309811
209.5,-0.137305737
209.6000061,-0.142074108
209.6999969,-0.14646101
209.8000031,-0.124192715
209.9000092,-0.135159969
210,-0.144458294
210.1000061,-0.133014202
210.1999969,-0.145507336
210.3000031,-0.132441998
210.4000092,-0.13940382
210.5,-0.129104137
210.6000061,-0.133491039
210.6999969,-0.138450146
210.8000031,-0.131583691
210.9000092,-0.13401556
211,-0.130391598
211.1000061,-0.136733532
211.1999969,-0.137448788
211.3000031,-0.135827541
211.4000092,-0.137305737
211.5,-0.136542797
211.6000061,-0.134444714
211.6999969,-0.134540081
211.8000031,-0.126624584
211.9000092,-0.127864361
212,-0.130868435
212.1000061,-0.134206295
212.1999969,-0.1347785
212.3000031,-0.132108212
212.4000092,-0.130391598
212.5,-0.132012844
212.6000061,-0.133312225
212.6999969,-0.135350704
212.8000031,-0.135493755
212.9000092,-0.128913403
213,-0.13606596
213.1000061,-0.129580975
213.1999969,-0.137544155
213.3000031,-0.145602703
213.4000092,-0.127149105
213.5,-0.130582333
213.6000061,-0.140452862
213.6999969,-0.140262127
213.8000031,-0.138020992
213.9000092,-0.137210369
214,-0.135922909
214.1000061,-0.129056454
214.1999969,-0.137448788
214.3000031,-0.128961086
214.4000092,-0.126719952
214.5,-0.132537365
214.6000061,-0.132871151
214.6999969,-0.133073807
214.8000031,-0.135922909
214.9000092,-0.130963802
215,-0.134969234
215.1000061,-0.136924267
215.1999969,-0.135016918
215.3000031,-0.13902235
215.4000092,-0.137782574
215.5,-0.133538723
215.6000061,-0.130820751
215.6999969,-0.126529217
215.8000031,-0.132537365
215.9000092,-0.139832973
216,-0.133443356
216.1000061,-0.131583691
216.1999969,-0.124240398
216.3000031,-0.138545513
216.4000092,-0.126719952
216.5,-0.136685848
216.6000061,-0.141883373
216.6999969,-0.136352062
216.8000031,-0.125098705
216.9000092,-0.137019634
217,-0.133967876
217.1000061,-0.135827541
217.1999969,-0.133061886
217.3000031,-0.128436565
217.4000092,-0.127387524
217.5,-0.127614021
217.6000061,-0.128150463
217.6999969,-0.130174041
217.8000031,-0.132251263
217.9000092,-0.132680416
218,-0.128055096
218.1000061,-0.130153179
218.1999969,-0.124931812
218.3000031,-0.119662762
218.4000092,-0.121856213
218.5,-0.132394314
218.6000061,-0.13902235
218.6999969,-0.131345272
218.8000031,-0.127673626
218.9000092,-0.129962444
219,-0.131488323
219.1000061,-0.129342556
219.1999969,-0.127447128
219.3000031,-0.125003338
219.4000092,-0.123954296
219.5,-0.128198147
219.6000061,-0.119042873
219.6999969,-0.130200863
219.8000031,-0.13401556
219.9000092,-0.132871151
220,-0.138497829
220.1000061,-0.135970592
220.1999969,-0.125194073
220.3000031,-0.132155895
220.4000092,-0.127530575
220.5,-0.124717236
220.6000061,-0.124955654
220.6999969,-0.128341198
220.8000031,-0.133586407
220.9000092,-0.130105495
221,-0.125337124
221.1000061,-0.12695837
221.1999969,-0.12900877
221.3000031,-0.132108212
221.4000092,-0.126624584
221.5,-0.129867077
221.6000061,-0.1306777
221.6999969,-0.124860287
221.8000031,-0.128531933
221.9000092,-0.126386166
222,-0.120997906
222.1000061,-0.128674984
222.1999969,-0.126290798
222.3000031,-0.123906612
222.4000092,-0.125575542
222.5,-0.117898464
222.6000061,-0.136876583
222.6999969,-0.122571468
222.8000031,-0.125957012
222.9000092,-0.122809887
223,-0.122809887
223.1000061,-0.12195158
223.1999969,-0.12772131
223.3000031,-0.134110928
223.4000092,-0.119472027
223.5,-0.125194073
223.6000061,-0.128293514
223.6999969,-0.116992474
223.8000031,-0.136256695
223.9000092,-0.126386166
224,-0.121045589
224.1000061,-0.122762203
224.1999969,-0.129151821
224.3000031,-0.119853497
224.4000092,-0.128293514
224.5,-0.122857571
224.6000061,-0.126481533
224.6999969,-0.122380733
224.8000031,-0.122046947
224.9000092,-0.119138241
225,-0.124145031
225.1000061,-0.121796608
225.1999969,-0.121665478
225.3000031,-0.122237682
225.4000092,-0.12400198
225.5,-0.124717236
225.6000061,-0.128579617
225.6999969,-0.121760845
225.8000031,-0.133824825
225.9000092,-0.115705013
226,-0.126863003
226.1000061,-0.118279934
226.1999969,-0.123143673
226.3000031,-0.121999264
226.4000092,-0.122821808
226.5,-0.12271452
226.6000061,-0.123429775
226.6999969,-0.128865719
226.8000031,-0.1306777
226.9000092,-0.118804455
227,-0.125718594
227.1000061,-0.121236324
227.1999969,-0.129199505
227.3000031,-0.124812603
227.4000092,-0.131011486
227.5,-0.131154537
227.6000061,-0.123095989
227.6999969,-0.136685848
227.8000031,-0.122046947
227.9000092,-0.12195158
228,-0.128341198
228.1000061,-0.12271452
228.1999969,-0.11451292
228.3000031,-0.128007412
228.4000092,-0.11284399
228.5,-0.12939024
228.6000061,-0.125003338
228.6999969,-0.119615078
228.8000031,-0.119424343
228.9000092,-0.130153179
229,-0.115514278
229.1000061,-0.129294872
229.1999969,-0.125146389
229.3000031,-0.119472027
229.4000092,-0.122070789
229.5,-0.122428417
229.6000061,-0.121236324
229.6999969,-0.126147747
229.8000031,-0.121522427
229.9000092,-0.127530575
230,-0.11861372
230.1000061,-0.129056454
230.1999969,-0.11360693
230.3000031,-0.124669552
230.4000092,-0.117373943
230.5,-0.130630016
230.6000061,-0.108504772
230.6999969,-0.118566036
230.8000031,-0.133300304
230.9000092,-0.109696865
231,-0.114036083
231.1000061,-0.124049664
231.1999969,-0.123477459
231.3000031,-0.119948864
231.4000092,-0.122476101
231.5,-0.122964859
231.6000061,-0.125098705
231.6999969,-0.124335766
231.8000031,-0.128150463
231.9000092,-0.125146389
232,-0.119281292
232.1000061,-0.119233608
232.1999969,-0.116801739
232.3000031,-0.126290798
232.4000092,-0.118041515
232.5,-0.125432491
232.6000061,-0.115705013
232.6999969,-0.121045589
232.8000031,-0.119328976
232.9000092,-0.120497227
233,-0.120759487
233.1000061,-0.120854855
233.1999969,-0.119615078
233.3000031,-0.119984627
233.4000092,-0.119758129
233.5,-0.119710445
233.6000061,-0.119853497
233.6999969,-0.117755413
233.8000031,-0.117755413
233.9000092,-0.113702297
234,-0.130105495
234.1000061,-0.115228176
234.1999969,-0.125718594
234.3000031,-0.116754055
234.4000092,-0.112367153
234.5,-0.118852139
234.6000061,-0.120759487
234.6999969,-0.120616436
234.8000031,-0.122666836
234.9000092,-0.119090557
235,-0.117183208
235.1000061,-0.115895748
235.1999969,-0.120854855
235.3000031,-0.125480175
235.4000092,-0.124860287
235.5,-0.118041515
235.6000061,-0.112224102
235.6999969,-0.124431133
235.8000031,-0.122952938
235.9000092,-0.121427059
236,-0.122046947
236.1000061,-0.120521069
236.1999969,-0.123286724
236.3000031,-0.116634846
236.4000092,-0.112510204
236.5,-0.110221386
236.6000061,-0.12066412
236.6999969,-0.117564678
236.8000031,-0.1306777
236.9000092,-0.12567091
237,-0.120425701
237.1000061,-0.11785078
237.1999969,-0.122189999
237.3000031,-0.1306777
237.4000092,-0.111461163
237.5,-0.118375301
237.6000061,-0.113130093
237.6999969,-0.106645107
237.8000031,-0.123429775
237.9000092,-0.11565733
238,-0.118661404
238.1000061,-0.118184566
238.1999969,-0.117922306
238.3000031,-0.117755413
238.4000092,-0.117087841
238.5,-0.105691433
238.6000061,-0.119710445
238.6999969,-0.132060528
238.8000031,-0.125861645
238.9000092,-0.118756771
239,-0.11360693
239.1000061,-0.134063244
239.1999969,-0.123477459
239.3000031,-0.12733984
239.4000092,-0.117373943
239.5,-0.122380733
239.6000061,-0.115609646
239.6999969,-0.110459805
239.8000031,-0.121188641
239.9000092,-0.11990118
240,-0.124335766
240.1000061,-0.121188641
240.1999969,-0.11489439
240.3000031,-0.112557888
240.4000092,-0.117516994
240.5,-0.127006054
240.6000061,-0.114179134
240.6999969,-0.118279934
240.8000031,-0.117183208
240.9000092,-0.115085125
241,-0.119531631
241.1000061,-0.12323904
241.1999969,-0.122619152
241.3000031,-0.11451292
241.4000092,-0.125623226
241.5,-0.114465237
241.6000061,-0.122571468
241.6999969,-0.124431133
241.8000031,-0.116086483
241.9000092,-0.118661404
242,-0.125527859
242.1000061,-0.110364437
242.1999969,-0.116134167
242.3000031,-0.127625942
242.4000092,-0.115609646
242.5,-0.111079693
242.6000061,-0.129628658
242.6999969,-0.123000622
242.8000031,-0.116897106
242.9000092,-0.121140957
243,-0.116038799
243.1000061,-0.115943432
243.1999969,-0.114083767
243.3000031,-0.125623226
243.4000092,-0.117993832
243.5,-0.122619152
243.6000061,-0.117660046
243.6999969,-0.114369869
243.8000031,-0.108743191
243.9000092,-0.117946148
244,-0.11284399
244.1000061,-0.11861372
244.1999969,-0.117135525
244.3000031,-0.114942074
244.4000092,-0.115132809
244.5,-0.115323544
244.6000061,-0.117040157
244.6999969,-0.12195158
244.8000031,-0.118947506
244.9000092,-0.121236324
245,-0.118804455
245.1000061,-0.1306777
245.1999969,-0.126719952
245.3000031,-0.117612362
245.4000092,-0.109982967
245.5,-0.116134167
245.6000061,-0.117183208
245.6999969,-0.11514473
245.8000031,-0.112510204
245.9000092,-0.114751339
246,-0.112748623
246.1000061,-0.121045589
246.1999969,-0.109839916
246.3000031,-0.119328976
246.4000092,-0.105214596
246.5,-0.121713161
246.6000061,-0.117469311
246.6999969,-0.112462521
246.8000031,-0.113845348
246.9000092,-0.112677097
247,-0.112414837
247.1000061,-0.111985683
247.1999969,-0.105357647
247.3000031,-0.115418911
247.4000092,-0.122523785
247.5,-0.113749981
247.6000061,-0.115085125
247.6999969,-0.114465237
247.8000031,-0.116515636
247.9000092,-0.117660046
248,-0.121379375
248.1000061,-0.120139599
248.1999969,-0.11489439
248.3000031,-0.119758129
248.4000092,-0.108790874
248.5,-0.117421627
248.6000061,-0.116467953
248.6999969,-0.116849422
248.8000031,-0.113654613
248.9000092,-0.111747265
249,-0.109553814
249.1000061,-0.115800381
249.1999969,-0.113702297
249.3000031,-0.111508846
249.4000092,-0.112271786
249.5,-0.111210823
249.6000061,-0.112018466
249.6999969,-0.112271786
249.8000031,-0.112319469
249.9000092,-0.113702297
250,-0.11899519
250.1000061,-0.113416195
250.1999969,-0.118804455
250.3000031,-0.114703655
250.4000092,-0.122046947
250.5,-0.112033367
250.6000061,-0.118566036
250.6999969,-0.114179134
250.8000031,-0.112653255
250.9000092,-0.108552456
251,-0.113654613
251.1000061,-0.111794949
251.1999969,-0.105214596
251.3000031,-0.1104002
251.4000092,-0.113511562
251.5,-0.111079693
251.6000061,-0.123906612
251.6999969,-0.116754055
251.8000031,-0.111318111
251.9000092,-0.114655972
252,-0.116992474
252.1000061,-0.109744549
252.1999969,-0.117564678
252.3000031,-0.112224102
252.4000092,-0.116086483
252.5,-0.103593349
252.6000061,-0.099921703
252.6999969,-0.117373943
252.8000031,-0.106835842
252.9000092,-0.11618185
253,-0.110888958
253.1000061,-0.122905254
253.1999969,-0.102019787
253.3000031,-0.115943432
253.4000092,-0.110459805
253.5,-0.1057868
253.6000061,-0.116134167
253.6999969,-0.109935284
253.8000031,-0.108266354
253.9000092,-0.110412121
254,-0.105500698
254.1000061,-0.115943432
254.1999969,-0.12066412
254.3000031,-0.11785078
254.4000092,-0.118589878
254.5,-0.12028265
254.6000061,-0.115561962
254.6999969,-0.110793591
254.8000031,-0.1057868
254.9000092,-0.11284399
255,-0.103164196
255.1000061,-0.11360693
255.1999969,-0.111794949
255.3000031,-0.113952637
255.4000092,-0.115466595
255.5,-0.114942074
255.6000061,-0.112271786
255.6999969,-0.117898464
255.8000031,-0.101352215
255.9000092,-0.095630169
256,-0.11618185
256.1000061,-0.104737759
256.2000122,-0.112653255
256.3000183,-0.115561962
256.3999939,-0.117946148
256.5,-0.117564678
256.6000061,-0.112557888
256.7000122,-0.104785442
256.8000183,-0.116420269
256.8999939,-0.109220028
257,-0.115180492
257.1000061,-0.111270428
257.2000122,-0.11732626
257.3000183,-0.115752697
257.3999939,-0.111270428
257.5,-0.103831768
257.6000061,-0.096202374
257.7000122,-0.107551098
257.8000183,-0.108647823
257.8999939,-0.109744549
258,-0.10860014
258.1000061,-0.11284399
258.2000122,-0.110602856
258.3000183,-0.108933926
258.3999939,-0.109267712
258.5,-0.109029293
258.6000061,-0.102496624
258.7000122,-0.100684643
258.8000183,-0.105643749
258.8999939,-0.117135525
259,-0.115705013
259.1000061,-0.11565733
259.2000122,-0.113320827
259.3000183,-0.116467953
259.3999939,-0.112653255
259.5,-0.10116148
259.6000061,-0.103259563
259.7000122,-0.11117506
259.8000183,-0.110984325
259.8999939,-0.107694149
260,-0.107884884
260.1000061,-0.105858326
260.2000122,-0.106645107
260.3000183,-0.106972933
260.3999939,-0.108838558
260.5,-0.10654974
260.6000061,-0.110555172
260.7000122,-0.111127377
260.8000183,-0.111604214
260.8999939,-0.114787102
261,-0.117040157
261.1000061,-0.119376659
261.2000122,-0.11732626
261.3000183,-0.113082409
261.3999939,-0.110650539
261.5,-0.104308605
261.6000061,-0.107884884
261.7000122,-0.106871605
261.8000183,-0.106406689
261.8999939,-0.108886242
262,-0.107074261
262.1000061,-0.111079693
262.2000122,-0.105500698
262.3000183,-0.115609646
262.3999939,-0.11861372
262.5,-0.117516994
262.6000061,-0.110412121
262.7000122,-0.114942074
262.8000183,-0.1078372
262.8999939,-0.116420269
263,-0.1078372
263.1000061,-0.105548382
263.2000122,-0.101686001
263.3000183,-0.109649181
263.3999939,-0.114989758
263.5,-0.098109722
263.6000061,-0.115609646
263.7000122,-0.109267712
263.8000183,-0.119615078
263.8999939,-0.113034725
264,-0.105548382
264.1000061,-0.101113796
264.2000122,-0.110888958
264.3000183,-0.118518353
264.3999939,-0.103641033
264.5,-0.109601498
264.6000061,-0.102925777
264.7000122,-0.09615469
264.8000183,-0.11565733
264.8999939,-0.111032009
265,-0.113702297
265.1000061,-0.111651897
265.2000122,-0.114608288
265.3000183,-0.116134167
265.3999939,-0.112402916
265.5,-0.109744549
265.6000061,-0.10912466
265.7000122,-0.108778954
265.8000183,-0.106072903
265.8999939,-0.110173702
266,-0.114179134
266.1000061,-0.102353573
266.2000122,-0.109696865
266.3000183,-0.102353573
266.3999939,-0.114703655
266.5,-0.10821867
266.6000061,-0.108075619
266.7000122,-0.109816074
266.8000183,-0.109440565
266.8999939,-0.109744549
267,-0.110126019
267.1000061,-0.110555172
267.2000122,-0.112367153
267.3000183,-0.106359005
267.3999939,-0.099444866
267.5,-0.108695507
267.6000061,-0.111938
267.7000122,-0.107932568
267.8000183,-0.1098876
267.8999939,-0.118279934
268,-0.112224102
268.1000061,-0.104022503
268.2000122,-0.099063396
268.3000183,-0.104356289
268.3999939,-0.099778652
268.5,-0.095439434
268.6000061,-0.100255489
268.7000122,-0.106597424
268.8000183,-0.09615469
268.8999939,-0.10860014
269,-0.104547024
269.1000061,-0.108504772
269.2000122,-0.102782726
269.3000183,-0.115371227
269.3999939,-0.110602856
269.5,-0.101829052
269.6000061,-0.094628811
269.7000122,-0.10616827
269.8000183,-0.112033367
269.8999939,-0.105405331
270,-0.105166912
270.1000061,-0.112796307
270.2000122,-0.111318111
270.3000183,-0.103402615
270.3999939,-0.107264996
270.5,-0.103641033
270.6000061,-0.107360363
270.7000122,-0.100207806
270.8000183,-0.109267712
270.8999939,-0.098872662
271,-0.104833126
271.1000061,-0.09872961
271.2000122,-0.095963955
271.3000183,-0.098252773
271.3999939,-0.100529671
271.5,-0.101304531
271.6000061,-0.106597424
271.7000122,-0.104642391
271.8000183,-0.106502056
271.8999939,-0.101256847
272,-0.097012997
272.1000061,-0.096869946
272.2000122,-0.102687359
272.3000183,-0.111985683
272.3999939,-0.112987041
272.5,-0.101209164
272.6000061,-0.098824978
272.7000122,-0.119758129
272.8000183,-0.105405331
272.8999939,-0.11451292
273,-0.093341351
273.1000061,-0.104213238
273.2000122,-0.102162838
273.3000183,-0.100160122
273.3999939,-0.104213238
273.5,-0.111032009
273.6000061,-0.101447582
273.7000122,-0.105119228
273.8000183,-0.09987402
273.8999939,-0.100636959
274,-0.110126019
274.1000061,-0.104213238
274.2000122,-0.108123302
274.3000183,-0.10745573
274.3999939,-0.108170986
274.5,-0.107622623
274.6000061,-0.107312679
274.7000122,-0.107551098
274.8000183,-0.111461163
274.8999939,-0.108433247
275,-0.107264996
275.1000061,-0.10745573
275.2000122,-0.105691433
275.3000183,-0.104356289
275.3999939,-0.103688717
275.5,-0.09987402
275.6000061,-0.110507488
275.7000122,-0.103259563
275.8000183,-0.098681927
275.8999939,-0.100112438
276,-0.098109722
276.1000061,-0.093055248
276.2000122,-0.103545666
276.3000183,-0.094581127
276.3999939,-0.107646465
276.5,-0.11565733
276.6000061,-0.100827694
276.7000122,-0.110602856
276.8000183,-0.101256847
276.8999939,-0.099301815
277,-0.102854252
277.1000061,-0.105023861
277.2000122,-0.105834484
277.3000183,-0.10526228
277.3999939,-0.104010582
277.5,-0.100970745
277.6000061,-0.103974819
277.7000122,-0.110936642
277.8000183,-0.109982967
277.8999939,-0.105071545
278,-0.101495266
278.1000061,-0.096822262
278.2000122,-0.10654974
278.3000183,-0.113273144
278.3999939,-0.108075619
278.5,-0.109029293
278.6000061,-0.105560303
278.7000122,-0.101638317
278.8000183,-0.103497982
278.8999939,-0.102210522
279,-0.104976177
279.1000061,-0.108027935
279.2000122,-0.10616827
279.3000183,-0.108695507
279.3999939,-0.109375
279.5,-0.109649181
279.6000061,-0.112987041
279.7000122,-0.100970745
279.8000183,-0.094628811
279.8999939,-0.10526228
280,-0.110602856
280.1000061,-0.105071545
280.2000122,-0.103307247
280.3000183,-0.099206448
280.3999939,-0.101066113
280.5,-0.109839916
280.6000061,-0.101113796
280.7000122,-0.095201015
280.8000183,-0.10526228
280.8999939,-0.101733685
281,-0.111794949
281.1000061,-0.109029293
281.2000122,-0.109434605
281.3000183,-0.109696865
281.3999939,-0.107217312
281.5,-0.105214596
281.6000061,-0.100112438
281.7000122,-0.094771862
281.8000183,-0.097585201
281.8999939,-0.100636959
282,-0.107646465
282.1000061,-0.09372282
282.2000122,-0.103641033
282.3000183,-0.092912197
282.3999939,-0.10411787
282.5,-0.098109722
282.6000061,-0.107551098
282.7000122,-0.108266354
282.8000183,-0.101972103
282.8999939,-0.10154295
283,-0.09615469
283.1000061,-0.099063396
283.2000122,-0.095677853
283.3000183,-0.105691433
283.3999939,-0.09372282
283.5,-0.099587917
283.6000061,-0.105309963
283.7000122,-0.115561962
283.8000183,-0.104594707
283.8999939,-0.100970745
284,-0.097632885
284.1000061,-0.097251415
284.2000122,-0.094295025
284.3000183,-0.098824978
284.3999939,-0.105071545
284.5,-0.099969387
284.6000061,-0.105214596
284.7000122,-0.102115154
284.8000183,-0.105119228
284.8999939,-0.104260921
285,-0.104308605
285.1000061,-0.098586559
285.2000122,-0.100756168
285.3000183,-0.098109722
285.3999939,-0.102019787
285.5,-0.097775936
285.6000061,-0.106692791
285.7000122,-0.093150616
285.8000183,-0.110221386
285.8999939,-0.094676495
286,-0.112176418
286.1000061,-0.101638317
286.2000122,-0.092530727
286.3000183,-0.102973461
286.3999939,-0.103164196
286.5,-0.106025219
286.6000061,-0.10616827
286.7000122,-0.092292309
286.8000183,-0.097012997
286.8999939,-0.096428871
287,-0.098824978
287.1000061,-0.097585201
287.2000122,-0.09679842
287.3000183,-0.095439434
287.3999939,-0.095344067
287.5,-0.100088596
287.6000061,-0.103927135
287.7000122,-0.099462748
287.8000183,-0.096917629
287.8999939,-0.096917629
288,-0.102115154
288.1000061,-0.098741531
288.2000122,-0.096107006
288.3000183,-0.099826336
288.3999939,-0.100255489
288.5,-0.094914913
288.6000061,-0.101495266
288.7000122,-0.111747265
288.8000183,-0.102782726
288.8999939,-0.095201015
289,-0.100350857
289.1000061,-0.099254131
289.2000122,-0.093198299
289.3000183,-0.086141109
289.3999939,-0.09949255
289.5,-0.095105648
289.6000061,-0.090528011
289.7000122,-0.100255489
289.8000183,-0.11322546
289.8999939,-0.098395824
290,-0.103068829
290.1000061,-0.097918987
290.2000122,-0.093627453
290.3000183,-0.097585201
290.3999939,-0.098586559
290.5,-0.102437019
290.6000061,-0.107932568
290.7000122,-0.105643749
290.8000183,-0.107181549
290.8999939,-0.104356289
291,-0.110793591
291.1000061,-0.098348141
291.2000122,-0.104737759
291.3000183,-0.103974819
291.3999939,-0.095344067
291.5,-0.099826336
291.6000061,-0.096345425
291.7000122,-0.10039854
291.8000183,-0.099969387
291.8999939,-0.09820509
292,-0.099015713
292.1000061,-0.100303173
292.2000122,-0.097585201
292.3000183,-0.094199657
292.3999939,-0.092483044
292.5,-0.101876736
292.6000061,-0.088382244
292.7000122,-0.09410429
292.8000183,-0.09872961
292.8999939,-0.110555172
293,-0.099349499
293.1000061,-0.093484402
293.2000122,-0.095010281
293.3000183,-0.097632885
293.3999939,-0.101113796
293.5,-0.100923061
293.6000061,-0.098491192
293.7000122,-0.101399899
293.8000183,-0.097632885
293.8999939,-0.095010281
294,-0.102687359
294.1000061,-0.095534801
294.2000122,-0.097346783
294.3000183,-0.097251415
294.3999939,-0.093341351
294.5,-0.093245983
294.6000061,-0.095057964
294.7000122,-0.098538876
294.8000183,-0.090814114
294.8999939,-0.09539175
295,-0.09281683
295.1000061,-0.10283041
295.2000122,-0.104356289
295.3000183,-0.102437019
295.3999939,-0.102591991
295.5,-0.099969387
295.6000061,-0.105500698
295.7000122,-0.101352215
295.8000183,-0.10552454
295.8999939,-0.108123302
296,-0.107121944
296.1000061,-0.096107006
296.2000122,-0.108552456
296.3000183,-0.098062038
296.3999939,-0.097251415
296.5,-0.100255489
296.6000061,-0.08332777
296.7000122,-0.101495266
296.8000183,-0.09410429
296.8999939,-0.09782362
297,-0.099540234
297.1000061,-0.09744215
297.2000122,-0.096917629
297.3000183,-0.099313736
297.3999939,-0.100541592
297.5,-0.102353573
297.6000061,-0.101876736
297.7000122,-0.100768089
297.8000183,-0.099587917
297.8999939,-0.099254131
298,-0.093627453
298.1000061,-0.099158764
298.2000122,-0.090146542
298.3000183,-0.090909481
298.3999939,-0.099397182
298.5,-0.108886242
298.6000061,-0.099015713
298.7000122,-0.091434002
298.8000183,-0.100589275
298.8999939,-0.097918987
299,-0.096822262
299.1000061,-0.098634243
299.2000122,-0.095284462
299.3000183,-0.092673779
299.3999939,-0.093007565
299.5,-0.106454372
299.6000061,-0.098920345
299.7000122,-0.089669704
299.8000183,-0.086522579
299.8999939,-0.095820904
300,-0.093245983
300.1000061,-0.101590633
300.2000122,-0.092530727
300.3000183,-0.096965313
300.3999939,-0.096202374
300.5,-0.0911479
300.6000061,-0.089526653
300.7000122,-0.096631527
300.8000183,-0.101495266
300.8999939,-0.10039854
301,-0.105453014
301.1000061,-0.100493908
301.2000122,-0.095057964
301.3000183,-0.100064754
301.3999939,-0.105977535
301.5,-0.10436821
301.6000061,-0.106454372
301.7000122,-0.104976177
301.8000183,-0.104356289
301.8999939,-0.103974819
302,-0.102019787
302.1000061,-0.107312679
302.2000122,-0.101566792
302.3000183,-0.09782362
302.3999939,-0.09911108
302.5,-0.098002434
302.6000061,-0.100636959
302.7000122,-0.094438076
302.8000183,-0.102591991
302.8999939,-0.089383602
303,-0.095630169
303.1000061,-0.10154295
303.2000122,-0.095630169
303.3000183,-0.092292309
303.3999939,-0.089335918
303.5,-0.094438076
303.6000061,-0.090575695
303.7000122,-0.094867229
303.8000183,-0.085568905
303.8999939,-0.08204031
304,-0.097251415
304.1000061,-0.095105648
304.2000122,-0.098777294
304.3000183,-0.092912197
304.3999939,-0.090146542
304.5,-0.093675137
304.6000061,-0.10449934
304.7000122,-0.101018429
304.8000183,-0.090671062
304.8999939,-0.095439434
305,-0.099444866
305.1000061,-0.100303173
305.2000122,-0.088954449
305.3000183,-0.093436718
305.3999939,-0.102210522
305.5,-0.095534801
305.6000061,-0.100160122
305.7000122,-0.105548382
305.8000183,-0.103545666
305.8999939,-0.112224102
306,-0.093293667
306.1000061,-0.099587917
306.2000122,-0.090909481
306.3000183,-0.095534801
306.3999939,-0.107884884
306.5,-0.10616827
306.6000061,-0.091434002
306.7000122,-0.088382244
306.8000183,-0.093102932
306.8999939,-0.090623379
307,-0.093341351
307.1000061,-0.094938755
307.2000122,-0.097203732
307.3000183,-0.098586559
307.3999939,-0.093198299
307.5,-0.106025219
307.6000061,-0.100255489
307.7000122,-0.097871304
307.8000183,-0.095344067
307.8999939,-0.100875378
308,-0.092912197
308.1000061,-0.108504772
308.2000122,-0.099730968
308.3000183,-0.090289593
308.3999939,-0.103784084
308.5,-0.103021145
308.6000061,-0.095296383
308.7000122,-0.102210522
308.8000183,-0.091481686
308.8999939,-0.096107006
309,-0.094008923
309.1000061,-0.092208862
309.2000122,-0.091720104
309.3000183,-0.086999416
309.3999939,-0.098348141
309.5,-0.104594707
309.6000061,-0.089908123
309.7000122,-0.105119228
309.8000183,-0.088048458
309.8999939,-0.094676495
310,-0.102496624
310.1000061,-0.095677853
310.2000122,-0.09782362
310.3000183,-0.095487118
310.3999939,-0.092483044
310.5,-0.092149258
310.6000061,-0.095522881
310.7000122,-0.098634243
310.8000183,-0.098824978
310.8999939,-0.097847462
311,-0.097632885
311.1000061,-0.096297741
311.2000122,-0.09615469
311.3000183,-0.090098858
311.3999939,-0.092912197
311.5,-0.096679211
311.6000061,-0.09076643
311.7000122,-0.087476254
311.8000183,-0.096107006
311.8999939,-0.100207806
312,-0.096726894
312.1000061,-0.093436718
312.2000122,-0.093198299
312.3000183,-0.095487118
312.3999939,-0.096822262
312.5,-0.093412876
312.6000061,-0.09000349
312.7000122,-0.091338634
312.8000183,-0.093532085
312.8999939,-0.101209164
313,-0.093865871
313.1000061,-0.098538876
313.2000122,-0.091195583
313.3000183,-0.100589275
313.3999939,-0.097012997
313.5,-0.090480328
313.6000061,-0.092339993
313.7000122,-0.096726894
313.8000183,-0.099540234
313.8999939,-0.091004848
314,-0.094056606
314.1000061,-0.105453014
314.2000122,-0.088668346
314.3000183,-0.097966671
314.3999939,-0.095820904
314.5,-0.107360363
314.6000061,-0.100541592
314.7000122,-0.090528011
314.8000183,-0.089955807
314.8999939,-0.100255489
315,-0.09820509
315.1000061,-0.099325657
315.2000122,-0.098777294
315.3000183,-0.100064754
315.3999939,-0.099444866
315.5,-0.098634243
315.6000061,-0.100303173
315.7000122,-0.093377113
315.8000183,-0.087714672
315.8999939,-0.086856365
316,-0.092363834
316.1000061,-0.095344067
316.2000122,-0.099540234
316.3000183,-0.098443508
316.3999939,-0.08947897
316.5,-0.093198299
316.6000061,-0.100112438
316.7000122,-0.098968029
316.8000183,-0.096202374
316.8999939,-0.098407745
317,-0.098681927
317.1000061,-0.099778652
317.2000122,-0.096107006
317.3000183,-0.093198299
317.3999939,-0.098157406
317.5,-0.094962597
317.6000061,-0.095153332
317.7000122,-0.097871304
317.8000183,-0.098443508
317.8999939,-0.102925777
318,-0.100970745
318.1000061,-0.091434002
318.2000122,-0.09706068
318.3000183,-0.092626095
318.3999939,-0.084853649
318.5,-0.104022503
318.6000061,-0.095725536
318.7000122,-0.092626095
318.8000183,-0.08871603
318.8999939,-0.090432644
319,-0.090957165
319.1000061,-0.09205389
319.2000122,-0.092626095
319.3000183,-0.093198299
319.3999939,-0.098586559
319.5,-0.094199657
319.6000061,-0.097752094
319.7000122,-0.098014355
319.8000183,-0.100207806
319.8999939,-0.087571621
320,-0.09539175
320.1000061,-0.088954449
320.2000122,-0.099635601
320.3000183,-0.101876736
320.3999939,-0.09000349
320.5,-0.098062038
320.6000061,-0.094247341
320.7000122,-0.098920345
320.8000183,-0.098062038
320.8999939,-0.091767788
321,-0.08781004
321.1000061,-0.093865871
321.2000122,-0.096107006
321.3000183,-0.092292309
321.3999939,-0.088239193
321.5,-0.090051174
321.6000061,-0.086427212
321.7000122,-0.097299099
321.8000183,-0.081897259
321.8999939,-0.088620663
322,-0.092769146
322.1000061,-0.090814114
322.2000122,-0.09205389
322.3000183,-0.089812756
322.3999939,-0.100875378
322.5,-0.089192867
322.6000061,-0.096869946
322.7000122,-0.099921703
322.8000183,-0.089335918
322.8999939,-0.081754208
323,-0.083280087
323.1000061,-0.087762356
323.2000122,-0.089896202
323.3000183,-0.091121078
323.3999939,-0.093532085
323.5,-0.093293667
323.6000061,-0.091839314
323.7000122,-0.088906765
323.8000183,-0.091624737
323.8999939,-0.086379528
324,-0.099444866
324.1000061,-0.088572979
324.2000122,-0.104213238
324.3000183,-0.100636959
324.3999939,-0.105214596
324.5,-0.092387676
324.6000061,-0.101399899
324.7000122,-0.091767788
324.8000183,-0.096583843
324.8999939,-0.095344067
325,-0.095582485
325.1000061,-0.096726894
325.2000122,-0.100827694
325.3000183,-0.098443508
325.3999939,-0.095928192
325.5,-0.093055248
325.6000061,-0.091386318
325.7000122,-0.091386318
325.8000183,-0.089812756
325.8999939,-0.098348141
326,-0.091481686
326.1000061,-0.086188793
326.2000122,-0.090432644
326.3000183,-0.09205389
326.3999939,-0.095725536
326.5,-0.08075285
326.6000061,-0.086856365
326.7000122,-0.093389034
326.8000183,-0.100636959
326.8999939,-0.088906765
327,-0.085855007
327.1000061,-0.090098858
327.2000122,-0.103831768
327.3000183,-0.10411787
327.3999939,-0.095725536
327.5,-0.092149258
327.6000061,-0.096297741
327.7000122,-0.091052532
327.8000183,-0.095439434
327.8999939,-0.092530727
328,-0.100493908
328.1000061,-0.098157406
328.2000122,-0.09448576
328.3000183,-0.092149258
328.3999939,-0.088811398
328.5,-0.093675137
328.6000061,-0.090861797
328.7000122,-0.085664272
328.8000183,-0.090814114
328.8999939,-0.088048458
329,-0.088000774
329.1000061,-0.084472179
329.2000122,-0.105500698
329.3000183,-0.089526653
329.3999939,-0.098062038
329.5,-0.096726894
329.6000061,-0.093198299
329.7000122,-0.083613873
329.8000183,-0.098300457
329.8999939,-0.092959881
330,-0.090814114
330.1000061,-0.088906765
330.2000122,-0.09744215
330.3000183,-0.08833456
330.3999939,-0.094914913
330.5,-0.097918987
330.6000061,-0.092959881
330.7000122,-0.099540234
330.8000183,-0.090671062
330.8999939,-0.101733685
331,-0.100207806
331.1000061,-0.098538876
331.2000122,-0.091195583
331.3000183,-0.09706068
331.3999939,-0.082326412
331.5,-0.090909481
331.6000061,-0.086570263
331.7000122,-0.092387676
331.8000183,-0.09987402
331.8999939,-0.086474895
332,-0.106406689
332.1000061,-0.091577053
332.2000122,-0.106120586
332.3000183,-0.092101574
332.3999939,-0.097537518
332.5,-0.088763714
332.6000061,-0.100350857
332.7000122,-0.09577322
332.8000183,-0.096297741
332.8999939,-0.105739117
333,-0.105214596
333.1000061,-0.100887299
333.2000122,-0.096488476
333.3000183,-0.096107006
333.3999939,-0.094056606
333.5,-0.095820904
333.6000061,-0.096583843
333.7000122,-0.09653616
333.8000183,-0.09205389
333.8999939,-0.082898617
334,-0.094533443
334.1000061,-0.089908123
334.2000122,-0.091577053
334.3000183,-0.092709541
334.3999939,-0.091958523
334.5,-0.097394466
334.6000061,-0.101399899
334.7000122,-0.099397182
334.8000183,-0.092721462
334.8999939,-0.098395824
335,-0.094438076
335.1000061,-0.095248699
335.2000122,-0.092339993
335.3000183,-0.093961239
335.3999939,-0.099254131
335.5,-0.099206448
335.6000061,-0.096178532
335.7000122,-0.093818188
335.8000183,-0.09243536
335.8999939,-0.091386318
336,-0.097156048
336.1000061,-0.093341351
336.2000122,-0.095296383
336.3000183,-0.08666563
336.3999939,-0.094533443
336.5,-0.090241909
336.6000061,-0.089765072
336.7000122,-0.093198299
336.8000183,-0.090861797
336.8999939,-0.092196941
337,-0.09410429
337.1000061,-0.097203732
337.2000122,-0.094008923
337.3000183,-0.088143826
337.3999939,-0.087142467
337.5,-0.093317509
337.6000061,-0.098968029
337.7000122,-0.099015713
337.8000183,-0.099123001
337.8999939,-0.102210522
338,-0.096297741
338.1000061,-0.086236477
338.2000122,-0.09744215
338.3000183,-0.091815472
338.3999939,-0.092101574
338.5,-0.095284462
338.6000061,-0.097346783
338.7000122,-0.09987402
338.8000183,-0.091672421
338.8999939,-0.088286877
339,-0.101876736
339.1000061,-0.093675137
339.2000122,-0.085711956
339.3000183,-0.099063396
339.3999939,-0.090671062
339.5,-0.099444866
339.6000061,-0.094438076
339.7000122,-0.094342709
339.8000183,-0.093627453
339.8999939,-0.089681625
340,-0.085092068
340.1000061,-0.085664272
340.2000122,-0.096822262
340.3000183,-0.085139751
340.3999939,-0.095105648
340.5,-0.096202374
340.6000061,-0.09539175
340.7000122,-0.09590435
340.8000183,-0.09706068
340.8999939,-0.094962597
341,-0.09577322
341.1000061,-0.09615469
341.2000122,-0.091469765
341.3000183,-0.08666563
341.3999939,-0.087285519
341.5,-0.088096142
341.6000061,-0.090909481
341.7000122,-0.092530727
341.8000183,-0.092959881
341.8999939,-0.091958523
342,-0.091004848
342.1000061,-0.088000774
342.2000122,-0.092137337
342.3000183,-0.094676495
342.3999939,-0.094867229
342.5,-0.093532085
342.6000061,-0.093102932
342.7000122,-0.093961239
342.8000183,-0.090909481
342.8999939,-0.084949017
343,-0.090194225
343.1000061,-0.094295025
343.2000122,-0.094295025
343.3000183,-0.093770504
343.3999939,-0.097203732
343.5,-0.099635601
343.6000061,-0.095606327
343.7000122,-0.092483044
343.8000183,-0.093102932
343.8999939,-0.089192867
344,-0.096393108
344.1000061,-0.092626095
344.2000122,-0.089192867
344.3000183,-0.091958523
344.3999939,-0.088525295
344.5,-0.087285519
344.6000061,-0.085664272
344.7000122,-0.086188793
344.8000183,-0.088799477
344.8999939,-0.091529369
345,-0.091815472
345.1000061,-0.093436718
345.2000122,-0.090814114
345.3000183,-0.084615231
345.3999939,-0.094438076
345.5,-0.101447582
345.6000061,-0.083375454
345.7000122,-0.096440792
345.8000183,-0.093484402
345.8999939,-0.102544308
346,-0.09000349
346.1000061,-0.081420422
346.2000122,-0.097728252
346.3000183,-0.08742857
346.3999939,-0.092006207
346.5,-0.092673779
346.6000061,-0.08575964
346.7000122,-0.092292309
346.8000183,-0.086522579
346.8999939,-0.095248699
347,-0.089812756
347.1000061,-0.091720104
347.2000122,-0.092530727
347.3000183,-0.089288235
347.3999939,-0.082564831
347.5,-0.085282803
347.6000061,-0.092721462
347.7000122,-0.078511715
347.8000183,-0.087285519
347.8999939,-0.082993984
348,-0.092196941
348.1000061,-0.092149258
348.2000122,-0.082993984
348.3000183,-0.08575964
348.3999939,-0.093913555
348.5,-0.092959881
348.6000061,-0.095963955
348.7000122,-0.094199657
348.8000183,-0.092292309
348.8999939,-0.091052532
349,-0.077653408
349.1000061,-0.077414989
349.2000122,-0.089860439
349.3000183,-0.100923061
349.3999939,-0.094867229
349.5,-0.091720104
349.6000061,-0.093865871
349.7000122,-0.09205389
349.8000183,-0.094724178
349.8999939,-0.096726894
350,-0.084901333
350.1000061,-0.091100216
350.2000122,-0.087476254
350.3000183,-0.093913555
350.3999939,-0.09410429
350.5,-0.084567547
350.6000061,-0.094056606
350.7000122,-0.08833456
350.8000183,-0.092626095
350.8999939,-0.088000774
351,-0.093102932
351.1000061,-0.093961239
351.2000122,-0.080943584
351.3000183,-0.090909481
351.3999939,-0.083232403
351.5,-0.09653616
351.6000061,-0.089049816
351.7000122,-0.099635601
351.8000183,-0.09281683
351.8999939,-0.087333202
352,-0.089812756
352.1000061,-0.086808681
352.2000122,-0.088549137
352.3000183,-0.088191509
352.3999939,-0.089383602
352.5,-0.087571621
352.6000061,-0.08833456
352.7000122,-0.08871603
352.8000183,-0.094438076
352.8999939,-0.093818188
353,-0.096107006
353.1000061,-0.093579769
353.2000122,-0.087190151
353.3000183,-0.085664272
353.3999939,-0.092769146
353.5,-0.092530727
353.6000061,-0.092351913
353.7000122,-0.092244625
353.8000183,-0.091863155
353.8999939,-0.091302872
354,-0.092521787
354.1000061,-0.093579769
354.2000122,-0.093341351
354.3000183,-0.093341351
354.3999939,-0.07832098
354.5,-0.097775936
354.6000061,-0.087905407
354.7000122,-0.08204031
354.8000183,-0.095296383
354.8999939,-0.091195583
355,-0.08974123
355.1000061,-0.085425854
355.2000122,-0.0870471
355.3000183,-0.083375454
355.3999939,-0.083947659
355.5,-0.088096142
355.6000061,-0.092673779
355.7000122,-0.092387676
355.8000183,-0.08871603
355.8999939,-0.085139751
356,-0.090861797
356.1000061,-0.092196941
356.2000122,-0.088525295
356.3000183,-0.081563473
356.3999939,-0.089765072
356.5,-0.078654766
356.6000061,-0.090194225
356.7000122,-0.095630169
356.8000183,-0.095820904
356.8999939,-0.091159821
357,-0.085187435
357.1000061,-0.088000774
357.2000122,-0.09243536
357.3000183,-0.092721462
357.3999939,-0.092375755
357.5,-0.09281683
357.6000061,-0.091529369
357.7000122,-0.081325054
357.8000183,-0.082278728
357.8999939,-0.084472179
358,-0.086522579
358.1000061,-0.087762356
358.2000122,-0.092912197
358.3000183,-0.085568905
358.3999939,-0.093341351
358.5,-0.082612514
358.6000061,-0.074410915
358.7000122,-0.087857723
358.8000183,-0.08242178
358.8999939,-0.082755566
359,-0.082326412
359.1000061,-0.085402012
359.2000122,-0.086427212
359.3000183,-0.090098858
359.3999939,-0.086427212
359.5,-0.084186077
359.6000061,-0.083375454
359.7000122,-0.080657482
359.8000183,-0.0844841
359.8999939,-0.087571621
360,-0.086331844
360.1000061,-0.093436718
360.2000122,-0.088656425
360.3000183,-0.087333202
360.3999939,-0.087523937
360.5,-0.085270882
360.6000061,-0.080895901
360.7000122,-0.085330486
360.8000183,-0.078988552
360.8999939,-0.094438076
361,-0.089431286
361.1000061,-0.08332777
361.2000122,-0.089765072
361.3000183,-0.087094784
361.3999939,-0.086379528
361.5,-0.088859081
361.6000061,-0.087237835
361.7000122,-0.081611156
361.8000183,-0.087714672
361.8999939,-0.084567547
362,-0.081706524
362.1000061,-0.081849575
362.2000122,-0.080419064
362.3000183,-0.080705166
362.3999939,-0.08409071
362.5,-0.086474895
362.6000061,-0.088572979
362.7000122,-0.086749077
362.8000183,-0.086236477
362.8999939,-0.085711956
363,-0.094008923
363.1000061,-0.078130245
363.2000122,-0.089240551
363.3000183,-0.086474895
363.3999939,-0.087082863
363.5,-0.08666563
363.6000061,-0.085950375
363.7000122,-0.087309361
363.8000183,-0.089383602
363.8999939,-0.087237835
364,-0.085568905
364.1000061,-0.089920044
364.2000122,-0.092912197
364.3000183,-0.08589375
364.3999939,-0.080085278
364.5,-0.080657482
364.6000061,-0.083375454
364.7000122,-0.077462673
364.8000183,-0.091243267
364.8999939,-0.082850933
365,-0.085616589
365.1000061,-0.076508999
365.2000122,-0.089240551
365.3000183,-0.083470821
365.3999939,-0.085425854
365.5,-0.087714672
365.6000061,-0.085902691
365.7000122,-0.084615231
365.8000183,-0.078845501
365.8999939,-0.094628811
366,-0.079751492
366.1000061,-0.082803249
366.2000122,-0.082374096
366.3000183,-0.083137035
366.3999939,-0.083804607
366.5,-0.082183361
366.6000061,-0.082803249
366.7000122,-0.082660198
366.8000183,-0.082564831
366.8999939,-0.09000349
367,-0.079274654
367.1000061,-0.087094784
367.2000122,-0.08165884
367.3000183,-0.087857723
367.3999939,-0.093436718
367.5,-0.082326412
367.6000061,-0.085711956
367.7000122,-0.086141109
367.8000183,-0.092721462
367.8999939,-0.080657482
368,-0.085711956
368.1000061,-0.086045742
368.2000122,-0.085473537
368.3000183,-0.084233761
368.3999939,-0.085902691
368.5,-0.084805965
368.6000061,-0.082946301
368.7000122,-0.079846859
368.8000183,-0.081229687
368.8999939,-0.080335617
369,-0.080085278
369.1000061,-0.080180645
369.2000122,-0.080657482
369.3000183,-0.079274654
369.3999939,-0.091004848
369.5,-0.076747417
369.6000061,-0.095820904
369.7000122,-0.084376812
369.8000183,-0.080085278
369.8999939,-0.082135677
370,-0.083864212
370.1000061,-0.085998058
370.2000122,-0.087237835
370.3000183,-0.083697319
370.3999939,-0.081134319
370.5,-0.080419064
370.6000061,-0.075316906
370.7000122,-0.080848217
370.8000183,-0.073838711
370.8999939,-0.089860439
371,-0.0870471
371.1000061,-0.089622021
371.2000122,-0.078177929
371.3000183,-0.094962597
371.3999939,-0.083566189
371.5,-0.086713314
371.6000061,-0.083089352
371.7000122,-0.083017826
371.8000183,-0.081182003
371.8999939,-0.081086636
372,-0.080836296
372.1000061,-0.081992626
372.2000122,-0.07908392
372.3000183,-0.083661556
372.3999939,-0.085998058
372.5,-0.086760998
372.6000061,-0.085425854
372.7000122,-0.078988552
372.8000183,-0.08037138
372.8999939,-0.076413631
373,-0.080466747
373.1000061,-0.085282803
373.2000122,-0.082278728
373.3000183,-0.083232403
373.3999939,-0.081611156
373.5,-0.083756924
373.6000061,-0.085139751
373.7000122,-0.084615231
373.8000183,-0.092721462
373.8999939,-0.081420422
374,-0.088525295
374.1000061,-0.083184719
374.2000122,-0.088000774
374.3000183,-0.085139751
374.3999939,-0.070453167
374.5,-0.091720104
374.6000061,-0.078750134
374.7000122,-0.088525295
374.8000183,-0.09000349
374.8999939,-0.082946301
375,-0.085425854
375.1000061,-0.075793743
375.2000122,-0.088429928
375.3000183,-0.079560757
375.3999939,-0.081229687
375.5,-0.088859081
375.6000061,-0.080180645
375.7000122,-0.074840069
375.8000183,-0.078559399
375.8999939,-0.085473537
376,-0.081801891
376.1000061,-0.085711956
376.2000122,-0.083470821
376.3000183,-0.087023258
376.3999939,-0.088954449
376.5,-0.089955807
376.6000061,-0.090861797
376.7000122,-0.086331844
376.8000183,-0.086963654
376.8999939,-0.086570263
377,-0.08627522
377.1000061,-0.086236477
377.2000122,-0.085330486
377.3000183,-0.086808681
377.3999939,-0.076079845
377.5,-0.083184719
377.6000061,-0.090671062
377.7000122,-0.080132961
377.8000183,-0.081754208
377.8999939,-0.082946301
378,-0.093913555
378.1000061,-0.086617947
378.2000122,-0.07908392
378.3000183,-0.084758282
378.3999939,-0.081944942
378.5,-0.089669704
378.6000061,-0.077701092
378.7000122,-0.080705166
378.8000183,-0.082660198
378.8999939,-0.087333202
379,-0.079131603
379.1000061,-0.084043026
379.2000122,-0.083423138
379.3000183,-0.089860439
379.3999939,-0.089192867
379.5,-0.090814114
379.6000061,-0.077319622
379.7000122,-0.097203732
379.8000183,-0.07703352
379.8999939,-0.083661556
380,-0.080419064
380.1000061,-0.079846859
380.2000122,-0.086355686
380.3000183,-0.088859081
380.3999939,-0.096297741
380.5,-0.086331844
380.6000061,-0.07627058
380.7000122,-0.081801891
380.8000183,-0.080943584
380.8999939,-0.084531784
381,-0.090146542
381.1000061,-0.085235119
381.2000122,-0.091386318
381.3000183,-0.082946301
381.3999939,-0.084853649
381.5,-0.085425854
381.6000061,-0.095725536
381.7000122,-0.077510357
381.8000183,-0.089860439
381.8999939,-0.087285519
382,-0.086570263
382.1000061,-0.087380886
382.2000122,-0.087380886
382.3000183,-0.082231045
382.3999939,-0.08344698
382.5,-0.081849575
382.6000061,-0.082326412
382.7000122,-0.076938152
382.8000183,-0.082803249
382.8999939,-0.087762356
383,-0.081420422
383.1000061,-0.083947659
383.2000122,-0.086284161
383.3000183,-0.082564831
383.3999939,-0.084233761
383.5,-0.07832098
383.6000061,-0.079274654
383.7000122,-0.088239193
383.8000183,-0.08947897
383.8999939,-0.083566189
384,-0.080895901
384.1000061,-0.076079845
384.2000122,-0.078940868
384.3000183,-0.089240551
384.3999939,-0.083470821
384.5,-0.079131603
384.6000061,-0.088906765
384.7000122,-0.084424496
384.8000183,-0.086570263
384.8999939,-0.080943584
385,-0.089002132
385.1000061,-0.084472179
385.2000122,-0.082231045
385.3000183,-0.086617947
385.3999939,-0.089049816
385.5,-0.082755566
385.6000061,-0.083423138
385.7000122,-0.082242966
385.8000183,-0.080562115
385.8999939,-0.082231045
386,-0.081038952
386.1000061,-0.083292007
386.2000122,-0.086236477
386.3000183,-0.083661556
386.3999939,-0.084186077
386.5,-0.085902691
386.6000061,-0.088477612
386.7000122,-0.087285519
386.8000183,-0.082612514
386.8999939,-0.076795101
387,-0.082564831
387.1000061,-0.088525295
387.2000122,-0.084710598
387.3000183,-0.08242178
387.3999939,-0.075555325
387.5,-0.075793743
387.6000061,-0.076151371
387.7000122,-0.075221539
387.8000183,-0.078034878
387.8999939,-0.07960844
388,-0.083232403
388.1000061,-0.081944942
388.2000122,-0.08012104
388.3000183,-0.075698376
388.3999939,-0.07960844
388.5,-0.08575964
388.6000061,-0.077367306
388.7000122,-0.080562115
388.8000183,-0.077271938
388.8999939,-0.086141109
389,-0.076795101
389.1000061,-0.087857723
389.2000122,-0.079322338
389.3000183,-0.07536459
389.3999939,-0.093150616
389.5,-0.088096142
389.6000061,-0.080466747
389.7000122,-0.084138393
389.8000183,-0.081754208
389.8999939,-0.078881264
390,-0.076222897
390.1000061,-0.073409557
390.2000122,-0.078750134
390.3000183,-0.085282803
390.3999939,-0.081134319
390.5,-0.086188793
390.6000061,-0.08871603
390.7000122,-0.085950375
390.8000183,-0.088525295
390.8999939,-0.07960844
391,-0.078750134
391.1000061,-0.088239193
391.2000122,-0.086379528
391.3000183,-0.085735798
391.3999939,-0.083345652
391.5,-0.081038952
391.6000061,-0.080228329
391.7000122,-0.085998058
391.8000183,-0.088477612
391.8999939,-0.076222897
392,-0.091767788
392.1000061,-0.081515789
392.2000122,-0.094867229
392.3000183,-0.082469463
392.3999939,-0.086236477
392.5,-0.079131603
392.6000061,-0.086093426
392.7000122,-0.076747417
392.8000183,-0.083423138
392.8999939,-0.085998058
393,-0.091386318
393.1000061,-0.07665205
393.2000122,-0.091386318
393.3000183,-0.085282803
393.3999939,-0.079846859
393.5,-0.085235119
393.6000061,-0.075078487
393.7000122,-0.075793743
393.8000183,-0.087857723
393.8999939,-0.080228329
394,-0.090861797
394.1000061,-0.085092068
394.2000122,-0.076985836
394.3000183,-0.085425854
394.3999939,-0.075889111
394.5,-0.086808681
394.6000061,-0.089812756
394.7000122,-0.088048458
394.8000183,-0.085711956
394.8999939,-0.073838711
395,-0.08204031
395.1000061,-0.088859081
395.2000122,-0.08332777
395.3000183,-0.078225613
395.3999939,-0.085425854
395.5,-0.088668346
395.6000061,-0.088048458
395.7000122,-0.081706524
395.8000183,-0.07627058
395.8999939,-0.074840069
396,-0.079417706
396.1000061,-0.076175213
396.2000122,-0.073934078
396.3000183,-0.07960844
396.3999939,-0.078893185
396.5,-0.080276012
396.6000061,-0.081897259
396.7000122,-0.080705166
396.8000183,-0.07793951
396.8999939,-0.07870245
397,-0.078654766
397.1000061,-0.080180645
397.2000122,-0.077796459
397.3000183,-0.083852291
397.3999939,-0.075269222
397.5,-0.083375454
397.6000061,-0.080562115
397.7000122,-0.071597576
397.8000183,-0.072265148
397.8999939,-0.076127529
398,-0.066829205
398.1000061,-0.079560757
398.2000122,-0.085711956
398.3000183,-0.083566189
398.3999939,-0.080085278
398.5,-0.07627058
398.6000061,-0.072265148
398.7000122,-0.078607082
398.8000183,-0.071692944
398.8999939,-0.078416348
399,-0.081229687
399.1000061,-0.081158161
399.2000122,-0.083089352
399.3000183,-0.081897259
399.3999939,-0.07832098
399.5,-0.081372738
399.6000061,-0.077367306
399.7000122,-0.08242178
399.8000183,-0.080848217
399.8999939,-0.081849575
400,-0.073028088
400.1000061,-0.085235119
400.2000122,-0.077605724
400.3000183,-0.087333202
400.3999939,-0.087953091
400.5,-0.079370022
400.6000061,-0.089908123
400.7000122,-0.081563473
400.8000183,-0.076747417
400.8999939,-0.068831921
401,-0.083041668
401.1000061,-0.088620663
401.2000122,-0.083518505
401.3000183,-0.078130245
401.3999939,-0.080872059
401.5,-0.079751492
401.6000061,-0.082087994
401.7000122,-0.073123455
401.8000183,-0.091100216
401.8999939,-0.07870245
402,-0.080991268
402.1000061,-0.08332777
402.2000122,-0.079703808
402.3000183,-0.073934078
402.3999939,-0.073457241
402.5,-0.076365948
402.6000061,-0.080848217
402.7000122,-0.077224255
402.8000183,-0.096774578
402.8999939,-0.08370924
403,-0.075698376
403.1000061,-0.090480328
403.2000122,-0.077510357
403.3000183,-0.082898617
403.3999939,-0.081897259
403.5,-0.078654766
403.6000061,-0.073457241
403.7000122,-0.076365948
403.8000183,-0.085950375
403.8999939,-0.077319622
404,-0.085235119
404.1000061,-0.090051174
404.2000122,-0.087333202
404.3000183,-0.085998058
404.3999939,-0.082755566
404.5,-0.083137035
404.6000061,-0.089383602
404.7000122,-0.084519863
404.8000183,-0.079274654
404.8999939,-0.096869946
405,-0.071740627
405.1000061,-0.08871603
405.2000122,-0.087190151
405.3000183,-0.08332777
405.3999939,-0.085187435
405.5,-0.082564831
405.6000061,-0.077653408
405.7000122,-0.085807323
405.8000183,-0.088811398
405.8999939,-0.084138393
406,-0.083804607
406.1000061,-0.083947659
406.2000122,-0.080943584
406.3000183,-0.076795101
406.3999939,-0.080562115
406.5,-0.085711956
406.6000061,-0.080276012
406.7000122,-0.089002132
406.8000183,-0.07870245
406.8999939,-0.078177929
407,-0.079703808
407.1000061,-0.083542347
407.2000122,-0.087619305
407.3000183,-0.088668346
407.3999939,-0.085294724
407.5,-0.080943584
407.6000061,-0.083947659
407.7000122,-0.085235119
407.8000183,-0.078177929
407.8999939,-0.086522579
408,-0.079465389
408.1000061,-0.086331844
408.2000122,-0.081229687
408.3000183,-0.077558041
408.3999939,-0.076795101
408.5,-0.0849967
408.6000061,-0.080800533
408.7000122,-0.075698376
408.8000183,-0.08871603
408.8999939,-0.078654766
409,-0.088382244
409.1000061,-0.078797817
409.2000122,-0.093055248
409.3000183,-0.077844143
409.3999939,-0.07536459
409.5,-0.077999115
409.6000061,-0.079370022
409.7000122,-0.079417706
409.8000183,-0.082707882
409.8999939,-0.080717087
410,-0.081134319
410.1000061,-0.07960844
410.2000122,-0.0683074
410.3000183,-0.075030804
410.3999939,-0.085807323
410.5,-0.084901333
410.6000061,-0.080705166
410.7000122,-0.080895901
410.8000183,-0.0834589
410.8999939,-0.088286877
411,-0.083947659
411.1000061,-0.086951733
411.2000122,-0.085902691
411.3000183,-0.083613873
411.3999939,-0.081182003
411.5,-0.080419064
411.6000061,-0.08075285
411.7000122,-0.079322338
411.8000183,-0.077987194
411.8999939,-0.078130245
412,-0.079191208
412.1000061,-0.080848217
412.2000122,-0.079799175
412.3000183,-0.085092068
412.3999939,-0.07793951
412.5,-0.071073055
412.6000061,-0.081468105
412.7000122,-0.07793951
412.8000183,-0.086713314
412.8999939,-0.089240551
413,-0.088286877
413.1000061,-0.074697018
413.2000122,-0.088525295
413.3000183,-0.074220181
413.3999939,-0.081944942
413.5,-0.079226971
413.6000061,-0.077653408
413.7000122,-0.073171139
413.8000183,-0.075603008
413.8999939,-0.083375454
414,-0.07460165
414.1000061,-0.078988552
414.2000122,-0.079203129
414.3000183,-0.081134319
414.3999939,-0.082087994
414.5,-0.08537817
414.6000061,-0.066543102
414.7000122,-0.088906765
414.8000183,-0.079226971
414.8999939,-0.088954449
415,-0.079322338
415.1000061,-0.080085278
415.2000122,-0.081408501
415.3000183,-0.083661556
415.3999939,-0.078365684
415.5,-0.074029446
415.6000061,-0.074363232
415.7000122,-0.074136734
415.8000183,-0.076154351
415.8999939,-0.078368664
416,-0.077748775
416.1000061,-0.081992626
416.2000122,-0.082087994
416.3000183,-0.081229687
416.3999939,-0.080037594
416.5,-0.078583241
416.6000061,-0.075889111
416.7000122,-0.084966898
416.8000183,-0.092912197
416.8999939,-0.092483044
417,-0.078607082
417.1000061,-0.080037594
417.2000122,-0.075650692
417.3000183,-0.089240551
417.3999939,-0.080943584
417.5,-0.086570263
417.6000061,-0.073934078
417.7000122,-0.084233761
417.8000183,-0.075889111
417.8999939,-0.081801891
418,-0.073218822
418.1000061,-0.080419064
418.2000122,-0.084853649
418.3000183,-0.080895901
418.3999939,-0.085187435
418.5,-0.083661556
418.6000061,-0.084233761
418.7000122,-0.082183361
418.8000183,-0.079513073
418.8999939,-0.079846859
419,-0.080216408
419.1000061,-0.081372738
419.2000122,-0.080132961
419.3000183,-0.079751492
419.3999939,-0.079894543
419.5,-0.077605724
419.6000061,-0.08165884
419.7000122,-0.076222897
419.8000183,-0.087619305
419.8999939,-0.07908392
420,-0.076461315
420.1000061,-0.075746059
420.2000122,-0.077891827
420.3000183,-0.08370924
420.3999939,-0.075984478
420.5,-0.081182003
420.6000061,-0.07960844
420.7000122,-0.075603008
420.8000183,-0.08242178
420.8999939,-0.078750134
421,-0.079894543
421.1000061,-0.079846859
421.2000122,-0.07665205
421.3000183,-0.085282803
421.3999939,-0.091672421
421.5,-0.082803249
421.6000061,-0.076365948
421.7000122,-0.077891827
421.8000183,-0.075984478
421.8999939,-0.080132961
422,-0.079036236
422.1000061,-0.07729578
422.2000122,-0.075603008
422.3000183,-0.074410915
422.3999939,-0.079262733
422.5,-0.083089352
422.6000061,-0.083947659
422.7000122,-0.07870245
422.8000183,-0.072789669
422.8999939,-0.084329128
423,-0.075221539
423.1000061,-0.085330486
423.2000122,-0.088954449
423.3000183,-0.085187435
423.3999939,-0.081325054
423.5,-0.075603008
423.6000061,-0.082707882
423.7000122,-0.091243267
423.8000183,-0.089669704
423.8999939,-0.086808681
424,-0.084519863
424.1000061,-0.085044384
424.2000122,-0.083089352
424.3000183,-0.084078789
424.3999939,-0.082660198
424.5,-0.085521221
424.6000061,-0.085187435
424.7000122,-0.084019184
424.8000183,-0.08204031
424.8999939,-0.08332777
425,-0.082850933
425.1000061,-0.080907822
425.2000122,-0.077510357
425.3000183,-0.079942226
425.3999939,-0.078559399
425.5,-0.083232403
425.6000061,-0.083852291
425.7000122,-0.077462673
425.8000183,-0.075269222
425.8999939,-0.085092068
426,-0.077987194
426.1000061,-0.08871603
426.2000122,-0.074887753
426.3000183,-0.086760998
426.3999939,-0.074458599
426.5,-0.080657482
426.6000061,-0.091052532
426.7000122,-0.085950375
426.8000183,-0.078559399
426.8999939,-0.090051174
427,-0.087619305
427.1000061,-0.091529369
427.2000122,-0.082707882
427.3000183,-0.088572979
427.3999939,-0.080037594
427.5,-0.078273296
427.6000061,-0.087094784
427.7000122,-0.080419064
427.8000183,-0.083852291
427.8999939,-0.076747417
428,-0.078607082
428.1000061,-0.088572979
428.2000122,-0.08947897
428.3000183,-0.084662914
428.3999939,-0.073075771
428.5,-0.083756924
428.6000061,-0.079131603
428.7000122,-0.086951733
428.8000183,-0.080562115
428.8999939,-0.082564831
429,-0.07960844
429.1000061,-0.081611156
429.2000122,-0.086999416
429.3000183,-0.078177929
429.3999939,-0.085330486
429.5,-0.084186077
429.6000061,-0.0855093
429.7000122,-0.086379528
429.8000183,-0.086141109
429.8999939,-0.078607082
430,-0.084901333
430.1000061,-0.079894543
430.2000122,-0.072265148
430.3000183,-0.080037594
430.3999939,-0.077224255
430.5,-0.078917027
430.6000061,-0.080419064
430.7000122,-0.077987194
430.8000183,-0.076127529
430.8999939,-0.082469463
431,-0.089860439
431.1000061,-0.085902691
431.2000122,-0.089574337
431.3000183,-0.083852291
431.3999939,-0.082946301
431.5,-0.078225613
431.6000061,-0.086427212
431.7000122,-0.080895901
431.8000183,-0.076127529
431.8999939,-0.077987194
432,-0.08332777
432.1000061,-0.072265148
432.2000122,-0.083137035
432.3000183,-0.074029446
432.3999939,-0.079465389
432.5,-0.073552608
432.6000061,-0.079703808
432.7000122,-0.080848217
432.8000183,-0.080001831
432.8999939,-0.078225613
433,-0.081229687
433.1000061,-0.083947659
433.2000122,-0.081444263
433.3000183,-0.080800533
433.3999939,-0.079799175
433.5,-0.077653408
433.6000061,-0.080800533
433.7000122,-0.084710598
433.8000183,-0.07793951
433.8999939,-0.071120739
434,-0.085187435
434.1000061,-0.071502209
434.2000122,-0.084758282
434.3000183,-0.075078487
434.3999939,-0.082374096
434.5,-0.080800533
434.6000061,-0.08575964
434.7000122,-0.085700035
434.8000183,-0.088620663
434.8999939,-0.087619305
435,-0.082850933
435.1000061,-0.079513073
435.2000122,-0.076508999
435.3000183,-0.07960844
435.3999939,-0.07460165
435.5,-0.08165884
435.6000061,-0.089335918
435.7000122,-0.082374096
435.8000183,-0.081229687
435.8999939,-0.076795101
436,-0.076413631
436.1000061,-0.077653408
436.2000122,-0.080895901
436.3000183,-0.08666563
436.3999939,-0.071597576
436.5,-0.07832098
436.6000061,-0.077844143
436.7000122,-0.081563473
436.8000183,-0.075126171
436.8999939,-0.078750134
437,-0.081754208
437.1000061,-0.075555325
437.2000122,-0.074458599
437.3000183,-0.081491947
437.3999939,-0.087714672
437.5,-0.088239193
437.6000061,-0.085473537
437.7000122,-0.076795101
437.8000183,-0.077653408
437.8999939,-0.080466747
438,-0.072265148
438.1000061,-0.083470821
438.2000122,-0.070548534
438.3000183,-0.084376812
438.3999939,-0.082850933
438.5,-0.082231045
438.6000061,-0.077128887
438.7000122,-0.091434002
438.8000183,-0.078464031
438.8999939,-0.068736553
439,-0.092006207
439.1000061,-0.080800533
439.2000122,-0.083423138
439.3000183,-0.069785595
439.3999939,-0.068212032
439.5,-0.07908392
439.6000061,-0.086522579
439.7000122,-0.083041668
439.8000183,-0.084925175
439.8999939,-0.08409071
440,-0.086045742
440.1000061,-0.081563473
440.2000122,-0.075555325
440.3000183,-0.080562115
440.3999939,-0.072265148
440.5,-0.072885036
440.6000061,-0.072443962
440.7000122,-0.071406841
440.8000183,-0.073218822
440.8999939,-0.076461315
441,-0.078797817
441.1000061,-0.080609798
441.2000122,-0.080943584
441.3000183,-0.080228329
441.3999939,-0.080764771
441.5,-0.080132961
441.6000061,-0.081754208
441.7000122,-0.077414989
441.8000183,-0.078940868
441.8999939,-0.077510357
442,-0.07536459
442.1000061,-0.077462673
442.2000122,-0.075507641
442.3000183,-0.07665205
442.3999939,-0.081134319
442.5,-0.092196941
442.6000061,-0.092006207
442.7000122,-0.083280087
442.8000183,-0.10039854
442.8999939,-0.090957165
443,-0.089669704
443.1000061,-0.091290951
443.2000122,-0.080657482
443.3000183,-0.108790874
443.3999939,-0.090861797
443.5,-0.085235119
443.6000061,-0.088811398
443.7000122,-0.101876736
443.8000183,-0.096440792
443.8999939,-0.108123302
444,-0.106072903
444.1000061,-0.099301815
444.2000122,-0.104785442
444.3000183,-0.115895748
444.3999939,-0.094295025
444.5,-0.111842632
444.6000061,-0.093675137
444.7000122,-0.083566189
444.8000183,-0.096774578
444.8999939,-0.098634243
445,-0.093579769
445.1000061,-0.090909481
445.2000122,-0.093734741
445.3000183,-0.093961239
445.3999939,-0.096488476
445.5,-0.093102932
445.6000061,-0.08871603
445.7000122,-0.086379528
445.8000183,-0.092006207
445.8999939,-0.086999416
446,-0.090623379
446.1000061,-0.092149258
446.2000122,-0.091338634
446.3000183,-0.086379528
446.3999939,-0.090337276
446.5,-0.10039854
446.6000061,-0.093436718
446.7000122,-0.096345425
446.8000183,-0.095487118
446.8999939,-0.107503414
447,-0.123095989
447.1000061,-0.106025219
447.2000122,-0.096297741
447.3000183,-0.095439434
447.3999939,-0.099063396
447.5,-0.088286877
447.6000061,-0.099063396
447.7000122,-0.090575695
447.8000183,-0.105500698
447.8999939,-0.093341351
448,-0.089717388
448.1000061,-0.090730667
448.2000122,-0.08947897
448.3000183,-0.09038496
448.3999939,-0.096631527
448.5,-0.102115154
448.6000061,-0.101018429
448.7000122,-0.095844746
448.8000183,-0.089765072
448.8999939,-0.090480328
449,-0.091434002
449.1000061,-0.083137035
449.2000122,-0.086617947
449.3000183,-0.081897259
449.3999939,-0.080085278
449.5,-0.082028389
449.6000061,-0.082660198
449.7000122,-0.083470821
449.8000183,-0.083995342
449.8999939,-0.081182003
450,-0.078416348
450.1000061,-0.081754208
450.2000122,-0.081372738
450.3000183,-0.086331844
450.3999939,-0.085568905
450.5,-0.087380886
450.6000061,-0.08242178
450.7000122,-0.08947897
450.8000183,-0.079417706
450.8999939,-0.086856365
451,-0.077748775
451.1000061,-0.073361874
451.2000122,-0.084233761
451.3000183,-0.084376812
451.3999939,-0.084853649
451.5,-0.08370924
451.6000061,-0.077414989
451.7000122,-0.081849575
451.8000183,-0.079417706
451.8999939,-0.082338333
452,-0.083804607
452.1000061,-0.084281445
452.2000122,-0.076604366
452.3000183,-0.08370924
452.3999939,-0.091004848
452.5,-0.082469463
452.6000061,-0.087619305
452.7000122,-0.0870471
452.8000183,-0.076795101
452.8999939,-0.072408199
453,-0.091529369
453.1000061,-0.076747417
453.2000122,-0.089383602
453.3000183,-0.078082561
453.3999939,-0.085950375
453.5,-0.072265148
453.6000061,-0.082850933
453.7000122,-0.077605724
453.8000183,-0.083947659
453.8999939,-0.076830864
454,-0.074172497
454.1000061,-0.071597576
454.2000122,-0.077653408
454.3000183,-0.08537817
454.3999939,-0.08242178
454.5,-0.077462673
454.6000061,-0.082231045
454.7000122,-0.083375454
454.8000183,-0.079894543
454.8999939,-0.079894543
455,-0.081229687
455.1000061,-0.076258659
455.2000122,-0.072312832
455.3000183,-0.071597576
455.3999939,-0.0870471
455.5,-0.090146542
455.6000061,-0.088429928
455.7000122,-0.083637714
455.8000183,-0.078177929
455.8999939,-0.077796459
456,-0.080991268
456.1000061,-0.078273296
456.2000122,-0.08204031
456.3000183,-0.081992626
456.3999939,-0.082898617
456.5,-0.084376812
456.6000061,-0.083184719
456.7000122,-0.084758282
456.8000183,-0.079799175
456.8999939,-0.081897259
457,-0.083137035
457.1000061,-0.078797817
457.2000122,-0.075746059
457.3000183,-0.080085278
457.3999939,-0.077605724
457.5,-0.080597878
457.6000061,-0.08242178
457.7000122,-0.077435851
457.8000183,-0.073028088
457.8999939,-0.07369566
458,-0.077271938
458.1000061,-0.078988552
458.2000122,-0.075650692
458.3000183,-0.073469162
458.3999939,-0.068402767
458.5,-0.070834637
458.6000061,-0.074363232
458.7000122,-0.084186077
458.8000183,-0.085998058
458.8999939,-0.084138393
459,-0.082803249
459.1000061,-0.083566189
459.2000122,-0.076747417
459.3000183,-0.086760998
459.3999939,-0.080132961
459.5,-0.081611156
459.6000061,-0.092244625
459.7000122,-0.088096142
459.8000183,-0.079846859
459.8999939,-0.081754208
460,-0.080645561
460.1000061,-0.080228329
460.2000122,-0.078973651
460.3000183,-0.077414989
460.3999939,-0.077605724
460.5,-0.081801891
460.6000061,-0.076699734
460.7000122,-0.082326412
460.8000183,-0.080276012
460.8999939,-0.075221539
461,-0.073266506
461.1000061,-0.081515789
461.2000122,-0.083184719
461.3000183,-0.07703352
461.3999939,-0.086522579
461.5,-0.079846859
461.6000061,-0.077748775
461.7000122,-0.088954449
461.8000183,-0.086713314
461.8999939,-0.078368664
462,-0.092721462
462.1000061,-0.086141109
462.2000122,-0.09615469
462.3000183,-0.087237835
462.3999939,-0.090718746
462.5,-0.090289593
462.6000061,-0.09025383
462.7000122,-0.090146542
462.8000183,-0.089860439
462.8999939,-0.086284161
463,-0.086904049
463.1000061,-0.084102631
463.2000122,-0.082564831
463.3000183,-0.080657482
463.3999939,-0.078762054
463.5,-0.075507641
463.6000061,-0.076318264
463.7000122,-0.079000473
463.8000183,-0.080323696
463.8999939,-0.083852291
464,-0.086284161
464.1000061,-0.082087994
464.2000122,-0.0890975
464.3000183,-0.077605724
464.3999939,-0.089574337
464.5,-0.084233761
464.6000061,-0.094151974
464.7000122,-0.089288235
464.8000183,-0.097775936
464.8999939,-0.09987402
465,-0.10078001
465.1000061,-0.107551098
465.2000122,-0.103593349
465.3000183,-0.094962597
465.3999939,-0.100875378
465.5,-0.095820904
465.6000061,-0.097203732
465.7000122,-0.096393108
465.8000183,-0.10116148
465.8999939,-0.099015713
466,-0.101829052
466.1000061,-0.107169628
466.2000122,-0.097394466
466.3000183,-0.100684643
466.3999939,-0.105500698
466.5,-0.093055248
466.6000061,-0.097156048
466.7000122,-0.092387676
466.8000183,-0.101066113
466.8999939,-0.086713314
467,-0.096822262
467.1000061,-0.091100216
467.2000122,-0.0911479
467.3000183,-0.090194225
467.3999939,-0.083947659
467.5,-0.086975574
467.6000061,-0.087476254
467.7000122,-0.086284161
467.8000183,-0.07998991
467.8999939,-0.089240551
468,-0.085139751
468.1000061,-0.082374096
468.2000122,-0.079226971
468.3000183,-0.085723877
468.3999939,-0.088954449
468.5,-0.092339993
468.6000061,-0.08473444
468.7000122,-0.078654766
468.8000183,-0.078988552
468.8999939,-0.087285519
469,-0.084186077
469.1000061,-0.087762356
469.2000122,-0.091958523
469.3000183,-0.087094784
469.3999939,-0.095010281
469.5,-0.088382244
469.6000061,-0.089335918
469.7000122,-0.078034878
469.8000183,-0.092244625
469.8999939,-0.085139751
470,-0.089765072
470.1000061,-0.081325054
470.2000122,-0.084043026
470.3000183,-0.087714672
470.3999939,-0.086594105
470.5,-0.085950375
470.6000061,-0.088668346
470.7000122,-0.081515789
470.8000183,-0.088382244
470.8999939,-0.077510357
471,-0.082517147
471.1000061,-0.088000774
471.2000122,-0.073218822
471.3000183,-0.077510357
471.3999939,-0.086474895
471.5,-0.080705166
471.6000061,-0.082278728
471.7000122,-0.079656124
471.8000183,-0.085187435
471.8999939,-0.089955807
472,-0.088859081
472.1000061,-0.084078789
472.2000122,-0.07703352
472.3000183,-0.080466747
472.3999939,-0.083852291
472.5,-0.090575695
472.6000061,-0.093484402
472.7000122,-0.086617947
472.8000183,-0.081944942
472.8999939,-0.086522579
473,-0.084472179
473.1000061,-0.082326412
473.2000122,-0.08204031
473.3000183,-0.082803249
473.3999939,-0.078559399
473.5,-0.072503567
473.6000061,-0.090528011
473.7000122,-0.070643902
473.8000183,-0.080943584
473.8999939,-0.08204031
474,-0.07832098
474.1000061,-0.081038952
474.2000122,-0.076508999
474.3000183,-0.079560757
474.3999939,-0.079465389
474.5,-0.079274654
474.6000061,-0.078082561
474.7000122,-0.074363232
474.8000183,-0.079226971
474.8999939,-0.068450451
475,-0.076318264
475.1000061,-0.067735195
475.2000122,-0.073075771
475.3000183,-0.062251091
475.3999939,-0.070977688
475.5,-0.072086215
475.6000061,-0.077224255
475.7000122,-0.077891827
475.8000183,-0.078130245
475.8999939,-0.078368664
476,-0.076175213
476.1000061,-0.083089352
476.2000122,-0.076699734
476.3000183,-0.082660198
476.3999939,-0.068974972
476.5,-0.070786953
476.6000061,-0.074410915
476.7000122,-0.075412273
476.8000183,-0.077093124
476.8999939,-0.078940868
477,-0.07960844
477.1000061,-0.079405785
477.2000122,-0.081038952
477.3000183,-0.078034878
477.3999939,-0.079894543
477.5,-0.075746059
477.6000061,-0.083613873
477.7000122,-0.075412273
477.8000183,-0.081611156
477.8999939,-0.076222897
478,-0.069690228
478.1000061,-0.086379528
478.2000122,-0.082707882
478.3000183,-0.085664272
478.3999939,-0.081003189
478.5,-0.078177929
478.6000061,-0.077462673
478.7000122,-0.081801891
478.8000183,-0.079942226
478.8999939,-0.078225613
479,-0.085521221
479.1000061,-0.074887753
479.2000122,-0.086999416
479.3000183,-0.084329128
479.3999939,-0.084519863
479.5,-0.078416348
479.6000061,-0.086045742
479.7000122,-0.081086636
479.8000183,-0.082660198
479.8999939,-0.082993984
480,-0.082993984
480.1000061,-0.085235119
480.2000122,-0.079274654
480.3000183,-0.08781004
480.3999939,-0.081754208
480.5,-0.09577322
480.6000061,-0.097775936
480.7000122,-0.086808681
480.8000183,-0.0890975
480.8999939,-0.093245983
481,-0.087285519
481.1000061,-0.081849575
481.2000122,-0.081468105
481.3000183,-0.083899975
481.3999939,-0.078034878
481.5,-0.08947897
481.6000061,-0.083375454
481.7000122,-0.083947659
481.8000183,-0.087333202
481.8999939,-0.087142467
482,-0.086188793
482.1000061,-0.083661556
482.2000122,-0.082993984
482.3000183,-0.081468105
482.3999939,-0.080657482
482.5,-0.091910839
482.6000061,-0.082278728
482.7000122,-0.089240551
482.8000183,-0.085521221
482.8999939,-0.090957165
483,-0.08165884
483.1000061,-0.075984478
483.2000122,-0.078559399
483.3000183,-0.079977989
483.3999939,-0.080189586
483.5,-0.081086636
483.6000061,-0.081134319
483.7000122,-0.079679966
483.8000183,-0.080132961
483.8999939,-0.076365948
484,-0.08370924
484.1000061,-0.072122097
484.2000122,-0.087619305
484.3000183,-0.069547176
484.3999939,-0.086617947
484.5,-0.077128887
484.6000061,-0.082660198
484.7000122,-0.075555325
484.8000183,-0.078034878
484.8999939,-0.074267864
485,-0.075257301
485.1000061,-0.075078487
485.2000122,-0.073647976
485.3000183,-0.077653408
485.3999939,-0.080657482
485.5,-0.081229687
485.6000061,-0.076044083
485.7000122,-0.07126379
485.8000183,-0.071025372
485.8999939,-0.079322338
486,-0.068831921
486.1000061,-0.076795101
486.2000122,-0.081944942
486.3000183,-0.082946301
486.3999939,-0.07331419
486.5,-0.074506283
486.6000061,-0.079226971
486.7000122,-0.075746059
486.8000183,-0.073552608
486.8999939,-0.072312832
487,-0.07215786
487.1000061,-0.071502209
487.2000122,-0.07126379
487.3000183,-0.073457241
487.3999939,-0.075126171
487.5,-0.075936794
487.6000061,-0.082278728
487.7000122,-0.078368664
487.8000183,-0.0703578
487.8999939,-0.076032162
488,-0.073266506
488.1000061,-0.075126171
488.2000122,-0.074220181
488.3000183,-0.07447052
488.3999939,-0.074172497
488.5,-0.074363232
488.6000061,-0.07870245
488.7000122,-0.076127529
488.8000183,-0.077724934
488.8999939,-0.079703808
489,-0.076365948
489.1000061,-0.070119381
489.2000122,-0.080085278
489.3000183,-0.067782879
489.3999939,-0.073838711
489.5,-0.071359158
489.6000061,-0.066686153
489.7000122,-0.076222897
489.8000183,-0.072503567
489.8999939,-0.082231045
490,-0.069118023
490.1000061,-0.074410915
490.2000122,-0.076604366
490.3000183,-0.079560757
490.3999939,-0.082946301
490.5,-0.069737911
490.6000061,-0.07331419
490.7000122,-0.077224255
490.8000183,-0.066257
490.8999939,-0.069737911
491,-0.073791027
491.1000061,-0.068879604
491.2000122,-0.065398693
491.3000183,-0.074124813
491.3999939,-0.077653408
491.5,-0.072503567
491.6000061,-0.064778805
491.7000122,-0.073266506
491.8000183,-0.079417706
491.8999939,-0.071835995
492,-0.069785595
492.1000061,-0.075221539
492.2000122,-0.065637112
492.3000183,-0.073886395
492.3999939,-0.079465389
492.5,-0.069451809
492.6000061,-0.070596218
492.7000122,-0.071073055
492.8000183,-0.071025372
492.8999939,-0.072837353
493,-0.074458599
493.1000061,-0.074792385
493.2000122,-0.071883678
493.3000183,-0.077844143
493.3999939,-0.075173855
493.5,-0.068355083
493.6000061,-0.07870245
493.7000122,-0.068021297
493.8000183,-0.073171139
493.8999939,-0.0849967
494,-0.070071697
494.1000061,-0.077653408
494.2000122,-0.076890469
494.3000183,-0.077653408
494.3999939,-0.074363232
494.5,-0.079799175
494.6000061,-0.074029446
494.7000122,-0.071359158
494.8000183,-0.07242012
494.8999939,-0.074220181
495,-0.070071697
495.1000061,-0.080276012
495.2000122,-0.073171139
495.3000183,-0.077701092
495.3999939,-0.073743343
495.5,-0.071931362
495.6000061,-0.069356441
495.7000122,-0.077796459
495.8000183,-0.08409071
495.8999939,-0.075412273
496,-0.075650692
496.1000061,-0.072873116
496.2000122,-0.072360516
496.3000183,-0.068068981
496.3999939,-0.075173855
496.5,-0.067162991
496.6000061,-0.068879604
496.7000122,-0.073910236
496.8000183,-0.078607082
496.8999939,-0.080991268
497,-0.07460165
497.1000061,-0.076365948
497.2000122,-0.078607082
497.3000183,-0.063586712
497.3999939,-0.068927288
497.5,-0.063443661
497.6000061,-0.080037594
497.7000122,-0.068974972
497.8000183,-0.075555325
497.8999939,-0.069070339
498,-0.07665205
498.1000061,-0.083041668
498.2000122,-0.073886395
498.3000183,-0.074315548
498.3999939,-0.077319622
498.5,-0.075459957
498.6000061,-0.073934078
498.7000122,-0.07627058
498.8000183,-0.068164349
498.8999939,-0.069880962
499,-0.06587553
499.1000061,-0.072074413
499.2000122,-0.078654766
499.3000183,-0.078368664
499.3999939,-0.075316906
499.5,-0.072312832
499.6000061,-0.07331419
499.7000122,-0.071740627
499.8000183,-0.077331543
499.8999939,-0.081086636
500,-0.083184719
500.1000061,-0.078666687
500.2000122,-0.073600292
500.3000183,-0.076795101
500.3999939,-0.068879604
500.5,-0.074172497
500.6000061,-0.08127737
500.7000122,-0.070453167
500.8000183,-0.080323696
500.8999939,-0.070596218
501,-0.071740627
501.1000061,-0.078130245
501.2000122,-0.080562115
501.3000183,-0.070024014
501.3999939,-0.073886395
501.5,-0.075269222
501.6000061,-0.077367306
501.7000122,-0.079799175
501.8000183,-0.074506283
501.8999939,-0.067592144
502,-0.073218822
502.1000061,-0.070262432
502.2000122,-0.063395977
502.3000183,-0.080180645
502.3999939,-0.069261074
502.5,-0.076842785
502.6000061,-0.070786953
502.7000122,-0.073647976
502.8000183,-0.074553967
502.8999939,-0.069690228
503,-0.065684795
503.1000061,-0.069261074
503.2000122,-0.068593502
503.3000183,-0.075030804
503.3999939,-0.072122097
503.5,-0.076032162
503.6000061,-0.079417706
503.7000122,-0.077558041
503.8000183,-0.075269222
503.8999939,-0.071835995
504,-0.072265148
504.1000061,-0.070786953
504.2000122,-0.077128887
504.3000183,-0.066829205
504.3999939,-0.075841427
504.5,-0.068021297
504.6000061,-0.074267864
504.7000122,-0.07331419
504.8000183,-0.074220181
504.8999939,-0.073457241
505,-0.075841427
505.1000061,-0.065970898
505.2000122,-0.071692944
505.3000183,-0.081372738
505.3999939,-0.064540386
505.5,-0.075507641
505.6000061,-0.064349651
505.7000122,-0.061821938
505.8000183,-0.064874172
505.8999939,-0.073791027
506,-0.079656124
506.1000061,-0.066018581
506.2000122,-0.064015865
506.3000183,-0.074649334
506.3999939,-0.071835995
506.5,-0.080180645
506.6000061,-0.072455883
506.7000122,-0.069642544
506.8000183,-0.068498135
506.8999939,-0.067639828
507,-0.070262432
507.1000061,-0.066400051
507.2000122,-0.075650692
507.3000183,-0.070977688
507.3999939,-0.079131603
507.5,-0.072694302
507.6000061,-0.07498312
507.7000122,-0.078130245
507.8000183,-0.071692944
507.8999939,-0.061678886
508,-0.074506283
508.1000061,-0.072408199
508.2000122,-0.075173855
508.3000183,-0.077653408
508.3999939,-0.076127529
508.5,-0.07691431
508.6000061,-0.078511715
508.7000122,-0.07536459
508.8000183,-0.073361874
508.8999939,-0.078654766
509,-0.085616589
509.1000061,-0.072741985
509.2000122,-0.062680721
509.3000183,-0.075412273
509.3999939,-0.080466747
509.5,-0.068355083
509.6000061,-0.072646618
509.7000122,-0.073266506
509.8000183,-0.073433399
509.8999939,-0.074506283
510,-0.07331419
510.1000061,-0.075459957
510.2000122,-0.075889111
510.3000183,-0.075459957
510.3999939,-0.087523937
510.5,-0.080228329
510.6000061,-0.069499493
510.7000122,-0.077891827
510.8000183,-0.078273296
510.8999939,-0.076222897
511,-0.07331419
511.1000061,-0.075412273
511.2000122,-0.0703578
511.3000183,-0.078225613
511.3999939,-0.084138393
511.5,-0.084650993
511.6000061,-0.087237835
511.7000122,-0.089002132
511.8000183,-0.086999416
511.8999939,-0.090432644
512,-0.078511715
512.1000366,-0.092626095
512.2000122,-0.084853649
512.2999878,-0.080895901
512.4000244,-0.099015713
512.5,-0.101113796
512.6000366,-0.099826336
512.7000122,-0.103545666
512.7999878,-0.09987402
512.9000244,-0.107408047
513,-0.10449934
513.1000366,-0.10078001
513.2000122,-0.104296684
513.2999878,-0.106406689
513.4000244,-0.105500698
513.5,-0.101066113
513.6000366,-0.092101574
513.7000122,-0.099301815
513.7999878,-0.093436718
513.9000244,-0.092530727
514,-0.093484402
514.1000366,-0.094390392
514.2000122,-0.097966671
514.2999878,-0.095725536
514.4000244,-0.100303173
514.5,-0.086379528
514.6000366,-0.09243536
514.7000122,-0.094819546
514.7999878,-0.089574337
514.9000244,-0.08666563
515,-0.086713314
515.1000366,-0.084162235
515.2000122,-0.082993984
515.2999878,-0.080276012
515.4000244,-0.080895901
515.5,-0.088572979
515.6000366,-0.091815472
515.7000122,-0.080323696
515.7999878,-0.080037594
515.9000244,-0.076532841
516,-0.070643902
516.1000366,-0.075126171
516.2000122,-0.077915668
516.2999878,-0.082850933
516.4000244,-0.083041668
516.5,-0.083816528
516.6000366,-0.082627416
516.7000122,-0.081801891
516.7999878,-0.081849575
516.9000244,-0.083232403
517,-0.079322338
517.1000366,-0.080180645
517.2000122,-0.078607082
517.2999878,-0.079560757
517.4000244,-0.082707882
517.5,-0.081563473
517.6000366,-0.070739269
517.7000122,-0.078464031
517.7999878,-0.073838711
517.9000244,-0.076365948
518,-0.076508999
518.1000366,-0.078464031
518.2000122,-0.080895901
518.2999878,-0.080085278
518.4000244,-0.076318264
518.5,-0.079370022
518.6000366,-0.082374096
518.7000122,-0.073600292
518.7999878,-0.08127737
518.9000244,-0.076699734
519,-0.077558041
519.1000366,-0.079465389
519.2000122,-0.078654766
519.2999878,-0.076938152
519.4000244,-0.083423138
519.5,-0.089383602
519.6000366,-0.085711956
519.7000122,-0.088954449
519.7999878,-0.089622021
519.9000244,-0.091100216
520,-0.092769146
520.1000366,-0.094867229
520.2000122,-0.095487118
520.2999878,-0.093818188
520.4000244,-0.095248699
520.5,-0.098300457
520.6000366,-0.094736099
520.7000122,-0.090671062
520.7999878,-0.094724178
520.9000244,-0.099015713
521,-0.104022503
521.1000366,-0.100350857
521.2000122,-0.094390392
521.2999878,-0.094819546
521.4000244,-0.089979649
521.5,-0.080323696
521.6000366,-0.09038496
521.7000122,-0.088191509
521.7999878,-0.085092068
521.9000244,-0.078368664
522,-0.098538876
522.1000366,-0.091910839
522.2000122,-0.078845501
522.2999878,-0.089002132
522.4000244,-0.080132961
522.5,-0.09038496
522.6000366,-0.084710598
522.7000122,-0.087380886
522.7999878,-0.090575695
522.9000244,-0.091577053
523,-0.09076643
523.1000366,-0.08742857
523.2000122,-0.087666988
523.2999878,-0.084615231
523.4000244,-0.079131603
523.5,-0.079846859
523.6000366,-0.094151974
523.7000122,-0.078511715
523.7999878,-0.087237835
523.9000244,-0.08947897
524,-0.08575964
524.1000366,-0.086045742
524.2000122,-0.084531784
524.2999878,-0.08242178
524.4000244,-0.083899975
524.5,-0.089383602
524.6000366,-0.092244625
524.7000122,-0.075889111
524.7999878,-0.082517147
524.9000244,-0.097489834
525,-0.084567547
525.1000366,-0.078893185
525.2000122,-0.083232403
525.2999878,-0.072312832
525.4000244,-0.09372282
525.5,-0.073504925
525.6000366,-0.078082561
525.7000122,-0.072658539
525.7999878,-0.072265148
525.9000244,-0.066781521
526,-0.071323395
526.1000366,-0.071597576
526.2000122,-0.074649334
526.2999878,-0.074744701
526.4000244,-0.076604366
526.5,-0.076127529
526.6000366,-0.073171139
526.7000122,-0.091863155
526.7999878,-0.074697018
526.9000244,-0.082850933
527,-0.079131603
527.1000366,-0.078511715
527.2000122,-0.082326412
527.2999878,-0.074649334
527.4000244,-0.077462673
527.5,-0.076175213
527.6000366,-0.076950073
527.7000122,-0.076461315
527.7999878,-0.077701092
527.9000244,-0.079322338
528,-0.073028088
528.1000366,-0.068498135
528.2000122,-0.085902691
528.2999878,-0.073743343
528.4000244,-0.08537817
528.5,-0.084424496
528.6000366,-0.073791027
528.7000122,-0.070834637
528.7999878,-0.075889111
528.9000244,-0.078559399
529,-0.077844143
529.1000366,-0.077271938
529.2000122,-0.077093124
529.2999878,-0.077319622
529.4000244,-0.075936794
529.5,-0.071597576
529.6000366,-0.075316906
529.7000122,-0.079799175
529.7999878,-0.079513073
529.9000244,-0.078416348
530,-0.076985836
530.1000366,-0.074315548
530.2000122,-0.075793743
530.2999878,-0.073552608
530.4000244,-0.079274654
530.5,-0.063634396
530.6000366,-0.081801891
530.7000122,-0.077844143
530.7999878,-0.073600292
530.9000244,-0.0703578
531,-0.071883678
531.1000366,-0.070024014
531.2000122,-0.073552608
531.2999878,-0.06997633
531.4000244,-0.071549892
531.5,-0.075984478
531.6000366,-0.076890469
531.7000122,-0.070310116
531.7999878,-0.074220181
531.9000244,-0.067878246
532,-0.07088232
532.1000366,-0.074172497
532.2000122,-0.068068981
532.2999878,-0.069642544
532.4000244,-0.071931362
532.5,-0.069690228
532.6000366,-0.075984478
532.7000122,-0.07088232
532.7999878,-0.076079845
532.9000244,-0.0703578
533,-0.070643902
533.1000366,-0.071895599
533.2000122,-0.073504925
533.2999878,-0.073075771
533.4000244,-0.079179287
533.5,-0.081325054
533.6000366,-0.077367306
533.7000122,-0.075698376
533.7999878,-0.0703578
533.9000244,-0.071502209
534,-0.072777748
534.1000366,-0.074220181
534.2000122,-0.075030804
534.2999878,-0.071549892
534.4000244,-0.073981762
534.5,-0.065541744
534.6000366,-0.072169781
534.7000122,-0.066781521
534.7999878,-0.067830563
534.9000244,-0.067639828
535,-0.070930004
535.1000366,-0.071406841
535.2000122,-0.072312832
535.2999878,-0.074220181
535.4000244,-0.073981762
535.5,-0.061154366
535.6000366,-0.079370022
535.7000122,-0.069070339
535.7999878,-0.074029446
535.9000244,-0.076985836
536,-0.07267046
536.1000366,-0.068021297
536.2000122,-0.07164526
536.2999878,-0.065303326
536.4000244,-0.067067623
536.5,-0.072694302
536.6000366,-0.066924572
536.7000122,-0.063014507
536.7999878,-0.06496954
536.9000244,-0.07331419
537,-0.070119381
537.1000366,-0.067401409
537.2000122,-0.065064907
537.2999878,-0.068128586
537.4000244,-0.069451809
537.5,-0.070596218
537.6000366,-0.067055702
537.7000122,-0.06330061
537.7999878,-0.064874172
537.9000244,-0.067973614
538,-0.072122097
538.1000366,-0.069165707
538.2000122,-0.066972256
538.2999878,-0.069356441
538.4000244,-0.063968182
538.5,-0.069785595
538.6000366,-0.065923214
538.7000122,-0.07460165
538.7999878,-0.070262432
538.9000244,-0.068355083
539,-0.068831921
539.1000366,-0.071216106
539.2000122,-0.074553967
539.2999878,-0.072646618
539.4000244,-0.072122097
539.5,-0.072694302
539.6000366,-0.065827847
539.7000122,-0.072646618
539.7999878,-0.066686153
539.9000244,-0.071025372
540,-0.074887753
540.1000366,-0.070834637
540.2000122,-0.07536459
540.2999878,-0.071073055
540.4000244,-0.066161633
540.5,-0.072980404
540.6000366,-0.079322338
540.7000122,-0.075078487
540.7999878,-0.071502209
540.9000244,-0.076079845
541,-0.078607082
541.1000366,-0.070834637
541.2000122,-0.07164526
541.2999878,-0.069928646
541.4000244,-0.068641186
541.5,-0.07908392
541.6000366,-0.082374096
541.7000122,-0.069022655
541.7999878,-0.078082561
541.9000244,-0.071025372
542,-0.061058998
542.1000366,-0.067210674
542.2000122,-0.071597576
542.2999878,-0.069451809
542.4000244,-0.07382679
542.5,-0.077510357
542.6000366,-0.076747417
542.7000122,-0.073504925
542.7999878,-0.07293272
542.9000244,-0.077510357
543,-0.075507641
543.1000366,-0.067306042
543.2000122,-0.066829205
543.2999878,-0.070453167
543.4000244,-0.076795101
543.5,-0.07088232
543.6000366,-0.064921856
543.7000122,-0.072503567
543.7999878,-0.075603008
543.9000244,-0.075221539
544,-0.070977688
544.1000366,-0.072443962
544.2000122,-0.070500851
544.2999878,-0.073075771
544.4000244,-0.068641186
544.5,-0.067878246
544.6000366,-0.07100153
544.7000122,-0.073886395
544.7999878,-0.073600292
544.9000244,-0.076687813
545,-0.07703352
545.1000366,-0.082231045
545.2000122,-0.07331419
545.2999878,-0.066304684
545.4000244,-0.07460165
545.5,-0.072837353
545.6000366,-0.07703352
545.7000122,-0.075793743
545.7999878,-0.076938152
545.9000244,-0.076365948
546,-0.080228329
546.1000366,-0.075555325
546.2000122,-0.068593502
546.2999878,-0.076127529
546.4000244,-0.073171139
546.5,-0.076735497
546.6000366,-0.081611156
546.7000122,-0.076032162
546.7999878,-0.071883678
546.9000244,-0.071120739
547,-0.074196339
547.1000366,-0.075746059
547.2000122,-0.078034878
547.2999878,-0.073600292
547.4000244,-0.069499493
547.5,-0.071120739
547.6000366,-0.064635754
547.7000122,-0.079799175
547.7999878,-0.066400051
547.9000244,-0.082087994
548,-0.083947659
548.1000366,-0.068688869
548.2000122,-0.077510357
548.2999878,-0.058722496
548.4000244,-0.068259716
548.5,-0.065589428
548.6000366,-0.081801891
548.7000122,-0.071549892
548.7999878,-0.061106682
548.9000244,-0.064015865
549,-0.065172076
549.1000366,-0.067401409
549.2000122,-0.068164349
549.2999878,-0.073361874
549.4000244,-0.064921856
549.5,-0.070310116
549.6000366,-0.077176571
549.7000122,-0.068259716
549.7999878,-0.071597576
549.9000244,-0.058817863
550,-0.064349651
550.1000366,-0.068450451
550.2000122,-0.066686153
550.2999878,-0.064683437
550.4000244,-0.069308758
550.5,-0.062346458
550.6000366,-0.068355083
550.7000122,-0.067496777
550.7999878,-0.06882
550.9000244,-0.070786953
551,-0.068641186
551.1000366,-0.069070339
551.2000122,-0.07703352
551.2999878,-0.067592144
551.4000244,-0.072885036
551.5,-0.064492702
551.6000366,-0.071025372
551.7000122,-0.071502209
551.7999878,-0.068009377
551.9000244,-0.066304684
552,-0.069568038
552.1000366,-0.071168423
552.2000122,-0.072789669
552.2999878,-0.069618702
552.4000244,-0.065589428
552.5,-0.068927288
552.6000366,-0.072169781
552.7000122,-0.068641186
552.7999878,-0.065255642
552.9000244,-0.07164526
553,-0.068498135
553.1000366,-0.071037292
553.2000122,-0.067687511
553.2999878,-0.076318264
553.4000244,-0.066924572
553.5,-0.070262432
553.6000366,-0.072741985
553.7000122,-0.06792593
553.7999878,-0.065303326
553.9000244,-0.068235874
554,-0.069928646
554.1000366,-0.069785595
554.2000122,-0.065017223
554.2999878,-0.06792593
554.4000244,-0.080609798
554.5,-0.064492702
554.6000366,-0.076175213
554.7000122,-0.069118023
554.7999878,-0.066161633
554.9000244,-0.074887753
555,-0.072646618
555.1000366,-0.080705166
555.2000122,-0.081182003
555.2999878,-0.079668045
555.4000244,-0.078082561
555.5,-0.07870245
555.6000366,-0.083041668
555.7000122,-0.08127737
555.7999878,-0.074363232
555.9000244,-0.064492702
556,-0.078988552
556.1000366,-0.072312832
556.2000122,-0.068164349
556.2999878,-0.064158916
556.4000244,-0.073504925
556.5,-0.068498135
556.6000366,-0.070834637
556.7000122,-0.067687511
556.7999878,-0.069880962
556.9000244,-0.071979046
557,-0.069022655
557.1000366,-0.072122097
557.2000122,-0.076079845
557.2999878,-0.075459957
557.4000244,-0.079656124
557.5,-0.082517147
557.6000366,-0.077438831
557.7000122,-0.073647976
557.7999878,-0.073934078
557.9000244,-0.073791027
558,-0.079226971
558.1000366,-0.076795101
558.2000122,-0.072885036
558.2999878,-0.078797817
558.4000244,-0.071597576
558.5,-0.070310116
558.6000366,-0.073194981
558.7000122,-0.074363232
558.7999878,-0.076508999
558.9000244,-0.070262432
559,-0.079751492
559.1000366,-0.071979046
559.2000122,-0.077128887
559.2999878,-0.073171139
559.4000244,-0.078368664
559.5,-0.067401409
559.6000366,-0.065970898
559.7000122,-0.072837353
559.7999878,-0.06959486
559.9000244,-0.074506283
560,-0.07113266
560.1000366,-0.070643902
560.2000122,-0.069785595
560.2999878,-0.064540386
560.4000244,-0.074267864
560.5,-0.082517147
560.6000366,-0.071359158
560.7000122,-0.066066265
560.7999878,-0.077224255
560.9000244,-0.068212032
561,-0.07665205
561.1000366,-0.067067623
561.2000122,-0.075078487
561.2999878,-0.071788311
561.4000244,-0.07164526
561.5,-0.071597576
561.6000366,-0.068974972
561.7000122,-0.066113949
561.7999878,-0.066543102
561.9000244,-0.069642544
562,-0.063014507
562.1000366,-0.070834637
562.2000122,-0.078177929
562.2999878,-0.072646618
562.4000244,-0.071979046
562.5,-0.067210674
562.6000366,-0.073123455
562.7000122,-0.08332777
562.7999878,-0.075793743
562.9000244,-0.06997633
563,-0.068068981
563.1000366,-0.071025372
563.2000122,-0.068688869
563.2999878,-0.074744701
563.4000244,-0.074029446
563.5,-0.072074413
563.6000366,-0.074363232
563.7000122,-0.074589729
563.7999878,-0.073743343
563.9000244,-0.078177929
564,-0.068498135
564.1000366,-0.073409557
564.2000122,-0.073647976
564.2999878,-0.073647976
564.4000244,-0.072503567
564.5,-0.070310116
564.6000366,-0.072122097
564.7000122,-0.072980404
564.7999878,-0.070930004
564.9000244,-0.074029446
565,-0.070691586
565.1000366,-0.074172497
565.2000122,-0.06663847
565.2999878,-0.068259716
565.4000244,-0.073123455
565.5,-0.071359158
565.6000366,-0.077414989
565.7000122,-0.074840069
565.7999878,-0.072646618
565.9000244,-0.071120739
566,-0.067735195
566.1000366,-0.069356441
566.2000122,-0.070262432
566.2999878,-0.074840069
566.4000244,-0.064635754
566.5,-0.059294701
566.6000366,-0.064397335
566.7000122,-0.070024014
566.7999878,-0.065255642
566.9000244,-0.073361874
567,-0.073981762
567.1000366,-0.069404125
567.2000122,-0.064731121
567.2999878,-0.074792385
567.4000244,-0.071025372
567.5,-0.069070339
567.6000366,-0.073743343
567.7000122,-0.066972256
567.7999878,-0.07460165
567.9000244,-0.070691586
568,-0.068736553
568.1000366,-0.063920498
568.2000122,-0.065732479
568.2999878,-0.068402767
568.4000244,-0.065684795
568.5,-0.07665205
568.6000366,-0.074410915
568.7000122,-0.065160275
568.7999878,-0.066257
568.9000244,-0.074172497
569,-0.075746059
569.1000366,-0.07164526
569.2000122,-0.061202049
569.2999878,-0.077224255
569.4000244,-0.067687511
569.5,-0.073647976
569.6000366,-0.07960844
569.7000122,-0.079322338
569.7999878,-0.075841427
569.9000244,-0.083470821
570,-0.076556683
570.1000366,-0.072122097
570.2000122,-0.06754446
570.2999878,-0.07255125
570.4000244,-0.068283558
570.5,-0.066495419
570.6000366,-0.066543102
570.7000122,-0.068998814
570.7999878,-0.073743343
570.9000244,-0.06921339
571,-0.069296837
571.1000366,-0.067306042
571.2000122,-0.066924572
571.2999878,-0.071359158
571.4000244,-0.067592144
571.5,-0.074172497
571.6000366,-0.072074413
571.7000122,-0.07088232
571.7999878,-0.064778805
571.9000244,-0.075984478
572,-0.068974972
572.1000366,-0.073934078
572.2000122,-0.075030804
572.2999878,-0.07498312
572.4000244,-0.074649334
572.5,-0.063777447
572.6000366,-0.083899975
572.7000122,-0.070739269
572.7999878,-0.069785595
572.9000244,-0.069642544
573,-0.080276012
573.1000366,-0.075936794
573.2000122,-0.080276012
573.2999878,-0.073218822
573.4000244,-0.065684795
573.5,-0.081992626
573.6000366,-0.085473537
573.7000122,-0.072360516
573.7999878,-0.073504925
573.9000244,-0.066924572
574,-0.087523937
574.1000366,-0.074124813
574.2000122,-0.07960844
574.2999878,-0.072598934
574.4000244,-0.060534477
574.5,-0.074410915
574.6000366,-0.068402767
574.7000122,-0.081849575
574.7999878,-0.078988552
574.9000244,-0.080514431
575,-0.075173855
575.1000366,-0.080991268
575.2000122,-0.075984478
575.2999878,-0.075698376
575.4000244,-0.08242178
575.5,-0.075269222
575.6000366,-0.06997633
575.7000122,-0.081801891
575.7999878,-0.075030804
575.9000244,-0.077128887
576,-0.071216106
576.1000366,-0.0683074
576.2000122,-0.076365948
576.2999878,-0.078464031
576.4000244,-0.074363232
576.5,-0.076222897
576.6000366,-0.07908392
576.7000122,-0.079703808
576.7999878,-0.076604366
576.9000244,-0.06663847
577,-0.074553967
577.1000366,-0.069404125
577.2000122,-0.073647976
577.2999878,-0.074792385
577.4000244,-0.077558041
577.5,-0.073123455
577.6000366,-0.079799175
577.7000122,-0.063872814
577.7999878,-0.070739269
577.9000244,-0.077558041
578,-0.07126379
578.1000366,-0.066304684
578.2000122,-0.071502209
578.2999878,-0.070214748
578.4000244,-0.070786953
578.5,-0.070691586
578.6000366,-0.070798874
578.7000122,-0.07088232
578.7999878,-0.070834637
578.9000244,-0.071073055
579,-0.075269222
579.1000366,-0.071347237
579.2000122,-0.06959486
579.2999878,-0.069451809
579.4000244,-0.066400051
579.5,-0.070131302
579.6000366,-0.073218822
579.7000122,-0.071454525
579.7999878,-0.075793743
579.9000244,-0.071073055
580,-0.067019939
580.1000366,-0.069404125
580.2000122,-0.073218822
580.2999878,-0.076604366
580.4000244,-0.07832098
580.5,-0.071120739
580.6000366,-0.06330061
580.7000122,-0.063777447
580.7999878,-0.071025372
580.9000244,-0.072741985
581,-0.0703578
581.1000366,-0.068831921
581.2000122,-0.068879604
581.2999878,-0.073004246
581.4000244,-0.076318264
581.5,-0.077987194
581.6000366,-0.073028088
581.7000122,-0.06754446
581.7999878,-0.069451809
581.9000244,-0.071931362
582,-0.076508999
582.1000366,-0.074410915
582.2000122,-0.06587553
582.2999878,-0.064015865
582.4000244,-0.067306042
582.5,-0.069070339
582.6000366,-0.071216106
582.7000122,-0.067353725
582.7999878,-0.062441826
582.9000244,-0.075889111
583,-0.06754446
583.1000366,-0.082087994
583.2000122,-0.078607082
583.2999878,-0.078464031
583.4000244,-0.074053288
583.5,-0.065970898
583.6000366,-0.073171139
583.7000122,-0.070643902
583.7999878,-0.070727348
583.9000244,-0.070739269
584,-0.068355083
584.1000366,-0.072217464
584.2000122,-0.064301968
584.2999878,-0.065446377
584.4000244,-0.063109875
584.5,-0.074363232
584.6000366,-0.070596218
584.7000122,-0.061106682
584.7999878,-0.061964989
584.9000244,-0.070262432
585,-0.069308758
585.1000366,-0.070417404
585.2000122,-0.071835995
585.2999878,-0.070262432
585.4000244,-0.070119381
585.5,-0.066543102
585.6000366,-0.070262432
585.7000122,-0.066495419
585.7999878,-0.071168423
585.9000244,-0.069308758
586,-0.072694302
586.1000366,-0.062012672
586.2000122,-0.074363232
586.2999878,-0.070834637
586.4000244,-0.070930004
586.5,-0.071073055
586.6000366,-0.07088232
586.7000122,-0.07164526
586.7999878,-0.069487572
586.9000244,-0.067019939
587,-0.068402767
587.1000366,-0.066650391
587.2000122,-0.064540386
587.2999878,-0.06663847
587.4000244,-0.07498312
587.5,-0.079560757
587.6000366,-0.067162991
587.7000122,-0.076699734
587.7999878,-0.071168423
587.9000244,-0.070071697
588,-0.069022655
588.1000366,-0.073838711
588.2000122,-0.082707882
588.2999878,-0.064445019
588.4000244,-0.081086636
588.5,-0.067639828
588.6000366,-0.073409557
588.7000122,-0.074649334
588.7999878,-0.073361874
588.9000244,-0.068331122
589,-0.061249733
589.1000366,-0.064063549
589.2000122,-0.060343742
589.2999878,-0.062823772
589.4000244,-0.066113949
589.5,-0.067210674
589.6000366,-0.074172497
589.7000122,-0.07088232
589.7999878,-0.066400051
589.9000244,-0.065398693
590,-0.059866905
590.1000366,-0.075078487
590.2000122,-0.061774254
590.2999878,-0.071788311
590.4000244,-0.064158916
590.5,-0.06496954
590.6000366,-0.069058418
590.7000122,-0.075078487
590.7999878,-0.07202673
590.9000244,-0.070834637
591,-0.076556683
591.1000366,-0.068355083
591.2000122,-0.073886395
591.2999878,-0.072312832
591.4000244,-0.075650692
591.5,-0.076985836
591.6000366,-0.07627058
591.7000122,-0.068355083
591.7999878,-0.077128887
591.9000244,-0.07202673
592,-0.074124813
592.1000366,-0.065970898
592.2000122,-0.067067623
592.2999878,-0.066996098
592.4000244,-0.069672346
592.5,-0.071025372
592.6000366,-0.073600292
592.7000122,-0.066161633
592.7999878,-0.073600292
592.9000244,-0.066924572
593,-0.074124813
593.1000366,-0.068974972
593.2000122,-0.07536459
593.2999878,-0.066113949
593.4000244,-0.067687511
593.5,-0.067353725
593.6000366,-0.067067623
593.7000122,-0.06612587
593.7999878,-0.06330061
593.9000244,-0.066781521
594,-0.074697018
594.1000366,-0.071549892
594.2000122,-0.075078487
594.2999878,-0.07498312
594.4000244,-0.070786953
594.5,-0.065732479
594.6000366,-0.076747417
594.7000122,-0.061011314
594.7999878,-0.067306042
594.9000244,-0.069642544
595,-0.065923214
595.1000366,-0.068068981
595.2000122,-0.073266506
595.2999878,-0.065398693
595.4000244,-0.073028088
595.5,-0.066924572
595.6000366,-0.073361874
595.7000122,-0.072503567
595.7999878,-0.070643902
595.9000244,-0.071204185
596,-0.069737911
596.1000366,-0.071931362
596.2000122,-0.064349651
596.2999878,-0.065732479
596.4000244,-0.067258358
596.5,-0.060200691
596.6000366,-0.067258358
596.7000122,-0.072837353
596.7999878,-0.057768822
596.9000244,-0.069499493
597,-0.07536459
597.1000366,-0.070691586
597.2000122,-0.064540386
597.2999878,-0.074697018
597.4000244,-0.070024014
597.5,-0.072408199
597.6000366,-0.062633038
597.7000122,-0.069451809
597.7999878,-0.073552608
597.9000244,-0.069737911
598,-0.070930004
598.1000366,-0.066936493
598.2000122,-0.063062191
598.2999878,-0.064015865
598.4000244,-0.065434456
598.5,-0.064158916
598.6000366,-0.070500851
598.7000122,-0.079179287
598.7999878,-0.068736553
598.9000244,-0.073075771
599,-0.077701092
599.1000366,-0.074697018
599.2000122,-0.078750134
599.2999878,-0.077653408
599.4000244,-0.077069283
599.5,-0.076175213
599.6000366,-0.075698376
599.7000122,-0.07331419
599.7999878,-0.071597576
599.9000244,-0.068593502
600,-0.067496777
600.1000366,-0.073504925
600.2000122,-0.079274654
600.2999878,-0.074506283
600.4000244,-0.07793951
600.5,-0.068355083
600.6000366,-0.074172497
600.7000122,-0.070977688
600.7999878,-0.064015865
600.9000244,-0.063777447
601,-0.062680721
601.1000366,-0.074649334
601.2000122,-0.066066265
601.2999878,-0.083995342
601.4000244,-0.08165884
601.5,-0.07536459
601.6000366,-0.080180645
601.7000122,-0.071454525
601.7999878,-0.069118023
601.9000244,-0.071502209
602,-0.073028088
602.1000366,-0.069356441
602.2000122,-0.077319622
602.2999878,-0.074029446
602.4000244,-0.077176571
602.5,-0.081706524
602.6000366,-0.079703808
602.7000122,-0.07909584
602.7999878,-0.077701092
602.9000244,-0.077271938
603,-0.074935436
603.1000366,-0.070167065
603.2000122,-0.082326412
603.2999878,-0.069404125
603.4000244,-0.078559399
603.5,-0.074697018
603.6000366,-0.07318306
603.7000122,-0.068593502
603.7999878,-0.07088232
603.9000244,-0.073612213
604,-0.076222897
604.1000366,-0.078750134
604.2000122,-0.081468105
604.2999878,-0.071454525
604.4000244,-0.068688869
604.5,-0.076413631
604.6000366,-0.072741985
604.7000122,-0.07870245
604.7999878,-0.072265148
604.9000244,-0.07498312
605,-0.070119381
605.1000366,-0.071073055
605.2000122,-0.075412273
605.2999878,-0.080037594
605.4000244,-0.079370022
605.5,-0.076699734
605.6000366,-0.08242178
605.7000122,-0.077891827
605.7999878,-0.077224255
605.9000244,-0.076508999
606,-0.075412273
606.1000366,-0.076556683
606.2000122,-0.073791027
606.2999878,-0.068641186
606.4000244,-0.074553967
606.5,-0.07908392
606.6000366,-0.077236176
606.7000122,-0.07793951
606.7999878,-0.077367306
606.9000244,-0.080276012
607,-0.078809738
607.1000366,-0.07870245
607.2000122,-0.078893185
607.2999878,-0.07998991
607.4000244,-0.080514431
607.5,-0.06921339
607.6000366,-0.080180645
607.7000122,-0.070262432
607.7999878,-0.067306042
607.9000244,-0.079131603
608,-0.069356441
608.1000366,-0.078940868
608.2000122,-0.073552608
608.2999878,-0.067592144
608.4000244,-0.077605724
608.5,-0.086284161
608.6000366,-0.070167065
608.7000122,-0.072885036
608.7999878,-0.066447735
608.9000244,-0.072789669
609,-0.074553967
609.1000366,-0.078893185
609.2000122,-0.071597576
609.2999878,-0.06649518
609.4000244,-0.056624413
609.5,-0.058865547
609.6000366,-0.069118023
609.7000122,-0.066876888
609.7999878,-0.072646618
609.9000244,-0.068784237
610,-0.070024014
610.1000366,-0.066686153
610.2000122,-0.074172497
610.2999878,-0.071025372
610.4000244,-0.064445019
610.5,-0.072265148
610.6000366,-0.060629845
610.7000122,-0.068355083
610.7999878,-0.070977688
610.9000244,-0.067639828
611,-0.074363232
611.1000366,-0.073123455
611.2000122,-0.07088232
611.2999878,-0.067353725
611.4000244,-0.06587553
611.5,-0.0703578
611.6000366,-0.069547176
611.7000122,-0.064397335
611.7999878,-0.068355083
611.9000244,-0.060629845
612,-0.064158916
612.1000366,-0.064254284
612.2000122,-0.07126379
612.2999878,-0.071692944
612.4000244,-0.071835995
612.5,-0.072789669
612.6000366,-0.068688869
612.7000122,-0.066733837
612.7999878,-0.063240767
612.9000244,-0.058579445
613,-0.058960915
613.1000366,-0.061631203
613.2000122,-0.061392784
613.2999878,-0.059533119
613.4000244,-0.063920259
613.5,-0.06921339
613.6000366,-0.065541744
613.7000122,-0.07088232
613.7999878,-0.072694302
613.9000244,-0.07369566
614,-0.062871456
614.1000366,-0.073075771
614.2000122,-0.064015865
614.2999878,-0.064826488
614.4000244,-0.066066265
614.5,-0.069690228
614.6000366,-0.077653408
614.7000122,-0.064635754
614.7999878,-0.069833279
614.9000244,-0.067115307
615,-0.069451809
615.1000366,-0.074840069
615.2000122,-0.077224255
615.2999878,-0.065112591
615.4000244,-0.076747417
615.5,-0.064921856
615.6000366,-0.068402767
615.7000122,-0.070691586
615.7999878,-0.069404125
615.9000244,-0.066984057
616,-0.060725212
616.1000366,-0.067115307
616.2000122,-0.075459957
616.2999878,-0.067782879
616.4000244,-0.058960915
616.5,-0.070930004
616.6000366,-0.063395977
616.7000122,-0.063109875
616.7999878,-0.068688869
616.9000244,-0.077701092
617,-0.065732479
617.1000366,-0.075936794
617.2000122,-0.074124813
617.2999878,-0.080466747
617.4000244,-0.078559399
617.5,-0.071359158
617.6000366,-0.073743343
617.7000122,-0.070643902
617.7999878,-0.081992626
617.9000244,-0.072980404
618,-0.07998991
618.1000366,-0.078225613
618.2000122,-0.076973915
618.2999878,-0.075507641
618.4000244,-0.074172497
618.5,-0.075412273
618.6000366,-0.07267046
618.7000122,-0.071835995
618.7999878,-0.069261074
618.9000244,-0.075126171
619,-0.071597576
619.1000366,-0.070977688
619.2000122,-0.064540386
619.2999878,-0.073981762
619.4000244,-0.068212032
619.5,-0.061583519
619.6000366,-0.067973614
619.7000122,-0.074410915
619.7999878,-0.074887753
619.9000244,-0.073349953
620,-0.070739269
620.1000366,-0.073361874
620.2000122,-0.070024014
620.2999878,-0.070930004
620.4000244,-0.066113949
620.5,-0.070024014
620.6000366,-0.066555023
620.7000122,-0.063777447
620.7999878,-0.066304684
620.9000244,-0.066161633
621,-0.066209316
621.1000366,-0.068390846
621.2000122,-0.070596218
621.2999878,-0.070596218
621.4000244,-0.068927288
621.5,-0.06496954
621.6000366,-0.071549892
621.7000122,-0.07793951
621.7999878,-0.073457241
621.9000244,-0.08075285
622,-0.066876888
622.1000366,-0.061917305
622.2000122,-0.058341026
622.2999878,-0.061011434
622.4000244,-0.060248375
622.5,-0.063539028
622.6000366,-0.064778805
622.7000122,-0.072455883
622.7999878,-0.070739269
622.9000244,-0.065732479
623,-0.072598934
623.1000366,-0.057005882
623.2000122,-0.082326412
623.2999878,-0.06210804
623.4000244,-0.05838871
623.5,-0.071549892
623.6000366,-0.065351009
623.7000122,-0.072885036
623.7999878,-0.061154366
623.9000244,-0.059628487
624,-0.066352367
624.1000366,-0.069928646
624.2000122,-0.064540386
624.2999878,-0.064063549
624.4000244,-0.067878246
624.5,-0.063729763
624.6000366,-0.076413631
624.7000122,-0.066447735
624.7999878,-0.058341026
624.9000244,-0.070262432
625,-0.058674812
625.1000366,-0.072122097
625.2000122,-0.076365948
625.2999878,-0.062633038
625.4000244,-0.071502209
625.5,-0.067162991
625.6000366,-0.074649334
625.7000122,-0.065541744
625.7999878,-0.068784237
625.9000244,-0.068068981
626,-0.068879604
626.1000366,-0.054240227
626.2000122,-0.071835995
626.2999878,-0.062633038
626.4000244,-0.070596218
626.5,-0.070643902
626.6000366,-0.061535835
626.7000122,-0.057959557
626.7999878,-0.070071697
626.9000244,-0.057005882
627,-0.070548534
627.1000366,-0.067162991
627.2000122,-0.069833279
627.2999878,-0.065136194
627.4000244,-0.061678886
627.5,-0.061869621
627.6000366,-0.062597036
627.7000122,-0.0642066
627.7999878,-0.062633038
627.9000244,-0.065243721
628,-0.068402767
628.1000366,-0.065732479
628.2000122,-0.071359158
628.2999878,-0.065589428
628.4000244,-0.072598934
628.5,-0.068116665
628.6000366,-0.055575371
628.7000122,-0.067592144
628.7999878,-0.062012672
628.9000244,-0.062346458
629,-0.061297417
629.1000366,-0.064683437
629.2000122,-0.060915947
629.2999878,-0.070977688
629.4000244,-0.070071697
629.5,-0.069404125
629.6000366,-0.066590786
629.7000122,-0.061583519
629.7999878,-0.07164526
629.9000244,-0.062489986
630,-0.067782879
630.1000366,-0.060915947
630.2000122,-0.067639828
630.2999878,-0.072885036
630.4000244,-0.060772896
630.5,-0.069022655
630.6000366,-0.06587553
630.7000122,-0.063348293
630.7999878,-0.062776089
630.9000244,-0.056147575
631,-0.067735195
631.1000366,-0.060248375
631.2000122,-0.068879604
631.2999878,-0.071073055
631.4000244,-0.074697018
631.5,-0.071025372
631.6000366,-0.064778805
631.7000122,-0.061774254
631.7999878,-0.070786953
631.9000244,-0.05967617
632,-0.071025372
632.1000366,-0.067592144
632.2000122,-0.061106682
632.2999878,-0.070930004
632.4000244,-0.065398693
632.5,-0.071835995
632.6000366,-0.058484077
632.7000122,-0.06754446
632.7999878,-0.067687511
632.9000244,-0.070119381
633,-0.064158916
633.1000366,-0.069785595
633.2000122,-0.062203407
633.2999878,-0.063920498
633.4000244,-0.07126379
633.5,-0.066304684
633.6000366,-0.061774254
633.7000122,-0.072885036
633.7999878,-0.082183361
633.9000244,-0.070643902
634,-0.070691586
634.1000366,-0.070024014
634.2000122,-0.070083618
634.2999878,-0.068498135
634.4000244,-0.071120739
634.5,-0.064158916
634.6000366,-0.068212032
634.7000122,-0.064540386
634.7999878,-0.063777447
634.9000244,-0.064111233
635,-0.066686153
635.1000366,-0.066209316
635.2000122,-0.069785595
635.2999878,-0.06792593
635.4000244,-0.064492702
635.5,-0.067496777
635.6000366,-0.065541744
635.7000122,-0.067604065
635.7999878,-0.0683074
635.9000244,-0.065425515
636,-0.062823772
636.1000366,-0.062966824
636.2000122,-0.060677528
636.2999878,-0.058913231
636.4000244,-0.069356441
636.5,-0.072694302
636.6000366,-0.073457241
636.7000122,-0.064254284
636.7999878,-0.065255642
636.9000244,-0.070596218
637,-0.0613451
637.1000366,-0.080800533
637.2000122,-0.058341026
637.2999878,-0.061821938
637.4000244,-0.063443422
637.5,-0.063956082
637.6000366,-0.065637112
637.7000122,-0.064921856
637.7999878,-0.067639828
637.9000244,-0.069118023
638,-0.07088232
638.1000366,-0.064826488
638.2000122,-0.062728405
638.2999878,-0.064301968
638.4000244,-0.0642066
638.5,-0.066590786
638.6000366,-0.068641186
638.7000122,-0.071025372
638.7999878,-0.068545818
638.9000244,-0.060677528
639,-0.063872814
639.1000366,-0.074172497
639.2000122,-0.068736553
639.2999878,-0.073504925
639.4000244,-0.06382513
639.5,-0.066733837
639.6000366,-0.068879604
639.7000122,-0.072455883
639.7999878,-0.072503567
639.9000244,-0.069356441
640,-0.066304684
640.1000366,-0.067592144
640.2000122,-0.061774254
640.2999878,-0.061583519
640.4000244,-0.062203407
640.5,-0.065398693
640.6000366,-0.070453167
640.7000122,-0.063634396
640.7999878,-0.066400051
640.9000244,-0.05376339
641,-0.05505085
641.1000366,-0.066543102
641.2000122,-0.072694302
641.2999878,-0.06005764
641.4000244,-0.065207958
641.5,-0.061058998
641.6000366,-0.056004524
641.7000122,-0.066829205
641.7999878,-0.063539028
641.9000244,-0.069022655
642,-0.062203407
642.1000366,-0.067639828
642.2000122,-0.076508999
642.2999878,-0.058913231
642.4000244,-0.068736553
642.5,-0.067592144
642.6000366,-0.069106102
642.7000122,-0.068974972
642.7999878,-0.071120739
642.9000244,-0.068545818
643,-0.075841427
643.1000366,-0.06253767
643.2000122,-0.06587553
643.2999878,-0.073981762
643.4000244,-0.067449093
643.5,-0.057959557
643.6000366,-0.070167065
643.7000122,-0.063920498
643.7999878,-0.058722496
643.9000244,-0.057721138
644,-0.057983398
644.1000366,-0.059103966
644.2000122,-0.056385994
644.2999878,-0.062633038
644.4000244,-0.071835995
644.5,-0.055575371
644.6000366,-0.064683437
644.7000122,-0.06587553
644.7999878,-0.072360516
644.9000244,-0.063968182
645,-0.056576729
645.1000366,-0.06997633
645.2000122,-0.062012672
645.2999878,-0.075650692
645.4000244,-0.065541744
645.5,-0.055718422
645.6000366,-0.0703578
645.7000122,-0.074077129
645.7999878,-0.07164526
645.9000244,-0.071692944
646,-0.069165707
646.1000366,-0.065732479
646.2000122,-0.067592144
646.2999878,-0.063646078
646.4000244,-0.061821938
646.5,-0.066700876
646.6000366,-0.071835995
646.7000122,-0.069499493
646.7999878,-0.06172657
646.9000244,-0.069118023
647,-0.063205242
647.1000366,-0.066686153
647.2000122,-0.073218822
647.2999878,-0.081134319
647.4000244,-0.065064907
647.5,-0.068116665
647.6000366,-0.064254284
647.7000122,-0.069785595
647.7999878,-0.065351009
647.9000244,-0.069928646
648,-0.062489986
648.1000366,-0.056767464
648.2000122,-0.067735195
648.2999878,-0.059962273
648.4000244,-0.077844143
648.5,-0.068212032
648.6000366,-0.062441826
648.7000122,-0.075746059
648.7999878,-0.074935436
648.9000244,-0.071073055
649,-0.066447735
649.1000366,-0.067162991
649.2000122,-0.06253767
649.2999878,-0.068736553
649.4000244,-0.063348293
649.5,-0.067019939
649.6000366,-0.063968182
649.7000122,-0.068068981
649.7999878,-0.059199333
649.9000244,-0.067496777
650,-0.056385994
650.1000366,-0.066781521
650.2000122,-0.072217464
650.2999878,-0.072598934
650.4000244,-0.064158916
650.5,-0.062966824
650.6000366,-0.063968182
650.7000122,-0.066161633
650.7999878,-0.065160275
650.9000244,-0.071406841
651,-0.069833279
651.1000366,-0.070250511
651.2000122,-0.070930004
651.2999878,-0.068831921
651.4000244,-0.065160275
651.5,-0.073171139
651.6000366,-0.067639828
651.7000122,-0.072217464
651.7999878,-0.069737911
651.9000244,-0.065923214
652,-0.067592144
652.1000366,-0.068784237
652.2000122,-0.067019939
652.2999878,-0.067019939
652.4000244,-0.060296059
652.5,-0.063777447
652.6000366,-0.068116665
652.7000122,-0.065637112
652.7999878,-0.062871456
652.9000244,-0.066841125
653,-0.06997633
653.1000366,-0.068879604
653.2000122,-0.068498135
653.2999878,-0.066459656
653.4000244,-0.065637112
653.5,-0.070837617
653.6000366,-0.076985836
653.7000122,-0.074267864
653.7999878,-0.066495419
653.9000244,-0.064683437
654,-0.066209316
654.1000366,-0.066972256
654.2000122,-0.066686153
654.2999878,-0.066781521
654.4000244,-0.065780163
654.5,-0.067687511
654.6000366,-0.066423893
654.7000122,-0.066161633
654.7999878,-0.066066265
654.9000244,-0.065446377
655,-0.06496954
655.1000366,-0.06458807
655.2000122,-0.068784237
655.2999878,-0.063634396
655.4000244,-0.069928646
655.5,-0.071931362
655.6000366,-0.071859837
655.7000122,-0.073743343
655.7999878,-0.071835995
655.9000244,-0.070739269
656,-0.068831921
656.1000366,-0.068545818
656.2000122,-0.068212032
656.2999878,-0.067115307
656.4000244,-0.070262432
656.5,-0.068831921
656.6000366,-0.073457241
656.7000122,-0.073266506
656.7999878,-0.0683074
656.9000244,-0.065970898
657,-0.070167065
657.1000366,-0.068641186
657.2000122,-0.069785595
657.2999878,-0.068641186
657.4000244,-0.073457241
657.5,-0.062012672
657.6000366,-0.07627058
657.7000122,-0.073218822
657.7999878,-0.071549892
657.9000244,-0.065160275
658,-0.073028088
658.1000366,-0.068212032
658.2000122,-0.06959486
658.2999878,-0.073302269
658.4000244,-0.074887753
658.5,-0.080514431
658.6000366,-0.066066265
658.7000122,-0.076413631
658.7999878,-0.071979046
658.9000244,-0.067115307
659,-0.074124813
659.1000366,-0.075746059
659.2000122,-0.071216106
659.2999878,-0.071979046
659.4000244,-0.068355083
659.5,-0.072598934
659.6000366,-0.074840069
659.7000122,-0.06921339
659.7999878,-0.07255125
659.9000244,-0.071013451
660,-0.072503567
660.1000366,-0.069785595
660.2000122,-0.064397335
660.2999878,-0.069690228
660.4000244,-0.064540386
660.5,-0.070500851
660.6000366,-0.069165707
660.7000122,-0.063539028
660.7999878,-0.072789669
660.9000244,-0.067830563
661,-0.066733837
661.1000366,-0.068545818
661.2000122,-0.06382513
661.2999878,-0.071025372
661.4000244,-0.067639828
661.5,-0.071549892
661.6000366,-0.066257
661.7000122,-0.064874172
661.7999878,-0.073504925
661.9000244,-0.068736553
662,-0.063920498
662.1000366,-0.066066265
662.2000122,-0.071406841
662.2999878,-0.059771538
662.4000244,-0.066543102
662.5,-0.061535835
662.6000366,-0.054097176
662.7000122,-0.066924572
662.7999878,-0.062633038
662.9000244,-0.058484077
663,-0.060105324
663.1000366,-0.062620878
663.2000122,-0.063634396
663.2999878,-0.068259716
663.4000244,-0.072885036
663.5,-0.07331419
663.6000366,-0.076807022
663.7000122,-0.081086636
663.7999878,-0.079942226
663.9000244,-0.070596218
664,-0.0703578
664.1000366,-0.069451809
664.2000122,-0.067973614
664.2999878,-0.06997633
664.4000244,-0.061297417
664.5,-0.079656124
664.6000366,-0.059866905
664.7000122,-0.071740627
664.7999878,-0.070071697
664.9000244,-0.071979046
665,-0.071335316
665.1000366,-0.072217464
665.2000122,-0.071073055
665.2999878,-0.075793743
665.4000244,-0.074649334
665.5,-0.069547176
665.6000366,-0.070977688
665.7000122,-0.066829205
665.7999878,-0.081420422
665.9000244,-0.074220181
666,-0.063586712
666.1000366,-0.069022655
666.2000122,-0.070119381
666.2999878,-0.072169781
666.4000244,-0.074220181
666.5,-0.066209316
666.6000366,-0.070548534
666.7000122,-0.074124813
666.7999878,-0.077558041
666.9000244,-0.068068981
667,-0.072455883
667.1000366,-0.068879604
667.2000122,-0.070405483
667.2999878,-0.071454525
667.4000244,-0.068760395
667.5,-0.065589428
667.6000366,-0.067592144
667.7000122,-0.070167065
667.7999878,-0.073457241
667.9000244,-0.069344521
668,-0.067592144
668.1000366,-0.066161633
668.2000122,-0.065541744
668.2999878,-0.069356441
668.4000244,-0.075412273
668.5,-0.067973614
668.6000366,-0.069356441
668.7000122,-0.065386653
668.7999878,-0.062823772
668.9000244,-0.061392784
669,-0.068498135
669.1000366,-0.071788311
669.2000122,-0.073600292
669.2999878,-0.066876888
669.4000244,-0.074077129
669.5,-0.070405483
669.6000366,-0.071454525
669.7000122,-0.063539028
669.7999878,-0.081420422
669.9000244,-0.0703578
670,-0.065351009
670.1000366,-0.067830563
670.2000122,-0.0703578
670.2999878,-0.066543102
670.4000244,-0.065351009
670.5,-0.068498135
670.6000366,-0.071979046
670.7000122,-0.06663847
670.7999878,-0.068927288
670.9000244,-0.067162991
671,-0.072885036
671.1000366,-0.069356441
671.2000122,-0.07126379
671.2999878,-0.066066265
671.4000244,-0.069690228
671.5,-0.07126379
671.6000366,-0.067735195
671.7000122,-0.069642544
671.7999878,-0.067711353
671.9000244,-0.067115307
672,-0.066352367
672.1000366,-0.067019939
672.2000122,-0.068784237
672.2999878,-0.065827847
672.4000244,-0.062394142
672.5,-0.069261074
672.6000366,-0.065255642
672.7000122,-0.060296059
672.7999878,-0.064254284
672.9000244,-0.074077129
673,-0.082946301
673.1000366,-0.057673454
673.2000122,-0.060629845
673.2999878,-0.06083262
673.4000244,-0.062680721
673.5,-0.062346458
673.6000366,-0.065207958
673.7000122,-0.067210674
673.7999878,-0.067210674
673.9000244,-0.068021297
674,-0.058627129
674.1000366,-0.065589428
674.2000122,-0.072789669
674.2999878,-0.071454525
674.4000244,-0.061821938
674.5,-0.060772896
674.6000366,-0.062966824
674.7000122,-0.063729763
674.7999878,-0.060915947
674.9000244,-0.053095818
675,-0.064111233
675.1000366,-0.059628487
675.2000122,-0.065923214
675.2999878,-0.066733837
675.4000244,-0.062441826
675.5,-0.071597576
675.6000366,-0.061106682
675.7000122,-0.067830563
675.7999878,-0.057911873
675.9000244,-0.064063549
676,-0.065827847
676.1000366,-0.061249733
676.2000122,-0.069308758
676.2999878,-0.05838871
676.4000244,-0.061821938
676.5,-0.070691586
676.6000366,-0.072646618
676.7000122,-0.065446377
676.7999878,-0.06587553
676.9000244,-0.060486794
677,-0.075412273
677.1000366,-0.055384636
677.2000122,-0.069165707
677.2999878,-0.069451809
677.4000244,-0.066257
677.5,-0.067067623
677.6000366,-0.065112591
677.7000122,-0.059866905
677.7999878,-0.074697018
677.9000244,-0.063539028
678,-0.066352367
678.1000366,-0.065207958
678.2000122,-0.063491344
678.2999878,-0.060582161
678.4000244,-0.060009956
678.5,-0.072694302
678.6000366,-0.061058998
678.7000122,-0.069499493
678.7999878,-0.05338192
678.9000244,-0.058484077
679,-0.067878246
679.1000366,-0.06458807
679.2000122,-0.071549892
679.2999878,-0.067258358
679.4000244,-0.061964989
679.5,-0.063920498
679.6000366,-0.064254284
679.7000122,-0.062060356
679.7999878,-0.064528346
679.9000244,-0.064683437
680,-0.067115307
680.1000366,-0.068402767
680.2000122,-0.065589428
680.2999878,-0.061917305
680.4000244,-0.060248375
680.5,-0.061047077
680.6000366,-0.060343742
680.7000122,-0.061678886
680.7999878,-0.065303326
680.9000244,-0.069022655
681,-0.066876888
681.1000366,-0.073218822
681.2000122,-0.064063549
681.2999878,-0.057196617
681.4000244,-0.064158916
681.5,-0.064015865
681.6000366,-0.062513709
681.7000122,-0.057864189
681.7999878,-0.064015865
681.9000244,-0.061488152
682,-0.059485435
682.1000366,-0.063443661
682.2000122,-0.067019939
682.2999878,-0.061440468
682.4000244,-0.066161633
682.5,-0.063920498
682.6000366,-0.060915947
682.7000122,-0.071168423
682.7999878,-0.065207958
682.9000244,-0.072265148
683,-0.063634396
683.1000366,-0.066781521
683.2000122,-0.06959486
683.2999878,-0.076079845
683.4000244,-0.064349651
683.5,-0.07293272
683.6000366,-0.078654766
683.7000122,-0.071216106
683.7999878,-0.077701092
683.9000244,-0.063586712
684,-0.068212032
684.1000366,-0.075603008
684.2000122,-0.061821938
684.2999878,-0.072789669
684.4000244,-0.06253767
684.5,-0.069785595
684.6000366,-0.063920498
684.7000122,-0.06959486
684.7999878,-0.063205242
684.9000244,-0.067639828
685,-0.06754446
685.1000366,-0.068235874
685.2000122,-0.068688869
685.2999878,-0.068110704
685.4000244,-0.067782879
685.5,-0.067735195
685.6000366,-0.076365948
685.7000122,-0.071931362
685.7999878,-0.062489986
685.9000244,-0.067258358
686,-0.0642066
686.1000366,-0.069642544
686.2000122,-0.068736553
686.2999878,-0.071168423
686.4000244,-0.07331419
686.5,-0.072980404
686.6000366,-0.071835995
686.7000122,-0.069559097
686.7999878,-0.068879604
686.9000244,-0.064540386
687,-0.060629845
687.1000366,-0.058341026
687.2000122,-0.066352367
687.2999878,-0.066018581
687.4000244,-0.065327168
687.5,-0.062823772
687.6000366,-0.066113949
687.7000122,-0.069928646
687.7999878,-0.070405483
687.9000244,-0.066257
688,-0.074267864
688.1000366,-0.068831921
688.2000122,-0.074172497
688.2999878,-0.069022655
688.4000244,-0.072789669
688.5,-0.074077129
688.6000366,-0.065827847
688.7000122,-0.068259716
688.7999878,-0.065064907
688.9000244,-0.060343742
689,-0.072455883
689.1000366,-0.067401409
689.2000122,-0.074458599
689.2999878,-0.067973614
689.4000244,-0.064445019
689.5,-0.067735195
689.6000366,-0.061964989
689.7000122,-0.070310116
689.7999878,-0.068498135
689.9000244,-0.063729763
690,-0.065064907
690.1000366,-0.064445019
690.2000122,-0.06291914
690.2999878,-0.066066265
690.4000244,-0.067914009
690.5,-0.072360516
690.6000366,-0.070310116
690.7000122,-0.066400051
690.7999878,-0.064015865
690.9000244,-0.071120739
691,-0.067639828
691.1000366,-0.065637112
691.2000122,-0.067019939
691.2999878,-0.059580803
691.4000244,-0.065827847
691.5,-0.074744701
691.6000366,-0.080228329
691.7000122,-0.066733837
691.7999878,-0.057435036
691.9000244,-0.071740627
692,-0.066018581
692.1000366,-0.072741985
692.2000122,-0.063348293
692.2999878,-0.061297417
692.4000244,-0.064552188
692.5,-0.070548534
692.6000366,-0.063014507
692.7000122,-0.07331419
692.7999878,-0.065207958
692.9000244,-0.069451809
693,-0.068498135
693.1000366,-0.065684795
693.2000122,-0.06766367
693.2999878,-0.067449093
693.4000244,-0.069022655
693.5,-0.069690228
693.6000366,-0.07075119
693.7000122,-0.07293272
693.7999878,-0.071359158
693.9000244,-0.07293272
694,-0.066781521
694.1000366,-0.06792593
694.2000122,-0.071835995
694.2999878,-0.072741985
694.4000244,-0.068784237
694.5,-0.066161633
694.6000366,-0.066018581
694.7000122,-0.066864967
694.7999878,-0.068116665
694.9000244,-0.067162991
695,-0.066543102
695.1000366,-0.066686153
695.2000122,-0.066817284
695.2999878,-0.067684531
695.4000244,-0.069404125
695.5,-0.067830563
695.6000366,-0.067019939
695.7000122,-0.065172195
695.7999878,-0.06291914
695.9000244,-0.06291914
696,-0.064290047
696.1000366,-0.066209316
696.2000122,-0.065112591
696.2999878,-0.068903446
696.4000244,-0.071073055
696.5,-0.073218822
696.6000366,-0.069499493
696.7000122,-0.061631203
696.7999878,-0.060677528
696.9000244,-0.059628487
697,-0.059056282
697.1000366,-0.060319901
697.2000122,-0.060153008
697.2999878,-0.062441826
697.4000244,-0.070930004
697.5,-0.06959486
697.6000366,-0.067115307
697.7000122,-0.061583519
697.7999878,-0.072408199
697.9000244,-0.068355083
698,-0.068378925
698.1000366,-0.06663847
698.2000122,-0.066113949
698.2999878,-0.0683074
698.4000244,-0.068498135
698.5,-0.065732479
698.6000366,-0.060105324
698.7000122,-0.065970898
698.7999878,-0.068545818
698.9000244,-0.063682079
699,-0.064874172
699.1000366,-0.065207958
699.2000122,-0.066543102
699.2999878,-0.065732479
699.4000244,-0.064230204
699.5,-0.062298775
699.6000366,-0.062346458
699.7000122,-0.060677528
699.7999878,-0.067210674
699.9000244,-0.065315127
700,-0.067353725
700.1000366,-0.066018581
700.2000122,-0.073075771
700.2999878,-0.072455883
700.4000244,-0.071561813
700.5,-0.070691586
700.6000366,-0.070024014
700.7000122,-0.067162991
700.7999878,-0.066733837
700.9000244,-0.072741985
701,-0.060629845
701.1000366,-0.069022655
701.2000122,-0.058960915
701.2999878,-0.070548534
701.4000244,-0.067735195
701.5,-0.069559097
701.6000366,-0.069165707
701.7000122,-0.070786953
701.7999878,-0.064254284
701.9000244,-0.074172497
702,-0.070596218
702.1000366,-0.067973614
702.2000122,-0.072122097
702.2999878,-0.065827847
702.4000244,-0.065017223
702.5,-0.067639828
702.6000366,-0.059628487
702.7000122,-0.073361874
702.7999878,-0.065494061
702.9000244,-0.073600292
703,-0.072789669
703.1000366,-0.062680721
703.2000122,-0.075078487
703.2999878,-0.059199333
703.4000244,-0.067735195
703.5,-0.077891827
703.6000366,-0.073504925
703.7000122,-0.069118023
703.7999878,-0.065017223
703.9000244,-0.065207958
704,-0.066733837
704.1000366,-0.071788311
704.2000122,-0.065255642
704.2999878,-0.068593502
704.4000244,-0.066686153
704.5,-0.065732479
704.6000366,-0.067830563
704.7000122,-0.067782879
704.7999878,-0.071931362
704.9000244,-0.072837353
705,-0.078177929
705.1000366,-0.065970898
705.2000122,-0.07255125
705.2999878,-0.064158916
705.4000244,-0.074458599
705.5,-0.074840069
705.6000366,-0.072885036
705.7000122,-0.075030804
705.7999878,-0.067210674
705.9000244,-0.06043911
706,-0.063348293
706.1000366,-0.070071697
706.2000122,-0.072455883
706.2999878,-0.064731121
706.4000244,-0.076461315
706.5,-0.067496777
706.6000366,-0.075650692
706.7000122,-0.072646618
706.7999878,-0.065494061
706.9000244,-0.065541744
707,-0.067210674
707.1000366,-0.068498135
707.2000122,-0.062871456
707.2999878,-0.073409557
707.4000244,-0.065494061
707.5,-0.070500851
707.6000366,-0.063586712
707.7000122,-0.06754446
707.7999878,-0.072074413
707.9000244,-0.068831921
708,-0.06792593
708.1000366,-0.068116665
708.2000122,-0.06663847
708.2999878,-0.066209316
708.4000244,-0.070691586
708.5,-0.068355083
708.6000366,-0.065303326
708.7000122,-0.064540386
708.7999878,-0.066829205
708.9000244,-0.071406841
709,-0.065255642
709.1000366,-0.069404125
709.2000122,-0.075126171
709.2999878,-0.071073055
709.4000244,-0.071931362
709.5,-0.061440468
709.6000366,-0.063062191
709.7000122,-0.058817863
709.7999878,-0.066161633
709.9000244,-0.070643902
710,-0.071835995
710.1000366,-0.073171139
710.2000122,-0.06997633
710.2999878,-0.075126171
710.4000244,-0.064921856
710.5,-0.057291985
710.6000366,-0.075126171
710.7000122,-0.062633038
710.7999878,-0.057625771
710.9000244,-0.060486794
711,-0.066590786
711.1000366,-0.070691586
711.2000122,-0.065732479
711.2999878,-0.070548534
711.4000244,-0.065160275
711.5,-0.07293272
711.6000366,-0.064361334
711.7000122,-0.058674812
711.7999878,-0.060677528
711.9000244,-0.065684795
712,-0.073457241
712.1000366,-0.062394142
712.2000122,-0.065684795
712.2999878,-0.067067623
712.4000244,-0.067210674
712.5,-0.066400051
712.6000366,-0.0703578
712.7000122,-0.065040827
712.7999878,-0.062441826
712.9000244,-0.060963631
713,-0.064993143
713.1000366,-0.066495419
713.2000122,-0.070071697
713.2999878,-0.076938152
713.4000244,-0.060915947
713.5,-0.065827847
713.6000366,-0.062203407
713.7000122,-0.067830563
713.7999878,-0.05671978
713.9000244,-0.063872814
714,-0.062096477
714.1000366,-0.064540386
714.2000122,-0.063252926
714.2999878,-0.064683437
714.4000244,-0.065541744
714.5,-0.065541744
714.6000366,-0.068688869
714.7000122,-0.066972256
714.7999878,-0.071835995
714.9000244,-0.059771538
715,-0.064301968
715.1000366,-0.06997633
715.2000122,-0.065064907
715.2999878,-0.060534477
715.4000244,-0.066590786
715.5,-0.065923214
715.6000366,-0.063443661
715.7000122,-0.06172657
715.7999878,-0.063777447
715.9000244,-0.064635754
716,-0.062585354
716.1000366,-0.064540386
716.2000122,-0.058436394
716.2999878,-0.061869621
716.4000244,-0.065064907
716.5,-0.063252926
716.6000366,-0.066447735
716.7000122,-0.056576729
716.7999878,-0.062298775
716.9000244,-0.067687511
717,-0.058484077
717.1000366,-0.06253767
717.2000122,-0.072169781
717.2999878,-0.05543232
717.4000244,-0.065398693
717.5,-0.060486794
717.6000366,-0.053429604
717.7000122,-0.063729763
717.7999878,-0.066161633
717.9000244,-0.064063549
718,-0.062489986
718.1000366,-0.063598633
718.2000122,-0.063586712
718.2999878,-0.064254284
718.4000244,-0.058817863
718.5,-0.06921339
718.6000366,-0.062871456
718.7000122,-0.059628487
718.7999878,-0.06210804
718.9000244,-0.054097176
719,-0.066352367
719.1000366,-0.055241585
719.2000122,-0.067830563
719.2999878,-0.064301968
719.4000244,-0.064397216
719.5,-0.063205242
719.6000366,-0.062251091
719.7000122,-0.068355083
719.7999878,-0.070834637
719.9000244,-0.063968182
720,-0.062251091
720.1000366,-0.065410495
720.2000122,-0.070500851
720.2999878,-0.064921856
720.4000244,-0.072312832
720.5,-0.059819221
720.6000366,-0.065732479
720.7000122,-0.068736553
720.7999878,-0.068116665
720.9000244,-0.070119381
721,-0.06997633
721.1000366,-0.070667744
721.2000122,-0.069404125
721.2999878,-0.065881252
721.4000244,-0.062012672
721.5,-0.061440468
721.6000366,-0.063729763
721.7000122,-0.066972256
721.7999878,-0.06253767
721.9000244,-0.068688869
722,-0.070786953
722.1000366,-0.059723854
722.2000122,-0.066352367
722.2999878,-0.071979046
722.4000244,-0.063968182
722.5,-0.064158916
722.6000366,-0.06663847
722.7000122,-0.068629265
722.7999878,-0.070643902
722.9000244,-0.073075771
723,-0.067496777
723.1000366,-0.07498312
723.2000122,-0.067830563
723.2999878,-0.066018581
723.4000244,-0.07703352
723.5,-0.065303326
723.6000366,-0.055336952
723.7000122,-0.069833279
723.7999878,-0.065970898
723.9000244,-0.06997633
724,-0.065494061
724.1000366,-0.074172497
724.2000122,-0.068116665
724.2999878,-0.082278728
724.4000244,-0.067162991
724.5,-0.076985836
724.6000366,-0.069547176
724.7000122,-0.071168423
724.7999878,-0.063729763
724.9000244,-0.072741985
725,-0.064301968
725.1000366,-0.068593502
725.2000122,-0.061488152
725.2999878,-0.06253767
725.4000244,-0.059533119
725.5,-0.064778686
725.6000366,-0.069928646
725.7000122,-0.067115307
725.7999878,-0.072503567
725.9000244,-0.07164526
726,-0.066543102
726.1000366,-0.061392784
726.2000122,-0.055193901
726.2999878,-0.070977688
726.4000244,-0.065160275
726.5,-0.059008598
726.6000366,-0.072694302
726.7000122,-0.065541744
726.7999878,-0.065112591
726.9000244,-0.066304684
727,-0.067401409
727.1000366,-0.065577507
727.2000122,-0.065303326
727.2999878,-0.067326903
727.4000244,-0.070262432
727.5,-0.068164349
727.6000366,-0.066829205
727.7000122,-0.069070339
727.7999878,-0.063777208
727.9000244,-0.05967617
728,-0.059533119
728.1000366,-0.066352367
728.2000122,-0.073171139
728.2999878,-0.059437752
728.4000244,-0.064635754
728.5,-0.067115307
728.6000366,-0.068653107
728.7000122,-0.071835995
728.7999878,-0.071025372
728.9000244,-0.069499493
729,-0.058531761
729.1000366,-0.066590786
729.2000122,-0.059723854
729.2999878,-0.072837353
729.4000244,-0.064254284
729.5,-0.069451809
729.6000366,-0.067019939
729.7000122,-0.067973614
729.7999878,-0.067985535
729.9000244,-0.068212032
730,-0.068736553
730.1000366,-0.067830563
730.2000122,-0.066543102
730.2999878,-0.065958858
730.4000244,-0.0613451
730.5,-0.068116665
730.6000366,-0.062823772
730.7000122,-0.061535835
730.7999878,-0.065637112
730.9000244,-0.061249733
731,-0.067162991
731.1000366,-0.065494061
731.2000122,-0.067961693
731.2999878,-0.067210674
731.4000244,-0.071979046
731.5,-0.063586712
731.6000366,-0.058674812
731.7000122,-0.064349651
731.7999878,-0.065112591
731.9000244,-0.060629845
732,-0.061392784
732.1000366,-0.064540386
732.2000122,-0.065315127
732.2999878,-0.067735195
732.4000244,-0.067592144
732.5,-0.059962273
732.6000366,-0.056862831
732.7000122,-0.060629845
732.7999878,-0.064731121
732.9000244,-0.061869621
733,-0.065112591
733.1000366,-0.063682079
733.2000122,-0.058579445
733.2999878,-0.063586712
733.4000244,-0.074029446
733.5,-0.059533119
733.6000366,-0.073886395
733.7000122,-0.064158916
733.7999878,-0.06458807
733.9000244,-0.065684795
734,-0.062859297
734.1000366,-0.062298775
734.2000122,-0.062689364
734.2999878,-0.062394142
734.4000244,-0.063205242
734.5,-0.057768822
734.6000366,-0.073886395
734.7000122,-0.058674812
734.7999878,-0.072312832
734.9000244,-0.062203407
735,-0.062728405
735.1000366,-0.062680721
735.2000122,-0.065196037
735.2999878,-0.068450451
735.4000244,-0.066924572
735.5,-0.065303326
735.6000366,-0.065160275
735.7000122,-0.056958199
735.7999878,-0.072312832
735.9000244,-0.064349651
736,-0.066972256
736.1000366,-0.064540386
736.2000122,-0.064158916
736.2999878,-0.062251091
736.4000244,-0.069785595
736.5,-0.061440468
736.6000366,-0.070071697
736.7000122,-0.064397335
736.7999878,-0.066352367
736.9000244,-0.065446377
737,-0.064731121
737.1000366,-0.063491344
737.2000122,-0.063634396
737.2999878,-0.067639828
737.4000244,-0.069022655
737.5,-0.068593502
737.6000366,-0.066578746
737.7000122,-0.062346458
737.7999878,-0.066352367
737.9000244,-0.068355083
738,-0.065017223
738.1000366,-0.066662312
738.2000122,-0.065780163
738.2999878,-0.067496777
738.4000244,-0.065970898
738.5,-0.065982819
738.6000366,-0.065827847
738.7000122,-0.064635754
738.7999878,-0.06754446
738.9000244,-0.057816505
739,-0.071788311
739.1000366,-0.064063549
739.2000122,-0.069499493
739.2999878,-0.065112591
739.4000244,-0.071549892
739.5,-0.067449093
739.6000366,-0.065255642
739.7000122,-0.069928646
739.7999878,-0.066257
739.9000244,-0.06496954
740,-0.064874172
740.1000366,-0.05838871
740.2000122,-0.065017223
740.2999878,-0.071597576
740.4000244,-0.071692944
740.5,-0.070500851
740.6000366,-0.066602468
740.7000122,-0.062441826
740.7999878,-0.061774254
740.9000244,-0.064397335
741,-0.073791027
741.1000366,-0.07665205
741.2000122,-0.061964989
741.2999878,-0.065732479
741.4000244,-0.059247017
741.5,-0.063205242
741.6000366,-0.065541744
741.7000122,-0.073791027
741.7999878,-0.075555325
741.9000244,-0.066686153
742,-0.065780163
742.1000366,-0.069451809
742.2000122,-0.071359158
742.2999878,-0.064778805
742.4000244,-0.068068981
742.5,-0.069737911
742.6000366,-0.067592144
742.7000122,-0.067449093
742.7999878,-0.06253767
742.9000244,-0.074792385
743,-0.067115307
743.1000366,-0.063348293
743.2000122,-0.064397335
743.2999878,-0.06921339
743.4000244,-0.064778805
743.5,-0.070977688
743.6000366,-0.06253767
743.7000122,-0.064778805
743.7999878,-0.062871456
743.9000244,-0.066864967
744,-0.069833279
744.1000366,-0.06997633
744.2000122,-0.066495419
744.2999878,-0.07164526
744.4000244,-0.062489986
744.5,-0.070500851
744.6000366,-0.071216106
744.7000122,-0.069451809
744.7999878,-0.067627907
744.9000244,-0.063109875
745,-0.066733837
745.1000366,-0.069833279
745.2000122,-0.064063549
745.2999878,-0.063395977
745.4000244,-0.066066265
745.5,-0.067687511
745.6000366,-0.069118023
745.7000122,-0.068831921
745.7999878,-0.065148115
745.9000244,-0.060200691
746,-0.062441826
746.1000366,-0.065899134
746.2000122,-0.070453167
746.2999878,-0.070500851
746.4000244,-0.070310116
746.5,-0.070453167
746.6000366,-0.072408199
746.7000122,-0.06663847
746.7999878,-0.058150291
746.9000244,-0.055623055
747,-0.076604366
747.1000366,-0.065303326
747.2000122,-0.077176571
747.2999878,-0.065589428
747.4000244,-0.069928646
747.5,-0.066018581
747.6000366,-0.065637112
747.7000122,-0.061202049
747.7999878,-0.064063549
747.9000244,-0.062060356
748,-0.069070339
748.1000366,-0.066209316
748.2000122,-0.070119381
748.2999878,-0.065637112
748.4000244,-0.054574013
748.5,-0.063014507
748.6000366,-0.07369566
748.7000122,-0.064492702
748.7999878,-0.063920498
748.9000244,-0.070739269
749,-0.057625771
749.1000366,-0.065064907
749.2000122,-0.06997633
749.2999878,-0.075078487
749.4000244,-0.067639828
749.5,-0.059723854
749.6000366,-0.078750134
749.7000122,-0.062489986
749.7999878,-0.073075771
749.9000244,-0.066543102
750,-0.070310116
750.1000366,-0.072980404
750.2000122,-0.075030804
750.2999878,-0.062251091
750.4000244,-0.069404125
750.5,-0.063252926
750.6000366,-0.068402767
750.7000122,-0.068355083
750.7999878,-0.065589428
750.9000244,-0.06792593
751,-0.070071697
751.1000366,-0.059914589
751.2000122,-0.062489986
751.2999878,-0.07536459
751.4000244,-0.075793743
751.5,-0.069261074
751.6000366,-0.059437752
751.7000122,-0.068974972
751.7999878,-0.060582161
751.9000244,-0.068593502
752,-0.055241585
752.1000366,-0.065637112
752.2000122,-0.066161633
752.2999878,-0.063872695
752.4000244,-0.062776089
752.5,-0.065625161
752.6000366,-0.066924572
752.7000122,-0.068927288
752.7999878,-0.071788311
752.9000244,-0.068641186
753,-0.069880962
753.1000366,-0.063968182
753.2000122,-0.067067623
753.2999878,-0.062203407
753.4000244,-0.070119381
753.5,-0.055909157
753.6000366,-0.068068981
753.7000122,-0.059485435
753.7999878,-0.05633831
753.9000244,-0.064349651
754,-0.059151649
754.1000366,-0.065637112
754.2000122,-0.070167065
754.2999878,-0.063729763
754.4000244,-0.069261074
754.5,-0.063682079
754.6000366,-0.072169781
754.7000122,-0.066876888
754.7999878,-0.064492702
754.9000244,-0.063252926
755,-0.061964989
755.1000366,-0.059103966
755.2000122,-0.062728405
755.2999878,-0.072408199
755.4000244,-0.066066265
755.5,-0.072503567
755.6000366,-0.065541744
755.7000122,-0.060963631
755.7999878,-0.069690228
755.9000244,-0.061297417
756,-0.061678886
756.1000366,-0.062489986
756.2000122,-0.06458807
756.2999878,-0.070834637
756.4000244,-0.058913231
756.5,-0.066400051
756.6000366,-0.071788311
756.7000122,-0.069308758
756.7999878,-0.069737911
756.9000244,-0.066543102
757,-0.071311474
757.1000366,-0.067449093
757.2000122,-0.067639828
757.2999878,-0.067675591
757.4000244,-0.067449093
757.5,-0.068164349
757.6000366,-0.070596218
757.7000122,-0.068355083
757.7999878,-0.067401409
757.9000244,-0.067258358
758,-0.063348293
758.1000366,-0.064015865
758.2000122,-0.06754446
758.2999878,-0.06382513
758.4000244,-0.067830563
758.5,-0.060772896
758.6000366,-0.067449093
758.7000122,-0.072694302
758.7999878,-0.068688869
758.9000244,-0.059580803
759,-0.064540386
759.1000366,-0.066447735
759.2000122,-0.068927288
759.2999878,-0.070500851
759.4000244,-0.072217464
759.5,-0.067210674
759.6000366,-0.068641186
759.7000122,-0.065422535
759.7999878,-0.062871456
759.9000244,-0.062966824
760,-0.061678886
760.1000366,-0.069022655
760.2000122,-0.064063549
760.2999878,-0.067878246
760.4000244,-0.074363232
760.5,-0.065446377
760.6000366,-0.070453167
760.7000122,-0.067496777
760.7999878,-0.069261074
760.9000244,-0.062728405
761,-0.066495419
761.1000366,-0.070930004
761.2000122,-0.060677528
761.2999878,-0.07998991
761.4000244,-0.068259716
761.5,-0.074267864
761.6000366,-0.074649334
761.7000122,-0.074029446
761.7999878,-0.075412273
761.9000244,-0.071788311
762,-0.074267864
762.1000366,-0.066209316
762.2000122,-0.065970898
762.2999878,-0.064647675
762.4000244,-0.063443661
762.5,-0.062966824
762.6000366,-0.065684795
762.7000122,-0.062477827
762.7999878,-0.060248375
762.9000244,-0.061011314
763,-0.074315548
763.1000366,-0.056004524
763.2000122,-0.067210674
763.2999878,-0.068068981
763.4000244,-0.059485435
763.5,-0.072408199
763.6000366,-0.051951408
763.7000122,-0.063348293
763.7999878,-0.057673454
763.9000244,-0.062060356
764,-0.061631203
764.1000366,-0.062441826
764.2000122,-0.061404824
764.2999878,-0.063062191
764.4000244,-0.067332774
764.5,-0.071406841
764.6000366,-0.073457241
764.7000122,-0.067162991
764.7999878,-0.057673454
764.9000244,-0.065732479
765,-0.065064788
765.1000366,-0.068068981
765.2000122,-0.068784237
765.2999878,-0.069451809
765.4000244,-0.065589428
765.5,-0.069880962
765.6000366,-0.064063549
765.7000122,-0.056004524
765.7999878,-0.063586712
765.9000244,-0.070500851
766,-0.070500851
766.1000366,-0.0677948
766.2000122,-0.063872814
766.2999878,-0.066304684
766.4000244,-0.077796459
766.5,-0.072646618
766.6000366,-0.065780163
766.7000122,-0.064063549
766.7999878,-0.065351009
766.9000244,-0.066495419
767,-0.069070339
767.1000366,-0.071502209
767.2000122,-0.064826488
767.2999878,-0.067162991
767.4000244,-0.066721916
767.5,-0.068116665
767.6000366,-0.066781521
767.7000122,-0.066829205
767.7999878,-0.066018581
767.9000244,-0.066400051
768,-0.066936493
768.1000366,-0.067830563
768.2000122,-0.067496777
768.2999878,-0.068641186
768.4000244,-0.070024014
768.5,-0.06921339
768.6000366,-0.063539028
768.7000122,-0.07126379
768.7999878,-0.063014507
768.9000244,-0.073075771
769,-0.072646618
769.1000366,-0.075889111
769.2000122,-0.06458807
769.2999878,-0.058579445
769.4000244,-0.068164349
769.5,-0.063872814
769.6000366,-0.066733837
769.7000122,-0.064051628
769.7999878,-0.063014507
769.9000244,-0.062585354
770,-0.065351009
770.1000366,-0.065780163
770.2000122,-0.063443661
770.2999878,-0.068879604
770.4000244,-0.058293343
770.5,-0.069451809
770.6000366,-0.062489986
770.7000122,-0.070071697
770.7999878,-0.062585354
770.9000244,-0.072503567
771,-0.068068981
771.1000366,-0.064874172
771.2000122,-0.068116665
771.2999878,-0.060677528
771.4000244,-0.069547176
771.5,-0.066352367
771.6000366,-0.066686153
771.7000122,-0.06959486
771.7999878,-0.066245079
771.9000244,-0.064492702
772,-0.0642066
772.1000366,-0.064349651
772.2000122,-0.064635754
772.2999878,-0.064063549
772.4000244,-0.061476469
772.5,-0.059533119
772.6000366,-0.06200999
772.7000122,-0.063252926
772.7999878,-0.063777447
772.9000244,-0.06382513
773,-0.06663847
773.1000366,-0.061249733
773.2000122,-0.05209446
773.2999878,-0.067210674
773.4000244,-0.07460165
773.5,-0.058531761
773.6000366,-0.061440468
773.7000122,-0.057816505
773.7999878,-0.061869621
773.9000244,-0.067210674
774,-0.061964989
774.1000366,-0.062680721
774.2000122,-0.066829205
774.2999878,-0.066340446
774.4000244,-0.067639828
774.5,-0.068212032
774.6000366,-0.062060356
774.7000122,-0.067687511
774.7999878,-0.061106682
774.9000244,-0.062776089
775,-0.066686153
775.1000366,-0.067949772
775.2000122,-0.070930004
775.2999878,-0.071406841
775.4000244,-0.063539028
775.5,-0.062060356
775.6000366,-0.06382513
775.7000122,-0.057530403
775.7999878,-0.068688869
775.9000244,-0.050616264
776,-0.065398693
776.1000366,-0.067306042
776.2000122,-0.062251091
776.2999878,-0.064778805
776.4000244,-0.062966585
776.5,-0.061488152
776.6000366,-0.063348293
776.7000122,-0.056815147
776.7999878,-0.060391426
776.9000244,-0.063634396
777,-0.067115307
777.1000366,-0.058150291
777.2000122,-0.068879604
777.2999878,-0.055003166
777.4000244,-0.065160275
777.5,-0.059866905
777.6000366,-0.069165707
777.7000122,-0.063777447
777.7999878,-0.068831921
777.9000244,-0.062441826
778,-0.064111233
778.1000366,-0.061929345
778.2000122,-0.060105324
778.2999878,-0.061058998
778.4000244,-0.072217464
778.5,-0.06587553
778.6000366,-0.070691586
778.7000122,-0.062394142
778.7999878,-0.062633038
778.9000244,-0.070214748
779,-0.074267864
779.1000366,-0.060963631
779.2000122,-0.070977688
779.2999878,-0.067592144
779.4000244,-0.06330061
779.5,-0.063860774
779.6000366,-0.061202049
779.7000122,-0.063348293
779.7999878,-0.060796857
779.9000244,-0.058865547
780,-0.059771538
780.1000366,-0.062632799
780.2000122,-0.067210674
780.2999878,-0.064683437
780.4000244,-0.057196617
780.5,-0.057578087
780.6000366,-0.063014507
780.7000122,-0.075269222
780.7999878,-0.077414989
780.9000244,-0.070596218
781,-0.071406841
781.1000366,-0.06754446
781.2000122,-0.062489986
781.2999878,-0.06458807
781.4000244,-0.066113949
781.5,-0.067449093
781.6000366,-0.0642066
781.7000122,-0.075412273
781.7999878,-0.06382513
781.9000244,-0.070548534
782,-0.068259716
782.1000366,-0.070214748
782.2000122,-0.068259716
782.2999878,-0.0677948
782.4000244,-0.067592144
782.5,-0.065112591
782.6000366,-0.065207958
782.7000122,-0.067353725
782.7999878,-0.069642544
782.9000244,-0.065696597
783,-0.063872814
783.1000366,-0.070122331
783.2000122,-0.076413631
783.2999878,-0.074506283
783.4000244,-0.067639828
783.5,-0.059056282
783.6000366,-0.062489986
783.7000122,-0.073886395
783.7999878,-0.063729763
783.9000244,-0.069785595
784,-0.065494061
784.1000366,-0.068259716
784.2000122,-0.063574553
784.2999878,-0.059628487
784.4000244,-0.060915947
784.5,-0.068021297
784.6000366,-0.063062191
784.7000122,-0.068164349
784.7999878,-0.061583519
784.9000244,-0.071931362
785,-0.069880962
785.1000366,-0.069404125
785.2000122,-0.068891525
785.2999878,-0.067735195
785.4000244,-0.068545818
785.5,-0.064874172
785.6000366,-0.066733837
785.7000122,-0.063801169
785.7999878,-0.062776089
785.9000244,-0.06082058
786,-0.064802527
786.1000366,-0.066543102
786.2000122,-0.069070339
786.2999878,-0.078130245
786.4000244,-0.060343742
786.5,-0.077987194
786.6000366,-0.068641186
786.7000122,-0.06458807
786.7999878,-0.070167065
786.9000244,-0.073600292
787,-0.0703578
787.1000366,-0.077558041
787.2000122,-0.067973614
787.2999878,-0.073600292
787.4000244,-0.064158916
787.5,-0.071692944
787.6000366,-0.06754446
787.7000122,-0.068617344
787.7999878,-0.067592144
787.9000244,-0.067639828
788,-0.065565467
788.1000366,-0.061488152
788.2000122,-0.065541744
788.2999878,-0.070930004
788.4000244,-0.066543102
788.5,-0.065446377
788.6000366,-0.067389488
788.7000122,-0.068116665
788.7999878,-0.066718936
788.9000244,-0.065637112
789,-0.065732479
789.1000366,-0.060248375
789.2000122,-0.06210804
789.2999878,-0.072074413
789.4000244,-0.068212032
789.5,-0.063586712
789.6000366,-0.069308758
789.7000122,-0.067210674
789.7999878,-0.070930004
789.9000244,-0.06496954
790,-0.063348293
790.1000366,-0.071597576
790.2000122,-0.068259716
790.2999878,-0.077653408
790.4000244,-0.072265148
790.5,-0.077176571
790.6000366,-0.063634396
790.7000122,-0.062823772
790.7999878,-0.06330061
790.9000244,-0.070024014
791,-0.075603008
791.1000366,-0.070155144
791.2000122,-0.068355083
791.2999878,-0.06663847
791.4000244,-0.069690228
791.5,-0.065529704
791.6000366,-0.062441826
791.7000122,-0.063348293
791.7999878,-0.0683074
791.9000244,-0.069642544
792,-0.068903446
792.1000366,-0.069833279
792.2000122,-0.067830563
792.2999878,-0.073218822
792.4000244,-0.070024014
792.5,-0.070548534
792.6000366,-0.068498135
792.7000122,-0.071073055
792.7999878,-0.067306042
792.9000244,-0.068879604
793,-0.067580223
793.1000366,-0.067306042
793.2000122,-0.066829205
793.2999878,-0.065911174
793.4000244,-0.067115307
793.5,-0.062394142
793.6000366,-0.060772896
793.7000122,-0.063539028
793.7999878,-0.058245659
793.9000244,-0.070834637
794,-0.062203407
794.1000366,-0.074267864
794.2000122,-0.056290627
794.2999878,-0.064254284
794.4000244,-0.068736553
794.5,-0.06496954
794.6000366,-0.07460165
794.7000122,-0.07293272
794.7999878,-0.067067623
794.9000244,-0.060391426
795,-0.063539028
795.1000366,-0.066161633
795.2000122,-0.062776089
795.2999878,-0.05967617
795.4000244,-0.064492702
795.5,-0.063491344
795.6000366,-0.061154366
795.7000122,-0.064301968
795.7999878,-0.067162991
795.9000244,-0.056862831
796,-0.065160275
796.1000366,-0.058627129
796.2000122,-0.065351009
796.2999878,-0.056529045
796.4000244,-0.062728405
796.5,-0.062633038
796.6000366,-0.066924572
796.7000122,-0.069737911
796.7999878,-0.066209316
796.9000244,-0.069499493
797,-0.067019939
797.1000366,-0.0613451
797.2000122,-0.063109875
797.2999878,-0.055909157
797.4000244,-0.052475929
797.5,-0.065207958
797.6000366,-0.0683074
797.7000122,-0.06082058
797.7999878,-0.061488152
797.9000244,-0.055289268
798,-0.06172657
798.1000366,-0.068164349
798.2000122,-0.067162991
798.2999878,-0.06291914
798.4000244,-0.062871456
798.5,-0.064015865
798.6000366,-0.064874172
798.7000122,-0.065398693
798.7999878,-0.061917543
798.9000244,-0.060153008
799,-0.057244301
799.1000366,-0.074792385
799.2000122,-0.062060356
799.2999878,-0.069165707
799.4000244,-0.062728405
799.5,-0.064683437
799.6000366,-0.064421177
799.7000122,-0.063539028
799.7999878,-0.066733837
799.9000244,-0.068378925
800,-0.071883678
800.1000366,-0.071359158
800.2000122,-0.068855762
800.2999878,-0.063062191
800.4000244,-0.069118023
800.5,-0.066781521
800.6000366,-0.063216925
800.7000122,-0.055766106
800.7999878,-0.061202049
800.9000244,-0.063109875
801,-0.067973614
801.1000366,-0.064933777
801.2000122,-0.064826488
801.2999878,-0.06382513
801.4000244,-0.062763929
801.5,-0.061488152
801.6000366,-0.060915947
801.7000122,-0.056767464
801.7999878,-0.057399273
801.9000244,-0.057196617
802,-0.054717064
802.1000366,-0.06382513
802.2000122,-0.048184395
802.2999878,-0.066352367
802.4000244,-0.067830563
802.5,-0.064921856
802.6000366,-0.057244301
802.7000122,-0.062441826
802.7999878,-0.058197975
802.9000244,-0.06210804
803,-0.062298775
803.1000366,-0.059008598
803.2000122,-0.06253767
803.2999878,-0.064385295
803.4000244,-0.066972256
803.5,-0.069022655
803.6000366,-0.061821938
803.7000122,-0.070453167
803.7999878,-0.065970898
803.9000244,-0.062680483
804,-0.056052208
804.1000366,-0.058245659
804.2000122,-0.072265148
804.2999878,-0.059866905
804.4000244,-0.07293272
804.5,-0.067401409
804.6000366,-0.058722496
804.7000122,-0.057864189
804.7999878,-0.063968182
804.9000244,-0.065315127
805,-0.069165707
805.1000366,-0.070262432
805.2000122,-0.066686153
805.2999878,-0.062966824
805.4000244,-0.061535835
805.5,-0.073838711
805.6000366,-0.05671978
805.7000122,-0.064397335
805.7999878,-0.07369566
805.9000244,-0.077748775
806,-0.061535835
806.1000366,-0.056862831
806.2000122,-0.063634396
806.2999878,-0.059723854
806.4000244,-0.060391426
806.5,-0.059390068
806.6000366,-0.066161633
806.7000122,-0.05133152
806.7999878,-0.062823772
806.9000244,-0.065970898
807,-0.064540386
807.1000366,-0.066304684
807.2000122,-0.071073055
807.2999878,-0.056290627
807.4000244,-0.071788311
807.5,-0.065732479
807.6000366,-0.07832098
807.7000122,-0.060629845
807.7999878,-0.067735195
807.9000244,-0.068498135
808,-0.068545818
808.1000366,-0.068784237
808.2000122,-0.069165707
808.2999878,-0.068092823
808.4000244,-0.066161633
808.5,-0.068259716
808.6000366,-0.067532539
808.7000122,-0.068831921
808.7999878,-0.066876888
808.9000244,-0.068641186
809,-0.066161633
809.1000366,-0.072694302
809.2000122,-0.06382513
809.2999878,-0.059390068
809.4000244,-0.066018581
809.5,-0.064635754
809.6000366,-0.059056282
809.7000122,-0.070834637
809.7999878,-0.06172657
809.9000244,-0.058341026
810,-0.071359158
810.1000366,-0.071502209
810.2000122,-0.064099073
810.2999878,-0.056529045
810.4000244,-0.057005882
810.5,-0.066543102
810.6000366,-0.064540386
810.7000122,-0.060391426
810.7999878,-0.070548534
810.9000244,-0.060725212
811,-0.066495419
811.1000366,-0.066161633
811.2000122,-0.068116665
811.2999878,-0.068688869
811.4000244,-0.065064669
811.5,-0.061488152
811.6000366,-0.061964989
811.7000122,-0.060880184
811.7999878,-0.059390068
811.9000244,-0.060677528
812,-0.063812971
812.1000366,-0.069070339
812.2000122,-0.066113949
812.2999878,-0.061917305
812.4000244,-0.068355083
812.5,-0.072646618
812.6000366,-0.064778805
812.7000122,-0.055909157
812.7999878,-0.062060356
812.9000244,-0.062298775
813,-0.063634396
813.1000366,-0.063109875
813.2000122,-0.070548534
813.2999878,-0.075316906
813.4000244,-0.071835995
813.5,-0.062823772
813.6000366,-0.070596218
813.7000122,-0.056815147
813.7999878,-0.06754446
813.9000244,-0.075841427
814,-0.065970898
814.1000366,-0.061058998
814.2000122,-0.06458807
814.2999878,-0.059390068
814.4000244,-0.062394142
814.5,-0.05838871
814.6000366,-0.065827847
814.7000122,-0.064445019
814.7999878,-0.066495419
814.9000244,-0.068092823
815,-0.070024014
815.1000366,-0.071406841
815.2000122,-0.061917305
815.2999878,-0.075459957
815.4000244,-0.065446377
815.5,-0.065780163
815.6000366,-0.070500851
815.7000122,-0.065958977
815.7999878,-0.064492702
815.9000244,-0.063062191
816,-0.06210804
816.1000366,-0.058245659
816.2000122,-0.059819221
816.2999878,-0.063133478
816.4000244,-0.067735195
816.5,-0.066733837
816.6000366,-0.063348293
816.7000122,-0.061821938
816.7999878,-0.069737911
816.9000244,-0.060486794
817,-0.068355083
817.1000366,-0.059771538
817.2000122,-0.062823772
817.2999878,-0.066209316
817.4000244,-0.074553967
817.5,-0.073075771
817.6000366,-0.072134018
817.7000122,-0.073123455
817.7999878,-0.067782879
817.9000244,-0.051951408
818,-0.052905083
818.1000366,-0.05775702
818.2000122,-0.065017223
818.2999878,-0.061154366
818.4000244,-0.069070339
818.5,-0.058627129
818.6000366,-0.064874172
818.7000122,-0.068212032
818.7999878,-0.058579445
818.9000244,-0.062394142
819,-0.073457241
819.1000366,-0.063157558
819.2000122,-0.068736553
819.2999878,-0.071359158
819.4000244,-0.060582161
819.5,-0.069737911
819.6000366,-0.065351009
819.7000122,-0.056385994
819.7999878,-0.061202049
819.9000244,-0.058150291
820,-0.061297417
820.1000366,-0.058293343
820.2000122,-0.068402767
820.2999878,-0.060534477
820.4000244,-0.05671978
820.5,-0.068879604
820.6000366,-0.066018581
820.7000122,-0.059628487
820.7999878,-0.063252926
820.9000244,-0.064921856
821,-0.058960915
821.1000366,-0.061249733
821.2000122,-0.061357141
821.2999878,-0.061678886
821.4000244,-0.063539028
821.5,-0.064397335
821.6000366,-0.06291914
821.7000122,-0.064397335
821.7999878,-0.061488152
821.9000244,-0.063682079
822,-0.075984478
822.1000366,-0.053858757
822.2000122,-0.067449093
822.2999878,-0.065827847
822.4000244,-0.054717064
822.5,-0.06210804
822.6000366,-0.068974972
822.7000122,-0.059390068
822.7999878,-0.070024014
822.9000244,-0.071931362
823,-0.061821938
823.1000366,-0.059962273
823.2000122,-0.06043911
823.2999878,-0.062489986
823.4000244,-0.06018889
823.5,-0.06005764
823.6000366,-0.057768822
823.7000122,-0.071073055
823.7999878,-0.057435036
823.9000244,-0.067019939
824,-0.062060356
824.1000366,-0.062203526
824.2000122,-0.05838871
824.2999878,-0.0613451
824.4000244,-0.058245659
824.5,-0.063157558
824.6000366,-0.059962273
824.7000122,-0.063586712
824.7999878,-0.057959557
824.9000244,-0.066018581
825,-0.061202049
825.1000366,-0.069833279
825.2000122,-0.071025372
825.2999878,-0.068402767
825.4000244,-0.067687511
825.5,-0.063968182
825.6000366,-0.060248375
825.7000122,-0.061154366
825.7999878,-0.063252687
825.9000244,-0.064874172
826,-0.066733837
826.1000366,-0.066113949
826.2000122,-0.060486794
826.2999878,-0.062394142
826.4000244,-0.068927288
826.5,-0.0703578
826.6000366,-0.067735195
826.7000122,-0.068068981
826.7999878,-0.066674232
826.9000244,-0.064921856
827,-0.065970898
827.1000366,-0.064123034
827.2000122,-0.06522283
827.2999878,-0.065446377
827.4000244,-0.065351009
827.5,-0.064290047
827.6000366,-0.062633038
827.7000122,-0.063729763
827.7999878,-0.063539028
827.9000244,-0.061583519
828,-0.066257
828.1000366,-0.07293272
828.2000122,-0.063491344
828.2999878,-0.065923214
828.4000244,-0.0613451
828.5,-0.057530403
828.6000366,-0.069928646
828.7000122,-0.063729763
828.7999878,-0.067592144
828.9000244,-0.060248375
829,-0.064492702
829.1000366,-0.062871456
829.2000122,-0.065255642
829.2999878,-0.064814568
829.4000244,-0.064644694
829.5,-0.064445019
829.6000366,-0.064063549
829.7000122,-0.064731121
829.7999878,-0.065064907
829.9000244,-0.071216106
830,-0.066352367
830.1000366,-0.069261074
830.2000122,-0.073123455
830.2999878,-0.065351009
830.4000244,-0.068498135
830.5,-0.07126379
830.6000366,-0.062203407
830.7000122,-0.060248375
830.7999878,-0.060987473
830.9000244,-0.06043911
831,-0.061058998
831.1000366,-0.063109875
831.2000122,-0.068498135
831.2999878,-0.062823772
831.4000244,-0.069070339
831.5,-0.070214748
831.6000366,-0.069189548
831.7000122,-0.069547176
831.7999878,-0.06792593
831.9000244,-0.071108818
832,-0.073552608
832.1000366,-0.073409557
832.2000122,-0.070822716
832.2999878,-0.067830563
832.4000244,-0.068498135
832.5,-0.069261074
832.6000366,-0.063682079
832.7000122,-0.06663847
832.7999878,-0.079370022
832.9000244,-0.068498135
833,-0.078797817
833.1000366,-0.057291985
833.2000122,-0.07331419
833.2999878,-0.068927288
833.4000244,-0.070071697
833.5,-0.067675591
833.6000366,-0.066781521
833.7000122,-0.064921856
833.7999878,-0.061154366
833.9000244,-0.067353725
834,-0.071311474
834.1000366,-0.064158916
834.2000122,-0.064540386
834.2999878,-0.077271938
834.4000244,-0.067973614
834.5,-0.056624413
834.6000366,-0.076127529
834.7000122,-0.071216106
834.7999878,-0.067449093
834.9000244,-0.07536459
835,-0.067496777
835.1000366,-0.063682079
835.2000122,-0.065255642
835.2999878,-0.071406841
835.4000244,-0.073552608
835.5,-0.065732479
835.6000366,-0.067782879
835.7000122,-0.070262432
835.7999878,-0.077319622
835.9000244,-0.068688869
836,-0.073743343
836.1000366,-0.070453167
836.2000122,-0.063348293
836.2999878,-0.062060356
836.4000244,-0.067830563
836.5,-0.069451809
836.6000366,-0.069380283
836.7000122,-0.070214748
836.7999878,-0.070024014
836.9000244,-0.073266506
837,-0.074887753
837.1000366,-0.069404125
837.2000122,-0.073981762
837.2999878,-0.07088232
837.4000244,-0.067019939
837.5,-0.071359158
837.6000366,-0.069737911
837.7000122,-0.076127529
837.7999878,-0.069547176
837.9000244,-0.061488152
838,-0.069404125
838.1000366,-0.06921339
838.2000122,-0.060915947
838.2999878,-0.073981762
838.4000244,-0.059485435
838.5,-0.077414989
838.6000366,-0.063539028
838.7000122,-0.066304684
838.7999878,-0.067162991
838.9000244,-0.065494061
839,-0.063682079
839.1000366,-0.065351009
839.2000122,-0.069833279
839.2999878,-0.064349651
839.4000244,-0.067496777
839.5,-0.066304684
839.6000366,-0.07627058
839.7000122,-0.077748775
839.7999878,-0.06587553
839.9000244,-0.063634396
840,-0.06587553
840.1000366,-0.067210674
840.2000122,-0.066745758
840.2999878,-0.063586712
840.4000244,-0.070310116
840.5,-0.057339668
840.6000366,-0.064540386
840.7000122,-0.066876888
840.7999878,-0.070262432
840.9000244,-0.070834637
841,-0.069940567
841.1000366,-0.069451809
841.2000122,-0.06921339
841.2999878,-0.062728405
841.4000244,-0.063157558
841.5,-0.071406841
841.6000366,-0.073028088
841.7000122,-0.068867683
841.7999878,-0.066018581
841.9000244,-0.065017223
842,-0.064874172
842.1000366,-0.066161633
842.2000122,-0.065780163
842.2999878,-0.068164349
842.4000244,-0.0703578
842.5,-0.068784237
842.6000366,-0.070453167
842.7000122,-0.071549892
842.7999878,-0.071120739
842.9000244,-0.069022655
843,-0.059390068
843.1000366,-0.066543102
843.2000122,-0.06018889
843.2999878,-0.056862831
843.4000244,-0.057959557
843.5,-0.060796976
843.6000366,-0.063729763
843.7000122,-0.064635754
843.7999878,-0.074840069
843.9000244,-0.06005764
844,-0.068593502
844.1000366,-0.062633038
844.2000122,-0.068450451
844.2999878,-0.072789669
844.4000244,-0.065589428
844.5,-0.056958199
844.6000366,-0.073743343
844.7000122,-0.063109875
844.7999878,-0.063539028
844.9000244,-0.063550949
845,-0.064826488
845.1000366,-0.062728405
845.2000122,-0.065804005
845.2999878,-0.066972256
845.4000244,-0.068688869
845.5,-0.068068981
845.6000366,-0.068355083
845.7000122,-0.062633038
845.7999878,-0.071406841
845.9000244,-0.060963631
846,-0.07536459
846.1000366,-0.06496954
846.2000122,-0.065351009
846.2999878,-0.066066265
846.4000244,-0.06043911
846.5,-0.063872814
846.6000366,-0.060308099
846.7000122,-0.058102608
846.7999878,-0.058817863
846.9000244,-0.057721138
847,-0.064349651
847.1000366,-0.070405483
847.2000122,-0.069785595
847.2999878,-0.064397335
847.4000244,-0.062585354
847.5,-0.071835995
847.6000366,-0.07255125
847.7000122,-0.063920498
847.7999878,-0.061821938
847.9000244,-0.062728405
848,-0.063157558
848.1000366,-0.062776089
848.2000122,-0.06175065
848.2999878,-0.05877018
848.4000244,-0.062298775
848.5,-0.069356441
848.6000366,-0.070405483
848.7000122,-0.068355083
848.7999878,-0.068736553
848.9000244,-0.064921856
849,-0.063539028
849.1000366,-0.05800724
849.2000122,-0.058197975
849.2999878,-0.061309576
849.4000244,-0.065017223
849.5,-0.064015865
849.6000366,-0.067782879
849.7000122,-0.066352367
849.7999878,-0.066876888
849.9000244,-0.069642544
850,-0.05376339
850.1000366,-0.06792593
850.2000122,-0.061678886
850.2999878,-0.068641186
850.4000244,-0.062441826
850.5,-0.07202673
850.6000366,-0.063539028
850.7000122,-0.070977688
850.7999878,-0.057673454
850.9000244,-0.062298775
851,-0.058484077
851.1000366,-0.059437752
851.2000122,-0.065112591
851.2999878,-0.073647976
851.4000244,-0.0683074
851.5,-0.05800724
851.6000366,-0.069404125
851.7000122,-0.076508999
851.7999878,-0.069535255
851.9000244,-0.066066265
852,-0.066161633
852.1000366,-0.067246437
852.2000122,-0.067735195
852.2999878,-0.069022655
852.4000244,-0.065326929
852.5,-0.06210804
852.6000366,-0.062441826
852.7000122,-0.068140268
852.7999878,-0.073075771
852.9000244,-0.074935436
853,-0.066686153
853.1000366,-0.072980404
853.2000122,-0.065207958
853.2999878,-0.065732479
853.4000244,-0.06638813
853.5,-0.067496777
853.6000366,-0.067115307
853.7000122,-0.067592144
853.7999878,-0.063777447
853.9000244,-0.074077129
854,-0.067258358
854.1000366,-0.076842785
854.2000122,-0.060963631
854.2999878,-0.062060356
854.4000244,-0.063848734
854.5,-0.067830563
854.6000366,-0.064540386
854.7000122,-0.071788311
854.7999878,-0.077414989
854.9000244,-0.066829205
855,-0.063443661
855.1000366,-0.065589428
855.2000122,-0.070310116
855.2999878,-0.078082561
855.4000244,-0.05877018
855.5,-0.064063549
855.6000366,-0.059819221
855.7000122,-0.070786953
855.7999878,-0.071311474
855.9000244,-0.074398994
856,-0.074315548
856.1000366,-0.067612767
856.2000122,-0.060200691
856.2999878,-0.061535835
856.4000244,-0.06122601
856.5,-0.059485435
856.6000366,-0.063682079
856.7000122,-0.071549892
856.7999878,-0.068831921
856.9000244,-0.073600292
857,-0.070691586
857.1000366,-0.070119381
857.2000122,-0.073838711
857.2999878,-0.064778805
857.4000244,-0.072694302
857.5,-0.065494061
857.6000366,-0.078893185
857.7000122,-0.062060356
857.7999878,-0.071216106
857.9000244,-0.066876888
858,-0.069165707
858.1000366,-0.074506283
858.2000122,-0.059580803
858.2999878,-0.071740627
858.4000244,-0.067067623
858.5,-0.061631203
858.6000366,-0.072741985
858.7000122,-0.066972256
858.7999878,-0.067162991
858.9000244,-0.0657444
859,-0.065255642
859.1000366,-0.069299817
859.2000122,-0.072741985
859.2999878,-0.073457241
859.4000244,-0.06895113
859.5,-0.066113949
859.6000366,-0.063491344
859.7000122,-0.074172497
859.7999878,-0.064111233
859.9000244,-0.068545818
860,-0.07255125
860.1000366,-0.058865547
860.2000122,-0.0642066
860.2999878,-0.058627129
860.4000244,-0.073028088
860.5,-0.071359158
860.6000366,-0.069714069
860.7000122,-0.066447735
860.7999878,-0.068021297
860.9000244,-0.068355083
861,-0.061535835
861.1000366,-0.069785595
861.2000122,-0.063348293
861.2999878,-0.059914589
861.4000244,-0.064445019
861.5,-0.061631203
861.6000366,-0.077844143
861.7000122,-0.07536459
861.7999878,-0.067639828
861.9000244,-0.056433678
862,-0.0613451
862.1000366,-0.068974972
862.2000122,-0.065589428
862.2999878,-0.058436394
862.4000244,-0.069118023
862.5,-0.063157558
862.6000366,-0.070310116
862.7000122,-0.066495419
862.7999878,-0.06382513
862.9000244,-0.062060356
863,-0.062620878
863.1000366,-0.062489986
863.2000122,-0.06210804
863.2999878,-0.060582161
863.4000244,-0.061977029
863.5,-0.060009956
863.6000366,-0.061705858
863.7000122,-0.062346458
863.7999878,-0.062489986
863.9000244,-0.062823772
864,-0.066161633
864.1000366,-0.066447735
864.2000122,-0.060486794
864.2999878,-0.066400051
864.4000244,-0.05543232
864.5,-0.054097176
864.6000366,-0.059712172
864.7000122,-0.066590786
864.7999878,-0.062728405
864.9000244,-0.055718422
865,-0.06792593
865.1000366,-0.05209446
865.2000122,-0.069737911
865.2999878,-0.059962273
865.4000244,-0.060343742
865.5,-0.067782879
865.6000366,-0.07255125
865.7000122,-0.066733837
865.7999878,-0.065207958
865.9000244,-0.068641186
866,-0.070119381
866.1000366,-0.061058998
866.2000122,-0.058722496
866.2999878,-0.063586712
866.4000244,-0.070071697
866.5,-0.052666664
866.6000366,-0.066066265
866.7000122,-0.075936794
866.7999878,-0.059866905
866.9000244,-0.069165707
867,-0.067353725
867.1000366,-0.058722496
867.2000122,-0.055718422
867.2999878,-0.06082058
867.4000244,-0.056958199
867.5,-0.05877018
867.6000366,-0.065303326
867.7000122,-0.055527687
867.7999878,-0.061249733
867.9000244,-0.058817863
868,-0.05209446
868.1000366,-0.059008598
868.2000122,-0.065827847
868.2999878,-0.060963631
868.4000244,-0.053906441
868.5,-0.066161633
868.6000366,-0.059914589
868.7000122,-0.052380562
868.7999878,-0.064683437
868.9000244,-0.054383278
869,-0.05800724
869.1000366,-0.059580803
869.2000122,-0.061249733
869.2999878,-0.061857939
869.4000244,-0.062776089
869.5,-0.06382513
869.6000366,-0.064111233
869.7000122,-0.065112591
869.7999878,-0.064731121
869.9000244,-0.06200099
870,-0.058722496
870.1000366,-0.059437752
870.2000122,-0.063443661
870.2999878,-0.067830563
870.4000244,-0.057816505
870.5,-0.047755241
870.6000366,-0.065637112
870.7000122,-0.058341026
870.7999878,-0.060391426
870.9000244,-0.064492702
871,-0.073838711
871.1000366,-0.060248375
871.2000122,-0.067687511
871.2999878,-0.054812431
871.4000244,-0.062680721
871.5,-0.063682079
871.6000366,-0.064492702
871.7000122,-0.064826488
871.7999878,-0.062334776
871.9000244,-0.059199333
872,-0.06082058
872.1000366,-0.059008598
872.2000122,-0.064731121
872.2999878,-0.061678886
872.4000244,-0.065064907
872.5,-0.06043911
872.6000366,-0.068355083
872.7000122,-0.069404125
872.7999878,-0.059390068
872.9000244,-0.062394142
873,-0.067639828
873.1000366,-0.071788311
873.2000122,-0.061058998
873.2999878,-0.065780163
873.4000244,-0.058817863
873.5,-0.063682079
873.6000366,-0.060915947
873.7000122,-0.054430962
873.7999878,-0.066352367
873.9000244,-0.055766106
874,-0.063109875
874.1000366,-0.056624413
874.2000122,-0.05800724
874.2999878,-0.063872814
874.4000244,-0.066733837
874.5,-0.071692944
874.6000366,-0.065303326
874.7000122,-0.072980404
874.7999878,-0.051379204
874.9000244,-0.061106682
875,-0.065589428
875.1000366,-0.064063549
875.2000122,-0.060677528
875.2999878,-0.062942743
875.4000244,-0.065446377
875.5,-0.061583519
875.6000366,-0.055956841
875.7000122,-0.059914589
875.7999878,-0.059199333
875.9000244,-0.063014507
876,-0.059199333
876.1000366,-0.067306042
876.2000122,-0.068116665
876.2999878,-0.068927288
876.4000244,-0.065815806
876.5,-0.061154366
876.6000366,-0.065064907
876.7000122,-0.06210804
876.7999878,-0.061964989
876.9000244,-0.065637112
877,-0.05671978
877.1000366,-0.071216106
877.2000122,-0.06043911
877.2999878,-0.065732479
877.4000244,-0.05877018
877.5,-0.06921339
877.6000366,-0.062203407
877.7000122,-0.06997633
877.7999878,-0.061964989
877.9000244,-0.071073055
878,-0.070024014
878.1000366,-0.065112591
878.2000122,-0.066161633
878.2999878,-0.06458807
878.4000244,-0.063753486
878.5,-0.063252926
878.6000366,-0.061011314
878.7000122,-0.070453167
878.7999878,-0.052762032
878.9000244,-0.069499493
879,-0.068450451
879.1000366,-0.06882
879.2000122,-0.068927288
879.2999878,-0.068402767
879.4000244,-0.062680721
879.5,-0.06172657
879.6000366,-0.055956841
879.7000122,-0.067306042
879.7999878,-0.055861473
879.9000244,-0.070119381
880,-0.071073055
880.1000366,-0.06172657
880.2000122,-0.057435036
880.2999878,-0.065351009
880.4000244,-0.06043911
880.5,-0.060153008
880.6000366,-0.056004524
880.7000122,-0.058722496
880.7999878,-0.064921856
880.9000244,-0.063193202
881,-0.066066265
881.1000366,-0.063062191
881.2000122,-0.069118023
881.2999878,-0.057339668
881.4000244,-0.053429604
881.5,-0.055718422
881.6000366,-0.062776089
881.7000122,-0.063014507
881.7999878,-0.063014507
881.9000244,-0.059902906
882,-0.056242943
882.1000366,-0.057339668
882.2000122,-0.066018581
882.2999878,-0.065398693
882.4000244,-0.065529823
882.5,-0.065589428
882.6000366,-0.065112591
882.7000122,-0.057053566
882.7999878,-0.065970898
882.9000244,-0.057339668
883,-0.066924572
883.1000366,-0.0642066
883.2000122,-0.065923214
883.2999878,-0.064683437
883.4000244,-0.067878246
883.5,-0.062251091
883.6000366,-0.064921856
883.7000122,-0.065255642
883.7999878,-0.067329884
883.9000244,-0.071835995
884,-0.067306042
884.1000366,-0.065684795
884.2000122,-0.067210674
884.2999878,-0.057768822
884.4000244,-0.061249733
884.5,-0.067878246
884.6000366,-0.066304684
884.7000122,-0.063491344
884.7999878,-0.070691586
884.9000244,-0.057482719
885,-0.065064907
885.1000366,-0.06005764
885.2000122,-0.068498135
885.2999878,-0.06382513
885.4000244,-0.06330061
885.5,-0.060153008
885.6000366,-0.063491344
885.7000122,-0.058865547
885.7999878,-0.055384636
885.9000244,-0.063348293
886,-0.064015865
886.1000366,-0.06330049
886.2000122,-0.065637112
886.2999878,-0.060200691
886.4000244,-0.063395977
886.5,-0.066876888
886.6000366,-0.062871456
886.7000122,-0.060296059
886.7999878,-0.064063549
886.9000244,-0.064731121
887,-0.060009956
887.1000366,-0.057959557
887.2000122,-0.055098534
887.2999878,-0.056052208
887.4000244,-0.064445019
887.5,-0.066590786
887.6000366,-0.064063549
887.7000122,-0.060725212
887.7999878,-0.053668022
887.9000244,-0.061869621
888,-0.066257
888.1000366,-0.06082058
888.2000122,-0.053811073
888.2999878,-0.060677528
888.4000244,-0.066018581
888.5,-0.060868263
888.6000366,-0.055193901
888.7000122,-0.051760674
888.7999878,-0.059056282
888.9000244,-0.060391426
889,-0.058865547
889.1000366,-0.068593502
889.2000122,-0.056529045
889.2999878,-0.062489986
889.4000244,-0.069404125
889.5,-0.063729763
889.6000366,-0.06210804
889.7000122,-0.060772896
889.7999878,-0.065732479
889.9000244,-0.054097176
890,-0.060343742
890.1000366,-0.067496777
890.2000122,-0.070167065
890.2999878,-0.057530403
890.4000244,-0.062441826
890.5,-0.059437752
890.6000366,-0.058674812
890.7000122,-0.05865097
890.7999878,-0.057816505
890.9000244,-0.058674812
891,-0.058114529
891.1000366,-0.058436394
891.2000122,-0.057530403
891.2999878,-0.060009956
891.4000244,-0.059199333
891.5,-0.063157558
891.6000366,-0.056815147
891.7000122,-0.060963631
891.7999878,-0.063491344
891.9000244,-0.062203407
892,-0.063062191
892.1000366,-0.058484077
892.2000122,-0.061249733
892.2999878,-0.059342384
892.4000244,-0.062203407
892.5,-0.05967617
892.6000366,-0.062298775
892.7000122,-0.05710125
892.7999878,-0.056481361
892.9000244,-0.062012672
893,-0.063920498
893.1000366,-0.063968182
893.2000122,-0.060522795
893.2999878,-0.060865462
893.4000244,-0.059342384
893.5,-0.059628487
893.6000366,-0.07164526
893.7000122,-0.058579445
893.7999878,-0.0703578
893.9000244,-0.066590786
894,-0.062728405
894.1000366,-0.05710125
894.2000122,-0.062680721
894.2999878,-0.065541744
894.4000244,-0.060486794
894.5,-0.071597576
894.6000366,-0.062680721
894.7000122,-0.063491344
894.7999878,-0.067019939
894.9000244,-0.066924572
895,-0.064802527
895.1000366,-0.063634396
895.2000122,-0.061631203
895.2999878,-0.056433678
895.4000244,-0.064397335
895.5,-0.068498135
895.6000366,-0.064874172
895.7000122,-0.060153008
895.7999878,-0.063205242
895.9000244,-0.061631203
896,-0.067306042
896.1000366,-0.057482719
896.2000122,-0.068593502
896.2999878,-0.073743343
896.4000244,-0.066686153
896.5,-0.068784237
896.6000366,-0.065923214
896.7000122,-0.064778805
896.7999878,-0.066352367
896.9000244,-0.062633038
897,-0.0642066
897.1000366,-0.064301968
897.2000122,-0.064909935
897.2999878,-0.066209316
897.4000244,-0.064921856
897.5,-0.06766367
897.6000366,-0.07088232
897.7000122,-0.068641186
897.7999878,-0.069261074
897.9000244,-0.065362692
898,-0.061631203
898.1000366,-0.061917305
898.2000122,-0.063348293
898.2999878,-0.066447735
898.4000244,-0.060009956
898.5,-0.063348293
898.6000366,-0.067735195
898.7000122,-0.074697018
898.7999878,-0.05877018
898.9000244,-0.062823772
899,-0.066781521
899.1000366,-0.066829205
899.2000122,-0.073504925
899.2999878,-0.07202673
899.4000244,-0.073206902
899.5,-0.0703578
899.6000366,-0.076938152
899.7000122,-0.068593502
899.7999878,-0.071335316
899.9000244,-0.070739269
900,-0.069070339
900.1000366,-0.06959486
900.2000122,-0.061392784
900.2999878,-0.070119381
900.4000244,-0.065160275
900.5,-0.065351009
900.6000366,-0.06921339
900.7000122,-0.05838871
900.7999878,-0.073791027
900.9000244,-0.069022655
901,-0.066948295
901.1000366,-0.061058998
901.2000122,-0.063920498
901.2999878,-0.058817863
901.4000244,-0.069547176
901.5,-0.062394142
901.6000366,-0.059914589
901.7000122,-0.064492702
901.7999878,-0.066590786
901.9000244,-0.057673454
902,-0.064492702
902.1000366,-0.060153008
902.2000122,-0.062776089
902.2999878,-0.056862831
902.4000244,-0.066829205
902.5,-0.058627129
902.6000366,-0.069356441
902.7000122,-0.066113949
902.7999878,-0.064766765
902.9000244,-0.065064907
903,-0.058531761
903.1000366,-0.063491344
903.2000122,-0.068974972
903.2999878,-0.062012672
903.4000244,-0.063777447
903.5,-0.073934078
903.6000366,-0.057625771
903.7000122,-0.067592144
903.7999878,-0.064683437
903.9000244,-0.065470219
904,-0.065684795
904.1000366,-0.063920498
904.2000122,-0.066495419
904.2999878,-0.064111114
904.4000244,-0.0642066
904.5,-0.061821938
904.6000366,-0.064826488
904.7000122,-0.052905083
904.7999878,-0.06921339
904.9000244,-0.064063549
905,-0.058341026
905.1000366,-0.068212032
905.2000122,-0.06959486
905.2999878,-0.065970898
905.4000244,-0.059771538
905.5,-0.062394142
905.6000366,-0.067592144
905.7000122,-0.061297417
905.7999878,-0.068259716
905.9000244,-0.066924572
906,-0.065494061
906.1000366,-0.063968182
906.2000122,-0.062823772
906.2999878,-0.062394142
906.4000244,-0.057816505
906.5,-0.055527687
906.6000366,-0.057435036
906.7000122,-0.055670738
906.7999878,-0.066447735
906.9000244,-0.051951408
907,-0.065112591
907.1000366,-0.065255642
907.2000122,-0.068927288
907.2999878,-0.067973614
907.4000244,-0.063682079
907.5,-0.065780163
907.6000366,-0.061821938
907.7000122,-0.060772896
907.7999878,-0.059628487
907.9000244,-0.060343742
908,-0.060915947
908.1000366,-0.06330061
908.2000122,-0.054001808
908.2999878,-0.060629845
908.4000244,-0.058341026
908.5,-0.064683437
908.6000366,-0.061249733
908.7000122,-0.060248375
908.7999878,-0.062012672
908.9000244,-0.053906441
909,-0.060248375
909.1000366,-0.067306042
909.2000122,-0.062394142
909.2999878,-0.056052208
909.4000244,-0.064778805
909.5,-0.062012672
909.6000366,-0.066781521
909.7000122,-0.065684795
909.7999878,-0.066590786
909.9000244,-0.064921856
910,-0.067592144
910.1000366,-0.061058998
910.2000122,-0.058150291
910.2999878,-0.068164349
910.4000244,-0.056052208
910.5,-0.063205242
910.6000366,-0.067258358
910.7000122,-0.066316605
910.7999878,-0.066400051
910.9000244,-0.068402767
911,-0.067472935
911.1000366,-0.067639828
911.2000122,-0.067449093
911.2999878,-0.061774254
911.4000244,-0.060105324
911.5,-0.064683199
911.6000366,-0.068545818
911.7000122,-0.0683074
911.7999878,-0.066113949
911.9000244,-0.067735195
912,-0.065327168
912.1000366,-0.063586712
912.2000122,-0.063872814
912.2999878,-0.070596218
912.4000244,-0.059485435
912.5,-0.070453167
912.6000366,-0.059103966
912.7000122,-0.062585354
912.7999878,-0.059294701
912.9000244,-0.064445019
913,-0.068402767
913.1000366,-0.064075351
913.2000122,-0.062585354
913.2999878,-0.060868263
913.4000244,-0.058817863
913.5,-0.061821938
913.6000366,-0.067162991
913.7000122,-0.057053566
913.7999878,-0.067306042
913.9000244,-0.059247017
914,-0.063777447
914.1000366,-0.06005764
914.2000122,-0.069880962
914.2999878,-0.067115307
914.4000244,-0.063395977
914.5,-0.063491225
914.6000366,-0.06082058
914.7000122,-0.062633038
914.7999878,-0.068927288
914.9000244,-0.069308758
915,-0.067115307
915.1000366,-0.066590786
915.2000122,-0.06663847
915.2999878,-0.06330061
915.4000244,-0.061249733
915.5,-0.071216106
915.6000366,-0.065446377
915.7000122,-0.05633831
915.7999878,-0.072312832
915.9000244,-0.066924572
916,-0.069404125
916.1000366,-0.065637112
916.2000122,-0.069928646
916.2999878,-0.07202673
916.4000244,-0.062489986
916.5,-0.067019939
916.6000366,-0.062346697
916.7000122,-0.061249733
916.7999878,-0.058627129
916.9000244,-0.061297536
917,-0.063205242
917.1000366,-0.06210804
917.2000122,-0.064301968
917.2999878,-0.069880962
917.4000244,-0.065637112
917.5,-0.068068981
917.6000366,-0.071692944
917.7000122,-0.05543232
917.7999878,-0.066686153
917.9000244,-0.054717064
918,-0.070071697
918.1000366,-0.064635754
918.2000122,-0.063729763
918.2999878,-0.062489986
918.4000244,-0.068498135
918.5,-0.062298775
918.6000366,-0.070548534
918.7000122,-0.074840069
918.7999878,-0.067401409
918.9000244,-0.065780163
919,-0.066268921
919.1000366,-0.066686153
919.2000122,-0.065207958
919.2999878,-0.064874172
919.4000244,-0.064874172
919.5,-0.065541744
919.6000366,-0.064921856
919.7000122,-0.064599991
919.7999878,-0.065446377
919.9000244,-0.066152692
920,-0.067496777
920.1000366,-0.067067623
920.2000122,-0.063205242
920.2999878,-0.070167065
920.4000244,-0.063395977
920.5,-0.065303326
920.6000366,-0.060868263
920.7000122,-0.069642544
920.7999878,-0.056195259
920.9000244,-0.068259716
921,-0.055766106
921.1000366,-0.060868263
921.2000122,-0.074792385
921.2999878,-0.063634396
921.4000244,-0.069785595
921.5,-0.063252926
921.6000366,-0.06458807
921.7000122,-0.064742923
921.7999878,-0.062060356
921.9000244,-0.069070339
922,-0.064301968
922.1000366,-0.068068981
922.2000122,-0.062633038
922.2999878,-0.06997633
922.4000244,-0.061392784
922.5,-0.066400051
922.6000366,-0.065064907
922.7000122,-0.060534477
922.7999878,-0.064409137
922.9000244,-0.067210674
923,-0.064826488
923.1000366,-0.062370539
923.2000122,-0.059294701
923.2999878,-0.058150291
923.4000244,-0.068355083
923.5,-0.062871456
923.6000366,-0.067878246
923.7000122,-0.079560757
923.7999878,-0.062155724
923.9000244,-0.067258358
924,-0.056385994
924.1000366,-0.064778805
924.2000122,-0.069785595
924.2999878,-0.068164349
924.4000244,-0.061011314
924.5,-0.068736553
924.6000366,-0.06496954
924.7000122,-0.056767464
924.7999878,-0.068593502
924.9000244,-0.054812431
925,-0.070119381
925.1000366,-0.067162991
925.2000122,-0.070643902
925.2999878,-0.066829205
925.4000244,-0.062585354
925.5,-0.065207958
925.6000366,-0.062024832
925.7000122,-0.059390068
925.7999878,-0.060915947
925.9000244,-0.061106682
926,-0.061297417
926.1000366,-0.061750531
926.2000122,-0.065017223
926.2999878,-0.059580803
926.4000244,-0.07255125
926.5,-0.060534477
926.6000366,-0.064826488
926.7000122,-0.065017223
926.7999878,-0.062012672
926.9000244,-0.058197975
927,-0.059056282
927.1000366,-0.06587553
927.2000122,-0.060677528
927.2999878,-0.068068981
927.4000244,-0.06210804
927.5,-0.066733837
927.6000366,-0.057148933
927.7000122,-0.067353725
927.7999878,-0.058531761
927.9000244,-0.060486794
928,-0.056195259
928.1000366,-0.050187111
928.2000122,-0.064445019
928.2999878,-0.058102608
928.4000244,-0.068879604
928.5,-0.054764748
928.6000366,-0.057387352
928.7000122,-0.061917305
928.7999878,-0.070739269
928.9000244,-0.063062191
929,-0.054240227
929.1000366,-0.066590786
929.2000122,-0.061392784
929.2999878,-0.060725212
929.4000244,-0.063491344
929.5,-0.060343742
929.6000366,-0.061869621
929.7000122,-0.060486794
929.7999878,-0.06043911
929.9000244,-0.056052208
930,-0.06496954
930.1000366,-0.057196617
930.2000122,-0.060105324
930.2999878,-0.051236153
930.4000244,-0.060391426
930.5,-0.052046776
930.6000366,-0.058531761
930.7000122,-0.067592144
930.7999878,-0.060677528
930.9000244,-0.062728405
931,-0.065112591
931.1000366,-0.053143501
931.2000122,-0.063348293
931.2999878,-0.055480003
931.4000244,-0.063014507
931.5,-0.072265148
931.6000366,-0.064731121
931.7000122,-0.067115307
931.7999878,-0.070262432
931.9000244,-0.067210674
932,-0.056862831
932.1000366,-0.067496777
932.2000122,-0.059103966
932.2999878,-0.053715706
932.4000244,-0.057864189
932.5,-0.064397335
932.6000366,-0.058579445
932.7000122,-0.065923214
932.7999878,-0.063348293
932.9000244,-0.072741985
933,-0.062489986
933.1000366,-0.074792385
933.2000122,-0.052475929
933.2999878,-0.070071697
933.4000244,-0.060725212
933.5,-0.058960915
933.6000366,-0.057530403
933.7000122,-0.055336952
933.7999878,-0.05878222
933.9000244,-0.063348293
934,-0.058913231
934.1000366,-0.058627129
934.2000122,-0.06082058
934.2999878,-0.066829205
934.4000244,-0.067830563
934.5,-0.064254284
934.6000366,-0.052189827
934.7000122,-0.064063549
934.7999878,-0.074744701
934.9000244,-0.065398693
935,-0.065732479
935.1000366,-0.064921856
935.2000122,-0.062680721
935.2999878,-0.06587553
935.4000244,-0.063968182
935.5,-0.063348293
935.6000366,-0.064778805
935.7000122,-0.060296059
935.7999878,-0.056290627
935.9000244,-0.060582161
936,-0.067019939
936.1000366,-0.070214748
936.2000122,-0.055718422
936.2999878,-0.073218822
936.4000244,-0.053334236
936.5,-0.065017223
936.6000366,-0.063539028
936.7000122,-0.061631203
936.7999878,-0.064063549
936.9000244,-0.063777447
937,-0.057816505
937.1000366,-0.073886395
937.2000122,-0.063872814
937.2999878,-0.0613451
937.4000244,-0.064051509
937.5,-0.065446377
937.6000366,-0.065541744
937.7000122,-0.06663847
937.7999878,-0.069022655
937.9000244,-0.066543102
938,-0.067306042
938.1000366,-0.064254284
938.2000122,-0.064778805
938.2999878,-0.067401409
938.4000244,-0.064886093
938.5,-0.064063549
938.6000366,-0.06330061
938.7000122,-0.067782879
938.7999878,-0.060534477
938.9000244,-0.071406841
939,-0.068974972
939.1000366,-0.066972256
939.2000122,-0.066590786
939.2999878,-0.069356441
939.4000244,-0.068927288
939.5,-0.066209316
939.6000366,-0.057625771
939.7000122,-0.075316906
939.7999878,-0.067830563
939.9000244,-0.073981762
940,-0.068402767
940.1000366,-0.063539028
940.2000122,-0.073457241
940.2999878,-0.063395977
940.4000244,-0.070214748
940.5,-0.064683437
940.6000366,-0.062394142
940.7000122,-0.069261074
940.7999878,-0.064063549
940.9000244,-0.072122097
941,-0.06210804
941.1000366,-0.060200691
941.2000122,-0.061547875
941.2999878,-0.063109875
941.4000244,-0.060772896
941.5,-0.06792593
941.6000366,-0.059294701
941.7000122,-0.071979046
941.7999878,-0.060629845
941.9000244,-0.061774254
942,-0.06043911
942.1000366,-0.063491344
942.2000122,-0.064111233
942.2999878,-0.062060356
942.4000244,-0.06688869
942.5,-0.06921339
942.6000366,-0.065461129
942.7000122,-0.06330061
942.7999878,-0.062441826
942.9000244,-0.068068981
943,-0.067496777
943.1000366,-0.069928646
943.2000122,-0.071979046
943.2999878,-0.063443661
943.4000244,-0.061583519
943.5,-0.06043911
943.6000366,-0.067353725
943.7000122,-0.070643902
943.7999878,-0.054764748
943.9000244,-0.067639828
944,-0.059437752
944.1000366,-0.068402767
944.2000122,-0.064445019
944.2999878,-0.060009956
944.4000244,-0.064301968
944.5,-0.05505085
944.6000366,-0.060248375
944.7000122,-0.067592144
944.7999878,-0.060963631
944.9000244,-0.067830563
945,-0.070119381
945.1000366,-0.06663847
945.2000122,-0.059390068
945.2999878,-0.065303326
945.4000244,-0.073361874
945.5,-0.069165707
945.6000366,-0.066304684
945.7000122,-0.067496777
945.7999878,-0.067306042
945.9000244,-0.06587553
946,-0.064015865
946.1000366,-0.064683437
946.2000122,-0.064289927
946.2999878,-0.066304684
946.4000244,-0.062155724
946.5,-0.065589428
946.6000366,-0.058531761
946.7000122,-0.068402767
946.7999878,-0.06587553
946.9000244,-0.071311474
947,-0.064492702
947.1000366,-0.060391426
947.2000122,-0.063491344
947.2999878,-0.060772896
947.4000244,-0.063443661
947.5,-0.061524034
947.6000366,-0.06043911
947.7000122,-0.061440468
947.7999878,-0.062465906
947.9000244,-0.065017223
948,-0.062966824
948.1000366,-0.061392784
948.2000122,-0.061774254
948.2999878,-0.064301968
948.4000244,-0.067687511
948.5,-0.067735195
948.6000366,-0.064587951
948.7000122,-0.062776089
948.7999878,-0.060153008
948.9000244,-0.057911873
949,-0.066543102
949.1000366,-0.060629845
949.2000122,-0.06458807
949.2999878,-0.071502209
949.4000244,-0.066924572
949.5,-0.058293343
949.6000366,-0.057625771
949.7000122,-0.059056282
949.7999878,-0.06458807
949.9000244,-0.05466938
950,-0.066352367
950.1000366,-0.069356441
950.2000122,-0.065684676
950.2999878,-0.0613451
950.4000244,-0.065684795
950.5,-0.055003166
950.6000366,-0.068736553
950.7000122,-0.057005882
950.7999878,-0.058913231
950.9000244,-0.065255642
951,-0.068116665
951.1000366,-0.063634396
951.2000122,-0.055289268
951.2999878,-0.06792593
951.4000244,-0.052475929
951.5,-0.064015865
951.6000366,-0.070786953
951.7000122,-0.063539028
951.7999878,-0.056195259
951.9000244,-0.06043911
952,-0.059533119
952.1000366,-0.068641186
952.2000122,-0.05633831
952.2999878,-0.067592144
952.4000244,-0.056385994
952.5,-0.058579445
952.6000366,-0.061392784
952.7000122,-0.063920498
952.7999878,-0.061774254
952.9000244,-0.067019939
953,-0.065827847
953.1000366,-0.057673454
953.2000122,-0.0613451
953.2999878,-0.057148933
953.4000244,-0.068068981
953.5,-0.065970898
953.6000366,-0.062441826
953.7000122,-0.062585354
953.7999878,-0.062489986
953.9000244,-0.060093641
954,-0.059342384
954.1000366,-0.055956841
954.2000122,-0.055003166
954.2999878,-0.058853745
954.4000244,-0.063348293
954.5,-0.061106682
954.6000366,-0.060582161
954.7000122,-0.057911873
954.7999878,-0.06172657
954.9000244,-0.066352367
955,-0.068831921
955.1000366,-0.059771538
955.2000122,-0.061154366
955.2999878,-0.057673454
955.4000244,-0.057387352
955.5,-0.061440706
955.6000366,-0.064492702
955.7000122,-0.066209316
955.7999878,-0.06355083
955.9000244,-0.060153008
956,-0.063348293
956.1000366,-0.070119381
956.2000122,-0.059247017
956.2999878,-0.067830563
956.4000244,-0.054049492
956.5,-0.053477287
956.6000366,-0.068974972
956.7000122,-0.071597576
956.7999878,-0.066590786
956.9000244,-0.076747417
957,-0.0642066
957.1000366,-0.07088232
957.2000122,-0.067162991
957.2999878,-0.0613451
957.4000244,-0.064874172
957.5,-0.063348174
957.6000366,-0.062633038
957.7000122,-0.064540386
957.7999878,-0.066161633
957.9000244,-0.068927288
958,-0.074315548
958.1000366,-0.056576729
958.2000122,-0.064158916
958.2999878,-0.073886395
958.4000244,-0.065637112
958.5,-0.062346458
958.6000366,-0.067592144
958.7000122,-0.063205242
958.7999878,-0.069308758
958.9000244,-0.06792593
959,-0.067878246
959.1000366,-0.068068981
959.2000122,-0.06792593
959.2999878,-0.06921339
959.4000244,-0.066543102
959.5,-0.063586712
959.6000366,-0.058817863
959.7000122,-0.066495419
959.7999878,-0.06921339
959.9000244,-0.076318264
960,-0.067210674
960.1000366,-0.076985836
960.2000122,-0.064254284
960.2999878,-0.067830563
960.4000244,-0.065017223
960.5,-0.075936794
960.6000366,-0.066590786
960.7000122,-0.072646618
960.7999878,-0.064731121
960.9000244,-0.070071697
961,-0.06458807
961.1000366,-0.072312832
961.2000122,-0.06458807
961.2999878,-0.067306042
961.4000244,-0.076842785
961.5,-0.066257
961.6000366,-0.074506283
961.7000122,-0.062680721
961.7999878,-0.057864189
961.9000244,-0.060868263
962,-0.076413631
962.1000366,-0.055766106
962.2000122,-0.070214748
962.2999878,-0.074935436
962.4000244,-0.067687511
962.5,-0.071788311
962.6000366,-0.068068981
962.7000122,-0.067353725
962.7999878,-0.0703578
962.9000244,-0.071073055
963,-0.068545818
963.1000366,-0.066733837
963.2000122,-0.065637112
963.2999878,-0.061821938
963.4000244,-0.062668443
963.5,-0.061583519
963.6000366,-0.061631203
963.7000122,-0.060296059
963.7999878,-0.062251091
963.9000244,-0.073647976
964,-0.059819221
964.1000366,-0.067353725
964.2000122,-0.066066265
964.2999878,-0.066960335
964.4000244,-0.066400051
964.5,-0.068021297
964.6000366,-0.061917305
964.7000122,-0.075507641
964.7999878,-0.060391426
964.9000244,-0.065541744
965,-0.068402767
965.1000366,-0.074649334
965.2000122,-0.064015865
965.2999878,-0.067067623
965.4000244,-0.070500851
965.5,-0.068927288
965.6000366,-0.07665205
965.7000122,-0.068164349
965.7999878,-0.06253767
965.9000244,-0.073600292
966,-0.061583519
966.1000366,-0.067496777
966.2000122,-0.067878246
966.2999878,-0.071979046
966.4000244,-0.069642544
966.5,-0.063872814
966.6000366,-0.069356441
966.7000122,-0.065780163
966.7999878,-0.064397335
966.9000244,-0.065160275
967,-0.063443542
967.1000366,-0.063157558
967.2000122,-0.066090077
967.2999878,-0.069118023
967.4000244,-0.068641186
967.5,-0.067449093
967.6000366,-0.062251091
967.7000122,-0.061821938
967.7999878,-0.066066265
967.9000244,-0.059771538
968,-0.068688869
968.1000366,-0.066972256
968.2000122,-0.064015865
968.2999878,-0.074410915
968.4000244,-0.054764748
968.5,-0.072265148
968.6000366,-0.065923214
968.7000122,-0.063634396
968.7999878,-0.062728405
968.9000244,-0.066686153
969,-0.056481361
969.1000366,-0.070262432
969.2000122,-0.063109875
969.2999878,-0.060677528
969.4000244,-0.061249733
969.5,-0.060749054
969.6000366,-0.059103966
969.7000122,-0.061964989
969.7999878,-0.065255642
969.9000244,-0.063634396
970,-0.060582161
970.1000366,-0.061202049
970.2000122,-0.064254284
970.2999878,-0.06458807
970.4000244,-0.062203407
970.5,-0.063872814
970.6000366,-0.066304684
970.7000122,-0.064349651
970.7999878,-0.063729763
970.9000244,-0.06792593
971,-0.063491344
971.1000366,-0.067401409
971.2000122,-0.065541744
971.2999878,-0.065303326
971.4000244,-0.061821938
971.5,-0.062060356
971.6000366,-0.068831921
971.7000122,-0.062298775
971.7999878,-0.053572655
971.9000244,-0.066304684
972,-0.059723854
972.1000366,-0.053715706
972.2000122,-0.054717064
972.2999878,-0.06330061
972.4000244,-0.058150291
972.5,-0.063777447
972.6000366,-0.055003166
972.7000122,-0.059294701
972.7999878,-0.063062191
972.9000244,-0.057530403
973,-0.058913231
973.1000366,-0.061643362
973.2000122,-0.064826488
973.2999878,-0.065303326
973.4000244,-0.061964989
973.5,-0.065923095
973.6000366,-0.0683074
973.7000122,-0.068116665
973.7999878,-0.066459656
973.9000244,-0.062680721
974,-0.066733837
974.1000366,-0.061535835
974.2000122,-0.060725212
974.2999878,-0.060868263
974.4000244,-0.060725212
974.5,-0.060486794
974.6000366,-0.065637112
974.7000122,-0.066650271
974.7999878,-0.071835995
974.9000244,-0.068641186
975,-0.062680721
975.1000366,-0.054907799
975.2000122,-0.058877587
975.2999878,-0.058865547
975.4000244,-0.059056282
975.5,-0.06210804
975.6000366,-0.064635754
975.7000122,-0.063872814
975.7999878,-0.066400051
975.9000244,-0.064826488
976,-0.063682079
976.1000366,-0.065541744
976.2000122,-0.061202049
976.2999878,-0.063395977
976.4000244,-0.069070339
976.5,-0.069928646
976.6000366,-0.06817627
976.7000122,-0.065637112
976.7999878,-0.068068981
976.9000244,-0.06997633
977,-0.064730883
977.1000366,-0.061821938
977.2000122,-0.059056282
977.2999878,-0.062776089
977.4000244,-0.057435036
977.5,-0.055718422
977.6000366,-0.061941385
977.7000122,-0.065970898
977.7999878,-0.068641186
977.9000244,-0.063539028
978,-0.073600292
978.1000366,-0.064349651
978.2000122,-0.067639828
978.2999878,-0.064540386
978.4000244,-0.051665306
978.5,-0.062012672
978.6000366,-0.071025372
978.7000122,-0.063872814
978.7999878,-0.061821938
978.9000244,-0.069356441
979,-0.062203407
979.1000366,-0.066781521
979.2000122,-0.068402767
979.2999878,-0.070405483
979.4000244,-0.062489986
979.5,-0.065970898
979.6000366,-0.068831921
979.7000122,-0.070405483
979.7999878,-0.066924572
979.9000244,-0.064921856
980,-0.072074413
980.1000366,-0.066972256
980.2000122,-0.074077129
980.2999878,-0.070977688
980.4000244,-0.068736553
980.5,-0.061106682
980.6000366,-0.071931362
980.7000122,-0.066495419
980.7999878,-0.06663847
980.9000244,-0.066352367
981,-0.065398693
981.1000366,-0.066876888
981.2000122,-0.066257
981.2999878,-0.064945698
981.4000244,-0.063634396
981.5,-0.063014507
981.6000366,-0.064993382
981.7000122,-0.066924572
981.7999878,-0.066400051
981.9000244,-0.067592144
982,-0.066781521
982.1000366,-0.059485435
982.2000122,-0.065494061
982.2999878,-0.071549892
982.4000244,-0.064731121
982.5,-0.0703578
982.6000366,-0.069070339
982.7000122,-0.0667696
982.7999878,-0.063920498
982.9000244,-0.063729763
983,-0.073361874
983.1000366,-0.069833279
983.2000122,-0.064015865
983.2999878,-0.067592144
983.4000244,-0.072837353
983.5,-0.0683074
983.6000366,-0.068736553
983.7000122,-0.066543102
983.7999878,-0.064015865
983.9000244,-0.065112591
984,-0.06445694
984.1000366,-0.064874172
984.2000122,-0.06382513
984.2999878,-0.070071697
984.4000244,-0.073218822
984.5,-0.068498135
984.6000366,-0.060248375
984.7000122,-0.068259716
984.7999878,-0.063395977
984.9000244,-0.061869621
985,-0.0642066
985.1000366,-0.067401409
985.2000122,-0.061678886
985.2999878,-0.065207958
985.4000244,-0.060391426
985.5,-0.06253767
985.6000366,-0.067258358
985.7000122,-0.061297417
985.7999878,-0.055480003
985.9000244,-0.057768822
986,-0.058078766
986.1000366,-0.060391426
986.2000122,-0.058674812
986.2999878,-0.06253767
986.4000244,-0.066495419
986.5,-0.054717064
986.6000366,-0.059533119
986.7000122,-0.06071353
986.7999878,-0.064015865
986.9000244,-0.06458807
987,-0.070453167
987.1000366,-0.056385994
987.2000122,-0.064731121
987.2999878,-0.057387352
987.4000244,-0.066113949
987.5,-0.062966824
987.6000366,-0.067878246
987.7000122,-0.068402767
987.7999878,-0.065303206
987.9000244,-0.061821938
988,-0.063109875
988.1000366,-0.067496777
988.2000122,-0.065303326
988.2999878,-0.06715107
988.4000244,-0.068355083
988.5,-0.067449093
988.6000366,-0.068402767
988.7000122,-0.066602707
988.7999878,-0.063491344
988.9000244,-0.067067623
989,-0.054860115
989.1000366,-0.064349651
989.2000122,-0.061058998
989.2999878,-0.075221539
989.4000244,-0.059866905
989.5,-0.070119381
989.6000366,-0.063157558
989.7000122,-0.067639828
989.7999878,-0.070930004
989.9000244,-0.051045418
990,-0.059342384
990.1000366,-0.073743343
990.2000122,-0.059580803
990.2999878,-0.068116665
990.4000244,-0.053668022
990.5,-0.06382513
990.6000366,-0.057911873
990.7000122,-0.06005764
990.7999878,-0.06340766
990.9000244,-0.066781521
991,-0.068879604
991.1000366,-0.066781521
991.2000122,-0.050473213
991.2999878,-0.068068981
991.4000244,-0.057673454
991.5,-0.068402767
991.6000366,-0.055384636
991.7000122,-0.063491344
991.7999878,-0.062298775
991.9000244,-0.061297417
992,-0.059533119
992.1000366,-0.064218283
992.2000122,-0.068068981
992.2999878,-0.067973614
992.4000244,-0.060009956
992.5,-0.066543102
992.6000366,-0.059628487
992.7000122,-0.055909157
992.7999878,-0.063252926
992.9000244,-0.073361874
993,-0.061678886
993.1000366,-0.06291914
993.2000122,-0.062144041
993.2999878,-0.063237965
993.4000244,-0.063443661
993.5,-0.064445019
993.6000366,-0.062167883
993.7000122,-0.059533119
993.7999878,-0.061249733
993.9000244,-0.062012672
994,-0.060677528
994.1000366,-0.061714649
994.2000122,-0.062298775
994.2999878,-0.063178182
994.4000244,-0.0642066
994.5,-0.064492702
994.6000366,-0.060868263
994.7000122,-0.060296059
994.7999878,-0.064540386
994.9000244,-0.063920498
995,-0.062179804
995.1000366,-0.06005764
995.2000122,-0.060200691
995.2999878,-0.055289268
995.4000244,-0.06330061
995.5,-0.058627129
995.6000366,-0.061392784
995.7000122,-0.062155724
995.7999878,-0.0703578
995.9000244,-0.057768822
996,-0.071216106
996.1000366,-0.059962273
996.2000122,-0.063157558
996.2999878,-0.057339668
996.4000244,-0.063109875
996.5,-0.055098534
996.6000366,-0.062966824
996.7000122,-0.06458807
996.7999878,-0.058579445
996.9000244,-0.063157558
997,-0.06792593
997.1000366,-0.062585354
997.2000122,-0.066876888
997.2999878,-0.056052208
997.4000244,-0.063777447
997.5,-0.067162991
997.6000366,-0.05710125
997.7000122,-0.056290627
997.7999878,-0.059771657
997.9000244,-0.062203407
998,-0.063491344
998.1000366,-0.062728405
998.2000122,-0.057673454
998.2999878,-0.065160275
998.4000244,-0.056672096
998.5,-0.052857399
998.6000366,-0.068355083
998.7000122,-0.068545818
998.7999878,-0.059485435
998.9000244,-0.071788311
999,-0.060343742
999.1000366,-0.065827847
999.2000122,-0.067449093
999.2999878,-0.057196617
999.4000244,-0.051760674
999.5,-0.064731121
999.6000366,-0.071216106
999.7000122,-0.062489986
999.7999878,-0.062776089
999.9000244,-0.062633038
1000,-0.054097176
1000.100037,-0.059771538
1000.200012,-0.071979046
1000.299988,-0.067067623
1000.400024,-0.063968182
1000.5,-0.063443661
1000.600037,-0.062823772
1000.700012,-0.063026309
1000.799988,-0.061488152
1000.900024,-0.064349651
1001,-0.073123455
1001.100037,-0.068831921
1001.200012,-0.059866905
1001.299988,-0.063395977
1001.400024,-0.05877018
1001.5,-0.067878246
1001.600037,-0.055336952
1001.700012,-0.074220181
1001.799988,-0.065970898
1001.900024,-0.06043911
1002,-0.063443661
1002.100037,-0.06381309
1002.200012,-0.066400051
1002.299988,-0.06496954
1002.400024,-0.066257
1002.5,-0.065827847
1002.600037,-0.067830563
1002.700012,-0.06587553
1002.799988,-0.07088232
1002.900024,-0.065446377
1003,-0.062346458
1003.100037,-0.059294701
1003.200012,-0.072789669
1003.299988,-0.06005764
1003.400024,-0.071692944
1003.5,-0.062441826
1003.600037,-0.058674812
1003.700012,-0.069022655
1003.799988,-0.068259716
1003.900024,-0.067902088
1004,-0.068468332
1004.100037,-0.069499493
1004.200012,-0.068212032
1004.299988,-0.067115307
1004.400024,-0.066066265
1004.5,-0.065207958
1004.600037,-0.061154366
1004.700012,-0.052952766
1004.799988,-0.061058998
1004.900024,-0.065112591
1005,-0.067210674
1005.100037,-0.070643902
1005.200012,-0.063014507
1005.299988,-0.058531761
1005.400024,-0.064921856
1005.5,-0.062871456
1005.600037,-0.064540386
1005.700012,-0.062871456
1005.799988,-0.065303326
1005.900024,-0.063443661
1006,-0.069308758
1006.100037,-0.073409557
1006.200012,-0.075555325
1006.299988,-0.072360516
1006.400024,-0.066257
1006.5,-0.066447735
1006.600037,-0.067580223
1006.700012,-0.06792593
1006.799988,-0.069690228
1006.900024,-0.06663847
1007,-0.071359158
1007.100037,-0.069928646
1007.200012,-0.069022655
1007.299988,-0.069690228
1007.400024,-0.072074413
1007.5,-0.071287632
1007.600037,-0.069022655
1007.700012,-0.065428257
1007.799988,-0.060534477
1007.900024,-0.060868263
1008,-0.063908339
1008.100037,-0.066972256
1008.200012,-0.067258358
1008.299988,-0.074267864
1008.400024,-0.072122097
1008.5,-0.064731121
1008.600037,-0.062251091
1008.700012,-0.062012672
1008.799988,-0.067162991
1008.900024,-0.068199992
1009,-0.070548534
1009.100037,-0.068256706
1009.200012,-0.066972256
1009.299988,-0.067306042
1009.400024,-0.064063549
1009.5,-0.067878246
1009.600037,-0.070548534
1009.700012,-0.072122097
1009.799988,-0.065780163
1009.900024,-0.06458807
1010,-0.066161633
1010.100037,-0.075650692
1010.200012,-0.071073055
1010.299988,-0.061011314
1010.400024,-0.069880962
1010.5,-0.066781521
1010.600037,-0.067830563
1010.700012,-0.073504925
1010.799988,-0.066972256
1010.900024,-0.056004524
1011,-0.072122097
1011.100037,-0.067449093
1011.200012,-0.070405483
1011.299988,-0.05710125
1011.400024,-0.063872814
1011.5,-0.067782879
1011.600037,-0.060629845
1011.700012,-0.067639828
1011.799988,-0.062489986
1011.900024,-0.061309576
1012,-0.058054924
1012.100037,-0.057053566
1012.200012,-0.055956841
1012.299988,-0.059151649
1012.400024,-0.064063549
1012.5,-0.059866905
1012.600037,-0.064301968
1012.700012,-0.071168423
1012.799988,-0.05505085
1012.900024,-0.061106682
1013,-0.059437752
1013.100037,-0.056433678
1013.200012,-0.060606241
1013.299988,-0.063872814
1013.400024,-0.062680721
1013.5,-0.061535835
1013.600037,-0.060534596
1013.700012,-0.058722496
1013.799988,-0.059199333
1013.900024,-0.059390068
1014,-0.070453167
1014.100037,-0.054335594
1014.200012,-0.063920498
1014.299988,-0.058054924
1014.400024,-0.058245659
1014.5,-0.061202049
1014.600037,-0.055956841
1014.700012,-0.06496954
1014.799988,-0.0683074
1014.900024,-0.06172657
1015,-0.05877018
1015.100037,-0.061964989
1015.200012,-0.058674812
1015.299988,-0.056624413
1015.400024,-0.057339668
1015.5,-0.059342504
1015.600037,-0.059723854
1015.700012,-0.063682079
1015.799988,-0.0642066
1015.900024,-0.064015865
1016,-0.059103966
1016.100037,-0.056815147
1016.200012,-0.05800724
1016.299988,-0.054860115
1016.400024,-0.05812645
1016.5,-0.060296059
1016.600037,-0.059342384
1016.700012,-0.059390068
1016.799988,-0.057482719
1016.900024,-0.06043911
1017,-0.068116665
1017.100037,-0.060486794
1017.200012,-0.066733837
1017.299988,-0.063395977
1017.400024,-0.063729763
1017.5,-0.063062191
1017.600037,-0.059533119
1017.700012,-0.058150291
1017.799988,-0.05877018
1017.900024,-0.059127808
1018,-0.06082058
1018.100037,-0.05877018
1018.200012,-0.057637691
1018.299988,-0.058630109
1018.400024,-0.05800724
1018.5,-0.060105324
1018.600037,-0.065207958
1018.700012,-0.064158916
1018.799988,-0.063252926
1018.900024,-0.063193202
1019,-0.062155724
1019.100037,-0.063205242
1019.200012,-0.061106682
1019.299988,-0.060939908
1019.400024,-0.060963631
1019.5,-0.064510375
1019.600037,-0.067973614
1019.700012,-0.068164349
1019.799988,-0.071359158
1019.900024,-0.068021297
1020,-0.063872814
1020.100037,-0.061297417
1020.200012,-0.068450451
1020.299988,-0.068068981
1020.400024,-0.061774254
1020.5,-0.063586712
1020.600037,-0.061249733
1020.700012,-0.058627129
1020.799988,-0.067592144
1020.900024,-0.07536459
1021,-0.071025372
1021.100037,-0.06082058
1021.200012,-0.058197975
1021.299988,-0.062633038
1021.400024,-0.07498312
1021.5,-0.062680721
1021.600037,-0.069451809
1021.700012,-0.061202049
1021.799988,-0.063682079
1021.900024,-0.065446377
1022,-0.067449093
1022.100037,-0.071597576
1022.200012,-0.069261074
1022.299988,-0.067496777
1022.400024,-0.074506283
1022.5,-0.061631203
1022.600037,-0.07498312
1022.700012,-0.066972256
1022.799988,-0.062728405
1022.900024,-0.064349651
1023,-0.066090107
1023.100037,-0.06997633
1023.200012,-0.067306042
1023.299988,-0.057625771
1023.400024,-0.071692944
1023.5,-0.058341026
1023.600037,-0.059247017
1023.700012,-0.067592144
1023.799988,-0.060629845
1023.900024,-0.06587553
1024,-0.061821938
1024.099976,-0.071120739
1024.200073,-0.068402767
1024.300049,-0.071454525
1024.400024,-0.063777447
1024.5,-0.068927288
1024.599976,-0.062728405
1024.700073,-0.058293343
1024.800049,-0.063062191
1024.900024,-0.064445019
1025,-0.063753605
1025.099976,-0.064540386
1025.200073,-0.062966824
1025.300049,-0.062776089
1025.400024,-0.066352367
1025.5,-0.069690228
1025.599976,-0.063634396
1025.700073,-0.065398693
1025.800049,-0.065446377
1025.900024,-0.064158916
1026,-0.065863609
1026.099976,-0.065732479
1026.200073,-0.068116665
1026.300049,-0.076938152
1026.400024,-0.070643902
1026.5,-0.06330061
1026.599976,-0.066829205
1026.700073,-0.063872814
1026.800049,-0.074077129
1026.900024,-0.071979046
1027,-0.059723854
1027.099976,-0.072598934
1027.200073,-0.064874172
1027.300049,-0.056099892
1027.400024,-0.054097176
1027.5,-0.056672096
1027.599976,-0.051951408
1027.700073,-0.054049492
1027.800049,-0.057148933
1027.900024,-0.061631203
1028,-0.059723854
1028.099976,-0.057721138
1028.200073,-0.056385994
1028.300049,-0.056147575
1028.400024,-0.061869621
1028.5,-0.055670738
1028.599976,-0.063014507
1028.700073,-0.062346458
1028.800049,-0.060963631
1028.900024,-0.056958199
1029,-0.054764748
1029.099976,-0.056958199
1029.200073,-0.060725212
1029.300049,-0.060486794
1029.400024,-0.061929464
1029.5,-0.063682079
1029.599976,-0.062823772
1029.700073,-0.059962273
1029.800049,-0.057387352
1029.900024,-0.058817863
1030,-0.057196617
1030.099976,-0.064063549
1030.200073,-0.061011314
1030.300049,-0.055146217
1030.400024,-0.065589428
1030.5,-0.048947334
1030.599976,-0.065732479
1030.700073,-0.058960915
1030.800049,-0.06005764
1030.900024,-0.065541744
1031,-0.055861473
1031.099976,-0.06253767
1031.200073,-0.057291985
1031.300049,-0.056433678
1031.400024,-0.064921856
1031.5,-0.057613969
1031.599976,-0.055575371
1031.700073,-0.053524971
1031.800049,-0.06043911
1031.900024,-0.06587553
1032,-0.053238869
1032.099976,-0.064397335
1032.200073,-0.062060356
1032.300049,-0.060868263
1032.400024,-0.057673454
1032.5,-0.060129166
1032.599976,-0.061058998
1032.700073,-0.060915947
1032.800049,-0.069022655
1032.900024,-0.060772896
1033,-0.068259716
1033.099976,-0.059151649
1033.200073,-0.063586712
1033.300049,-0.063777447
1033.400024,-0.064397335
1033.5,-0.064826488
1033.599976,-0.065756321
1033.700073,-0.066304684
1033.800049,-0.067496777
1033.900024,-0.070214748
1034,-0.067735195
1034.099976,-0.068402767
1034.200073,-0.067162991
1034.300049,-0.066018581
1034.400024,-0.068545818
1034.5,-0.064731121
1034.599976,-0.065398693
1034.700073,-0.06921339
1034.800049,-0.066352367
1034.900024,-0.06082058
1035,-0.064826488
1035.099976,-0.054526329
1035.200073,-0.067735195
1035.300049,-0.063109875
1035.400024,-0.067449093
1035.5,-0.072646618
1035.599976,-0.068212032
1035.700073,-0.066876888
1035.800049,-0.061810255
1035.900024,-0.056815147
1036,-0.055336952
1036.099976,-0.058627129
1036.200073,-0.065589428
1036.300049,-0.064158916
1036.400024,-0.061631203
1036.5,-0.066257
1036.599976,-0.059723854
1036.700073,-0.063443661
1036.800049,-0.057435036
1036.900024,-0.064683437
1037,-0.065541744
1037.099976,-0.062251091
1037.200073,-0.064862132
1037.300049,-0.064778805
1037.400024,-0.066876888
1037.5,-0.058436394
1037.599976,-0.066352367
1037.700073,-0.059008598
1037.800049,-0.064063549
1037.900024,-0.067782879
1038,-0.066066265
1038.099976,-0.070977688
1038.200073,-0.065780163
1038.300049,-0.061917305
1038.400024,-0.058674812
1038.5,-0.055289268
1038.599976,-0.063383818
1038.700073,-0.069547176
1038.800049,-0.070024014
1038.900024,-0.065780163
1039,-0.06082058
1039.099976,-0.064301968
1039.200073,-0.072169781
1039.300049,-0.062871456
1039.400024,-0.071502209
1039.5,-0.058054924
1039.599976,-0.066972256
1039.700073,-0.072837353
1039.800049,-0.061202049
1039.900024,-0.064921856
1040,-0.072122097
1040.099976,-0.069261074
1040.200073,-0.069070339
1040.300049,-0.069308758
1040.400024,-0.065589428
1040.5,-0.059580803
1040.599976,-0.059247017
1040.700073,-0.068831921
1040.800049,-0.069690228
1040.900024,-0.070024014
1041,-0.063157558
1041.099976,-0.068164349
1041.200073,-0.072646618
1041.300049,-0.063157558
1041.400024,-0.072741985
1041.5,-0.070930004
1041.599976,-0.067246318
1041.700073,-0.062012672
1041.800049,-0.06330061
1041.900024,-0.062322736
1042,-0.062203407
1042.099976,-0.061774254
1042.200073,-0.062668562
1042.300049,-0.062871456
1042.400024,-0.06382513
1042.5,-0.066972256
1042.599976,-0.076127529
1042.700073,-0.060200691
1042.800049,-0.068116665
1042.900024,-0.062394142
1043,-0.063062191
1043.099976,-0.065839648
1043.200073,-0.067449093
1043.300049,-0.070453167
1043.400024,-0.060725212
1043.5,-0.073361874
1043.599976,-0.050568581
1043.700073,-0.073171139
1043.800049,-0.068116665
1043.900024,-0.058484077
1044,-0.067735195
1044.099976,-0.072646618
1044.200073,-0.067067623
1044.300049,-0.062489986
1044.400024,-0.062585354
1044.5,-0.068879604
1044.599976,-0.074077129
1044.700073,-0.068927288
1044.800049,-0.063729763
1044.900024,-0.067067623
1045,-0.063777447
1045.099976,-0.063205242
1045.200073,-0.063729763
1045.300049,-0.068498135
1045.400024,-0.064826488
1045.5,-0.066972256
1045.599976,-0.068259716
1045.700073,-0.069308758
1045.800049,-0.0683074
1045.900024,-0.06172657
1046,-0.071073055
1046.099976,-0.062346458
1046.200073,-0.06382513
1046.300049,-0.066018581
1046.400024,-0.066829205
1046.5,-0.064003706
1046.599976,-0.061202049
1046.700073,-0.061964989
1046.800049,-0.067878246
1046.900024,-0.072980404
1047,-0.066066265
1047.099976,-0.068164349
1047.200073,-0.06959486
1047.300049,-0.065446377
1047.400024,-0.058484077
1047.5,-0.057959557
1047.599976,-0.063062191
1047.700073,-0.064111233
1047.800049,-0.064778805
1047.900024,-0.062489986
1048,-0.066161633
1048.099976,-0.058436394
1048.200073,-0.060582161
1048.300049,-0.066304684
1048.400024,-0.057387352
1048.5,-0.063729763
1048.599976,-0.075984478
1048.700073,-0.070691586
1048.800049,-0.064015865
1048.900024,-0.059533119
1049,-0.061249733
1049.099976,-0.060725212
1049.200073,-0.063014507
1049.300049,-0.06382513
1049.400024,-0.063777447
1049.5,-0.064158916
1049.599976,-0.064111233
1049.700073,-0.066876888
1049.800049,-0.071120739
1049.900024,-0.062823772
1050,-0.065637112
1050.099976,-0.061488152
1050.200073,-0.071692944
1050.300049,-0.056767464
1050.400024,-0.070977688
1050.5,-0.063109875
1050.599976,-0.059103966
1050.700073,-0.063872814
1050.800049,-0.068688869
1050.900024,-0.056576729
1051,-0.063443661
1051.099976,-0.068450451
1051.200073,-0.070262432
1051.300049,-0.068629265
1051.400024,-0.067878246
1051.5,-0.06792593
1051.599976,-0.061058998
1051.700073,-0.056624413
1051.800049,-0.06253767
1051.900024,-0.06043911
1052,-0.0642066
1052.099976,-0.070977688
1052.200073,-0.070930004
1052.300049,-0.072122097
1052.400024,-0.067389488
1052.5,-0.063014507
1052.599976,-0.063491344
1052.700073,-0.060915947
1052.800049,-0.059103966
1052.900024,-0.064731121
1053,-0.070119381
1053.099976,-0.060629845
1053.200073,-0.066018581
1053.300049,-0.060677528
1053.400024,-0.060296059
1053.5,-0.064206362
1053.599976,-0.06754446
1053.700073,-0.0683074
1053.800049,-0.06663847
1053.900024,-0.063682079
1054,-0.063968062
1054.099976,-0.062203407
1054.200073,-0.063348293
1054.300049,-0.065494061
1054.400024,-0.059151649
1054.5,-0.072789669
1054.599976,-0.061869621
1054.700073,-0.06082058
1054.800049,-0.061774254
1054.900024,-0.059390068
1055,-0.064111233
1055.099976,-0.066781521
1055.200073,-0.059008598
1055.300049,-0.05800724
1055.400024,-0.063777447
1055.5,-0.063348293
1055.599976,-0.071931362
1055.700073,-0.047802925
1055.800049,-0.069547176
1055.900024,-0.062633038
1056,-0.065494061
1056.099976,-0.065684795
1056.200073,-0.054574013
1056.300049,-0.068212032
1056.400024,-0.060009956
1056.5,-0.057721138
1056.599976,-0.065684795
1056.700073,-0.060582161
1056.800049,-0.066352367
1056.900024,-0.069928646
1057,-0.069928646
1057.099976,-0.06291914
1057.200073,-0.065958977
1057.300049,-0.064301968
1057.400024,-0.066686153
1057.5,-0.064874172
1057.599976,-0.065589309
1057.700073,-0.061774254
1057.800049,-0.069022655
1057.900024,-0.062298775
1058,-0.064683437
1058.099976,-0.063968182
1058.200073,-0.062060356
1058.300049,-0.060248375
1058.400024,-0.054812431
1058.5,-0.070977688
1058.599976,-0.056242943
1058.700073,-0.063872814
1058.800049,-0.066209316
1058.900024,-0.065827847
1059,-0.055956841
1059.099976,-0.060343742
1059.200073,-0.069165707
1059.300049,-0.059962273
1059.400024,-0.05671978
1059.5,-0.065398693
1059.599976,-0.064921856
1059.700073,-0.065923214
1059.800049,-0.061202049
1059.900024,-0.071168423
1060,-0.064254284
1060.099976,-0.067687511
1060.200073,-0.066686153
1060.300049,-0.066209316
1060.400024,-0.065732479
1060.5,-0.064731121
1060.599976,-0.068927288
1060.700073,-0.062298775
1060.800049,-0.065303326
1060.900024,-0.0642066
1061,-0.064397335
1061.099976,-0.066590786
1061.200073,-0.067246437
1061.300049,-0.070262432
1061.400024,-0.067735195
1061.5,-0.063634396
1061.599976,-0.067592144
1061.700073,-0.063157558
1061.800049,-0.06921339
1061.900024,-0.070167065
1062,-0.069499493
1062.099976,-0.068688869
1062.200073,-0.073743343
1062.300049,-0.068974972
1062.400024,-0.063920498
1062.5,-0.06496954
1062.599976,-0.063491344
1062.700073,-0.059103966
1062.800049,-0.069165707
1062.900024,-0.063968182
1063,-0.071883678
1063.099976,-0.062298775
1063.200073,-0.065064907
1063.300049,-0.056624413
1063.400024,-0.06663847
1063.5,-0.062776089
1063.599976,-0.066733837
1063.700073,-0.068450451
1063.800049,-0.063539028
1063.900024,-0.058197975
1064,-0.065351009
1064.099976,-0.065732479
1064.200073,-0.064445019
1064.300049,-0.063014507
1064.400024,-0.078225613
1064.5,-0.073791027
1064.599976,-0.065351009
1064.700073,-0.069499493
1064.800049,-0.059485435
1064.900024,-0.062966824
1065,-0.067878246
1065.099976,-0.063109875
1065.200073,-0.071931362
1065.300049,-0.062155724
1065.400024,-0.065446377
1065.5,-0.060296059
1065.599976,-0.066590786
1065.700073,-0.06997633
1065.800049,-0.064540386
1065.900024,-0.068545818
1066,-0.060343742
1066.099976,-0.064921856
1066.200073,-0.064158916
1066.300049,-0.065398693
1066.400024,-0.064063549
1066.5,-0.066161633
1066.599976,-0.057196617
1066.700073,-0.070167065
1066.800049,-0.065780163
1066.900024,-0.058341026
1067,-0.058865547
1067.099976,-0.063777447
1067.200073,-0.061774254
1067.300049,-0.069308758
1067.400024,-0.077176571
1067.5,-0.062394142
1067.599976,-0.073171139
1067.700073,-0.069499493
1067.800049,-0.066733837
1067.900024,-0.063634396
1068,-0.070024014
1068.099976,-0.068116665
1068.200073,-0.063920498
1068.300049,-0.064766765
1068.400024,-0.06458807
1068.5,-0.062441826
1068.599976,-0.061440468
1068.700073,-0.065064907
1068.800049,-0.067401409
1068.900024,-0.068402767
1069,-0.062155724
1069.099976,-0.05967617
1069.200073,-0.063777447
1069.300049,-0.06496954
1069.400024,-0.062251091
1069.5,-0.061011314
1069.599976,-0.066066265
1069.700073,-0.066161633
1069.800049,-0.066876888
1069.900024,-0.056815147
1070,-0.064397335
1070.099976,-0.07331419
1070.200073,-0.062680721
1070.300049,-0.066352367
1070.400024,-0.063157558
1070.5,-0.068402767
1070.599976,-0.070739269
1070.700073,-0.068641186
1070.800049,-0.060200691
1070.900024,-0.059199333
1071,-0.061488271
1071.099976,-0.061774254
1071.200073,-0.064778805
1071.300049,-0.065303326
1071.400024,-0.067496777
1071.5,-0.070453167
1071.599976,-0.063586712
1071.700073,-0.059342384
1071.800049,-0.057053566
1071.900024,-0.059008598
1072,-0.073791027
1072.099976,-0.052285194
1072.200073,-0.063109875
1072.300049,-0.063777447
1072.400024,-0.062573314
1072.5,-0.058627129
1072.599976,-0.064778805
1072.700073,-0.06253767
1072.800049,-0.060153008
1072.900024,-0.062680721
1073,-0.064945579
1073.099976,-0.06792593
1073.200073,-0.062972516
1073.300049,-0.059723854
1073.400024,-0.059294701
1073.5,-0.060820699
1073.599976,-0.061678886
1073.700073,-0.062585354
1073.800049,-0.064635754
1073.900024,-0.052857399
1074,-0.074697018
1074.099976,-0.066257
1074.200073,-0.063920498
1074.300049,-0.066841125
1074.400024,-0.068402767
1074.5,-0.068784237
1074.599976,-0.062966824
1074.700073,-0.059008598
1074.800049,-0.06330061
1074.900024,-0.068641186
1075,-0.069880962
1075.099976,-0.063348293
1075.200073,-0.058436394
1075.300049,-0.058913231
1075.400024,-0.05928278
1075.5,-0.059628487
1075.599976,-0.060153008
1075.700073,-0.059783459
1075.800049,-0.060105324
1075.900024,-0.059247017
1076,-0.058865547
1076.099976,-0.058722496
1076.200073,-0.058341026
1076.300049,-0.064754725
1076.400024,-0.07088232
1076.5,-0.071073055
1076.599976,-0.056099892
1076.700073,-0.058722496
1076.800049,-0.073075771
1076.900024,-0.056195259
1077,-0.065541744
1077.099976,-0.057816505
1077.200073,-0.059628487
1077.300049,-0.057530403
1077.400024,-0.058484077
1077.5,-0.059199333
1077.599976,-0.061094999
1077.700073,-0.063062191
1077.800049,-0.063634396
1077.900024,-0.062060356
1078,-0.061297417
1078.099976,-0.063157558
1078.200073,-0.062346697
1078.300049,-0.061917305
1078.400024,-0.063014507
1078.5,-0.063872814
1078.599976,-0.063634396
1078.700073,-0.063872814
1078.800049,-0.063014507
1078.900024,-0.061810255
1079,-0.061154366
1079.099976,-0.059199333
1079.200073,-0.073504925
1079.300049,-0.063348293
1079.400024,-0.056004524
1079.5,-0.061488152
1079.599976,-0.06382513
1079.700073,-0.062728405
1079.800049,-0.064981461
1079.900024,-0.067210674
1080,-0.066161633
1080.099976,-0.06328845
1080.200073,-0.060486794
1080.300049,-0.059294701
1080.400024,-0.061381102
1080.5,-0.063252926
1080.599976,-0.062489986
1080.700073,-0.063539028
1080.800049,-0.063527107
1080.900024,-0.063157558
1081,-0.05763495
1081.099976,-0.050473213
1081.200073,-0.05338192
1081.300049,-0.064445019
1081.400024,-0.065303326
1081.5,-0.053811073
1081.599976,-0.062585354
1081.700073,-0.070071697
1081.800049,-0.067019939
1081.900024,-0.06082058
1082,-0.063586712
1082.099976,-0.060200691
1082.200073,-0.059056282
1082.300049,-0.054907799
1082.400024,-0.062203407
1082.5,-0.057244301
1082.599976,-0.070262432
1082.700073,-0.066113949
1082.800049,-0.0613451
1082.900024,-0.065923214
1083,-0.068593502
1083.099976,-0.059294701
1083.200073,-0.061631203
1083.300049,-0.065970898
1083.400024,-0.065017223
1083.5,-0.063634396
1083.599976,-0.063157558
1083.700073,-0.062883258
1083.800049,-0.063792318
1083.900024,-0.064111233
1084,-0.065017223
1084.099976,-0.065398693
1084.200073,-0.065196037
1084.300049,-0.063014507
1084.400024,-0.067353725
1084.5,-0.072217464
1084.599976,-0.063777447
1084.700073,-0.066543102
1084.800049,-0.058674812
1084.900024,-0.061678886
1085,-0.054335594
1085.099976,-0.060153008
1085.200073,-0.063014507
1085.300049,-0.065446377
1085.400024,-0.062251091
1085.5,-0.054430962
1085.599976,-0.072789669
1085.700073,-0.059771538
1085.800049,-0.061392784
1085.900024,-0.063920498
1086,-0.066352367
1086.099976,-0.060963631
1086.200073,-0.065637112
1086.300049,-0.067210674
1086.400024,-0.064778805
1086.5,-0.065351009
1086.599976,-0.057244301
1086.700073,-0.055861473
1086.800049,-0.062489986
1086.900024,-0.065923214
1087,-0.068545818
1087.099976,-0.060534477
1087.200073,-0.062585354
1087.300049,-0.065446377
1087.400024,-0.06210804
1087.5,-0.060725212
1087.599976,-0.055956841
1087.700073,-0.05903244
1087.800049,-0.059914589
1087.900024,-0.059533119
1088,-0.060391426
1088.099976,-0.062823772
1088.200073,-0.062251091
1088.300049,-0.057435036
1088.400024,-0.058484077
1088.5,-0.056099892
1088.599976,-0.058150291
1088.700073,-0.059962273
1088.800049,-0.067115307
1088.900024,-0.054240227
1089,-0.063586712
1089.099976,-0.059962273
1089.200073,-0.068259716
1089.300049,-0.062489986
1089.400024,-0.070214748
1089.5,-0.063729763
1089.599976,-0.06082058
1089.700073,-0.068641186
1089.800049,-0.063586712
1089.900024,-0.061583519
1090,-0.064635754
1090.099976,-0.06186974
1090.200073,-0.060486794
1090.300049,-0.066709787
1090.400024,-0.072169781
1090.5,-0.072312832
1090.599976,-0.068998814
1090.700073,-0.066209316
1090.800049,-0.065303326
1090.900024,-0.060963631
1091,-0.057435036
1091.099976,-0.063777447
1091.200073,-0.061011314
1091.300049,-0.067687511
1091.400024,-0.052428246
1091.5,-0.056767464
1091.599976,-0.060915947
1091.700073,-0.059485435
1091.800049,-0.057911873
1091.900024,-0.060915947
1092,-0.058484077
1092.099976,-0.064170599
1092.200073,-0.069070339
1092.300049,-0.068212032
1092.400024,-0.067556381
1092.5,-0.067401409
1092.599976,-0.065541744
1092.700073,-0.05710125
1092.800049,-0.053143501
1092.900024,-0.059104204
1093,-0.063634396
1093.099976,-0.06253767
1093.200073,-0.057816505
1093.300049,-0.054526329
1093.400024,-0.067449093
1093.5,-0.060629845
1093.599976,-0.064635754
1093.700073,-0.066924572
1093.800049,-0.063777208
1093.900024,-0.0613451
1094,-0.062203407
1094.099976,-0.066829205
1094.200073,-0.056815147
1094.300049,-0.063777447
1094.400024,-0.061535835
1094.5,-0.060200691
1094.599976,-0.05954504
1094.700073,-0.059342384
1094.800049,-0.05710125
1094.900024,-0.051856041
1095,-0.055575371
1095.099976,-0.058865547
1095.200073,-0.056433678
1095.300049,-0.060498834
1095.400024,-0.06458807
1095.5,-0.06210804
1095.599976,-0.050568581
1095.700073,-0.065064907
1095.800049,-0.052762032
1095.900024,-0.057911873
1096,-0.063968182
1096.099976,-0.057291985
1096.200073,-0.060534477
1096.300049,-0.064874172
1096.400024,-0.063491344
1096.5,-0.060534477
1096.599976,-0.061977148
1096.700073,-0.059533119
1096.800049,-0.064349651
1096.900024,-0.053191185
1097,-0.056767464
1097.099976,-0.064540386
1097.200073,-0.056862831
1097.300049,-0.0642066
1097.400024,-0.060963631
1097.5,-0.060343742
1097.599976,-0.060009956
1097.700073,-0.058913231
1097.800049,-0.055468082
1097.900024,-0.050616264
1098,-0.052332878
1098.099976,-0.056803346
1098.200073,-0.060868263
1098.300049,-0.063395977
1098.400024,-0.059962392
1098.5,-0.057816505
1098.599976,-0.057768822
1098.700073,-0.058090687
1098.800049,-0.059342384
1098.900024,-0.057435036
1099,-0.060486794
1099.099976,-0.059533119
1099.200073,-0.060868263
1099.300049,-0.059485435
1099.400024,-0.057625771
1099.5,-0.059914589
1099.599976,-0.0642066
1099.700073,-0.062012672
1099.800049,-0.055670738
1099.900024,-0.061869621
1100,-0.066113949
1100.099976,-0.056385994
1100.200073,-0.06587553
1100.300049,-0.058722496
1100.400024,-0.060391426
1100.5,-0.058341026
1100.599976,-0.060725212
1100.700073,-0.061106682
1100.800049,-0.058054924
1100.900024,-0.062298775
1101,-0.07126379
1101.099976,-0.063634396
1101.200073,-0.065351009
1101.300049,-0.065732479
1101.400024,-0.061821938
1101.5,-0.06083262
1101.599976,-0.058054924
1101.700073,-0.057721138
1101.800049,-0.059342384
1101.900024,-0.058841705
1102,-0.06082058
1102.099976,-0.057482719
1102.200073,-0.062251091
1102.300049,-0.060582161
1102.400024,-0.061416626
1102.5,-0.061774254
1102.599976,-0.061058998
1102.700073,-0.066209316
1102.800049,-0.055003166
1102.900024,-0.06291914
1103,-0.055193901
1103.099976,-0.071979046
1103.200073,-0.057721138
1103.300049,-0.067830563
1103.400024,-0.049805641
1103.5,-0.062776089
1103.599976,-0.056385994
1103.700073,-0.057625771
1103.800049,-0.082135677
1103.900024,-0.088668346
1104,-0.099444866
1104.099976,-0.085855007
1104.200073,-0.091195583
1104.300049,-0.087094784
1104.400024,-0.081229687
1104.5,-0.078034878
1104.599976,-0.09000349
1104.700073,-0.072503567
1104.800049,-0.079274654
1104.900024,-0.078416348
1105,-0.080991268
1105.099976,-0.087333202
1105.200073,-0.080657482
1105.300049,-0.075841427
1105.400024,-0.08332777
1105.5,-0.083470821
1105.599976,-0.080395222
1105.700073,-0.07703352
1105.800049,-0.077748775
1105.900024,-0.079370022
1106,-0.081468105
1106.099976,-0.081229687
1106.200073,-0.077414989
1106.300049,-0.081897259
1106.400024,-0.078940868
1106.5,-0.078607082
1106.599976,-0.080860138
1106.700073,-0.083041668
1106.800049,-0.082850933
1106.900024,-0.084329128
1107,-0.079560757
1107.099976,-0.085092068
1107.200073,-0.082850933
1107.300049,-0.075746059
1107.400024,-0.073123455
1107.5,-0.076461315
1107.599976,-0.075150013
1107.700073,-0.075078487
1107.800049,-0.075936794
1107.900024,-0.079513073
1108,-0.075126171
1108.099976,-0.078034878
1108.200073,-0.078464031
1108.300049,-0.084758282
1108.400024,-0.081086636
1108.5,-0.077414989
1108.599976,-0.071788311
1108.700073,-0.079465389
1108.800049,-0.078177929
1108.900024,-0.076175213
1109,-0.076032162
1109.099976,-0.07703352
1109.200073,-0.080657482
1109.300049,-0.068974972
1109.400024,-0.074410915
1109.5,-0.076985836
1109.599976,-0.079322338
1109.700073,-0.078177929
1109.800049,-0.077748775
1109.900024,-0.081801891
1110,-0.066733837
1110.099976,-0.07498312
1110.200073,-0.079226971
1110.300049,-0.076032162
1110.400024,-0.080848217
1110.5,-0.085664272
1110.599976,-0.082469463
1110.700073,-0.07164526
1110.800049,-0.070786953
1110.900024,-0.076890469
1111,-0.075984478
1111.099976,-0.07473278
1111.200073,-0.074813247
1111.300049,-0.074029446
1111.400024,-0.074506283
1111.5,-0.085902691
1111.599976,-0.074315548
1111.700073,-0.080895901
1111.800049,-0.076699734
1111.900024,-0.074840069
1112,-0.078607082
1112.099976,-0.074649334
1112.200073,-0.079417706
1112.300049,-0.069785595
1112.400024,-0.075936794
1112.5,-0.075030804
1112.599976,-0.08409071
1112.700073,-0.070691586
1112.800049,-0.082850933
1112.900024,-0.081182003
1113,-0.075078487
1113.099976,-0.075078487
1113.200073,-0.075614929
1113.300049,-0.075603008
1113.400024,-0.076699734
1113.5,-0.073254585
1113.599976,-0.068593502
1113.700073,-0.072122097
1113.800049,-0.074434757
1113.900024,-0.079370022
1114,-0.077653408
1114.099976,-0.078416348
1114.200073,-0.070834637
1114.300049,-0.075650692
1114.400024,-0.084281445
1114.5,-0.07703352
1114.599976,-0.079894543
1114.700073,-0.082326412
1114.800049,-0.090051174
1114.900024,-0.07870245
1115,-0.069356441
1115.099976,-0.080800533
1115.200073,-0.07998991
1115.300049,-0.084043026
1115.400024,-0.082707882
1115.5,-0.075936794
1115.599976,-0.086188793
1115.700073,-0.078797817
1115.800049,-0.077891827
1115.900024,-0.077748775
1116,-0.077510357
1116.099976,-0.082374096
1116.200073,-0.085425854
1116.300049,-0.085282803
1116.400024,-0.084043026
1116.5,-0.080395222
1116.599976,-0.075507641
1116.700073,-0.076747417
1116.800049,-0.075793743
1116.900024,-0.078559399
1117,-0.075030804
1117.099976,-0.077891827
1117.200073,-0.077701092
1117.300049,-0.073457241
1117.400024,-0.074887753
1117.5,-0.078940868
1117.599976,-0.07331419
1117.700073,-0.088048458
1117.800049,-0.081182003
1117.900024,-0.077796459
1118,-0.07960844
1118.099976,-0.080073357
1118.200073,-0.08165884
1118.300049,-0.081229687
1118.400024,-0.079226971
1118.5,-0.072741985
1118.599976,-0.08127737
1118.700073,-0.066018581
1118.800049,-0.070071697
1118.900024,-0.081038952
1119,-0.071692944
1119.099976,-0.078559399
1119.200073,-0.070548534
1119.300049,-0.077605724
1119.400024,-0.070977688
1119.5,-0.070739269
1119.599976,-0.072813511
1119.700073,-0.074935436
1119.800049,-0.07460165
1119.900024,-0.077987194
1120,-0.078654766
1120.099976,-0.070167065
1120.200073,-0.068879604
1120.300049,-0.068247795
1120.400024,-0.067496777
1120.5,-0.073716521
1120.599976,-0.080085278
1120.700073,-0.079036236
1120.800049,-0.073600292
1120.900024,-0.066781521
1121,-0.083089352
1121.099976,-0.067592144
1121.200073,-0.075459957
1121.300049,-0.07331419
1121.400024,-0.083232403
1121.5,-0.081420422
1121.599976,-0.076032162
1121.700073,-0.080609798
1121.800049,-0.075746059
1121.900024,-0.071168423
1122,-0.080085278
1122.099976,-0.074220181
1122.200073,-0.071549892
1122.300049,-0.06959486
1122.400024,-0.074887753
1122.5,-0.079179287
1122.599976,-0.076461315
1122.700073,-0.077653408
1122.800049,-0.075078487
1122.900024,-0.071073055
1123,-0.067592144
1123.099976,-0.073028088
1123.200073,-0.079274654
1123.300049,-0.082946301
1123.400024,-0.076318264
1123.5,-0.071788311
1123.599976,-0.082469463
1123.700073,-0.080943584
1123.800049,-0.077748775
1123.900024,-0.075221539
1124,-0.074267864
1124.099976,-0.086617947
1124.200073,-0.079894543
1124.300049,-0.073552608
1124.400024,-0.077605724
1124.5,-0.076556683
1124.599976,-0.083995342
1124.700073,-0.076985836
1124.800049,-0.080574036
1124.900024,-0.080466747
1125,-0.080848217
1125.099976,-0.081754208
1125.200073,-0.078797817
1125.300049,-0.078845501
1125.400024,-0.073743343
1125.5,-0.079894543
1125.599976,-0.071597576
1125.700073,-0.075555325
1125.800049,-0.075126171
1125.900024,-0.075603008
1126,-0.083804607
1126.099976,-0.068593502
1126.200073,-0.083137035
1126.300049,-0.07960844
1126.400024,-0.078273296
1126.5,-0.07369566
1126.599976,-0.078464031
1126.700073,-0.074649334
1126.800049,-0.065303326
1126.900024,-0.078845501
1127,-0.072837353
1127.099976,-0.088429928
1127.200073,-0.080276012
1127.300049,-0.077224255
1127.400024,-0.076127529
1127.5,-0.070500851
1127.599976,-0.071788311
1127.700073,-0.081944942
1127.800049,-0.072885036
1127.900024,-0.078654766
1128,-0.074410915
1128.099976,-0.073266506
1128.200073,-0.078893185
1128.300049,-0.076318264
1128.400024,-0.081468105
1128.5,-0.070262432
1128.599976,-0.073838711
1128.700073,-0.076318264
1128.800049,-0.07331419
1128.900024,-0.081611156
1129,-0.076365948
1129.099976,-0.078368664
1129.200073,-0.076461315
1129.300049,-0.071025372
1129.400024,-0.071740627
1129.5,-0.069642544
1129.599976,-0.070596218
1129.700073,-0.077558041
1129.800049,-0.071168423
1129.900024,-0.07998991
1130,-0.082326412
1130.099976,-0.074220181
1130.200073,-0.078845501
1130.300049,-0.072312832
1130.400024,-0.071931362
1130.5,-0.072837353
1130.599976,-0.083184719
1130.700073,-0.076318264
1130.800049,-0.086856365
1130.900024,-0.08666563
1131,-0.084531784
1131.099976,-0.083518505
1131.200073,-0.081086636
1131.300049,-0.079751492
1131.400024,-0.082993984
1131.5,-0.074744701
1131.599976,-0.077891827
1131.700073,-0.073504925
1131.800049,-0.075936794
1131.900024,-0.076747417
1132,-0.075603008
1132.099976,-0.077510357
1132.200073,-0.078225613
1132.300049,-0.084710598
1132.400024,-0.078416348
1132.5,-0.071216106
1132.599976,-0.079036236
1132.700073,-0.068498135
1132.800049,-0.080991268
1132.900024,-0.084043026
1133,-0.080419064
1133.099976,-0.078654766
1133.200073,-0.070548534
1133.300049,-0.071979046
1133.400024,-0.075459957
1133.5,-0.078845501
1133.599976,-0.068450451
1133.700073,-0.076747417
1133.800049,-0.082278728
1133.900024,-0.070643902
1134,-0.074840069
1134.099976,-0.075459957
1134.200073,-0.077271938
1134.300049,-0.072837353
1134.400024,-0.075614929
1134.5,-0.077414989
1134.599976,-0.074935436
1134.700073,-0.071216106
1134.800049,-0.079656124
1134.900024,-0.076318264
1135,-0.076508999
1135.099976,-0.076508999
1135.200073,-0.076079845
1135.300049,-0.078177929
1135.400024,-0.083899975
1135.5,-0.080419064
1135.599976,-0.075126171
1135.700073,-0.080609798
1135.800049,-0.075412273
1135.900024,-0.077271938
1136,-0.072217464
1136.099976,-0.069165707
1136.200073,-0.070548534
1136.300049,-0.072694302
1136.400024,-0.070930004
1136.5,-0.076127529
1136.599976,-0.079274654
1136.700073,-0.076413631
1136.800049,-0.069690228
1136.900024,-0.075269222
1137,-0.078225613
1137.099976,-0.070453167
1137.200073,-0.076795101
1137.300049,-0.07255125
1137.400024,-0.073409557
1137.5,-0.076342106
1137.599976,-0.080228329
1137.700073,-0.079179287
1137.800049,-0.079834938
1137.900024,-0.079465389
1138,-0.080466747
1138.099976,-0.078118324
1138.200073,-0.077844143
1138.300049,-0.077173591
1138.400024,-0.076604366
1138.5,-0.076127529
1138.599976,-0.075507641
1138.700073,-0.074172497
1138.800049,-0.078797817
1138.900024,-0.06792593
1139,-0.078607082
1139.099976,-0.071597576
1139.200073,-0.075698376
1139.300049,-0.079322338
1139.400024,-0.074220181
1139.5,-0.067782879
1139.599976,-0.076222897
1139.700073,-0.075412273
1139.800049,-0.076747417
1139.900024,-0.074124813
1140,-0.071144581
1140.099976,-0.068355083
1140.200073,-0.073749304
1140.300049,-0.07870245
1140.400024,-0.076795101
1140.5,-0.073075771
1140.599976,-0.088906765
1140.700073,-0.064492702
1140.800049,-0.083137035
1140.900024,-0.078988552
1141,-0.068831921
1141.099976,-0.060725212
1141.200073,-0.073409557
1141.300049,-0.077748775
1141.400024,-0.073361874
1141.5,-0.077891827
1141.599976,-0.078273296
1141.700073,-0.075507641
1141.800049,-0.075793743
1141.900024,-0.073886395
1142,-0.072503567
1142.099976,-0.071740627
1142.200073,-0.069678307
1142.300049,-0.067735195
1142.400024,-0.066733837
1142.5,-0.068212032
1142.599976,-0.070453167
1142.700073,-0.073647976
1142.800049,-0.065398693
1142.900024,-0.077701092
1143,-0.068831921
1143.099976,-0.069261074
1143.200073,-0.078034878
1143.300049,-0.072455883
1143.400024,-0.078416348
1143.5,-0.080800533
1143.599976,-0.082374096
1143.700073,-0.077414989
1143.800049,-0.07627058
1143.900024,-0.074077129
1144,-0.075698376
1144.099976,-0.074041367
1144.200073,-0.070548534
1144.300049,-0.075841427
1144.400024,-0.086999416
1144.5,-0.065398693
1144.599976,-0.076318264
1144.700073,-0.072646618
1144.800049,-0.073838711
1144.900024,-0.07832098
1145,-0.0849967
1145.099976,-0.077414989
1145.200073,-0.078845501
1145.300049,-0.07460165
1145.400024,-0.073934078
1145.5,-0.073779106
1145.599976,-0.073218822
1145.700073,-0.073361874
1145.800049,-0.077045441
1145.900024,-0.080037594
1146,-0.081563473
1146.099976,-0.08075285
1146.200073,-0.074697018
1146.300049,-0.06253767
1146.400024,-0.073647976
1146.5,-0.081182003
1146.599976,-0.074744701
1146.700073,-0.073886395
1146.800049,-0.085235119
1146.900024,-0.080562115
1147,-0.075269222
1147.099976,-0.071788311
1147.200073,-0.072312832
1147.300049,-0.069785595
1147.400024,-0.076175213
1147.5,-0.073504925
1147.599976,-0.086522579
1147.700073,-0.076890469
1147.800049,-0.069547176
1147.900024,-0.075269222
1148,-0.077796459
1148.099976,-0.08127737
1148.200073,-0.07627058
1148.300049,-0.077653408
1148.400024,-0.072646618
1148.5,-0.07164526
1148.599976,-0.089383602
1148.700073,-0.075936794
1148.800049,-0.084424496
1148.900024,-0.074363232
1149,-0.078273296
1149.099976,-0.077748775
1149.200073,-0.07460165
1149.300049,-0.075126171
1149.400024,-0.07908392
1149.5,-0.079179287
1149.599976,-0.078654766
1149.700073,-0.080895901
1149.800049,-0.079548836
1149.900024,-0.07908392
1150,-0.079560757
1150.099976,-0.081623077
1150.200073,-0.080565095
1150.300049,-0.080514431
1150.400024,-0.080562115
1150.5,-0.081849575
1150.599976,-0.077844143
1150.700073,-0.083697319
1150.800049,-0.086474895
1150.900024,-0.082740664
1151,-0.079942226
1151.099976,-0.080848217
1151.200073,-0.082278728
1151.300049,-0.081611156
1151.400024,-0.076604366
1151.5,-0.076175213
1151.599976,-0.081325054
1151.700073,-0.084901333
1151.800049,-0.081623077
1151.900024,-0.078273296
1152,-0.081992626
1152.099976,-0.080848217
1152.200073,-0.075173855
1152.300049,-0.074744701
1152.400024,-0.078416348
1152.5,-0.080895901
1152.599976,-0.082850933
1152.700073,-0.080419064
1152.800049,-0.072169781
1152.900024,-0.07202673
1153,-0.073266506
1153.099976,-0.084281445
1153.200073,-0.080132961
1153.300049,-0.073028088
1153.400024,-0.06921339
1153.5,-0.070477009
1153.599976,-0.069261074
1153.700073,-0.070405483
1153.800049,-0.071812153
1153.900024,-0.072455883
1154,-0.075126171
1154.099976,-0.074697018
1154.200073,-0.08037138
1154.300049,-0.081420422
1154.400024,-0.074840069
1154.5,-0.080085278
1154.599976,-0.077414989
1154.700073,-0.078368664
1154.800049,-0.085807323
1154.900024,-0.065923214
1155,-0.076127529
1155.099976,-0.082183361
1155.200073,-0.076556683
1155.300049,-0.080419064
1155.400024,-0.084376812
1155.5,-0.075030804
1155.599976,-0.079560757
1155.700073,-0.077748775
1155.800049,-0.079417706
1155.900024,-0.076413631
1156,-0.078988552
1156.099976,-0.084138393
1156.200073,-0.077510357
1156.300049,-0.073504925
1156.400024,-0.079894543
1156.5,-0.08409071
1156.599976,-0.080693245
1156.700073,-0.079322338
1156.800049,-0.079465389
1156.900024,-0.079799175
1157,-0.08165884
1157.099976,-0.07627058
1157.200073,-0.071406841
1157.300049,-0.080943584
1157.400024,-0.078034878
1157.5,-0.077796459
1157.599976,-0.076842785
1157.700073,-0.07703352
1157.800049,-0.07691431
1157.900024,-0.075030804
1158,-0.078750134
1158.099976,-0.074315548
1158.200073,-0.080323696
1158.300049,-0.076747417
1158.400024,-0.079370022
1158.5,-0.080037594
1158.599976,-0.08037138
1158.700073,-0.079584599
1158.800049,-0.079799175
1158.900024,-0.078130245
1159,-0.081754208
1159.099976,-0.078511715
1159.200073,-0.077319622
1159.300049,-0.083375454
1159.400024,-0.083995342
1159.5,-0.083399296
1159.599976,-0.080943584
1159.700073,-0.085282803
1159.800049,-0.083232403
1159.900024,-0.078130245
1160,-0.078750134
1160.099976,-0.083995342
1160.200073,-0.071883678
1160.300049,-0.078177929
1160.400024,-0.075746059
1160.5,-0.071359158
1160.599976,-0.075841427
1160.700073,-0.072360516
1160.800049,-0.074935436
1160.900024,-0.080895901
1161,-0.076938152
1161.099976,-0.078559399
1161.200073,-0.083041668
1161.300049,-0.081563473
1161.400024,-0.080109119
1161.5,-0.077844143
1161.599976,-0.077987194
1161.700073,-0.083661556
1161.800049,-0.072694302
1161.900024,-0.081897259
1162,-0.077844143
1162.099976,-0.080943584
1162.200073,-0.073028088
1162.300049,-0.074124813
1162.400024,-0.07998991
1162.5,-0.083232403
1162.599976,-0.075889111
1162.700073,-0.082564831
1162.800049,-0.081086636
1162.900024,-0.086474895
1163,-0.084281445
1163.099976,-0.080550194
1163.200073,-0.073123455
1163.300049,-0.07832098
1163.400024,-0.063062191
1163.5,-0.073361874
1163.599976,-0.088096142
1163.700073,-0.078940868
1163.800049,-0.081325054
1163.900024,-0.080180645
1164,-0.083184719
1164.099976,-0.082183361
1164.200073,-0.082087994
1164.300049,-0.08037138
1164.400024,-0.082612514
1164.5,-0.083029747
1164.599976,-0.082278728
1164.700073,-0.086856365
1164.800049,-0.08126545
1164.900024,-0.078464031
1165,-0.077462673
1165.099976,-0.077391148
1165.200073,-0.075459957
1165.300049,-0.078177929
1165.400024,-0.081134319
1165.5,-0.078940868
1165.599976,-0.078082561
1165.700073,-0.082850933
1165.800049,-0.083613873
1165.900024,-0.081325054
1166,-0.077653408
1166.099976,-0.078893185
1166.200073,-0.077367306
1166.300049,-0.077558041
1166.400024,-0.07536459
1166.5,-0.076365948
1166.599976,-0.074840069
1166.700073,-0.077319622
1166.800049,-0.081182003
1166.900024,-0.081325054
1167,-0.083768845
1167.099976,-0.086570263
1167.200073,-0.085998058
1167.300049,-0.081182003
1167.400024,-0.078130245
1167.5,-0.081325054
1167.599976,-0.078607082
1167.700073,-0.081801891
1167.800049,-0.078416348
1167.900024,-0.078416348
1168,-0.080180645
1168.099976,-0.078940868
1168.200073,-0.081229687
1168.300049,-0.070167065
1168.400024,-0.080180645
1168.5,-0.091624737
1168.599976,-0.072885036
1168.700073,-0.07832098
1168.800049,-0.073266506
1168.900024,-0.082993984
1169,-0.071692944
1169.099976,-0.072885036
1169.200073,-0.070834637
1169.300049,-0.089192867
1169.400024,-0.072789669
1169.5,-0.081801891
1169.599976,-0.0890975
1169.700073,-0.077367306
1169.800049,-0.079036236
1169.900024,-0.082993984
1170,-0.086331844
1170.099976,-0.089240551
1170.200073,-0.082803249
1170.300049,-0.081778049
1170.400024,-0.07665205
1170.5,-0.078416348
1170.599976,-0.081515789
1170.700073,-0.08204031
1170.800049,-0.080323696
1170.900024,-0.08242178
1171,-0.077367306
1171.099976,-0.072312832
1171.200073,-0.074410915
1171.300049,-0.08666563
1171.400024,-0.081420422
1171.5,-0.086904049
1171.599976,-0.083804607
1171.700073,-0.080562115
1171.800049,-0.084853649
1171.900024,-0.086856365
1172,-0.074410915
1172.099976,-0.087666988
1172.200073,-0.080323696
1172.300049,-0.070739269
1172.400024,-0.077891827
1172.5,-0.086427212
1172.599976,-0.078845501
1172.700073,-0.084758282
1172.800049,-0.075078487
1172.900024,-0.082803249
1173,-0.081229687
1173.099976,-0.084901333
1173.200073,-0.082982063
1173.300049,-0.083041668
1173.400024,-0.082755566
1173.5,-0.085092068
1173.599976,-0.087380886
1173.700073,-0.087190151
1173.800049,-0.086498737
1173.900024,-0.088382244
1174,-0.083041668
1174.099976,-0.079417706
1174.200073,-0.080895901
1174.300049,-0.082433701
1174.400024,-0.085855007
1174.5,-0.083566189
1174.599976,-0.086331844
1174.700073,-0.081468105
1174.800049,-0.082707882
1174.900024,-0.079465389
1175,-0.085139751
1175.099976,-0.080800533
1175.200073,-0.080764771
1175.300049,-0.07870245
1175.400024,-0.078416348
1175.5,-0.07985878
1175.599976,-0.080514431
1175.700073,-0.081801891
1175.800049,-0.079119682
1175.900024,-0.075030804
1176,-0.079131603
1176.099976,-0.089240551
1176.200073,-0.08204031
1176.300049,-0.084329128
1176.400024,-0.084233761
1176.5,-0.072741985
1176.599976,-0.076079845
1176.700073,-0.083566189
1176.800049,-0.087285519
1176.900024,-0.081992626
1177,-0.085902691
1177.099976,-0.08242178
1177.200073,-0.077510357
1177.300049,-0.081372738
1177.400024,-0.083137035
1177.5,-0.085235119
1177.599976,-0.07369566
1177.700073,-0.067830563
1177.800049,-0.080085278
1177.900024,-0.078845501
1178,-0.077891827
1178.099976,-0.081801891
1178.200073,-0.074887753
1178.300049,-0.082803249
1178.400024,-0.075221539
1178.5,-0.082564831
1178.599976,-0.074840069
1178.700073,-0.0849967
1178.800049,-0.070405483
1178.900024,-0.078750134
1179,-0.069547176
1179.099976,-0.066018581
1179.200073,-0.087762356
1179.300049,-0.074697018
1179.400024,-0.089622021
1179.5,-0.090480328
1179.599976,-0.08037138
1179.700073,-0.078750134
1179.800049,-0.078607082
1179.900024,-0.076556683
1180,-0.082898617
1180.099976,-0.076318264
1180.200073,-0.07960844
1180.300049,-0.077081203
1180.400024,-0.07627058
1180.5,-0.076890469
1180.599976,-0.075316906
1180.700073,-0.075793743
1180.800049,-0.075746059
1180.900024,-0.075221539
1181,-0.067210674
1181.099976,-0.078607082
1181.200073,-0.07088232
1181.300049,-0.075746059
1181.400024,-0.0849967
1181.5,-0.075650692
1181.599976,-0.079656124
1181.700073,-0.083852291
1181.800049,-0.081420422
1181.900024,-0.081325054
1182,-0.079751492
1182.099976,-0.084233761
1182.200073,-0.082326412
1182.300049,-0.074744701
1182.400024,-0.080609798
1182.5,-0.084329128
1182.599976,-0.070262432
1182.700073,-0.076222897
1182.800049,-0.084376812
1182.900024,-0.073266506
1183,-0.086284161
1183.099976,-0.074363232
1183.200073,-0.076032162
1183.300049,-0.078893185
1183.400024,-0.084710598
1183.5,-0.073791027
1183.599976,-0.080323696
1183.700073,-0.083804607
1183.800049,-0.082183361
1183.900024,-0.076032162
1184,-0.071502209
1184.099976,-0.075269222
1184.200073,-0.071073055
1184.300049,-0.071883678
1184.400024,-0.080562115
1184.5,-0.093055248
1184.599976,-0.07498312
1184.700073,-0.08833456
1184.800049,-0.070548534
1184.900024,-0.080037594
1185,-0.082993984
1185.099976,-0.086999416
1185.200073,-0.077462673
1185.300049,-0.070977688
1185.400024,-0.072789669
1185.5,-0.075519562
1185.599976,-0.079942226
1185.700073,-0.078368664
1185.800049,-0.081229687
1185.900024,-0.084376812
1186,-0.075459957
1186.099976,-0.083947659
1186.200073,-0.075269222
1186.300049,-0.085711956
1186.400024,-0.073457241
1186.5,-0.070310116
1186.599976,-0.079370022
1186.700073,-0.082755566
1186.800049,-0.078607082
1186.900024,-0.073457241
1187,-0.082183361
1187.099976,-0.086617947
1187.200073,-0.082135677
1187.300049,-0.080323696
1187.400024,-0.080895901
1187.5,-0.077844143
1187.599976,-0.082898617
1187.700073,-0.088191509
1187.800049,-0.069261074
1187.900024,-0.076461315
1188,-0.079560757
1188.099976,-0.071788311
1188.200073,-0.080514431
1188.300049,-0.086856365
1188.400024,-0.076365948
1188.5,-0.076556683
1188.599976,-0.079417706
1188.700073,-0.082326412
1188.800049,-0.075221539
1188.900024,-0.080466747
1189,-0.085902691
1189.099976,-0.081801891
1189.200073,-0.084853649
1189.300049,-0.078130245
1189.400024,-0.073457241
1189.5,-0.075269222
1189.599976,-0.083661556
1189.700073,-0.088382244
1189.800049,-0.082612514
1189.900024,-0.074267864
1190,-0.080323696
1190.099976,-0.09000349
1190.200073,-0.080800533
1190.300049,-0.085616589
1190.400024,-0.088000774
1190.5,-0.086594105
1190.599976,-0.084901333
1190.700073,-0.082606554
1190.800049,-0.078845501
1190.900024,-0.080085278
1191,-0.076985836
1191.099976,-0.079048157
1191.200073,-0.079894543
1191.300049,-0.079226971
1191.400024,-0.080848217
1191.5,-0.07972765
1191.599976,-0.08037138
1191.700073,-0.078464031
1191.800049,-0.085139751
1191.900024,-0.089240551
1192,-0.08075285
1192.099976,-0.083804607
1192.200073,-0.080514431
1192.300049,-0.076938152
1192.400024,-0.085044384
1192.5,-0.075650692
1192.599976,-0.079370022
1192.700073,-0.084281445
1192.800049,-0.083268166
1192.900024,-0.083375454
1193,-0.086045742
1193.099976,-0.083232403
1193.200073,-0.077462673
1193.300049,-0.077653408
1193.400024,-0.086522579
1193.5,-0.081706524
1193.599976,-0.086808681
1193.700073,-0.080800533
1193.800049,-0.087237835
1193.900024,-0.085950375
1194,-0.082278728
1194.099976,-0.079560757
1194.200073,-0.081801891
1194.300049,-0.085711956
1194.400024,-0.085330486
1194.5,-0.088668346
1194.599976,-0.084448338
1194.700073,-0.081325054
1194.800049,-0.082469463
1194.900024,-0.077867985
1195,-0.071216106
1195.099976,-0.076461315
1195.200073,-0.077128887
1195.300049,-0.087666988
1195.400024,-0.074315548
1195.5,-0.081801891
1195.599976,-0.086617947
1195.700073,-0.078607082
1195.800049,-0.074029446
1195.900024,-0.085855007
1196,-0.076842785
1196.099976,-0.089574337
1196.200073,-0.071502209
1196.300049,-0.085235119
1196.400024,-0.083566189
1196.5,-0.07498312
1196.599976,-0.093579769
1196.700073,-0.080419064
1196.800049,-0.081182003
1196.900024,-0.083518505
1197,-0.082946301
1197.099976,-0.084138393
1197.200073,-0.081515789
1197.300049,-0.079322338
1197.400024,-0.078630924
1197.5,-0.076318264
1197.599976,-0.077367306
1197.700073,-0.076508999
1197.800049,-0.075257301
1197.900024,-0.072741985
1198,-0.074410915
1198.099976,-0.081134319
1198.200073,-0.090623379
1198.300049,-0.092196941
1198.400024,-0.08742857
1198.5,-0.084329128
1198.599976,-0.079656124
1198.700073,-0.083089352
1198.800049,-0.080466747
1198.900024,-0.078654766
1199,-0.076508999
1199.099976,-0.074553967
1199.200073,-0.083375454
1199.300049,-0.072265148
1199.400024,-0.081944942
1199.5,-0.081182003
1199.599976,-0.077176571
1199.700073,-0.078034878
1199.800049,-0.081110477
1199.900024,-0.084329128
1200,-0.084901333
1200.099976,-0.082517147
1200.200073,-0.079370022
1200.300049,-0.081038952
1200.400024,-0.084376812
1200.5,-0.089288235
1200.599976,-0.0849967
1200.700073,-0.084043026
1200.800049,-0.082755566
1200.900024,-0.078881264
1201,-0.075173855
1201.099976,-0.073552608
1201.200073,-0.077867985
1201.300049,-0.078511715
1201.400024,-0.084233761
1201.5,-0.081134319
1201.599976,-0.087380886
1201.700073,-0.076222897
1201.800049,-0.091243267
1201.900024,-0.088954449
1202,-0.086474895
1202.099976,-0.077462673
1202.200073,-0.085568905
1202.300049,-0.078559399
1202.400024,-0.087619305
1202.5,-0.07164526
1202.599976,-0.078225613
1202.700073,-0.073075771
1202.800049,-0.089145184
1202.900024,-0.075984478
1203,-0.086856365
1203.099976,-0.073886395
1203.200073,-0.089812756
1203.300049,-0.089860439
1203.400024,-0.076222897
1203.5,-0.093150616
1203.599976,-0.082469463
1203.700073,-0.080228329
1203.800049,-0.087523937
1203.900024,-0.080132961
1204,-0.082564831
1204.099976,-0.074506283
1204.200073,-0.077176571
1204.300049,-0.076365948
1204.400024,-0.085807323
1204.5,-0.082231045
1204.599976,-0.086331844
1204.700073,-0.081944942
1204.800049,-0.073123455
1204.900024,-0.085139751
1205,-0.08947897
1205.099976,-0.072598934
1205.200073,-0.080943584
1205.300049,-0.09038496
1205.400024,-0.085473537
1205.5,-0.080895901
1205.599976,-0.081182003
1205.700073,-0.075269222
1205.800049,-0.078940868
1205.900024,-0.085282803
1206,-0.087953091
1206.099976,-0.084615231
1206.200073,-0.077891827
1206.300049,-0.07331419
1206.400024,-0.078750134
1206.5,-0.084901333
1206.599976,-0.082612514
1206.700073,-0.080073357
1206.800049,-0.076508999
1206.900024,-0.07627058
1207,-0.080025673
1207.099976,-0.086188793
1207.200073,-0.081134319
1207.300049,-0.074553967
1207.400024,-0.080895901
1207.5,-0.082993984
1207.599976,-0.076413631
1207.700073,-0.07960844
1207.800049,-0.079823017
1207.900024,-0.080520391
1208,-0.081038952
1208.099976,-0.081611156
1208.200073,-0.086617947
1208.300049,-0.073266506
1208.400024,-0.089240551
1208.5,-0.072885036
1208.599976,-0.082803249
1208.700073,-0.078654766
1208.800049,-0.088763714
1208.900024,-0.081849575
1209,-0.084662914
1209.099976,-0.0849967
1209.200073,-0.080454826
1209.300049,-0.074744701
1209.400024,-0.077414989
1209.5,-0.076449394
1209.599976,-0.077510357
1209.700073,-0.076127529
1209.800049,-0.0911479
1209.900024,-0.083470821
1210,-0.089145184
1210.099976,-0.085211277
1210.200073,-0.085950375
1210.300049,-0.082278728
1210.400024,-0.084472179
1210.5,-0.079918385
1210.599976,-0.075269222
1210.700073,-0.077653408
1210.800049,-0.086999416
1210.900024,-0.076699734
1211,-0.086808681
1211.099976,-0.08409071
1211.200073,-0.07908392
1211.300049,-0.080895901
1211.400024,-0.084758282
1211.5,-0.08742857
1211.599976,-0.088668346
1211.700073,-0.082612514
1211.800049,-0.090623379
1211.900024,-0.084138393
1212,-0.078130245
1212.099976,-0.084662914
1212.200073,-0.089145184
1212.300049,-0.072694302
1212.400024,-0.077510357
1212.5,-0.090098858
1212.599976,-0.09000349
1212.700073,-0.07793951
1212.800049,-0.095534801
1212.900024,-0.081325054
1213,-0.084424496
1213.099976,-0.085330486
1213.200073,-0.084901333
1213.300049,-0.091815472
1213.400024,-0.094962597
1213.5,-0.089383602
1213.599976,-0.093865871
1213.700073,-0.094819546
1213.800049,-0.095439434
1213.900024,-0.090086937
1214,-0.087380886
1214.099976,-0.082707882
1214.200073,-0.085902691
1214.300049,-0.085878849
1214.400024,-0.086206675
1214.5,-0.086331844
1214.599976,-0.086713314
1214.700073,-0.088239193
1214.800049,-0.081754208
1214.900024,-0.089288235
1215,-0.082469463
1215.099976,-0.089765072
1215.200073,-0.08075285
1215.300049,-0.089669704
1215.400024,-0.085568905
1215.5,-0.088859081
1215.599976,-0.08666563
1215.700073,-0.086760998
1215.800049,-0.085473537
1215.900024,-0.082982063
1216,-0.08075285
1216.099976,-0.078940868
1216.200073,-0.080514431
1216.300049,-0.094581127
1216.400024,-0.08127737
1216.5,-0.094056606
1216.599976,-0.088811398
1216.700073,-0.081563473
1216.800049,-0.083804607
1216.900024,-0.091052532
1217,-0.083184719
1217.099976,-0.0870471
1217.200073,-0.086713314
1217.300049,-0.081182003
1217.400024,-0.095582485
1217.5,-0.080132961
1217.599976,-0.090528011
1217.700073,-0.093341351
1217.800049,-0.082087994
1217.900024,-0.083756924
1218,-0.081944942
1218.099976,-0.085318565
1218.200073,-0.087523937
1218.300049,-0.088048458
1218.400024,-0.086999416
1218.5,-0.086904049
1218.599976,-0.085521221
1218.700073,-0.0849967
1218.800049,-0.090909481
1218.900024,-0.087714672
1219,-0.09372282
1219.099976,-0.084519863
1219.200073,-0.08742857
1219.300049,-0.076222897
1219.400024,-0.090241909
1219.5,-0.083566189
1219.599976,-0.082803249
1219.700073,-0.090861797
1219.800049,-0.07460165
1219.900024,-0.08742857
1220,-0.097156048
1220.099976,-0.083423138
1220.200073,-0.075698376
1220.300049,-0.08409071
1220.400024,-0.087953091
1220.5,-0.07369566
1220.599976,-0.084805965
1220.700073,-0.073028088
1220.800049,-0.084615231
1220.900024,-0.086045742
1221,-0.081515789
1221.099976,-0.086689472
1221.200073,-0.088763714
1221.300049,-0.090432644
1221.400024,-0.087619305
1221.5,-0.076413631
1221.599976,-0.074744701
1221.700073,-0.082326412
1221.800049,-0.077462673
1221.900024,-0.088429928
1222,-0.073934078
1222.099976,-0.091767788
1222.200073,-0.078273296
1222.300049,-0.082135677
1222.400024,-0.082564831
1222.5,-0.078511715
1222.599976,-0.084615231
1222.700073,-0.080085278
1222.800049,-0.084782124
1222.900024,-0.085616589
1223,-0.088811398
1223.099976,-0.086093426
1223.200073,-0.088131905
1223.300049,-0.086999416
1223.400024,-0.083956599
1223.5,-0.081182003
1223.599976,-0.079513073
1223.700073,-0.09000349
1223.800049,-0.078511715
1223.900024,-0.085616589
1224,-0.089288235
1224.099976,-0.086284161
1224.200073,-0.078607082
1224.300049,-0.09000349
1224.400024,-0.068021297
1224.5,-0.091767788
1224.599976,-0.087762356
1224.700073,-0.080705166
1224.800049,-0.081372738
1224.900024,-0.087273598
1225,-0.091529369
1225.099976,-0.095487118
1225.200073,-0.079751492
1225.300049,-0.088763714
1225.400024,-0.082898617
1225.5,-0.075173855
1225.599976,-0.078034878
1225.700073,-0.086188793
1225.800049,-0.080419064
1225.900024,-0.085235119
1226,-0.086760998
1226.099976,-0.090861797
1226.200073,-0.08666563
1226.300049,-0.082564831
1226.400024,-0.08742857
1226.5,-0.076842785
1226.599976,-0.086760998
1226.700073,-0.074220181
1226.800049,-0.087523937
1226.900024,-0.077844143
1227,-0.081038952
1227.099976,-0.082135677
1227.200073,-0.089145184
1227.300049,-0.073171139
1227.400024,-0.08666563
1227.5,-0.088859081
1227.599976,-0.069261074
1227.700073,-0.076556683
1227.800049,-0.088382244
1227.900024,-0.087762356
1228,-0.081944942
1228.099976,-0.082707882
1228.200073,-0.079656124
1228.300049,-0.085998058
1228.400024,-0.089335918
1228.5,-0.084519863
1228.599976,-0.083661556
1228.700073,-0.080991268
1228.800049,-0.093913555
1228.900024,-0.074887753
1229,-0.087666988
1229.099976,-0.090671062
1229.200073,-0.082850933
1229.300049,-0.086808681
1229.400024,-0.076842785
1229.5,-0.084901333
1229.599976,-0.07960844
1229.700073,-0.086856365
1229.800049,-0.086236477
1229.900024,-0.078988552
1230,-0.091004848
1230.099976,-0.083518505
1230.200073,-0.078607082
1230.300049,-0.092673779
1230.400024,-0.086904049
1230.5,-0.092578411
1230.599976,-0.086904049
1230.700073,-0.076604366
1230.800049,-0.075698376
1230.900024,-0.076413631
1231,-0.074077129
1231.099976,-0.079274654
1231.200073,-0.097918987
1231.300049,-0.089574337
1231.400024,-0.081992626
1231.5,-0.082517147
1231.599976,-0.081944942
1231.700073,-0.08190918
1231.800049,-0.082830071
1231.900024,-0.083423138
1232,-0.084043026
1232.099976,-0.083089352
1232.200073,-0.080895901
1232.300049,-0.083733082
1232.400024,-0.0849967
1232.5,-0.085950375
1232.599976,-0.086617947
1232.700073,-0.082993984
1232.800049,-0.079656124
1232.900024,-0.081229687
1233,-0.081587315
1233.099976,-0.08165884
1233.200073,-0.083804607
1233.300049,-0.092721462
1233.400024,-0.085950375
1233.5,-0.091672421
1233.599976,-0.092292309
1233.700073,-0.08833456
1233.800049,-0.091434002
1233.900024,-0.084329128
1234,-0.075936794
1234.099976,-0.091624737
1234.200073,-0.081992626
1234.300049,-0.080037594
1234.400024,-0.086808681
1234.5,-0.082612514
1234.599976,-0.079846859
1234.700073,-0.086617947
1234.800049,-0.088668346
1234.900024,-0.081134319
1235,-0.081992626
1235.099976,-0.090671062
1235.200073,-0.082135677
1235.300049,-0.088382244
1235.400024,-0.080132961
1235.5,-0.080705166
1235.599976,-0.089240551
1235.700073,-0.090098858
1235.800049,-0.085473537
1235.900024,-0.086284161
1236,-0.085235119
1236.099976,-0.08871603
1236.200073,-0.080037594
1236.300049,-0.09000349
1236.400024,-0.083470821
1236.5,-0.082135677
1236.599976,-0.084758282
1236.700073,-0.086284161
1236.800049,-0.091910839
1236.900024,-0.089574337
1237,-0.084186077
1237.099976,-0.087714672
1237.200073,-0.093436718
1237.300049,-0.085092068
1237.400024,-0.082374096
1237.5,-0.085568905
1237.599976,-0.088620663
1237.700073,-0.094056606
1237.800049,-0.091052532
1237.900024,-0.095201015
1238,-0.090289593
1238.099976,-0.08204031
1238.200073,-0.080132961
1238.300049,-0.087190151
1238.400024,-0.082850933
1238.5,-0.084519863
1238.599976,-0.085425854
1238.700073,-0.083518505
1238.800049,-0.081873417
1238.900024,-0.080323696
1239,-0.078225613
1239.099976,-0.085855007
1239.200073,-0.081038952
1239.300049,-0.078225613
1239.400024,-0.092339993
1239.5,-0.080466747
1239.599976,-0.095248699
1239.700073,-0.078988552
1239.800049,-0.084758282
1239.900024,-0.083613873
1240,-0.083983421
1240.099976,-0.084424496
1240.200073,-0.083137035
1240.300049,-0.08165884
1240.400024,-0.092721462
1240.5,-0.08075285
1240.599976,-0.091767788
1240.700073,-0.087142467
1240.800049,-0.096965313
1240.900024,-0.090957165
1241,-0.091112137
1241.099976,-0.088286877
1241.200073,-0.088239193
1241.300049,-0.085521221
1241.400024,-0.092578411
1241.5,-0.080276012
1241.599976,-0.092912197
1241.700073,-0.087953091
1241.800049,-0.082803249
1241.900024,-0.087333202
1242,-0.090814114
1242.099976,-0.08204031
1242.200073,-0.086141109
1242.300049,-0.081754208
1242.400024,-0.080419064
1242.5,-0.088906765
1242.599976,-0.082231045
1242.700073,-0.085664272
1242.800049,-0.086379528
1242.900024,-0.081539631
1243,-0.076508999
1243.099976,-0.077605724
1243.200073,-0.088811398
1243.300049,-0.09000349
1243.400024,-0.089550495
1243.5,-0.090051174
1243.599976,-0.089335918
1243.700073,-0.087607384
1243.800049,-0.086188793
1243.900024,-0.084853649
1244,-0.089192867
1244.099976,-0.084424496
1244.200073,-0.090480328
1244.300049,-0.085950375
1244.400024,-0.084186077
1244.5,-0.083613873
1244.599976,-0.085163593
1244.700073,-0.086045742
1244.800049,-0.086808681
1244.900024,-0.090718746
1245,-0.083232403
1245.099976,-0.088191509
1245.200073,-0.078750134
1245.300049,-0.086331844
1245.400024,-0.08127737
1245.5,-0.089049816
1245.599976,-0.085330486
1245.700073,-0.090528011
1245.800049,-0.078130245
1245.900024,-0.085092068
1246,-0.088954449
1246.099976,-0.081849575
1246.200073,-0.076985836
1246.300049,-0.084662914
1246.400024,-0.0890975
1246.5,-0.083995342
1246.599976,-0.078797817
1246.700073,-0.084901333
1246.800049,-0.083852291
1246.900024,-0.082231045
1247,-0.084329128
1247.099976,-0.081384659
1247.200073,-0.078893185
1247.300049,-0.080085278
1247.400024,-0.088620663
1247.5,-0.091004848
1247.599976,-0.086951733
1247.700073,-0.087190151
1247.800049,-0.087190151
1247.900024,-0.092387676
1248,-0.08935976
1248.099976,-0.089908123
1248.200073,-0.087953091
1248.300049,-0.089180946
1248.400024,-0.087473273
1248.5,-0.087142467
1248.599976,-0.085616589
1248.700073,-0.090921402
1248.800049,-0.095439434
1248.900024,-0.095487118
1249,-0.089073658
1249.099976,-0.085187435
1249.200073,-0.080180645
1249.300049,-0.090337276
1249.400024,-0.078940868
1249.5,-0.086808681
1249.599976,-0.087619305
1249.700073,-0.084901333
1249.800049,-0.083041668
1249.900024,-0.082707882
1250,-0.087953091
1250.099976,-0.081897259
1250.200073,-0.093627453
1250.300049,-0.090623379
1250.400024,-0.087237835
1250.5,-0.084329128
1250.599976,-0.078893185
1250.700073,-0.08037138
1250.800049,-0.086188793
1250.900024,-0.091243267
1251,-0.089526653
1251.099976,-0.088620663
1251.200073,-0.088477612
1251.300049,-0.088930607
1251.400024,-0.091243267
1251.5,-0.087380886
1251.599976,-0.081992626
1251.700073,-0.084901333
1251.800049,-0.080323696
1251.900024,-0.092292309
1252,-0.077701092
1252.099976,-0.086522579
1252.200073,-0.086904049
1252.300049,-0.090432644
1252.400024,-0.080562115
1252.5,-0.084710598
1252.599976,-0.088906765
1252.700073,-0.079751492
1252.800049,-0.089622021
1252.900024,-0.092244625
1253,-0.08947897
1253.099976,-0.091052532
1253.200073,-0.089681625
1253.300049,-0.087571621
1253.400024,-0.090623379
1253.5,-0.08666563
1253.599976,-0.089288235
1253.700073,-0.090444565
1253.800049,-0.09281683
1253.900024,-0.093007565
1254,-0.087190151
1254.099976,-0.090861797
1254.200073,-0.088239193
1254.300049,-0.085092068
1254.400024,-0.089765072
1254.5,-0.075126171
1254.599976,-0.084805965
1254.700073,-0.082087994
1254.800049,-0.088859081
1254.900024,-0.077224255
1255,-0.092006207
1255.099976,-0.086760998
1255.200073,-0.08742857
1255.300049,-0.078797817
1255.400024,-0.079274654
1255.5,-0.08204031
1255.599976,-0.094199657
1255.700073,-0.08409071
1255.800049,-0.08871603
1255.900024,-0.088620663
1256,-0.085998058
1256.099976,-0.080800533
1256.200073,-0.082993984
1256.300049,-0.092196941
1256.400024,-0.079322338
1256.5,-0.084424496
1256.599976,-0.082064152
1256.700073,-0.084233761
1256.800049,-0.085014582
1256.900024,-0.087333202
1257,-0.086427212
1257.099976,-0.083089352
1257.200073,-0.080895901
1257.300049,-0.081980705
1257.400024,-0.083280087
1257.5,-0.080657482
1257.599976,-0.083184719
1257.700073,-0.079834938
1257.800049,-0.076985836
1257.900024,-0.078511715
1258,-0.083041668
1258.099976,-0.083184719
1258.200073,-0.088763714
1258.300049,-0.08575964
1258.400024,-0.079370022
1258.5,-0.079799175
1258.599976,-0.083232403
1258.700073,-0.086951733
1258.800049,-0.086808681
1258.900024,-0.085330486
1259,-0.081611156
1259.099976,-0.090241909
1259.200073,-0.082755566
1259.300049,-0.085282803
1259.400024,-0.084305286
1259.5,-0.084949017
1259.599976,-0.084233761
1259.700073,-0.088239193
1259.800049,-0.080180645
1259.900024,-0.093389034
1260,-0.081992626
1260.099976,-0.088048458
1260.200073,-0.090146542
1260.300049,-0.084567547
1260.400024,-0.083375454
1260.5,-0.084150314
1260.599976,-0.086427212
1260.700073,-0.082231045
1260.800049,-0.079465389
1260.900024,-0.086379528
1261,-0.096965313
1261.099976,-0.077224255
1261.200073,-0.081134319
1261.300049,-0.089002132
1261.400024,-0.096583843
1261.5,-0.081754208
1261.599976,-0.100589275
1261.700073,-0.078034878
1261.800049,-0.091910839
1261.900024,-0.095248699
1262,-0.091910839
1262.099976,-0.090671062
1262.200073,-0.089812756
1262.300049,-0.088191509
1262.400024,-0.0865345
1262.5,-0.084233761
1262.599976,-0.083899975
1262.700073,-0.081229687
1262.800049,-0.084805965
1262.900024,-0.088286877
1263,-0.085855007
1263.099976,-0.099683285
1263.200073,-0.091720104
1263.300049,-0.080609798
1263.400024,-0.094914913
1263.5,-0.086617947
1263.599976,-0.090241909
1263.700073,-0.087619305
1263.800049,-0.089765072
1263.900024,-0.084710598
1264,-0.089276314
1264.099976,-0.091338634
1264.200073,-0.091290951
1264.300049,-0.092101574
1264.400024,-0.092006207
1264.5,-0.09076643
1264.599976,-0.093865871
1264.700073,-0.089002132
1264.800049,-0.085330486
1264.900024,-0.079322338
1265,-0.094676495
1265.099976,-0.085235119
1265.200073,-0.091720104
1265.300049,-0.078607082
1265.400024,-0.082755566
1265.5,-0.085223198
1265.599976,-0.09076643
1265.700073,-0.088763714
1265.800049,-0.093198299
1265.900024,-0.092149258
1266,-0.086951733
1266.099976,-0.090861797
1266.200073,-0.090992928
1266.300049,-0.091419101
1266.400024,-0.092530727
1266.5,-0.091290951
1266.599976,-0.092483044
1266.700073,-0.083232403
1266.800049,-0.088143826
1266.900024,-0.082087994
1267,-0.086379528
1267.099976,-0.086462975
1267.200073,-0.090098858
1267.300049,-0.087285519
1267.400024,-0.094247341
1267.5,-0.08666563
1267.599976,-0.09577322
1267.700073,-0.087380886
1267.800049,-0.094581127
1267.900024,-0.089669704
1268,-0.08075285
1268.099976,-0.089002132
1268.200073,-0.083756924
1268.300049,-0.08242178
1268.400024,-0.086570263
1268.5,-0.094295025
1268.599976,-0.092101574
1268.700073,-0.090861797
1268.800049,-0.088382244
1268.900024,-0.08537817
1269,-0.089145184
1269.099976,-0.08947897
1269.200073,-0.085950375
1269.300049,-0.085282803
1269.400024,-0.080419064
1269.5,-0.096774578
1269.599976,-0.079894543
1269.700073,-0.086141109
1269.800049,-0.095105648
1269.900024,-0.089669704
1270,-0.088096142
1270.099976,-0.081754208
1270.200073,-0.089288235
1270.300049,-0.096726894
1270.400024,-0.086331844
1270.5,-0.087094784
1270.599976,-0.084674835
1270.700073,-0.083661556
1270.800049,-0.081611156
1270.900024,-0.081897259
1271,-0.089431286
1271.099976,-0.084901333
1271.200073,-0.094295025
1271.300049,-0.093389034
1271.400024,-0.091624737
1271.5,-0.090337276
1271.599976,-0.091100216
1271.700073,-0.091100216
1271.800049,-0.090814114
1271.900024,-0.089419365
1272,-0.09000349
1272.099976,-0.08575964
1272.200073,-0.091767788
1272.300049,-0.079226971
1272.400024,-0.085235119
1272.5,-0.090909481
1272.599976,-0.089383602
1272.700073,-0.089657784
1272.800049,-0.089383602
1272.900024,-0.088954449
1273,-0.089192867
1273.099976,-0.088048458
1273.200073,-0.092280388
1273.300049,-0.095534801
1273.400024,-0.096345425
1273.5,-0.091672421
1273.599976,-0.086760998
1273.700073,-0.08781004
1273.800049,-0.091338634
1273.900024,-0.085998058
1274,-0.091434002
1274.099976,-0.09448576
1274.200073,-0.083899975
1274.300049,-0.084281445
1274.400024,-0.087380886
1274.5,-0.090146542
1274.599976,-0.091195583
1274.700073,-0.091338634
1274.800049,-0.095868587
1274.900024,-0.093985081
1275,-0.095153332
1275.099976,-0.093579769
1275.200073,-0.090909481
1275.300049,-0.095963955
1275.400024,-0.08947897
1275.5,-0.083804607
1275.599976,-0.095534801
1275.700073,-0.0911479
1275.800049,-0.091004848
1275.900024,-0.091851234
1276,-0.092578411
1276.099976,-0.092673779
1276.200073,-0.09076643
1276.300049,-0.084424496
1276.400024,-0.088382244
1276.5,-0.092530727
1276.599976,-0.089145184
1276.700073,-0.093389034
1276.800049,-0.089908123
1276.900024,-0.092196941
1277,-0.093913555
1277.099976,-0.090575695
1277.200073,-0.083375454
1277.300049,-0.086570263
1277.400024,-0.085855007
1277.5,-0.092530727
1277.599976,-0.085807323
1277.700073,-0.089335918
1277.800049,-0.092530727
1277.900024,-0.085711956
1278,-0.087380886
1278.099976,-0.083470821
1278.200073,-0.096488476
1278.300049,-0.08781004
1278.400024,-0.082660198
1278.5,-0.084329128
1278.599976,-0.093961239
1278.700073,-0.088954449
1278.800049,-0.092339993
1278.900024,-0.086808681
1279,-0.08332777
1279.099976,-0.091434002
1279.200073,-0.090528011
1279.300049,-0.094819546
1279.400024,-0.082946301
1279.5,-0.091290951
1279.599976,-0.085330486
1279.700073,-0.087857723
1279.800049,-0.087285519
1279.900024,-0.084805965
1280,-0.088382244
1280.099976,-0.084043026
1280.200073,-0.093102932
1280.300049,-0.086093426
1280.400024,-0.091767788
1280.5,-0.08833456
1280.599976,-0.088382244
1280.700073,-0.085807323
1280.800049,-0.090146542
1280.900024,-0.084901333
1281,-0.080800533
1281.099976,-0.089860439
1281.200073,-0.08204031
1281.300049,-0.083756924
1281.400024,-0.087142467
1281.5,-0.075984478
1281.599976,-0.082803249
1281.700073,-0.078988552
1281.800049,-0.085425854
1281.900024,-0.093961239
1282,-0.088668346
1282.099976,-0.094008923
1282.200073,-0.088859081
1282.300049,-0.091338634
1282.400024,-0.087523937
1282.5,-0.093007565
1282.599976,-0.082660198
1282.700073,-0.088620663
1282.800049,-0.083661556
1282.900024,-0.100732327
1283,-0.081229687
1283.099976,-0.090575695
1283.200073,-0.077271938
1283.300049,-0.084949017
1283.400024,-0.093818188
1283.5,-0.07793951
1283.599976,-0.096107006
1283.700073,-0.084281445
1283.800049,-0.087857723
1283.900024,-0.080991268
1284,-0.091338634
1284.099976,-0.082803249
1284.200073,-0.097871304
1284.300049,-0.086760998
1284.400024,-0.092673779
1284.5,-0.083995342
1284.599976,-0.082612514
1284.700073,-0.084770203
1284.800049,-0.086522579
1284.900024,-0.085950375
1285,-0.087619305
1285.099976,-0.094914913
1285.200073,-0.079846859
1285.300049,-0.088954449
1285.400024,-0.090623379
1285.5,-0.083518505
1285.599976,-0.086379528
1285.700073,-0.084424496
1285.800049,-0.088286877
1285.900024,-0.084376812
1286,-0.093389034
1286.099976,-0.089574337
1286.200073,-0.093293667
1286.300049,-0.088000774
1286.400024,-0.084710598
1286.5,-0.084424496
1286.599976,-0.084376812
1286.700073,-0.086617947
1286.800049,-0.086856365
1286.900024,-0.086415291
1287,-0.086427212
1287.099976,-0.08575964
1287.200073,-0.091434002
1287.300049,-0.085473537
1287.400024,-0.092387676
1287.5,-0.09076643
1287.599976,-0.089049816
1287.700073,-0.087714672
1287.800049,-0.088000774
1287.900024,-0.091016769
1288,-0.093913555
1288.099976,-0.094438076
1288.200073,-0.094569206
1288.300049,-0.097775936
1288.400024,-0.092149258
1288.5,-0.095916271
1288.599976,-0.089192867
1288.700073,-0.091338634
1288.800049,-0.092959881
1288.900024,-0.092006207
1289,-0.095487118
1289.099976,-0.089002132
1289.200073,-0.095201015
1289.300049,-0.088668346
1289.400024,-0.098443508
1289.5,-0.0849967
1289.599976,-0.096917629
1289.700073,-0.089240551
1289.800049,-0.089955807
1289.900024,-0.091481686
1290,-0.093484402
1290.099976,-0.091910839
1290.200073,-0.089145184
1290.300049,-0.08947897
1290.400024,-0.091290951
1290.5,-0.09076643
1290.599976,-0.085711956
1290.700073,-0.084662914
1290.800049,-0.095725536
1290.900024,-0.097632885
1291,-0.089860439
1291.099976,-0.093341351
1291.200073,-0.090146542
1291.300049,-0.085807323
1291.400024,-0.087762356
1291.5,-0.084329128
1291.599976,-0.082469463
1291.700073,-0.086319923
1291.800049,-0.087190151
1291.900024,-0.091290951
1292,-0.085902691
1292.099976,-0.093913555
1292.200073,-0.086713314
1292.300049,-0.080895901
1292.400024,-0.086093426
1292.5,-0.086188793
1292.599976,-0.092721462
1292.700073,-0.101638317
1292.800049,-0.09872961
1292.900024,-0.093293667
1293,-0.099397182
1293.099976,-0.09076643
1293.200073,-0.091290951
1293.300049,-0.089776993
1293.400024,-0.087857723
1293.5,-0.089192867
1293.599976,-0.093245983
1293.700073,-0.090289593
1293.800049,-0.094867229
1293.900024,-0.090826035
1294,-0.086713314
1294.099976,-0.091434002
1294.200073,-0.093675137
1294.300049,-0.083137035
1294.400024,-0.092721462
1294.5,-0.101113796
1294.599976,-0.086808681
1294.700073,-0.089669704
1294.800049,-0.088954449
1294.900024,-0.095487118
1295,-0.092244625
1295.099976,-0.099063396
1295.200073,-0.09243536
1295.300049,-0.087190151
1295.400024,-0.095582485
1295.5,-0.08742857
1295.599976,-0.083613873
1295.700073,-0.090718746
1295.800049,-0.089431286
1295.900024,-0.09410429
1296,-0.094175816
1296.099976,-0.097632885
1296.200073,-0.095534801
1296.300049,-0.092673779
1296.400024,-0.088239193
1296.5,-0.089288235
1296.599976,-0.086379528
1296.700073,-0.098109722
1296.800049,-0.084853649
1296.900024,-0.093961239
1297,-0.092387676
1297.099976,-0.092089653
1297.200073,-0.089526653
1297.300049,-0.092483044
1297.400024,-0.081563473
1297.5,-0.088382244
1297.599976,-0.084186077
1297.700073,-0.079465389
1297.800049,-0.082898617
1297.900024,-0.079942226
1298,-0.094342709
1298.099976,-0.085902691
1298.200073,-0.090146542
1298.300049,-0.094676495
1298.400024,-0.090623379
1298.5,-0.086617947
1298.599976,-0.087905407
1298.700073,-0.089705467
1298.800049,-0.092101574
1298.900024,-0.092196941
1299,-0.094199657
1299.099976,-0.093675137
1299.200073,-0.094199657
1299.300049,-0.09410429
1299.400024,-0.083566189
1299.5,-0.08781004
1299.599976,-0.09539175
1299.700073,-0.082803249
1299.800049,-0.089860439
1299.900024,-0.087237835
1300,-0.082898617
1300.099976,-0.08833456
1300.200073,-0.09205389
1300.300049,-0.086141109
1300.400024,-0.086808681
1300.5,-0.08332777
1300.599976,-0.093150616
1300.700073,-0.085235119
1300.800049,-0.080800533
1300.900024,-0.089574337
1301,-0.091052532
1301.099976,-0.0890975
1301.200073,-0.084043026
1301.300049,-0.093198299
1301.400024,-0.101304531
1301.5,-0.10039854
1301.599976,-0.089288235
1301.700073,-0.09000349
1301.800049,-0.086904049
1301.900024,-0.095248699
1302,-0.078368664
1302.099976,-0.094771862
1302.200073,-0.087571621
1302.300049,-0.089335918
1302.400024,-0.0911479
1302.5,-0.092733383
1302.599976,-0.092196941
1302.700073,-0.08705008
1302.800049,-0.080562115
1302.900024,-0.082707882
1303,-0.087333202
1303.099976,-0.088000774
1303.200073,-0.090861797
1303.300049,-0.091338634
1303.400024,-0.115991116
1303.5,-0.121760845
1303.599976,-0.125098705
1303.700073,-0.115991116
1303.800049,-0.121140957
1303.900024,-0.117993832
1304,-0.11360693
1304.099976,-0.11732626
1304.200073,-0.113964558
1304.300049,-0.112462521
1304.400024,-0.112462521
1304.5,-0.1139884
1304.599976,-0.115943432
1304.700073,-0.121808529
1304.800049,-0.117516994
1304.900024,-0.114799023
1305,-0.121236324
1305.099976,-0.125480175
1305.200073,-0.123835087
1305.300049,-0.123954296
1305.400024,-0.124669552
1305.5,-0.122237682
1305.599976,-0.120425701
1305.700073,-0.11990118
1305.800049,-0.117135525
1305.900024,-0.126624584
1306,-0.121808529
1306.099976,-0.117516994
1306.200073,-0.122189999
1306.300049,-0.11322546
1306.400024,-0.124812603
1306.5,-0.12157011
1306.599976,-0.128531933
1306.700073,-0.120759487
1306.800049,-0.12323904
1306.900024,-0.121522427
1307,-0.116992474
1307.099976,-0.119805813
1307.200073,-0.118268013
1307.300049,-0.117135525
1307.400024,-0.119138241
1307.5,-0.117123604
1307.599976,-0.115371227
1307.700073,-0.116849422
1307.800049,-0.118661404
1307.900024,-0.119972706
1308,-0.121093273
1308.099976,-0.123286724
1308.200073,-0.121999264
1308.300049,-0.117373943
1308.400024,-0.127959728
1308.5,-0.11360693
1308.599976,-0.118422985
1308.700073,-0.118279934
1308.800049,-0.125813961
1308.900024,-0.110078335
1309,-0.123668194
1309.099976,-0.118184566
1309.200073,-0.124860287
1309.300049,-0.122523785
1309.400024,-0.116515636
1309.5,-0.11785078
1309.599976,-0.118947506
1309.700073,-0.121045589
1309.800049,-0.118518353
1309.900024,-0.124145031
1310,-0.119138241
1310.099976,-0.119948864
1310.200073,-0.122666836
1310.300049,-0.119984627
1310.400024,-0.119138241
1310.5,-0.118184566
1310.599976,-0.119281292
1310.700073,-0.124049664
1310.800049,-0.122189999
1310.900024,-0.11899519
1311,-0.122809887
1311.099976,-0.11785078
1311.200073,-0.119662762
1311.300049,-0.125432491
1311.400024,-0.128913403
1311.5,-0.121093273
1311.599976,-0.116277218
1311.700073,-0.120139599
1311.800049,-0.121093273
1311.900024,-0.125623226
1312,-0.111222744
1312.099976,-0.116038799
1312.200073,-0.119090557
1312.300049,-0.125432491
1312.400024,-0.122905254
1312.5,-0.12939024
1312.599976,-0.12438345
1312.700073,-0.119472027
1312.800049,-0.119472027
1312.900024,-0.122380733
1313,-0.116992474
1313.099976,-0.128722668
1313.200073,-0.123477459
1313.300049,-0.121045589
1313.400024,-0.122058868
1313.5,-0.12271452
1313.599976,-0.120997906
1313.700073,-0.128102779
1313.800049,-0.120759487
1313.900024,-0.113940716
1314,-0.117946148
1314.099976,-0.119996548
1314.200073,-0.123191357
1314.300049,-0.11990118
1314.400024,-0.126433849
1314.5,-0.123143673
1314.599976,-0.113177776
1314.700073,-0.116897106
1314.800049,-0.116992474
1314.900024,-0.119042873
1315,-0.118852139
1315.099976,-0.124860287
1315.200073,-0.113082409
1315.300049,-0.122094631
1315.400024,-0.118947506
1315.5,-0.119281292
1315.599976,-0.118041515
1315.700073,-0.122523785
1315.800049,-0.116706371
1315.900024,-0.122857571
1316,-0.123334408
1316.099976,-0.119948864
1316.200073,-0.126815319
1316.300049,-0.119472027
1316.400024,-0.12195158
1316.5,-0.118852139
1316.599976,-0.120592594
1316.700073,-0.120521069
1316.800049,-0.121045589
1316.900024,-0.12323904
1317,-0.126433849
1317.099976,-0.124955654
1317.200073,-0.123763561
1317.300049,-0.124764919
1317.400024,-0.126147747
1317.5,-0.124192715
1317.599976,-0.118804455
1317.700073,-0.11360693
1317.800049,-0.116372585
1317.900024,-0.120378017
1318,-0.123477459
1318.099976,-0.128484249
1318.200073,-0.117707729
1318.300049,-0.121427059
1318.400024,-0.11322546
1318.5,-0.126243114
1318.599976,-0.122285366
1318.700073,-0.12605238
1318.800049,-0.124431133
1318.900024,-0.129247189
1319,-0.126362324
1319.099976,-0.123858929
1319.200073,-0.127912045
1319.300049,-0.122189999
1319.400024,-0.128055096
1319.5,-0.118804455
1319.599976,-0.121140957
1319.700073,-0.117993832
1319.800049,-0.123095989
1319.900024,-0.128150463
1320,-0.12323904
1320.099976,-0.12195158
1320.200073,-0.119090557
1320.300049,-0.130725384
1320.400024,-0.118089199
1320.5,-0.134063244
1320.599976,-0.120568752
1320.700073,-0.127149105
1320.800049,-0.11618185
1320.900024,-0.129962444
1321,-0.131249905
1321.099976,-0.121665478
1321.200073,-0.120854855
1321.300049,-0.12605238
1321.400024,-0.121713161
1321.5,-0.126004696
1321.599976,-0.121045589
1321.700073,-0.129151821
1321.800049,-0.125623226
1321.900024,-0.12900877
1322,-0.128961086
1322.099976,-0.130582333
1322.200073,-0.120425701
1322.300049,-0.129962444
1322.400024,-0.118279934
1322.5,-0.133443356
1322.599976,-0.129056454
1322.700073,-0.121856213
1322.800049,-0.123143673
1322.900024,-0.11899519
1323,-0.129819393
1323.099976,-0.119519711
1323.200073,-0.128341198
1323.300049,-0.11694479
1323.400024,-0.139737606
1323.5,-0.12438345
1323.599976,-0.126767635
1323.700073,-0.119185925
1323.800049,-0.120330334
1323.900024,-0.121808529
1324,-0.132775784
1324.099976,-0.133967876
1324.200073,-0.120807171
1324.300049,-0.129247189
1324.400024,-0.123429775
1324.5,-0.132394314
1324.599976,-0.123954296
1324.700073,-0.126910686
1324.800049,-0.128198147
1324.900024,-0.127244473
1325,-0.127864361
1325.099976,-0.127065659
1325.200073,-0.128150463
1325.300049,-0.125003338
1325.400024,-0.131631374
1325.5,-0.128961086
1325.599976,-0.124145031
1325.700073,-0.121522427
1325.800049,-0.123382092
1325.900024,-0.129676342
1326,-0.127053738
1326.099976,-0.121665478
1326.200073,-0.115800381
1326.300049,-0.119376659
1326.400024,-0.118709087
1326.5,-0.121331692
1326.599976,-0.1265769
1326.700073,-0.126863003
1326.800049,-0.129247189
1326.900024,-0.131297588
1327,-0.132251263
1327.099976,-0.124526501
1327.200073,-0.121808529
1327.300049,-0.13029623
1327.400024,-0.121617794
1327.5,-0.133824825
1327.599976,-0.123191357
1327.700073,-0.128961086
1327.800049,-0.12772131
1327.900024,-0.126100063
1328,-0.124478817
1328.099976,-0.122476101
1328.200073,-0.125575542
1328.300049,-0.127006054
1328.400024,-0.126803398
1328.5,-0.127149105
1328.599976,-0.127482891
1328.700073,-0.127196789
1328.800049,-0.123048306
1328.900024,-0.121427059
1329,-0.132632732
1329.099976,-0.12695837
1329.200073,-0.119376659
1329.300049,-0.130153179
1329.400024,-0.127387524
1329.5,-0.125241756
1329.599976,-0.130630016
1329.700073,-0.127768993
1329.800049,-0.127244473
1329.900024,-0.125182152
1330,-0.122476101
1330.099976,-0.12323904
1330.200073,-0.12900877
1330.300049,-0.119328976
1330.400024,-0.134683132
1330.5,-0.12939024
1330.599976,-0.121045589
1330.700073,-0.126100063
1330.800049,-0.120854855
1330.900024,-0.122809887
1331,-0.126100063
1331.099976,-0.122094631
1331.200073,-0.127482891
1331.300049,-0.131869793
1331.400024,-0.123382092
1331.5,-0.122285366
1331.599976,-0.126195431
1331.700073,-0.125337124
1331.800049,-0.134206295
1331.900024,-0.123572826
1332,-0.129580975
1332.099976,-0.120616436
1332.200073,-0.137830257
1332.300049,-0.122380733
1332.400024,-0.125337124
1332.5,-0.118899822
1332.599976,-0.12271452
1332.700073,-0.128722668
1332.800049,-0.121093273
1332.900024,-0.126195431
1333,-0.13310957
1333.099976,-0.126719952
1333.200073,-0.127578259
1333.300049,-0.115371227
1333.400024,-0.129724026
1333.5,-0.117087841
1333.599976,-0.131583691
1333.700073,-0.128484249
1333.800049,-0.120521069
1333.900024,-0.11785078
1334,-0.121903896
1334.099976,-0.128198147
1334.200073,-0.123477459
1334.300049,-0.126386166
1334.400024,-0.128102779
1334.5,-0.122905254
1334.599976,-0.1327281
1334.700073,-0.122142315
1334.800049,-0.115895748
1334.900024,-0.124478817
1335,-0.12438345
1335.099976,-0.115371227
1335.200073,-0.123954296
1335.300049,-0.131536007
1335.400024,-0.123572826
1335.5,-0.134301662
1335.599976,-0.128722668
1335.700073,-0.126815319
1335.800049,-0.129485607
1335.900024,-0.124621868
1336,-0.132012844
1336.099976,-0.12362051
1336.200073,-0.133443356
1336.300049,-0.12567091
1336.400024,-0.116992474
1336.5,-0.135064602
1336.599976,-0.127959728
1336.700073,-0.11565733
1336.800049,-0.129724026
1336.900024,-0.134349346
1337,-0.132823467
1337.099976,-0.127578259
1337.200073,-0.123858929
1337.300049,-0.127101421
1337.400024,-0.123477459
1337.5,-0.134540081
1337.599976,-0.117946148
1337.700073,-0.127578259
1337.800049,-0.126767635
1337.900024,-0.128520012
1338,-0.131011486
1338.099976,-0.128722668
1338.200073,-0.131726742
1338.300049,-0.122952938
1338.400024,-0.125575542
1338.5,-0.127625942
1338.599976,-0.11732626
1338.700073,-0.127387524
1338.800049,-0.135159969
1338.900024,-0.129437923
1339,-0.128722668
1339.099976,-0.13105917
1339.200073,-0.12323904
1339.300049,-0.128579617
1339.400024,-0.125813961
1339.5,-0.137067318
1339.599976,-0.139356136
1339.700073,-0.129104137
1339.800049,-0.125861645
1339.900024,-0.131774426
1340,-0.135493755
1340.099976,-0.125432491
1340.200073,-0.138211727
1340.300049,-0.133443356
1340.400024,-0.128388882
1340.5,-0.125337124
1340.599976,-0.129771709
1340.700073,-0.127578259
1340.800049,-0.126004696
1340.900024,-0.123095989
1341,-0.141501904
1341.099976,-0.122905254
1341.200073,-0.130868435
1341.300049,-0.133967876
1341.400024,-0.133920193
1341.5,-0.13029623
1341.599976,-0.127244473
1341.700073,-0.125432491
1341.800049,-0.124621868
1341.900024,-0.127792835
1342,-0.130248547
1342.099976,-0.130868435
1342.200073,-0.122189999
1342.300049,-0.129294872
1342.400024,-0.123954296
1342.5,-0.133347988
1342.599976,-0.132298946
1342.700073,-0.129151821
1342.800049,-0.124145031
1342.900024,-0.126815319
1343,-0.127220631
1343.099976,-0.127768993
1343.200073,-0.130153179
1343.300049,-0.133824825
1343.400024,-0.134635448
1343.5,-0.131726742
1343.599976,-0.125718594
1343.700073,-0.121903896
1343.800049,-0.135732174
1343.900024,-0.132108212
1344,-0.128436565
1344.099976,-0.132060528
1344.200073,-0.129104137
1344.300049,-0.13105917
1344.400024,-0.131536007
1344.5,-0.129294872
1344.599976,-0.127149105
1344.700073,-0.135255337
1344.800049,-0.12195158
1344.900024,-0.13310957
1345,-0.126815319
1345.099976,-0.133300304
1345.200073,-0.130391598
1345.300049,-0.131488323
1345.400024,-0.135207653
1345.5,-0.132537365
1345.599976,-0.13196516
1345.700073,-0.131488323
1345.800049,-0.135493755
1345.900024,-0.125766277
1346,-0.130010128
1346.099976,-0.131917477
1346.200073,-0.131345272
1346.300049,-0.128722668
1346.400024,-0.129986286
1346.5,-0.12939024
1346.599976,-0.130486965
1346.700073,-0.128198147
1346.800049,-0.127816677
1346.900024,-0.126147747
1347,-0.126433849
1347.099976,-0.127673626
1347.200073,-0.130725384
1347.300049,-0.127387524
1347.400024,-0.132704258
1347.5,-0.136733532
1347.599976,-0.135970592
1347.700073,-0.12772131
1347.800049,-0.131345272
1347.900024,-0.135922909
1348,-0.133920193
1348.099976,-0.134206295
1348.200073,-0.128102779
1348.300049,-0.127196789
1348.400024,-0.132251263
1348.5,-0.130963802
1348.599976,-0.124574184
1348.700073,-0.130582333
1348.800049,-0.134826183
1348.900024,-0.128913403
1349,-0.136304379
1349.099976,-0.133824825
1349.200073,-0.135350704
1349.300049,-0.135493755
1349.400024,-0.135779858
1349.5,-0.130916119
1349.599976,-0.122905254
1349.700073,-0.133586407
1349.800049,-0.125766277
1349.900024,-0.134683132
1350,-0.132918835
1350.099976,-0.118136883
1350.200073,-0.133538723
1350.300049,-0.125384808
1350.400024,-0.136495113
1350.5,-0.134683132
1350.599976,-0.126910686
1350.700073,-0.123000622
1350.800049,-0.128198147
1350.900024,-0.125992775
1351,-0.126863003
1351.099976,-0.125909328
1351.200073,-0.1286273
1351.300049,-0.133300304
1351.400024,-0.132394314
1351.5,-0.131440639
1351.599976,-0.128007412
1351.700073,-0.133777142
1351.800049,-0.128770351
1351.900024,-0.131345272
1352,-0.127780914
1352.099976,-0.125480175
1352.200073,-0.125527859
1352.300049,-0.133920193
1352.400024,-0.128770351
1352.5,-0.136113644
1352.599976,-0.123954296
1352.700073,-0.128055096
1352.800049,-0.129724026
1352.900024,-0.139832973
1353,-0.13310957
1353.099976,-0.140452862
1353.200073,-0.127244473
1353.300049,-0.133729458
1353.400024,-0.130582333
1353.5,-0.129426003
1353.599976,-0.126719952
1353.700073,-0.126672268
1353.800049,-0.130558491
1353.900024,-0.134969234
1354,-0.133872509
1354.099976,-0.133991718
1354.200073,-0.1327281
1354.300049,-0.13439703
1354.400024,-0.133038044
1354.5,-0.131822109
1354.599976,-0.133204937
1354.700073,-0.134301662
1354.800049,-0.131631374
1354.900024,-0.134349346
1355,-0.139165401
1355.099976,-0.129151821
1355.200073,-0.13234663
1355.300049,-0.124240398
1355.400024,-0.121140957
1355.5,-0.126243114
1355.599976,-0.129294872
1355.700073,-0.126433849
1355.800049,-0.125337124
1355.900024,-0.124860287
1356,-0.129962444
1356.099976,-0.134110928
1356.200073,-0.134826183
1356.300049,-0.131583691
1356.400024,-0.124717236
1356.5,-0.124621868
1356.599976,-0.127816677
1356.700073,-0.122523785
1356.800049,-0.130105495
1356.900024,-0.123668194
1357,-0.126147747
1357.099976,-0.133824825
1357.200073,-0.124240398
1357.300049,-0.137448788
1357.400024,-0.126529217
1357.5,-0.130248547
1357.599976,-0.132775784
1357.700073,-0.135636806
1357.800049,-0.133538723
1357.900024,-0.132060528
1358,-0.133681774
1358.099976,-0.125098705
1358.200073,-0.127292156
1358.300049,-0.12823391
1358.400024,-0.130153179
1358.5,-0.130391598
1358.599976,-0.127196789
1358.700073,-0.139356136
1358.800049,-0.130439281
1358.900024,-0.134492397
1359,-0.137305737
1359.099976,-0.133061886
1359.200073,-0.134492397
1359.300049,-0.139308453
1359.400024,-0.142503262
1359.5,-0.143313885
1359.599976,-0.138688564
1359.700073,-0.136590481
1359.800049,-0.13234663
1359.900024,-0.13234663
1360,-0.130391598
1360.099976,-0.13401556
1360.200073,-0.137496471
1360.300049,-0.131249905
1360.400024,-0.134683132
1360.5,-0.137115002
1360.599976,-0.137019634
1360.700073,-0.129104137
1360.800049,-0.126290798
1360.900024,-0.129580975
1361,-0.134349346
1361.099976,-0.130200863
1361.200073,-0.130439281
1361.300049,-0.132430077
1361.400024,-0.135064602
1361.5,-0.13401556
1361.599976,-0.131345272
1361.700073,-0.128770351
1361.800049,-0.134873867
1361.900024,-0.127816677
1362,-0.123000622
1362.099976,-0.142264843
1362.200073,-0.128245831
1362.300049,-0.134587765
1362.400024,-0.136685848
1362.5,-0.134838104
1362.599976,-0.133824825
1362.700073,-0.134253979
1362.800049,-0.13644743
1362.900024,-0.136209011
1363,-0.131631374
1363.099976,-0.135255337
1363.200073,-0.130773067
1363.300049,-0.13105917
1363.400024,-0.131178379
1363.5,-0.131440639
1363.599976,-0.131440639
1363.700073,-0.13234663
1363.800049,-0.131631374
1363.900024,-0.132155895
1364,-0.136626244
1364.099976,-0.142503262
1364.200073,-0.140214443
1364.300049,-0.132108212
1364.400024,-0.140262127
1364.5,-0.135446072
1364.599976,-0.126624584
1364.700073,-0.129056454
1364.800049,-0.133157253
1364.900024,-0.123382092
1365,-0.140309811
1365.099976,-0.134587765
1365.200073,-0.135350704
1365.300049,-0.137305737
1365.400024,-0.139356136
1365.5,-0.139928341
1365.599976,-0.129247189
1365.700073,-0.125909328
1365.800049,-0.136352062
1365.900024,-0.138354778
1366,-0.133252621
1366.099976,-0.121093273
1366.200073,-0.138593197
1366.300049,-0.132966518
1366.400024,-0.1327281
1366.5,-0.138164043
1366.599976,-0.135827541
1366.700073,-0.127530575
1366.800049,-0.128245831
1366.900024,-0.130916119
1367,-0.138307095
1367.099976,-0.123858929
1367.200073,-0.129962444
1367.300049,-0.131774426
1367.400024,-0.136733532
1367.5,-0.129199505
1367.599976,-0.131679058
1367.700073,-0.131524086
1367.800049,-0.132966518
1367.900024,-0.132251263
1368,-0.130439281
1368.099976,-0.127482891
1368.200073,-0.129056454
1368.300049,-0.132489681
1368.400024,-0.13735342
1368.5,-0.141549587
1368.599976,-0.135922909
1368.700073,-0.141692638
1368.800049,-0.134969234
1368.900024,-0.131440639
1369,-0.128388882
1369.099976,-0.137162685
1369.200073,-0.13196516
1369.300049,-0.133967876
1369.400024,-0.137830257
1369.5,-0.127435207
1369.599976,-0.135541439
1369.700073,-0.14069128
1369.800049,-0.140834332
1369.900024,-0.135922909
1370,-0.130582333
1370.099976,-0.133586407
1370.200073,-0.132489681
1370.300049,-0.133347988
1370.400024,-0.135064602
1370.5,-0.129628658
1370.599976,-0.138879299
1370.700073,-0.132203579
1370.800049,-0.135922909
1370.900024,-0.130582333
1371,-0.139832973
1371.099976,-0.139356136
1371.200073,-0.137675285
1371.300049,-0.136256695
1371.400024,-0.135255337
1371.5,-0.141597271
1371.599976,-0.128865719
1371.700073,-0.135970592
1371.800049,-0.143170834
1371.900024,-0.126910686
1372,-0.131822109
1372.099976,-0.132406235
1372.200073,-0.135493755
1372.300049,-0.135398388
1372.400024,-0.134635448
1372.5,-0.1265769
1372.599976,-0.14441061
1372.700073,-0.135398388
1372.800049,-0.139689922
1372.900024,-0.128198147
1373,-0.130391598
1373.099976,-0.127816677
1373.200073,-0.133288383
1373.300049,-0.137115002
1373.400024,-0.137830257
1373.5,-0.133836746
1373.599976,-0.128674984
1373.700073,-0.131726742
1373.800049,-0.140023708
1373.900024,-0.142121792
1374,-0.131631374
1374.099976,-0.137782574
1374.200073,-0.133920193
1374.300049,-0.130391598
1374.400024,-0.133777142
1374.5,-0.128388882
1374.599976,-0.138020992
1374.700073,-0.135159969
1374.800049,-0.143695354
1374.900024,-0.131297588
1375,-0.138307095
1375.099976,-0.136256695
1375.200073,-0.135064602
1375.300049,-0.13940382
1375.400024,-0.132298946
1375.5,-0.122046947
1375.599976,-0.144076824
1375.700073,-0.128913403
1375.800049,-0.131011486
1375.900024,-0.132823467
1376,-0.126433849
1376.099976,-0.1286273
1376.200073,-0.13978529
1376.300049,-0.133872509
1376.400024,-0.127959728
1376.5,-0.12939024
1376.599976,-0.134730816
1376.700073,-0.130725384
1376.800049,-0.134206295
1376.900024,-0.140071392
1377,-0.129104137
1377.099976,-0.132108212
1377.200073,-0.133872509
1377.300049,-0.136876583
1377.400024,-0.132632732
1377.5,-0.134635448
1377.599976,-0.122857571
1377.700073,-0.133872509
1377.800049,-0.141025066
1377.900024,-0.13196516
1378,-0.135207653
1378.099976,-0.132203579
1378.200073,-0.137687206
1378.300049,-0.136924267
1378.400024,-0.130725384
1378.5,-0.135398388
1378.599976,-0.130010128
1378.700073,-0.135970592
1378.800049,-0.134730816
1378.900024,-0.131011486
1379,-0.131631374
1379.099976,-0.137019634
1379.200073,-0.129294872
1379.300049,-0.133538723
1379.400024,-0.141740322
1379.5,-0.139499187
1379.599976,-0.131345272
1379.700073,-0.145221233
1379.800049,-0.136781216
1379.900024,-0.137067318
1380,-0.132251263
1380.099976,-0.136268616
1380.200073,-0.136590481
1380.300049,-0.139165401
1380.400024,-0.141931057
1380.5,-0.127196789
1380.599976,-0.136876583
1380.700073,-0.130725384
1380.800049,-0.139260769
1380.900024,-0.136352062
1381,-0.141406536
1381.099976,-0.142121792
1381.200073,-0.137162685
1381.300049,-0.133681774
1381.400024,-0.128674984
1381.5,-0.139117718
1381.599976,-0.135493755
1381.700073,-0.133681774
1381.800049,-0.132966518
1381.900024,-0.138593197
1382,-0.137639523
1382.099976,-0.135159969
1382.200073,-0.136018276
1382.300049,-0.137281895
1382.400024,-0.137210369
1382.5,-0.140738964
1382.599976,-0.134683132
1382.700073,-0.137210369
1382.800049,-0.13735342
1382.900024,-0.13606596
1383,-0.137782574
1383.099976,-0.136161327
1383.200073,-0.135493755
1383.300049,-0.13530302
1383.400024,-0.138640881
1383.5,-0.136685848
1383.599976,-0.142789364
1383.700073,-0.148272991
1383.800049,-0.141311169
1383.900024,-0.130153179
1384,-0.142217159
1384.099976,-0.135446072
1384.200073,-0.142646313
1384.300049,-0.136733532
1384.400024,-0.141978741
1384.5,-0.137162685
1384.599976,-0.141358852
1384.700073,-0.136542797
1384.800049,-0.137305737
1384.900024,-0.139451504
1385,-0.138831615
1385.099976,-0.137305737
1385.200073,-0.141025066
1385.300049,-0.138450146
1385.400024,-0.138783932
1385.5,-0.136495113
1385.599976,-0.135159969
1385.700073,-0.133586407
1385.800049,-0.136852741
1385.900024,-0.139117718
1386,-0.139546871
1386.099976,-0.145078182
1386.200073,-0.146890163
1386.300049,-0.135016918
1386.400024,-0.130439281
1386.5,-0.135589123
1386.599976,-0.143313885
1386.700073,-0.135446072
1386.800049,-0.137544155
1386.900024,-0.142837048
1387,-0.148368359
1387.099976,-0.139356136
1387.200073,-0.141740322
1387.300049,-0.129628658
1387.400024,-0.137639523
1387.5,-0.134063244
1387.599976,-0.135589123
1387.700073,-0.143218517
1387.800049,-0.140357494
1387.900024,-0.143647671
1388,-0.143456936
1388.099976,-0.143886089
1388.200073,-0.143695354
1388.300049,-0.144744396
1388.400024,-0.148416042
1388.5,-0.141215801
1388.599976,-0.153613567
1388.700073,-0.149989605
1388.800049,-0.144696712
1388.900024,-0.136733532
1389,-0.140977383
1389.099976,-0.135493755
1389.200073,-0.135922909
1389.300049,-0.130105495
1389.400024,-0.141597271
1389.5,-0.134540081
1389.599976,-0.142646313
1389.700073,-0.130916119
1389.800049,-0.136113644
1389.900024,-0.139642239
1390,-0.136685848
1390.099976,-0.138497829
1390.200073,-0.146222591
1390.300049,-0.140309811
1390.400024,-0.146174908
1390.5,-0.135207653
1390.599976,-0.143075466
1390.700073,-0.133586407
1390.800049,-0.137401104
1390.900024,-0.139594555
1391,-0.138831615
1391.099976,-0.13644743
1391.200073,-0.139594555
1391.300049,-0.142884731
1391.400024,-0.133014202
1391.5,-0.140595913
1391.599976,-0.145936489
1391.700073,-0.144649029
1391.800049,-0.143957615
1391.900024,-0.140977383
1392,-0.144267559
1392.099976,-0.140119076
1392.200073,-0.139928341
1392.300049,-0.140190601
1392.400024,-0.141215801
1392.5,-0.139499187
1392.599976,-0.146651745
1392.700073,-0.142264843
1392.800049,-0.138545513
1392.900024,-0.147271633
1393,-0.135493755
1393.099976,-0.142074108
1393.200073,-0.132966518
1393.300049,-0.13363409
1393.400024,-0.134850025
1393.5,-0.137305737
1393.599976,-0.135493755
1393.700073,-0.134873867
1393.800049,-0.134718895
1393.900024,-0.133586407
1394,-0.134921551
1394.099976,-0.141978741
1394.200073,-0.140166759
1394.300049,-0.144744396
1394.400024,-0.149226665
1394.5,-0.145936489
1394.599976,-0.143027782
1394.700073,-0.146747112
1394.800049,-0.132918835
1394.900024,-0.14236021
1395,-0.150704861
1395.099976,-0.147891521
1395.200073,-0.13902235
1395.300049,-0.129485607
1395.400024,-0.136018276
1395.5,-0.144172192
1395.599976,-0.142980099
1395.700073,-0.142693996
1395.800049,-0.141168118
1395.900024,-0.138020992
1396,-0.140977383
1396.099976,-0.132775784
1396.200073,-0.143552303
1396.300049,-0.133252621
1396.400024,-0.143552303
1396.5,-0.139165401
1396.599976,-0.142217159
1396.700073,-0.134158611
1396.800049,-0.142789364
1396.900024,-0.13940382
1397,-0.151229382
1397.099976,-0.144124508
1397.200073,-0.143027782
1397.300049,-0.142837048
1397.400024,-0.139689922
1397.5,-0.139594555
1397.599976,-0.14042902
1397.700073,-0.14145422
1397.800049,-0.140977383
1397.900024,-0.140035629
1398,-0.140262127
1398.099976,-0.137448788
1398.200073,-0.132012844
1398.300049,-0.132823467
1398.400024,-0.135112286
1398.5,-0.147319317
1398.599976,-0.133204937
1398.700073,-0.140119076
1398.800049,-0.129962444
1398.900024,-0.142503262
1399,-0.142980099
1399.099976,-0.145125866
1399.200073,-0.143671513
1399.300049,-0.140309811
1399.400024,-0.146270275
1399.5,-0.142074108
1399.599976,-0.132155895
1399.700073,-0.137496471
1399.800049,-0.142980099
1399.900024,-0.139928341
1400,-0.141263485
1400.099976,-0.136733532
1400.200073,-0.144362926
1400.300049,-0.135398388
1400.400024,-0.14107275
1400.5,-0.136733532
1400.599976,-0.139594555
1400.700073,-0.134826183
1400.800049,-0.13644743
1400.900024,-0.13657856
1401,-0.139213085
1401.099976,-0.135827541
1401.200073,-0.14236021
1401.300049,-0.141692638
1401.400024,-0.139594555
1401.5,-0.142264843
1401.599976,-0.13811636
1401.700073,-0.13940382
1401.800049,-0.133347988
1401.900024,-0.140452862
1402,-0.14441061
1402.099976,-0.142443657
1402.200073,-0.141740322
1402.300049,-0.143170834
1402.400024,-0.141501904
1402.5,-0.129819393
1402.599976,-0.139642239
1402.700073,-0.130391598
1402.800049,-0.132918835
1402.900024,-0.144458294
1403,-0.148797512
1403.099976,-0.144529819
1403.200073,-0.14236021
1403.300049,-0.142503262
1403.400024,-0.136638165
1403.5,-0.140309811
1403.599976,-0.134683132
1403.700073,-0.140500546
1403.800049,-0.139689922
1403.900024,-0.147700787
1404,-0.137782574
1404.099976,-0.149035931
1404.200073,-0.140262127
1404.300049,-0.144124508
1404.400024,-0.133347988
1404.5,-0.133157253
1404.599976,-0.135446072
1404.700073,-0.142264843
1404.800049,-0.139976025
1404.900024,-0.132394314
1405,-0.132585049
1405.099976,-0.136352062
1405.200073,-0.142074108
1405.300049,-0.141597271
1405.400024,-0.144374847
1405.5,-0.145936489
1405.599976,-0.147891521
1405.700073,-0.134826183
1405.800049,-0.138259411
1405.900024,-0.145125866
1406,-0.143313885
1406.099976,-0.147176266
1406.200073,-0.1514678
1406.300049,-0.144470215
1406.400024,-0.138783932
1406.5,-0.140452862
1406.599976,-0.14851141
1406.700073,-0.140643597
1406.800049,-0.146747112
1406.900024,-0.13940382
1407,-0.132489681
1407.099976,-0.1514678
1407.200073,-0.14145422
1407.300049,-0.148559093
1407.400024,-0.141263485
1407.5,-0.14812994
1407.599976,-0.146270275
1407.700073,-0.143790722
1407.800049,-0.140226364
1407.900024,-0.137782574
1408,-0.133061886
1408.099976,-0.14069128
1408.200073,-0.147891521
1408.300049,-0.148034573
1408.400024,-0.150800228
1408.5,-0.150943279
1408.599976,-0.144267559
1408.700073,-0.137973309
1408.800049,-0.150466442
1408.900024,-0.136638165
1409,-0.141597271
1409.099976,-0.148082256
1409.200073,-0.141597271
1409.300049,-0.142884731
1409.400024,-0.147176266
1409.5,-0.144172192
1409.599976,-0.145364285
1409.700073,-0.139928341
1409.800049,-0.14517355
1409.900024,-0.134206295
1410,-0.15223074
1410.099976,-0.142693996
1410.200073,-0.150084972
1410.300049,-0.14183569
1410.400024,-0.138736248
1410.5,-0.145030499
1410.599976,-0.151563168
1410.700073,-0.147223949
1410.800049,-0.141740322
1410.900024,-0.13644743
1411,-0.144839764
1411.099976,-0.155425549
1411.200073,-0.146556377
1411.300049,-0.139976025
1411.400024,-0.148082256
1411.5,-0.137210369
1411.599976,-0.147843838
1411.700073,-0.14979887
1411.800049,-0.148523331
1411.900024,-0.148225307
1412,-0.148225307
1412.099976,-0.13439703
1412.200073,-0.136399746
1412.300049,-0.13862896
1412.400024,-0.140452862
1412.5,-0.143266201
1412.599976,-0.145650387
1412.700073,-0.143695354
1412.800049,-0.146556377
1412.900024,-0.14812994
1413,-0.148749828
1413.099976,-0.137115002
1413.200073,-0.146604061
1413.300049,-0.140119076
1413.400024,-0.138831615
1413.5,-0.141358852
1413.599976,-0.144124508
1413.700073,-0.14236021
1413.800049,-0.141406536
1413.900024,-0.148845196
1414,-0.139499187
1414.099976,-0.146317959
1414.200073,-0.148368359
1414.300049,-0.148797512
1414.400024,-0.149465084
1414.5,-0.147986889
1414.599976,-0.152469158
1414.700073,-0.156188488
1414.800049,-0.14183569
1414.900024,-0.150704861
1415,-0.143075466
1415.099976,-0.143599987
1415.200073,-0.142407894
1415.300049,-0.132060528
1415.400024,-0.150371075
1415.5,-0.142980099
1415.599976,-0.152993679
1415.700073,-0.150371075
1415.800049,-0.147700787
1415.900024,-0.149131298
1416,-0.14812994
1416.099976,-0.145781517
1416.200073,-0.142264843
1416.300049,-0.143599987
1416.400024,-0.139928341
1416.5,-0.149655819
1416.599976,-0.138926983
1416.700073,-0.152087688
1416.800049,-0.151515484
1416.900024,-0.149190903
1417,-0.146317959
1417.099976,-0.14684248
1417.200073,-0.139117718
1417.300049,-0.157285213
1417.400024,-0.147223949
1417.5,-0.139880657
1417.599976,-0.145888805
1417.700073,-0.146556377
1417.800049,-0.149274349
1417.900024,-0.155997753
1418,-0.148654461
1418.099976,-0.135922909
1418.200073,-0.148749828
1418.300049,-0.14350462
1418.400024,-0.147700787
1418.5,-0.150895596
1418.599976,-0.145078182
1418.700073,-0.146031857
1418.800049,-0.15018034
1418.900024,-0.150466442
1419,-0.145268917
1419.099976,-0.147700787
1419.200073,-0.152421474
1419.300049,-0.139213085
1419.400024,-0.142837048
1419.5,-0.140977383
1419.599976,-0.156188488
1419.700073,-0.14069128
1419.800049,-0.155663967
1419.900024,-0.14236021
1420,-0.128961086
1420.099976,-0.145984173
1420.200073,-0.148034573
1420.300049,-0.14312315
1420.400024,-0.143933773
1420.5,-0.146985531
1420.599976,-0.13439703
1420.700073,-0.150847912
1420.800049,-0.135541439
1420.900024,-0.135827541
1421,-0.147986889
1421.099976,-0.146031857
1421.200073,-0.152850628
1421.300049,-0.153708935
1421.400024,-0.147939205
1421.5,-0.148177624
1421.599976,-0.147223949
1421.700073,-0.149226665
1421.800049,-0.147557735
1421.900024,-0.144935131
1422,-0.151610851
1422.099976,-0.138879299
1422.200073,-0.147080898
1422.300049,-0.136352062
1422.400024,-0.151515484
1422.5,-0.150895596
1422.599976,-0.149751186
1422.700073,-0.151610851
1422.800049,-0.14979887
1422.900024,-0.144458294
1423,-0.144744396
1423.099976,-0.142980099
1423.200073,-0.140452862
1423.300049,-0.148177624
1423.400024,-0.152373791
1423.5,-0.1494174
1423.599976,-0.145876884
1423.700073,-0.142407894
1423.800049,-0.139308453
1423.900024,-0.147128582
1424,-0.14402914
1424.099976,-0.147700787
1424.200073,-0.144505978
1424.300049,-0.139308453
1424.400024,-0.150418758
1424.5,-0.137782574
1424.599976,-0.143981457
1424.700073,-0.150895596
1424.800049,-0.153995037
1424.900024,-0.143361568
1425,-0.140214443
1425.099976,-0.141263485
1425.200073,-0.147033215
1425.300049,-0.150514126
1425.400024,-0.147080898
1425.5,-0.154614925
1425.599976,-0.148988247
1425.700073,-0.143170834
1425.800049,-0.15223074
1425.900024,-0.136924267
1426,-0.155854702
1426.099976,-0.145555019
1426.200073,-0.143647671
1426.300049,-0.143599987
1426.400024,-0.149035931
1426.5,-0.146127224
1426.599976,-0.151563168
1426.700073,-0.151229382
1426.800049,-0.142598629
1426.900024,-0.140214443
1427,-0.142646313
1427.099976,-0.139880657
1427.200073,-0.145555019
1427.300049,-0.150037289
1427.400024,-0.146651745
1427.5,-0.143218517
1427.599976,-0.14530468
1427.700073,-0.14646101
1427.800049,-0.144887447
1427.900024,-0.149369717
1428,-0.153947353
1428.099976,-0.149477005
1428.200073,-0.147605419
1428.300049,-0.146985531
1428.400024,-0.145268917
1428.5,-0.153375149
1428.599976,-0.146270275
1428.700073,-0.141406536
1428.800049,-0.148463726
1428.900024,-0.145650387
1429,-0.1514678
1429.099976,-0.149989605
1429.200073,-0.151992321
1429.300049,-0.143790722
1429.400024,-0.146651745
1429.5,-0.141120434
1429.599976,-0.146699429
1429.700073,-0.150132656
1429.800049,-0.152135372
1429.900024,-0.150132656
1430,-0.142550945
1430.099976,-0.147653103
1430.200073,-0.145221233
1430.300049,-0.150061131
1430.400024,-0.152945995
1430.5,-0.154424191
1430.599976,-0.153756618
1430.700073,-0.15184927
1430.800049,-0.150037289
1430.900024,-0.149178982
1431,-0.141597271
1431.099976,-0.15685606
1431.200073,-0.146508694
1431.300049,-0.138736248
1431.400024,-0.151181698
1431.5,-0.155854702
1431.599976,-0.140595913
1431.700073,-0.149751186
1431.800049,-0.143409252
1431.900024,-0.143027782
1432,-0.142944336
1432.099976,-0.144601345
1432.200073,-0.140738964
1432.300049,-0.151753902
1432.400024,-0.14812994
1432.5,-0.149429321
1432.599976,-0.149274349
1432.700073,-0.148559093
1432.800049,-0.146675587
1432.900024,-0.145268917
1433,-0.14825511
1433.099976,-0.150609493
1433.200073,-0.150466442
1433.300049,-0.148654461
1433.400024,-0.147462368
1433.5,-0.143933773
1433.599976,-0.15018034
1433.700073,-0.146890163
1433.800049,-0.146365643
1433.900024,-0.140357494
1434,-0.155377865
1434.099976,-0.140786648
1434.200073,-0.145841122
1434.300049,-0.153375149
1434.400024,-0.140166759
1434.5,-0.145936489
1434.599976,-0.148272991
1434.700073,-0.154901028
1434.800049,-0.14812994
1434.900024,-0.144362926
1435,-0.147033215
1435.099976,-0.150084972
1435.200073,-0.148606777
1435.300049,-0.148749828
1435.400024,-0.148559093
1435.5,-0.1494174
1435.599976,-0.155663967
1435.700073,-0.159860134
1435.800049,-0.152183056
1435.900024,-0.146031857
1436,-0.141740322
1436.099976,-0.145090103
1436.200073,-0.14607954
1436.300049,-0.146508694
1436.400024,-0.1514678
1436.5,-0.158286572
1436.599976,-0.142598629
1436.700073,-0.149941921
1436.800049,-0.14069128
1436.900024,-0.144374847
1437,-0.144267559
1437.099976,-0.145331502
1437.200073,-0.146937847
1437.300049,-0.145745754
1437.400024,-0.149059772
1437.5,-0.152040005
1437.599976,-0.151515484
1437.700073,-0.152326107
1437.800049,-0.152087688
1437.900024,-0.149298191
1438,-0.145698071
1438.099976,-0.147080898
1438.200073,-0.151563168
1438.300049,-0.148177624
1438.400024,-0.153375149
1438.5,-0.154042721
1438.599976,-0.153089046
1438.700073,-0.155377865
1438.800049,-0.152278423
1438.900024,-0.153995037
1439,-0.149083614
1439.099976,-0.147796154
1439.200073,-0.145793438
1439.300049,-0.149322033
1439.400024,-0.157857418
1439.5,-0.150514126
1439.599976,-0.152564526
1439.700073,-0.144601345
1439.800049,-0.148320675
1439.900024,-0.150228024
1440,-0.150275707
1440.099976,-0.151420116
1440.200073,-0.151134014
1440.300049,-0.147700787
1440.400024,-0.16019392
1440.5,-0.135541439
1440.599976,-0.154471874
1440.700073,-0.157189846
1440.800049,-0.155103683
1440.900024,-0.155282497
1441,-0.153470516
1441.099976,-0.154614925
1441.200073,-0.147843838
1441.300049,-0.147033215
1441.400024,-0.150275707
1441.5,-0.153279781
1441.599976,-0.148559093
1441.700073,-0.154996395
1441.800049,-0.151229382
1441.900024,-0.156569958
1442,-0.149465084
1442.099976,-0.155902386
1442.200073,-0.148177624
1442.300049,-0.143456936
1442.400024,-0.152326107
1442.5,-0.147843838
1442.599976,-0.159192562
1442.700073,-0.149369717
1442.800049,-0.152135372
1442.900024,-0.144839764
1443,-0.156569958
1443.099976,-0.149512768
1443.200073,-0.14402914
1443.300049,-0.148606777
1443.400024,-0.151324749
1443.5,-0.16057539
1443.599976,-0.159955502
1443.700073,-0.153375149
1443.800049,-0.152278423
1443.900024,-0.150847912
1444,-0.148368359
1444.099976,-0.148344517
1444.200073,-0.146031857
1444.300049,-0.14812994
1444.400024,-0.148189545
1444.5,-0.149751186
1444.599976,-0.148845196
1444.700073,-0.151706219
1444.800049,-0.145936489
1444.900024,-0.149846554
1445,-0.150514126
1445.099976,-0.146174908
1445.200073,-0.158429623
1445.300049,-0.152850628
1445.400024,-0.157666683
1445.5,-0.143695354
1445.599976,-0.156426907
1445.700073,-0.147796154
1445.800049,-0.154662609
1445.900024,-0.155711651
1446,-0.15223074
1446.099976,-0.150037289
1446.200073,-0.150609493
1446.300049,-0.151515484
1446.400024,-0.149322033
1446.5,-0.149322033
1446.599976,-0.145841122
1446.700073,-0.146556377
1446.800049,-0.159097195
1446.900024,-0.154996395
1447,-0.148034573
1447.099976,-0.151610851
1447.200073,-0.153232098
1447.300049,-0.149274349
1447.400024,-0.161672115
1447.5,-0.150037289
1447.599976,-0.159144878
1447.700073,-0.151277065
1447.800049,-0.154233456
1447.900024,-0.152993679
1448,-0.150418758
1448.099976,-0.156713009
1448.200073,-0.15056181
1448.300049,-0.153542042
1448.400024,-0.15223074
1448.5,-0.154662609
1448.599976,-0.153947353
1448.700073,-0.156379223
1448.800049,-0.159192562
1448.900024,-0.157714367
1449,-0.157046795
1449.099976,-0.15223074
1449.200073,-0.154757977
1449.300049,-0.161433697
1449.400024,-0.158763409
1449.5,-0.153232098
1449.599976,-0.15223074
1449.700073,-0.14851141
1449.800049,-0.148225307
1449.900024,-0.147700787
1450,-0.15389967
1450.099976,-0.157523632
1450.200073,-0.148368359
1450.300049,-0.150990963
1450.400024,-0.145793438
1450.5,-0.155282497
1450.599976,-0.142646313
1450.700073,-0.155663967
1450.800049,-0.147843838
1450.900024,-0.156903744
1451,-0.150895596
1451.099976,-0.1555686
1451.200073,-0.151038647
1451.300049,-0.146890163
1451.400024,-0.154853344
1451.5,-0.154614925
1451.599976,-0.156283855
1451.700073,-0.158477306
1451.800049,-0.157189846
1451.900024,-0.1555686
1452,-0.159097195
1452.099976,-0.161242962
1452.200073,-0.158381939
1452.300049,-0.161576748
1452.400024,-0.161099911
1452.5,-0.162864208
1452.599976,-0.153470516
1452.700073,-0.164103985
1452.800049,-0.152183056
1452.900024,-0.153851986
1453,-0.153363228
1453.099976,-0.154710293
1453.200073,-0.152707577
1453.300049,-0.153947353
1453.400024,-0.157714367
1453.5,-0.159574032
1453.599976,-0.150514126
1453.700073,-0.151324749
1453.800049,-0.157714367
1453.900024,-0.160861492
1454,-0.157618999
1454.099976,-0.153327465
1454.200073,-0.160766125
1454.300049,-0.148606777
1454.400024,-0.160718441
1454.5,-0.152612209
1454.599976,-0.164866924
1454.700073,-0.157762051
1454.800049,-0.159526348
1454.900024,-0.157547474
1455,-0.155997753
1455.099976,-0.156903744
1455.200073,-0.162148952
1455.300049,-0.15890646
1455.400024,-0.158811092
1455.5,-0.156140804
1455.599976,-0.158048153
1455.700073,-0.163817883
1455.800049,-0.157547474
1455.900024,-0.153661251
1456,-0.154662609
1456.099976,-0.153375149
1456.200073,-0.159049511
1456.300049,-0.161719799
1456.400024,-0.156140804
1456.5,-0.152278423
1456.599976,-0.154519558
1456.700073,-0.15275526
1456.800049,-0.158763409
1456.900024,-0.166678905
1457,-0.157618999
1457.099976,-0.161338329
1457.200073,-0.158191204
1457.300049,-0.154233456
1457.400024,-0.156999111
1457.5,-0.160015106
1457.599976,-0.162101269
1457.700073,-0.166726589
1457.800049,-0.151706219
1457.900024,-0.157809734
1458,-0.146556377
1458.099976,-0.150609493
1458.200073,-0.158048153
1458.300049,-0.157380581
1458.400024,-0.154912949
1458.5,-0.151420116
1458.599976,-0.152802944
1458.700073,-0.152040005
1458.800049,-0.151801586
1458.900024,-0.152135372
1459,-0.157666683
1459.099976,-0.159001827
1459.200073,-0.159764767
1459.300049,-0.157189846
1459.400024,-0.162196636
1459.5,-0.16135025
1459.599976,-0.162435055
1459.700073,-0.163579464
1459.800049,-0.158286572
1459.900024,-0.151753902
1460,-0.160718441
1460.099976,-0.161624432
1460.200073,-0.159049511
1460.300049,-0.166440487
1460.400024,-0.155044079
1460.5,-0.164390087
1460.599976,-0.16763258
1460.700073,-0.166154385
1460.800049,-0.162101269
1460.900024,-0.158572674
1461,-0.156045437
1461.099976,-0.157332897
1461.200073,-0.157762051
1461.300049,-0.155044079
1461.400024,-0.157273293
1461.5,-0.157809734
1461.599976,-0.158477306
1461.700073,-0.161004543
1461.800049,-0.15480566
1461.900024,-0.158954144
1462,-0.154304981
1462.099976,-0.150752544
1462.200073,-0.152707577
1462.300049,-0.155807018
1462.400024,-0.15389967
1462.5,-0.156808376
1462.599976,-0.155950069
1462.700073,-0.147271633
1462.800049,-0.156522274
1462.900024,-0.168967724
1463,-0.162673473
1463.099976,-0.152421474
1463.200073,-0.153995037
1463.300049,-0.164723873
1463.400024,-0.166106701
1463.5,-0.163281441
1463.599976,-0.161672115
1463.700073,-0.160623074
1463.800049,-0.157905102
1463.900024,-0.154853344
1464,-0.168443203
1464.099976,-0.164628506
1464.200073,-0.161147594
1464.300049,-0.162816525
1464.400024,-0.161421776
1464.5,-0.16186285
1464.599976,-0.160858512
1464.700073,-0.160098553
1464.800049,-0.160050869
1464.900024,-0.147939205
1465,-0.160670757
1465.099976,-0.151134014
1465.200073,-0.160146236
1465.300049,-0.159860134
1465.400024,-0.162387371
1465.5,-0.158370018
1465.599976,-0.156569958
1465.700073,-0.154662609
1465.800049,-0.157952785
1465.900024,-0.152469158
1466,-0.167298794
1466.099976,-0.152183056
1466.200073,-0.16930151
1466.300049,-0.156999111
1466.400024,-0.158286572
1466.5,-0.159764767
1466.599976,-0.158715725
1466.700073,-0.160766125
1466.800049,-0.163484097
1466.900024,-0.161719799
1467,-0.161052227
1467.099976,-0.163865566
1467.200073,-0.151229382
1467.300049,-0.155759335
1467.400024,-0.165772915
1467.5,-0.148225307
1467.599976,-0.159717083
1467.700073,-0.167584896
1467.800049,-0.164914608
1467.900024,-0.167298794
1468,-0.16262579
1468.099976,-0.163436413
1468.200073,-0.156999111
1468.300049,-0.158763409
1468.400024,-0.163245678
1468.5,-0.156951427
1468.599976,-0.162148952
1468.700073,-0.153041363
1468.800049,-0.15814352
1468.900024,-0.160003185
1469,-0.160336971
1469.099976,-0.158858776
1469.200073,-0.161529064
1469.300049,-0.156569958
1469.400024,-0.152040005
1469.5,-0.156808376
1469.599976,-0.161672115
1469.700073,-0.160813808
1469.800049,-0.155663967
1469.900024,-0.148034573
1470,-0.162721157
1470.099976,-0.159192562
1470.200073,-0.162959576
1470.300049,-0.159430981
1470.400024,-0.163245678
1470.5,-0.161433697
1470.599976,-0.164199352
1470.700073,-0.15981245
1470.800049,-0.160336971
1470.900024,-0.158560753
1471,-0.157714367
1471.099976,-0.156379223
1471.200073,-0.154614925
1471.300049,-0.152278423
1471.400024,-0.155592442
1471.5,-0.158000469
1471.599976,-0.157475948
1471.700073,-0.157189846
1471.800049,-0.155711651
1471.900024,-0.157571316
1472,-0.159192562
1472.099976,-0.152278423
1472.200073,-0.159621716
1472.300049,-0.16596365
1472.400024,-0.162053585
1472.5,-0.162160873
1472.599976,-0.159860134
1472.700073,-0.160766125
1472.800049,-0.158858776
1472.900024,-0.156713009
1473,-0.159383297
1473.099976,-0.163722515
1473.200073,-0.15723753
1473.300049,-0.163722515
1473.400024,-0.158763409
1473.5,-0.156188488
1473.599976,-0.161338329
1473.700073,-0.164676189
1473.800049,-0.165725231
1473.900024,-0.163150311
1474,-0.171399593
1474.099976,-0.15928793
1474.200073,-0.148368359
1474.300049,-0.157857418
1474.400024,-0.15890646
1474.5,-0.161624432
1474.599976,-0.16148138
1474.700073,-0.156236172
1474.800049,-0.151038647
1474.900024,-0.154042721
1475,-0.15364933
1475.099976,-0.155663967
1475.200073,-0.153851986
1475.300049,-0.15518713
1475.400024,-0.163150311
1475.5,-0.168347836
1475.599976,-0.158000469
1475.700073,-0.154233456
1475.800049,-0.158668041
1475.900024,-0.161958218
1476,-0.160766125
1476.099976,-0.159180641
1476.200073,-0.159430981
1476.300049,-0.154567242
1476.400024,-0.164962292
1476.5,-0.15685606
1476.599976,-0.160241604
1476.700073,-0.154757977
1476.800049,-0.155997753
1476.900024,-0.165629864
1477,-0.165343761
1477.099976,-0.155044079
1477.200073,-0.167680264
1477.300049,-0.161147594
1477.400024,-0.155520916
1477.5,-0.161242962
1477.599976,-0.161195278
1477.700073,-0.161529064
1477.800049,-0.158191204
1477.900024,-0.155663967
1478,-0.163341045
1478.099976,-0.157952785
1478.200073,-0.162911892
1478.300049,-0.16224432
1478.400024,-0.162649632
1478.5,-0.162673473
1478.599976,-0.162768841
1478.700073,-0.163960934
1478.800049,-0.162721157
1478.900024,-0.153851986
1479,-0.168347836
1479.099976,-0.161529064
1479.200073,-0.163150311
1479.300049,-0.160432339
1479.400024,-0.165772915
1479.5,-0.169253826
1479.599976,-0.158095837
1479.700073,-0.167155743
1479.800049,-0.157380581
1479.900024,-0.157332897
1480,-0.156713009
1480.099976,-0.155759335
1480.200073,-0.156379223
1480.300049,-0.162292004
1480.400024,-0.154757977
1480.5,-0.16057539
1480.599976,-0.162101269
1480.700073,-0.153661251
1480.800049,-0.167441845
1480.900024,-0.154567242
1481,-0.163865566
1481.099976,-0.162387371
1481.200073,-0.165009975
1481.300049,-0.14979887
1481.400024,-0.166535854
1481.5,-0.153756618
1481.599976,-0.167489529
1481.700073,-0.16019392
1481.800049,-0.158334255
1481.900024,-0.160241604
1482,-0.157702446
1482.099976,-0.155997753
1482.200073,-0.156236172
1482.300049,-0.151896954
1482.400024,-0.160527706
1482.5,-0.154948711
1482.599976,-0.166011333
1482.700073,-0.153613567
1482.800049,-0.158811092
1482.900024,-0.15981245
1483,-0.160384655
1483.099976,-0.155044079
1483.200073,-0.158048153
1483.300049,-0.162530422
1483.400024,-0.160718441
1483.5,-0.163770199
1483.599976,-0.155950069
1483.700073,-0.165915966
1483.800049,-0.161052227
1483.900024,-0.158620358
1484,-0.162911892
1484.099976,-0.159907818
1484.200073,-0.169635296
1484.300049,-0.158429623
1484.400024,-0.16763258
1484.5,-0.160289288
1484.599976,-0.16095686
1484.700073,-0.159073353
1484.800049,-0.156093121
1484.900024,-0.158954144
1485,-0.155091763
1485.099976,-0.162196636
1485.200073,-0.157571316
1485.300049,-0.154042721
1485.400024,-0.157571316
1485.5,-0.163770199
1485.599976,-0.162911892
1485.700073,-0.159192562
1485.800049,-0.158095837
1485.900024,-0.154138088
1486,-0.175214291
1486.099976,-0.164914608
1486.200073,-0.156903744
1486.300049,-0.165296078
1486.400024,-0.164819241
1486.5,-0.169158459
1486.599976,-0.172353268
1486.700073,-0.161290646
1486.800049,-0.157094479
1486.900024,-0.161958218
1487,-0.161099911
1487.099976,-0.165355682
1487.200073,-0.170922756
1487.300049,-0.167441845
1487.400024,-0.159144878
1487.5,-0.157714367
1487.599976,-0.160766125
1487.700073,-0.165534496
1487.800049,-0.167108059
1487.900024,-0.163293362
1488,-0.170350552
1488.099976,-0.167060375
1488.200073,-0.157332897
1488.300049,-0.16391325
1488.400024,-0.16725111
1488.5,-0.164771557
1488.599976,-0.154710293
1488.700073,-0.168729305
1488.800049,-0.157571316
1488.900024,-0.158048153
1489,-0.160611153
1489.099976,-0.164437771
1489.200073,-0.162387371
1489.300049,-0.172734737
1489.400024,-0.171733379
1489.5,-0.161195278
1489.599976,-0.159955502
1489.700073,-0.16353178
1489.800049,-0.159860134
1489.900024,-0.168347836
1490,-0.164103985
1490.099976,-0.172973156
1490.200073,-0.163579464
1490.300049,-0.157332897
1490.400024,-0.166297436
1490.5,-0.16853857
1490.599976,-0.167823315
1490.700073,-0.166106701
1490.800049,-0.164199352
1490.900024,-0.163484097
1491,-0.164437771
1491.099976,-0.161672115
1491.200073,-0.165057659
1491.300049,-0.16801405
1491.400024,-0.168633938
1491.5,-0.168848515
1491.599976,-0.167012691
1491.700073,-0.171733379
1491.800049,-0.167334557
1491.900024,-0.165868282
1492,-0.164723873
1492.099976,-0.167024612
1492.200073,-0.168729305
1492.300049,-0.168776989
1492.400024,-0.167155743
1492.5,-0.159335613
1492.599976,-0.16095686
1492.700073,-0.165057659
1492.800049,-0.165915966
1492.900024,-0.164759636
1493,-0.161672115
1493.099976,-0.166392803
1493.200073,-0.171208858
1493.300049,-0.168872356
1493.400024,-0.166106701
1493.5,-0.163150311
1493.599976,-0.176120281
1493.700073,-0.160527706
1493.800049,-0.173068523
1493.900024,-0.162530422
1494,-0.171638012
1494.099976,-0.159669399
1494.200073,-0.156140804
1494.300049,-0.164151669
1494.400024,-0.160050869
1494.5,-0.154519558
1494.599976,-0.163293362
1494.700073,-0.176215649
1494.800049,-0.16353178
1494.900024,-0.169873714
1495,-0.159669399
1495.099976,-0.167775631
1495.200073,-0.170255184
1495.300049,-0.15852499
1495.400024,-0.162673473
1495.5,-0.168633938
1495.599976,-0.16391325
1495.700073,-0.170493603
1495.800049,-0.168443203
1495.900024,-0.166774273
1496,-0.167549133
1496.099976,-0.167346478
1496.200073,-0.16763258
1496.300049,-0.169575691
1496.400024,-0.170684338
1496.5,-0.17263937
1496.599976,-0.166297436
1496.700073,-0.163579464
1496.800049,-0.169063091
1496.900024,-0.169826031
1497,-0.168133259
1497.099976,-0.166202068
1497.200073,-0.167441845
1497.300049,-0.164962292
1497.400024,-0.164199352
1497.5,-0.161052227
1497.599976,-0.17263937
1497.700073,-0.161958218
1497.800049,-0.16892004
1497.900024,-0.163674831
1498,-0.165057659
1498.099976,-0.161338329
1498.200073,-0.167108059
1498.300049,-0.162959576
1498.400024,-0.160098553
1498.5,-0.174022198
1498.599976,-0.16224432
1498.700073,-0.154090405
1498.800049,-0.163341045
1498.900024,-0.172973156
1499,-0.163484097
1499.099976,-0.165248394
1499.200073,-0.161290646
1499.300049,-0.161958218
1499.400024,-0.168681622
1499.5,-0.168967724
1499.599976,-0.152516842
1499.700073,-0.148988247
1499.800049,-0.155091763
1499.900024,-0.158477306
1500,-0.160384655
1500.099976,-0.16095686
1500.200073,-0.160015106
1500.300049,-0.15928793
1500.400024,-0.159430981
1500.5,-0.162148952
1500.599976,-0.161624432
1500.700073,-0.16968298
1500.800049,-0.173116207
1500.900024,-0.156999111
1501,-0.164819241
1501.099976,-0.159764767
1501.200073,-0.157666683
1501.300049,-0.16186285
1501.400024,-0.165391445
1501.5,-0.164628506
1501.599976,-0.160718441
1501.700073,-0.169587612
1501.800049,-0.163627148
1501.900024,-0.164914608
1502,-0.166726589
1502.099976,-0.169206142
1502.200073,-0.169158459
1502.300049,-0.164008617
1502.400024,-0.164533138
1502.5,-0.164151669
1502.599976,-0.163960934
1502.700073,-0.164103985
1502.800049,-0.162876129
1502.900024,-0.161433697
1503,-0.162005901
1503.099976,-0.161302567
1503.200073,-0.159335613
1503.300049,-0.162435055
1503.400024,-0.162840366
1503.5,-0.164533138
1503.599976,-0.165057659
1503.700073,-0.175381303
1503.800049,-0.182414532
1503.900024,-0.189519882
1504,-0.192762375
1504.099976,-0.178552151
1504.200073,-0.17302084
1504.300049,-0.182033062
1504.400024,-0.174355984
1504.5,-0.190044403
1504.599976,-0.175357342
1504.700073,-0.185370922
1504.800049,-0.193763733
1504.900024,-0.168061733
1505,-0.185132504
1505.099976,-0.178313732
1505.200073,-0.182796001
1505.300049,-0.180364132
1505.400024,-0.184894085
1505.5,-0.17597723
1505.599976,-0.173879147
1505.700073,-0.180459499
1505.800049,-0.184989452
1505.900024,-0.185180187
1506,-0.181985378
1506.099976,-0.189758301
1506.200073,-0.181508541
1506.300049,-0.189758301
1506.400024,-0.180840969
1506.5,-0.179410458
1506.599976,-0.178313732
1506.700073,-0.174355984
1506.800049,-0.181603909
1506.900024,-0.177073956
1507,-0.175118923
1507.099976,-0.183177471
1507.200073,-0.178170681
1507.300049,-0.174642086
1507.400024,-0.180495262
1507.5,-0.18546629
1507.599976,-0.183701992
1507.700073,-0.184727192
1507.800049,-0.184274197
1507.900024,-0.182539701
1508,-0.180221081
1508.099976,-0.180936337
1508.200073,-0.180936337
1508.300049,-0.185847759
1508.400024,-0.183129787
1508.5,-0.185513973
1508.599976,-0.180316448
1508.700073,-0.179505825
1508.800049,-0.192047119
1508.900024,-0.180364132
1509,-0.170445919
1509.099976,-0.182080746
1509.200073,-0.185037136
1509.300049,-0.177741528
1509.400024,-0.182033062
1509.5,-0.176215649
1509.599976,-0.180030346
1509.700073,-0.18136549
1509.800049,-0.180554867
1509.900024,-0.177693844
1510,-0.177884579
1510.099976,-0.177026272
1510.200073,-0.172544003
1510.300049,-0.1743083
1510.400024,-0.176215649
1510.5,-0.183177471
1510.599976,-0.175023556
1510.700073,-0.179553509
1510.800049,-0.182033062
1510.900024,-0.182271481
1511,-0.182629108
1511.099976,-0.183368206
1511.200073,-0.182843685
1511.300049,-0.178790569
1511.400024,-0.186896801
1511.5,-0.177407742
1511.599976,-0.174165249
1511.700073,-0.181317806
1511.800049,-0.183225155
1511.900024,-0.186658382
1512,-0.180888653
1512.099976,-0.175643444
1512.200073,-0.17969656
1512.300049,-0.180411816
1512.400024,-0.1763587
1512.5,-0.177979946
1512.599976,-0.179744244
1512.700073,-0.17263937
1512.800049,-0.16725111
1512.900024,-0.173640728
1513,-0.17508316
1513.099976,-0.180030346
1513.200073,-0.179410458
1513.300049,-0.179625034
1513.400024,-0.178456783
1513.5,-0.180602551
1513.599976,-0.176549435
1513.700073,-0.173259258
1513.800049,-0.176096439
1513.900024,-0.178266048
1514,-0.181061506
1514.099976,-0.184607983
1514.200073,-0.185275555
1514.300049,-0.177073956
1514.400024,-0.173831463
1514.5,-0.179887295
1514.599976,-0.181794643
1514.700073,-0.172734737
1514.800049,-0.172830105
1514.900024,-0.184083462
1515,-0.17764616
1515.099976,-0.16801405
1515.200073,-0.170302868
1515.300049,-0.17559576
1515.400024,-0.171399593
1515.5,-0.184369564
1515.599976,-0.177884579
1515.700073,-0.172818184
1515.800049,-0.164580822
1515.900024,-0.164437771
1516,-0.177979946
1516.099976,-0.179791927
1516.200073,-0.173116207
1516.300049,-0.179553509
1516.400024,-0.182700634
1516.5,-0.181270123
1516.599976,-0.178647518
1516.700073,-0.177312374
1516.800049,-0.180602551
1516.900024,-0.183511257
1517,-0.18098402
1517.099976,-0.180364132
1517.200073,-0.182700634
1517.300049,-0.18599081
1517.400024,-0.172067165
1517.5,-0.183463573
1517.599976,-0.171733379
1517.700073,-0.171733379
1517.800049,-0.179839611
1517.900024,-0.180793285
1518,-0.183082104
1518.099976,-0.176597118
1518.200073,-0.179076672
1518.300049,-0.182843685
1518.400024,-0.181079388
1518.5,-0.178599834
1518.599976,-0.175023556
1518.700073,-0.175452709
1518.800049,-0.17764616
1518.900024,-0.183320522
1519,-0.175118923
1519.099976,-0.186849117
1519.200073,-0.181937695
1519.300049,-0.174737453
1519.400024,-0.178742886
1519.5,-0.181842327
1519.599976,-0.181317806
1519.700073,-0.182223797
1519.800049,-0.184989452
1519.900024,-0.168061733
1520,-0.186944485
1520.099976,-0.177503109
1520.200073,-0.180936337
1520.300049,-0.18174696
1520.400024,-0.180900574
1520.5,-0.181127071
1520.599976,-0.179791927
1520.700073,-0.18508482
1520.800049,-0.171590328
1520.900024,-0.183177471
1521,-0.180602551
1521.099976,-0.183225155
1521.200073,-0.187087536
1521.300049,-0.174499035
1521.400024,-0.188423157
1521.5,-0.179362774
1521.599976,-0.183463573
1521.700073,-0.181556225
1521.800049,-0.189329147
1521.900024,-0.172400951
1522,-0.178695202
1522.099976,-0.179410458
1522.200073,-0.184655666
1522.300049,-0.179219723
1522.400024,-0.184894085
1522.5,-0.178838253
1522.599976,-0.188709259
1522.700073,-0.182700634
1522.800049,-0.183463573
1522.900024,-0.181603909
1523,-0.173736095
1523.099976,-0.188613892
1523.200073,-0.183177471
1523.300049,-0.182128429
1523.400024,-0.184119225
1523.5,-0.186610699
1523.599976,-0.184560299
1523.700073,-0.182033062
1523.800049,-0.180459499
1523.900024,-0.181127071
1524,-0.184417248
1524.099976,-0.18174696
1524.200073,-0.179219723
1524.300049,-0.178349495
1524.400024,-0.175786495
1524.5,-0.176644802
1524.599976,-0.169826031
1524.700073,-0.177550793
1524.800049,-0.186467648
1524.900024,-0.183892727
1525,-0.181603909
1525.099976,-0.180745602
1525.200073,-0.182748318
1525.300049,-0.181818485
1525.400024,-0.179934978
1525.5,-0.183845043
1525.599976,-0.180030346
1525.700073,-0.186038494
1525.800049,-0.184274197
1525.900024,-0.181031704
1526,-0.185037136
1526.099976,-0.175548077
1526.200073,-0.185895443
1526.300049,-0.182319164
1526.400024,-0.172877789
1526.5,-0.17931509
1526.599976,-0.177073956
1526.700073,-0.180125713
1526.800049,-0.184178829
1526.900024,-0.180840969
1527,-0.181317806
1527.099976,-0.179458141
1527.200073,-0.179172039
1527.300049,-0.176501751
1527.400024,-0.173545361
1527.5,-0.188518524
1527.599976,-0.172687054
1527.700073,-0.180411816
1527.800049,-0.181794643
1527.900024,-0.18110323
1528,-0.181222439
1528.099976,-0.18098402
1528.200073,-0.179076672
1528.300049,-0.174546719
1528.400024,-0.179553509
1528.5,-0.18675375
1528.599976,-0.182366848
1528.700073,-0.175643444
1528.800049,-0.176406384
1528.900024,-0.16853857
1529,-0.17559576
1529.099976,-0.174963951
1529.200073,-0.177312374
1529.300049,-0.1784091
1529.400024,-0.181842327
1529.5,-0.178647518
1529.599976,-0.179791927
1529.700073,-0.178361416
1529.800049,-0.178361416
1529.900024,-0.178790569
1530,-0.187182903
1530.099976,-0.189138412
1530.200073,-0.178790569
1530.300049,-0.172782421
1530.400024,-0.179601192
1530.5,-0.173640728
1530.599976,-0.183272839
1530.700073,-0.179648876
1530.800049,-0.182557583
1530.900024,-0.180364132
1531,-0.176597118
1531.099976,-0.178695202
1531.200073,-0.181174755
1531.300049,-0.178361416
1531.400024,-0.180221081
1531.5,-0.178552151
1531.599976,-0.181603909
1531.700073,-0.182176113
1531.800049,-0.191093445
1531.900024,-0.18136549
1532,-0.171447277
1532.099976,-0.177693844
1532.200073,-0.18098402
1532.300049,-0.187087536
1532.400024,-0.179934978
1532.5,-0.177598476
1532.599976,-0.180364132
1532.700073,-0.180411816
1532.800049,-0.181031704
1532.900024,-0.18111515
1533,-0.181413174
1533.099976,-0.181603909
1533.200073,-0.183642507
1533.300049,-0.187612534
1533.400024,-0.183940411
1533.5,-0.179124355
1533.599976,-0.185227871
1533.700073,-0.180554867
1533.800049,-0.189090729
1533.900024,-0.183940411
1534,-0.178838253
1534.099976,-0.172830105
1534.200073,-0.180936337
1534.300049,-0.174499035
1534.400024,-0.182223797
1534.5,-0.191713333
1534.599976,-0.175881863
1534.700073,-0.171733379
1534.800049,-0.18007803
1534.900024,-0.170684338
1535,-0.179410458
1535.099976,-0.179601192
1535.200073,-0.178122997
1535.300049,-0.176120281
1535.400024,-0.175118923
1535.5,-0.176918983
1535.599976,-0.178552151
1535.700073,-0.177884579
1535.800049,-0.178647518
1535.900024,-0.178456783
1536,-0.17969656
1536.099976,-0.174260616
1536.200073,-0.179362774
1536.300049,-0.173962593
1536.400024,-0.171781063
1536.5,-0.176093459
1536.599976,-0.179791927
1536.700073,-0.178838253
1536.800049,-0.181556225
1536.900024,-0.182796001
1537,-0.179791927
1537.099976,-0.180268764
1537.200073,-0.1763587
1537.300049,-0.178742886
1537.400024,-0.183177471
1537.5,-0.181222439
1537.599976,-0.182796001
1537.700073,-0.180614471
1537.800049,-0.18007803
1537.900024,-0.178361416
1538,-0.177741528
1538.099976,-0.170016766
1538.200073,-0.183177471
1538.300049,-0.175786495
1538.400024,-0.174165249
1538.5,-0.175261974
1538.599976,-0.182223797
1538.700073,-0.180697918
1538.800049,-0.183940411
1538.900024,-0.179076672
1539,-0.181317806
1539.099976,-0.171971798
1539.200073,-0.171447277
1539.300049,-0.177121639
1539.400024,-0.171304226
1539.5,-0.177121639
1539.599976,-0.181699276
1539.700073,-0.167966366
1539.800049,-0.172114849
1539.900024,-0.180745602
1540,-0.173354626
1540.099976,-0.180316448
1540.200073,-0.174403667
1540.300049,-0.176084518
1540.400024,-0.175548077
1540.5,-0.174069881
1540.599976,-0.177789211
1540.700073,-0.18007803
1540.800049,-0.178885937
1540.900024,-0.171161175
1541,-0.176311016
1541.099976,-0.184369564
1541.200073,-0.184131145
1541.300049,-0.173211575
1541.400024,-0.172019482
1541.5,-0.177932262
1541.599976,-0.183558941
1541.700073,-0.182939053
1541.800049,-0.182414532
1541.900024,-0.171876431
1542,-0.176454067
1542.099976,-0.183558941
1542.200073,-0.177550793
1542.300049,-0.175548077
1542.400024,-0.181413174
1542.5,-0.170302868
1542.599976,-0.183606625
1542.700073,-0.175023556
1542.800049,-0.174165249
1542.900024,-0.183368206
1543,-0.18303442
1543.099976,-0.179124355
1543.200073,-0.177550793
1543.300049,-0.179493904
1543.400024,-0.177693844
1543.5,-0.183606625
1543.599976,-0.18098402
1543.700073,-0.176406384
1543.800049,-0.184083462
1543.900024,-0.177360058
1544,-0.181127071
1544.099976,-0.181508541
1544.200073,-0.179851532
1544.300049,-0.177932262
1544.400024,-0.178838253
1544.5,-0.186086178
1544.599976,-0.178266048
1544.700073,-0.169969082
1544.800049,-0.177598476
1544.900024,-0.179744244
1545,-0.175691128
1545.099976,-0.178361416
1545.200073,-0.183940411
1545.300049,-0.176072598
1545.400024,-0.182843685
1545.5,-0.173879147
1545.599976,-0.17969656
1545.700073,-0.174403667
1545.800049,-0.186276913
1545.900024,-0.18599081
1546,-0.181031704
1546.099976,-0.180221081
1546.200073,-0.179934978
1546.300049,-0.178504467
1546.400024,-0.179982662
1546.5,-0.189901352
1546.599976,-0.172877789
1546.700073,-0.180650234
1546.800049,-0.187421322
1546.900024,-0.183606625
1547,-0.178742886
1547.099976,-0.186181545
1547.200073,-0.173736095
1547.300049,-0.170302868
1547.400024,-0.186086178
1547.5,-0.17931509
1547.599976,-0.185561657
1547.700073,-0.184751034
1547.800049,-0.185752392
1547.900024,-0.170779705
1548,-0.188184738
1548.099976,-0.175786495
1548.200073,-0.192380905
1548.300049,-0.176549435
1548.400024,-0.183845043
1548.5,-0.180888653
1548.599976,-0.176311016
1548.700073,-0.182033062
1548.800049,-0.171828747
1548.900024,-0.173116207
1549,-0.181222439
1549.099976,-0.183749676
1549.200073,-0.179219723
1549.300049,-0.174355984
1549.400024,-0.175786495
1549.5,-0.172496319
1549.599976,-0.174022198
1549.700073,-0.177360058
1549.800049,-0.180840969
1549.900024,-0.18713522
1550,-0.182796001
1550.099976,-0.181031704
1550.200073,-0.180459499
1550.300049,-0.183940411
1550.400024,-0.182891369
1550.5,-0.177455425
1550.599976,-0.189567566
1550.700073,-0.184798717
1550.800049,-0.183177471
1550.900024,-0.186563015
1551,-0.182414532
1551.099976,-0.180411816
1551.200073,-0.179505825
1551.300049,-0.181699276
1551.400024,-0.182080746
1551.5,-0.180650234
1551.599976,-0.182557583
1551.700073,-0.178945541
1551.800049,-0.177360058
1551.900024,-0.175214291
1552,-0.182319164
1552.099976,-0.179791927
1552.200073,-0.178552151
1552.300049,-0.183797359
1552.400024,-0.183225155
1552.5,-0.182319164
1552.599976,-0.173640728
1552.700073,-0.178742886
1552.800049,-0.184369564
1552.900024,-0.176787853
1553,-0.175405025
1553.099976,-0.182843685
1553.200073,-0.190616608
1553.300049,-0.1722579
1553.400024,-0.177741528
1553.5,-0.186849117
1553.599976,-0.182223797
1553.700073,-0.16968298
1553.800049,-0.179791927
1553.900024,-0.188423157
1554,-0.182176113
1554.099976,-0.173116207
1554.200073,-0.182557583
1554.300049,-0.185561657
1554.400024,-0.181460857
1554.5,-0.183368206
1554.599976,-0.177407742
1554.700073,-0.191522598
1554.800049,-0.176501751
1554.900024,-0.187230587
1555,-0.184178829
1555.099976,-0.180697918
1555.200073,-0.185275555
1555.300049,-0.184607983
1555.400024,-0.181890011
1555.5,-0.185418606
1555.599976,-0.181890011
1555.700073,-0.179219723
1555.800049,-0.175786495
1555.900024,-0.184941769
1556,-0.181985378
1556.099976,-0.176311016
1556.200073,-0.183797359
1556.300049,-0.181031704
1556.400024,-0.179934978
1556.5,-0.187087536
1556.599976,-0.182366848
1556.700073,-0.185847759
1556.800049,-0.183082104
1556.900024,-0.188804626
1557,-0.181174755
1557.099976,-0.171781063
1557.200073,-0.179982662
1557.300049,-0.179172039
1557.400024,-0.178838253
1557.5,-0.179946899
1557.599976,-0.18007803
1557.700073,-0.181699276
1557.800049,-0.183892727
1557.900024,-0.180507183
1558,-0.182533741
1558.099976,-0.182271481
1558.200073,-0.183463573
1558.300049,-0.173449993
1558.400024,-0.1784091
1558.5,-0.179589272
1558.599976,-0.182176113
1558.700073,-0.18432188
1558.800049,-0.184560299
1558.900024,-0.180697918
1559,-0.177836895
1559.099976,-0.185657024
1559.200073,-0.181222439
1559.300049,-0.183320522
1559.400024,-0.181079388
1559.5,-0.181317806
1559.599976,-0.178456783
1559.700073,-0.179028988
1559.800049,-0.181687355
1559.900024,-0.183654308
1560,-0.185609341
1560.099976,-0.177884579
1560.200073,-0.173497677
1560.300049,-0.183463573
1560.400024,-0.179124355
1560.5,-0.178599834
1560.599976,-0.172210217
1560.700073,-0.186515331
1560.800049,-0.180507183
1560.900024,-0.172973156
1561,-0.174165249
1561.099976,-0.174737453
1561.200073,-0.176024914
1561.300049,-0.175786495
1561.400024,-0.175214291
1561.5,-0.176048756
1561.599976,-0.175691128
1561.700073,-0.177503109
1561.800049,-0.173783779
1561.900024,-0.182605267
1562,-0.176454067
1562.099976,-0.172305584
1562.200073,-0.181508541
1562.300049,-0.171494961
1562.400024,-0.179553509
1562.5,-0.176024914
1562.599976,-0.176930904
1562.700073,-0.175357342
1562.800049,-0.176787853
1562.900024,-0.178361416
1563,-0.175548077
1563.099976,-0.179887295
1563.200073,-0.176501751
1563.300049,-0.181591988
1563.400024,-0.184941769
1563.5,-0.185037136
1563.599976,-0.185025334
1563.700073,-0.182578474
1563.800049,-0.180554867
1563.900024,-0.17969656
1564,-0.180733681
1564.099976,-0.180697918
1564.200073,-0.180003524
1564.300049,-0.179839611
1564.400024,-0.178742886
1564.5,-0.177574635
1564.599976,-0.177884579
1564.700073,-0.173831463
1564.800049,-0.175357342
1564.900024,-0.175369263
1565,-0.17893362
1565.099976,-0.173354626
1565.200073,-0.193525314
1565.300049,-0.183225155
1565.400024,-0.18675375
1565.5,-0.175214291
1565.599976,-0.17726469
1565.700073,-0.178015709
1565.800049,-0.179028988
1565.900024,-0.180554867
1566,-0.183082104
1566.099976,-0.17674017
1566.200073,-0.168824673
1566.300049,-0.179791927
1566.400024,-0.192380905
1566.5,-0.180793285
1566.599976,-0.176501751
1566.700073,-0.177371979
1566.800049,-0.177312374
1566.900024,-0.174880505
1567,-0.168204784
1567.099976,-0.184751034
1567.200073,-0.176501751
1567.300049,-0.186658621
1567.400024,-0.193954468
1567.5,-0.191427231
1567.599976,-0.179172039
1567.700073,-0.180507183
1567.800049,-0.177407742
1567.900024,-0.176454067
1568,-0.178528309
1568.099976,-0.180221081
1568.200073,-0.180030346
1568.300049,-0.177670002
1568.400024,-0.173593044
1568.5,-0.176835537
1568.599976,-0.17764616
1568.700073,-0.177443504
1568.800049,-0.17726469
1568.900024,-0.17802763
1569,-0.177693844
1569.099976,-0.177360058
1569.200073,-0.177169323
1569.300049,-0.176549435
1569.400024,-0.186849117
1569.5,-0.179172039
1569.599976,-0.18675375
1569.700073,-0.171638012
1569.800049,-0.172782421
1569.900024,-0.180793285
1570,-0.178122997
1570.099976,-0.181413174
1570.200073,-0.178313732
1570.300049,-0.182271481
1570.400024,-0.175405025
1570.5,-0.175548077
1570.599976,-0.179553509
1570.700073,-0.176597118
1570.800049,-0.182414532
1570.900024,-0.186181545
1571,-0.182176113
1571.099976,-0.184607983
1571.200073,-0.174403667
1571.300049,-0.179505825
1571.400024,-0.175500393
1571.5,-0.177217007
1571.599976,-0.174165249
1571.700073,-0.177407742
1571.800049,-0.177932262
1571.900024,-0.172305584
1572,-0.179505825
1572.099976,-0.173640728
1572.200073,-0.174355984
1572.300049,-0.181031704
1572.400024,-0.181556225
1572.5,-0.180328369
1572.599976,-0.178981304
1572.700073,-0.179744244
1572.800049,-0.182712555
1572.900024,-0.186706066
1573,-0.185418606
1573.099976,-0.184417248
1573.200073,-0.18252182
1573.300049,-0.180173397
1573.400024,-0.18007803
1573.5,-0.177455425
1573.599976,-0.174022198
1573.700073,-0.177693844
1573.800049,-0.176692486
1573.900024,-0.180840969
1574,-0.174642086
1574.099976,-0.184178829
1574.200073,-0.178456783
1574.300049,-0.177026272
1574.400024,-0.176787853
1574.5,-0.183225155
1574.599976,-0.175786495
1574.700073,-0.183749676
1574.800049,-0.182271481
1574.900024,-0.17931509
1575,-0.175214291
1575.099976,-0.176024914
1575.200073,-0.178719044
1575.300049,-0.179648876
1575.400024,-0.183988094
1575.5,-0.174165249
1575.599976,-0.183988094
1575.700073,-0.181842327
1575.800049,-0.181687355
1575.900024,-0.181460857
1576,-0.179458141
1576.099976,-0.175643444
1576.200073,-0.177407742
1576.300049,-0.179362774
1576.400024,-0.178170681
1576.5,-0.179076672
1576.599976,-0.179267406
1576.700073,-0.182748318
1576.800049,-0.180650234
1576.900024,-0.180972099
1577,-0.178981304
1577.099976,-0.181508541
1577.200073,-0.173068523
1577.300049,-0.175309658
1577.400024,-0.174737453
1577.5,-0.173402309
1577.599976,-0.176454067
1577.700073,-0.180030346
1577.800049,-0.17764616
1577.900024,-0.179172039
1578,-0.172019482
1578.099976,-0.177884579
1578.200073,-0.174451351
1578.300049,-0.167441845
1578.400024,-0.167537212
1578.5,-0.170290947
1578.599976,-0.175452709
1578.700073,-0.170732021
1578.800049,-0.182128429
1578.900024,-0.182748318
1579,-0.1743083
1579.099976,-0.181937695
1579.200073,-0.176883221
1579.300049,-0.172830105
1579.400024,-0.180125713
1579.5,-0.177741528
1579.599976,-0.180459499
1579.700073,-0.185943127
1579.800049,-0.172496319
1579.900024,-0.182366848
1580,-0.173640728
1580.099976,-0.181842327
1580.200073,-0.178218365
1580.300049,-0.169396877
1580.400024,-0.184941769
1580.5,-0.171113491
1580.599976,-0.174117565
1580.700073,-0.173068523
1580.800049,-0.178266048
1580.900024,-0.179219723
1581,-0.183129787
1581.099976,-0.180125713
1581.200073,-0.175309658
1581.300049,-0.182223797
1581.400024,-0.170636654
1581.5,-0.174403667
1581.599976,-0.185227871
1581.700073,-0.175881863
1581.800049,-0.179601192
1581.900024,-0.179410458
1582,-0.179601192
1582.099976,-0.17058897
1582.200073,-0.176835537
1582.300049,-0.182986736
1582.400024,-0.171542645
1582.5,-0.18098402
1582.599976,-0.174117565
1582.700073,-0.169921398
1582.800049,-0.181603909
1582.900024,-0.181174755
1583,-0.178456783
1583.099976,-0.179124355
1583.200073,-0.18098402
1583.300049,-0.177407742
1583.400024,-0.172925472
1583.5,-0.180316448
1583.599976,-0.179362774
1583.700073,-0.176835537
1583.800049,-0.180745602
1583.900024,-0.175357342
1584,-0.176883221
1584.099976,-0.178552151
1584.200073,-0.187373638
1584.300049,-0.169873714
1584.400024,-0.176549435
1584.5,-0.172400951
1584.599976,-0.177169323
1584.700073,-0.172448635
1584.800049,-0.17802763
1584.900024,-0.184751034
1585,-0.175261974
1585.099976,-0.178647518
1585.200073,-0.177312374
1585.300049,-0.175834179
1585.400024,-0.17764616
1585.5,-0.171638012
1585.599976,-0.17969656
1585.700073,-0.187087536
1585.800049,-0.178218365
1585.900024,-0.178742886
1586,-0.176644802
1586.099976,-0.17764616
1586.200073,-0.176597118
1586.300049,-0.176430225
1586.400024,-0.17468977
1586.5,-0.176787853
1586.599976,-0.175488472
1586.700073,-0.172830105
1586.800049,-0.17764616
1586.900024,-0.16801405
1587,-0.182128429
1587.099976,-0.17302084
1587.200073,-0.174451351
1587.300049,-0.179505825
1587.400024,-0.177550793
1587.5,-0.178838253
1587.599976,-0.176311016
1587.700073,-0.179505825
1587.800049,-0.177979946
1587.900024,-0.175452709
1588,-0.181937695
1588.099976,-0.177360058
1588.200073,-0.180125713
1588.300049,-0.173783779
1588.400024,-0.176120281
1588.5,-0.187278271
1588.599976,-0.182605267
1588.700073,-0.182641029
1588.800049,-0.179791927
1588.900024,-0.180888653
1589,-0.185227871
1589.099976,-0.185609341
1589.200073,-0.182557583
1589.300049,-0.180972099
1589.400024,-0.178456783
1589.5,-0.17726469
1589.599976,-0.18470335
1589.700073,-0.176597118
1589.800049,-0.18432188
1589.900024,-0.183082104
1590,-0.184035778
1590.099976,-0.184655666
1590.200073,-0.182319164
1590.300049,-0.177455425
1590.400024,-0.172687054
1590.5,-0.178838253
1590.599976,-0.175786495
1590.700073,-0.187039852
1590.800049,-0.167346478
1590.900024,-0.182557583
1591,-0.187087536
1591.099976,-0.179362774
1591.200073,-0.17302084
1591.300049,-0.176692486
1591.400024,-0.179124355
1591.5,-0.186324596
1591.599976,-0.181079388
1591.700073,-0.177693844
1591.800049,-0.178623676
1591.900024,-0.177741528
1592,-0.177979946
1592.099976,-0.176406384
1592.200073,-0.177932262
1592.300049,-0.187373638
1592.400024,-0.187517166
1592.5,-0.177312374
1592.599976,-0.188137054
1592.700073,-0.178599834
1592.800049,-0.174355984
1592.900024,-0.173640728
1593,-0.166535854
1593.099976,-0.181842327
1593.200073,-0.191617966
1593.300049,-0.180650234
1593.400024,-0.179410458
1593.5,-0.188423157
1593.599976,-0.177217007
1593.700073,-0.185132504
1593.800049,-0.183511257
1593.900024,-0.179505825
1594,-0.170493603
1594.099976,-0.173974514
1594.200073,-0.18136549
1594.300049,-0.181985378
1594.400024,-0.182807922
1594.5,-0.184083462
1594.599976,-0.183797359
1594.700073,-0.172734737
1594.800049,-0.177932262
1594.900024,-0.188041687
1595,-0.174642086
1595.099976,-0.179124355
1595.200073,-0.173116207
1595.300049,-0.17931509
1595.400024,-0.175261974
1595.5,-0.182080746
1595.599976,-0.179553509
1595.700073,-0.181842327
1595.800049,-0.181174755
1595.900024,-0.181615829
1596,-0.181127071
1596.099976,-0.182319164
1596.200073,-0.181258202
1596.300049,-0.179219723
1596.400024,-0.182366848
1596.5,-0.172925472
1596.599976,-0.18136549
1596.700073,-0.174832821
1596.800049,-0.179458141
1596.900024,-0.179982662
1597,-0.179410458
1597.099976,-0.178599834
1597.200073,-0.179601192
1597.300049,-0.174880505
1597.400024,-0.185227871
1597.5,-0.180125713
1597.599976,-0.179362774
1597.700073,-0.180173397
1597.800049,-0.179863453
1597.900024,-0.17931509
1598,-0.180602551
1598.099976,-0.176311016
1598.200073,-0.169492245
1598.300049,-0.177217007
1598.400024,-0.16391325
1598.5,-0.171781063
1598.599976,-0.177979946
1598.700073,-0.170159817
1598.800049,-0.179791927
1598.900024,-0.181413174
1599,-0.175548077
1599.099976,-0.175691128
1599.200073,-0.181031704
1599.300049,-0.182366848
1599.400024,-0.181413174
1599.5,-0.189329147
1599.599976,-0.182462215
1599.700073,-0.175786495
1599.800049,-0.179505825
1599.900024,-0.168300152
1600,-0.180650234
1600.099976,-0.172734737
1600.200073,-0.184655666
1600.300049,-0.180793285
1600.400024,-0.180173397
1600.5,-0.185180187
1600.599976,-0.183749676
1600.700073,-0.176024914
1600.800049,-0.177884579
1600.900024,-0.185800076
1601,-0.170302868
1601.099976,-0.182366848
1601.200073,-0.179934978
1601.300049,-0.176120281
1601.400024,-0.180411816
1601.5,-0.175738811
1601.599976,-0.176835537
1601.700073,-0.184751034
1601.800049,-0.175929546
1601.900024,-0.187755585
1602,-0.179839611
1602.099976,-0.17559576
1602.200073,-0.182033062
1602.300049,-0.183225155
1602.400024,-0.175405025
1602.5,-0.177073956
1602.599976,-0.171494961
1602.700073,-0.178981304
1602.800049,-0.17674017
1602.900024,-0.172591686
1603,-0.178313732
1603.099976,-0.182366848
1603.200073,-0.181174755
1603.300049,-0.181353569
1603.400024,-0.181603909
1603.5,-0.180268764
1603.599976,-0.179124355
1603.700073,-0.177503109
1603.800049,-0.177979946
1603.900024,-0.173831463
1604,-0.174928188
1604.099976,-0.172448635
1604.200073,-0.178361416
1604.300049,-0.169110775
1604.400024,-0.178647518
1604.5,-0.187182903
1604.599976,-0.181270123
1604.700073,-0.183320522
1604.800049,-0.179505825
1604.900024,-0.173879147
1605,-0.187994003
1605.099976,-0.179744244
1605.200073,-0.175929546
1605.300049,-0.176883221
1605.400024,-0.181568265
1605.5,-0.185037136
1605.599976,-0.188423157
1605.700073,-0.185180187
1605.800049,-0.173974514
1605.900024,-0.177169323
1606,-0.181174755
1606.099976,-0.180840969
1606.200073,-0.169969082
1606.300049,-0.186276913
1606.400024,-0.17764616
1606.5,-0.18341589
1606.599976,-0.171065807
1606.700073,-0.176167965
1606.800049,-0.183892727
1606.900024,-0.17559576
1607,-0.173259258
1607.099976,-0.180840969
1607.200073,-0.182033062
1607.300049,-0.179791927
1607.400024,-0.172496319
1607.5,-0.173402309
1607.599976,-0.180697918
1607.700073,-0.177407742
1607.800049,-0.179625034
1607.900024,-0.180268764
1608,-0.180125713
1608.099976,-0.179028988
1608.200073,-0.177598476
1608.300049,-0.181794643
1608.400024,-0.183797359
1608.5,-0.177979946
1608.599976,-0.178647518
1608.700073,-0.178313732
1608.800049,-0.171828747
1608.900024,-0.182796001
1609,-0.176549435
1609.099976,-0.17931509
1609.200073,-0.182891369
1609.300049,-0.174451351
1609.400024,-0.182223797
1609.5,-0.17597723
1609.599976,-0.184274197
1609.700073,-0.17726469
1609.800049,-0.173306942
1609.900024,-0.174832821
1610,-0.179982662
1610.099976,-0.178170681
1610.200073,-0.183129787
1610.300049,-0.175023556
1610.400024,-0.186229229
1610.5,-0.177169323
1610.599976,-0.181603909
1610.700073,-0.176167965
1610.800049,-0.173306942
1610.900024,-0.177562714
1611,-0.179076672
1611.099976,-0.181699276
1611.200073,-0.178838253
1611.300049,-0.169921398
1611.400024,-0.180793285
1611.5,-0.174403667
1611.599976,-0.180459499
1611.700073,-0.178850174
1611.800049,-0.180221081
1611.900024,-0.180316448
1612,-0.183177471
1612.099976,-0.179505825
1612.200073,-0.187469006
1612.300049,-0.186563015
1612.400024,-0.184607983
1612.5,-0.179028988
1612.599976,-0.17392683
1612.700073,-0.178742886
1612.800049,-0.178552151
1612.900024,-0.181270123
1613,-0.178885937
1613.099976,-0.165439129
1613.200073,-0.173068523
1613.300049,-0.182891369
1613.400024,-0.171685696
1613.5,-0.177741528
1613.599976,-0.180364132
1613.700073,-0.180030346
1613.800049,-0.184655666
1613.900024,-0.176597118
1614,-0.187373638
1614.099976,-0.180030346
1614.200073,-0.181818485
1614.300049,-0.179982662
1614.400024,-0.179887295
1614.5,-0.181985378
1614.599976,-0.180256844
1614.700073,-0.181413174
1614.800049,-0.177741528
1614.900024,-0.174642086
1615,-0.18847084
1615.099976,-0.175929546
1615.200073,-0.181842327
1615.300049,-0.164580822
1615.400024,-0.182700634
1615.5,-0.1722579
1615.599976,-0.178552151
1615.700073,-0.17135191
1615.800049,-0.180459499
1615.900024,-0.177979946
1616,-0.177312374
1616.099976,-0.18007803
1616.200073,-0.183654308
1616.300049,-0.183845043
1616.400024,-0.18637228
1616.5,-0.180268764
1616.599976,-0.171494961
1616.700073,-0.177550793
1616.800049,-0.179505825
1616.900024,-0.171971798
1617,-0.185132504
1617.099976,-0.176024914
1617.200073,-0.173688412
1617.300049,-0.18432188
1617.400024,-0.186276913
1617.5,-0.182748318
1617.599976,-0.183940411
1617.700073,-0.177979946
1617.800049,-0.179362774
1617.900024,-0.184607983
1618,-0.178862095
1618.099976,-0.176072598
1618.200073,-0.175405025
1618.300049,-0.172400951
1618.400024,-0.178313732
1618.5,-0.181556225
1618.599976,-0.179839611
1618.700073,-0.186610699
1618.800049,-0.173306942
1618.900024,-0.186229229
1619,-0.18470335
1619.099976,-0.178313732
1619.200073,-0.175452709
1619.300049,-0.177455425
1619.400024,-0.175881863
1619.5,-0.176549435
1619.599976,-0.181699276
1619.700073,-0.184846401
1619.800049,-0.181222439
1619.900024,-0.181222439
1620,-0.17931509
1620.099976,-0.174355984
1620.200073,-0.18432188
1620.300049,-0.169539928
1620.400024,-0.182080746
1620.5,-0.179028988
1620.599976,-0.181222439
1620.700073,-0.175118923
1620.800049,-0.175166607
1620.900024,-0.171924114
1621,-0.172400951
1621.099976,-0.174451351
1621.200073,-0.176883221
1621.300049,-0.176597118
1621.400024,-0.181842327
1621.5,-0.181699276
1621.599976,-0.184560299
1621.700073,-0.1784091
1621.800049,-0.184178829
1621.900024,-0.180888653
1622,-0.18136549
1622.099976,-0.180435658
1622.200073,-0.177312374
1622.300049,-0.182176113
1622.400024,-0.179362774
1622.5,-0.17674017
1622.599976,-0.171733379
1622.700073,-0.189996719
1622.800049,-0.174975872
1622.900024,-0.184798717
1623,-0.18174696
1623.099976,-0.17764616
1623.200073,-0.180411816
1623.300049,-0.172687054
1623.400024,-0.175691128
1623.5,-0.177491188
1623.599976,-0.180030346
1623.700073,-0.181556225
1623.800049,-0.175929546
1623.900024,-0.173402309
1624,-0.18470335
1624.099976,-0.186181545
1624.200073,-0.178838253
1624.300049,-0.177312374
1624.400024,-0.184369564
1624.5,-0.185227871
1624.599976,-0.18162775
1624.700073,-0.178361416
1624.800049,-0.178552151
1624.900024,-0.178444862
1625,-0.179267406
1625.099976,-0.177598476
1625.200073,-0.181842327
1625.300049,-0.166631222
1625.400024,-0.173736095
1625.5,-0.188280106
1625.599976,-0.176883221
1625.700073,-0.182319164
1625.800049,-0.182700634
1625.900024,-0.179148197
1626,-0.174880505
1626.099976,-0.176692486
1626.200073,-0.179505825
1626.300049,-0.176215649
1626.400024,-0.178075314
1626.5,-0.177312374
1626.599976,-0.177741528
1626.700073,-0.176275253
1626.800049,-0.174832821
1626.900024,-0.175214291
1627,-0.178993225
1627.099976,-0.183082104
1627.200073,-0.182843685
1627.300049,-0.174594402
1627.400024,-0.189329147
1627.5,-0.1763587
1627.599976,-0.179982662
1627.700073,-0.181699276
1627.800049,-0.183606625
1627.900024,-0.181079388
1628,-0.176787853
1628.099976,-0.177979946
1628.200073,-0.180507183
1628.300049,-0.175118923
1628.400024,-0.17097044
1628.5,-0.185513973
1628.599976,-0.175500393
1628.700073,-0.180030346
1628.800049,-0.179601192
1628.900024,-0.178504467
1629,-0.171876431
1629.099976,-0.184941769
1629.200073,-0.171304226
1629.300049,-0.185180187
1629.400024,-0.183558941
1629.5,-0.174928188
1629.599976,-0.174594402
1629.700073,-0.182939053
1629.800049,-0.178885937
1629.900024,-0.182366848
1630,-0.177073956
1630.099976,-0.180411816
1630.200073,-0.167108059
1630.300049,-0.171208858
1630.400024,-0.182748318
1630.5,-0.179601192
1630.599976,-0.175834179
1630.700073,-0.179887295
1630.800049,-0.18303442
1630.900024,-0.173449993
1631,-0.187230587
1631.099976,-0.173068523
1631.200073,-0.177979946
1631.300049,-0.17097044
1631.400024,-0.184369564
1631.5,-0.178313732
1631.599976,-0.187803268
1631.700073,-0.183272839
1631.800049,-0.183308721
1631.900024,-0.182986736
1632,-0.179172039
1632.099976,-0.183082104
1632.200073,-0.179648876
1632.300049,-0.180745602
1632.400024,-0.179839611
1632.5,-0.179172039
1632.599976,-0.179791927
1632.700073,-0.178790569
1632.800049,-0.176072598
1632.900024,-0.178599834
1633,-0.176692486
1633.099976,-0.18470335
1633.200073,-0.173163891
1633.300049,-0.177884579
1633.400024,-0.18174696
1633.5,-0.181127071
1633.599976,-0.176167965
1633.700073,-0.174403667
1633.800049,-0.181937695
1633.900024,-0.175214291
1634,-0.179791927
1634.099976,-0.184512615
1634.200073,-0.176692486
1634.300049,-0.184035778
1634.400024,-0.180697918
1634.5,-0.180995941
1634.599976,-0.178361416
1634.700073,-0.180888653
1634.800049,-0.1763587
1634.900024,-0.172782421
1635,-0.180507183
1635.099976,-0.181508541
1635.200073,-0.168967724
1635.300049,-0.183511257
1635.400024,-0.175881863
1635.5,-0.176597118
1635.599976,-0.180125713
1635.700073,-0.182986736
1635.800049,-0.182939053
1635.900024,-0.177598476
1636,-0.176263332
1636.099976,-0.181031704
1636.200073,-0.171018124
1636.300049,-0.179028988
1636.400024,-0.180268764
1636.5,-0.180125713
1636.599976,-0.176501751
1636.700073,-0.177741528
1636.800049,-0.176454067
1636.900024,-0.177836895
1637,-0.179219723
1637.099976,-0.178885937
1637.200073,-0.176775932
1637.300049,-0.174546719
1637.400024,-0.174451351
1637.5,-0.179362774
1637.599976,-0.182843685
1637.700073,-0.168872356
1637.800049,-0.179505825
1637.900024,-0.167394161
1638,-0.177026272
1638.099976,-0.167012691
1638.200073,-0.185847759
1638.300049,-0.167870998
1638.400024,-0.180936337
1638.5,-0.179362774
1638.599976,-0.17468977
1638.700073,-0.181794643
1638.800049,-0.177836895
1638.900024,-0.182462215
1639,-0.1763587
1639.099976,-0.173306942
1639.200073,-0.179553509
1639.300049,-0.183701992
1639.400024,-0.180745602
1639.5,-0.18341589
1639.599976,-0.181270123
1639.700073,-0.183177471
1639.800049,-0.180745602
1639.900024,-0.17597723
1640,-0.189519882
1640.099976,-0.173974514
1640.200073,-0.179028988
1640.300049,-0.178122997
1640.400024,-0.180316448
1640.5,-0.178552151
1640.599976,-0.179601192
1640.700073,-0.181222439
1640.800049,-0.18341589
1640.900024,-0.187278271
1641,-0.182366848
1641.099976,-0.180316448
1641.200073,-0.170493603
1641.300049,-0.175166607
1641.400024,-0.186038494
1641.5,-0.184560299
1641.599976,-0.18599081
1641.700073,-0.189519882
1641.800049,-0.18458426
1641.900024,-0.181556225
1642,-0.181270123
1642.099976,-0.17597723
1642.200073,-0.190568924
1642.300049,-0.170779705
1642.400024,-0.182509899
1642.5,-0.180793285
1642.599976,-0.176501751
1642.700073,-0.174117565
1642.800049,-0.175869942
1642.900024,-0.175881863
1643,-0.176978588
1643.099976,-0.179839611
1643.200073,-0.179076672
1643.300049,-0.179458141
1643.400024,-0.179744244
1643.5,-0.179172039
1643.599976,-0.175118923
1643.700073,-0.182128429
1643.800049,-0.174594402
1643.900024,-0.171494961
1644,-0.185513973
1644.099976,-0.17726469
1644.200073,-0.186896801
1644.300049,-0.175357342
1644.400024,-0.180268764
1644.5,-0.174928188
1644.599976,-0.183368206
1644.700073,-0.191236496
1644.800049,-0.175548077
1644.900024,-0.176311016
1645,-0.184417248
1645.099976,-0.181413174
1645.200073,-0.185180187
1645.300049,-0.186181545
1645.400024,-0.177598476
1645.5,-0.186563015
1645.599976,-0.173879147
1645.700073,-0.173402309
1645.800049,-0.182414532
1645.900024,-0.184131145
1646,-0.182569504
1646.099976,-0.182033062
1646.200073,-0.181699276
1646.300049,-0.180423737
1646.400024,-0.178313732
1646.5,-0.179648876
1646.599976,-0.178456783
1646.700073,-0.176263332
1646.800049,-0.181651592
1646.900024,-0.179887295
1647,-0.180221081
1647.099976,-0.178313732
1647.200073,-0.180411816
1647.300049,-0.172925472
1647.400024,-0.178313732
1647.5,-0.180173397
1647.599976,-0.179744244
1647.700073,-0.182843685
1647.800049,-0.179732323
1647.900024,-0.178599834
1648,-0.177741528
1648.099976,-0.176406384
1648.200073,-0.174832821
1648.300049,-0.174451351
1648.400024,-0.173211575
1648.5,-0.175774574
1648.599976,-0.177932262
1648.700073,-0.177503109
1648.800049,-0.178981304
1648.900024,-0.177884579
1649,-0.181603909
1649.099976,-0.185227871
1649.200073,-0.181222439
1649.300049,-0.179648876
1649.400024,-0.181270123
1649.5,-0.181293964
1649.599976,-0.181079388
1649.700073,-0.183177471
1649.800049,-0.181603909
1649.900024,-0.179267406
1650,-0.183797359
1650.099976,-0.180221081
1650.200073,-0.181985378
1650.300049,-0.177979946
1650.400024,-0.176120281
1650.5,-0.179410458
1650.599976,-0.178647518
1650.700073,-0.180268764
1650.800049,-0.174594402
1650.900024,-0.184131145
1651,-0.188804626
1651.099976,-0.17931509
1651.200073,-0.182939053
1651.300049,-0.176215649
1651.400024,-0.178599834
1651.5,-0.192142487
1651.599976,-0.167775631
1651.700073,-0.177693844
1651.800049,-0.175071239
1651.900024,-0.173068523
1652,-0.176120281
1652.099976,-0.181460857
1652.200073,-0.182176113
1652.300049,-0.182223797
1652.400024,-0.178695202
1652.5,-0.178015709
1652.599976,-0.175214291
1652.700073,-0.175929546
1652.800049,-0.18341589
1652.900024,-0.168633938
1653,-0.187230587
1653.099976,-0.180840969
1653.200073,-0.175929546
1653.300049,-0.182605267
1653.400024,-0.178456783
1653.5,-0.185847759
1653.599976,-0.173831463
1653.700073,-0.179410458
1653.800049,-0.17597723
1653.900024,-0.175691128
1654,-0.176454067
1654.099976,-0.184894085
1654.200073,-0.172734737
1654.300049,-0.184607983
1654.400024,-0.185752392
1654.5,-0.180697918
1654.599976,-0.181413174
1654.700073,-0.179124355
1654.800049,-0.178885937
1654.900024,-0.176573277
1655,-0.173736095
1655.099976,-0.174546719
1655.200073,-0.178862095
1655.300049,-0.183463573
1655.400024,-0.183701992
1655.5,-0.179601192
1655.599976,-0.176263332
1655.700073,-0.174975872
1655.800049,-0.180459499
1655.900024,-0.170159817
1656,-0.183129787
1656.099976,-0.185561657
1656.200073,-0.179982662
1656.300049,-0.183177471
1656.400024,-0.180566788
1656.5,-0.17893362
1656.599976,-0.180173397
1656.700073,-0.181055546
1656.800049,-0.180811167
1656.900024,-0.181317806
1657,-0.180697918
1657.099976,-0.171256542
1657.200073,-0.188423157
1657.300049,-0.177407742
1657.400024,-0.183701992
1657.5,-0.173688412
1657.599976,-0.186086178
1657.700073,-0.177503109
1657.800049,-0.173593044
1657.900024,-0.182557583
1658,-0.172305584
1658.099976,-0.179601192
1658.200073,-0.178981304
1658.300049,-0.183701992
1658.400024,-0.185943127
1658.5,-0.172830105
1658.599976,-0.182462215
1658.700073,-0.17764616
1658.800049,-0.182176113
1658.900024,-0.181270123
1659,-0.180137634
1659.099976,-0.178885937
1659.200073,-0.178218365
1659.300049,-0.185704708
1659.400024,-0.183654308
1659.5,-0.177026272
1659.599976,-0.17135191
1659.700073,-0.187517166
1659.800049,-0.177836895
1659.900024,-0.179553509
1660,-0.181937695
1660.099976,-0.18265295
1660.200073,-0.17726469
1660.300049,-0.177312374
1660.400024,-0.17597723
1660.5,-0.17597723
1660.599976,-0.176978588
1660.700073,-0.180459499
1660.800049,-0.184989452
1660.900024,-0.183892727
1661,-0.184619904
1661.099976,-0.184369564
1661.200073,-0.180879712
1661.300049,-0.177789211
1661.400024,-0.17674017
1661.5,-0.177991867
1661.599976,-0.180173397
1661.700073,-0.17726469
1661.800049,-0.172734737
1661.900024,-0.178599834
1662,-0.181556225
1662.099976,-0.178504467
1662.200073,-0.178313732
1662.300049,-0.171876431
1662.400024,-0.173736095
1662.5,-0.185847759
1662.599976,-0.185180187
1662.700073,-0.185227871
1662.800049,-0.185609341
1662.900024,-0.184274197
1663,-0.18007803
1663.099976,-0.179982662
1663.200073,-0.186896801
1663.300049,-0.178170681
1663.400024,-0.186706066
1663.5,-0.178075314
1663.599976,-0.177932262
1663.700073,-0.178742886
1663.800049,-0.18098402
1663.900024,-0.180268764
1664,-0.17597723
1664.099976,-0.179505825
1664.200073,-0.177121639
1664.300049,-0.17674017
1664.400024,-0.176263332
1664.5,-0.177169323
1664.599976,-0.1758461
1664.700073,-0.176215649
1664.800049,-0.173736095
1664.900024,-0.177169323
1665,-0.186658382
1665.099976,-0.189472198
1665.200073,-0.177073956
1665.300049,-0.179601192
1665.400024,-0.181842327
1665.5,-0.188041687
1665.599976,-0.187994003
1665.700073,-0.18370223
1665.800049,-0.179648876
1665.900024,-0.179124355
1666,-0.18059063
1666.099976,-0.181890011
1666.200073,-0.181699276
1666.300049,-0.174022198
1666.400024,-0.183320522
1666.5,-0.173068523
1666.599976,-0.181985378
1666.700073,-0.17559576
1666.800049,-0.175929546
1666.900024,-0.180936337
1667,-0.188089371
1667.099976,-0.184178829
1667.200073,-0.175309658
1667.300049,-0.191427231
1667.400024,-0.174260616
1667.5,-0.179982662
1667.599976,-0.176883221
1667.700073,-0.177836895
1667.800049,-0.177121639
1667.900024,-0.175118923
1668,-0.175881863
1668.099976,-0.175726891
1668.200073,-0.177026272
1668.300049,-0.174880505
1668.400024,-0.177836895
1668.5,-0.17931509
1668.599976,-0.177419662
1668.700073,-0.176883221
1668.800049,-0.175643444
1668.900024,-0.18341589
1669,-0.177407742
1669.099976,-0.168824673
1669.200073,-0.18470335
1669.300049,-0.177836895
1669.400024,-0.177121639
1669.5,-0.183082104
1669.599976,-0.185943127
1669.700073,-0.176215649
1669.800049,-0.184274316
1669.900024,-0.187994003
1670,-0.186944485
1670.099976,-0.180793285
1670.200073,-0.18546629
1670.300049,-0.176311016
1670.400024,-0.189805984
1670.5,-0.173593044
1670.599976,-0.183845043
1670.700073,-0.169396877
1670.800049,-0.169492245
1670.900024,-0.171256542
1671,-0.175023556
1671.099976,-0.171113491
1671.200073,-0.174475193
1671.300049,-0.178266048
1671.400024,-0.173497677
1671.5,-0.178122997
1671.599976,-0.186038494
1671.700073,-0.181222439
1671.800049,-0.179934978
1671.900024,-0.180793285
1672,-0.178456783
1672.099976,-0.177312374
1672.200073,-0.181937695
1672.300049,-0.178862095
1672.400024,-0.179791927
1672.5,-0.176406384
1672.599976,-0.188899994
1672.700073,-0.183368206
1672.800049,-0.18961525
1672.900024,-0.185323238
1673,-0.181651592
1673.099976,-0.184846401
1673.200073,-0.187994003
1673.300049,-0.186133862
1673.400024,-0.180936337
1673.5,-0.180697918
1673.599976,-0.168395519
1673.700073,-0.177836895
1673.800049,-0.189853668
1673.900024,-0.174594402
1674,-0.18174696
1674.099976,-0.177073956
1674.200073,-0.180602551
1674.300049,-0.178838253
1674.400024,-0.180554867
1674.5,-0.18007803
1674.599976,-0.180793285
1674.700073,-0.180125713
1674.800049,-0.184846401
1674.900024,-0.172400951
1675,-0.181460857
1675.099976,-0.179553509
1675.200073,-0.178647518
1675.300049,-0.173879147
1675.400024,-0.17263937
1675.5,-0.176883221
1675.599976,-0.178790569
1675.700073,-0.177503109
1675.800049,-0.182939053
1675.900024,-0.1722579
1676,-0.176644802
1676.099976,-0.18136549
1676.200073,-0.170779705
1676.300049,-0.177455425
1676.400024,-0.169635296
1676.5,-0.185227871
1676.599976,-0.180364132
1676.700073,-0.174355984
1676.800049,-0.176644802
1676.900024,-0.17969656
1677,-0.177026272
1677.099976,-0.184989452
1677.200073,-0.183797359
1677.300049,-0.173593044
1677.400024,-0.177407742
1677.5,-0.172496319
1677.599976,-0.177121639
1677.700073,-0.179028988
1677.800049,-0.179553509
1677.900024,-0.173211575
1678,-0.169730663
1678.099976,-0.179934978
1678.200073,-0.187994003
1678.300049,-0.170493603
1678.400024,-0.18007803
1678.5,-0.188184738
1678.599976,-0.183225155
1678.700073,-0.181460977
1678.800049,-0.177550793
1678.900024,-0.176883221
1679,-0.1722579
1679.099976,-0.163960934
1679.200073,-0.182986736
1679.300049,-0.175786495
1679.400024,-0.171590328
1679.5,-0.179839611
1679.599976,-0.177550793
1679.700073,-0.174403667
1679.800049,-0.17674017
1679.900024,-0.18136549
1680,-0.180173397
1680.099976,-0.181794643
1680.200073,-0.174594402
1680.300049,-0.178695202
1680.400024,-0.176454067
1680.5,-0.178218365
1680.599976,-0.183749676
1680.700073,-0.174594402
1680.800049,-0.180364132
1680.900024,-0.1763587
1681,-0.175929546
1681.099976,-0.170302868
1681.200073,-0.172305584
1681.300049,-0.176096439
1681.400024,-0.178742886
1681.5,-0.18303442
1681.599976,-0.194955826
1681.700073,-0.179362774
1681.800049,-0.170350552
1681.900024,-0.181270123
1682,-0.183558941
1682.099976,-0.180376053
1682.200073,-0.178218365
1682.300049,-0.178456783
1682.400024,-0.180173397
1682.5,-0.180602551
1682.599976,-0.184607983
1682.700073,-0.175405025
1682.800049,-0.182414532
1682.900024,-0.185037136
1683,-0.175643444
1683.099976,-0.183463573
1683.200073,-0.175881863
1683.300049,-0.179791927
1683.400024,-0.184846401
1683.5,-0.179744244
1683.599976,-0.180745602
1683.700073,-0.180268764
1683.800049,-0.183988094
1683.900024,-0.182128429
1684,-0.184250355
1684.099976,-0.18341589
1684.200073,-0.187469006
1684.300049,-0.180840969
1684.400024,-0.185418606
1684.5,-0.181985378
1684.599976,-0.178742886
1684.700073,-0.178504467
1684.800049,-0.17931509
1684.900024,-0.180459499
1685,-0.18085289
1685.099976,-0.182223797
1685.200073,-0.181413174
1685.300049,-0.182605267
1685.400024,-0.183988094
1685.5,-0.182796001
1685.599976,-0.183320522
1685.700073,-0.178695202
1685.800049,-0.176549435
1685.900024,-0.177407742
1686,-0.178146839
1686.099976,-0.178742886
1686.200073,-0.179887295
1686.300049,-0.184131145
1686.400024,-0.182700634
1686.5,-0.179505825
1686.599976,-0.184941769
1686.700073,-0.181651592
1686.800049,-0.185800076
1686.900024,-0.182319164
1687,-0.177312374
1687.099976,-0.184989452
1687.200073,-0.179076672
1687.300049,-0.182891369
1687.400024,-0.173640728
1687.5,-0.17893362
1687.599976,-0.177932262
1687.700073,-0.173068523
1687.800049,-0.176120281
1687.900024,-0.182700634
1688,-0.186324596
1688.099976,-0.178122997
1688.200073,-0.174451351
1688.300049,-0.183511257
1688.400024,-0.18961525
1688.5,-0.185323238
1688.599976,-0.188804626
1688.700073,-0.17893362
1688.800049,-0.167918682
1688.900024,-0.175738811
1689,-0.189805984
1689.099976,-0.180125713
1689.200073,-0.182462215
1689.300049,-0.179458141
1689.400024,-0.179553509
1689.5,-0.187517166
1689.599976,-0.18265295
1689.700073,-0.18713522
1689.800049,-0.180793285
1689.900024,-0.180936337
1690,-0.176024914
1690.099976,-0.174499035
1690.200073,-0.180364132
1690.300049,-0.181556225
1690.400024,-0.181556225
1690.5,-0.179839611
1690.599976,-0.175309658
1690.700073,-0.181651592
1690.800049,-0.170732021
1690.900024,-0.184941769
1691,-0.183129787
1691.099976,-0.176692486
1691.200073,-0.183940411
1691.300049,-0.178075314
1691.400024,-0.182700634
1691.5,-0.177550793
1691.599976,-0.173306942
1691.700073,-0.180650234
1691.800049,-0.173974514
1691.900024,-0.17802763
1692,-0.176072598
1692.099976,-0.174117565
1692.200073,-0.176394463
1692.300049,-0.178218365
1692.400024,-0.177169323
1692.5,-0.180125713
1692.599976,-0.17597723
1692.700073,-0.174546719
1692.800049,-0.177491188
1692.900024,-0.180411816
1693,-0.179028988
1693.099976,-0.175548077
1693.200073,-0.183463573
1693.300049,-0.177884579
1693.400024,-0.173736095
1693.5,-0.176215649
1693.599976,-0.179601192
1693.700073,-0.175250053
1693.800049,-0.170445919
1693.900024,-0.174737453
1694,-0.172782421
1694.099976,-0.173843384
1694.200073,-0.173831463
1694.300049,-0.174022198
1694.400024,-0.180840969
1694.5,-0.17764616
1694.599976,-0.187373638
1694.700073,-0.177836895
1694.800049,-0.172830105
1694.900024,-0.178075314
1695,-0.176311016
1695.099976,-0.174904346
1695.200073,-0.170922756
1695.300049,-0.1743083
1695.400024,-0.180840969
1695.5,-0.181556225
1695.599976,-0.180066109
1695.700073,-0.178742886
1695.800049,-0.179124355
1695.900024,-0.169635296
1696,-0.18174696
1696.099976,-0.175309658
1696.200073,-0.183892727
1696.300049,-0.183892727
1696.400024,-0.180089951
1696.5,-0.176787853
1696.599976,-0.175786495
1696.700073,-0.172734737
1696.800049,-0.175691128
1696.900024,-0.183129787
1697,-0.179982662
1697.099976,-0.178623676
1697.200073,-0.17597723
1697.300049,-0.175405025
1697.400024,-0.177622318
1697.5,-0.179648876
1697.599976,-0.179458141
1697.700073,-0.182605267
1697.800049,-0.18098402
1697.900024,-0.179934978
1698,-0.181937695
1698.099976,-0.18174696
1698.200073,-0.182509899
1698.300049,-0.185323238
1698.400024,-0.183368206
1698.5,-0.177026272
1698.599976,-0.174117565
1698.700073,-0.181699276
1698.800049,-0.179172039
1698.900024,-0.179410458
1699,-0.18059063
1699.099976,-0.181937695
1699.200073,-0.181842327
1699.300049,-0.175357342
1699.400024,-0.176311016
1699.5,-0.171733379
1699.599976,-0.175786495
1699.700073,-0.178838253
1699.800049,-0.175357342
1699.900024,-0.174642086
1700,-0.173175812
1700.099976,-0.171113491
1700.200073,-0.171590328
1700.300049,-0.174189091
1700.400024,-0.178361416
1700.5,-0.175691128
1700.599976,-0.176167965
1700.700073,-0.17893362
1700.800049,-0.180745602
1700.900024,-0.171733379
1701,-0.180125713
1701.099976,-0.173211575
1701.200073,-0.16853857
1701.300049,-0.185513973
1701.400024,-0.178790569
1701.5,-0.181031704
1701.599976,-0.177360058
1701.700073,-0.174642086
1701.800049,-0.174975872
1701.900024,-0.178003788
1702,-0.180173397
1702.099976,-0.182223797
1702.200073,-0.18341589
1702.300049,-0.181603909
1702.400024,-0.177479267
1702.5,-0.170779705
1702.599976,-0.174117565
1702.700073,-0.18098402
1702.800049,-0.175643444
1702.900024,-0.173211575
1703,-0.190139771
1703.099976,-0.171113491
1703.200073,-0.182748318
1703.300049,-0.182462215
1703.400024,-0.178599834
1703.5,-0.173211575
1703.599976,-0.172162533
1703.700073,-0.17764616
1703.800049,-0.175023556
1703.900024,-0.181937695
1704,-0.187182903
1704.099976,-0.179219723
1704.200073,-0.172591686
1704.300049,-0.173783779
1704.400024,-0.178170681
1704.5,-0.178170681
1704.599976,-0.179410458
1704.700073,-0.173831463
1704.800049,-0.175881863
1704.900024,-0.169158459
1705,-0.18599081
1705.099976,-0.177741528
1705.200073,-0.176120281
1705.300049,-0.172400951
1705.400024,-0.17135191
1705.5,-0.175512314
1705.599976,-0.180030346
1705.700073,-0.178266048
1705.800049,-0.176120281
1705.900024,-0.181937695
1706,-0.175309658
1706.099976,-0.177169323
1706.200073,-0.17546463
1706.300049,-0.1743083
1706.400024,-0.175071239
1706.5,-0.173640728
1706.599976,-0.181556225
1706.700073,-0.169492245
1706.800049,-0.180221081
1706.900024,-0.176692486
1707,-0.174022198
1707.099976,-0.182128429
1707.200073,-0.170827389
1707.300049,-0.176167965
1707.400024,-0.180507183
1707.5,-0.174546719
1707.599976,-0.178170681
1707.700073,-0.183988094
1707.800049,-0.185752392
1707.900024,-0.183606625
1708,-0.18265295
1708.099976,-0.176930904
1708.200073,-0.169730663
1708.300049,-0.175500393
1708.400024,-0.171638012
1708.5,-0.183845043
1708.599976,-0.1784091
1708.700073,-0.1743083
1708.800049,-0.1743083
1708.900024,-0.175929546
1709,-0.177884579
1709.099976,-0.169826031
1709.200073,-0.177789211
1709.300049,-0.169253826
1709.400024,-0.171685696
1709.5,-0.173545361
1709.599976,-0.199914932
1709.700073,-0.208068848
1709.800049,-0.193811417
1709.900024,-0.202919006
1710,-0.188995361
1710.099976,-0.193334579
1710.200073,-0.196004868
1710.300049,-0.192714691
1710.400024,-0.196386337
1710.5,-0.195957184
1710.599976,-0.193525314
1710.700073,-0.198865891
1710.800049,-0.194383621
1710.900024,-0.188756943
1711,-0.198246002
1711.099976,-0.19128418
1711.200073,-0.199819565
1711.300049,-0.187755585
1711.400024,-0.19667244
1711.5,-0.198102951
1711.599976,-0.203109741
1711.700073,-0.191999435
1711.800049,-0.199819565
1711.900024,-0.192142487
1712,-0.195766449
1712.099976,-0.204158783
1712.200073,-0.190092087
1712.300049,-0.200248718
1712.400024,-0.200963974
1712.5,-0.188804626
1712.599976,-0.203157425
1712.700073,-0.193334579
1712.800049,-0.200057983
1712.900024,-0.199056625
1713,-0.198877811
1713.099976,-0.199151993
1713.200073,-0.197244644
1713.300049,-0.194955826
1713.400024,-0.198019505
1713.5,-0.19962883
1713.599976,-0.200248718
1713.700073,-0.197149277
1713.800049,-0.191427231
1713.900024,-0.201774597
1714,-0.197149277
1714.099976,-0.191093445
1714.200073,-0.197721481
1714.300049,-0.199295044
1714.400024,-0.197518826
1714.5,-0.196577072
1714.599976,-0.196481705
1714.700073,-0.195289612
1714.800049,-0.201822281
1714.900024,-0.189424515
1715,-0.195718765
1715.099976,-0.202013016
1715.200073,-0.191856384
1715.300049,-0.197435379
1715.400024,-0.192905426
1715.5,-0.198389053
1715.599976,-0.18794632
1715.700073,-0.200487137
1715.800049,-0.196100235
1715.900024,-0.205207825
1716,-0.194955826
1716.099976,-0.196434021
1716.200073,-0.19552803
1716.300049,-0.198007584
1716.400024,-0.201059341
1716.5,-0.195766449
1716.599976,-0.192619324
1716.700073,-0.191379547
1716.800049,-0.196434021
1716.900024,-0.197530746
1717,-0.198484421
1717.099976,-0.19552803
1717.200073,-0.195218086
1717.300049,-0.193620682
1717.400024,-0.193239212
1717.5,-0.195098877
1717.599976,-0.189376831
1717.700073,-0.20296669
1717.800049,-0.189472198
1717.900024,-0.208402634
1718,-0.195861816
1718.099976,-0.194478989
1718.200073,-0.192380905
1718.300049,-0.183749676
1718.400024,-0.197721481
1718.5,-0.190759659
1718.599976,-0.197292328
1718.700073,-0.186181545
1718.800049,-0.19719696
1718.900024,-0.19667244
1719,-0.189519882
1719.099976,-0.19962883
1719.200073,-0.194860458
1719.300049,-0.205684662
1719.400024,-0.195814133
1719.5,-0.199724197
1719.599976,-0.197638035
1719.700073,-0.197292328
1719.800049,-0.197721481
1719.900024,-0.198246002
1720,-0.196434021
1720.099976,-0.196100235
1720.200073,-0.193668365
1720.300049,-0.188518524
1720.400024,-0.190425873
1720.5,-0.190092087
1720.599976,-0.194383621
1720.700073,-0.2000103
1720.800049,-0.195957184
1720.900024,-0.194717407
1721,-0.198389053
1721.099976,-0.193048477
1721.200073,-0.18961525
1721.300049,-0.196910858
1721.400024,-0.188089371
1721.5,-0.199104309
1721.599976,-0.197721481
1721.700073,-0.196720123
1721.800049,-0.193000793
1721.900024,-0.192380905
1722,-0.193120003
1722.099976,-0.195623398
1722.200073,-0.191474915
1722.300049,-0.184560299
1722.400024,-0.184035778
1722.5,-0.193382263
1722.599976,-0.193048477
1722.700073,-0.194335938
1722.800049,-0.199581146
1722.900024,-0.18923378
1723,-0.201822281
1723.099976,-0.194097519
1723.200073,-0.194335938
1723.300049,-0.193668365
1723.400024,-0.193429947
1723.5,-0.192476273
1723.599976,-0.193239212
1723.700073,-0.195766449
1723.800049,-0.193358421
1723.900024,-0.191188812
1724,-0.193239212
1724.099976,-0.194860458
1724.200073,-0.195575714
1724.300049,-0.188899994
1724.400024,-0.187373638
1724.5,-0.192476273
1724.599976,-0.20129776
1724.700073,-0.196052551
1724.800049,-0.192905426
1724.900024,-0.187612534
1725,-0.196910858
1725.099976,-0.193096161
1725.200073,-0.195766449
1725.300049,-0.199056625
1725.400024,-0.197483063
1725.5,-0.185847759
1725.599976,-0.19719696
1725.700073,-0.191427231
1725.800049,-0.190855026
1725.900024,-0.192297459
1726,-0.193716049
1726.099976,-0.193191528
1726.200073,-0.194216728
1726.300049,-0.19424057
1726.400024,-0.195718765
1726.5,-0.193239212
1726.599976,-0.209260941
1726.700073,-0.19962883
1726.800049,-0.192285538
1726.900024,-0.197244644
1727,-0.191236496
1727.099976,-0.188661575
1727.200073,-0.193763733
1727.300049,-0.200057983
1727.400024,-0.193334579
1727.5,-0.189758301
1727.599976,-0.20091629
1727.700073,-0.200296402
1727.800049,-0.200820923
1727.900024,-0.200439453
1728,-0.188613892
1728.099976,-0.201631546
1728.200073,-0.194049835
1728.300049,-0.193763733
1728.400024,-0.188566208
1728.5,-0.1959095
1728.599976,-0.183701992
1728.700073,-0.208259583
1728.800049,-0.19552803
1728.900024,-0.199342728
1729,-0.193572998
1729.099976,-0.197721481
1729.200073,-0.194955826
1729.300049,-0.190330505
1729.400024,-0.203157425
1729.5,-0.191427231
1729.599976,-0.197626114
1729.700073,-0.194335938
1729.800049,-0.19667244
1729.900024,-0.197244644
1730,-0.203777313
1730.099976,-0.192667007
1730.200073,-0.201631546
1730.300049,-0.195718765
1730.400024,-0.201869965
1730.5,-0.190759659
1730.599976,-0.192905426
1730.700073,-0.195051193
1730.800049,-0.205112457
1730.900024,-0.19090271
1731,-0.2000103
1731.099976,-0.195814133
1731.200073,-0.194431305
1731.300049,-0.196195602
1731.400024,-0.197053909
1731.5,-0.193000793
1731.599976,-0.192428589
1731.700073,-0.191522598
1731.800049,-0.196100235
1731.900024,-0.191474915
1732,-0.199438095
1732.099976,-0.192523956
1732.200073,-0.192380905
1732.300049,-0.200677872
1732.400024,-0.188661575
1732.5,-0.198150635
1732.599976,-0.198150635
1732.700073,-0.198150635
1732.800049,-0.198198318
1732.900024,-0.198102951
1733,-0.195146561
1733.099976,-0.196267128
1733.200073,-0.196815491
1733.300049,-0.19500351
1733.400024,-0.192380905
1733.5,-0.198484421
1733.599976,-0.196052551
1733.700073,-0.199390411
1733.800049,-0.190473557
1733.900024,-0.195337296
1734,-0.186610699
1734.099976,-0.199533463
1734.200073,-0.194669724
1734.300049,-0.190139771
1734.400024,-0.198961258
1734.5,-0.195241928
1734.599976,-0.194335938
1734.700073,-0.189710617
1734.800049,-0.200105667
1734.900024,-0.195051193
1735,-0.188327789
1735.099976,-0.196195602
1735.200073,-0.188375473
1735.300049,-0.196767807
1735.400024,-0.194955826
1735.5,-0.198246002
1735.599976,-0.198627472
1735.700073,-0.199438095
1735.800049,-0.204111099
1735.900024,-0.208688736
1736,-0.194335938
1736.099976,-0.202060699
1736.200073,-0.188232422
1736.300049,-0.193191528
1736.400024,-0.191331863
1736.5,-0.200201035
1736.599976,-0.191379547
1736.700073,-0.194765091
1736.800049,-0.201345444
1736.900024,-0.2000103
1737,-0.186610699
1737.099976,-0.208164215
1737.200073,-0.198532104
1737.300049,-0.19629097
1737.400024,-0.19500351
1737.5,-0.193382263
1737.599976,-0.191808701
1737.700073,-0.192714691
1737.800049,-0.194335938
1737.900024,-0.191331863
1738,-0.202442169
1738.099976,-0.194574356
1738.200073,-0.185227871
1738.300049,-0.195194244
1738.400024,-0.19834137
1738.5,-0.194049835
1738.599976,-0.191379547
1738.700073,-0.190998077
1738.800049,-0.192428589
1738.900024,-0.194538593
1739,-0.198627472
1739.099976,-0.196100235
1739.200073,-0.190282822
1739.300049,-0.19257164
1739.400024,-0.197387695
1739.5,-0.192428589
1739.599976,-0.190187454
1739.700073,-0.196338654
1739.800049,-0.194860458
1739.900024,-0.194049835
1740,-0.192047119
1740.099976,-0.185513973
1740.200073,-0.200201035
1740.300049,-0.190998077
1740.400024,-0.195051193
1740.5,-0.197101593
1740.599976,-0.195539951
1740.700073,-0.196052551
1740.800049,-0.193954468
1740.900024,-0.196052551
1741,-0.194097519
1741.099976,-0.193668365
1741.200073,-0.190473557
1741.300049,-0.191665649
1741.400024,-0.202632904
1741.5,-0.203777313
1741.599976,-0.195480347
1741.700073,-0.193286896
1741.800049,-0.198818207
1741.900024,-0.1979599
1742,-0.197816849
1742.099976,-0.198293686
1742.200073,-0.199104309
1742.300049,-0.197530746
1742.400024,-0.202775955
1742.5,-0.201488495
1742.599976,-0.197244644
1742.700073,-0.190855026
1742.800049,-0.191331863
1742.900024,-0.19834137
1743,-0.18599081
1743.099976,-0.191617966
1743.200073,-0.192237854
1743.300049,-0.193239212
1743.400024,-0.192428589
1743.5,-0.192464352
1743.599976,-0.191522598
1743.700073,-0.192667007
1743.800049,-0.195575714
1743.900024,-0.19219017
1744,-0.199151993
1744.099976,-0.194860458
1744.200073,-0.191522598
1744.300049,-0.198865891
1744.400024,-0.193334579
1744.5,-0.1979599
1744.599976,-0.194526672
1744.700073,-0.199485779
1744.800049,-0.198913574
1744.900024,-0.203109741
1745,-0.193239212
1745.099976,-0.199771881
1745.200073,-0.196815491
1745.300049,-0.198722839
1745.400024,-0.196147919
1745.5,-0.191236496
1745.599976,-0.199056625
1745.700073,-0.194288254
1745.800049,-0.197876453
1745.900024,-0.201965332
1746,-0.196195602
1746.099976,-0.19295311
1746.200073,-0.193477631
1746.300049,-0.196457863
1746.400024,-0.201583862
1746.5,-0.197816849
1746.599976,-0.199962616
1746.700073,-0.187517166
1746.800049,-0.19962883
1746.900024,-0.189138412
1747,-0.200057983
1747.099976,-0.180936337
1747.200073,-0.196577072
1747.300049,-0.196863174
1747.400024,-0.200534821
1747.5,-0.18885231
1747.599976,-0.196910858
1747.700073,-0.19295311
1747.800049,-0.194908142
1747.900024,-0.194526672
1748,-0.195241928
1748.099976,-0.201726913
1748.200073,-0.185370922
1748.300049,-0.204015732
1748.400024,-0.19667244
1748.5,-0.191808701
1748.599976,-0.193620682
1748.700073,-0.190998077
1748.800049,-0.194574356
1748.900024,-0.19552803
1749,-0.193382263
1749.099976,-0.190675974
1749.200073,-0.186658382
1749.300049,-0.18713522
1749.400024,-0.202442169
1749.5,-0.18508482
1749.599976,-0.195671082
1749.700073,-0.191093445
1749.800049,-0.197530746
1749.900024,-0.184798717
1750,-0.195432663
1750.099976,-0.186992168
1750.200073,-0.189519882
1750.300049,-0.190485358
1750.400024,-0.195337296
1750.5,-0.190092087
1750.599976,-0.202728271
1750.700073,-0.186944485
1750.800049,-0.196147919
1750.900024,-0.192762375
1751,-0.193572998
1751.099976,-0.1938591
1751.200073,-0.194669724
1751.300049,-0.191784859
1751.400024,-0.189281464
1751.5,-0.189329147
1751.599976,-0.188137054
1751.700073,-0.190664291
1751.800049,-0.193429947
1751.900024,-0.189329147
1752,-0.199295044
1752.099976,-0.191808701
1752.200073,-0.199342728
1752.300049,-0.195671082
1752.400024,-0.197387695
1752.5,-0.195194244
1752.599976,-0.192857742
1752.700073,-0.202108383
1752.800049,-0.189853668
1752.900024,-0.183845043
1753,-0.195194244
1753.099976,-0.185370922
1753.200073,-0.204587936
1753.300049,-0.191761017
1753.400024,-0.198102951
1753.5,-0.198293686
1753.599976,-0.190139771
1753.700073,-0.192094803
1753.800049,-0.187707901
1753.900024,-0.188423157
1754,-0.196910858
1754.099976,-0.189567566
1754.200073,-0.196863174
1754.300049,-0.194812775
1754.400024,-0.185609341
1754.5,-0.198055267
1754.599976,-0.184417248
1754.700073,-0.189424515
1754.800049,-0.194574356
1754.900024,-0.196004868
1755,-0.19140327
1755.099976,-0.187373638
1755.200073,-0.187660217
1755.300049,-0.189710617
1755.400024,-0.18974638
1755.5,-0.189862609
1755.599976,-0.189996719
1755.700073,-0.189996719
1755.800049,-0.19500351
1755.900024,-0.191951752
1756,-0.185943127
1756.099976,-0.192237854
1756.200073,-0.186324596
1756.300049,-0.190425873
1756.400024,-0.184894085
1756.5,-0.199390411
1756.599976,-0.203538895
1756.700073,-0.193048477
1756.800049,-0.192047119
1756.900024,-0.193382263
1757,-0.195194244
1757.099976,-0.193239212
1757.200073,-0.192023277
1757.300049,-0.189329147
1757.400024,-0.190330505
1757.5,-0.191045761
1757.599976,-0.192142487
1757.700073,-0.192380905
1757.800049,-0.191427231
1757.900024,-0.200057983
1758,-0.194812775
1758.099976,-0.185513973
1758.200073,-0.187517166
1758.300049,-0.189078689
1758.400024,-0.18858704
1758.5,-0.189662933
1758.599976,-0.188089371
1758.700073,-0.190044403
1758.800049,-0.188232422
1758.900024,-0.18885231
1759,-0.18884027
1759.099976,-0.187278271
1759.200073,-0.190998077
1759.300049,-0.185037136
1759.400024,-0.187850952
1759.5,-0.181317806
1759.599976,-0.183129787
1759.700073,-0.186372519
1759.800049,-0.190855026
1759.900024,-0.190187454
1760,-0.191999435
1760.099976,-0.193811417
1760.200073,-0.193143845
1760.300049,-0.191558361
1760.400024,-0.188661575
1760.5,-0.190616608
1760.599976,-0.188232422
1760.700073,-0.192142487
1760.800049,-0.191904068
1760.900024,-0.194669724
1761,-0.195098877
1761.099976,-0.191045761
1761.200073,-0.187087536
1761.300049,-0.186133862
1761.400024,-0.188137054
1761.5,-0.193048477
1761.599976,-0.189853668
1761.700073,-0.193429947
1761.800049,-0.181937695
1761.900024,-0.18432188
1762,-0.186276913
1762.099976,-0.194097519
1762.200073,-0.1959095
1762.300049,-0.195539951
1762.400024,-0.197483063
1762.5,-0.194669724
1762.599976,-0.198532104
1762.700073,-0.192857742
1762.800049,-0.190092087
1762.900024,-0.196243286
1763,-0.19424057
1763.099976,-0.192333221
1763.200073,-0.196052551
1763.300049,-0.192333221
1763.400024,-0.196767807
1763.5,-0.193763733
1763.599976,-0.187469006
1763.700073,-0.186229229
1763.800049,-0.195814133
1763.900024,-0.197244644
1764,-0.195432663
1764.099976,-0.191868186
1764.200073,-0.188661575
1764.300049,-0.186133862
1764.400024,-0.186873078
1764.5,-0.18713522
1764.599976,-0.185561657
1764.700073,-0.189043045
1764.800049,-0.192428589
1764.900024,-0.192762375
1765,-0.193692207
1765.099976,-0.194717407
1765.200073,-0.194860458
1765.300049,-0.196481705
1765.400024,-0.189996719
1765.5,-0.192380905
1765.599976,-0.191236496
1765.700073,-0.190568924
1765.800049,-0.192178249
1765.900024,-0.192667007
1766,-0.19424057
1766.099976,-0.194002151
1766.200073,-0.193286896
1766.300049,-0.192762375
1766.400024,-0.191761017
1766.5,-0.189519882
1766.599976,-0.191474915
1766.700073,-0.187517166
1766.800049,-0.190998077
1766.900024,-0.192428589
1767,-0.194002151
1767.099976,-0.196577072
1767.200073,-0.19834137
1767.300049,-0.194443226
1767.400024,-0.192714691
1767.5,-0.190139771
1767.599976,-0.189805984
1767.700073,-0.195337296
1767.800049,-0.189043045
1767.900024,-0.195432663
1768,-0.197483063
1768.099976,-0.197053909
1768.200073,-0.195241928
1768.300049,-0.200057983
1768.400024,-0.19834137
1768.5,-0.197912216
1768.599976,-0.200439453
1768.700073,-0.196624756
1768.800049,-0.198770523
1768.900024,-0.194288254
1769,-0.197816849
1769.099976,-0.192142487
1769.200073,-0.191093445
1769.300049,-0.194061756
1769.400024,-0.196004868
1769.5,-0.197006226
1769.599976,-0.193811417
1769.700073,-0.187707901
1769.800049,-0.192392826
1769.900024,-0.1938591
1770,-0.194192886
1770.099976,-0.19564724
1770.200073,-0.19500947
1770.300049,-0.195194244
1770.400024,-0.19500351
1770.5,-0.199533463
1770.599976,-0.195814133
1770.700073,-0.185418606
1770.800049,-0.18637228
1770.900024,-0.196386337
1771,-0.188709259
1771.099976,-0.195241928
1771.200073,-0.194860458
1771.300049,-0.188566208
1771.400024,-0.195718765
1771.5,-0.191236496
1771.599976,-0.18885231
1771.700073,-0.190568924
1771.800049,-0.194145203
1771.900024,-0.184512615
1772,-0.191141129
1772.099976,-0.197769165
1772.200073,-0.187517166
1772.300049,-0.198722839
1772.400024,-0.192523956
1772.5,-0.18599081
1772.599976,-0.198675156
1772.700073,-0.184226513
1772.800049,-0.185847759
1772.900024,-0.191021681
1773,-0.194908142
1773.099976,-0.191719234
1773.200073,-0.190282822
1773.300049,-0.190664291
1773.400024,-0.189996719
1773.5,-0.19090271
1773.599976,-0.189662933
1773.700073,-0.193286896
1773.800049,-0.1979599
1773.900024,-0.193143845
1774,-0.191856384
1774.099976,-0.195051193
1774.200073,-0.193906784
1774.300049,-0.191343665
1774.400024,-0.18675375
1774.5,-0.189662933
1774.599976,-0.189043045
1774.700073,-0.191617966
1774.800049,-0.186229229
1774.900024,-0.191141129
1775,-0.193096161
1775.099976,-0.191045761
1775.200073,-0.190974236
1775.300049,-0.188899994
1775.400024,-0.190855026
1775.5,-0.188661575
1775.599976,-0.191951752
1775.700073,-0.190807343
1775.800049,-0.192035198
1775.900024,-0.193763733
1776,-0.191617966
1776.099976,-0.189949036
1776.200073,-0.187898636
1776.300049,-0.191141129
1776.400024,-0.197912216
1776.5,-0.199485779
1776.599976,-0.184464931
1776.700073,-0.185752392
1776.800049,-0.189579248
1776.900024,-0.194765091
1777,-0.193334579
1777.099976,-0.193155766
1777.200073,-0.191951752
1777.300049,-0.19257164
1777.400024,-0.193322659
1777.5,-0.193620682
1777.599976,-0.195146561
1777.700073,-0.187660217
1777.800049,-0.192380905
1777.900024,-0.1979599
1778,-0.191951752
1778.099976,-0.188375473
1778.200073,-0.194955826
1778.300049,-0.189865589
1778.400024,-0.187803268
1778.5,-0.188327789
1778.599976,-0.189960957
1778.700073,-0.192762375
1778.800049,-0.190950394
1778.900024,-0.18973434
1779,-0.188423157
1779.099976,-0.186801434
1779.200073,-0.189949036
1779.300049,-0.198770523
1779.400024,-0.193048477
1779.5,-0.187373638
1779.599976,-0.201393127
1779.700073,-0.197101593
1779.800049,-0.1938591
1779.900024,-0.189329147
1780,-0.195051193
1780.099976,-0.199199677
1780.200073,-0.186419964
1780.300049,-0.180125713
1780.400024,-0.185513973
1780.5,-0.186205506
1780.599976,-0.187373638
1780.700073,-0.191808701
1780.800049,-0.198770523
1780.900024,-0.193668365
1781,-0.195814133
1781.099976,-0.189758301
1781.200073,-0.19257164
1781.300049,-0.193835258
1781.400024,-0.196004868
1781.5,-0.197006226
1781.599976,-0.184607983
1781.700073,-0.197340012
1781.800049,-0.187994003
1781.900024,-0.198007584
1782,-0.187517166
1782.099976,-0.193716049
1782.200073,-0.194812775
1782.300049,-0.19036603
1782.400024,-0.186658382
1782.5,-0.186276913
1782.599976,-0.188089371
1782.700073,-0.188089371
1782.800049,-0.185132504
1782.900024,-0.187803268
1783,-0.194526672
1783.099976,-0.180793285
1783.200073,-0.192047119
1783.300049,-0.200391769
1783.400024,-0.182509899
1783.5,-0.196434021
1783.599976,-0.186419964
1783.700073,-0.197340012
1783.800049,-0.186515331
1783.900024,-0.188995361
1784,-0.190330505
1784.099976,-0.19500351
1784.200073,-0.190330505
1784.300049,-0.184751034
1784.400024,-0.186467648
1784.5,-0.189901352
1784.599976,-0.187898636
1784.700073,-0.190425873
1784.800049,-0.194908142
1784.900024,-0.197006226
1785,-0.187612534
1785.099976,-0.190664291
1785.200073,-0.185132504
1785.300049,-0.195957184
1785.400024,-0.188089371
1785.5,-0.194383621
1785.599976,-0.193048477
1785.700073,-0.191808701
1785.800049,-0.194526672
1785.900024,-0.194574356
1786,-0.194383621
1786.099976,-0.194669724
1786.200073,-0.193763733
1786.300049,-0.185800076
1786.400024,-0.185513973
1786.5,-0.189305067
1786.599976,-0.192094803
1786.700073,-0.193811417
1786.800049,-0.19244051
1786.900024,-0.192285538
1787,-0.191570282
1787.099976,-0.188756943
1787.200073,-0.185132504
1787.300049,-0.18265295
1787.400024,-0.194145203
1787.5,-0.176501751
1787.599976,-0.197101593
1787.700073,-0.19052124
1787.800049,-0.191951752
1787.900024,-0.185800076
1788,-0.186944485
1788.099976,-0.18844676
1788.200073,-0.191808701
1788.300049,-0.18923378
1788.400024,-0.186944485
1788.5,-0.186419964
1788.599976,-0.186539292
1788.700073,-0.187612534
1788.800049,-0.190598637
1788.900024,-0.193811417
1789,-0.194431305
1789.099976,-0.194288254
1789.200073,-0.194669724
1789.300049,-0.19424057
1789.400024,-0.193382263
1789.5,-0.189329147
1789.599976,-0.185704708
1789.700073,-0.184083462
1789.800049,-0.188518524
1789.900024,-0.188995361
1790,-0.192380905
1790.099976,-0.19128418
1790.200073,-0.189949036
1790.300049,-0.192285538
1790.400024,-0.18713522
1790.5,-0.202108383
1790.599976,-0.193477631
1790.700073,-0.185609341
1790.800049,-0.19424057
1790.900024,-0.199438095
1791,-0.190425873
1791.099976,-0.184369564
1791.200073,-0.19462204
1791.300049,-0.194288254
1791.400024,-0.19128418
1791.5,-0.184751034
1791.599976,-0.183606625
1791.700073,-0.18574059
1791.800049,-0.186610699
1791.900024,-0.187994003
1792,-0.182414532
1792.099976,-0.184560299
1792.200073,-0.193811417
1792.300049,-0.190616608
1792.400024,-0.199008942
1792.5,-0.191761017
1792.599976,-0.186229229
1792.700073,-0.192285538
1792.800049,-0.195384979
1792.900024,-0.195575714
1793,-0.191188812
1793.099976,-0.188899994
1793.200073,-0.188280106
1793.300049,-0.194860458
1793.400024,-0.179553509
1793.5,-0.195146561
1793.599976,-0.189376831
1793.700073,-0.1979599
1793.800049,-0.197626114
1793.900024,-0.190187454
1794,-0.194574356
1794.099976,-0.188280106
1794.200073,-0.193239212
1794.300049,-0.192857742
1794.400024,-0.187182903
1794.5,-0.187469006
1794.599976,-0.185132504
1794.700073,-0.191951752
1794.800049,-0.185847759
1794.900024,-0.194097519
1795,-0.189281464
1795.099976,-0.180364132
1795.200073,-0.188804626
1795.300049,-0.185275555
1795.400024,-0.19424057
1795.5,-0.190568924
1795.599976,-0.196100235
1795.700073,-0.189376831
1795.800049,-0.194669724
1795.900024,-0.196577072
1796,-0.18599081
1796.099976,-0.194955826
1796.200073,-0.189043045
1796.300049,-0.187660217
1796.400024,-0.190855026
1796.5,-0.193286896
1796.599976,-0.193429947
1796.700073,-0.190306425
1796.800049,-0.187087536
1796.900024,-0.187421322
1797,-0.192476273
1797.099976,-0.19424057
1797.200073,-0.194574356
1797.300049,-0.193501472
1797.400024,-0.191236496
1797.5,-0.189787865
1797.599976,-0.18713522
1797.700073,-0.187278271
1797.800049,-0.190282822
1797.900024,-0.18923378
1798,-0.190568924
1798.099976,-0.191093445
1798.200073,-0.188876033
1798.300049,-0.186038494
1798.400024,-0.187803268
1798.5,-0.185323238
1798.599976,-0.187457442
1798.700073,-0.188995361
1798.800049,-0.187707901
1798.900024,-0.194669724
1799,-0.181937695
1799.099976,-0.192762375
1799.200073,-0.192094803
1799.300049,-0.189376831
1799.400024,-0.190044403
1799.5,-0.187039852
1799.599976,-0.190115809
1799.700073,-0.190759659
1799.800049,-0.192619324
1799.900024,-0.189901352
1800,-0.186276913
1800.099976,-0.191045761
1800.200073,-0.188995361
1800.300049,-0.193000793
1800.400024,-0.181413174
1800.5,-0.19924736
1800.599976,-0.186944485
1800.700073,-0.195051193
1800.800049,-0.187087536
1800.900024,-0.189949036
1801,-0.189138412
1801.099976,-0.190139771
1801.200073,-0.188995361
1801.300049,-0.189627171
1801.400024,-0.189090729
1801.5,-0.190282822
1801.599976,-0.190330505
1801.700073,-0.192392826
1801.800049,-0.195051193
1801.900024,-0.193906784
1802,-0.192667007
1802.099976,-0.187517166
1802.200073,-0.182366848
1802.300049,-0.201917648
1802.400024,-0.191665649
1802.5,-0.195098877
1802.599976,-0.193096161
1802.700073,-0.192643166
1802.800049,-0.188661575
1802.900024,-0.193716049
1803,-0.184607983
1803.099976,-0.200820923
1803.200073,-0.187230587
1803.300049,-0.184798717
1803.400024,-0.191951752
1803.5,-0.193000793
1803.599976,-0.193239212
1803.700073,-0.18675375
1803.800049,-0.188756943
1803.900024,-0.193096161
1804,-0.196243286
1804.099976,-0.187898636
1804.200073,-0.194097519
1804.300049,-0.186658382
1804.400024,-0.184751034
1804.5,-0.191427231
1804.599976,-0.183988094
1804.700073,-0.188375473
1804.800049,-0.188327789
1804.900024,-0.190044403
1805,-0.191761017
1805.099976,-0.193668365
1805.200073,-0.190092087
1805.300049,-0.189472198
1805.400024,-0.175214291
1805.5,-0.199676514
1805.599976,-0.182223797
1805.700073,-0.191379547
1805.800049,-0.194145203
1805.900024,-0.18756485
1806,-0.189376831
1806.099976,-0.191951752
1806.200073,-0.182557583
1806.300049,-0.189853668
1806.400024,-0.189531684
1806.5,-0.193000793
1806.599976,-0.192714691
1806.700073,-0.193382263
1806.800049,-0.191856384
1806.900024,-0.191236496
1807,-0.190473557
1807.099976,-0.191653728
1807.200073,-0.193191528
1807.300049,-0.191713333
1807.400024,-0.181651592
1807.5,-0.184369564
1807.599976,-0.197292328
1807.700073,-0.183511257
1807.800049,-0.194478989
1807.900024,-0.201107025
1808,-0.191045761
1808.099976,-0.184035778
1808.200073,-0.186610699
1808.300049,-0.191570282
1808.400024,-0.182939053
1808.5,-0.191856384
1808.599976,-0.186563015
1808.700073,-0.19719696
1808.800049,-0.179791927
1808.900024,-0.19295311
1809,-0.185180187
1809.099976,-0.200344086
1809.200073,-0.190998077
1809.300049,-0.196100235
1809.400024,-0.194133282
1809.5,-0.19552803
1809.599976,-0.193906784
1809.700073,-0.186896801
1809.800049,-0.180125713
1809.900024,-0.18136549
1810,-0.191141129
1810.099976,-0.178075314
1810.200073,-0.186610699
1810.300049,-0.194955826
1810.400024,-0.186896801
1810.5,-0.190235138
1810.599976,-0.195241928
1810.700073,-0.188661575
1810.800049,-0.180888653
1810.900024,-0.181794643
1811,-0.197864532
1811.099976,-0.183511257
1811.200073,-0.194383621
1811.300049,-0.187707901
1811.400024,-0.186801434
1811.5,-0.190616488
1811.599976,-0.193477631
1811.700073,-0.194478989
1811.800049,-0.187707901
1811.900024,-0.18675375
1812,-0.190855026
1812.099976,-0.185370922
1812.200073,-0.192428589
1812.300049,-0.187612534
1812.400024,-0.191665649
1812.5,-0.18637228
1812.599976,-0.194860458
1812.700073,-0.197053909
1812.800049,-0.19219017
1812.900024,-0.193763733
1813,-0.189090729
1813.099976,-0.189710617
1813.200073,-0.190235138
1813.300049,-0.1938591
1813.400024,-0.194860458
1813.5,-0.193489552
1813.599976,-0.193620682
1813.700073,-0.191617966
1813.800049,-0.1959095
1813.900024,-0.200725555
1814,-0.180364132
1814.099976,-0.19462204
1814.200073,-0.187755585
1814.300049,-0.191713333
1814.400024,-0.194431305
1814.5,-0.186086178
1814.599976,-0.200963974
1814.700073,-0.193716049
1814.800049,-0.189805984
1814.900024,-0.183463573
1815,-0.196243286
1815.099976,-0.193191528
1815.200073,-0.192714691
1815.300049,-0.193191528
1815.400024,-0.192738533
1815.5,-0.192667007
1815.599976,-0.192380905
1815.700073,-0.191665649
1815.800049,-0.192619324
1815.900024,-0.188995361
1816,-0.190092087
1816.099976,-0.18885231
1816.200073,-0.19257164
1816.300049,-0.196386337
1816.400024,-0.194955826
1816.5,-0.193572998
1816.599976,-0.201345444
1816.700073,-0.205350876
1816.800049,-0.194145203
1816.900024,-0.192523956
1817,-0.194145203
1817.099976,-0.192380905
1817.200073,-0.190664291
1817.300049,-0.187994003
1817.400024,-0.187325954
1817.5,-0.191665649
1817.599976,-0.195718765
1817.700073,-0.191951752
1817.800049,-0.196624756
1817.900024,-0.188280106
1818,-0.199056625
1818.099976,-0.196100235
1818.200073,-0.189138412
1818.300049,-0.187850952
1818.400024,-0.196767807
1818.5,-0.190855026
1818.599976,-0.197340012
1818.700073,-0.189281464
1818.800049,-0.1979599
1818.900024,-0.191045761
1819,-0.193763733
1819.099976,-0.198818207
1819.200073,-0.183511257
1819.300049,-0.196147919
1819.400024,-0.191141129
1819.5,-0.184131145
1819.599976,-0.187660217
1819.700073,-0.198675156
1819.800049,-0.189329147
1819.900024,-0.183892727
1820,-0.196863174
1820.099976,-0.184512615
1820.200073,-0.194192886
1820.300049,-0.195480347
1820.400024,-0.198627472
1820.5,-0.191534281
1820.599976,-0.186896801
1820.700073,-0.185132504
1820.800049,-0.189805984
1820.900024,-0.199390411
1821,-0.197721481
1821.099976,-0.187803268
1821.200073,-0.191570282
1821.300049,-0.196100235
1821.400024,-0.187707901
1821.5,-0.193763733
1821.599976,-0.177455425
1821.700073,-0.193334579
1821.800049,-0.184083462
1821.900024,-0.200868607
1822,-0.194717407
1822.099976,-0.191761017
1822.200073,-0.186181545
1822.300049,-0.19719696
1822.400024,-0.190187454
1822.5,-0.181651592
1822.599976,-0.189519882
1822.700073,-0.186849117
1822.800049,-0.19462204
1822.900024,-0.194431305
1823,-0.18470335
1823.099976,-0.184607983
1823.200073,-0.183845043
1823.300049,-0.188375473
1823.400024,-0.197673798
1823.5,-0.192094803
1823.599976,-0.193429947
1823.700073,-0.188423157
1823.800049,-0.184846401
1823.900024,-0.197626114
1824,-0.192237854
1824.099976,-0.188137054
1824.200073,-0.190688133
1824.300049,-0.191474915
1824.400024,-0.19090271
1824.5,-0.188041687
1824.599976,-0.191427231
1824.700073,-0.199342728
1824.800049,-0.180793285
1824.900024,-0.189376831
1825,-0.189949036
1825.099976,-0.192142487
1825.200073,-0.200487137
1825.300049,-0.193096161
1825.400024,-0.18885231
1825.5,-0.187469006
1825.599976,-0.186563015
1825.700073,-0.187182903
1825.800049,-0.195337296
1825.900024,-0.186849117
1826,-0.196386337
1826.099976,-0.192047119
1826.200073,-0.192333221
1826.300049,-0.191093445
1826.400024,-0.192047119
1826.5,-0.189519882
1826.599976,-0.190473557
1826.700073,-0.182176113
1826.800049,-0.185609341
1826.900024,-0.191379547
1827,-0.19052124
1827.099976,-0.193382263
1827.200073,-0.189853668
1827.300049,-0.184035778
1827.400024,-0.194669724
1827.5,-0.185418606
1827.599976,-0.194717407
1827.700073,-0.193000793
1827.800049,-0.191594124
1827.900024,-0.187707901
1828,-0.190950394
1828.099976,-0.194908142
1828.200073,-0.186038494
1828.300049,-0.190855026
1828.400024,-0.190950394
1828.5,-0.187182903
1828.599976,-0.188184738
1828.700073,-0.179744244
1828.800049,-0.183558941
1828.900024,-0.193000793
1829,-0.186181545
1829.099976,-0.181842327
1829.200073,-0.18290329
1829.300049,-0.181603909
1829.400024,-0.181985378
1829.5,-0.189376831
1829.599976,-0.183558941
1829.700073,-0.193572998
1829.800049,-0.187707901
1829.900024,-0.19128418
1830,-0.185943127
1830.099976,-0.187230587
1830.200073,-0.186801553
1830.300049,-0.188041687
1830.400024,-0.18599081
1830.5,-0.186348557
1830.599976,-0.186610699
1830.700073,-0.184751034
1830.800049,-0.185561657
1830.900024,-0.194192886
1831,-0.19719696
1831.099976,-0.191570282
1831.200073,-0.184560299
1831.300049,-0.196004868
1831.400024,-0.187898636
1831.5,-0.188899994
1831.599976,-0.19064045
1831.700073,-0.19219017
1831.800049,-0.193572998
1831.900024,-0.185227871
1832,-0.180268764
1832.099976,-0.192380905
1832.200073,-0.189662933
1832.300049,-0.19924736
1832.400024,-0.20091629
1832.5,-0.194598198
1832.599976,-0.190187454
1832.700073,-0.188041687
1832.800049,-0.185609341
1832.900024,-0.189138412
1833,-0.188566208
1833.099976,-0.190664291
1833.200073,-0.189662933
1833.300049,-0.193477631
1833.400024,-0.190139771
1833.5,-0.187469006
1833.599976,-0.184989452
1833.700073,-0.19462204
1833.800049,-0.189853668
1833.900024,-0.185800076
1834,-0.186563015
1834.099976,-0.189138412
1834.200073,-0.191427231
1834.300049,-0.191951752
1834.400024,-0.188709021
1834.5,-0.186515331
1834.599976,-0.184941769
1834.700073,-0.188554049
1834.800049,-0.188709259
1834.900024,-0.194049835
1835,-0.186324596
1835.099976,-0.195432663
1835.200073,-0.185800076
1835.300049,-0.183225155
1835.400024,-0.187898636
1835.5,-0.19719696
1835.599976,-0.194908142
1835.700073,-0.193382263
1835.800049,-0.188518524
1835.900024,-0.183988094
1836,-0.186849117
1836.099976,-0.192714691
1836.200073,-0.192094803
1836.300049,-0.192047119
1836.400024,-0.192857742
1836.5,-0.191081524
1836.599976,-0.190711975
1836.700073,-0.188709259
1836.800049,-0.184274197
1836.900024,-0.181985378
1837,-0.201107025
1837.099976,-0.194955826
1837.200073,-0.185037136
1837.300049,-0.189519882
1837.400024,-0.183892727
1837.5,-0.188566208
1837.599976,-0.189758301
1837.700073,-0.18756485
1837.800049,-0.187087774
1837.900024,-0.186419964
1838,-0.184607983
1838.099976,-0.184655666
1838.200073,-0.188327789
1838.300049,-0.191761017
1838.400024,-0.185132504
1838.5,-0.187755585
1838.599976,-0.189138412
1838.700073,-0.193429947
1838.800049,-0.190330505
1838.900024,-0.191999435
1839,-0.184560299
1839.099976,-0.19257164
1839.200073,-0.188518524
1839.300049,-0.183320522
1839.400024,-0.192428589
1839.5,-0.197006226
1839.599976,-0.191081405
1839.700073,-0.186706066
1839.800049,-0.188184738
1839.900024,-0.190711975
1840,-0.186038494
1840.099976,-0.195861816
1840.200073,-0.188041687
1840.300049,-0.193477631
1840.400024,-0.18508482
1840.5,-0.187898636
1840.599976,-0.192476273
1840.700073,-0.185418606
1840.800049,-0.183177471
1840.900024,-0.180650234
1841,-0.18367815
1841.099976,-0.18546629
1841.200073,-0.185418606
1841.300049,-0.190664291
1841.400024,-0.176549435
1841.5,-0.182605267
1841.599976,-0.196100235
1841.700073,-0.188661575
1841.800049,-0.185418606
1841.900024,-0.189186096
1842,-0.198961258
1842.099976,-0.195480347
1842.200073,-0.188995361
1842.300049,-0.190998077
1842.400024,-0.185370922
1842.5,-0.182843685
1842.599976,-0.183654308
1842.700073,-0.185227871
1842.800049,-0.19757843
1842.900024,-0.188947678
1843,-0.194049835
1843.099976,-0.204206467
1843.200073,-0.193239212
1843.300049,-0.181508541
1843.400024,-0.193429947
1843.5,-0.188947678
1843.599976,-0.188137054
1843.700073,-0.1938591
1843.800049,-0.188327789
1843.900024,-0.18470335
1844,-0.185800076
1844.099976,-0.1938591
1844.200073,-0.190998077
1844.300049,-0.186229229
1844.400024,-0.188804626
1844.5,-0.189376831
1844.599976,-0.189472198
1844.700073,-0.188280106
1844.800049,-0.18974638
1844.900024,-0.190139771
1845,-0.191093445
1845.099976,-0.193334579
1845.200073,-0.190235138
1845.300049,-0.182986736
1845.400024,-0.185418606
1845.5,-0.186658382
1845.599976,-0.187612534
1845.700073,-0.193763733
1845.800049,-0.19629097
1845.900024,-0.188423157
1846,-0.18923378
1846.099976,-0.187636137
1846.200073,-0.186038494
1846.300049,-0.186849117
1846.400024,-0.185943127
1846.5,-0.188661575
1846.599976,-0.192523956
1846.700073,-0.191045761
1846.800049,-0.18546629
1846.900024,-0.188566208
1847,-0.192380905
1847.099976,-0.19128418
1847.200073,-0.190592766
1847.300049,-0.190425873
1847.400024,-0.188280106
1847.5,-0.193525314
1847.599976,-0.184274197
1847.700073,-0.190711975
1847.800049,-0.190473557
1847.900024,-0.190187454
1848,-0.191474915
1848.099976,-0.184226513
1848.200073,-0.187373638
1848.300049,-0.184226513
1848.400024,-0.181651592
1848.5,-0.182939053
1848.599976,-0.185609341
1848.700073,-0.189949036
1848.800049,-0.189090729
1848.900024,-0.192380905
1849,-0.187707901
1849.099976,-0.195146561
1849.200073,-0.192619324
1849.300049,-0.188089371
1849.400024,-0.178075314
1849.5,-0.191904068
1849.599976,-0.187469006
1849.700073,-0.193811417
1849.800049,-0.183701992
1849.900024,-0.193906784
1850,-0.175643444
1850.099976,-0.18961525
1850.200073,-0.183749676
1850.300049,-0.190378189
1850.400024,-0.181985378
1850.5,-0.183082104
1850.599976,-0.185812235
1850.700073,-0.189853668
1850.800049,-0.188327789
1850.900024,-0.186849117
1851,-0.193954468
1851.099976,-0.187039852
1851.200073,-0.180459499
1851.300049,-0.18508482
1851.400024,-0.185370922
1851.5,-0.188232422
1851.599976,-0.191761017
1851.700073,-0.19090271
1851.800049,-0.190282822
1851.900024,-0.188756824
1852,-0.185847759
1852.099976,-0.187994003
1852.200073,-0.193763733
1852.300049,-0.189090729
1852.400024,-0.185800076
1852.5,-0.184512615
1852.599976,-0.183320522
1852.700073,-0.187075853
1852.800049,-0.191236496
1852.900024,-0.18923378
1853,-0.18546629
1853.099976,-0.182700634
1853.200073,-0.189996719
1853.300049,-0.183797359
1853.400024,-0.196863174
1853.5,-0.178170681
1853.599976,-0.184464931
1853.700073,-0.188423157
1853.800049,-0.190187454
1853.900024,-0.181317806
1854,-0.185895443
1854.099976,-0.180650234
1854.200073,-0.181508541
1854.300049,-0.191904068
1854.400024,-0.190139771
1854.5,-0.181985378
1854.599976,-0.181460857
1854.700073,-0.186419964
1854.800049,-0.180507183
1854.900024,-0.190330505
1855,-0.18885231
1855.099976,-0.188280106
1855.200073,-0.188137054
1855.300049,-0.193191528
1855.400024,-0.188899994
1855.5,-0.177026272
1855.599976,-0.182939053
1855.700073,-0.189090729
1855.800049,-0.185132504
1855.900024,-0.184178829
1856,-0.182641029
1856.099976,-0.179553509
1856.200073,-0.181699276
1856.300049,-0.183869004
1856.400024,-0.186324596
1856.5,-0.187898636
1856.599976,-0.186038494
1856.700073,-0.185275555
1856.800049,-0.189030886
1856.900024,-0.189710617
1857,-0.195098877
1857.099976,-0.192380905
1857.200073,-0.18713522
1857.300049,-0.183177471
1857.400024,-0.188089371
1857.5,-0.186229229
1857.599976,-0.187278271
1857.700073,-0.184894085
1857.800049,-0.184846401
1857.900024,-0.187325954
1858,-0.187660217
1858.099976,-0.181794643
1858.200073,-0.191188812
1858.300049,-0.184035778
1858.400024,-0.190473557
1858.5,-0.185323238
1858.599976,-0.183177471
1858.700073,-0.183749676
1858.800049,-0.188089371
1858.900024,-0.182414532
1859,-0.187803268
1859.099976,-0.190378189
1859.200073,-0.189519882
1859.300049,-0.187659979
1859.400024,-0.184989452
1859.5,-0.185752392
1859.599976,-0.186563015
1859.700073,-0.193000793
1859.800049,-0.194717407
1859.900024,-0.188899994
1860,-0.179887295
1860.099976,-0.18508482
1860.200073,-0.188661575
1860.300049,-0.194478989
1860.400024,-0.19346571
1860.5,-0.195671082
1860.599976,-0.195051193
1860.700073,-0.185180187
1860.800049,-0.194717407
1860.900024,-0.184560299
1861,-0.185752392
1861.099976,-0.200153351
1861.200073,-0.186276913
1861.300049,-0.202013016
1861.400024,-0.189996719
1861.5,-0.189281464
1861.599976,-0.191486835
1861.700073,-0.193525314
1861.800049,-0.187424541
1861.900024,-0.18265295
1862,-0.182033062
1862.099976,-0.189662933
1862.200073,-0.190664291
1862.300049,-0.186515331
1862.400024,-0.188137054
1862.5,-0.185609341
1862.599976,-0.185275555
1862.700073,-0.197912216
1862.800049,-0.184464931
1862.900024,-0.191713333
1863,-0.191141129
1863.099976,-0.18961525
1863.200073,-0.187517166
1863.300049,-0.188089371
1863.400024,-0.187493205
1863.5,-0.186283082
1863.599976,-0.184131145
1863.700073,-0.185418606
1863.800049,-0.190330505
1863.900024,-0.181127071
1864,-0.191188812
1864.099976,-0.18174696
1864.200073,-0.19257164
1864.300049,-0.182557583
1864.400024,-0.191331863
1864.5,-0.190425873
1864.599976,-0.185180187
1864.700073,-0.197626114
1864.800049,-0.192142487
1864.900024,-0.192714691
1865,-0.189138412
1865.099976,-0.192094803
1865.200073,-0.189901352
1865.300049,-0.18847084
1865.400024,-0.193096161
1865.5,-0.193620682
1865.599976,-0.191951752
1865.700073,-0.190425873
1865.800049,-0.190664291
1865.900024,-0.187850952
1866,-0.187087536
1866.099976,-0.182462215
1866.200073,-0.190044403
1866.300049,-0.19719696
1866.400024,-0.188137054
1866.5,-0.183654308
1866.599976,-0.189901352
1866.700073,-0.191045761
1866.800049,-0.189722538
1866.900024,-0.188995361
1867,-0.188947678
1867.099976,-0.190139771
1867.200073,-0.193668365
1867.300049,-0.18713522
1867.400024,-0.193048477
1867.5,-0.178742886
1867.599976,-0.178504467
1867.700073,-0.187182903
1867.800049,-0.176930904
1867.900024,-0.189424515
1868,-0.191379547
1868.099976,-0.191570282
1868.200073,-0.194443226
1868.300049,-0.197530746
1868.400024,-0.197292328
1868.5,-0.196386337
1868.599976,-0.195599556
1868.700073,-0.194526672
1868.800049,-0.194192886
1868.900024,-0.185657024
1869,-0.188041687
1869.099976,-0.181890011
1869.200073,-0.190711975
1869.300049,-0.181127071
1869.400024,-0.18713522
1869.5,-0.178981304
1869.599976,-0.177503109
1869.700073,-0.181031704
1869.800049,-0.19090271
1869.900024,-0.188804626
1870,-0.181985378
1870.099976,-0.197864532
1870.200073,-0.18675375
1870.300049,-0.189329147
1870.400024,-0.194383621
1870.5,-0.183654308
1870.599976,-0.189090729
1870.700073,-0.185037136
1870.800049,-0.187242746
1870.900024,-0.188232422
1871,-0.186610699
1871.099976,-0.192380905
1871.200073,-0.196434021
1871.300049,-0.184512615
1871.400024,-0.19090271
1871.5,-0.185704708
1871.599976,-0.183701992
1871.700073,-0.185060978
1871.800049,-0.186419964
1871.900024,-0.188560009
1872,-0.190855026
1872.099976,-0.191904068
1872.200073,-0.187898636
1872.300049,-0.183558941
1872.400024,-0.189853668
1872.5,-0.19052124
1872.599976,-0.190235138
1872.700073,-0.184274197
1872.800049,-0.195241928
1872.900024,-0.190425873
1873,-0.188804626
1873.099976,-0.185847759
1873.200073,-0.181794643
1873.300049,-0.181890011
1873.400024,-0.18341589
1873.5,-0.185513973
1873.599976,-0.184464931
1873.700073,-0.19629097
1873.800049,-0.197721481
1873.900024,-0.191045761
1874,-0.190139771
1874.099976,-0.180268764
1874.200073,-0.189853668
1874.300049,-0.184512615
1874.400024,-0.194383621
1874.5,-0.193620682
1874.599976,-0.190962195
1874.700073,-0.188613892
1874.800049,-0.187230587
1874.900024,-0.189007163
1875,-0.190044403
1875.099976,-0.190139771
1875.200073,-0.187958002
1875.300049,-0.184989452
1875.400024,-0.186658382
1875.5,-0.187182903
1875.599976,-0.184751034
1875.700073,-0.19257164
1875.800049,-0.188756943
1875.900024,-0.190759659
1876,-0.187850952
1876.099976,-0.193286896
1876.200073,-0.187994003
1876.300049,-0.187517166
1876.400024,-0.191999435
1876.5,-0.193096161
1876.599976,-0.187087536
1876.700073,-0.185180187
1876.800049,-0.190235138
1876.900024,-0.189710617
1877,-0.181413174
1877.099976,-0.182700634
1877.200073,-0.183177471
1877.300049,-0.183606625
1877.400024,-0.184989452
1877.5,-0.194335938
1877.599976,-0.191331863
1877.700073,-0.186181545
1877.800049,-0.187755585
1877.900024,-0.188184738
1878,-0.194145203
1878.099976,-0.19090271
1878.200073,-0.191236496
1878.300049,-0.190044403
1878.400024,-0.188232422
1878.5,-0.189662933
1878.599976,-0.185180187
1878.700073,-0.183177471
1878.800049,-0.193286896
1878.900024,-0.191141129
1879,-0.185800076
1879.099976,-0.193787456
1879.200073,-0.200630188
1879.300049,-0.19757843
1879.400024,-0.185847759
1879.5,-0.182700634
1879.599976,-0.191045761
1879.700073,-0.188137054
1879.800049,-0.191236496
1879.900024,-0.196100235
1880,-0.198007584
1880.099976,-0.187469006
1880.200073,-0.197101593
1880.300049,-0.187994003
1880.400024,-0.193716049
1880.5,-0.182700634
1880.599976,-0.189090729
1880.700073,-0.191761017
1880.800049,-0.176883221
1880.900024,-0.182700634
1881,-0.179625034
1881.099976,-0.181413174
1881.200073,-0.177503109
1881.300049,-0.18432188
1881.400024,-0.190425873
1881.5,-0.192333221
1881.599976,-0.18637228
1881.700073,-0.191474915
1881.800049,-0.184226513
1881.900024,-0.183940411
1882,-0.181842327
1882.099976,-0.188089371
1882.200073,-0.181317806
1882.300049,-0.188613892
1882.400024,-0.190330505
1882.5,-0.183988094
1882.599976,-0.182033062
1882.700073,-0.184798717
1882.800049,-0.191045761
1882.900024,-0.191379547
1883,-0.194669724
1883.099976,-0.186467648
1883.200073,-0.194431305
1883.300049,-0.185657024
1883.400024,-0.188184738
1883.5,-0.184131145
1883.599976,-0.185704708
1883.700073,-0.191474915
1883.800049,-0.18637228
1883.900024,-0.19219017
1884,-0.18713522
1884.099976,-0.188947678
1884.200073,-0.192476273
1884.300049,-0.187612534
1884.400024,-0.192047119
1884.5,-0.19128418
1884.599976,-0.191188812
1884.700073,-0.195337296
1884.800049,-0.192714691
1884.900024,-0.188947678
1885,-0.180459499
1885.099976,-0.188899994
1885.200073,-0.183940411
1885.300049,-0.185275555
1885.400024,-0.184035778
1885.5,-0.186873198
1885.599976,-0.189662933
1885.700073,-0.188518524
1885.800049,-0.183177471
1885.900024,-0.190330505
1886,-0.182557583
1886.099976,-0.189805984
1886.200073,-0.194335938
1886.300049,-0.18713522
1886.400024,-0.198770523
1886.5,-0.194812775
1886.599976,-0.191188812
1886.700073,-0.193763733
1886.800049,-0.190091968
1886.900024,-0.188184738
1887,-0.192559689
1887.099976,-0.196004868
1887.200073,-0.195957184
1887.300049,-0.186419964
1887.400024,-0.19462204
1887.5,-0.187421322
1887.599976,-0.186419964
1887.700073,-0.184357643
1887.800049,-0.181794643
1887.900024,-0.181794643
1888,-0.187087536
1888.099976,-0.191474915
1888.200073,-0.191379547
1888.300049,-0.185513973
1888.400024,-0.182366848
1888.5,-0.193811417
1888.599976,-0.188804626
1888.700073,-0.179124355
1888.800049,-0.183129787
1888.900024,-0.188613892
1889,-0.183654308
1889.099976,-0.190187454
1889.200073,-0.18599081
1889.300049,-0.197673798
1889.400024,-0.187087536
1889.5,-0.190139771
1889.599976,-0.187576413
1889.700073,-0.185657024
1889.800049,-0.187421322
1889.900024,-0.191474915
1890,-0.189329147
1890.099976,-0.184274197
1890.200073,-0.181031704
1890.300049,-0.195289612
1890.400024,-0.192380905
1890.5,-0.183797359
1890.599976,-0.187850952
1890.700073,-0.191665649
1890.800049,-0.188089371
1890.900024,-0.184751034
1891,-0.184655666
1891.099976,-0.1959095
1891.200073,-0.180745602
1891.300049,-0.189996719
1891.400024,-0.188470721
1891.5,-0.191856384
1891.599976,-0.19128418
1891.700073,-0.183511257
1891.800049,-0.177407742
1891.900024,-0.189186096
1892,-0.193620682
1892.099976,-0.191856384
1892.200073,-0.193191528
1892.300049,-0.189197779
1892.400024,-0.186467648
1892.5,-0.185275555
1892.599976,-0.183332443
1892.700073,-0.180554867
1892.800049,-0.181031704
1892.900024,-0.18470335
1893,-0.184417248
1893.099976,-0.182033062
1893.200073,-0.181890011
1893.300049,-0.184393525
1893.400024,-0.185037136
1893.5,-0.188613892
1893.599976,-0.190807343
1893.700073,-0.188327789
1893.800049,-0.192428589
1893.900024,-0.191427231
1894,-0.190044403
1894.099976,-0.191188812
1894.200073,-0.197006226
1894.300049,-0.191427231
1894.400024,-0.186992168
1894.5,-0.187182903
1894.599976,-0.189376831
1894.700073,-0.187349916
1894.800049,-0.186706066
1894.900024,-0.186133862
1895,-0.183070183
1895.099976,-0.180173397
1895.200073,-0.179267406
1895.300049,-0.181949615
1895.400024,-0.181556225
1895.5,-0.186801434
1895.599976,-0.188375473
1895.700073,-0.187517166
1895.800049,-0.186563015
1895.900024,-0.18508482
1896,-0.184560299
1896.099976,-0.187612534
1896.200073,-0.185561657
1896.300049,-0.182235837
1896.400024,-0.177693844
1896.5,-0.178075314
1896.599976,-0.186801434
1896.700073,-0.191379547
1896.800049,-0.196529388
1896.900024,-0.186849117
1897,-0.184083462
1897.099976,-0.179839611
1897.200073,-0.183272839
1897.300049,-0.192380905
1897.400024,-0.190139771
1897.5,-0.182176113
1897.599976,-0.186849117
1897.700073,-0.179648876
1897.800049,-0.188518524
1897.900024,-0.190282822
1898,-0.186801434
1898.099976,-0.196815491
1898.200073,-0.189949036
1898.300049,-0.179267406
1898.400024,-0.186229229
1898.5,-0.184083462
1898.599976,-0.19424057
1898.700073,-0.18637228
1898.800049,-0.193143845
1898.900024,-0.188566208
1899,-0.184131145
1899.099976,-0.186515331
1899.200073,-0.189710617
1899.300049,-0.188709259
1899.400024,-0.182605267
1899.5,-0.183129787
1899.599976,-0.18923378
1899.700073,-0.192047119
1899.800049,-0.191856384
1899.900024,-0.189686656
1900,-0.188280106
1900.099976,-0.186563015
1900.200073,-0.187898636
1900.300049,-0.186920762
1900.400024,-0.186896801
1900.5,-0.186324596
1900.599976,-0.185037136
1900.700073,-0.186813474
1900.800049,-0.186229229
1900.900024,-0.189662933
1901,-0.187898636
1901.099976,-0.188709259
1901.200073,-0.18961525
1901.300049,-0.187660217
1901.400024,-0.193572998
1901.5,-0.183988094
1901.599976,-0.190568924
1901.700073,-0.186038494
1901.800049,-0.187087655
1901.900024,-0.18637228
1902,-0.185370922
1902.099976,-0.192762375
1902.200073,-0.189996719
1902.300049,-0.189448237
1902.400024,-0.188327789
1902.5,-0.186706066
1902.599976,-0.183654308
1902.700073,-0.187397718
1902.800049,-0.190187454
1902.900024,-0.189043045
1903,-0.186813593
1903.099976,-0.183797359
1903.200073,-0.223843038
1903.300049,-0.255847931
1903.400024,-0.268913269
1903.5,-0.267101288
1903.599976,-0.262046814
1903.700073,-0.255180359
1903.800049,-0.25699234
1903.900024,-0.25942421
1904,-0.256849289
1904.099976,-0.259912968
1904.200073,-0.261665344
1904.300049,-0.261713028
1904.400024,-0.259519577
1904.5,-0.256944656
1904.599976,-0.263334274
1904.700073,-0.251699448
1904.800049,-0.259757996
1904.900024,-0.264240265
1905,-0.258708954
1905.099976,-0.252414703
1905.200073,-0.257898331
1905.300049,-0.259281158
1905.400024,-0.261188507
1905.5,-0.26366806
1905.599976,-0.264335632
1905.700073,-0.261856079
1905.800049,-0.258232117
1905.900024,-0.261188507
1906,-0.257612228
1906.099976,-0.255132675
1906.200073,-0.252223969
1906.300049,-0.257659912
1906.400024,-0.259567261
1906.5,-0.258470535
1906.599976,-0.264526367
1906.700073,-0.261283875
1906.800049,-0.257564545
1906.900024,-0.267053604
1907,-0.255418777
1907.099976,-0.259090424
1907.200073,-0.251174927
1907.300049,-0.262189865
1907.400024,-0.259281158
1907.5,-0.252080917
1907.599976,-0.25737381
1907.700073,-0.254846573
1907.800049,-0.259185791
1907.900024,-0.252271652
1908,-0.266052246
1908.099976,-0.262857437
1908.200073,-0.257612228
1908.300049,-0.262428284
1908.400024,-0.254322052
1908.5,-0.253845215
1908.599976,-0.255216122
1908.700073,-0.257183075
1908.800049,-0.255514145
1908.900024,-0.254512787
1909,-0.253702164
1909.099976,-0.25031662
1909.200073,-0.254465103
1909.300049,-0.258136749
1909.400024,-0.25327301
1909.5,-0.258565903
1909.599976,-0.260902405
1909.700073,-0.257659912
1909.800049,-0.258327484
1909.900024,-0.255013466
1910,-0.250984192
1910.099976,-0.253082275
1910.200073,-0.256896973
1910.300049,-0.255943298
1910.400024,-0.271202087
1910.5,-0.266242981
1910.599976,-0.258232117
1910.700073,-0.262094498
1910.800049,-0.254417419
1910.900024,-0.253559113
1911,-0.257349968
1911.099976,-0.261331558
1911.200073,-0.260091782
1911.300049,-0.256372452
1911.400024,-0.2623806
1911.5,-0.254417419
1911.599976,-0.258089066
1911.700073,-0.263000488
1911.800049,-0.261903763
1911.900024,-0.260866642
1912,-0.257993698
1912.099976,-0.260568619
1912.200073,-0.269485474
1912.300049,-0.26571846
1912.400024,-0.255466461
1912.5,-0.2664814
1912.599976,-0.259281158
1912.700073,-0.247407913
1912.800049,-0.264478683
1912.900024,-0.254179001
1913,-0.257850647
1913.099976,-0.251699448
1913.200073,-0.262142181
1913.300049,-0.256181717
1913.400024,-0.249410629
1913.5,-0.258947372
1913.599976,-0.261426926
1913.700073,-0.265670776
1913.800049,-0.262714386
1913.900024,-0.261474609
1914,-0.256324768
1914.099976,-0.250841141
1914.200073,-0.250268936
1914.300049,-0.255609512
1914.400024,-0.253892899
1914.5,-0.255371094
1914.599976,-0.255180359
1914.700073,-0.256420135
1914.800049,-0.257993698
1914.900024,-0.25647974
1915,-0.25570488
1915.099976,-0.255800247
1915.200073,-0.263858795
1915.300049,-0.257993698
1915.400024,-0.265575409
1915.5,-0.259662628
1915.599976,-0.25494194
1915.700073,-0.259996414
1915.800049,-0.258232117
1915.900024,-0.258804321
1916,-0.25198555
1916.099976,-0.256372452
1916.200073,-0.263572693
1916.300049,-0.250793457
1916.400024,-0.254751205
1916.5,-0.256849289
1916.599976,-0.257862568
1916.700073,-0.257850647
1916.800049,-0.26199913
1916.900024,-0.260425568
1917,-0.255561829
1917.099976,-0.252557755
1917.200073,-0.255621433
1917.300049,-0.257946014
1917.400024,-0.256420135
1917.5,-0.258375168
1917.599976,-0.265813828
1917.700073,-0.261713028
1917.800049,-0.249219894
1917.900024,-0.265813828
1918,-0.255847931
1918.099976,-0.250984192
1918.200073,-0.255084991
1918.300049,-0.258089066
1918.400024,-0.261808395
1918.5,-0.262666702
1918.599976,-0.26046133
1918.700073,-0.258232117
1918.800049,-0.259138107
1918.900024,-0.259233475
1919,-0.257421494
1919.099976,-0.262237549
1919.200073,-0.258041382
1919.300049,-0.26109314
1919.400024,-0.2582798
1919.5,-0.26122427
1919.599976,-0.263238907
1919.700073,-0.262285233
1919.800049,-0.256086349
1919.900024,-0.250364304
1920,-0.256515503
1920.099976,-0.263286591
1920.200073,-0.258947372
1920.300049,-0.264335632
1920.400024,-0.258184433
1920.5,-0.261569977
1920.599976,-0.263906479
1920.700073,-0.250602722
1920.800049,-0.261283875
1920.900024,-0.256420135
1921,-0.258327484
1921.099976,-0.258804321
1921.200073,-0.258756638
1921.300049,-0.261713028
1921.400024,-0.260318279
1921.5,-0.260854721
1921.599976,-0.25994873
1921.700073,-0.256467819
1921.800049,-0.258184433
1921.900024,-0.26071167
1922,-0.256896973
1922.099976,-0.252271652
1922.200073,-0.254798889
1922.300049,-0.269294739
1922.400024,-0.263477325
1922.5,-0.257659912
1922.599976,-0.255132675
1922.700073,-0.259281158
1922.800049,-0.250173569
1922.900024,-0.264907837
1923,-0.250841141
1923.099976,-0.262094498
1923.200073,-0.257659912
1923.300049,-0.250936508
1923.400024,-0.262619019
1923.5,-0.253797531
1923.599976,-0.259567261
1923.700073,-0.248838425
1923.800049,-0.258995056
1923.900024,-0.261379242
1924,-0.26609993
1924.099976,-0.25403595
1924.200073,-0.25942421
1924.300049,-0.258136749
1924.400024,-0.258375168
1924.5,-0.2582798
1924.599976,-0.257659912
1924.700073,-0.25236702
1924.800049,-0.259281158
1924.900024,-0.25403595
1925,-0.264431
1925.099976,-0.260139465
1925.200073,-0.265241623
1925.300049,-0.256658554
1925.400024,-0.268054962
1925.5,-0.252033234
1925.599976,-0.262905121
1925.700073,-0.267959595
1925.800049,-0.262046814
1925.900024,-0.260044098
1926,-0.258232117
1926.099976,-0.265241623
1926.200073,-0.256277084
1926.300049,-0.251127243
1926.400024,-0.273014069
1926.5,-0.264383316
1926.599976,-0.258232117
1926.700073,-0.25532341
1926.800049,-0.257087708
1926.900024,-0.261283875
1927,-0.252748489
1927.099976,-0.25737381
1927.200073,-0.263572693
1927.300049,-0.263525009
1927.400024,-0.261379242
1927.5,-0.259757996
1927.599976,-0.254417419
1927.700073,-0.262475967
1927.800049,-0.254131317
1927.900024,-0.264764786
1928,-0.255847931
1928.099976,-0.269866943
1928.200073,-0.258327484
1928.300049,-0.267148972
1928.400024,-0.256896973
1928.5,-0.255609512
1928.599976,-0.264526367
1928.700073,-0.263048172
1928.800049,-0.259281158
1928.900024,-0.263334274
1929,-0.255037308
1929.099976,-0.249076843
1929.200073,-0.262571335
1929.300049,-0.267435074
1929.400024,-0.253320694
1929.5,-0.263381958
1929.599976,-0.257040024
1929.700073,-0.251508713
1929.800049,-0.263763428
1929.900024,-0.266815186
1930,-0.265193939
1930.099976,-0.265253544
1930.200073,-0.265050888
1930.300049,-0.263954163
1930.400024,-0.262785912
1930.5,-0.259710312
1930.599976,-0.262428284
1930.700073,-0.26109314
1930.800049,-0.25737381
1930.900024,-0.261045456
1931,-0.259710312
1931.099976,-0.25661087
1931.200073,-0.260663986
1931.300049,-0.256849289
1931.400024,-0.263429642
1931.5,-0.256515503
1931.599976,-0.260902405
1931.700073,-0.254846573
1931.800049,-0.259710312
1931.900024,-0.262094498
1932,-0.262154102
1932.099976,-0.26366806
1932.200073,-0.263143539
1932.300049,-0.256134033
1932.400024,-0.257469177
1932.5,-0.262714386
1932.599976,-0.263238907
1932.700073,-0.256849289
1932.800049,-0.252653122
1932.900024,-0.26776886
1933,-0.260044098
1933.099976,-0.267911911
1933.200073,-0.257850647
1933.300049,-0.253845215
1933.400024,-0.265623093
1933.5,-0.262428284
1933.599976,-0.258852005
1933.700073,-0.266338348
1933.800049,-0.25699234
1933.900024,-0.261760712
1934,-0.266147614
1934.099976,-0.25737381
1934.200073,-0.256801605
1934.300049,-0.266290665
1934.400024,-0.260377884
1934.5,-0.264669418
1934.599976,-0.2664814
1934.700073,-0.265527725
1934.800049,-0.263429642
1934.900024,-0.264669418
1935,-0.262428284
1935.099976,-0.262619019
1935.200073,-0.263095856
1935.300049,-0.263763428
1935.400024,-0.263572693
1935.5,-0.271011353
1935.599976,-0.256753922
1935.700073,-0.272584915
1935.800049,-0.266672134
1935.900024,-0.262046814
1936,-0.272298813
1936.099976,-0.25994873
1936.200073,-0.264431
1936.300049,-0.263906479
1936.400024,-0.270153046
1936.5,-0.261188507
1936.599976,-0.265432358
1936.700073,-0.265432358
1936.800049,-0.257040024
1936.900024,-0.250936508
1937,-0.263000488
1937.099976,-0.266195297
1937.200073,-0.261045456
1937.300049,-0.261426926
1937.400024,-0.260091782
1937.5,-0.261009693
1937.599976,-0.261713028
1937.700073,-0.260807037
1937.800049,-0.259519577
1937.900024,-0.259185791
1938,-0.266290665
1938.099976,-0.26109314
1938.200073,-0.266958237
1938.300049,-0.25403595
1938.400024,-0.258947372
1938.5,-0.250793457
1938.599976,-0.259376526
1938.700073,-0.255228043
1938.800049,-0.256706238
1938.900024,-0.260854721
1939,-0.24788475
1939.099976,-0.263429642
1939.200073,-0.254369736
1939.300049,-0.270772934
1939.400024,-0.255228043
1939.5,-0.26109314
1939.599976,-0.263954163
1939.700073,-0.269247055
1939.800049,-0.257087708
1939.900024,-0.267053604
1940,-0.262428284
1940.099976,-0.265623093
1940.200073,-0.261856079
1940.300049,-0.262571335
1940.400024,-0.255132675
1940.5,-0.260091782
1940.599976,-0.264383316
1940.700073,-0.264335632
1940.800049,-0.257135391
1940.900024,-0.258565903
1941,-0.267816544
1941.099976,-0.25699234
1941.200073,-0.263763428
1941.300049,-0.259853363
1941.400024,-0.262142181
1941.5,-0.262905121
1941.599976,-0.259853363
1941.700073,-0.262726307
1941.800049,-0.262905121
1941.900024,-0.259999394
1942,-0.256706238
1942.099976,-0.257659912
1942.200073,-0.260306358
1942.300049,-0.263954163
1942.400024,-0.262905121
1942.5,-0.261569977
1942.599976,-0.259090424
1942.700073,-0.2603302
1942.800049,-0.262547493
1942.900024,-0.265527725
1943,-0.265241623
1943.099976,-0.258136749
1943.200073,-0.256181717
1943.300049,-0.260103703
1943.400024,-0.263429642
1943.5,-0.262666702
1943.599976,-0.256229401
1943.700073,-0.25904274
1943.800049,-0.257850647
1943.900024,-0.25699234
1944,-0.259138107
1944.099976,-0.256277084
1944.200073,-0.259138107
1944.300049,-0.270248413
1944.400024,-0.256706238
1944.5,-0.270343781
1944.599976,-0.264621735
1944.700073,-0.257707596
1944.800049,-0.25775528
1944.900024,-0.257993698
1945,-0.259829521
1945.099976,-0.260616302
1945.200073,-0.255639315
1945.300049,-0.251842499
1945.400024,-0.250268936
1945.5,-0.259138107
1945.599976,-0.257993698
1945.700073,-0.258863926
1945.800049,-0.257659912
1945.900024,-0.260663986
1946,-0.258470535
1946.099976,-0.259185791
1946.200073,-0.265956879
1946.300049,-0.267244339
1946.400024,-0.264621735
1946.5,-0.262106419
1946.599976,-0.257040024
1946.700073,-0.259519577
1946.800049,-0.256181717
1946.900024,-0.26867485
1947,-0.262619019
1947.099976,-0.267339706
1947.200073,-0.257659912
1947.300049,-0.252271652
1947.400024,-0.265909195
1947.5,-0.265480042
1947.599976,-0.265909195
1947.700073,-0.263608456
1947.800049,-0.261140823
1947.900024,-0.261903763
1948,-0.264240265
1948.099976,-0.259233475
1948.200073,-0.263238907
1948.300049,-0.259281158
1948.400024,-0.266719818
1948.5,-0.26571846
1948.599976,-0.261641502
1948.700073,-0.255371094
1948.800049,-0.258756638
1948.900024,-0.255144596
1949,-0.251842499
1949.099976,-0.254608154
1949.200073,-0.262475967
1949.300049,-0.26109314
1949.400024,-0.266672134
1949.5,-0.257421494
1949.599976,-0.271154404
1949.700073,-0.260425568
1949.800049,-0.255132675
1949.900024,-0.265623093
1950,-0.257278442
1950.099976,-0.252557755
1950.200073,-0.261140823
1950.300049,-0.257946014
1950.400024,-0.26109314
1950.5,-0.260091782
1950.599976,-0.254655838
1950.700073,-0.261283875
1950.800049,-0.25699234
1950.900024,-0.257278442
1951,-0.259281158
1951.099976,-0.260568619
1951.200073,-0.262285233
1951.300049,-0.259090424
1951.400024,-0.261665344
1951.5,-0.253511429
1951.599976,-0.262952805
1951.700073,-0.25198555
1951.800049,-0.260234833
1951.900024,-0.257135391
1952,-0.265384674
1952.099976,-0.256706238
1952.200073,-0.265289307
1952.300049,-0.251699448
1952.400024,-0.25994873
1952.5,-0.256658554
1952.599976,-0.256515503
1952.700073,-0.258327484
1952.800049,-0.260902405
1952.900024,-0.259233475
1953,-0.264144897
1953.099976,-0.259328842
1953.200073,-0.265766144
1953.300049,-0.257707596
1953.400024,-0.25942421
1953.5,-0.256372452
1953.599976,-0.261045456
1953.700073,-0.258327484
1953.800049,-0.258947372
1953.900024,-0.261760712
1954,-0.258852005
1954.099976,-0.256563187
1954.200073,-0.25403595
1954.300049,-0.257278442
1954.400024,-0.255800247
1954.5,-0.263477325
1954.599976,-0.267101288
1954.700073,-0.257612228
1954.800049,-0.25661087
1954.900024,-0.259519577
1955,-0.259281158
1955.099976,-0.261713028
1955.200073,-0.258899689
1955.300049,-0.260807037
1955.400024,-0.261188507
1955.5,-0.261498451
1955.599976,-0.260902405
1955.700073,-0.263095856
1955.800049,-0.256324768
1955.900024,-0.25942421
1956,-0.268531799
1956.099976,-0.261617661
1956.200073,-0.258232117
1956.300049,-0.253702164
1956.400024,-0.25661087
1956.5,-0.266242981
1956.599976,-0.268627167
1956.700073,-0.265193939
1956.800049,-0.261927605
1956.900024,-0.256658554
1957,-0.257230759
1957.099976,-0.264574051
1957.200073,-0.24864769
1957.300049,-0.259090424
1957.400024,-0.264955521
1957.5,-0.258375168
1957.599976,-0.27110672
1957.700073,-0.259567261
1957.800049,-0.260616302
1957.900024,-0.260520935
1958,-0.261903763
1958.099976,-0.260520935
1958.200073,-0.260616302
1958.300049,-0.25904274
1958.400024,-0.252843857
1958.5,-0.253606796
1958.599976,-0.257087708
1958.700073,-0.257171154
1958.800049,-0.259138107
1958.900024,-0.258852005
1959,-0.259805679
1959.099976,-0.260282516
1959.200073,-0.260950089
1959.300049,-0.260568619
1959.400024,-0.263429642
1959.5,-0.264240265
1959.599976,-0.26353693
1959.700073,-0.261951447
1959.800049,-0.264526367
1959.900024,-0.263513088
1960,-0.264955521
1960.099976,-0.262619019
1960.200073,-0.256658554
1960.300049,-0.254417419
1960.400024,-0.256229401
1960.5,-0.257707596
1960.599976,-0.259614944
1960.700073,-0.260568619
1960.800049,-0.263298512
1960.900024,-0.264097214
1961,-0.262228608
1961.099976,-0.260997772
1961.200073,-0.260520935
1961.300049,-0.25866127
1961.400024,-0.266004562
1961.5,-0.261760712
1961.599976,-0.254751205
1961.700073,-0.273347855
1961.800049,-0.262189865
1961.900024,-0.251508713
1962,-0.258995056
1962.099976,-0.2603302
1962.200073,-0.258804321
1962.300049,-0.258804321
1962.400024,-0.261820316
1962.5,-0.264383316
1962.599976,-0.265289307
1962.700073,-0.257040024
1962.800049,-0.263191223
1962.900024,-0.251317978
1963,-0.258995056
1963.099976,-0.257707596
1963.200073,-0.262332916
1963.300049,-0.248361588
1963.400024,-0.259138107
1963.5,-0.251699448
1963.599976,-0.259757996
1963.700073,-0.262189865
1963.800049,-0.265003204
1963.900024,-0.257564545
1964,-0.263858795
1964.099976,-0.254608154
1964.200073,-0.262046814
1964.300049,-0.260950089
1964.400024,-0.256658554
1964.5,-0.264621735
1964.599976,-0.268770218
1964.700073,-0.264621735
1964.800049,-0.262070656
1964.900024,-0.256944656
1965,-0.257946014
1965.099976,-0.260437489
1965.200073,-0.264669418
1965.300049,-0.262189865
1965.400024,-0.26199913
1965.5,-0.261426926
1965.599976,-0.259710312
1965.700073,-0.263954163
1965.800049,-0.260425568
1965.900024,-0.263465405
1966,-0.264717102
1966.099976,-0.264764786
1966.200073,-0.264788628
1966.300049,-0.263429642
1966.400024,-0.266242981
1966.5,-0.263381958
1966.599976,-0.268770218
1966.700073,-0.265050888
1966.800049,-0.262571335
1966.900024,-0.263238907
1967,-0.263286591
1967.099976,-0.269104004
1967.200073,-0.260187149
1967.300049,-0.254322052
1967.400024,-0.263238907
1967.5,-0.26776886
1967.599976,-0.264132977
1967.700073,-0.263286591
1967.800049,-0.262237549
1967.900024,-0.265134335
1968,-0.266147614
1968.099976,-0.268865585
1968.200073,-0.258756638
1968.300049,-0.268198013
1968.400024,-0.260187149
1968.5,-0.258089066
1968.599976,-0.262523651
1968.700073,-0.259471893
1968.800049,-0.258232117
1968.900024,-0.260663986
1969,-0.263334274
1969.099976,-0.261617661
1969.200073,-0.257421494
1969.300049,-0.261713028
1969.400024,-0.256181717
1969.5,-0.265432358
1969.599976,-0.269485474
1969.700073,-0.268531799
1969.800049,-0.25904274
1969.900024,-0.266958237
1970,-0.25661087
1970.099976,-0.253463745
1970.200073,-0.26815033
1970.300049,-0.255371094
1970.400024,-0.266052246
1970.5,-0.266767502
1970.599976,-0.257993698
1970.700073,-0.264669418
1970.800049,-0.260854721
1970.900024,-0.265098572
1971,-0.258613586
1971.099976,-0.256420135
1971.200073,-0.260663986
1971.300049,-0.256181717
1971.400024,-0.260234833
1971.5,-0.253892899
1971.599976,-0.258756638
1971.700073,-0.268341064
1971.800049,-0.256563187
1971.900024,-0.271249771
1972,-0.25570488
1972.099976,-0.257564545
1972.200073,-0.260103703
1972.300049,-0.263334274
1972.400024,-0.263811111
1972.5,-0.266719818
1972.599976,-0.258708954
1972.700073,-0.264526367
1972.800049,-0.261713028
1972.900024,-0.257230759
1973,-0.263954163
1973.099976,-0.261713028
1973.200073,-0.263286591
1973.300049,-0.264001846
1973.400024,-0.263477325
1973.5,-0.258756638
1973.599976,-0.261379242
1973.700073,-0.259257317
1973.800049,-0.258995056
1973.900024,-0.257898331
1974,-0.257326126
1974.099976,-0.257564545
1974.200073,-0.257230759
1974.300049,-0.262857437
1974.400024,-0.269771576
1974.5,-0.270820618
1974.599976,-0.26712513
1974.700073,-0.2623806
1974.800049,-0.265527725
1974.900024,-0.256277084
1975,-0.264860153
1975.099976,-0.272346497
1975.200073,-0.256515503
1975.300049,-0.259376526
1975.400024,-0.258518219
1975.5,-0.257707596
1975.599976,-0.259388447
1975.700073,-0.262714386
1975.800049,-0.258613586
1975.900024,-0.263334274
1976,-0.260902405
1976.099976,-0.262857437
1976.200073,-0.258232117
1976.300049,-0.263954163
1976.400024,-0.259185791
1976.5,-0.257993698
1976.599976,-0.267816544
1976.700073,-0.256181717
1976.800049,-0.265050888
1976.900024,-0.260759354
1977,-0.268865585
1977.099976,-0.259090424
1977.200073,-0.26276207
1977.300049,-0.262237549
1977.400024,-0.263191223
1977.5,-0.265098572
1977.599976,-0.268436432
1977.700073,-0.266278744
1977.800049,-0.265956879
1977.900024,-0.265623093
1978,-0.264764786
1978.099976,-0.264872074
1978.200073,-0.26533699
1978.300049,-0.263763428
1978.400024,-0.267959595
1978.5,-0.265909195
1978.599976,-0.261188507
1978.700073,-0.261331558
1978.800049,-0.261260033
1978.900024,-0.261474609
1979,-0.261045456
1979.099976,-0.263620377
1979.200073,-0.256658554
1979.300049,-0.260520935
1979.400024,-0.26776886
1979.5,-0.25327301
1979.599976,-0.257183075
1979.700073,-0.263906479
1979.800049,-0.258518219
1979.900024,-0.257183075
1980,-0.263811111
1980.099976,-0.267292023
1980.200073,-0.268579483
1980.300049,-0.266624451
1980.400024,-0.265480042
1980.5,-0.263238907
1980.599976,-0.263477325
1980.700073,-0.264431
1980.800049,-0.258470535
1980.900024,-0.260473251
1981,-0.256658554
1981.099976,-0.252700806
1981.200073,-0.25558567
1981.300049,-0.255228043
1981.400024,-0.25775528
1981.5,-0.263191223
1981.599976,-0.262452126
1981.700073,-0.264431
1981.800049,-0.264431
1981.900024,-0.256706238
1982,-0.264907837
1982.099976,-0.258708954
1982.200073,-0.252271652
1982.300049,-0.258089066
1982.400024,-0.26071167
1982.5,-0.260663986
1982.599976,-0.263763428
1982.700073,-0.265241623
1982.800049,-0.268436432
1982.900024,-0.257183075
1983,-0.260616302
1983.099976,-0.263143539
1983.200073,-0.267673492
1983.300049,-0.255800247
1983.400024,-0.269962311
1983.5,-0.264478683
1983.599976,-0.261617661
1983.700073,-0.257230759
1983.800049,-0.256944656
1983.900024,-0.253749847
1984,-0.257850647
1984.099976,-0.263906479
1984.200073,-0.262857437
1984.300049,-0.268293381
1984.400024,-0.263954163
1984.5,-0.255037308
1984.599976,-0.257898331
1984.700073,-0.261903763
1984.800049,-0.260616302
1984.900024,-0.251413345
1985,-0.271249771
1985.099976,-0.260234833
1985.200073,-0.268341064
1985.300049,-0.262809753
1985.400024,-0.259519577
1985.5,-0.258422852
1985.599976,-0.260568619
1985.700073,-0.259901047
1985.800049,-0.259710312
1985.900024,-0.260902405
1986,-0.256896973
1986.099976,-0.26867485
1986.200073,-0.264192581
1986.300049,-0.265575409
1986.400024,-0.257326126
1986.5,-0.268579483
1986.599976,-0.263381958
1986.700073,-0.268102646
1986.800049,-0.271869659
1986.900024,-0.269294739
1987,-0.266624451
1987.099976,-0.257612228
1987.200073,-0.261331558
1987.300049,-0.26071167
1987.400024,-0.262905121
1987.5,-0.260997772
1987.599976,-0.259400368
1987.700073,-0.257612228
1987.800049,-0.256086349
1987.900024,-0.260473251
1988,-0.266147614
1988.099976,-0.269914627
1988.200073,-0.257040024
1988.300049,-0.257898331
1988.400024,-0.253225327
1988.5,-0.262094498
1988.599976,-0.26867485
1988.700073,-0.265241623
1988.800049,-0.263906479
1988.900024,-0.26571846
1989,-0.266767502
1989.099976,-0.264132977
1989.200073,-0.263191223
1989.300049,-0.260854721
1989.400024,-0.264240265
1989.5,-0.271965027
1989.599976,-0.265098572
1989.700073,-0.270534515
1989.800049,-0.261617661
1989.900024,-0.265432358
1990,-0.260485172
1990.099976,-0.256277084
1990.200073,-0.258613586
1990.300049,-0.26276207
1990.400024,-0.260568619
1990.5,-0.261617661
1990.599976,-0.26366806
1990.700073,-0.259471893
1990.800049,-0.26571846
1990.900024,-0.271583557
1991,-0.263286591
1991.099976,-0.267339706
1991.200073,-0.258708954
1991.300049,-0.26943779
1991.400024,-0.256563187
1991.5,-0.263572693
1991.599976,-0.263238907
1991.700073,-0.259328842
1991.800049,-0.269390106
1991.900024,-0.253892899
1992,-0.269485474
1992.099976,-0.249219894
1992.200073,-0.268054962
1992.300049,-0.260807037
1992.400024,-0.265003204
1992.5,-0.259710312
1992.599976,-0.255132675
1992.700073,-0.264621735
1992.800049,-0.260950089
1992.900024,-0.26738739
1993,-0.262952805
1993.099976,-0.251747131
1993.200073,-0.270629883
1993.300049,-0.260473251
1993.400024,-0.259138107
1993.5,-0.259412289
1993.599976,-0.259519577
1993.700073,-0.258518219
1993.800049,-0.258804321
1993.900024,-0.260294437
1994,-0.26109314
1994.099976,-0.26276207
1994.200073,-0.265813828
1994.300049,-0.262785912
1994.400024,-0.261188507
1994.5,-0.261379242
1994.599976,-0.267148972
1994.700073,-0.258184433
1994.800049,-0.267530441
1994.900024,-0.257946014
1995,-0.26609993
1995.099976,-0.256706238
1995.200073,-0.2664814
1995.300049,-0.260902405
1995.400024,-0.2623806
1995.5,-0.260902405
1995.599976,-0.263000488
1995.700073,-0.257802963
1995.800049,-0.249839783
1995.900024,-0.262428284
1996,-0.259710312
1996.099976,-0.259281158
1996.200073,-0.260795116
1996.300049,-0.25904274
1996.400024,-0.265146255
1996.5,-0.252700806
1996.599976,-0.25942421
1996.700073,-0.269628525
1996.800049,-0.257230759
1996.900024,-0.266910553
1997,-0.263811111
1997.099976,-0.265623093
1997.200073,-0.265468121
1997.300049,-0.265393615
1997.400024,-0.265098572
1997.5,-0.265384674
1997.599976,-0.269962311
1997.700073,-0.268102646
1997.800049,-0.261903763
1997.900024,-0.259376526
1998,-0.260759354
1998.099976,-0.258756638
1998.200073,-0.260139465
1998.300049,-0.259614944
1998.400024,-0.261426926
1998.5,-0.266004562
1998.599976,-0.260759354
1998.700073,-0.26700592
1998.800049,-0.259090424
1998.900024,-0.261856079
1999,-0.268102646
1999.099976,-0.265384674
1999.200073,-0.262678623
1999.300049,-0.258422852
1999.400024,-0.258804321
1999.5,-0.26071167
1999.599976,-0.257516861
1999.700073,-0.261188507
1999.800049,-0.261522293
1999.900024,-0.264431
2000,-0.264335632
2000.099976,-0.262690544
2000.200073,-0.260950089
2000.300049,-0.261045456
2000.400024,-0.262332916
2000.5,-0.25160408
2000.599976,-0.259996414
2000.700073,-0.253463745
2000.800049,-0.265146255
2000.900024,-0.266290665
2001,-0.261617661
2001.099976,-0.248552322
2001.200073,-0.265766144
2001.300049,-0.260234833
2001.400024,-0.260425568
2001.5,-0.263048172
2001.599976,-0.257946014
2001.700073,-0.270582199
2001.800049,-0.258089066
2001.900024,-0.261951447
2002,-0.262320995
2002.099976,-0.265432358
2002.200073,-0.263811111
2002.300049,-0.262607098
2002.400024,-0.261569977
2002.5,-0.262365699
2002.599976,-0.262523651
2002.700073,-0.26276207
2002.800049,-0.260473251
2002.900024,-0.265480042
2003,-0.2623806
2003.099976,-0.270009995
2003.200073,-0.264240265
2003.300049,-0.263048172
2003.400024,-0.262213707
2003.5,-0.263101816
2003.599976,-0.262809753
2003.700073,-0.264335632
2003.800049,-0.263525009
2003.900024,-0.261760712
2004,-0.270105362
2004.099976,-0.260854721
2004.200073,-0.272155762
2004.300049,-0.26609993
2004.400024,-0.259090424
2004.5,-0.262857437
2004.599976,-0.266290665
2004.700073,-0.269866943
2004.800049,-0.266529083
2004.900024,-0.258089066
2005,-0.264144897
2005.099976,-0.254131317
2005.200073,-0.268341064
2005.300049,-0.262189865
2005.400024,-0.26404953
2005.5,-0.261331558
2005.599976,-0.258613586
2005.700073,-0.260473251
2005.800049,-0.265623093
2005.900024,-0.263763428
2006,-0.256420135
2006.099976,-0.265289307
2006.200073,-0.259805679
2006.300049,-0.258184433
2006.400024,-0.259471893
2006.5,-0.262285233
2006.599976,-0.258184433
2006.700073,-0.267101288
2006.800049,-0.259281158
2006.900024,-0.264192581
2007,-0.266290665
2007.099976,-0.257087708
2007.200073,-0.262046814
2007.300049,-0.269199371
2007.400024,-0.267864227
2007.5,-0.265527725
2007.599976,-0.261808395
2007.700073,-0.263238907
2007.800049,-0.263453484
2007.900024,-0.264097214
2008,-0.264669418
2008.099976,-0.262464046
2008.200073,-0.262952805
2008.300049,-0.264618754
2008.400024,-0.266052246
2008.5,-0.26700592
2008.599976,-0.266421795
2008.700073,-0.265909195
2008.800049,-0.266719818
2008.900024,-0.26609993
2009,-0.253368378
2009.099976,-0.271202087
2009.200073,-0.259519577
2009.300049,-0.266433716
2009.400024,-0.258184433
2009.5,-0.258518219
2009.599976,-0.260151386
2009.700073,-0.259233475
2009.800049,-0.264669418
2009.900024,-0.266672134
2010,-0.268758297
2010.099976,-0.270915985
2010.200073,-0.27277565
2010.300049,-0.267697334
2010.400024,-0.26276207
2010.5,-0.264335632
2010.599976,-0.263060093
2010.700073,-0.264001846
2010.800049,-0.261140823
2010.900024,-0.265480042
2011,-0.263620377
2011.099976,-0.260425568
2011.200073,-0.269199371
2011.300049,-0.259233475
2011.400024,-0.266815186
2011.5,-0.258995056
2011.599976,-0.264287949
2011.700073,-0.261188507
2011.800049,-0.26905632
2011.900024,-0.261808395
2012,-0.258470535
2012.099976,-0.26571846
2012.200073,-0.266290665
2012.300049,-0.262714386
2012.400024,-0.261426926
2012.5,-0.273681641
2012.599976,-0.271059036
2012.700073,-0.26918745
2012.800049,-0.266958237
2012.900024,-0.265050888
2013,-0.269342422
2013.099976,-0.267482758
2013.200073,-0.266529083
2013.300049,-0.263608456
2013.400024,-0.259376526
2013.5,-0.261045456
2013.599976,-0.264669418
2013.700073,-0.26533699
2013.800049,-0.258565903
2013.900024,-0.25942421
2014,-0.26609993
2014.099976,-0.264287949
2014.200073,-0.26418066
2014.300049,-0.262666702
2014.400024,-0.26366806
2014.5,-0.25994873
2014.599976,-0.271059036
2014.700073,-0.267101288
2014.800049,-0.266052246
2014.900024,-0.268972874
2015,-0.271202087
2015.099976,-0.271535873
2015.200073,-0.268639088
2015.300049,-0.267196655
2015.400024,-0.264621735
2015.5,-0.264812469
2015.599976,-0.264276028
2015.700073,-0.2664814
2015.800049,-0.261188507
2015.900024,-0.26776886
2016,-0.25994873
2016.099976,-0.272203445
2016.200073,-0.274206161
2016.300049,-0.268436432
2016.400024,-0.256896973
2016.5,-0.27239418
2016.599976,-0.266529083
2016.700073,-0.265146255
2016.800049,-0.263906479
2016.900024,-0.261856079
2017,-0.275445938
2017.099976,-0.270677567
2017.200073,-0.264335632
2017.300049,-0.266815186
2017.400024,-0.262475967
2017.5,-0.257898331
2017.599976,-0.260854721
2017.700073,-0.258708954
2017.800049,-0.2623806
2017.900024,-0.265527725
2018,-0.263250828
2018.099976,-0.263143539
2018.200073,-0.261951447
2018.300049,-0.266052246
2018.400024,-0.260950089
2018.5,-0.263954163
2018.599976,-0.266576767
2018.700073,-0.263238907
2018.800049,-0.279165268
2018.900024,-0.269104004
2019,-0.262809753
2019.099976,-0.264287949
2019.200073,-0.272871017
2019.300049,-0.267053604
2019.400024,-0.271297455
2019.5,-0.267101288
2019.599976,-0.265861511
2019.700073,-0.26533699
2019.800049,-0.265289307
2019.900024,-0.269723892
2020,-0.258852005
2020.099976,-0.268960953
2020.200073,-0.262189865
2020.300049,-0.268436432
2020.400024,-0.266672134
2020.5,-0.271059036
2020.599976,-0.271392822
2020.700073,-0.26661253
2020.800049,-0.262285233
2020.900024,-0.261713028
2021,-0.257802963
2021.099976,-0.253845215
2021.200073,-0.259471893
2021.300049,-0.269390106
2021.400024,-0.266147614
2021.5,-0.262619019
2021.599976,-0.263238907
2021.700073,-0.262285233
2021.800049,-0.261903763
2021.900024,-0.266672134
2022,-0.257850647
2022.099976,-0.269723892
2022.200073,-0.262905121
2022.300049,-0.26109314
2022.400024,-0.262726307
2022.5,-0.262237549
2022.599976,-0.262097478
2022.700073,-0.261379242
2022.800049,-0.262046814
2022.900024,-0.263143539
2023,-0.265956879
2023.099976,-0.270248413
2023.200073,-0.261426926
2023.300049,-0.256134033
2023.400024,-0.27277565
2023.5,-0.257707596
2023.599976,-0.26571846
2023.700073,-0.265623093
2023.800049,-0.266123772
2023.900024,-0.267369509
2024,-0.268436432
2024.099976,-0.269294739
2024.200073,-0.268436432
2024.300049,-0.268007278
2024.400024,-0.268007278
2024.5,-0.2664814
2024.599976,-0.275159836
2024.700073,-0.261522293
2024.800049,-0.267959595
2024.900024,-0.262142181
2025,-0.270868301
2025.099976,-0.268770218
2025.200073,-0.258327484
2025.300049,-0.266147614
2025.400024,-0.272918701
2025.5,-0.259996414
2025.599976,-0.266290665
2025.700073,-0.263381958
2025.800049,-0.263954163
2025.900024,-0.265575409
2026,-0.270820618
2026.099976,-0.262475967
2026.200073,-0.274921417
2026.300049,-0.271202087
2026.400024,-0.270868301
2026.5,-0.267756939
2026.599976,-0.263858795
2026.700073,-0.265098572
2026.800049,-0.270009995
2026.900024,-0.26533699
2027,-0.269008636
2027.099976,-0.272584915
2027.200073,-0.268484116
2027.300049,-0.26738739
2027.400024,-0.261379242
2027.5,-0.264144897
2027.599976,-0.254989624
2027.700073,-0.271154404
2027.800049,-0.260663986
2027.900024,-0.262285233
2028,-0.258136749
2028.099976,-0.268579483
2028.200073,-0.262285233
2028.300049,-0.270057678
2028.400024,-0.275779724
2028.5,-0.263095856
2028.599976,-0.264812469
2028.700073,-0.257993698
2028.800049,-0.270009995
2028.900024,-0.261903763
2029,-0.257946014
2029.099976,-0.263095856
2029.200073,-0.268198013
2029.300049,-0.275398254
2029.400024,-0.2603302
2029.5,-0.273586273
2029.599976,-0.267864227
2029.700073,-0.268341064
2029.800049,-0.262142181
2029.900024,-0.263286591
2030,-0.258565903
2030.099976,-0.262475967
2030.200073,-0.270057678
2030.300049,-0.26533699
2030.400024,-0.270582199
2030.5,-0.26815033
2030.599976,-0.260663986
2030.700073,-0.266719818
2030.800049,-0.259233475
2030.900024,-0.260950089
2031,-0.266576767
2031.099976,-0.268245697
2031.200073,-0.267292023
2031.300049,-0.270105362
2031.400024,-0.262571335
2031.5,-0.258518219
2031.599976,-0.260950089
2031.700073,-0.268198013
2031.800049,-0.265861511
2031.900024,-0.273395538
2032,-0.277734756
2032.099976,-0.271357059
2032.200073,-0.268436432
2032.300049,-0.265861511
2032.400024,-0.267578125
2032.5,-0.265623093
2032.599976,-0.271678925
2032.700073,-0.259853363
2032.800049,-0.265384674
2032.900024,-0.26533699
2033,-0.267530441
2033.099976,-0.267101288
2033.200073,-0.266517162
2033.300049,-0.268531799
2033.400024,-0.262905121
2033.5,-0.255514145
2033.599976,-0.25942421
2033.700073,-0.266529083
2033.800049,-0.267959595
2033.900024,-0.263334274
2034,-0.268960953
2034.099976,-0.265098572
2034.200073,-0.25994873
2034.300049,-0.275588989
2034.400024,-0.271202087
2034.5,-0.269282818
2034.599976,-0.264955521
2034.700073,-0.265384674
2034.800049,-0.262189865
2034.900024,-0.264955521
2035,-0.262809753
2035.099976,-0.263858795
2035.200073,-0.262523651
2035.300049,-0.264812469
2035.400024,-0.266338348
2035.5,-0.264717102
2035.599976,-0.261665344
2035.700073,-0.266815186
2035.800049,-0.259185791
2035.900024,-0.261808395
2036,-0.265766144
2036.099976,-0.262833595
2036.200073,-0.260807037
2036.300049,-0.262952805
2036.400024,-0.264001846
2036.5,-0.26109314
2036.599976,-0.264907837
2036.700073,-0.27072525
2036.800049,-0.267673492
2036.900024,-0.261474609
2037,-0.275493622
2037.099976,-0.258565903
2037.200073,-0.268293381
2037.300049,-0.266004562
2037.400024,-0.264097214
2037.5,-0.265670776
2037.599976,-0.268054962
2037.700073,-0.267888069
2037.800049,-0.268913269
2037.900024,-0.268913269
2038,-0.266958237
2038.099976,-0.263334274
2038.200073,-0.269914627
2038.300049,-0.266815186
2038.400024,-0.264812469
2038.5,-0.272346497
2038.599976,-0.262714386
2038.700073,-0.268865585
2038.800049,-0.274682999
2038.900024,-0.273395538
2039,-0.272918701
2039.099976,-0.268817902
2039.200073,-0.26366806
2039.300049,-0.263572693
2039.400024,-0.269008636
2039.5,-0.26533699
2039.599976,-0.253988266
2039.700073,-0.265241623
2039.800049,-0.270629883
2039.900024,-0.273395538
2040,-0.265861511
2040.099976,-0.274778366
2040.200073,-0.272155762
2040.300049,-0.267244339
2040.400024,-0.261617661
2040.5,-0.268245697
2040.599976,-0.26404953
2040.700073,-0.260234833
2040.800049,-0.259138107
2040.900024,-0.268245697
2041,-0.259519577
2041.099976,-0.276685715
2041.200073,-0.260997772
2041.300049,-0.262952805
2041.400024,-0.264442921
2041.5,-0.266910553
2041.599976,-0.266910553
2041.700073,-0.270248413
2041.800049,-0.272108078
2041.900024,-0.265289307
2042,-0.262952805
2042.099976,-0.267482758
2042.200073,-0.263334274
2042.300049,-0.259281158
2042.400024,-0.267101288
2042.5,-0.27110672
2042.599976,-0.263763428
2042.700073,-0.264287949
2042.800049,-0.269723892
2042.900024,-0.269628525
2043,-0.268984795
2043.099976,-0.26867485
2043.200073,-0.267911911
2043.300049,-0.268913269
2043.400024,-0.264252186
2043.5,-0.260473251
2043.599976,-0.259710312
2043.700073,-0.264097214
2043.800049,-0.267864227
2043.900024,-0.269199371
2044,-0.270343781
2044.099976,-0.2623806
2044.200073,-0.267339706
2044.300049,-0.266350269
2044.400024,-0.267625809
2044.5,-0.268054962
2044.599976,-0.271821976
2044.700073,-0.262094498
2044.800049,-0.267721176
2044.900024,-0.259853363
2045,-0.264812469
2045.099976,-0.263858795
2045.200073,-0.267101288
2045.300049,-0.265813828
2045.400024,-0.26109314
2045.5,-0.265289307
2045.599976,-0.27148819
2045.700073,-0.274015427
2045.800049,-0.269866943
2045.900024,-0.260425568
2046,-0.265575409
2046.099976,-0.268817902
2046.200073,-0.265623093
2046.300049,-0.263858795
2046.400024,-0.264812469
2046.5,-0.264574051
2046.599976,-0.264907837
2046.700073,-0.266576767
2046.800049,-0.267292023
2046.900024,-0.261474609
2047,-0.263334274
2047.099976,-0.263238907
2047.200073,-0.265098572
2047.300049,-0.263048172
2047.400024,-0.261045456
2047.5,-0.262046814
2047.599976,-0.260854721
2047.700073,-0.263238907
2047.800049,-0.263286591
2047.900024,-0.25866127
2048,-0.258804321
2048.100098,-0.260854721
2048.199951,-0.264597893
2048.300049,-0.268960953
2048.400146,-0.269771576
2048.5,-0.266123772
2048.600098,-0.262094498
2048.699951,-0.26366806
2048.800049,-0.268007278
2048.900146,-0.26970005
2049,-0.274730682
2049.100098,-0.27239418
2049.199951,-0.266242981
2049.300049,-0.261713028
2049.400146,-0.268913269
2049.5,-0.260902405
2049.600098,-0.257183075
2049.699951,-0.271726608
2049.800049,-0.265050888
2049.900146,-0.269008636
2050,-0.270248413
2050.100098,-0.269628525
2050.199951,-0.269294739
2050.300049,-0.269390106
2050.400146,-0.270296097
2050.5,-0.267101288
2050.600098,-0.266588688
2050.699951,-0.265670776
2050.800049,-0.263286591
2050.900146,-0.260187149
2051,-0.264001846
2051.100098,-0.267625809
2051.199951,-0.271297455
2051.300049,-0.265861511
2051.400146,-0.260997772
2051.5,-0.270963669
2051.600098,-0.268388748
2051.699951,-0.277734756
2051.800049,-0.270391464
2051.900146,-0.277114868
2052,-0.269533157
2052.100098,-0.261331558
2052.199951,-0.263334274
2052.300049,-0.263095856
2052.400146,-0.263596535
2052.5,-0.266529083
2052.600098,-0.261426926
2052.699951,-0.267578125
2052.800049,-0.273300171
2052.900146,-0.270677567
2053,-0.27611351
2053.100098,-0.264001846
2053.199951,-0.268388748
2053.300049,-0.267721176
2053.400146,-0.267959595
2053.5,-0.268710613
2053.600098,-0.267742038
2053.699951,-0.26738739
2053.800049,-0.266910553
2053.900146,-0.26776886
2054,-0.267435074
2054.100098,-0.269485474
2054.199951,-0.26571846
2054.300049,-0.268770218
2054.400146,-0.268209934
2054.5,-0.26905632
2054.600098,-0.269294739
2054.699951,-0.26892519
2054.800049,-0.268436432
2054.900146,-0.268913269
2055,-0.275684357
2055.100098,-0.272584915
2055.199951,-0.272978306
2055.300049,-0.272823334
2055.400146,-0.270820618
2055.5,-0.27239418
2055.600098,-0.269533157
2055.699951,-0.270534515
2055.800049,-0.266624451
2055.900146,-0.26943779
2056,-0.268817902
2056.100098,-0.269628525
2056.199951,-0.269580841
2056.300049,-0.275398254
2056.400146,-0.270820618
2056.5,-0.266529083
2056.600098,-0.266958237
2056.699951,-0.262428284
2056.800049,-0.264335632
2056.900146,-0.26609993
2057,-0.271154404
2057.100098,-0.2664814
2057.199951,-0.269342422
2057.300049,-0.275970459
2057.400146,-0.264907837
2057.5,-0.272251129
2057.600098,-0.265432358
2057.699951,-0.267196655
2057.800049,-0.271440506
2057.900146,-0.271011353
2058,-0.269866943
2058.100098,-0.270343781
2058.199951,-0.267601967
2058.300049,-0.265241623
2058.400146,-0.264955521
2058.5,-0.268257618
2058.600098,-0.269866943
2058.699951,-0.272966385
2058.800049,-0.265909195
2058.900146,-0.258899689
2059,-0.26071167
2059.100098,-0.269151688
2059.199951,-0.273347855
2059.300049,-0.264478683
2059.400146,-0.26867485
2059.5,-0.262952805
2059.600098,-0.270200729
2059.699951,-0.280118942
2059.800049,-0.273490906
2059.900146,-0.273300171
2060,-0.263525009
2060.100098,-0.26815033
2060.199951,-0.276208878
2060.300049,-0.262666702
2060.400146,-0.270057678
2060.5,-0.267196655
2060.600098,-0.265575409
2060.699951,-0.266624451
2060.800049,-0.26738739
2060.900146,-0.266338348
2061,-0.26905632
2061.100098,-0.269521236
2061.199951,-0.271249771
2061.300049,-0.271440506
2061.400146,-0.263048172
2061.5,-0.277353287
2061.600098,-0.26943779
2061.699951,-0.263763428
2061.800049,-0.260520935
2061.900146,-0.27110672
2062,-0.274921417
2062.100098,-0.272918701
2062.199951,-0.26867485
2062.300049,-0.270153046
2062.400146,-0.259376526
2062.5,-0.268770218
2062.600098,-0.264144897
2062.699951,-0.268960953
2062.800049,-0.268865585
2062.900146,-0.270534515
2063,-0.27945137
2063.100098,-0.273729324
2063.199951,-0.264717102
2063.300049,-0.275970459
2063.400146,-0.266910553
2063.5,-0.270296097
2063.600098,-0.26905632
2063.699951,-0.272727966
2063.800049,-0.27406311
2063.900146,-0.26867485
2064,-0.260663986
2064.100098,-0.266624451
2064.199951,-0.269008636
2064.300049,-0.264621735
2064.400146,-0.267196655
2064.5,-0.264431
2064.600098,-0.271631241
2064.699951,-0.270582199
2064.800049,-0.269342422
2064.900146,-0.266719818
2065,-0.268436432
2065.100098,-0.260807037
2065.199951,-0.277973175
2065.300049,-0.261617661
2065.400146,-0.271202087
2065.5,-0.27983284
2065.600098,-0.272060394
2065.699951,-0.268388748
2065.800049,-0.266910553
2065.900146,-0.270474911
2066,-0.272871017
2066.100098,-0.273729324
2066.199951,-0.262809753
2066.300049,-0.270534515
2066.400146,-0.263048172
2066.5,-0.266719818
2066.600098,-0.27315712
2066.699951,-0.272584915
2066.800049,-0.270153046
2066.900146,-0.268960953
2067,-0.269068241
2067.100098,-0.270153046
2067.199951,-0.26700592
2067.300049,-0.264764786
2067.400146,-0.26071167
2067.5,-0.261188507
2067.600098,-0.278879166
2067.699951,-0.274206161
2067.800049,-0.265527725
2067.900146,-0.279069901
2068,-0.275398254
2068.100098,-0.273920059
2068.199951,-0.270260334
2068.300049,-0.26609993
2068.400146,-0.265623093
2068.5,-0.264287949
2068.600098,-0.265098572
2068.699951,-0.268007278
2068.800049,-0.271452427
2068.900146,-0.275684357
2069,-0.277019501
2069.100098,-0.271059036
2069.199951,-0.274301529
2069.300049,-0.279069901
2069.400146,-0.278450012
2069.5,-0.269485474
2069.600098,-0.274587631
2069.699951,-0.268627167
2069.800049,-0.275827408
2069.900146,-0.271583557
2070,-0.278593063
2070.100098,-0.269580841
2070.199951,-0.263763428
2070.300049,-0.271154404
2070.400146,-0.265050888
2070.5,-0.275827408
2070.600098,-0.268817902
2070.699951,-0.274301529
2070.800049,-0.26366806
2070.900146,-0.268865585
2071,-0.274206161
2071.100098,-0.275255203
2071.199951,-0.266624451
2071.300049,-0.271011353
2071.400146,-0.276399612
2071.5,-0.267959595
2071.600098,-0.273300171
2071.699951,-0.278497696
2071.800049,-0.274301529
2071.900146,-0.271202087
2072,-0.261522293
2072.100098,-0.268102646
2072.199951,-0.273109436
2072.300049,-0.27611351
2072.400146,-0.266195297
2072.5,-0.265909195
2072.600098,-0.267959595
2072.699951,-0.272823334
2072.800049,-0.26276207
2072.900146,-0.273967743
2073,-0.277114868
2073.100098,-0.265432358
2073.199951,-0.268388748
2073.300049,-0.277210236
2073.400146,-0.277162552
2073.5,-0.276304245
2073.600098,-0.273097515
2073.699951,-0.26815033
2073.800049,-0.270772934
2073.900146,-0.271059036
2074,-0.271774292
2074.100098,-0.26738739
2074.199951,-0.268865585
2074.300049,-0.269199371
2074.400146,-0.269342422
2074.5,-0.267852306
2074.600098,-0.26738739
2074.699951,-0.265480042
2074.800049,-0.271583557
2074.900146,-0.259185791
2075,-0.274921417
2075.100098,-0.269199371
2075.199951,-0.273920059
2075.300049,-0.265861511
2075.400146,-0.269771576
2075.5,-0.27072525
2075.600098,-0.264097214
2075.699951,-0.270200729
2075.800049,-0.267196655
2075.900146,-0.267864227
2076,-0.263620377
2076.100098,-0.267101288
2076.199951,-0.269914627
2076.300049,-0.26815033
2076.400146,-0.268627167
2076.5,-0.274921417
2076.600098,-0.274110794
2076.699951,-0.273574352
2076.800049,-0.271631241
2076.900146,-0.273633957
2077,-0.269628525
2077.100098,-0.267625809
2077.199951,-0.261474609
2077.300049,-0.26584959
2077.400146,-0.267721176
2077.5,-0.266576767
2077.600098,-0.267148972
2077.699951,-0.270105362
2077.800049,-0.271535873
2077.900146,-0.272489548
2078,-0.27315712
2078.100098,-0.272537231
2078.199951,-0.271130562
2078.300049,-0.269676208
2078.400146,-0.269151688
2078.5,-0.272704124
2078.600098,-0.274921417
2078.699951,-0.277067184
2078.800049,-0.266576767
2078.900146,-0.269199371
2079,-0.265897274
2079.100098,-0.264621735
2079.199951,-0.263191223
2079.300049,-0.275398254
2079.400146,-0.270963669
2079.5,-0.275064468
2079.600098,-0.266242981
2079.699951,-0.264240265
2079.800049,-0.262046814
2079.900146,-0.264717102
2080,-0.264097214
2080.100098,-0.268484116
2080.199951,-0.27611351
2080.300049,-0.258470535
2080.400146,-0.273300171
2080.5,-0.269533157
2080.600098,-0.269580841
2080.699951,-0.271035194
2080.800049,-0.273252487
2080.900146,-0.271774292
2081,-0.273490906
2081.100098,-0.264812469
2081.199951,-0.282979965
2081.300049,-0.261569977
2081.400146,-0.28021431
2081.5,-0.271917343
2081.600098,-0.277305603
2081.699951,-0.272584915
2081.800049,-0.268245697
2081.900146,-0.272584915
2082,-0.259519577
2082.100098,-0.275398254
2082.199951,-0.262142181
2082.300049,-0.270629883
2082.400146,-0.271392822
2082.5,-0.274110794
2082.600098,-0.272203445
2082.699951,-0.27110672
2082.800049,-0.270153046
2082.900146,-0.269580841
2083,-0.262905121
2083.100098,-0.2811203
2083.199951,-0.257421494
2083.300049,-0.275064468
2083.400146,-0.264860153
2083.5,-0.273586273
2083.600098,-0.26609993
2083.699951,-0.267292023
2083.800049,-0.27110672
2083.900146,-0.281406403
2084,-0.27110672
2084.100098,-0.274587631
2084.199951,-0.269866943
2084.300049,-0.272537231
2084.400146,-0.271821976
2084.5,-0.271535873
2084.600098,-0.264001846
2084.699951,-0.27778244
2084.800049,-0.271583557
2084.900146,-0.268722534
2085,-0.271440506
2085.100098,-0.272584915
2085.199951,-0.269628525
2085.300049,-0.271130562
2085.400146,-0.271297455
2085.5,-0.271011353
2085.600098,-0.272584915
2085.699951,-0.271249771
2085.800049,-0.276781082
2085.900146,-0.268865585
2086,-0.274539948
2086.100098,-0.269771576
2086.199951,-0.266433716
2086.300049,-0.281167984
2086.400146,-0.269008636
2086.5,-0.261903763
2086.600098,-0.265813828
2086.699951,-0.26943779
2086.800049,-0.264383316
2086.900146,-0.265146255
2087,-0.268817902
2087.100098,-0.26905632
2087.199951,-0.270629883
2087.300049,-0.270629883
2087.400146,-0.274015427
2087.5,-0.26751852
2087.600098,-0.262714386
2087.699951,-0.262714386
2087.800049,-0.269914627
2087.900146,-0.276351929
2088,-0.275970459
2088.100098,-0.259328842
2088.199951,-0.265909195
2088.300049,-0.275159836
2088.400146,-0.270486832
2088.5,-0.264478683
2088.600098,-0.26981926
2088.699951,-0.269199371
2088.800049,-0.266910553
2088.900146,-0.277210236
2089,-0.254894257
2089.100098,-0.273538589
2089.199951,-0.265527725
2089.300049,-0.266290665
2089.400146,-0.267721176
2089.5,-0.270391464
2089.600098,-0.26867485
2089.699951,-0.270629883
2089.800049,-0.268341064
2089.900146,-0.273681641
2090,-0.271726608
2090.100098,-0.266529083
2090.199951,-0.268054962
2090.300049,-0.263811111
2090.400146,-0.262571335
2090.5,-0.272871017
2090.600098,-0.256229401
2090.699951,-0.271345139
2090.800049,-0.265909195
2090.900146,-0.278974533
2091,-0.270248413
2091.100098,-0.274349213
2091.199951,-0.276447296
2091.300049,-0.264574051
2091.400146,-0.272060394
2091.5,-0.264669418
2091.600098,-0.26981926
2091.699951,-0.267911911
2091.800049,-0.269580841
2091.900146,-0.269580841
2092,-0.270963669
2092.100098,-0.26943779
2092.199951,-0.264335632
2092.300049,-0.264812469
2092.400146,-0.276399612
2092.5,-0.275922775
2092.600098,-0.273383617
2092.699951,-0.27110672
2092.800049,-0.270105362
2092.900146,-0.262952805
2093,-0.269580841
2093.100098,-0.263048172
2093.199951,-0.260616302
2093.300049,-0.270105362
2093.400146,-0.271965027
2093.5,-0.269866943
2093.600098,-0.266958237
2093.699951,-0.274015427
2093.800049,-0.264097214
2093.900146,-0.27611351
2094,-0.262285233
2094.100098,-0.265575409
2094.199951,-0.261522293
2094.300049,-0.26943779
2094.400146,-0.263811111
2094.5,-0.267911911
2094.600098,-0.273490906
2094.699951,-0.27148819
2094.800049,-0.26776886
2094.900146,-0.262142181
2095,-0.265766144
2095.100098,-0.268245697
2095.199951,-0.269390106
2095.300049,-0.268877506
2095.400146,-0.267530441
2095.5,-0.270343781
2095.600098,-0.26533699
2095.699951,-0.264001846
2095.800049,-0.26738739
2095.900146,-0.265861511
2096,-0.261522293
2096.100098,-0.268341064
2096.199951,-0.275159836
2096.300049,-0.267482758
2096.400146,-0.266815186
2096.5,-0.269008636
2096.600098,-0.266719818
2096.699951,-0.272871017
2096.800049,-0.266576767
2096.900146,-0.27687645
2097,-0.270820618
2097.100098,-0.263334274
2097.199951,-0.275541306
2097.300049,-0.27148819
2097.400146,-0.274206161
2097.5,-0.274301529
2097.600098,-0.278926849
2097.699951,-0.268436432
2097.800049,-0.272727966
2097.900146,-0.273729324
2098,-0.270868301
2098.100098,-0.271059036
2098.199951,-0.268007278
2098.300049,-0.267148972
2098.400146,-0.268722534
2098.5,-0.268877506
2098.600098,-0.269962311
2098.699951,-0.269676208
2098.800049,-0.274730682
2098.900146,-0.277830124
2099,-0.277830124
2099.100098,-0.275159836
2099.199951,-0.275243282
2099.300049,-0.27277565
2099.400146,-0.27520752
2099.5,-0.272119999
2099.600098,-0.270391464
2099.699951,-0.270105362
2099.800049,-0.276590347
2099.900146,-0.267625809
2100,-0.258613586
2100.100098,-0.27649498
2100.199951,-0.264860153
2100.300049,-0.26700592
2100.400146,-0.273633957
2100.5,-0.273920059
2100.600098,-0.272680283
2100.699951,-0.278259277
2100.800049,-0.273729324
2100.900146,-0.268436432
2101,-0.263477325
2101.100098,-0.273204803
2101.199951,-0.266290665
2101.300049,-0.272298813
2101.400146,-0.269771576
2101.5,-0.267864227
2101.600098,-0.268245697
2101.699951,-0.272489548
2101.800049,-0.266147614
2101.900146,-0.261569977
2102,-0.270391464
2102.100098,-0.28021431
2102.199951,-0.265623093
2102.300049,-0.268817902
2102.400146,-0.277639389
2102.5,-0.269628525
2102.600098,-0.275112152
2102.699951,-0.269390106
2102.800049,-0.264240265
2102.900146,-0.279642105
2103,-0.271917343
2103.100098,-0.275827408
2103.199951,-0.271249771
2103.300049,-0.273586273
2103.400146,-0.26700592
2103.5,-0.277734756
2103.600098,-0.262905121
2103.699951,-0.275875092
2103.800049,-0.272584915
2103.900146,-0.270820618
2104,-0.264240265
2104.100098,-0.270582199
2104.199951,-0.281978607
2104.300049,-0.272918701
2104.400146,-0.265527725
2104.5,-0.272584915
2104.600098,-0.271631241
2104.699951,-0.273490906
2104.800049,-0.268102646
2104.900146,-0.263191223
2105,-0.264097214
2105.100098,-0.265480042
2105.199951,-0.267244339
2105.300049,-0.271631241
2105.400146,-0.264383316
2105.5,-0.277544022
2105.600098,-0.280261993
2105.699951,-0.275302887
2105.800049,-0.273681641
2105.900146,-0.273109436
2106,-0.274396896
2106.100098,-0.271285534
2106.199951,-0.267625809
2106.300049,-0.270009995
2106.400146,-0.274492264
2106.5,-0.267530441
2106.600098,-0.27072525
2106.699951,-0.268913269
2106.800049,-0.272680283
2106.900146,-0.267148972
2107,-0.276447296
2107.100098,-0.273061752
2107.199951,-0.265527725
2107.300049,-0.261617661
2107.400146,-0.272060394
2107.5,-0.269402027
2107.600098,-0.272489548
2107.699951,-0.271440506
2107.800049,-0.270963669
2107.900146,-0.268198013
2108,-0.268770218
2108.100098,-0.270009995
2108.199951,-0.272918701
2108.300049,-0.275493622
2108.400146,-0.272632599
2108.5,-0.268579483
2108.600098,-0.273014069
2108.699951,-0.27649498
2108.800049,-0.271917343
2108.900146,-0.285554886
2109,-0.272680283
2109.100098,-0.265861511
2109.199951,-0.27406311
2109.300049,-0.269676208
2109.400146,-0.262332916
2109.5,-0.271440506
2109.600098,-0.267721176
2109.699951,-0.271774292
2109.800049,-0.269676208
2109.900146,-0.270999432
2110,-0.271202087
2110.100098,-0.271345139
2110.199951,-0.270784855
2110.300049,-0.270820618
2110.400146,-0.269771576
2110.5,-0.267816544
2110.600098,-0.26905632
2110.699951,-0.267244339
2110.800049,-0.27406311
2110.900146,-0.272108078
2111,-0.268436432
2111.100098,-0.267625809
2111.199951,-0.270963669
2111.300049,-0.272251129
2111.400146,-0.268436432
2111.5,-0.274206161
2111.600098,-0.270057678
2111.699951,-0.274492264
2111.800049,-0.267959595
2111.900146,-0.273395538
2112,-0.27239418
2112.100098,-0.271249771
2112.199951,-0.264001846
2112.300049,-0.266576767
2112.400146,-0.270915985
2112.5,-0.267673492
2112.600098,-0.273490906
2112.699951,-0.271583557
2112.800049,-0.274873734
2112.900146,-0.270677567
2113,-0.266767502
2113.100098,-0.264478683
2113.199951,-0.264860153
2113.300049,-0.278783798
2113.400146,-0.276542664
2113.5,-0.275243282
2113.600098,-0.271392822
2113.699951,-0.274253845
2113.800049,-0.280786514
2113.900146,-0.275064468
2114,-0.264478683
2114.100098,-0.269151688
2114.199951,-0.26404953
2114.300049,-0.263095856
2114.400146,-0.270391464
2114.5,-0.264621735
2114.600098,-0.270069599
2114.699951,-0.271869659
2114.800049,-0.273395538
2114.900146,-0.272155762
2115,-0.272823334
2115.100098,-0.272966385
2115.199951,-0.27277565
2115.300049,-0.266004562
2115.400146,-0.270153046
2115.5,-0.274778366
2115.600098,-0.260759354
2115.699951,-0.271774292
2115.800049,-0.277162552
2115.900146,-0.269771576
2116,-0.273014069
2116.100098,-0.268054962
2116.199951,-0.270057678
2116.300049,-0.268579483
2116.400146,-0.261045456
2116.5,-0.262285233
2116.600098,-0.274301529
2116.699951,-0.257707596
2116.800049,-0.272918701
2116.900146,-0.271821976
2117,-0.268865585
2117.100098,-0.265670776
2117.199951,-0.268817902
2117.300049,-0.261379242
2117.400146,-0.276685715
2117.5,-0.266338348
2117.600098,-0.269390106
2117.699951,-0.264001846
2117.800049,-0.272727966
2117.900146,-0.269199371
2118,-0.26571846
2118.100098,-0.272155762
2118.199951,-0.266958237
2118.300049,-0.272346497
2118.400146,-0.278306961
2118.5,-0.265527725
2118.600098,-0.272060394
2118.699951,-0.267721176
2118.800049,-0.270153046
2118.900146,-0.270534515
2119,-0.273633957
2119.100098,-0.27573204
2119.199951,-0.273395538
2119.300049,-0.273633957
2119.400146,-0.275064468
2119.5,-0.276733398
2119.600098,-0.274682999
2119.699951,-0.274778366
2119.800049,-0.272155762
2119.900146,-0.264097214
2120,-0.272823334
2120.100098,-0.278593063
2120.199951,-0.279165268
2120.300049,-0.272489548
2120.400146,-0.261569977
2120.5,-0.271440506
2120.600098,-0.274921417
2120.699951,-0.278926849
2120.800049,-0.26981926
2120.900146,-0.262046814
2121,-0.27277565
2121.100098,-0.276638031
2121.199951,-0.283981323
2121.300049,-0.268102646
2121.400146,-0.275779724
2121.5,-0.270963669
2121.600098,-0.265623093
2121.699951,-0.265623093
2121.800049,-0.268484116
2121.900146,-0.259567261
2122,-0.272584915
2122.100098,-0.265575409
2122.199951,-0.27148819
2122.300049,-0.265766144
2122.400146,-0.272060394
2122.5,-0.276590347
2122.600098,-0.272251129
2122.699951,-0.27520752
2122.800049,-0.270963669
2122.900146,-0.276447296
2123,-0.275016785
2123.100098,-0.265670776
2123.199951,-0.277257919
2123.300049,-0.265003204
2123.400146,-0.270105362
2123.5,-0.273109436
2123.600098,-0.271869659
2123.699951,-0.267530441
2123.800049,-0.275016785
2123.900146,-0.284219742
2124,-0.276399612
2124.100098,-0.272155762
2124.199951,-0.273729324
2124.300049,-0.268293381
2124.400146,-0.268388748
2124.5,-0.273395538
2124.600098,-0.269485474
2124.699951,-0.276399612
2124.800049,-0.276971817
2124.900146,-0.277639389
2125,-0.277055264
2125.100098,-0.273204803
2125.199951,-0.280405045
2125.300049,-0.266433716
2125.400146,-0.269533157
2125.5,-0.270677567
2125.600098,-0.272251129
2125.699951,-0.271059036
2125.800049,-0.275779724
2125.900146,-0.270057678
2126,-0.276685715
2126.100098,-0.274110794
2126.199951,-0.274361134
2126.300049,-0.272871017
2126.400146,-0.273777008
2126.5,-0.274563789
2126.600098,-0.275684357
2126.699951,-0.275922775
2126.800049,-0.27277565
2126.900146,-0.270486832
2127,-0.273061752
2127.100098,-0.272274971
2127.199951,-0.273014069
2127.300049,-0.272537231
2127.400146,-0.277257919
2127.5,-0.266529083
2127.600098,-0.27444458
2127.699951,-0.268960953
2127.800049,-0.268579483
2127.900146,-0.268472195
2128,-0.267864227
2128.100098,-0.268484116
2128.199951,-0.271965027
2128.300049,-0.271678925
2128.400146,-0.272453785
2128.5,-0.271678925
2128.600098,-0.274492264
2128.699951,-0.276304245
2128.800049,-0.275493622
2128.900146,-0.275875092
2129,-0.275302887
2129.100098,-0.276018143
2129.199951,-0.273633957
2129.300049,-0.279689789
2129.400146,-0.269676208
2129.5,-0.277353287
2129.600098,-0.263000488
2129.699951,-0.269342422
2129.800049,-0.273681641
2129.900146,-0.267435074
2130,-0.264335632
2130.100098,-0.276161194
2130.199951,-0.272918701
2130.300049,-0.274873734
2130.400146,-0.274730682
2130.5,-0.271154404
2130.600098,-0.27520752
2130.699951,-0.271726608
2130.800049,-0.277544022
2130.900146,-0.267101288
2131,-0.262952805
2131.100098,-0.271535873
2131.199951,-0.271774292
2131.300049,-0.269533157
2131.400146,-0.268257618
2131.5,-0.265003204
2131.600098,-0.266719818
2131.699951,-0.271440506
2131.800049,-0.272727966
2131.900146,-0.267148972
2132,-0.273300171
2132.100098,-0.267244339
2132.199951,-0.281024933
2132.300049,-0.279260635
2132.400146,-0.276638031
2132.5,-0.269866943
2132.600098,-0.274969101
2132.699951,-0.272251129
2132.800049,-0.27740097
2132.900146,-0.277830124
2133,-0.277257919
2133.100098,-0.276304245
2133.199951,-0.27520752
2133.300049,-0.258995056
2133.400146,-0.258708954
2133.5,-0.266088009
2133.600098,-0.275779724
2133.699951,-0.270868301
2133.800049,-0.277639389
2133.900146,-0.273395538
2134,-0.264764786
2134.100098,-0.280548096
2134.199951,-0.26738739
2134.300049,-0.268531799
2134.400146,-0.271631241
2134.5,-0.275541306
2134.600098,-0.275064468
2134.699951,-0.276590347
2134.800049,-0.271297455
2134.900146,-0.274730682
2135,-0.273908138
2135.100098,-0.27444458
2135.199951,-0.275159836
2135.300049,-0.274539948
2135.400146,-0.273824692
2135.5,-0.269533157
2135.600098,-0.265003204
2135.699951,-0.270296097
2135.800049,-0.278259277
2135.900146,-0.274492264
2136,-0.27072525
2136.100098,-0.273061752
2136.199951,-0.268627167
2136.300049,-0.255228043
2136.400146,-0.270915985
2136.5,-0.278593063
2136.600098,-0.268007278
2136.699951,-0.275064468
2136.800049,-0.264526367
2136.900146,-0.272203445
2137,-0.271345139
2137.100098,-0.271070957
2137.199951,-0.270296097
2137.300049,-0.270439148
2137.400146,-0.266386032
2137.5,-0.267959595
2137.600098,-0.266958237
2137.699951,-0.268054962
2137.800049,-0.2664814
2137.900146,-0.264335632
2138,-0.266576767
2138.100098,-0.274492264
2138.199951,-0.261283875
2138.300049,-0.276304245
2138.400146,-0.264526367
2138.5,-0.274873734
2138.600098,-0.274396896
2138.699951,-0.271059036
2138.800049,-0.276971817
2138.900146,-0.262189865
2139,-0.264764786
2139.100098,-0.27482605
2139.199951,-0.269008636
2139.300049,-0.27687645
2139.400146,-0.271583557
2139.5,-0.267244339
2139.600098,-0.273204803
2139.699951,-0.271535873
2139.800049,-0.275636673
2139.900146,-0.267482758
2140,-0.270963669
2140.100098,-0.272441864
2140.199951,-0.273014069
2140.300049,-0.275255203
2140.400146,-0.277734756
2140.5,-0.277830124
2140.600098,-0.273633957
2140.699951,-0.275159836
2140.800049,-0.282169342
2140.900146,-0.265861511
2141,-0.274253845
2141.100098,-0.2811203
2141.199951,-0.274921417
2141.300049,-0.271345139
2141.400146,-0.270677567
2141.5,-0.273920059
2141.600098,-0.275684357
2141.699951,-0.268579483
2141.800049,-0.267625809
2141.900146,-0.269342422
2142,-0.269151688
2142.100098,-0.26943779
2142.199951,-0.265432358
2142.300049,-0.272298813
2142.400146,-0.27740097
2142.5,-0.268579483
2142.600098,-0.278497696
2142.699951,-0.272155762
2142.800049,-0.277114868
2142.900146,-0.279928207
2143,-0.281072617
2143.100098,-0.279785156
2143.199951,-0.277734756
2143.300049,-0.277353287
2143.400146,-0.276685715
2143.5,-0.277245998
2143.600098,-0.280691147
2143.699951,-0.274253845
2143.800049,-0.266767502
2143.900146,-0.283266068
2144,-0.277544022
2144.100098,-0.275922775
2144.199951,-0.276208878
2144.300049,-0.276351929
2144.400146,-0.266195297
2144.5,-0.274635315
2144.600098,-0.283075333
2144.699951,-0.276733398
2144.800049,-0.285459518
2144.900146,-0.280309677
2145,-0.279642105
2145.100098,-0.275255203
2145.199951,-0.272298813
2145.300049,-0.279737473
2145.400146,-0.275016785
2145.5,-0.272108078
2145.600098,-0.282407761
2145.699951,-0.281024933
2145.800049,-0.278175831
2145.900146,-0.275398254
2146,-0.273872375
2146.100098,-0.281835556
2146.199951,-0.277162552
2146.300049,-0.286937714
2146.400146,-0.272298813
2146.5,-0.276971817
2146.600098,-0.271631241
2146.699951,-0.273061752
2146.800049,-0.274492264
2146.900146,-0.271678925
2147,-0.284219742
2147.100098,-0.273872375
2147.199951,-0.278020859
2147.300049,-0.278259277
2147.400146,-0.275255203
2147.5,-0.279022217
2147.600098,-0.2811203
2147.699951,-0.275898933
2147.800049,-0.271774292
2147.900146,-0.271678925
2148,-0.272203445
2148.100098,-0.270486832
2148.199951,-0.273014069
2148.300049,-0.277353287
2148.400146,-0.27239418
2148.5,-0.279308319
2148.600098,-0.279975891
2148.699951,-0.278450012
2148.800049,-0.281644821
2148.900146,-0.280500412
2149,-0.276161194
2149.100098,-0.272489548
2149.199951,-0.281597137
2149.300049,-0.279356003
2149.400146,-0.280738831
2149.5,-0.274921417
2149.600098,-0.276399612
2149.699951,-0.279356003
2149.800049,-0.28150177
2149.900146,-0.279797077
2150,-0.279689789
2150.100098,-0.278640747
2150.199951,-0.278926849
2150.300049,-0.277877808
2150.400146,-0.270534515
2150.5,-0.283885956
2150.600098,-0.272155762
2150.699951,-0.276304245
2150.800049,-0.277687073
2150.900146,-0.277067184
2151,-0.276804924
2151.100098,-0.274015427
2151.199951,-0.278450012
2151.300049,-0.268817902
2151.400146,-0.26571846
2151.5,-0.275875092
2151.600098,-0.267959595
2151.699951,-0.277067184
2151.800049,-0.279117584
2151.900146,-0.275588989
2152,-0.278831482
2152.100098,-0.271202087
2152.199951,-0.278211594
2152.300049,-0.284267426
2152.400146,-0.268627167
2152.5,-0.277353287
2152.600098,-0.27444458
2152.699951,-0.273514748
2152.800049,-0.269723892
2152.900146,-0.272537231
2153,-0.276638031
2153.100098,-0.277925491
2153.199951,-0.271869659
2153.300049,-0.282169342
2153.400146,-0.26981926
2153.5,-0.281072617
2153.600098,-0.27778244
2153.699951,-0.280166626
2153.800049,-0.278926849
2153.900146,-0.277687073
2154,-0.273681641
2154.100098,-0.272108078
2154.199951,-0.272406101
2154.300049,-0.26943779
2154.400146,-0.274396896
2154.5,-0.278783798
2154.600098,-0.27983284
2154.699951,-0.279010296
2154.800049,-0.278593063
2154.900146,-0.278831482
2155,-0.277687073
2155.100098,-0.276685715
2155.199951,-0.276638031
2155.300049,-0.28278923
2155.400146,-0.275255203
2155.5,-0.267959595
2155.600098,-0.284315109
2155.699951,-0.277496338
2155.800049,-0.27406311
2155.900146,-0.280357361
2156,-0.277496338
2156.100098,-0.278259277
2156.199951,-0.275803566
2156.300049,-0.274253845
2156.400146,-0.273204803
2156.5,-0.284124374
2156.600098,-0.272346497
2156.699951,-0.279642105
2156.800049,-0.272584915
2156.900146,-0.268198013
2157,-0.263763428
2157.100098,-0.269723892
2157.199951,-0.271535873
2157.300049,-0.26981926
2157.400146,-0.27983284
2157.5,-0.271678925
2157.600098,-0.278783798
2157.699951,-0.272489548
2157.800049,-0.279785156
2157.900146,-0.277067184
2158,-0.279975891
2158.100098,-0.279880524
2158.199951,-0.280023575
2158.300049,-0.268960953
2158.400146,-0.286460876
2158.5,-0.275875092
2158.600098,-0.279880524
2158.699951,-0.281215668
2158.800049,-0.280560017
2158.900146,-0.281167984
2159,-0.279975891
2159.100098,-0.277949333
2159.199951,-0.274158478
2159.300049,-0.27649498
2159.400146,-0.279069901
2159.5,-0.275493622
2159.600098,-0.264144897
2159.699951,-0.277496338
2159.800049,-0.27072525
2159.900146,-0.277067184
2160,-0.28021431
2160.100098,-0.279117584
2160.199951,-0.277162552
2160.300049,-0.272727966
2160.400146,-0.284696579
2160.5,-0.275112152
2160.600098,-0.281597137
2160.699951,-0.282741547
2160.800049,-0.279212952
2160.900146,-0.272251129
2161,-0.278402328
2161.100098,-0.280786514
2161.199951,-0.28355217
2161.300049,-0.279212952
2161.400146,-0.277877808
2161.5,-0.281036854
2161.600098,-0.280452728
2161.699951,-0.286603928
2161.800049,-0.269914627
2161.900146,-0.276351929
2162,-0.283456802
2162.100098,-0.278020859
2162.199951,-0.278879166
2162.300049,-0.281978607
2162.400146,-0.276971817
2162.5,-0.28393364
2162.600098,-0.280548096
2162.699951,-0.281644821
2162.800049,-0.280595779
2162.900146,-0.28150177
2163,-0.275159836
2163.100098,-0.273443222
2163.199951,-0.284029007
2163.300049,-0.278259277
2163.400146,-0.273490906
2163.5,-0.280977249
2163.600098,-0.268484116
2163.699951,-0.286985397
2163.800049,-0.28278923
2163.900146,-0.278736115
2164,-0.28021431
2164.100098,-0.275350571
2164.199951,-0.271917343
2164.300049,-0.268579483
2164.400146,-0.270904064
2164.5,-0.27110672
2164.600098,-0.272012711
2164.699951,-0.277019501
2164.800049,-0.27738905
2164.900146,-0.27983284
2165,-0.280691147
2165.100098,-0.282598495
2165.199951,-0.279546738
2165.300049,-0.28355217
2165.400146,-0.273109436
2165.5,-0.279928207
2165.600098,-0.27778244
2165.699951,-0.281454086
2165.800049,-0.283361435
2165.900146,-0.280118942
2166,-0.278640747
2166.100098,-0.279546738
2166.199951,-0.279499054
2166.300049,-0.279928207
2166.400146,-0.277353287
2166.5,-0.275541306
2166.600098,-0.276733398
2166.699951,-0.276208878
2166.800049,-0.276018143
2166.900146,-0.275159836
2167,-0.274206161
2167.100098,-0.274206161
2167.199951,-0.279260635
2167.300049,-0.28150177
2167.400146,-0.279785156
2167.5,-0.285268784
2167.600098,-0.276924133
2167.699951,-0.280834198
2167.800049,-0.270248413
2167.900146,-0.28855896
2168,-0.272346497
2168.100098,-0.27611351
2168.199951,-0.276161194
2168.300049,-0.280786514
2168.400146,-0.281978607
2168.5,-0.27687645
2168.600098,-0.27482605
2168.699951,-0.272060394
2168.800049,-0.277591705
2168.900146,-0.281406403
2169,-0.276971817
2169.100098,-0.277973175
2169.199951,-0.277162552
2169.300049,-0.273252487
2169.400146,-0.268722534
2169.5,-0.265766144
2169.600098,-0.27687645
2169.699951,-0.279212952
2169.800049,-0.286746979
2169.900146,-0.28355217
2170,-0.27315712
2170.100098,-0.274730682
2170.199951,-0.279499054
2170.300049,-0.280500412
2170.400146,-0.278533459
2170.5,-0.277067184
2170.600098,-0.277067184
2170.699951,-0.274015427
2170.800049,-0.279499054
2170.900146,-0.285268784
2171,-0.281644821
2171.100098,-0.281263351
2171.199951,-0.289417267
2171.300049,-0.286365509
2171.400146,-0.281322956
2171.5,-0.274206161
2171.600098,-0.275302887
2171.699951,-0.274682999
2171.800049,-0.277257919
2171.900146,-0.277591705
2172,-0.274969101
2172.100098,-0.28150177
2172.199951,-0.278497696
2172.300049,-0.2811203
2172.400146,-0.278116226
2172.5,-0.283123016
2172.600098,-0.285125732
2172.699951,-0.28150177
2172.800049,-0.272632599
2172.900146,-0.268531799
2173,-0.275779724
2173.100098,-0.274289608
2173.199951,-0.276351929
2173.300049,-0.27649498
2173.400146,-0.279737473
2173.5,-0.284029007
2173.600098,-0.284315109
2173.699951,-0.278020859
2173.800049,-0.280595779
2173.900146,-0.267816544
2174,-0.278593063
2174.100098,-0.274396896
2174.199951,-0.279785156
2174.300049,-0.270009995
2174.400146,-0.282217026
2174.5,-0.279022217
2174.600098,-0.282360077
2174.699951,-0.280929565
2174.800049,-0.272489548
2174.900146,-0.272537231
2175,-0.276256561
2175.100098,-0.279975891
2175.199951,-0.280023575
2175.300049,-0.278259277
2175.400146,-0.274909496
2175.5,-0.274015427
2175.600098,-0.277588725
2175.699951,-0.279499054
2175.800049,-0.281930923
2175.900146,-0.278700352
2176,-0.277591705
2176.100098,-0.275779724
2176.199951,-0.282836914
2176.300049,-0.275922775
2176.400146,-0.271869659
2176.5,-0.271440506
2176.600098,-0.276638031
2176.699951,-0.279928207
2176.800049,-0.273538589
2176.900146,-0.275064468
2177,-0.273586273
2177.100098,-0.275350571
2177.199951,-0.277591705
2177.300049,-0.280548096
2177.400146,-0.280881882
2177.5,-0.281930923
2177.600098,-0.281549454
2177.699951,-0.282884598
2177.800049,-0.275445938
2177.900146,-0.278926849
2178,-0.275922775
2178.100098,-0.276828766
2178.199951,-0.278831482
2178.300049,-0.279022217
2178.400146,-0.276351929
2178.5,-0.274539948
2178.600098,-0.274337292
2178.699951,-0.272727966
2178.800049,-0.273729324
2178.900146,-0.283885956
2179,-0.273395538
2179.100098,-0.281692505
2179.199951,-0.27110672
2179.300049,-0.276447296
2179.400146,-0.274635315
2179.5,-0.275875092
2179.600098,-0.274992943
2179.699951,-0.274730682
2179.800049,-0.274730682
2179.900146,-0.275231361
2180,-0.275875092
2180.100098,-0.275588989
2180.199951,-0.281597137
2180.300049,-0.286174774
2180.400146,-0.271535873
2180.5,-0.27277565
2180.600098,-0.278974533
2180.699951,-0.278688431
2180.800049,-0.273729324
2180.900146,-0.274253845
2181,-0.279499054
2181.100098,-0.275684357
2181.199951,-0.269771576
2181.300049,-0.275350571
2181.400146,-0.27778244
2181.5,-0.268627167
2181.600098,-0.272727966
2181.699951,-0.268436432
2181.800049,-0.277496338
2181.900146,-0.275779724
2182,-0.27983284
2182.100098,-0.280738831
2182.199951,-0.276447296
2182.300049,-0.275493622
2182.400146,-0.277532101
2182.5,-0.278211594
2182.600098,-0.279975891
2182.699951,-0.283504486
2182.800049,-0.274873734
2182.900146,-0.277114868
2183,-0.276161194
2183.100098,-0.274873734
2183.199951,-0.27778244
2183.300049,-0.278783798
2183.400146,-0.285793304
2183.5,-0.281644821
2183.600098,-0.273872375
2183.699951,-0.27072525
2183.800049,-0.267959595
2183.900146,-0.271857738
2184,-0.272537231
2184.100098,-0.276208878
2184.199951,-0.267625809
2184.300049,-0.276399612
2184.400146,-0.274110794
2184.5,-0.275887012
2184.600098,-0.276304245
2184.699951,-0.276733398
2184.800049,-0.278640747
2184.900146,-0.273824692
2185,-0.277019501
2185.100098,-0.281978607
2185.199951,-0.274921417
2185.300049,-0.278020859
2185.400146,-0.270248413
2185.5,-0.287033081
2185.600098,-0.27315712
2185.699951,-0.2811203
2185.800049,-0.282073975
2185.900146,-0.282741547
2186,-0.285984039
2186.100098,-0.283599854
2186.199951,-0.285030365
2186.300049,-0.280643463
2186.400146,-0.271774292
2186.5,-0.270439148
2186.600098,-0.271965027
2186.699951,-0.277186394
2186.800049,-0.282646179
2186.900146,-0.283695221
2187,-0.281311035
2187.100098,-0.284362793
2187.199951,-0.275398254
2187.300049,-0.2811203
2187.400146,-0.277877808
2187.5,-0.277067184
2187.600098,-0.272346497
2187.699951,-0.272823334
2187.800049,-0.273788929
2187.900146,-0.272108078
2188,-0.277877808
2188.100098,-0.283123016
2188.199951,-0.275636673
2188.300049,-0.282836914
2188.400146,-0.273490906
2188.5,-0.272346497
2188.600098,-0.281311035
2188.699951,-0.284553528
2188.800049,-0.279737473
2188.900146,-0.284315109
2189,-0.277639389
2189.100098,-0.273920059
2189.199951,-0.283313751
2189.300049,-0.272155762
2189.400146,-0.279880524
2189.5,-0.281311035
2189.600098,-0.280691147
2189.699951,-0.277544022
2189.800049,-0.26981926
2189.900146,-0.27110672
2190,-0.270534515
2190.100098,-0.270164967
2190.199951,-0.268388748
2190.300049,-0.270629883
2190.400146,-0.270820618
2190.5,-0.273204803
2190.600098,-0.271059036
2190.699951,-0.273300171
2190.800049,-0.277591705
2190.900146,-0.273109436
2191,-0.276304245
2191.100098,-0.270820618
2191.199951,-0.277019501
2191.300049,-0.285888672
2191.400146,-0.276971817
2191.5,-0.280786514
2191.600098,-0.28021431
2191.699951,-0.274730682
2191.800049,-0.2852211
2191.900146,-0.279546738
2192,-0.280166626
2192.100098,-0.277305603
2192.199951,-0.288511276
2192.300049,-0.284362793
2192.400146,-0.281311035
2192.5,-0.276399612
2192.600098,-0.27611351
2192.699951,-0.278914928
2192.800049,-0.282217026
2192.900146,-0.280929565
2193,-0.279105663
2193.100098,-0.278116226
2193.199951,-0.275159836
2193.300049,-0.275159836
2193.400146,-0.278354645
2193.5,-0.280452728
2193.600098,-0.275970459
2193.699951,-0.277639389
2193.800049,-0.284887314
2193.900146,-0.278497696
2194,-0.283981323
2194.100098,-0.28612709
2194.199951,-0.281358719
2194.300049,-0.279069901
2194.400146,-0.276256561
2194.5,-0.283885956
2194.600098,-0.273109436
2194.699951,-0.276065826
2194.800049,-0.280738831
2194.900146,-0.280881882
2195,-0.281740189
2195.100098,-0.282503128
2195.199951,-0.280261993
2195.300049,-0.274635315
2195.400146,-0.273633957
2195.5,-0.273061752
2195.600098,-0.274587631
2195.699951,-0.274587631
2195.800049,-0.275493622
2195.900146,-0.277770519
2196,-0.278879166
2196.100098,-0.282121658
2196.199951,-0.282455444
2196.300049,-0.286699295
2196.400146,-0.277830124
2196.5,-0.267864227
2196.600098,-0.275350571
2196.699951,-0.285411835
2196.800049,-0.285507202
2196.900146,-0.282932281
2197,-0.28393364
2197.100098,-0.277639389
2197.199951,-0.290847778
2197.300049,-0.27649498
2197.400146,-0.273633957
2197.5,-0.280977249
2197.600098,-0.278640747
2197.699951,-0.274873734
2197.800049,-0.275588989
2197.900146,-0.275398254
2198,-0.273443222
2198.100098,-0.281835556
2198.199951,-0.277162552
2198.300049,-0.28021431
2198.400146,-0.27239418
2198.5,-0.287843704
2198.600098,-0.276638031
2198.699951,-0.272823334
2198.800049,-0.279117584
2198.900146,-0.279594421
2199,-0.281978607
2199.100098,-0.284350872
2199.199951,-0.288463593
2199.300049,-0.287366867
2199.400146,-0.28483963
2199.5,-0.284934998
2199.600098,-0.278593063
2199.699951,-0.27687645
2199.800049,-0.276208878
2199.900146,-0.282693863
2200,-0.27945137
2200.100098,-0.283742905
2200.199951,-0.272155762
2200.300049,-0.276971817
2200.400146,-0.27406311
2200.5,-0.277734756
2200.600098,-0.277448654
2200.699951,-0.281740189
2200.800049,-0.281549454
2200.900146,-0.269390106
2201,-0.287652969
2201.100098,-0.277830124
2201.199951,-0.280166626
2201.300049,-0.285840988
2201.400146,-0.282360077
2201.5,-0.277877808
2201.600098,-0.281549454
2201.699951,-0.283742905
2201.800049,-0.28650856
2201.900146,-0.271535873
2202,-0.278259277
2202.100098,-0.273443222
2202.199951,-0.285984039
2202.300049,-0.277925491
2202.400146,-0.28021431
2202.5,-0.282217026
2202.600098,-0.276399612
2202.699951,-0.283599854
2202.800049,-0.277734756
2202.900146,-0.277973175
2203,-0.282169342
2203.100098,-0.280786514
2203.199951,-0.273061752
2203.300049,-0.281311035
2203.400146,-0.277734756
2203.5,-0.279499054
2203.600098,-0.279344082
2203.699951,-0.280118942
2203.800049,-0.280023575
2203.900146,-0.281549454
2204,-0.281978607
2204.100098,-0.280941486
2204.199951,-0.27945137
2204.300049,-0.280786514
2204.400146,-0.279046059
2204.5,-0.277925491
2204.600098,-0.278020859
2204.699951,-0.27778244
2204.800049,-0.277162552
2204.900146,-0.273920059
2205,-0.28021431
2205.100098,-0.274635315
2205.199951,-0.28150177
2205.300049,-0.270915985
2205.400146,-0.279403687
2205.5,-0.285745621
2205.600098,-0.284029007
2205.699951,-0.282073975
2205.800049,-0.282515049
2205.900146,-0.282741547
2206,-0.281215668
2206.100098,-0.28445816
2206.199951,-0.287128448
2206.300049,-0.286270142
2206.400146,-0.280595779
2206.5,-0.279308319
2206.600098,-0.279069901
2206.699951,-0.278497696
2206.800049,-0.281024933
2206.900146,-0.271059036
2207,-0.281167984
2207.100098,-0.277162552
2207.199951,-0.285125732
2207.300049,-0.282026291
2207.400146,-0.282217026
2207.5,-0.274682999
2207.600098,-0.271869659
2207.699951,-0.272537231
2207.800049,-0.272203445
2207.900146,-0.281454086
2208,-0.275827408
2208.100098,-0.283361435
2208.199951,-0.27649498
2208.300049,-0.27406311
2208.400146,-0.282360077
2208.5,-0.2811203
2208.600098,-0.287128448
2208.699951,-0.285840988
2208.800049,-0.289560318
2208.900146,-0.288034439
2209,-0.278450012
2209.100098,-0.285411835
2209.199951,-0.272871017
2209.300049,-0.283027649
