CA i vs t,
s,ÊA
0,-6.25
0.100000001,-50.15129852
0.200000003,-37.20536041
0.300000012,-33.04257202
0.400000006,-30.72032928
0.5,-29.12769318
0.600000024,-27.94036865
0.699999988,-26.96285248
0.800000012,-26.1713028
0.900000036,-25.48942566
1,-24.89814758
1.100000024,-24.36408997
1.200000048,-23.90155792
1.300000072,-23.45333099
1.399999976,-23.05755615
1.5,-22.68680573
1.600000024,-22.35063553
1.700000048,-22.01589584
1.800000072,-21.71929932
1.899999976,-21.4432106
2,-21.17141342
2.100000143,-20.92298126
2.200000048,-20.67168808
2.299999952,-20.44137001
2.400000095,-20.2244091
2.5,-20.0165081
2.600000143,-19.81003761
2.700000048,-19.61167336
2.799999952,-19.42570686
2.900000095,-19.24736404
3,-19.06855011
3.100000143,-18.90404129
3.200000048,-18.74477768
3.299999952,-18.58122253
3.400000095,-18.42338943
3.5,-18.27366257
3.600000143,-18.13013458
3.700000048,-17.99041748
3.799999952,-17.85261154
3.900000095,-17.71814346
4,-17.59321213
4.099999905,-17.46112823
4.200000286,-17.34573364
4.300000191,-17.22509384
4.400000095,-17.11303711
4.5,-16.98667526
4.599999905,-16.87032318
4.700000286,-16.76208115
4.800000191,-16.6562233
4.900000095,-16.54893494
5,-16.44593811
5.099999905,-16.3534317
5.200000286,-16.24662018
5.300000191,-16.15125275
5.400000095,-16.04682541
5.5,-15.96671581
5.599999905,-15.87277889
5.700000286,-15.77645779
5.800000191,-15.68490505
5.900000095,-15.59716225
6,-15.51323891
6.099999905,-15.43074608
6.200000286,-15.35302162
6.300000191,-15.26528358
6.400000095,-15.18279076
6.5,-15.11317253
6.599999905,-15.02734184
6.700000286,-14.95867729
6.800000191,-14.87332344
6.900000095,-14.79607582
7,-14.73122597
7.099999905,-14.65826988
7.200000286,-14.5776844
7.300000191,-14.50901985
7.400000095,-14.44321632
7.5,-14.36310291
7.599999905,-14.29729939
7.700000286,-14.23531055
7.800000191,-14.1742754
7.900000095,-14.09893513
8,-14.03599262
8.100000381,-13.97829533
8.199999809,-13.9124918
8.300000191,-13.84382725
8.400000572,-13.79137516
8.5,-13.7212801
8.600000381,-13.66549015
8.699999809,-13.60493183
8.800000191,-13.54771137
8.900000572,-13.48667622
9,-13.43565464
9.100000381,-13.37891102
9.199999809,-13.31358433
9.300000191,-13.26399326
9.400000572,-13.20248127
9.5,-13.15527439
9.600000381,-13.09709549
9.699999809,-13.03319931
9.800000191,-12.98837662
9.900000572,-12.93878555
10,-12.87679672
10.10000038,-12.82339096
10.19999981,-12.77284622
10.30000019,-12.71657944
10.40000057,-12.67604828
10.5,-12.62311935
10.60000038,-12.56637573
10.69999981,-12.52346039
10.80000019,-12.46910095
10.90000057,-12.41617203
11,-12.37277985
11.10000038,-12.32175827
11.19999981,-12.28694916
11.30000019,-12.22877502
11.40000057,-12.17489243
11.5,-12.1462822
11.60000038,-12.08953857
11.69999981,-12.05377579
11.80000019,-11.99941635
11.90000057,-11.94887161
12,-11.91072464
12.10000038,-11.87543869
12.19999981,-11.82727337
12.30000019,-11.77482128
12.40000057,-11.72523022
12.5,-11.6942358
12.60000038,-11.64607525
12.69999981,-11.60172939
12.80000019,-11.56215191
12.90000057,-11.51637554
13,-11.48061275
13.10000038,-11.43579006
13.19999981,-11.38381481
13.30000019,-11.35186672
13.40000057,-11.30990505
13.5,-11.27700329
13.60000038,-11.22884274
13.69999981,-11.1873579
13.80000019,-11.14730358
13.90000057,-11.10343456
14,-11.07244015
14.10000038,-11.02237225
14.19999981,-10.98565578
14.30000019,-10.95323086
14.40000057,-10.91985226
14.5,-10.88027477
14.60000038,-10.83783627
14.69999981,-10.79253674
14.80000019,-10.76201916
14.90000057,-10.72244167
15,-10.68381786
15.10000038,-10.6509161
15.19999981,-10.61371803
15.30000019,-10.56651115
15.40000057,-10.53217888
15.5,-10.50452232
15.60000038,-10.46971321
15.69999981,-10.43061256
15.80000019,-10.39580345
15.90000057,-10.36147118
16,-10.32237053
16.10000038,-10.28422356
16.20000076,-10.25370598
16.30000114,-10.21555901
16.39999962,-10.1769352
16.5,-10.14975548
16.60000038,-10.11590004
16.70000076,-10.07966042
16.80000114,-10.04580498
16.89999962,-10.01242638
17,-9.978570938
17.10000038,-9.948530197
17.20000076,-9.921350479
17.30000114,-9.879865646
17.39999962,-9.849824905
17.5,-9.810247421
17.60000038,-9.787359238
17.70000076,-9.743967056
17.80000114,-9.716787338
17.89999962,-9.689130783
18,-9.656229019
18.10000038,-9.617605209
18.20000076,-9.590425491
18.30000114,-9.558477402
18.39999962,-9.523668289
18.5,-9.496965408
18.60000038,-9.462156296
18.70000076,-9.441652298
18.80000114,-9.401597977
18.89999962,-9.369168282
19,-9.334836006
19.10000038,-9.312901497
19.20000076,-9.277615547
19.30000114,-9.248528481
19.39999962,-9.236130714
19.5,-9.183678627
19.60000038,-9.163651466
19.70000076,-9.143147469
19.80000114,-9.105477333
19.89999962,-9.077343941
20,-9.054455757
20.10000038,-9.022507668
20.20000076,-9.003911018
20.30000114,-8.966240883
20.39999962,-8.932862282
20.5,-8.900437355
20.60000038,-8.887562752
20.70000076,-8.857998848
20.80000114,-8.819851875
20.89999962,-8.800778389
21,-8.765015602
21.10000038,-8.735928535
21.20000076,-8.713040352
21.30000114,-8.696827888
21.39999962,-8.668694496
21.5,-8.631978035
21.60000038,-8.600506783
21.70000076,-8.585247993
21.80000114,-8.549485207
21.89999962,-8.535656929
22,-8.497509956
22.10000038,-8.465561867
22.20000076,-8.447918892
22.30000114,-8.430752754
22.39999962,-8.408341408
22.5,-8.365902901
22.60000038,-8.355412483
22.70000076,-8.316788673
22.80000114,-8.303437233
22.89999962,-8.269581795
23,-8.255753517
23.10000038,-8.224759102
23.20000076,-8.205685616
23.30000114,-8.176598549
23.39999962,-8.141312599
23.5,-8.124141693
23.60000038,-8.093624115
23.70000076,-8.085517883
23.80000114,-8.044033051
23.89999962,-8.029251099
24,-8.006839752
24.10000038,-7.982997894
24.20000076,-7.957248688
24.30000114,-7.931976318
24.39999962,-7.907657623
24.5,-7.878093719
24.60000038,-7.864742279
24.70000076,-7.830886841
24.80000114,-7.815628052
24.89999962,-7.79750824
25,-7.76222229
25.10000038,-7.741241455
25.20000076,-7.714061737
25.30000114,-7.699756622
25.39999962,-7.676391602
25.5,-7.651596069
25.60000038,-7.616786957
25.70000076,-7.599143982
25.80000114,-7.583885193
25.89999962,-7.564334869
26,-7.533340454
26.10000038,-7.519989014
26.20000076,-7.495193481
26.30000114,-7.480888367
26.39999962,-7.443695068
26.5,-7.422714233
26.60000038,-7.415561676
26.70000076,-7.387905121
26.80000114,-7.372646332
26.89999962,-7.339267731
27,-7.317810059
27.10000038,-7.296352386
27.20000076,-7.286338806
27.30000114,-7.254390717
27.39999962,-7.234840393
27.5,-7.22196579
27.60000038,-7.198600769
27.70000076,-7.175712585
27.80000114,-7.153778076
27.89999962,-7.130413055
28,-7.116107941
28.10000038,-7.08940506
28.20000076,-7.070808411
28.30000114,-7.042198181
28.39999962,-7.032661438
28.5,-7.011203766
28.60000038,-6.994991302
28.70000076,-6.957798004
28.80000114,-6.955890656
28.89999962,-6.930141449
29,-6.916790009
29.10000038,-6.893424988
29.20000076,-6.872439384
29.30000114,-6.847167015
29.39999962,-6.828093529
29.5,-6.811404228
29.60000038,-6.793761253
29.70000076,-6.771349907
29.80000114,-6.756091118
29.89999962,-6.735110283
30,-6.714606285
30.10000038,-6.690764427
30.20000076,-6.682181358
30.30000114,-6.648802757
30.39999962,-6.637358665
30.5,-6.624484062
30.60000038,-6.611609459
30.70000076,-6.581568718
30.80000114,-6.571555138
30.89999962,-6.553912163
31,-6.533408165
31.10000038,-6.50908947
31.20000076,-6.498122215
31.30000114,-6.48047924
31.39999962,-6.46045208
31.5,-6.442332268
31.60000038,-6.41515255
31.70000076,-6.404662132
31.80000114,-6.387019157
31.89999962,-6.36985302
32,-6.345057487
32.10000229,-6.329798698
32.20000076,-6.307387352
32.29999924,-6.293082237
32.40000153,-6.284499168
32.5,-6.270194054
32.60000229,-6.245398521
32.70000076,-6.228232384
32.79999924,-6.211543083
32.90000153,-6.191515923
33,-6.181979179
33.10000229,-6.165766716
33.20000076,-6.14669323
33.29999924,-6.132388115
33.40000153,-6.108546257
33.5,-6.097579002
33.60000229,-6.078505516
33.70000076,-6.05943203
33.79999924,-6.054663658
33.90000153,-6.040835381
34,-6.012225151
34.10000229,-6.004118919
34.20000076,-5.979323387
34.29999924,-5.968356133
34.40000153,-5.954051018
34.5,-5.934023857
34.60000229,-5.914950371
34.70000076,-5.909705162
34.79999924,-5.886340141
34.90000153,-5.878710747
35,-5.861067772
35.10000229,-5.847239494
35.20000076,-5.83293438
35.29999924,-5.809569359
35.40000153,-5.787158012
35.5,-5.786681175
35.60000229,-5.767607689
35.70000076,-5.752825737
35.79999924,-5.734705925
35.90000153,-5.728983879
36,-5.708956718
36.10000229,-5.690836906
36.20000076,-5.673670769
36.29999924,-5.654597282
36.40000153,-5.649828911
36.5,-5.647921562
36.60000229,-5.617876053
36.70000076,-5.603094101
36.79999924,-5.593080521
36.90000153,-5.572576523
37,-5.5697155
37.10000229,-5.54444313
37.20000076,-5.539197922
37.29999924,-5.522031784
37.40000153,-5.503911972
37.5,-5.497713089
37.60000229,-5.476255417
37.70000076,-5.459566116
37.79999924,-5.45050621
37.90000153,-5.43715477
38,-5.423803329
38.10000229,-5.409021378
38.20000076,-5.392808914
38.29999924,-5.379457474
38.40000153,-5.368490219
38.5,-5.359430313
38.60000229,-5.33654213
38.70000076,-5.323667526
38.79999924,-5.312223434
38.90000153,-5.29791832
39,-5.283136368
39.10000229,-5.276460648
39.20000076,-5.265493393
39.29999924,-5.248804092
39.40000153,-5.228300095
39.5,-5.2206707
39.60000229,-5.202550888
39.70000076,-5.195398331
39.79999924,-5.183477402
39.90000153,-5.165834427
40,-5.15868187
40.10000229,-5.14342308
40.20000076,-5.12673378
40.29999924,-5.115766525
40.40000153,-5.103368759
40.5,-5.082864761
40.60000229,-5.085248947
40.70000076,-5.068559647
40.79999924,-5.047101974
40.90000153,-5.045671463
41,-5.031843185
41.10000229,-5.021352768
41.20000076,-5.006570816
41.29999924,-4.991788864
41.40000153,-4.978437424
41.5,-4.96556282
41.60000229,-4.959363937
41.70000076,-4.942674637
41.79999924,-4.93885994
41.90000153,-4.917402267
42,-4.902143478
42.10000229,-4.89356041
42.20000076,-4.887838364
42.29999924,-4.868764877
42.40000153,-4.86495018
42.5,-4.855890274
42.60000229,-4.840154648
42.70000076,-4.824895859
42.79999924,-4.820604324
42.90000153,-4.798192978
43,-4.788656235
43.10000229,-4.775781631
43.20000076,-4.776258469
43.29999924,-4.755277634
43.40000153,-4.737157822
43.5,-4.727144241
43.60000229,-4.718084335
43.70000076,-4.705209732
43.79999924,-4.707593918
43.90000153,-4.69042778
44,-4.672307968
44.10000229,-4.660863876
44.20000076,-4.656572342
44.29999924,-4.652757645
44.40000153,-4.62843895
44.5,-4.623670578
44.60000229,-4.608411789
44.70000076,-4.605550766
44.79999924,-4.58981514
44.90000153,-4.580278397
45,-4.570741653
45.10000229,-4.556436539
45.20000076,-4.543085098
45.29999924,-4.535932541
45.40000153,-4.521150589
45.5,-4.517335892
45.60000229,-4.500646591
45.70000076,-4.496831894
45.79999924,-4.476804733
45.90000153,-4.468698502
46,-4.468221664
46.10000229,-4.46059227
46.20000076,-4.444379807
46.29999924,-4.437227249
46.40000153,-4.420537949
46.5,-4.426259995
46.60000229,-4.402418137
46.70000076,-4.398126602
46.79999924,-4.374279976
46.90000153,-4.373326302
47,-4.363312721
47.10000229,-4.351868629
47.20000076,-4.345192909
47.29999924,-4.33327198
47.40000153,-4.328026772
47.5,-4.315629005
47.60000229,-4.295125008
47.70000076,-4.299416542
47.79999924,-4.285111427
47.90000153,-4.272713661
48,-4.274144173
48.10000229,-4.257454872
48.20000076,-4.240765572
48.29999924,-4.22932148
48.40000153,-4.234566689
48.5,-4.218354225
48.60000229,-4.206433296
48.70000076,-4.198803902
48.79999924,-4.196896553
48.90000153,-4.174485207
49,-4.181637764
49.10000229,-4.155888557
49.20000076,-4.157319069
49.29999924,-4.142537117
49.40000153,-4.134430885
49.5,-4.1320467
49.60000229,-4.121556282
49.70000076,-4.111065865
49.79999924,-4.100575447
49.90000153,-4.085793495
50,-4.076733589
50.10000229,-4.063858986
50.20000076,-4.064335823
50.29999924,-4.051938057
50.40000153,-4.041924477
50.5,-4.035725594
50.60000229,-4.026665688
50.70000076,-4.016652107
50.79999924,-4.008069038
50.90000153,-4.000916481
51,-3.987565041
51.10000229,-3.98088932
51.20000076,-3.979458809
51.29999924,-3.965630531
51.40000153,-3.952279091
51.5,-3.951802254
51.60000229,-3.93558979
51.70000076,-3.933682442
51.79999924,-3.907456398
51.90000153,-3.906025887
52,-3.898992538
52.10000229,-3.889813423
52.20000076,-3.892674446
52.29999924,-3.878369331
52.40000153,-3.875031471
52.5,-3.863587379
52.60000229,-3.850235939
52.70000076,-3.844513893
52.79999924,-3.831162453
52.90000153,-3.831162453
53,-3.813042641
53.10000229,-3.815426826
53.20000076,-3.803982735
53.29999924,-3.795876503
53.40000153,-3.78967762
53.5,-3.782048225
53.60000229,-3.768219948
53.70000076,-3.76106739
53.79999924,-3.75439167
53.90000153,-3.752007484
54,-3.739132881
54.10000229,-3.736271858
54.20000076,-3.728165627
54.29999924,-3.716721535
54.40000153,-3.711953163
54.5,-3.698124886
54.60000229,-3.691926003
54.70000076,-3.682389259
54.79999924,-3.674283028
54.90000153,-3.663315773
55,-3.661885262
55.10000229,-3.651394844
55.20000076,-3.639473915
55.29999924,-3.642334938
55.40000153,-3.634705544
55.5,-3.62183094
55.60000229,-3.617539406
55.70000076,-3.601326942
55.79999924,-3.608002663
55.90000153,-3.588929176
56,-3.582730293
56.10000229,-3.577008247
56.20000076,-3.562226295
56.29999924,-3.572239876
56.40000153,-3.558411598
56.5,-3.550305367
56.60000229,-3.538861275
56.70000076,-3.536000252
56.79999924,-3.521695137
56.90000153,-3.5212183
57,-3.511681557
57.10000229,-3.504528999
57.20000076,-3.49260807
57.29999924,-3.494992256
57.40000153,-3.476395607
57.5,-3.472104073
57.60000229,-3.47925663
57.70000076,-3.457322121
57.79999924,-3.44730854
57.90000153,-3.443493843
58,-3.440155983
58.10000229,-3.423466682
58.20000076,-3.419651985
58.29999924,-3.412022591
58.40000153,-3.406777382
58.5,-3.407254219
58.60000229,-3.400101662
58.70000076,-3.39533329
58.79999924,-3.380074501
58.90000153,-3.378167152
59,-3.368630409
59.10000229,-3.363862038
59.20000076,-3.352417946
59.29999924,-3.350510597
59.40000153,-3.336205482
59.5,-3.337159157
59.60000229,-3.325715065
59.70000076,-3.324761391
59.79999924,-3.315224648
59.90000153,-3.31474781
60,-3.309502602
60.10000229,-3.297581673
60.20000076,-3.283276558
60.29999924,-3.280415535
60.40000153,-3.279938698
60.5,-3.265633583
60.60000229,-3.267064095
60.70000076,-3.2594347
60.79999924,-3.252282143
60.90000153,-3.242745399
61,-3.241791725
61.10000229,-3.228440285
61.20000076,-3.223195076
61.29999924,-3.216042519
61.40000153,-3.20745945
61.5,-3.209843636
61.60000229,-3.211750984
61.70000076,-3.194584846
61.79999924,-3.183617592
61.90000153,-3.176465034
62,-3.162636757
62.10000229,-3.170266151
62.20000076,-3.161683083
62.29999924,-3.15882206
62.40000153,-3.149285316
62.5,-3.138318062
62.60000229,-3.140702248
62.70000076,-3.131165504
62.79999924,-3.13021183
62.90000153,-3.115901947
63,-3.116378784
63.10000229,-3.111610413
63.20000076,-3.101119995
63.29999924,-3.095397949
63.40000153,-3.101596832
63.5,-3.088722229
63.60000229,-3.072986603
63.70000076,-3.069171906
63.79999924,-3.07012558
63.90000153,-3.057727814
64,-3.058681488
64.09999847,-3.048191071
64.20000458,-3.050098419
64.30000305,-3.034362793
64.40000153,-3.040084839
64.5,-3.02482605
64.59999847,-3.025779724
64.70000458,-3.01815033
64.80000305,-3.011951447
64.90000153,-2.997169495
65,-2.993354797
65.09999847,-2.989063263
65.20000458,-2.987155914
65.30000305,-2.983341217
65.40000153,-2.972373962
65.5,-2.969512939
65.59999847,-2.970466614
65.70000458,-2.960453033
65.80000305,-2.945671082
65.90000153,-2.941856384
66,-2.945671082
66.09999847,-2.936611176
66.20000458,-2.928504944
66.30000305,-2.93422699
66.40000153,-2.917060852
66.5,-2.916107178
66.59999847,-2.904186249
66.70000458,-2.900848389
66.80000305,-2.904186249
66.90000153,-2.891788483
67,-2.878913879
67.09999847,-2.877006531
67.20000458,-2.878913879
67.30000305,-2.871761322
67.40000153,-2.856502533
67.5,-2.862224579
67.59999847,-2.857456207
67.70000458,-2.851734161
67.80000305,-2.851734161
67.90000153,-2.836952209
68,-2.828845978
68.09999847,-2.820739746
68.20000458,-2.823600769
68.30000305,-2.817878723
68.40000153,-2.812633514
68.5,-2.803573608
68.59999847,-2.794513702
68.70000458,-2.798805237
68.80000305,-2.790699005
68.90000153,-2.786884308
69,-2.786407471
69.09999847,-2.781639099
69.20000458,-2.778778076
69.30000305,-2.774486542
69.40000153,-2.764472961
69.5,-2.762565613
69.59999847,-2.752552032
69.70000458,-2.747306824
69.80000305,-2.742061615
69.90000153,-2.733001709
70,-2.740154266
70.09999847,-2.723464966
70.20000458,-2.724895477
70.30000305,-2.7110672
70.40000153,-2.710113525
70.5,-2.707133293
70.59999847,-2.704391479
70.70000458,-2.702960968
70.80000305,-2.701530457
70.90000153,-2.690563202
71,-2.696762085
71.09999847,-2.67911911
71.20000458,-2.677211761
71.30000305,-2.673039436
71.40000153,-2.670536041
71.5,-2.665290833
71.59999847,-2.658138275
71.70000458,-2.662906647
71.80000305,-2.657661438
71.90000153,-2.648601532
72,-2.646217346
72.09999847,-2.641925812
72.20000458,-2.63715744
72.30000305,-2.631912231
72.40000153,-2.619991302
72.5,-2.625236511
72.59999847,-2.618083954
72.70000458,-2.614746094
72.80000305,-2.602348328
72.90000153,-2.605686188
73,-2.596149445
73.09999847,-2.593765259
73.20000458,-2.58184433
73.30000305,-2.568492889
73.40000153,-2.577075958
73.5,-2.565155029
73.59999847,-2.568969727
73.70000458,-2.563724518
73.80000305,-2.550373077
73.90000153,-2.54655838
74,-2.539405823
74.09999847,-2.542266846
74.20000458,-2.535114288
74.30000305,-2.531776428
74.40000153,-2.525100708
74.5,-2.523193359
74.59999847,-2.514133453
74.70000458,-2.516040802
74.80000305,-2.512702942
74.90000153,-2.50793457
75,-2.500782013
75.09999847,-2.502689362
75.20000458,-2.494106293
75.30000305,-2.492675781
75.40000153,-2.48790741
75.5,-2.479324341
75.59999847,-2.477893829
75.70000458,-2.474246025
75.80000305,-2.467570066
75.90000153,-2.455982924
76,-2.454361677
76.09999847,-2.449736357
76.20000458,-2.445683241
76.30000305,-2.441546679
76.40000153,-2.436480284
76.5,-2.434286833
76.59999847,-2.426466703
76.70000458,-2.425179243
76.80000305,-2.424607038
76.90000153,-2.419171095
77,-2.412543058
77.09999847,-2.410206556
77.20000458,-2.408823729
77.30000305,-2.405199528
77.40000153,-2.397713184
77.5,-2.392515659
77.59999847,-2.387604237
77.70000458,-2.388128757
77.80000305,-2.381500721
77.90000153,-2.384790897
78,-2.378735065
78.09999847,-2.366957188
78.20000458,-2.360043049
78.30000305,-2.358469486
78.40000153,-2.352210999
78.5,-2.345785618
78.59999847,-2.344545841
78.70000458,-2.340969324
78.80000305,-2.345976353
78.90000153,-2.331814051
79,-2.335485697
79.09999847,-2.334150553
79.20000458,-2.3255198
79.30000305,-2.319177866
79.40000153,-2.325996637
79.5,-2.314552546
79.59999847,-2.310976267
79.70000458,-2.309211969
79.80000305,-2.303632975
79.90000153,-2.298530817
80,-2.290567636
80.09999847,-2.299007654
80.20000458,-2.288517237
80.30000305,-2.288421869
80.40000153,-2.275022507
80.5,-2.275260925
80.59999847,-2.270909786
80.70000458,-2.268251419
80.80000305,-2.265104294
80.90000153,-2.256473541
81,-2.256759644
81.09999847,-2.253469467
81.20000458,-2.246126175
81.30000305,-2.239545822
81.40000153,-2.242168427
81.5,-2.246221542
81.59999847,-2.23887825
81.70000458,-2.229389191
81.80000305,-2.224143982
81.90000153,-2.2284832
82,-2.230295181
82.09999847,-2.216085434
82.20000458,-2.218421936
82.30000305,-2.20268631
82.40000153,-2.203687668
82.5,-2.199729919
82.59999847,-2.196487427
82.70000458,-2.199777603
82.80000305,-2.195581436
82.90000153,-2.192815781
83,-2.182849407
83.09999847,-2.188381195
83.20000458,-2.174504757
83.30000305,-2.176888943
83.40000153,-2.1673522
83.5,-2.1673522
83.59999847,-2.160104275
83.70000458,-2.167638302
83.80000305,-2.160008907
83.90000153,-2.152665615
84,-2.149280071
84.09999847,-2.150376797
84.20000458,-2.147038937
84.30000305,-2.144464016
84.40000153,-2.147658825
84.5,-2.137788296
84.59999847,-2.131494045
84.70000458,-2.127774715
84.80000305,-2.122815609
84.90000153,-2.119859219
85,-2.114566326
85.09999847,-2.114804745
85.20000458,-2.110155582
85.30000305,-2.106221676
85.40000153,-2.105029583
85.5,-2.104409695
85.59999847,-2.103932858
85.70000458,-2.092011929
85.80000305,-2.089961529
85.90000153,-2.089103222
86,-2.086575985
86.09999847,-2.086671352
86.20000458,-2.076800823
86.30000305,-2.06764555
86.40000153,-2.071126461
86.5,-2.065010786
86.59999847,-2.060492516
86.70000458,-2.060778618
86.80000305,-2.058346748
86.90000153,-2.053053856
87,-2.054150581
87.09999847,-2.053196907
87.20000458,-2.052100182
87.30000305,-2.044852257
87.40000153,-2.044423103
87.5,-2.036316872
87.59999847,-2.027543068
87.70000458,-2.028449059
87.80000305,-2.024682045
87.90000153,-2.028449059
88,-2.035458565
88.09999847,-2.025206566
88.20000458,-2.014906883
88.30000305,-2.014954567
88.40000153,-2.010281563
88.5,-2.002747536
88.59999847,-2.004416466
88.70000458,-1.998789787
88.80000305,-2.008088112
88.90000153,-1.992733955
89,-2.001746178
89.09999847,-1.994402885
89.20000458,-1.986058235
89.30000305,-1.980574608
89.40000153,-1.988442421
89.5,-1.979334831
89.59999847,-1.983435631
89.70000458,-1.973040581
89.80000305,-1.966794014
89.90000153,-1.968367577
90,-1.966650963
90.09999847,-1.963646889
90.20000458,-1.956255913
90.30000305,-1.959164619
90.40000153,-1.955254555
90.5,-1.949818611
90.59999847,-1.950247765
90.70000458,-1.940472603
90.80000305,-1.946814537
90.90000153,-1.932175159
91,-1.938040733
91.09999847,-1.937849998
91.20000458,-1.93012476
91.30000305,-1.932890415
91.40000153,-1.922495365
91.5,-1.925880909
91.59999847,-1.920540333
91.70000458,-1.914007664
91.80000305,-1.916105747
91.90000153,-1.909000874
92,-1.908094883
92.09999847,-1.907236576
92.20000458,-1.901752949
92.30000305,-1.89893961
92.40000153,-1.898415089
92.5,-1.898081303
92.59999847,-1.893503666
92.70000458,-1.887161732
92.80000305,-1.887924671
92.90000153,-1.880772114
93,-1.878340244
93.09999847,-1.879961491
93.20000458,-1.875050068
93.30000305,-1.867611408
93.40000153,-1.867468357
93.5,-1.86198473
93.59999847,-1.857407093
93.70000458,-1.857740879
93.80000305,-1.853449345
93.90000153,-1.856834888
94,-1.849110126
94.09999847,-1.849586964
94.20000458,-1.844341755
94.30000305,-1.849873066
94.40000153,-1.846678257
94.5,-1.837379932
94.59999847,-1.844055653
94.70000458,-1.832993031
94.80000305,-1.841814518
94.90000153,-1.827890873
95,-1.831467152
95.09999847,-1.827652454
95.20000458,-1.825935841
95.30000305,-1.818687916
95.40000153,-1.817162037
95.5,-1.815350056
95.59999847,-1.803333282
95.70000458,-1.816446781
95.80000305,-1.809150696
95.90000153,-1.799518585
96,-1.800806046
96.09999847,-1.799613953
96.20000458,-1.797706604
96.30000305,-1.789934158
96.40000153,-1.793891907
96.5,-1.78931427
96.59999847,-1.785785675
96.70000458,-1.788360596
96.80000305,-1.783878326
96.90000153,-1.779491425
97,-1.779396057
97.09999847,-1.772148132
97.20000458,-1.768714905
97.30000305,-1.767475128
97.40000153,-1.761180878
97.5,-1.765377045
97.59999847,-1.760990143
97.70000458,-1.760608673
97.80000305,-1.756126404
97.90000153,-1.761753082
98,-1.749689102
98.09999847,-1.754314423
98.20000458,-1.752120972
98.30000305,-1.75069046
98.40000153,-1.746637344
98.5,-1.743824005
98.59999847,-1.733047485
98.70000458,-1.735050201
98.80000305,-1.728279114
98.90000153,-1.730424881
99,-1.72618103
99.09999847,-1.722127914
99.20000458,-1.726753235
99.30000305,-1.716835022
99.40000153,-1.720506668
99.5,-1.713354111
99.59999847,-1.709539413
99.70000458,-1.713258743
99.80000305,-1.707107544
99.90000153,-1.703674316
100,-1.704818726
100.0999985,-1.702577591
100.2000046,-1.699013233
100.3000031,-1.695806503
100.4000015,-1.692850113
100.5,-1.689917326
100.5999985,-1.686507702
100.7000046,-1.684504986
100.8000031,-1.684028149
100.9000015,-1.68083334
101,-1.689655304
101.0999985,-1.68340826
101.2000046,-1.679259777
101.3000031,-1.671248913
101.4000015,-1.678067684
101.5,-1.672536373
101.5999985,-1.673060894
101.7000046,-1.66800642
101.8000031,-1.664048672
101.9000015,-1.661378384
102,-1.657325268
102.0999985,-1.652890682
102.2000046,-1.653510571
102.3000031,-1.65298605
102.4000015,-1.651293278
102.5,-1.649886608
102.5999985,-1.648789883
102.7000046,-1.640683651
102.8000031,-1.654178143
102.9000015,-1.643544674
103,-1.639586926
103.0999985,-1.633435726
103.2000046,-1.633626461
103.3000031,-1.630860806
103.4000015,-1.627427578
103.5,-1.625043392
103.5999985,-1.620418072
103.7000046,-1.627284527
103.8000031,-1.617080212
103.9000015,-1.618367672
104,-1.617795467
104.0999985,-1.620847225
104.2000046,-1.61269331
104.3000031,-1.608115673
104.4000015,-1.613694668
104.5,-1.607984543
104.5999985,-1.604444027
104.7000046,-1.605683804
104.8000031,-1.598865032
104.9000015,-1.60153532
105,-1.599818707
105.0999985,-1.593667507
105.2000046,-1.585561275
105.3000031,-1.591044903
105.4000015,-1.576787472
105.5,-1.582128048
105.5999985,-1.587659359
105.7000046,-1.579410076
105.8000031,-1.580316067
105.9000015,-1.574689388
106,-1.580983639
106.0999985,-1.570683956
106.2000046,-1.576406002
106.3000031,-1.565867901
106.4000015,-1.56329298
106.5,-1.562386513
106.5999985,-1.564723492
106.7000046,-1.557665944
106.8000031,-1.55003643
106.9000015,-1.553517342
107,-1.556426048
107.0999985,-1.551609993
107.2000046,-1.554852486
107.3000031,-1.544934273
107.4000015,-1.552897453
107.5,-1.5504179
107.5999985,-1.548319817
107.7000046,-1.543694496
107.8000031,-1.540547371
107.9000015,-1.533967018
108,-1.525956154
108.0999985,-1.525670052
108.2000046,-1.529961586
108.3000031,-1.53425312
108.4000015,-1.523667336
108.5,-1.525336266
108.5999985,-1.52462101
108.7000046,-1.521330833
108.8000031,-1.515799522
108.9000015,-1.519566536
109,-1.515990257
109.0999985,-1.510935783
109.2000046,-1.512843132
109.3000031,-1.508670807
109.4000015,-1.504975319
109.5,-1.505928993
109.5999985,-1.50126791
109.7000046,-1.49934864
109.8000031,-1.494818687
109.9000015,-1.496582985
110,-1.499157906
110.0999985,-1.495438576
110.2000046,-1.498490334
110.3000031,-1.495629311
110.4000015,-1.491957664
110.5,-1.490431786
110.5999985,-1.488739014
110.7000046,-1.486092567
110.8000031,-1.486474037
110.9000015,-1.483207703
111,-1.480275154
111.0999985,-1.479989052
111.2000046,-1.47688961
111.3000031,-1.477747917
111.4000015,-1.475459099
111.5,-1.472455025
111.5999985,-1.474743843
111.7000046,-1.474219322
111.8000031,-1.468878746
111.9000015,-1.466065407
112,-1.468258858
112.0999985,-1.465874672
112.2000046,-1.455908775
112.3000031,-1.453095436
112.4000015,-1.452952385
112.5,-1.45609951
112.5999985,-1.452952385
112.7000046,-1.445990562
112.8000031,-1.451521873
112.9000015,-1.445466042
113,-1.448040962
113.0999985,-1.441412687
113.2000046,-1.43654871
113.3000031,-1.435595036
113.4000015,-1.441365242
113.5,-1.437407017
113.5999985,-1.431017399
113.7000046,-1.424198627
113.8000031,-1.43244791
113.9000015,-1.438504219
114,-1.418524265
114.0999985,-1.423626423
114.2000046,-1.419287205
114.3000031,-1.418488503
114.4000015,-1.415424824
114.5,-1.415615559
114.5999985,-1.420622349
114.7000046,-1.415091038
114.8000031,-1.418619633
114.9000015,-1.407557011
115,-1.411800861
115.0999985,-1.410513401
115.2000046,-1.410322666
115.3000031,-1.410561085
115.4000015,-1.404886723
115.5,-1.408224583
115.5999985,-1.393251896
115.7000046,-1.395540714
115.8000031,-1.400928974
115.9000015,-1.389770985
116,-1.393108845
116.0999985,-1.386766911
116.2000046,-1.384096622
116.3000031,-1.385014534
116.4000015,-1.385002613
116.5,-1.38419199
116.5999985,-1.377230167
116.7000046,-1.383238316
116.8000031,-1.370840549
116.9000015,-1.385431767
117,-1.371078968
117.0999985,-1.373510838
117.2000046,-1.373749256
117.3000031,-1.367550373
117.4000015,-1.375608921
117.5,-1.363592625
117.5999985,-1.369266987
117.7000046,-1.36597681
117.8000031,-1.357489109
117.9000015,-1.358871937
118,-1.360302448
118.0999985,-1.354628086
118.2000046,-1.352720737
118.3000031,-1.353483677
118.4000015,-1.352267742
118.5,-1.351719379
118.5999985,-1.351147175
118.7000046,-1.351624012
118.8000031,-1.346474171
118.9000015,-1.341038227
119,-1.350050449
119.0999985,-1.34428072
119.2000046,-1.346045017
119.3000031,-1.338415623
119.4000015,-1.341085911
119.5,-1.341300488
119.5999985,-1.342325687
119.7000046,-1.335834742
119.8000031,-1.32978487
119.9000015,-1.329927921
120,-1.332169056
120.0999985,-1.330881596
120.2000046,-1.328664303
120.3000031,-1.324635029
120.4000015,-1.326971531
120.5,-1.319437504
120.5999985,-1.312952518
120.7000046,-1.314859867
120.8000031,-1.31938982
120.9000015,-1.324444294
121,-1.313143253
121.0999985,-1.317482471
121.2000046,-1.302461624
121.3000031,-1.311092377
121.4000015,-1.305847168
121.5,-1.297502518
121.5999985,-1.306562424
121.7000046,-1.303272247
121.8000031,-1.29817009
121.9000015,-1.302366257
122,-1.302938461
122.0999985,-1.300840378
122.2000046,-1.299564838
122.3000031,-1.296977997
122.4000015,-1.297502518
122.5,-1.291637421
122.5999985,-1.293258667
122.7000046,-1.28238678
122.8000031,-1.287679672
122.9000015,-1.280860901
123,-1.290302277
123.0999985,-1.278762817
123.2000046,-1.279621124
123.3000031,-1.27866745
123.4000015,-1.286964417
123.5,-1.278905869
123.5999985,-1.270370483
123.7000046,-1.280431747
123.8000031,-1.266031265
123.9000015,-1.270751953
124,-1.268367767
124.0999985,-1.276950836
124.2000046,-1.272706985
124.3000031,-1.263360977
124.4000015,-1.267080307
124.5,-1.258068085
124.5999985,-1.261787415
124.7000046,-1.251773834
124.8000031,-1.254062653
124.9000015,-1.252298355
125,-1.255636215
125.0999985,-1.250677109
125.2000046,-1.247911453
125.3000031,-1.252250671
125.4000015,-1.253156662
125.5,-1.24838829
125.5999985,-1.245098114
125.7000046,-1.244668961
125.8000031,-1.248817444
125.9000015,-1.245718002
126,-1.242690086
126.0999985,-1.238136292
126.2000046,-1.238088608
126.3000031,-1.234226227
126.4000015,-1.235024929
126.5,-1.233844757
126.5999985,-1.233940125
126.7000046,-1.226453781
126.8000031,-1.228647232
126.9000015,-1.235275269
127,-1.231555939
127.0999985,-1.227502823
127.2000046,-1.224212646
127.3000031,-1.225833893
127.4000015,-1.224546432
127.5,-1.218776703
127.5999985,-1.220350266
127.7000046,-1.213054657
127.8000031,-1.215438843
127.9000015,-1.211099625
128,-1.209192276
128.1000061,-1.209192276
128.1999969,-1.210634708
128.3000031,-1.212005615
128.4000092,-1.206668019
128.5,-1.202087402
128.6000061,-1.201944351
128.6999969,-1.2018013
128.8000031,-1.195650101
128.9000092,-1.206998825
129,-1.200990677
129.1000061,-1.199226379
129.1999969,-1.196699142
129.3000031,-1.195936203
129.4000092,-1.195363998
129.5,-1.190309525
129.6000061,-1.190547943
129.6999969,-1.187352657
129.8000031,-1.18391943
129.9000092,-1.18636322
130,-1.187209606
130.1000061,-1.186971188
130.1999969,-1.186124802
130.3000031,-1.184253216
130.4000092,-1.186065197
130.5,-1.182059765
130.6000061,-1.181821346
130.6999969,-1.179413319
130.8000031,-1.176528454
130.9000092,-1.17724371
131,-1.176576138
131.1000061,-1.170281887
131.1999969,-1.175813198
131.3000031,-1.165894985
131.4000092,-1.177863598
131.5,-1.161365032
131.6000061,-1.162175655
131.6999969,-1.162509441
131.8000031,-1.160172939
131.9000092,-1.163939953
132,-1.162271023
132.1000061,-1.16403532
132.1999969,-1.160745144
132.3000031,-1.155213833
132.4000092,-1.152877331
132.5,-1.15595293
132.6000061,-1.158265591
132.6999969,-1.157454967
132.8000031,-1.146106243
132.9000092,-1.151208401
133,-1.146010876
133.1000061,-1.143435955
133.1999969,-1.148204327
133.3000031,-1.148776531
133.4000092,-1.151208401
133.5,-1.138667583
133.6000061,-1.151828289
133.6999969,-1.145152569
133.8000031,-1.139621258
133.9000092,-1.13528204
134,-1.142720699
134.1000061,-1.142053127
134.1999969,-1.137761593
134.3000031,-1.135663509
134.4000092,-1.130179882
134.5,-1.136474133
134.6000061,-1.133374691
134.6999969,-1.128093719
134.8000031,-1.122121334
134.9000092,-1.12040472
135,-1.129559994
135.1000061,-1.129607677
135.1999969,-1.120738506
135.3000031,-1.115207195
135.4000092,-1.121072292
135.5,-1.123122692
135.6000061,-1.119164944
135.6999969,-1.111964703
135.8000031,-1.119069576
135.9000092,-1.110820293
136,-1.116208553
136.1000061,-1.116756916
136.1999969,-1.119307995
136.3000031,-1.120690823
136.4000092,-1.114158154
136.5,-1.112489223
136.6000061,-1.105479717
136.6999969,-1.107768536
136.8000031,-1.102857113
136.9000092,-1.100854397
137,-1.095227718
137.1000061,-1.099543095
137.1999969,-1.100568295
137.3000031,-1.101521969
137.4000092,-1.09832716
137.5,-1.096097946
137.6000061,-1.093415737
137.6999969,-1.091126919
137.8000031,-1.095561504
137.9000092,-1.096610546
138,-1.098136425
138.1000061,-1.09923315
138.1999969,-1.097993374
138.3000031,-1.095847607
138.4000092,-1.095513821
138.5,-1.09165144
138.6000061,-1.084451199
138.6999969,-1.085547924
138.8000031,-1.087741375
138.9000092,-1.08421278
139,-1.08178091
139.1000061,-1.082353115
139.1999969,-1.083712101
139.3000031,-1.085118771
139.4000092,-1.085595608
139.5,-1.085404873
139.6000061,-1.078538418
139.6999969,-1.071433544
139.8000031,-1.07715559
139.9000092,-1.073722363
140,-1.074771404
140.1000061,-1.072351456
140.1999969,-1.070384502
140.3000031,-1.070527554
140.4000092,-1.07176733
140.5,-1.063756466
140.6000061,-1.075629711
140.6999969,-1.059798241
140.8000031,-1.064185619
140.9000092,-1.064757824
141,-1.053837776
141.1000061,-1.056078911
141.1999969,-1.05657959
141.3000031,-1.056365013
141.4000092,-1.060036659
141.5,-1.059941292
141.6000061,-1.06132412
141.6999969,-1.059082985
141.8000031,-1.055268288
141.9000092,-1.050642967
142,-1.053456306
142.1000061,-1.04887867
142.1999969,-1.05221653
142.3000031,-1.040915489
142.4000092,-1.048974037
142.5,-1.044157982
142.6000061,-1.044587135
142.6999969,-1.045063972
142.8000031,-1.045350075
142.9000092,-1.046160698
143,-1.044062614
143.1000061,-1.042500973
143.1999969,-1.038531303
143.3000031,-1.041249275
143.4000092,-1.030949593
143.5,-1.036337852
143.6000061,-1.03104496
143.6999969,-1.031378746
143.8000031,-1.031974792
143.9000092,-1.03514576
144,-1.030329704
144.1000061,-1.03233242
144.1999969,-1.025322914
144.3000031,-1.03271389
144.4000092,-1.028183937
144.5,-1.025942802
144.6000061,-1.031140327
144.6999969,-1.018837929
144.8000031,-1.031474113
144.9000092,-1.023034096
145,-1.020745277
145.1000061,-1.028374672
145.1999969,-1.02475071
145.3000031,-1.017836571
145.4000092,-1.00987339
145.5,-1.016644478
145.6000061,-1.019267082
145.6999969,-1.015929222
145.8000031,-1.016358376
145.9000092,-1.014307976
146,-1.012352943
146.1000061,-1.012591362
146.1999969,-1.012996674
146.3000031,-1.012209892
146.4000092,-1.014832497
146.5,-1.00524807
146.6000061,-1.00987339
146.6999969,-1.00319767
146.8000031,-1.008490562
146.9000092,-1.007966042
147,-1.004723549
147.1000061,-1.005724907
147.1999969,-0.996760368
147.3000031,-0.996760368
147.4000092,-1.001671791
147.5,-1.005057335
147.6000061,-0.996331215
147.6999969,-1.003245354
147.8000031,-0.99742794
147.9000092,-0.994996071
148,-0.996331215
148.1000061,-0.990227699
148.1999969,-0.991324425
148.3000031,-0.985554695
148.4000092,-0.98536396
148.5,-0.985054016
148.6000061,-0.98240757
148.6999969,-0.986889839
148.8000031,-0.982741356
148.9000092,-0.987605095
149,-0.989989281
149.1000061,-0.983170509
149.1999969,-0.987080574
149.3000031,-0.982192993
149.4000092,-0.980404854
149.5,-0.982640028
149.6000061,-0.983790398
149.6999969,-0.984171867
149.8000031,-0.980011463
149.9000092,-0.975302696
150,-0.976780891
150.1000061,-0.971726418
150.1999969,-0.976685524
150.3000031,-0.9799757
150.4000092,-0.979880333
150.5,-0.972584724
150.6000061,-0.965765953
150.6999969,-0.966338158
150.8000031,-0.967196465
150.9000092,-0.97906971
151,-0.958994865
151.1000061,-0.968102455
151.1999969,-0.969294548
151.3000031,-0.970534325
151.4000092,-0.964097023
151.5,-0.970391273
151.6000061,-0.966481209
151.6999969,-0.967816353
151.8000031,-0.965098381
151.9000092,-0.965193748
152,-0.963524818
152.1000061,-0.96586132
152.1999969,-0.959614754
152.3000031,-0.959984303
152.4000092,-0.956038475
152.5,-0.958422661
152.6000061,-0.942591667
152.6999969,-0.957755089
152.8000031,-0.947407722
152.9000092,-0.947312355
153,-0.944487095
153.1000061,-0.941542625
153.1999969,-0.941685677
153.3000031,-0.942520142
153.4000092,-0.942877769
153.5,-0.943974495
153.6000061,-0.946406364
153.6999969,-0.945023537
153.8000031,-0.942305565
153.9000092,-0.938443184
154,-0.939396858
154.1000061,-0.938061714
154.1999969,-0.947789192
154.3000031,-0.939206123
154.4000092,-0.947693825
154.5,-0.934008121
154.6000061,-0.940779686
154.6999969,-0.941590309
154.8000031,-0.934866428
154.9000092,-0.933769703
155,-0.931099415
155.1000061,-0.928762913
155.1999969,-0.926998615
155.3000031,-0.92256403
155.4000092,-0.927618504
155.5,-0.937727928
155.6000061,-0.927284718
155.6999969,-0.931099415
155.8000031,-0.927117825
155.9000092,-0.925282001
156,-0.924805164
156.1000061,-0.927046299
156.1999969,-0.922635555
156.3000031,-0.918797016
156.4000092,-0.919893742
156.5,-0.914648533
156.6000061,-0.927809238
156.6999969,-0.915649891
156.8000031,-0.923899174
156.9000092,-0.91975069
157,-0.921467304
157.1000061,-0.917604923
157.1999969,-0.920561314
157.3000031,-0.916126728
157.4000092,-0.913551807
157.5,-0.917366505
157.6000061,-0.921467304
157.6999969,-0.913218021
157.8000031,-0.911310673
157.9000092,-0.914886951
158,-0.907257557
158.1000061,-0.914171696
158.1999969,-0.908688068
158.3000031,-0.905779362
158.4000092,-0.905636311
158.5,-0.908306599
158.6000061,-0.913933277
158.6999969,-0.909641743
158.8000031,-0.904491901
158.9000092,-0.899532795
159,-0.903156757
159.1000061,-0.901201725
159.1999969,-0.902727604
159.3000031,-0.903824329
159.4000092,-0.899532795
159.5,-0.898674488
159.6000061,-0.898996353
159.6999969,-0.900295734
159.8000031,-0.897482395
159.9000092,-0.890568256
160,-0.899818897
160.1000061,-0.895002842
160.1999969,-0.885799885
160.3000031,-0.904825687
160.4000092,-0.889709949
160.5,-0.893286228
160.6000061,-0.887945652
160.6999969,-0.891235828
160.8000031,-0.88765955
160.9000092,-0.889662266
161,-0.887564182
161.1000061,-0.886085987
161.1999969,-0.886848927
161.3000031,-0.886419773
161.4000092,-0.888136387
161.5,-0.887468815
161.6000061,-0.884655476
161.6999969,-0.886515141
161.8000031,-0.878218174
161.9000092,-0.887850285
162,-0.871256351
162.1000061,-0.884083271
162.1999969,-0.886085987
162.3000031,-0.882748127
162.4000092,-0.886515141
162.5,-0.876453876
162.6000061,-0.869015217
162.6999969,-0.87483263
162.8000031,-0.879648685
162.9000092,-0.878313541
163,-0.86572504
163.1000061,-0.878313541
163.1999969,-0.871971607
163.3000031,-0.875690937
163.4000092,-0.873688221
163.5,-0.870445728
163.6000061,-0.872233868
163.6999969,-0.873354435
163.8000031,-0.871447086
163.9000092,-0.871447086
164,-0.87020731
164.1000061,-0.86944437
164.1999969,-0.869229794
164.3000031,-0.868776798
164.4000092,-0.868490696
164.5,-0.862339497
164.6000061,-0.855806828
164.6999969,-0.859383106
164.8000031,-0.868204594
164.9000092,-0.860336781
165,-0.864342213
165.1000061,-0.859097004
165.1999969,-0.857428074
165.3000031,-0.853851795
165.4000092,-0.854328632
165.5,-0.85430479
165.6000061,-0.852963686
165.6999969,-0.852278233
165.8000031,-0.850943089
165.9000092,-0.850466251
166,-0.849441051
166.1000061,-0.849750996
166.1999969,-0.84660387
166.3000031,-0.854757786
166.4000092,-0.848368168
166.5,-0.849750996
166.6000061,-0.843552113
166.6999969,-0.847176075
166.8000031,-0.849226475
166.9000092,-0.852278233
167,-0.84326601
167.1000061,-0.847080708
167.1999969,-0.842550755
167.3000031,-0.841263294
167.4000092,-0.84326601
167.5,-0.842407703
167.6000061,-0.84531641
167.6999969,-0.841167927
167.8000031,-0.839212894
167.9000092,-0.84493494
168,-0.843599796
168.1000061,-0.843885899
168.1999969,-0.835827351
168.3000031,-0.833824635
168.4000092,-0.83082056
168.5,-0.840595722
168.6000061,-0.832298756
168.6999969,-0.842884541
168.8000031,-0.835779667
168.9000092,-0.835064411
169,-0.841406345
169.1000061,-0.838306904
169.1999969,-0.832441807
169.3000031,-0.836733341
169.4000092,-0.825289249
169.5,-0.831058979
169.6000061,-0.832060337
169.6999969,-0.823477268
169.8000031,-0.826910496
169.9000092,-0.830725193
170,-0.82581377
170.1000061,-0.826815128
170.1999969,-0.829044342
170.3000031,-0.831917286
170.4000092,-0.831631184
170.5,-0.828150272
170.6000061,-0.825623035
170.6999969,-0.827673435
170.8000031,-0.822285175
170.9000092,-0.81785059
171,-0.814703465
171.1000061,-0.823286533
171.1999969,-0.815752506
171.3000031,-0.819281101
171.4000092,-0.821331501
171.5,-0.82080698
171.6000061,-0.816515446
171.6999969,-0.824383259
171.8000031,-0.818613529
171.9000092,-0.810459137
172,-0.816706181
172.1000061,-0.815084934
172.1999969,-0.814560413
172.3000031,-0.81336832
172.4000092,-0.813082218
172.5,-0.81154418
172.6000061,-0.808933258
172.6999969,-0.810792923
172.8000031,-0.813654423
172.9000092,-0.814369678
173,-0.811663389
173.1000061,-0.810697556
173.1999969,-0.8079319
173.3000031,-0.808647156
173.4000092,-0.807312012
173.5,-0.803211212
173.6000061,-0.805929184
173.6999969,-0.800779343
173.8000031,-0.795248032
173.9000092,-0.802019119
174,-0.798204422
174.1000061,-0.80049324
174.1999969,-0.799634933
174.3000031,-0.797632217
174.4000092,-0.802686691
174.5,-0.797679901
174.6000061,-0.800540924
174.6999969,-0.801589966
174.8000031,-0.79715538
174.9000092,-0.792005539
175,-0.791004181
175.1000061,-0.79958725
175.1999969,-0.798109055
175.3000031,-0.796058655
175.4000092,-0.795772552
175.5,-0.790765762
175.6000061,-0.790527344
175.6999969,-0.789049149
175.8000031,-0.791004181
175.9000092,-0.786092758
176,-0.791814804
176.1000061,-0.790384293
176.1999969,-0.790718079
176.3000031,-0.792243958
176.4000092,-0.785377502
176.5,-0.781848907
176.6000061,-0.784137726
176.6999969,-0.787427902
176.8000031,-0.785758972
176.9000092,-0.785043716
177,-0.783541679
177.1000061,-0.783184052
177.1999969,-0.780179977
177.3000031,-0.785997391
177.4000092,-0.783184052
177.5,-0.781133652
177.6000061,-0.790145874
177.6999969,-0.776985168
177.8000031,-0.784519196
177.9000092,-0.778081894
178,-0.776651382
178.1000061,-0.779178619
178.1999969,-0.776174545
178.3000031,-0.777414322
178.4000092,-0.781276703
178.5,-0.767877579
178.6000061,-0.777175903
178.6999969,-0.769212723
178.8000031,-0.774076462
178.9000092,-0.769832611
179,-0.770810127
179.1000061,-0.769641876
179.1999969,-0.76968956
179.3000031,-0.769379616
179.4000092,-0.76763916
179.5,-0.770547867
179.6000061,-0.776126862
179.6999969,-0.766256332
179.8000031,-0.761917114
179.9000092,-0.763800621
180,-0.763442993
180.1000061,-0.763586044
180.1999969,-0.765386105
180.3000031,-0.766113281
180.4000092,-0.7684021
180.5,-0.76853323
180.6000061,-0.7684021
180.6999969,-0.771215439
180.8000031,-0.761249542
180.9000092,-0.766256332
181,-0.762584686
181.1000061,-0.770547867
181.1999969,-0.75762558
181.3000031,-0.761440277
181.4000092,-0.762548923
181.5,-0.765493393
181.6000061,-0.765636444
181.6999969,-0.761464119
181.8000031,-0.75800705
181.9000092,-0.756719589
182,-0.75390625
182.1000061,-0.753334045
182.1999969,-0.751665115
182.3000031,-0.751045227
182.4000092,-0.754013538
182.5,-0.758102417
182.6000061,-0.755241394
182.6999969,-0.757911682
182.8000031,-0.755384445
182.9000092,-0.760152817
183,-0.750425339
183.1000061,-0.754716873
183.1999969,-0.751045227
183.3000031,-0.748088837
183.4000092,-0.749745846
183.5,-0.750711441
183.6000061,-0.749137878
183.6999969,-0.751188278
183.8000031,-0.748804092
183.9000092,-0.745037079
184,-0.745370865
184.1000061,-0.740983963
184.1999969,-0.742033005
184.3000031,-0.740125656
184.4000092,-0.739315033
184.5,-0.738170624
184.6000061,-0.744989395
184.6999969,-0.748804092
184.8000031,-0.740840912
184.9000092,-0.742843628
185,-0.738540173
185.1000061,-0.737360001
185.1999969,-0.73311615
185.3000031,-0.738981247
185.4000092,-0.7435112
185.5,-0.739934921
185.6000061,-0.738790512
185.6999969,-0.736406326
185.8000031,-0.737073898
185.9000092,-0.73888588
186,-0.728061676
186.1000061,-0.742700577
186.1999969,-0.722482681
186.3000031,-0.737979889
186.4000092,-0.731781006
186.5,-0.731685638
186.6000061,-0.726106644
186.6999969,-0.726106644
186.8000031,-0.72400856
186.9000092,-0.735834122
187,-0.726964951
187.1000061,-0.736930847
187.1999969,-0.727584839
187.3000031,-0.729349136
187.4000092,-0.734069824
187.5,-0.729206085
187.6000061,-0.721147537
187.6999969,-0.725105286
187.8000031,-0.726678848
187.9000092,-0.727155685
188,-0.725963593
188.1000061,-0.729969025
188.1999969,-0.729039192
188.3000031,-0.728842497
188.4000092,-0.728347778
188.5,-0.728013992
188.6000061,-0.72400856
188.6999969,-0.71604538
188.8000031,-0.719287872
188.9000092,-0.711801529
189,-0.722005844
189.1000061,-0.71566391
189.1999969,-0.722578049
189.3000031,-0.713899612
189.4000092,-0.719764709
189.5,-0.712898254
189.6000061,-0.712278366
189.6999969,-0.719669342
189.8000031,-0.710800171
189.9000092,-0.716808319
190,-0.713077068
190.1000061,-0.711372375
190.1999969,-0.713327408
190.3000031,-0.711086273
190.4000092,-0.70321846
190.5,-0.702693939
190.6000061,-0.70399332
190.6999969,-0.705984116
190.8000031,-0.704076767
190.9000092,-0.712945938
191,-0.71490097
191.1000061,-0.702646255
191.1999969,-0.711896896
191.3000031,-0.705745697
191.4000092,-0.707033157
191.5,-0.709035873
191.6000061,-0.705698013
191.6999969,-0.695636749
191.8000031,-0.701072693
191.9000092,-0.707939148
192,-0.696876526
192.1000061,-0.692489624
192.1999969,-0.696304321
192.3000031,-0.699213028
192.4000092,-0.705030441
192.5,-0.697925568
192.6000061,-0.709751129
192.6999969,-0.703838348
192.8000031,-0.706794739
192.9000092,-0.695493698
193,-0.700357437
193.1000061,-0.695541382
193.1999969,-0.701120377
193.3000031,-0.691392899
193.4000092,-0.696638107
193.5,-0.698736191
193.6000061,-0.695970535
193.6999969,-0.692632675
193.8000031,-0.690391541
193.9000092,-0.69744873
194,-0.693586349
194.1000061,-0.690153122
194.1999969,-0.692775726
194.3000031,-0.693777084
194.4000092,-0.691392899
194.5,-0.696399689
194.6000061,-0.691059113
194.6999969,-0.695159912
194.8000031,-0.687578201
194.9000092,-0.681903362
195,-0.68624258
195.1000061,-0.686385632
195.1999969,-0.687148809
195.3000031,-0.68819809
195.4000092,-0.687768936
195.5,-0.686814785
195.6000061,-0.686648011
195.6999969,-0.686433315
195.8000031,-0.685575008
195.9000092,-0.688293457
196,-0.686337948
196.1000061,-0.68495512
196.1999969,-0.684335232
196.3000031,-0.683381557
196.4000092,-0.682809353
196.5,-0.679805279
196.6000061,-0.682237148
196.6999969,-0.68533659
196.8000031,-0.682618618
196.9000092,-0.675990582
197,-0.683858395
197.1000061,-0.674273968
197.1999969,-0.676658154
197.3000031,-0.682189465
197.4000092,-0.678040981
197.5,-0.674655437
197.6000061,-0.680520535
197.6999969,-0.677945614
197.8000031,-0.674512386
197.9000092,-0.668551922
198,-0.671031475
198.1000061,-0.677564144
198.1999969,-0.669457912
198.3000031,-0.6803298
198.4000092,-0.675036907
198.5,-0.674083233
198.6000061,-0.673844814
198.6999969,-0.668981075
198.8000031,-0.670888424
198.9000092,-0.680949688
199,-0.675179958
199.1000061,-0.667169094
199.1999969,-0.677134991
199.3000031,-0.667073727
199.4000092,-0.672652721
199.5,-0.668313503
199.6000061,-0.666167736
199.6999969,-0.669648647
199.8000031,-0.657966137
199.9000092,-0.663926601
200,-0.668504238
200.1000061,-0.671079159
200.1999969,-0.665261745
200.3000031,-0.661494732
200.4000092,-0.672652721
200.5,-0.66454649
200.6000061,-0.668027401
200.6999969,-0.664069653
200.8000031,-0.666978359
200.9000092,-0.667264462
201,-0.668456554
201.1000061,-0.660684109
201.1999969,-0.666072369
201.3000031,-0.655152798
201.4000092,-0.660302639
201.5,-0.658192635
201.6000061,-0.658586025
201.6999969,-0.658729076
201.8000031,-0.661554337
201.9000092,-0.666358471
202,-0.662543774
202.1000061,-0.659825802
202.1999969,-0.664832592
202.3000031,-0.656440258
202.4000092,-0.665166378
202.5,-0.664260387
202.6000061,-0.659205914
202.6999969,-0.658299923
202.8000031,-0.657918453
202.9000092,-0.659682751
203,-0.658526421
203.1000061,-0.656821728
203.1999969,-0.659682751
203.3000031,-0.655534267
203.4000092,-0.65877676
203.5,-0.654056072
203.6000061,-0.656821728
203.6999969,-0.657775402
203.8000031,-0.654771328
203.9000092,-0.656821728
204,-0.65043211
204.1000061,-0.654437542
204.1999969,-0.651528835
204.3000031,-0.652434826
204.4000092,-0.65107584
204.5,-0.65005064
204.6000061,-0.650289059
204.6999969,-0.64633131
204.8000031,-0.644900799
204.9000092,-0.640084743
205,-0.652339458
205.1000061,-0.640323162
205.1999969,-0.650193691
205.3000031,-0.64838171
205.4000092,-0.64914465
205.5,-0.654819012
205.6000061,-0.648477077
205.6999969,-0.652434826
205.8000031,-0.635983944
205.9000092,-0.642802715
206,-0.642206669
206.1000061,-0.64428091
206.1999969,-0.645759106
206.3000031,-0.645282269
206.4000092,-0.650670528
206.5,-0.64800024
206.6000061,-0.65171957
206.6999969,-0.64094305
206.8000031,-0.650241375
206.9000092,-0.639226437
207,-0.64428091
207.1000061,-0.642707348
207.1999969,-0.648953915
207.3000031,-0.642230511
207.4000092,-0.633838177
207.5,-0.640275478
207.6000061,-0.641944408
207.6999969,-0.638940334
207.8000031,-0.640907288
207.9000092,-0.641229153
208,-0.641515255
208.1000061,-0.65081358
208.1999969,-0.639035702
208.3000031,-0.645949841
208.4000092,-0.635745525
208.5,-0.641372204
208.6000061,-0.643708706
208.6999969,-0.640501976
208.8000031,-0.639512539
208.9000092,-0.637414455
209,-0.634601116
209.1000061,-0.637843609
209.1999969,-0.636365414
209.3000031,-0.639464855
209.4000092,-0.638272762
209.5,-0.641467571
209.6000061,-0.639798641
209.6999969,-0.631072521
209.8000031,-0.629546642
209.9000092,-0.62977314
210,-0.629498959
210.1000061,-0.631594062
210.1999969,-0.633790493
210.3000031,-0.633313656
210.4000092,-0.636842251
210.5,-0.630643368
210.6000061,-0.637414455
210.6999969,-0.629785061
210.8000031,-0.630738735
210.9000092,-0.628676414
211,-0.629403591
211.1000061,-0.624778271
211.1999969,-0.637891293
211.3000031,-0.63297987
211.4000092,-0.628306866
211.5,-0.630643368
211.6000061,-0.627162457
211.6999969,-0.630071163
211.8000031,-0.625779629
211.9000092,-0.635840893
212,-0.632026196
212.1000061,-0.625445843
212.1999969,-0.624969006
212.3000031,-0.627937317
212.4000092,-0.631835461
212.5,-0.629498959
212.6000061,-0.628449917
212.6999969,-0.620248318
212.8000031,-0.623633862
212.9000092,-0.629117489
213,-0.617959499
213.1000061,-0.625588894
213.1999969,-0.628640652
213.3000031,-0.625636578
213.4000092,-0.613954067
213.5,-0.62296629
213.6000061,-0.6138587
213.6999969,-0.619485378
213.8000031,-0.621249676
213.9000092,-0.621297359
214,-0.617530346
214.1000061,-0.618042946
214.1999969,-0.617816448
214.3000031,-0.61552763
214.4000092,-0.616624355
214.5,-0.616624355
214.6000061,-0.616290569
214.6999969,-0.618054867
214.8000031,-0.608375072
214.9000092,-0.614097118
215,-0.609281063
215.1000061,-0.619676113
215.1999969,-0.614144802
215.3000031,-0.613620281
215.4000092,-0.604846478
215.5,-0.617339611
215.6000061,-0.606324673
215.6999969,-0.610902309
215.8000031,-0.616338253
215.9000092,-0.617482662
216,-0.599124432
216.1000061,-0.617148876
216.1999969,-0.6077075
216.3000031,-0.609853268
216.4000092,-0.609900951
216.5,-0.611057281
216.6000061,-0.614001751
216.6999969,-0.610473156
216.8000031,-0.602223873
216.9000092,-0.604417324
217,-0.601842403
217.1000061,-0.602223873
217.1999969,-0.603034496
217.3000031,-0.604035854
217.4000092,-0.604035854
217.5,-0.602319241
217.6000061,-0.603797436
217.6999969,-0.607421398
217.8000031,-0.607373714
217.9000092,-0.601460934
218,-0.596454144
218.1000061,-0.594594479
218.1999969,-0.600030422
218.3000031,-0.596263409
218.4000092,-0.606229305
218.5,-0.613286495
218.6000061,-0.596740246
218.6999969,-0.612142086
218.8000031,-0.606515408
218.9000092,-0.60012579
219,-0.598695278
219.1000061,-0.599792004
219.1999969,-0.595166683
219.3000031,-0.592067242
219.4000092,-0.591304302
219.5,-0.598886013
219.6000061,-0.600984097
219.6999969,-0.59602499
219.8000031,-0.599076748
219.9000092,-0.591876507
220,-0.59435606
220.1000061,-0.592114925
220.1999969,-0.597741604
220.3000031,-0.588777065
220.4000092,-0.599648952
220.5,-0.594117641
220.6000061,-0.589015484
220.6999969,-0.595691204
220.8000031,-0.587871075
220.9000092,-0.592114925
221,-0.591828823
221.1000061,-0.592544079
221.1999969,-0.591542721
221.3000031,-0.594689846
221.4000092,-0.588634014
221.5,-0.590827465
221.6000061,-0.592019558
221.6999969,-0.5889678
221.8000031,-0.588109493
221.9000092,-0.589706898
222,-0.589873791
222.1000061,-0.589343309
222.1999969,-0.588157177
222.3000031,-0.589635372
222.4000092,-0.58562994
222.5,-0.586583614
222.6000061,-0.581815243
222.6999969,-0.583341122
222.8000031,-0.583531857
222.9000092,-0.584437847
223,-0.584533215
223.1000061,-0.579383373
223.1999969,-0.589444637
223.3000031,-0.579192638
223.4000092,-0.584533215
223.5,-0.579907894
223.6000061,-0.575997829
223.6999969,-0.587489605
223.8000031,-0.584914684
223.9000092,-0.579574108
224,-0.579431057
224.1000061,-0.57908535
224.1999969,-0.577428341
224.3000031,-0.579907894
224.4000092,-0.581815243
224.5,-0.579526424
224.6000061,-0.576713085
224.6999969,-0.577523708
224.8000031,-0.576331615
224.9000092,-0.58100462
225,-0.576379299
225.1000061,-0.579288006
225.1999969,-0.572707653
225.3000031,-0.574662685
225.4000092,-0.578525066
225.5,-0.581052303
225.6000061,-0.576844215
225.6999969,-0.575473309
225.8000031,-0.572326183
225.9000092,-0.573744774
226,-0.57394743
226.1000061,-0.573232174
226.1999969,-0.57189703
226.3000031,-0.573256016
226.4000092,-0.573709011
226.5,-0.574185848
226.6000061,-0.576093197
226.6999969,-0.569798946
226.8000031,-0.574901104
226.9000092,-0.571610928
227,-0.571324825
227.1000061,-0.572767258
227.1999969,-0.574471951
227.3000031,-0.573661327
227.4000092,-0.571467876
227.5,-0.572373867
227.6000061,-0.570275784
227.6999969,-0.566937923
227.8000031,-0.56946516
227.9000092,-0.565268993
228,-0.571563244
228.1000061,-0.569322109
228.1999969,-0.561549187
228.3000031,-0.565412045
228.4000092,-0.570943356
228.5,-0.570895672
228.6000061,-0.562216759
228.6999969,-0.573661327
228.8000031,-0.564696789
228.9000092,-0.564363003
229,-0.565149784
229.1000061,-0.565316677
229.1999969,-0.566222668
229.3000031,-0.565841198
229.4000092,-0.555970192
229.5,-0.571563244
229.6000061,-0.564172268
229.6999969,-0.558592796
229.8000031,-0.558592796
229.9000092,-0.560023427
230,-0.562741756
230.1000061,-0.566770941
230.1999969,-0.57189703
230.3000031,-0.572421551
230.4000092,-0.563838482
230.5,-0.564982891
230.6000061,-0.558688164
230.6999969,-0.551297188
230.8000031,-0.565888882
230.9000092,-0.570275784
231,-0.562455177
231.1000061,-0.565602779
231.1999969,-0.561644554
231.3000031,-0.563409328
231.4000092,-0.568940639
231.5,-0.566031933
231.6000061,-0.557734489
231.6999969,-0.566842556
231.8000031,-0.571467876
231.9000092,-0.559451103
232,-0.564887524
232.1000061,-0.562455177
232.1999969,-0.562312126
232.3000031,-0.567414761
232.4000092,-0.558211327
232.5,-0.56317091
232.6000061,-0.569751263
232.6999969,-0.559260368
232.8000031,-0.555874825
232.9000092,-0.559069633
233,-0.559117317
233.1000061,-0.557841778
233.1999969,-0.556256294
233.3000031,-0.556923866
233.4000092,-0.558974266
233.5,-0.560261726
233.6000061,-0.562455177
233.6999969,-0.561644554
233.8000031,-0.559880257
233.9000092,-0.554253578
234,-0.561549187
234.1000061,-0.551154137
234.1999969,-0.553586006
234.3000031,-0.550915718
234.4000092,-0.546242714
234.5,-0.546051979
234.6000061,-0.556399345
234.6999969,-0.555350304
234.8000031,-0.557448387
234.9000092,-0.556780815
235,-0.55452776
235.1000061,-0.55158329
235.1999969,-0.552298546
235.3000031,-0.557686806
235.4000092,-0.544239998
235.5,-0.551058769
235.6000061,-0.552823067
235.6999969,-0.552441597
235.8000031,-0.550140858
235.9000092,-0.548436165
236,-0.546862602
236.1000061,-0.552060127
236.1999969,-0.560452461
236.3000031,-0.554730415
236.4000092,-0.550152779
236.5,-0.55735302
236.6000061,-0.55287075
236.6999969,-0.548769951
236.8000031,-0.547720909
236.9000092,-0.550820351
237,-0.553347588
237.1000061,-0.553442955
237.1999969,-0.549807072
237.3000031,-0.547291756
237.4000092,-0.545145988
237.5,-0.54528904
237.6000061,-0.548293114
237.6999969,-0.544716835
237.8000031,-0.546528816
237.9000092,-0.544573784
238,-0.54156971
238.1000061,-0.551630974
238.1999969,-0.536801338
238.3000031,-0.543715477
238.4000092,-0.543381691
238.5,-0.546242714
238.6000061,-0.542809486
238.6999969,-0.540091515
238.8000031,-0.545432091
238.9000092,-0.551154137
239,-0.546898365
239.1000061,-0.545861244
239.1999969,-0.545145988
239.3000031,-0.546338081
239.4000092,-0.541665077
239.5,-0.550581932
239.6000061,-0.537325859
239.6999969,-0.533940315
239.8000031,-0.540425301
239.9000092,-0.545384407
240,-0.538041115
240.1000061,-0.540520668
240.1999969,-0.537862301
240.3000031,-0.536753654
240.4000092,-0.538210988
240.5,-0.53913784
240.6000061,-0.539090157
240.6999969,-0.537838459
240.8000031,-0.538374901
240.9000092,-0.537561297
241,-0.536515236
241.1000061,-0.537516594
241.1999969,-0.538661003
241.3000031,-0.540329933
241.4000092,-0.540282249
241.5,-0.536515236
241.6000061,-0.53208065
241.6999969,-0.533368111
241.8000031,-0.537707329
241.9000092,-0.533558846
242,-0.540616035
242.1000061,-0.5278368
242.1999969,-0.540949821
242.3000031,-0.53990078
242.4000092,-0.535323143
242.5,-0.529028893
242.6000061,-0.527169228
242.6999969,-0.534226418
242.8000031,-0.52540493
242.9000092,-0.530507088
243,-0.538517952
243.1000061,-0.533797264
243.1999969,-0.531603813
243.3000031,-0.529887199
243.4000092,-0.527121544
243.5,-0.528313637
243.6000061,-0.539948463
243.6999969,-0.534274101
243.8000031,-0.521637917
243.9000092,-0.527598381
244,-0.531365395
244.1000061,-0.530173302
244.1999969,-0.528027534
244.3000031,-0.524594307
244.4000092,-0.526978493
244.5,-0.533034325
244.6000061,-0.523545265
244.6999969,-0.532128334
244.8000031,-0.529076576
244.9000092,-0.526251316
245,-0.522496223
245.1000061,-0.521304131
245.1999969,-0.523521423
245.3000031,-0.524403572
245.4000092,-0.525881767
245.5,-0.524880409
245.6000061,-0.523259163
245.6999969,-0.528122902
245.8000031,-0.52540493
245.9000092,-0.524403572
246,-0.522591591
246.1000061,-0.527121544
246.1999969,-0.523926735
246.3000031,-0.52001667
246.4000092,-0.518109322
246.5,-0.522496223
246.6000061,-0.522591591
246.6999969,-0.51937294
246.8000031,-0.51577282
246.9000092,-0.516631126
247,-0.526740074
247.1000061,-0.512196541
247.1999969,-0.531222343
247.3000031,-0.518872261
247.4000092,-0.516917229
247.5,-0.517358303
247.6000061,-0.514866829
247.6999969,-0.518776894
247.8000031,-0.511338234
247.9000092,-0.520684242
248,-0.518633842
248.1000061,-0.513484001
248.1999969,-0.523068428
248.3000031,-0.508095741
248.4000092,-0.518013954
248.5,-0.515439034
248.6000061,-0.515486717
248.6999969,-0.5216856
248.8000031,-0.512530327
248.9000092,-0.518443108
249,-0.521065712
249.1000061,-0.513960838
249.1999969,-0.503613472
249.3000031,-0.518872261
249.4000092,-0.513865471
249.5,-0.508429527
249.6000061,-0.508763313
249.6999969,-0.510313034
249.8000031,-0.510718346
249.9000092,-0.51334095
250,-0.519968987
250.1000061,-0.514723778
250.1999969,-0.521971703
250.3000031,-0.514676094
250.4000092,-0.506951332
250.5,-0.509716988
250.6000061,-0.514723778
250.6999969,-0.510146141
250.8000031,-0.515915871
250.9000092,-0.510098457
251,-0.506426811
251.1000061,-0.514103889
251.1999969,-0.510813713
251.3000031,-0.513150215
251.4000092,-0.514199257
251.5,-0.509764671
251.6000061,-0.50924015
251.6999969,-0.50795269
251.8000031,-0.50871563
251.9000092,-0.506522179
252,-0.502469063
252.1000061,-0.50486517
252.1999969,-0.505330086
252.3000031,-0.505139351
252.4000092,-0.508954048
252.5,-0.511147499
252.6000061,-0.512768745
252.6999969,-0.509907722
252.8000031,-0.499417305
252.9000092,-0.501706123
253,-0.499035835
253.1000061,-0.501944542
253.1999969,-0.503375053
253.3000031,-0.511910439
253.4000092,-0.49832058
253.5,-0.510050774
253.6000061,-0.508667946
253.6999969,-0.506999016
253.8000031,-0.507428169
253.9000092,-0.50256443
254,-0.499035835
254.1000061,-0.503899574
254.1999969,-0.505711555
254.3000031,-0.503088951
254.4000092,-0.503947258
254.5,-0.500061035
254.6000061,-0.495125771
254.6999969,-0.498082161
254.8000031,-0.496639729
254.9000092,-0.497748375
255,-0.495602608
255.1000061,-0.500466347
255.1999969,-0.50461483
255.3000031,-0.49421978
255.4000092,-0.502612114
255.5,-0.500847816
255.6000061,-0.503518105
255.6999969,-0.501467705
255.8000031,-0.501563072
255.9000092,-0.497033119
256,-0.5070467
256.1000061,-0.498558998
256.2000122,-0.493695259
256.3000183,-0.493742943
256.3999939,-0.499178886
256.5,-0.498511314
256.6000061,-0.494648933
256.7000122,-0.497080803
256.8000183,-0.495709896
256.8999939,-0.496079445
257,-0.498728871
257.1000061,-0.5008955
257.2000122,-0.502230644
257.3000183,-0.490166664
257.3999939,-0.497414589
257.5,-0.490977287
257.6000061,-0.488783836
257.7000122,-0.490762711
257.8000183,-0.491597176
257.8999939,-0.491692543
258,-0.493027687
258.1000061,-0.491621017
258.2000122,-0.49050045
258.3000183,-0.49126339
258.3999939,-0.489928246
258.5,-0.487925529
258.6000061,-0.494935036
258.7000122,-0.492217064
258.8000183,-0.493456841
258.8999939,-0.485636711
259,-0.490166664
259.1000061,-0.496794701
259.2000122,-0.49960804
259.3000183,-0.491072655
259.3999939,-0.496508598
259.5,-0.486447334
259.6000061,-0.489117622
259.7000122,-0.484110832
259.8000183,-0.491501808
259.8999939,-0.492884636
260,-0.490619659
260.1000061,-0.488640785
260.2000122,-0.489451408
260.3000183,-0.489260674
260.3999939,-0.490977287
260.5,-0.487973213
260.6000061,-0.48716259
260.7000122,-0.48678112
260.8000183,-0.48960638
260.8999939,-0.49216938
261,-0.492312431
261.1000061,-0.48678112
261.2000122,-0.492360115
261.3000183,-0.484301567
261.3999939,-0.487830162
261.5,-0.490023613
261.6000061,-0.487997055
261.7000122,-0.486828804
261.8000183,-0.487305641
261.8999939,-0.485732079
262,-0.487401009
262.1000061,-0.489975929
262.2000122,-0.492026329
262.3000183,-0.484635353
262.3999939,-0.494124413
262.5,-0.480963707
262.6000061,-0.486733437
262.7000122,-0.47972393
262.8000183,-0.481678963
262.8999939,-0.483347893
263,-0.478913307
263.1000061,-0.48587513
263.2000122,-0.49011898
263.3000183,-0.487305641
263.3999939,-0.483633995
263.5,-0.488593102
263.6000061,-0.481631279
263.7000122,-0.482298851
263.8000183,-0.479342461
263.8999939,-0.478913307
264,-0.482811451
264.1000061,-0.485684395
264.2000122,-0.487305641
264.3000183,-0.486924171
264.3999939,-0.482823372
264.5,-0.476338387
264.6000061,-0.474287987
264.7000122,-0.482060432
264.8000183,-0.486924171
264.8999939,-0.482012749
265,-0.485541344
265.1000061,-0.482298851
265.2000122,-0.484730721
265.3000183,-0.476815224
265.3999939,-0.483252525
265.5,-0.480725288
265.6000061,-0.482632637
265.7000122,-0.472428322
265.8000183,-0.482108116
265.8999939,-0.47266674
266,-0.483109474
266.1000061,-0.480582237
266.2000122,-0.477053642
266.3000183,-0.472762108
266.3999939,-0.479008675
266.5,-0.48177433
266.6000061,-0.476052284
266.7000122,-0.470425606
266.8000183,-0.474001884
266.8999939,-0.471009731
267,-0.469042778
267.1000061,-0.470568657
267.2000122,-0.468470573
267.3000183,-0.473143578
267.3999939,-0.481059074
267.5,-0.475861549
267.6000061,-0.481678963
267.7000122,-0.479676247
267.8000183,-0.475384712
267.8999939,-0.476171494
268,-0.473858833
268.1000061,-0.475766182
268.2000122,-0.479151726
268.3000183,-0.471093178
268.3999939,-0.478388786
268.5,-0.466086388
268.6000061,-0.481917381
268.7000122,-0.471522331
268.8000183,-0.474621773
268.8999939,-0.473858833
269,-0.474156857
269.1000061,-0.474431038
269.2000122,-0.473715782
269.3000183,-0.47304821
269.3999939,-0.474478722
269.5,-0.473525047
269.6000061,-0.475813866
269.7000122,-0.466038704
269.8000183,-0.469138145
269.8999939,-0.472619057
270,-0.471283913
270.1000061,-0.470664024
270.2000122,-0.472344875
270.3000183,-0.472237587
270.3999939,-0.475193977
270.5,-0.475909233
270.6000061,-0.474669456
270.7000122,-0.472094536
270.8000183,-0.477864265
270.8999939,-0.466277122
271,-0.473763466
271.1000061,-0.470950127
271.2000122,-0.465847969
271.3000183,-0.47304821
271.3999939,-0.465752602
271.5,-0.468184471
271.6000061,-0.467040062
271.7000122,-0.466897011
271.8000183,-0.466801643
271.8999939,-0.467922211
272,-0.469090462
272.1000061,-0.468899727
272.2000122,-0.462891579
272.3000183,-0.471522331
272.3999939,-0.458075523
272.5,-0.464369774
272.6000061,-0.471140862
272.7000122,-0.470902443
272.8000183,-0.466706276
272.8999939,-0.466420174
273,-0.468184471
273.1000061,-0.475909233
273.2000122,-0.47099781
273.3000183,-0.464560509
273.3999939,-0.459219933
273.5,-0.468995094
273.6000061,-0.464941978
273.7000122,-0.466849327
273.8000183,-0.462796211
273.8999939,-0.470377922
274,-0.464655876
274.1000061,-0.469853401
274.2000122,-0.464226723
274.3000183,-0.467326164
274.3999939,-0.463273048
274.5,-0.466229439
274.6000061,-0.461937904
274.7000122,-0.461270332
274.8000183,-0.464083672
274.8999939,-0.46599102
275,-0.464512825
275.1000061,-0.464274406
275.2000122,-0.45802784
275.3000183,-0.469996452
275.3999939,-0.460030556
275.5,-0.460841179
275.6000061,-0.460555077
275.7000122,-0.462295532
275.8000183,-0.463797569
275.8999939,-0.463988304
276,-0.463058472
276.1000061,-0.463326693
276.2000122,-0.462986946
276.3000183,-0.463273048
276.3999939,-0.466992378
276.5,-0.464989662
276.6000061,-0.464512825
276.7000122,-0.465180397
276.8000183,-0.46098423
276.8999939,-0.462748528
277,-0.463559151
277.1000061,-0.463058472
277.2000122,-0.463749886
277.3000183,-0.462176323
277.3999939,-0.457455635
277.5,-0.466801643
277.6000061,-0.4634161
277.7000122,-0.45635891
277.8000183,-0.458313942
277.8999939,-0.458373547
278,-0.460105062
278.1000061,-0.462414742
278.2000122,-0.461318016
278.3000183,-0.458170891
278.3999939,-0.455834389
278.5,-0.45559597
278.6000061,-0.461270332
278.7000122,-0.454117775
278.8000183,-0.465561867
278.8999939,-0.460459709
279,-0.454880714
279.1000061,-0.454785347
279.2000122,-0.455166817
279.3000183,-0.456323147
279.3999939,-0.458600044
279.5,-0.456740379
279.6000061,-0.458218575
279.7000122,-0.454070091
279.8000183,-0.450160027
279.8999939,-0.458552361
280,-0.450112343
280.1000061,-0.461174965
280.2000122,-0.456454277
280.3000183,-0.444628716
280.3999939,-0.451685905
280.5,-0.457980156
280.6000061,-0.45559597
280.7000122,-0.445534706
280.8000183,-0.448348045
280.8999939,-0.459887505
281,-0.449540138
281.1000061,-0.458313942
281.2000122,-0.443293571
281.3000183,-0.45635891
281.3999939,-0.450350761
281.5,-0.44148159
281.6000061,-0.456788063
281.7000122,-0.454022408
281.8000183,-0.449730873
281.8999939,-0.445868492
282,-0.443770409
282.1000061,-0.451018333
282.2000122,-0.452353477
282.3000183,-0.447203636
282.3999939,-0.449492455
282.5,-0.456025124
282.6000061,-0.452591896
282.7000122,-0.448634148
282.8000183,-0.447585106
282.8999939,-0.444151878
283,-0.436569691
283.1000061,-0.440623283
283.2000122,-0.453783989
283.3000183,-0.448967934
283.3999939,-0.451733589
283.5,-0.442006111
283.6000061,-0.453021049
283.7000122,-0.440098763
283.8000183,-0.452734947
283.8999939,-0.446011543
284,-0.44019413
284.1000061,-0.441433907
284.2000122,-0.441529274
284.3000183,-0.444867134
284.3999939,-0.447060585
284.5,-0.445105553
284.6000061,-0.439764977
284.7000122,-0.443818092
284.8000183,-0.441958427
284.8999939,-0.441195488
285,-0.440003395
285.1000061,-0.441672325
285.2000122,-0.442530632
285.3000183,-0.442959785
285.3999939,-0.446059227
285.5,-0.443055153
285.6000061,-0.438477516
285.7000122,-0.438096046
285.8000183,-0.44391346
285.8999939,-0.444962502
286,-0.443865776
286.1000061,-0.445343971
286.2000122,-0.445820808
286.3000183,-0.44366312
286.3999939,-0.443770409
286.5,-0.439717293
286.6000061,-0.434996128
286.7000122,-0.437714577
286.8000183,-0.437427998
286.8999939,-0.437237263
287,-0.429321766
287.1000061,-0.435234547
287.2000122,-0.444008827
287.3000183,-0.438620567
287.3999939,-0.445439339
287.5,-0.438286781
287.6000061,-0.436522007
287.7000122,-0.439717293
287.8000183,-0.441720009
287.8999939,-0.43981266
288,-0.43943119
288.1000061,-0.432039738
288.2000122,-0.449540138
288.3000183,-0.440670967
288.3999939,-0.43270731
288.5,-0.434137821
288.6000061,-0.434996128
288.7000122,-0.433637142
288.8000183,-0.43270731
288.8999939,-0.436623573
289,-0.439526558
289.1000061,-0.440623283
289.2000122,-0.441302776
289.3000183,-0.441147804
289.3999939,-0.44391346
289.5,-0.431419849
289.6000061,-0.437237263
289.7000122,-0.429798603
289.8000183,-0.432993412
289.8999939,-0.43695116
290,-0.431849003
290.1000061,-0.435472965
290.2000122,-0.428081989
290.3000183,-0.433804035
290.3999939,-0.434042454
290.5,-0.42936945
290.6000061,-0.425411701
290.7000122,-0.430180073
290.8000183,-0.434090137
290.8999939,-0.431849003
291,-0.434996128
291.1000061,-0.425316334
291.2000122,-0.429083347
291.3000183,-0.430466175
291.3999939,-0.43103838
291.5,-0.42963171
291.6000061,-0.428272724
291.7000122,-0.428749561
291.8000183,-0.439574242
291.8999939,-0.429274082
292,-0.435139179
292.1000061,-0.430990696
292.2000122,-0.434614658
292.3000183,-0.429941654
292.3999939,-0.425697803
292.5,-0.430180073
292.6000061,-0.430466175
292.7000122,-0.428511143
292.8000183,-0.432850361
292.8999939,-0.426842213
293,-0.430799961
293.1000061,-0.435043812
293.2000122,-0.426222324
293.3000183,-0.421406269
293.3999939,-0.430466175
293.5,-0.426985264
293.6000061,-0.426603794
293.7000122,-0.428499222
293.8000183,-0.429464817
293.8999939,-0.430943012
294,-0.426460743
294.1000061,-0.420881748
294.2000122,-0.422884464
294.3000183,-0.426460743
294.3999939,-0.421024799
294.5,-0.430227757
294.6000061,-0.426603794
294.7000122,-0.432039738
294.8000183,-0.433422565
294.8999939,-0.430823803
295,-0.430323124
295.1000061,-0.427509785
295.2000122,-0.42936945
295.3000183,-0.427330971
295.3999939,-0.425364017
295.5,-0.427080631
295.6000061,-0.422216892
295.7000122,-0.424219608
295.8000183,-0.42989397
295.8999939,-0.428463459
296,-0.426174641
296.1000061,-0.433756351
296.2000122,-0.428701878
296.3000183,-0.421072483
296.3999939,-0.427557468
296.5,-0.42064333
296.6000061,-0.427652836
296.7000122,-0.424410343
296.8000183,-0.417877674
296.8999939,-0.417734623
297,-0.418199539
297.1000061,-0.418068409
297.2000122,-0.419117451
297.3000183,-0.418557167
297.3999939,-0.417353153
297.5,-0.419689655
297.6000061,-0.425364017
297.7000122,-0.424791813
297.8000183,-0.42193079
297.8999939,-0.41949892
298,-0.414825916
298.1000061,-0.416447163
298.2000122,-0.41949892
298.3000183,-0.420357227
298.3999939,-0.416018009
298.5,-0.419737339
298.6000061,-0.416971684
298.7000122,-0.420881748
298.8000183,-0.416685581
298.8999939,-0.42116785
299,-0.420500278
299.1000061,-0.418497562
299.2000122,-0.413633823
299.3000183,-0.42565012
299.3999939,-0.416256428
299.5,-0.411392689
299.6000061,-0.411726475
299.7000122,-0.407625675
299.8000183,-0.417448521
299.8999939,-0.413300037
300,-0.416494846
300.1000061,-0.410534382
300.2000122,-0.414825916
300.3000183,-0.414396763
300.3999939,-0.414730549
300.5,-0.415016651
300.6000061,-0.414968967
300.7000122,-0.415398121
300.8000183,-0.414730549
300.8999939,-0.416780949
301,-0.411678791
301.1000061,-0.416351795
301.2000122,-0.410486698
301.3000183,-0.422979832
301.3999939,-0.415207386
301.5,-0.41115427
301.6000061,-0.406290531
301.7000122,-0.414253712
301.8000183,-0.412489414
301.8999939,-0.409580708
302,-0.413633823
302.1000061,-0.411440372
302.2000122,-0.411273479
302.3000183,-0.409676075
302.3999939,-0.410343647
302.5,-0.41140461
302.6000061,-0.412727833
302.7000122,-0.412870884
302.8000183,-0.414396763
302.8999939,-0.408913136
303,-0.41191721
303.1000061,-0.413538456
303.2000122,-0.412990093
303.3000183,-0.412632465
303.3999939,-0.413872242
303.5,-0.416733265
303.6000061,-0.412489414
303.7000122,-0.417067051
303.8000183,-0.412584782
303.8999939,-0.413538456
304,-0.410009861
304.1000061,-0.407768726
304.2000122,-0.40614748
304.3000183,-0.405432224
304.3999939,-0.408293247
304.5,-0.413156986
304.6000061,-0.409962177
304.7000122,-0.40910387
304.8000183,-0.409914494
304.8999939,-0.410868168
305,-0.405289173
305.1000061,-0.402380466
305.2000122,-0.408150196
305.3000183,-0.405241489
305.3999939,-0.403572559
305.5,-0.408662796
305.6000061,-0.41191721
305.7000122,-0.413919926
305.8000183,-0.414015293
305.8999939,-0.414015293
306,-0.415088177
306.1000061,-0.417448521
306.2000122,-0.4148736
306.3000183,-0.408913136
306.3999939,-0.406004429
306.5,-0.412680149
306.6000061,-0.417734623
306.7000122,-0.404287815
306.8000183,-0.410057545
306.8999939,-0.409533024
307,-0.408901215
307.1000061,-0.409267783
307.2000122,-0.408913136
307.3000183,-0.409723759
307.3999939,-0.409771442
307.5,-0.40948534
307.6000061,-0.408388615
307.7000122,-0.410057545
307.8000183,-0.413681507
307.8999939,-0.413729191
308,-0.411058903
308.1000061,-0.406385899
308.2000122,-0.406433582
308.3000183,-0.409056187
308.3999939,-0.411058903
308.5,-0.410868168
308.6000061,-0.40910387
308.7000122,-0.406052113
308.8000183,-0.408102512
308.8999939,-0.406719685
309,-0.413013935
309.1000061,-0.411488056
309.2000122,-0.408674717
309.3000183,-0.407721043
309.3999939,-0.404383183
309.5,-0.41115427
309.6000061,-0.407101154
309.7000122,-0.402761936
309.8000183,-0.412727833
309.8999939,-0.408627033
310,-0.409819126
310.1000061,-0.398756504
310.2000122,-0.397659779
310.3000183,-0.400520802
310.3999939,-0.404287815
310.5,-0.410295963
310.6000061,-0.408483982
310.7000122,-0.401379108
310.8000183,-0.399519444
310.8999939,-0.403667927
311,-0.405003071
311.1000061,-0.403524876
311.2000122,-0.400616169
311.3000183,-0.397755146
311.3999939,-0.400365829
311.5,-0.401998997
311.6000061,-0.401093006
311.7000122,-0.396420002
311.8000183,-0.417114735
311.8999939,-0.399185658
312,-0.40743494
312.1000061,-0.404144764
312.2000122,-0.39909029
312.3000183,-0.404383183
312.3999939,-0.395609379
312.5,-0.402761936
312.6000061,-0.393511295
312.7000122,-0.398279667
312.8000183,-0.409628391
312.8999939,-0.392223835
313,-0.402857304
313.1000061,-0.396515369
313.2000122,-0.398756504
313.3000183,-0.397755146
313.3999939,-0.400520802
313.5,-0.400139332
313.6000061,-0.398041248
313.7000122,-0.401379108
313.8000183,-0.403620243
313.8999939,-0.403715611
314,-0.399567127
314.1000061,-0.396944523
314.2000122,-0.393988132
314.3000183,-0.395514011
314.3999939,-0.395609379
314.5,-0.396038532
314.6000061,-0.390459538
314.7000122,-0.397230625
314.8000183,-0.407387257
314.8999939,-0.386454105
315,-0.398184299
315.1000061,-0.392176151
315.2000122,-0.391413212
315.3000183,-0.392605305
315.3999939,-0.39112711
315.5,-0.39537096
315.6000061,-0.398661137
315.7000122,-0.39909029
315.8000183,-0.392223835
315.8999939,-0.396229267
316,-0.395692825
316.1000061,-0.397469044
316.2000122,-0.396849155
316.3000183,-0.397755146
316.3999939,-0.395061016
316.5,-0.392176151
316.6000061,-0.393463612
316.7000122,-0.393904686
316.8000183,-0.394608021
316.8999939,-0.39537096
317,-0.395704746
317.1000061,-0.393296719
317.2000122,-0.39036417
317.3000183,-0.391746998
317.3999939,-0.392652988
317.5,-0.391711235
317.6000061,-0.391508579
317.7000122,-0.390936375
317.8000183,-0.386406422
317.8999939,-0.391317844
318,-0.385023594
318.1000061,-0.388504505
318.2000122,-0.391603947
318.3000183,-0.389410496
318.3999939,-0.389648914
318.5,-0.387693882
318.6000061,-0.388123035
318.7000122,-0.390841007
318.8000183,-0.386787891
318.8999939,-0.383974552
319,-0.393511295
319.1000061,-0.380398273
319.2000122,-0.387550831
319.3000183,-0.380875111
319.3999939,-0.395084858
319.5,-0.38664484
319.6000061,-0.394512653
319.7000122,-0.390984058
319.8000183,-0.387121677
319.8999939,-0.385691166
320,-0.387312412
320.1000061,-0.384880543
320.2000122,-0.386740208
320.3000183,-0.389791965
320.3999939,-0.384212971
320.5,-0.389505863
320.6000061,-0.385214329
320.7000122,-0.396801472
320.8000183,-0.391174793
320.8999939,-0.382067204
321,-0.388885975
321.1000061,-0.383354664
321.2000122,-0.384928226
321.3000183,-0.383771896
321.3999939,-0.382591724
321.5,-0.384212971
321.6000061,-0.385810375
321.7000122,-0.388790607
321.8000183,-0.387646198
321.8999939,-0.385464668
322,-0.382973194
322.1000061,-0.382448673
322.2000122,-0.382710934
322.3000183,-0.382830143
322.3999939,-0.382591724
322.5,-0.38112545
322.6000061,-0.379158497
322.7000122,-0.379921436
322.8000183,-0.380016804
322.8999939,-0.379814148
323,-0.37958765
323.1000061,-0.379730701
323.2000122,-0.382257938
323.3000183,-0.384117603
323.3999939,-0.385595798
323.5,-0.384832859
323.6000061,-0.380672455
323.7000122,-0.374247074
323.8000183,-0.378014088
323.8999939,-0.384880543
324,-0.383211613
324.1000061,-0.38240099
324.2000122,-0.380779743
324.3000183,-0.380732059
324.3999939,-0.377286911
324.5,-0.375916004
324.6000061,-0.371719837
324.7000122,-0.375248432
324.8000183,-0.383402348
324.8999939,-0.382591724
325,-0.379730701
325.1000061,-0.378204823
325.2000122,-0.385548115
325.3000183,-0.375963688
325.3999939,-0.383116245
325.5,-0.370193958
325.6000061,-0.374723911
325.7000122,-0.384737492
325.8000183,-0.37663126
325.8999939,-0.381447315
326,-0.37458086
326.1000061,-0.377346516
326.2000122,-0.385834217
326.3000183,-0.378920078
326.3999939,-0.371672153
326.5,-0.378538609
326.6000061,-0.382973194
326.7000122,-0.380159855
326.8000183,-0.379086971
326.8999939,-0.37663126
327,-0.376583576
327.1000061,-0.377382278
327.2000122,-0.378109455
327.3000183,-0.378204823
327.3999939,-0.375677586
327.5,-0.367857456
327.6000061,-0.371099949
327.7000122,-0.374485493
327.8000183,-0.371767521
327.8999939,-0.377632618
328,-0.373627186
328.1000061,-0.377537251
328.2000122,-0.372053623
328.3000183,-0.378157139
328.3999939,-0.373436451
328.5,-0.367094517
328.6000061,-0.374056339
328.7000122,-0.377346516
328.8000183,-0.373198032
328.8999939,-0.381351948
329,-0.370527744
329.1000061,-0.376011372
329.2000122,-0.370813847
329.3000183,-0.364710331
329.3999939,-0.376154423
329.5,-0.378347874
329.6000061,-0.36828661
329.7000122,-0.376440525
329.8000183,-0.368763447
329.8999939,-0.377871037
330,-0.36213541
330.1000061,-0.36547327
330.2000122,-0.369383335
330.3000183,-0.37496233
330.3999939,-0.380684376
330.5,-0.360180378
330.6000061,-0.375057697
330.7000122,-0.368858814
330.8000183,-0.378204823
330.8999939,-0.368858814
331,-0.370432377
331.1000061,-0.369669437
331.2000122,-0.37458086
331.3000183,-0.380922794
331.3999939,-0.377298832
331.5,-0.371719837
331.6000061,-0.370337009
331.7000122,-0.368441582
331.8000183,-0.366665363
331.8999939,-0.365044117
332,-0.367857456
332.1000061,-0.363852024
332.2000122,-0.358129978
332.3000183,-0.367857456
332.3999939,-0.372053623
332.5,-0.368811131
332.6000061,-0.369144917
332.7000122,-0.367511749
332.8000183,-0.365759373
332.8999939,-0.366331577
333,-0.361753941
333.1000061,-0.366569996
333.2000122,-0.373245716
333.3000183,-0.366045475
333.3999939,-0.368095875
333.5,-0.366474628
333.6000061,-0.365139484
333.7000122,-0.367094517
333.8000183,-0.36496067
333.8999939,-0.363995075
334,-0.363613605
334.1000061,-0.364221573
334.2000122,-0.364233494
334.3000183,-0.365044117
334.3999939,-0.371529102
334.5,-0.362659931
334.6000061,-0.368763447
334.7000122,-0.355793476
334.8000183,-0.363756657
334.8999939,-0.361706257
335,-0.362564564
335.1000061,-0.369001865
335.2000122,-0.36828661
335.3000183,-0.364042759
335.3999939,-0.360561848
335.5,-0.361658573
335.6000061,-0.361813545
335.7000122,-0.360943317
335.8000183,-0.358562112
335.8999939,-0.354792118
336,-0.356699467
336.1000061,-0.361849308
336.2000122,-0.367189884
336.3000183,-0.363947392
336.3999939,-0.364328861
336.5,-0.364471912
336.6000061,-0.363208294
336.7000122,-0.362659931
336.8000183,-0.361372471
336.8999939,-0.356604099
337,-0.362040043
337.1000061,-0.365044117
337.2000122,-0.363470554
337.3000183,-0.365377903
337.3999939,-0.360895634
337.5,-0.361324787
337.6000061,-0.364090443
337.7000122,-0.354744434
337.8000183,-0.361896992
337.8999939,-0.359894276
338,-0.361467838
338.1000061,-0.364853382
338.2000122,-0.362373829
338.3000183,-0.360931396
338.3999939,-0.358320713
338.5,-0.358177662
338.6000061,-0.364376545
338.7000122,-0.360275745
338.8000183,-0.355745792
338.8999939,-0.36213541
339,-0.353170872
339.1000061,-0.357462406
339.2000122,-0.365234852
339.3000183,-0.356317997
339.3999939,-0.364138126
339.5,-0.35417223
339.6000061,-0.364996433
339.7000122,-0.354362965
339.8000183,-0.365807056
339.8999939,-0.361753941
340,-0.356270313
340.1000061,-0.348736286
340.2000122,-0.365377903
340.3000183,-0.353743076
340.3999939,-0.365807056
340.5,-0.349117756
340.6000061,-0.359608173
340.7000122,-0.363995075
340.8000183,-0.359751225
340.8999939,-0.352932453
341,-0.360514164
341.1000061,-0.349499226
341.2000122,-0.35956049
341.3000183,-0.359035969
341.3999939,-0.35931015
341.5,-0.360180378
341.6000061,-0.358463764
341.7000122,-0.365902424
341.8000183,-0.362612247
341.8999939,-0.360228062
342,-0.358368397
342.1000061,-0.353600025
342.2000122,-0.355745792
342.3000183,-0.348211765
342.3999939,-0.35751009
342.5,-0.351883411
342.6000061,-0.352217197
342.7000122,-0.356329918
342.8000183,-0.357653141
342.8999939,-0.357191205
343,-0.357986927
343.1000061,-0.356794834
343.2000122,-0.349260807
343.3000183,-0.352360249
343.3999939,-0.358940601
343.5,-0.358511448
343.6000061,-0.355984211
343.7000122,-0.354839802
343.8000183,-0.353218555
343.8999939,-0.351644993
344,-0.354649067
344.1000061,-0.357653141
344.2000122,-0.354410648
344.3000183,-0.358618736
344.3999939,-0.360991001
344.5,-0.361420155
344.6000061,-0.354935169
344.7000122,-0.357796192
344.8000183,-0.353743076
344.8999939,-0.360609531
345,-0.359989643
345.1000061,-0.360299587
345.2000122,-0.361181736
345.3000183,-0.359417439
345.3999939,-0.360800266
345.5,-0.360514164
345.6000061,-0.360299587
345.7000122,-0.36084795
345.8000183,-0.359035969
345.8999939,-0.360609531
346,-0.361515522
346.1000061,-0.357700825
346.2000122,-0.354506016
346.3000183,-0.35417223
346.3999939,-0.354887486
346.5,-0.356317997
346.6000061,-0.355507374
346.7000122,-0.346399784
346.8000183,-0.347353458
346.8999939,-0.357080936
347,-0.352884769
347.1000061,-0.361992359
347.2000122,-0.351835728
347.3000183,-0.346209049
347.3999939,-0.356604099
347.5,-0.362946033
347.6000061,-0.356127262
347.7000122,-0.354076862
347.8000183,-0.363089085
347.8999939,-0.360180378
348,-0.356651783
348.1000061,-0.352217197
348.2000122,-0.351358891
348.3000183,-0.346638203
348.3999939,-0.357653141
348.5,-0.344158649
348.6000061,-0.350548267
348.7000122,-0.347353458
348.8000183,-0.352264881
348.8999939,-0.35507822
349,-0.353647709
349.1000061,-0.355912685
349.2000122,-0.355346441
349.3000183,-0.355793476
349.3999939,-0.356031895
349.5,-0.356842518
349.6000061,-0.354887486
349.7000122,-0.353373528
349.8000183,-0.350214481
349.8999939,-0.351549625
350,-0.353123188
350.1000061,-0.345398426
350.2000122,-0.357367039
350.3000183,-0.350739002
350.3999939,-0.351263523
350.5,-0.35174036
350.6000061,-0.352837086
350.7000122,-0.351251602
350.8000183,-0.351835728
350.8999939,-0.348593235
351,-0.345636845
351.1000061,-0.343586445
351.2000122,-0.351501942
351.3000183,-0.358177662
351.3999939,-0.353695393
351.5,-0.343538761
351.6000061,-0.343920231
351.7000122,-0.344444752
351.8000183,-0.348879337
351.8999939,-0.345255375
352,-0.353266239
352.1000061,-0.343967915
352.2000122,-0.348974705
352.3000183,-0.3463521
352.3999939,-0.350262165
352.5,-0.342823505
352.6000061,-0.3484025
352.7000122,-0.348068714
352.8000183,-0.344063282
352.8999939,-0.349117756
353,-0.343300343
353.1000061,-0.342680454
353.2000122,-0.349451542
353.3000183,-0.348879337
353.3999939,-0.353695393
353.5,-0.342918873
353.6000061,-0.350119114
353.7000122,-0.347353458
353.8000183,-0.347639561
353.8999939,-0.349475384
354,-0.350548267
354.1000061,-0.348217726
354.2000122,-0.346590519
354.3000183,-0.346256733
354.3999939,-0.351406574
354.5,-0.34749651
354.6000061,-0.351025105
354.7000122,-0.342585087
354.8000183,-0.353027821
354.8999939,-0.347448826
355,-0.343109608
355.1000061,-0.3484025
355.2000122,-0.348843575
355.3000183,-0.351072788
355.3999939,-0.352789402
355.5,-0.351013184
355.6000061,-0.350548267
355.7000122,-0.349642277
355.8000183,-0.349785328
355.8999939,-0.349880695
356,-0.350500584
356.1000061,-0.3504529
356.2000122,-0.351883411
356.3000183,-0.348772049
356.3999939,-0.34968996
356.5,-0.343061924
356.6000061,-0.341154575
356.7000122,-0.344730854
356.8000183,-0.344063282
356.8999939,-0.341869831
357,-0.342537403
357.1000061,-0.345684528
357.2000122,-0.33929491
357.3000183,-0.343729496
357.3999939,-0.345303059
357.5,-0.350882053
357.6000061,-0.342585087
357.7000122,-0.331474781
357.8000183,-0.342012882
357.8999939,-0.339247227
358,-0.343359947
358.1000061,-0.346209049
358.2000122,-0.345970631
358.3000183,-0.349022388
358.3999939,-0.344921589
358.5,-0.338675022
358.6000061,-0.342537403
358.7000122,-0.338150501
358.8000183,-0.343252659
358.8999939,-0.343157291
359,-0.341536045
359.1000061,-0.343872547
359.2000122,-0.336195469
359.3000183,-0.349928379
359.3999939,-0.333143711
359.5,-0.346256733
359.6000061,-0.342728138
359.7000122,-0.338579655
359.8000183,-0.338806152
359.8999939,-0.33633852
360,-0.337578297
360.1000061,-0.33928299
360.2000122,-0.338818073
360.3000183,-0.341258883
360.3999939,-0.344015598
360.5,-0.342918873
360.6000061,-0.343562603
360.7000122,-0.344444752
360.8000183,-0.342871189
360.8999939,-0.343920231
361,-0.340534687
361.1000061,-0.337244511
361.2000122,-0.338102818
361.3000183,-0.339008808
361.3999939,-0.344540119
361.5,-0.337053776
361.6000061,-0.331045628
361.7000122,-0.337912083
361.8000183,-0.342823505
361.8999939,-0.342585087
362,-0.338961124
362.1000061,-0.337769032
362.2000122,-0.341917515
362.3000183,-0.34377718
362.3999939,-0.340200901
362.5,-0.343967915
362.6000061,-0.340677738
362.7000122,-0.340868473
362.8000183,-0.341440678
362.8999939,-0.337244511
363,-0.332094669
363.1000061,-0.342203617
363.2000122,-0.33428812
363.3000183,-0.341536045
363.3999939,-0.337769032
363.5,-0.343443394
363.6000061,-0.341392994
363.7000122,-0.338245869
363.8000183,-0.331522465
363.8999939,-0.339581013
364,-0.33223772
364.1000061,-0.338436604
364.2000122,-0.34339571
364.3000183,-0.339151859
364.3999939,-0.339962482
364.5,-0.338210106
364.6000061,-0.337339878
364.7000122,-0.336386204
364.8000183,-0.330759525
364.8999939,-0.333143711
365,-0.334335804
365.1000061,-0.336386204
365.2000122,-0.337053776
365.3000183,-0.330807209
365.3999939,-0.333811283
365.5,-0.330997944
365.6000061,-0.333858967
365.7000122,-0.338818073
365.8000183,-0.333477497
365.8999939,-0.338484287
366,-0.333858967
366.1000061,-0.331665516
366.2000122,-0.331188679
366.3000183,-0.333715916
366.3999939,-0.337721348
366.5,-0.332952976
366.6000061,-0.339008808
366.7000122,-0.333811283
366.8000183,-0.335718632
366.8999939,-0.333715916
367,-0.329472065
367.1000061,-0.326467991
367.2000122,-0.330854893
367.3000183,-0.332094669
367.3999939,-0.327850819
367.5,-0.334574223
367.6000061,-0.329519749
367.7000122,-0.336004734
367.8000183,-0.328470707
367.8999939,-0.325418949
368,-0.336100101
368.1000061,-0.334478855
368.2000122,-0.332249641
368.3000183,-0.327660084
368.3999939,-0.330759525
368.5,-0.333954334
368.6000061,-0.332523823
368.7000122,-0.331522465
368.8000183,-0.333858967
368.8999939,-0.339151859
369,-0.334335804
369.1000061,-0.338150501
369.2000122,-0.337196827
369.3000183,-0.334836483
369.3999939,-0.329996586
369.5,-0.334002018
369.6000061,-0.331999302
369.7000122,-0.337339878
369.8000183,-0.331379414
369.8999939,-0.323845387
370,-0.327469349
370.1000061,-0.328327656
370.2000122,-0.330258846
370.3000183,-0.332476139
370.3999939,-0.332762241
370.5,-0.32465601
370.6000061,-0.332046986
370.7000122,-0.327183247
370.8000183,-0.32799387
370.8999939,-0.329948902
371,-0.332523823
371.1000061,-0.325418949
371.2000122,-0.333811283
371.3000183,-0.322796345
371.3999939,-0.332571507
371.5,-0.331522465
371.6000061,-0.331558228
371.7000122,-0.330378056
371.8000183,-0.331760883
371.8999939,-0.33223772
372,-0.332714558
372.1000061,-0.334097385
372.2000122,-0.332905293
372.3000183,-0.325705051
372.3999939,-0.323702335
372.5,-0.328947544
372.6000061,-0.334764957
372.7000122,-0.331617832
372.8000183,-0.33159399
372.8999939,-0.329472065
373,-0.330521107
373.1000061,-0.334955692
373.2000122,-0.326563358
373.3000183,-0.335384846
373.3999939,-0.33428812
373.5,-0.333239079
373.6000061,-0.34172678
373.7000122,-0.338913441
373.8000183,-0.328804493
373.8999939,-0.333334446
374,-0.336433887
374.1000061,-0.33261919
374.2000122,-0.33762598
374.3000183,-0.336386204
374.3999939,-0.334860325
374.5,-0.333239079
374.6000061,-0.33261919
374.7000122,-0.329805851
374.8000183,-0.332571507
374.8999939,-0.334383488
375,-0.334192753
375.1000061,-0.335527897
375.2000122,-0.336243153
375.3000183,-0.337292194
375.3999939,-0.33787632
375.5,-0.338913441
375.6000061,-0.339056492
375.7000122,-0.334049702
375.8000183,-0.33929491
375.8999939,-0.343634129
376,-0.337816715
376.1000061,-0.334526539
376.2000122,-0.333191395
376.3000183,-0.340773106
376.3999939,-0.333143711
376.5,-0.336958408
376.6000061,-0.337864399
376.7000122,-0.334621906
376.8000183,-0.330902576
376.8999939,-0.332762241
377,-0.331391335
377.1000061,-0.33261919
377.2000122,-0.32928133
377.3000183,-0.331808567
377.3999939,-0.330890656
377.5,-0.330661178
377.6000061,-0.329996586
377.7000122,-0.329948902
377.8000183,-0.330699921
377.8999939,-0.332285404
378,-0.33056879
378.1000061,-0.326706409
378.2000122,-0.332476139
378.3000183,-0.335289478
378.3999939,-0.330521107
378.5,-0.329710484
378.6000061,-0.329138279
378.7000122,-0.330711842
378.8000183,-0.3296628
378.8999939,-0.333477497
379,-0.329090595
379.1000061,-0.333906651
379.2000122,-0.326086521
379.3000183,-0.324512959
379.3999939,-0.328136921
379.5,-0.330235004
379.6000061,-0.328184605
379.7000122,-0.334431171
379.8000183,-0.335527897
379.8999939,-0.336052418
380,-0.331999302
380.1000061,-0.337435246
380.2000122,-0.333715916
380.3000183,-0.330854893
380.3999939,-0.329090595
380.5,-0.330091953
380.6000061,-0.321032047
380.7000122,-0.327803135
380.8000183,-0.335766315
380.8999939,-0.331236362
381,-0.329042912
381.1000061,-0.327183247
381.2000122,-0.329329014
381.3000183,-0.331212521
381.3999939,-0.332476139
381.5,-0.335861683
381.6000061,-0.332440376
381.7000122,-0.330711842
381.8000183,-0.330711842
381.8999939,-0.325609684
382,-0.324417591
382.1000061,-0.329245567
382.2000122,-0.331808567
382.3000183,-0.335146427
382.3999939,-0.325657368
382.5,-0.330902576
382.6000061,-0.322414875
382.7000122,-0.329090595
382.8000183,-0.331379414
382.8999939,-0.329996586
383,-0.324846745
383.1000061,-0.326467991
383.2000122,-0.322414875
383.3000183,-0.329805851
383.3999939,-0.323750019
383.5,-0.326706409
383.6000061,-0.325609684
383.7000122,-0.319983006
383.8000183,-0.326181889
383.8999939,-0.321699619
384,-0.332333088
384.1000061,-0.325752735
384.2000122,-0.327326298
384.3000183,-0.317121983
384.3999939,-0.326944828
384.5,-0.320030689
384.6000061,-0.326420307
384.7000122,-0.317694187
384.8000183,-0.322891712
384.8999939,-0.323988438
385,-0.329615116
385.1000061,-0.32093668
385.2000122,-0.306869507
385.3000183,-0.320459843
385.3999939,-0.326992512
385.5,-0.324036121
385.6000061,-0.318695545
385.7000122,-0.319029331
385.8000183,-0.320793629
385.8999939,-0.324417591
386,-0.321032047
386.1000061,-0.322891712
386.2000122,-0.321127415
386.3000183,-0.322939396
386.3999939,-0.322128773
386.5,-0.320650578
386.6000061,-0.316978931
386.7000122,-0.319887638
386.8000183,-0.31592989
386.8999939,-0.316454411
387,-0.321461201
387.1000061,-0.317837238
387.2000122,-0.323082447
387.3000183,-0.316645145
387.3999939,-0.312257767
387.5,-0.324369907
387.6000061,-0.318361759
387.7000122,-0.322319508
387.8000183,-0.321413517
387.8999939,-0.321687698
388,-0.317741871
388.1000061,-0.325275898
388.2000122,-0.317074299
388.3000183,-0.310541153
388.3999939,-0.317694187
388.5,-0.319029331
388.6000061,-0.320078373
388.7000122,-0.321699619
388.8000183,-0.32055521
388.8999939,-0.314117908
389,-0.326420307
389.1000061,-0.316025257
389.2000122,-0.315119267
389.3000183,-0.320269108
389.3999939,-0.318266392
389.5,-0.31478548
389.6000061,-0.318933964
389.7000122,-0.324512959
389.8000183,-0.313688755
389.8999939,-0.316311359
390,-0.313688755
390.1000061,-0.317694187
390.2000122,-0.316740513
390.3000183,-0.318027973
390.3999939,-0.317670345
390.5,-0.317789555
390.6000061,-0.318123341
390.7000122,-0.316418648
390.8000183,-0.316597462
390.8999939,-0.313164234
391,-0.312162399
391.1000061,-0.320126057
391.2000122,-0.326944828
391.3000183,-0.315977573
391.3999939,-0.31721735
391.5,-0.317312717
391.6000061,-0.315858364
391.7000122,-0.316025257
391.8000183,-0.312878132
391.8999939,-0.313724518
392,-0.312782764
392.1000061,-0.313211918
392.2000122,-0.310445786
392.3000183,-0.316740513
392.3999939,-0.321699619
392.5,-0.318981647
392.6000061,-0.311637878
392.7000122,-0.326563358
392.8000183,-0.320412159
392.8999939,-0.320459843
393,-0.320126057
393.1000061,-0.319482327
393.2000122,-0.319839954
393.3000183,-0.317503452
393.3999939,-0.313831806
393.5,-0.313545704
393.6000061,-0.317026615
393.7000122,-0.314022541
393.8000183,-0.316263676
393.8999939,-0.311256409
394,-0.313736439
394.1000061,-0.31311655
394.2000122,-0.32389307
394.3000183,-0.317694187
394.3999939,-0.310016632
394.5,-0.314117908
394.6000061,-0.314070225
394.7000122,-0.314117908
394.8000183,-0.309921265
394.8999939,-0.310398221
395,-0.309158325
395.1000061,-0.308395386
395.2000122,-0.305582047
395.3000183,-0.305105209
395.3999939,-0.311256409
395.5,-0.312544346
395.6000061,-0.305105209
395.7000122,-0.315596104
395.8000183,-0.310493469
395.8999939,-0.318457127
396,-0.310255051
396.1000061,-0.308776855
396.2000122,-0.308300018
396.3000183,-0.309873581
396.3999939,-0.307918549
396.5,-0.310827255
396.6000061,-0.306583405
396.7000122,-0.30524826
396.8000183,-0.307537079
396.8999939,-0.309206009
397,-0.309110641
397.1000061,-0.309587479
397.2000122,-0.311328053
397.3000183,-0.311733246
397.3999939,-0.314880848
397.5,-0.302625656
397.6000061,-0.313021183
397.7000122,-0.308395386
397.8000183,-0.309158325
397.8999939,-0.313354969
398,-0.300718307
398.1000061,-0.306821823
398.2000122,-0.315500736
398.3000183,-0.312448502
398.3999939,-0.307489395
398.5,-0.307441711
398.6000061,-0.310731888
398.7000122,-0.310350418
398.8000183,-0.307918549
398.8999939,-0.306917191
399,-0.305582047
399.1000061,-0.309015274
399.2000122,-0.311113358
399.3000183,-0.312448502
399.3999939,-0.306678772
399.5,-0.304771423
399.6000061,-0.306535721
399.7000122,-0.310922623
399.8000183,-0.305200577
399.8999939,-0.302625656
400,-0.308776855
400.1000061,-0.314308643
400.2000122,-0.312162399
400.3000183,-0.310970306
400.3999939,-0.309909344
400.5,-0.308204651
400.6000061,-0.308300018
400.7000122,-0.307394028
400.8000183,-0.307489395
400.8999939,-0.305582047
401,-0.30639267
401.1000061,-0.303472042
401.2000122,-0.301195145
401.3000183,-0.300718307
401.3999939,-0.306249619
401.5,-0.310827255
401.6000061,-0.306154251
401.7000122,-0.301815033
401.8000183,-0.311923981
401.8999939,-0.305582047
402,-0.304866791
402.1000061,-0.307346344
402.2000122,-0.305200577
402.3000183,-0.307858944
402.3999939,-0.310731888
402.5,-0.308156967
402.6000061,-0.311590195
402.7000122,-0.302244186
402.8000183,-0.299383163
402.8999939,-0.304628372
403,-0.299383163
403.1000061,-0.296951294
403.2000122,-0.304103851
403.3000183,-0.312878132
403.3999939,-0.293708801
403.5,-0.301767349
403.6000061,-0.304676056
403.7000122,-0.30896759
403.8000183,-0.307060242
403.8999939,-0.306726456
404,-0.309158325
404.1000061,-0.308729172
404.2000122,-0.300384521
404.3000183,-0.306249619
404.3999939,-0.300527573
404.5,-0.299097061
404.6000061,-0.307489395
404.7000122,-0.308490753
404.8000183,-0.305295944
404.8999939,-0.30138588
405,-0.301528931
405.1000061,-0.304401875
405.2000122,-0.307775497
405.3000183,-0.306917191
405.3999939,-0.307107925
405.5,-0.307620525
405.6000061,-0.308633804
405.7000122,-0.307823181
405.8000183,-0.305200577
405.8999939,-0.302959442
406,-0.306917191
406.1000061,-0.303770065
406.2000122,-0.30229187
406.3000183,-0.307107925
406.3999939,-0.294090271
406.5,-0.312448502
406.6000061,-0.307918549
406.7000122,-0.307775497
406.8000183,-0.304151535
406.8999939,-0.303627014
407,-0.300575256
407.1000061,-0.299860001
407.2000122,-0.30138588
407.3000183,-0.308681488
407.3999939,-0.296283722
407.5,-0.302339554
407.6000061,-0.307203293
407.7000122,-0.307632446
407.8000183,-0.305534363
407.8999939,-0.300479889
408,-0.305677414
408.1000061,-0.300336838
408.2000122,-0.304533005
408.3000183,-0.295759201
408.3999939,-0.299001694
408.5,-0.301576614
408.6000061,-0.300098419
408.7000122,-0.299371243
408.8000183,-0.29857254
408.8999939,-0.297237396
409,-0.300146103
409.1000061,-0.296998978
409.2000122,-0.291086197
409.3000183,-0.304056168
409.3999939,-0.299001694
409.5,-0.307012558
409.6000061,-0.308490753
409.7000122,-0.301862717
409.8000183,-0.303722382
409.8999939,-0.303996563
410,-0.30472374
410.1000061,-0.305677414
410.2000122,-0.303436279
410.3000183,-0.300813675
410.3999939,-0.30305481
410.5,-0.309778214
410.6000061,-0.297857285
410.7000122,-0.308109283
410.8000183,-0.307203293
410.8999939,-0.302959442
411,-0.298191071
411.1000061,-0.302053452
411.2000122,-0.299430847
411.3000183,-0.30357933
411.3999939,-0.302577972
411.5,-0.3019104
411.6000061,-0.304771423
411.7000122,-0.309062958
411.8000183,-0.302530289
411.8999939,-0.294042587
412,-0.299430847
412.1000061,-0.300765991
412.2000122,-0.300384521
412.3000183,-0.301981926
412.3999939,-0.303436279
412.5,-0.303340912
412.6000061,-0.301242828
412.7000122,-0.300098419
412.8000183,-0.301242828
412.8999939,-0.299573898
413,-0.297475815
413.1000061,-0.296808243
413.2000122,-0.298858643
413.3000183,-0.299192429
413.3999939,-0.299788475
413.5,-0.298906326
413.6000061,-0.302196503
413.7000122,-0.298286438
413.8000183,-0.301862717
413.8999939,-0.29895401
414,-0.294137955
414.1000061,-0.299812317
414.2000122,-0.292087555
414.3000183,-0.295330048
414.3999939,-0.293136597
414.5,-0.301958084
414.6000061,-0.309396744
414.7000122,-0.300193787
414.8000183,-0.303293228
414.8999939,-0.295139313
415,-0.291324615
415.1000061,-0.292087555
415.2000122,-0.300384521
415.3000183,-0.301958084
415.3999939,-0.299192429
415.5,-0.299669266
415.6000061,-0.301195145
415.7000122,-0.296331406
415.8000183,-0.286937714
415.8999939,-0.292564392
416,-0.299001694
416.1000061,-0.288606644
416.2000122,-0.297475815
416.3000183,-0.295139313
416.3999939,-0.291801453
416.5,-0.289369583
416.6000061,-0.29857254
416.7000122,-0.300050735
416.8000183,-0.29394722
416.8999939,-0.295520782
417,-0.292421341
417.1000061,-0.294137955
417.2000122,-0.293279648
417.3000183,-0.292421341
417.3999939,-0.292325974
417.5,-0.294805527
417.6000061,-0.298048019
417.7000122,-0.288606644
417.8000183,-0.296712875
417.8999939,-0.292898178
418,-0.295175076
418.1000061,-0.296188354
418.2000122,-0.294900894
418.3000183,-0.295043945
418.3999939,-0.299001694
418.5,-0.294471741
418.6000061,-0.289035797
418.7000122,-0.28612709
418.8000183,-0.292230606
418.8999939,-0.291372299
419,-0.292230606
419.1000061,-0.296426773
419.2000122,-0.29536581
419.3000183,-0.296045303
419.3999939,-0.294087291
419.5,-0.292421341
419.6000061,-0.292516708
419.7000122,-0.293231964
419.8000183,-0.293851852
419.8999939,-0.294137955
420,-0.290847778
420.1000061,-0.297428131
420.2000122,-0.288749695
420.3000183,-0.296522141
420.3999939,-0.296426773
420.5,-0.291706085
420.6000061,-0.282884598
420.7000122,-0.287700653
420.8000183,-0.290943146
420.8999939,-0.28817749
421,-0.283647537
421.1000061,-0.299526215
421.2000122,-0.292421341
421.3000183,-0.289083481
421.3999939,-0.2852211
421.5,-0.284982681
421.6000061,-0.294567108
421.7000122,-0.291753769
421.8000183,-0.286651611
421.8999939,-0.282169342
422,-0.282693863
422.1000061,-0.285411835
422.2000122,-0.29523468
422.3000183,-0.293375015
422.3999939,-0.29163456
422.5,-0.289035797
422.6000061,-0.288892746
422.7000122,-0.287700653
422.8000183,-0.292087555
422.8999939,-0.286222458
423,-0.283218384
423.1000061,-0.288320541
423.2000122,-0.28483963
423.3000183,-0.284029007
423.3999939,-0.295377731
423.5,-0.292898178
423.6000061,-0.286413193
423.7000122,-0.284362793
423.8000183,-0.285781384
423.8999939,-0.287319183
424,-0.285030365
424.1000061,-0.287319183
424.2000122,-0.286937714
424.3000183,-0.28855896
424.3999939,-0.290800095
424.5,-0.287796021
424.6000061,-0.287319183
424.7000122,-0.290657043
424.8000183,-0.296236038
424.8999939,-0.286174774
425,-0.292898178
425.1000061,-0.282693863
425.2000122,-0.282741547
425.3000183,-0.28984642
425.3999939,-0.295711517
425.5,-0.289357662
425.6000061,-0.28612709
425.7000122,-0.285745621
425.8000183,-0.277353287
425.8999939,-0.284565449
426,-0.287652969
426.1000061,-0.287509918
426.2000122,-0.287700653
426.3000183,-0.287414551
426.3999939,-0.28689003
426.5,-0.287557602
426.6000061,-0.27854538
426.7000122,-0.283218384
426.8000183,-0.291181564
426.8999939,-0.289703369
427,-0.288892746
427.1000061,-0.29394722
427.2000122,-0.285984039
427.3000183,-0.289059639
427.3999939,-0.288225174
427.5,-0.288082123
427.6000061,-0.285507202
427.7000122,-0.284756184
427.8000183,-0.283218384
427.8999939,-0.282217026
428,-0.290466309
428.1000061,-0.282026291
428.2000122,-0.285936356
428.3000183,-0.284648895
428.3999939,-0.287986755
428.5,-0.28150177
428.6000061,-0.284172058
428.7000122,-0.283838272
428.8000183,-0.282646179
428.8999939,-0.284219742
429,-0.281167984
429.1000061,-0.279356003
429.2000122,-0.278879166
429.3000183,-0.279379845
429.3999939,-0.277114868
429.5,-0.282169342
429.6000061,-0.279928207
429.7000122,-0.277973175
429.8000183,-0.279785156
429.8999939,-0.285268784
430,-0.282550812
430.1000061,-0.280738831
430.2000122,-0.284410477
430.3000183,-0.283504486
430.3999939,-0.285125732
430.5,-0.283742905
430.6000061,-0.286937714
430.7000122,-0.28560257
430.8000183,-0.285554886
430.8999939,-0.278259277
431,-0.285268784
431.1000061,-0.277162552
431.2000122,-0.288797379
431.3000183,-0.283123016
431.3999939,-0.283885956
431.5,-0.278879166
431.6000061,-0.276304245
431.7000122,-0.274921417
431.8000183,-0.279689789
431.8999939,-0.285316467
432,-0.289417267
432.1000061,-0.284982681
432.2000122,-0.272918701
432.3000183,-0.278831482
432.3999939,-0.275875092
432.5,-0.283885956
432.6000061,-0.280357361
432.7000122,-0.275779724
432.8000183,-0.282598495
432.8999939,-0.277496338
433,-0.283313751
433.1000061,-0.27983284
433.2000122,-0.277639389
433.3000183,-0.280881882
433.3999939,-0.274015427
433.5,-0.277734756
433.6000061,-0.283695221
433.7000122,-0.279022217
433.8000183,-0.281358719
433.8999939,-0.283266068
434,-0.288797379
434.1000061,-0.28150177
434.2000122,-0.287557602
434.3000183,-0.286603928
434.3999939,-0.282455444
434.5,-0.277925491
434.6000061,-0.277305603
434.7000122,-0.274921417
434.8000183,-0.281787872
434.8999939,-0.277448654
435,-0.280881882
435.1000061,-0.276447296
435.2000122,-0.274635315
435.3000183,-0.277591705
435.3999939,-0.275445938
435.5,-0.276828766
435.6000061,-0.277544022
435.7000122,-0.280083179
435.8000183,-0.283409119
435.8999939,-0.282550812
436,-0.281072617
436.1000061,-0.279403687
436.2000122,-0.278926849
436.3000183,-0.289608002
436.3999939,-0.268960953
436.5,-0.281311035
436.6000061,-0.286317825
436.7000122,-0.281549454
436.8000183,-0.282550812
436.8999939,-0.28560257
437,-0.27520752
437.1000061,-0.285697937
437.2000122,-0.277067184
437.3000183,-0.286365509
437.3999939,-0.275445938
437.5,-0.269771576
437.6000061,-0.27945137
437.7000122,-0.287652969
437.8000183,-0.284219742
437.8999939,-0.281024933
438,-0.273538589
438.1000061,-0.2852211
438.2000122,-0.27520752
438.3000183,-0.273729324
438.3999939,-0.28278923
438.5,-0.277496338
438.6000061,-0.272060394
438.7000122,-0.286556244
438.8000183,-0.278306961
438.8999939,-0.282979965
439,-0.275302887
439.1000061,-0.288129807
439.2000122,-0.281549454
439.3000183,-0.275588989
439.3999939,-0.278450012
439.5,-0.280118942
439.6000061,-0.283456802
439.7000122,-0.272966385
439.8000183,-0.277973175
439.8999939,-0.281311035
440,-0.287462234
440.1000061,-0.281644821
440.2000122,-0.288320541
440.3000183,-0.280786514
440.3999939,-0.276447296
440.5,-0.27406311
440.6000061,-0.28021431
440.7000122,-0.282026291
440.8000183,-0.278688431
440.8999939,-0.282026291
441,-0.280977249
441.1000061,-0.283981323
441.2000122,-0.285316467
441.3000183,-0.27573204
441.3999939,-0.277830124
441.5,-0.283742905
441.6000061,-0.285554886
441.7000122,-0.282884598
441.8000183,-0.279880524
441.8999939,-0.290800095
442,-0.284982681
442.1000061,-0.277353287
442.2000122,-0.279928207
442.3000183,-0.281311035
442.3999939,-0.28393364
442.5,-0.280738831
442.6000061,-0.283599854
442.7000122,-0.282884598
442.8000183,-0.282693863
442.8999939,-0.285459518
443,-0.281895161
443.1000061,-0.27983284
443.2000122,-0.279594421
443.3000183,-0.282407761
443.3999939,-0.28278923
443.5,-0.277019501
443.6000061,-0.27945137
443.7000122,-0.278604984
443.8000183,-0.280023575
443.8999939,-0.277925491
444,-0.278974533
444.1000061,-0.278354645
444.2000122,-0.283742905
444.3000183,-0.280166626
444.3999939,-0.285459518
444.5,-0.284219742
444.6000061,-0.286556244
444.7000122,-0.2831707
444.8000183,-0.285840988
444.8999939,-0.278211594
445,-0.283123016
445.1000061,-0.274730682
445.2000122,-0.28483963
445.3000183,-0.276542664
445.3999939,-0.278306961
445.5,-0.274492264
445.6000061,-0.279117584
445.7000122,-0.275588989
445.8000183,-0.274015427
445.8999939,-0.276685715
446,-0.279308319
446.1000061,-0.282264709
446.2000122,-0.282646179
446.3000183,-0.27649498
446.3999939,-0.285459518
446.5,-0.273967743
446.6000061,-0.282073975
446.7000122,-0.287986755
446.8000183,-0.284172058
446.8999939,-0.287509918
447,-0.276781082
447.1000061,-0.283695221
447.2000122,-0.286413193
447.3000183,-0.281787872
447.3999939,-0.277877808
447.5,-0.273252487
447.6000061,-0.28188324
447.7000122,-0.279975891
447.8000183,-0.282371998
447.8999939,-0.284267426
448,-0.283361435
448.1000061,-0.277734756
448.2000122,-0.276208878
448.3000183,-0.280595779
448.3999939,-0.279069901
448.5,-0.281644821
448.6000061,-0.284887314
448.7000122,-0.276447296
448.8000183,-0.278926849
448.8999939,-0.279212952
449,-0.26905632
449.1000061,-0.280643463
449.2000122,-0.273347855
449.3000183,-0.279165268
449.3999939,-0.279403687
449.5,-0.270629883
449.6000061,-0.283313751
449.7000122,-0.276590347
449.8000183,-0.282073975
449.8999939,-0.274110794
450,-0.275302887
450.1000061,-0.286079407
450.2000122,-0.269914627
450.3000183,-0.276781082
450.3999939,-0.274492264
450.5,-0.271631241
450.6000061,-0.274969101
450.7000122,-0.278354645
450.8000183,-0.281072617
450.8999939,-0.286937714
451,-0.281978607
451.1000061,-0.27649498
451.2000122,-0.279499054
451.3000183,-0.279308319
451.3999939,-0.274206161
451.5,-0.281311035
451.6000061,-0.273681641
451.7000122,-0.279737473
451.8000183,-0.278354645
451.8999939,-0.27945137
452,-0.279546738
452.1000061,-0.279928207
452.2000122,-0.273061752
452.3000183,-0.289035797
452.3999939,-0.280166626
452.5,-0.286365509
452.6000061,-0.27983284
452.7000122,-0.279356003
452.8000183,-0.27649498
452.8999939,-0.277734756
453,-0.276208878
453.1000061,-0.275302887
453.2000122,-0.275302887
453.3000183,-0.275696278
453.3999939,-0.27649498
453.5,-0.275684357
453.6000061,-0.27778244
453.7000122,-0.279403687
453.8000183,-0.279546738
453.8999939,-0.273824692
454,-0.270772934
454.1000061,-0.278974533
454.2000122,-0.268484116
454.3000183,-0.276971817
454.3999939,-0.27520752
454.5,-0.277210236
454.6000061,-0.276399612
454.7000122,-0.275493622
454.8000183,-0.277687073
454.8999939,-0.275612831
455,-0.272680283
455.1000061,-0.276590347
455.2000122,-0.272871017
455.3000183,-0.275493622
455.3999939,-0.274301529
455.5,-0.276900291
455.6000061,-0.278879166
455.7000122,-0.278926849
455.8000183,-0.276304245
455.8999939,-0.273681641
456,-0.273729324
456.1000061,-0.272072315
456.2000122,-0.269580841
456.3000183,-0.271297455
456.3999939,-0.268770218
456.5,-0.272537231
456.6000061,-0.272155762
456.7000122,-0.27277565
456.8000183,-0.275779724
456.8999939,-0.274230003
457,-0.275636673
457.1000061,-0.272727966
457.2000122,-0.268341064
457.3000183,-0.268603325
457.3999939,-0.265766144
457.5,-0.267578125
457.6000061,-0.270820618
457.7000122,-0.276971817
457.8000183,-0.278497696
457.8999939,-0.277019501
458,-0.270963669
458.1000061,-0.266624451
458.2000122,-0.27611351
458.3000183,-0.272441864
458.3999939,-0.269914627
458.5,-0.267625809
458.6000061,-0.270009995
458.7000122,-0.267852306
458.8000183,-0.266767502
458.8999939,-0.26700592
459,-0.269008636
459.1000061,-0.268484116
459.2000122,-0.266815186
459.3000183,-0.269723892
459.3999939,-0.265539646
459.5,-0.265432358
459.6000061,-0.269607663
459.7000122,-0.27611351
459.8000183,-0.271345139
459.8999939,-0.266862869
460,-0.275636673
460.1000061,-0.263572693
460.2000122,-0.268484116
460.3000183,-0.266767502
460.3999939,-0.272251129
460.5,-0.268198013
460.6000061,-0.263000488
460.7000122,-0.267053604
460.8000183,-0.27148819
460.8999939,-0.268054962
461,-0.263525009
461.1000061,-0.266624451
461.2000122,-0.26571846
461.3000183,-0.272203445
461.3999939,-0.267530441
461.5,-0.274349213
461.6000061,-0.26071167
461.7000122,-0.272203445
461.8000183,-0.26609993
461.8999939,-0.269533157
462,-0.259614944
462.1000061,-0.262619019
462.2000122,-0.271440506
462.3000183,-0.267816544
462.3999939,-0.265241623
462.5,-0.267482758
462.6000061,-0.27110672
462.7000122,-0.26943779
462.8000183,-0.263572693
462.8999939,-0.267292023
463,-0.264287949
463.1000061,-0.259614944
463.2000122,-0.262142181
463.3000183,-0.263191223
463.3999939,-0.25942421
463.5,-0.26738739
463.6000061,-0.273204803
463.7000122,-0.277210236
463.8000183,-0.25994873
463.8999939,-0.264812469
464,-0.260950089
464.1000061,-0.266517162
464.2000122,-0.269962311
464.3000183,-0.270343781
464.3999939,-0.269890785
464.5,-0.270915985
464.6000061,-0.268341064
464.7000122,-0.26533699
464.8000183,-0.276685715
464.8999939,-0.267053604
465,-0.259519577
465.1000061,-0.264955521
465.2000122,-0.271440506
465.3000183,-0.264287949
465.3999939,-0.263763428
465.5,-0.265098572
465.6000061,-0.269771576
465.7000122,-0.253845215
465.8000183,-0.26109314
465.8999939,-0.273538589
466,-0.26738739
466.1000061,-0.269580841
466.2000122,-0.259901047
466.3000183,-0.270629883
466.3999939,-0.265193939
466.5,-0.262666702
466.6000061,-0.272203445
466.7000122,-0.255847931
466.8000183,-0.272584915
466.8999939,-0.264192581
467,-0.271059036
467.1000061,-0.259471893
467.2000122,-0.258995056
467.3000183,-0.260377884
467.3999939,-0.264812469
467.5,-0.269247055
467.6000061,-0.270629883
467.7000122,-0.270260334
467.8000183,-0.274349213
467.8999939,-0.266815186
468,-0.261808395
468.1000061,-0.255609512
468.2000122,-0.267864227
468.3000183,-0.257469177
468.3999939,-0.261903763
468.5,-0.265098572
468.6000061,-0.264097214
468.7000122,-0.265241623
468.8000183,-0.258470535
468.8999939,-0.265050888
469,-0.258804321
469.1000061,-0.264526367
469.2000122,-0.259662628
469.3000183,-0.275970459
469.3999939,-0.267053604
469.5,-0.256324768
469.6000061,-0.259519577
469.7000122,-0.259662628
469.8000183,-0.266195297
469.8999939,-0.259471893
470,-0.265432358
470.1000061,-0.264383316
470.2000122,-0.263548851
470.3000183,-0.262571335
470.3999939,-0.261808395
470.5,-0.261653423
470.6000061,-0.26071167
470.7000122,-0.261522293
470.8000183,-0.261534214
470.8999939,-0.261808395
471,-0.262094498
471.1000061,-0.264478683
471.2000122,-0.262952805
471.3000183,-0.256706238
471.3999939,-0.259805679
471.5,-0.263429642
471.6000061,-0.260568619
471.7000122,-0.265861511
471.8000183,-0.255132675
471.8999939,-0.256849289
472,-0.266386032
472.1000061,-0.262142181
472.2000122,-0.2664814
472.3000183,-0.259614944
472.3999939,-0.257469177
472.5,-0.263000488
472.6000061,-0.262046814
472.7000122,-0.262666702
472.8000183,-0.258708954
472.8999939,-0.261951447
473,-0.258804321
473.1000061,-0.257564545
473.2000122,-0.255943298
473.3000183,-0.260675907
473.3999939,-0.264383316
473.5,-0.264812469
473.6000061,-0.264371395
473.7000122,-0.26199913
473.8000183,-0.261566997
473.8999939,-0.259996414
474,-0.259901047
474.1000061,-0.264574051
474.2000122,-0.261379242
474.3000183,-0.251794815
474.3999939,-0.254179001
474.5,-0.25775528
474.6000061,-0.266338348
474.7000122,-0.252223969
474.8000183,-0.261474609
474.8999939,-0.262475967
475,-0.262619019
475.1000061,-0.262332916
475.2000122,-0.261665344
475.3000183,-0.262571335
475.3999939,-0.260878563
475.5,-0.260187149
475.6000061,-0.259090424
475.7000122,-0.256658554
475.8000183,-0.253177643
475.8999939,-0.254179001
476,-0.253797531
476.1000061,-0.254703522
476.2000122,-0.261617661
476.3000183,-0.255418777
476.3999939,-0.259996414
476.5,-0.258995056
476.6000061,-0.263954163
476.7000122,-0.257707596
476.8000183,-0.26276207
476.8999939,-0.261283875
477,-0.254417419
477.1000061,-0.264383316
477.2000122,-0.247503281
477.3000183,-0.262523651
477.3999939,-0.256372452
477.5,-0.248790741
477.6000061,-0.2623806
477.7000122,-0.252986908
477.8000183,-0.256515503
477.8999939,-0.25942421
478,-0.260091782
478.1000061,-0.257087708
478.2000122,-0.257040024
478.3000183,-0.259698391
478.3999939,-0.262857437
478.5,-0.261808395
478.6000061,-0.255609512
478.7000122,-0.257326126
478.8000183,-0.261045456
478.8999939,-0.262714386
479,-0.252510071
479.1000061,-0.253320694
479.2000122,-0.255657196
479.3000183,-0.260663986
479.3999939,-0.257612228
479.5,-0.255800247
479.6000061,-0.265623093
479.7000122,-0.250745773
479.8000183,-0.261713028
479.8999939,-0.252462387
480,-0.255609512
480.1000061,-0.257135391
480.2000122,-0.263381958
480.3000183,-0.268913269
480.3999939,-0.262928963
480.5,-0.259567261
480.6000061,-0.259853363
480.7000122,-0.2582798
480.8000183,-0.25494194
480.8999939,-0.261379242
481,-0.258232117
481.1000061,-0.25866127
481.2000122,-0.255943298
481.3000183,-0.265193939
481.3999939,-0.256277084
481.5,-0.268054962
481.6000061,-0.264144897
481.7000122,-0.262142181
481.8000183,-0.258375168
481.8999939,-0.265670776
482,-0.262142181
482.1000061,-0.261903763
482.2000122,-0.259746075
482.3000183,-0.256086349
482.3999939,-0.258852005
482.5,-0.260663986
482.6000061,-0.263095856
482.7000122,-0.2623806
482.8000183,-0.262094498
482.8999939,-0.26366806
483,-0.261665344
483.1000061,-0.258041382
483.2000122,-0.254989624
483.3000183,-0.2582798
483.3999939,-0.256110191
483.5,-0.257087708
483.6000061,-0.258571863
483.7000122,-0.260377884
483.8000183,-0.26071167
483.8999939,-0.256134033
484,-0.266672134
484.1000061,-0.259567261
484.2000122,-0.26109314
484.3000183,-0.256658554
484.3999939,-0.268817902
484.5,-0.261188507
484.6000061,-0.264526367
484.7000122,-0.253177643
484.8000183,-0.258041382
484.8999939,-0.25570488
485,-0.256110191
485.1000061,-0.255228043
485.2000122,-0.255466461
485.3000183,-0.256408215
485.3999939,-0.256181717
485.5,-0.258756638
485.6000061,-0.252319336
485.7000122,-0.257409573
485.8000183,-0.258995056
485.8999939,-0.259567261
486,-0.261438847
486.1000061,-0.264526367
486.2000122,-0.262666702
486.3000183,-0.256038666
486.3999939,-0.264144897
486.5,-0.249744415
486.6000061,-0.257326126
486.7000122,-0.255514145
486.8000183,-0.257707596
486.8999939,-0.248552322
487,-0.254703522
487.1000061,-0.261665344
487.2000122,-0.256801605
487.3000183,-0.258518219
487.3999939,-0.259138107
487.5,-0.2582798
487.6000061,-0.256896973
487.7000122,-0.258565903
487.8000183,-0.258494377
487.8999939,-0.25737381
488,-0.256879091
488.1000061,-0.255561829
488.2000122,-0.256086349
488.3000183,-0.260377884
488.3999939,-0.256801605
488.5,-0.256563187
488.6000061,-0.254179001
488.7000122,-0.252033234
488.8000183,-0.257802963
488.8999939,-0.250221252
489,-0.258470535
489.1000061,-0.255561829
489.2000122,-0.256134033
489.3000183,-0.251508713
489.3999939,-0.2603302
489.5,-0.249744415
489.6000061,-0.255180359
489.7000122,-0.252462387
489.8000183,-0.25031662
489.8999939,-0.254846573
490,-0.250078201
490.1000061,-0.259138107
490.2000122,-0.246501923
490.3000183,-0.24826622
490.3999939,-0.259328842
490.5,-0.255657196
490.6000061,-0.249601364
490.7000122,-0.257278442
490.8000183,-0.250555038
490.8999939,-0.252843857
491,-0.253511429
491.1000061,-0.255275726
491.2000122,-0.252176285
491.3000183,-0.249315262
491.3999939,-0.263238907
491.5,-0.248361588
491.6000061,-0.256277084
491.7000122,-0.259853363
491.8000183,-0.258089066
491.8999939,-0.25699234
492,-0.254798889
492.1000061,-0.255228043
492.2000122,-0.252676964
492.3000183,-0.250888824
492.3999939,-0.249792099
492.5,-0.254190922
492.6000061,-0.256849289
492.7000122,-0.259233475
492.8000183,-0.254274368
492.8999939,-0.255275726
493,-0.250602722
493.1000061,-0.253034592
493.2000122,-0.25122261
493.3000183,-0.254417419
493.3999939,-0.252605438
493.5,-0.247217178
493.6000061,-0.24993515
493.7000122,-0.253511429
493.8000183,-0.260854721
493.8999939,-0.251174927
494,-0.244976044
494.1000061,-0.261188507
494.2000122,-0.253845215
494.3000183,-0.250078201
494.3999939,-0.248218536
494.5,-0.259185791
494.6000061,-0.255084991
494.7000122,-0.250602722
494.8000183,-0.246025085
494.8999939,-0.249362946
495,-0.256038666
495.1000061,-0.254989624
495.2000122,-0.246358871
495.3000183,-0.246311188
495.3999939,-0.249839783
495.5,-0.245452881
495.6000061,-0.24826622
495.7000122,-0.253034592
495.8000183,-0.253225327
495.8999939,-0.250936508
496,-0.248075485
496.1000061,-0.25699234
496.2000122,-0.25031662
496.3000183,-0.25327301
496.3999939,-0.256849289
496.5,-0.24826622
496.6000061,-0.251651764
496.7000122,-0.247646332
496.8000183,-0.247515202
496.8999939,-0.243974686
497,-0.246788025
497.1000061,-0.255514145
497.2000122,-0.254798889
497.3000183,-0.24955368
497.3999939,-0.252033234
497.5,-0.255084991
497.6000061,-0.250936508
497.7000122,-0.251842499
497.8000183,-0.249124527
497.8999939,-0.24902916
498,-0.248552322
498.1000061,-0.252033234
498.2000122,-0.257230759
498.3000183,-0.258613586
498.3999939,-0.246454239
498.5,-0.256753922
498.6000061,-0.249076843
498.7000122,-0.247121811
498.8000183,-0.249219894
498.8999939,-0.250459671
499,-0.249744415
499.1000061,-0.253416061
499.2000122,-0.253463745
499.3000183,-0.251031876
499.3999939,-0.250328541
499.5,-0.248600006
499.6000061,-0.248218536
499.7000122,-0.24993515
499.8000183,-0.249100685
499.8999939,-0.248361588
500,-0.249887466
500.1000061,-0.250257015
500.2000122,-0.250003695
500.3000183,-0.249696732
500.3999939,-0.250173569
500.5,-0.25160408
500.6000061,-0.242591858
500.7000122,-0.246406555
500.8000183,-0.251508713
500.8999939,-0.24659729
501,-0.257469177
501.1000061,-0.258470535
501.2000122,-0.256229401
501.3000183,-0.254560471
501.3999939,-0.246120453
501.5,-0.248695374
501.6000061,-0.256229401
501.7000122,-0.251317978
501.8000183,-0.244737625
501.8999939,-0.249172211
502,-0.251890182
502.1000061,-0.25198555
502.2000122,-0.252176285
502.3000183,-0.253940582
502.3999939,-0.255752563
502.5,-0.255847931
502.6000061,-0.253761768
502.7000122,-0.254894257
502.8000183,-0.248552322
502.8999939,-0.253988266
503,-0.251699448
503.1000061,-0.248361588
503.2000122,-0.244117737
503.3000183,-0.2436409
503.3999939,-0.244070053
503.5,-0.24659729
503.6000061,-0.248361588
503.7000122,-0.25031662
503.8000183,-0.242210388
503.8999939,-0.24530983
504,-0.250030518
504.1000061,-0.247789383
504.2000122,-0.251031876
504.3000183,-0.249601364
504.3999939,-0.250459671
504.5,-0.249124527
504.6000061,-0.247360229
504.7000122,-0.245262146
504.8000183,-0.245810509
504.8999939,-0.245023727
505,-0.245595932
505.1000061,-0.247777462
505.2000122,-0.249982834
505.3000183,-0.250507355
505.3999939,-0.24325943
505.5,-0.248790741
505.6000061,-0.243545532
505.7000122,-0.240922928
505.8000183,-0.247312546
505.8999939,-0.242067337
506,-0.244642258
506.1000061,-0.255943298
506.2000122,-0.24993515
506.3000183,-0.241161346
506.3999939,-0.249172211
506.5,-0.245882034
506.6000061,-0.249410629
506.7000122,-0.250268936
506.8000183,-0.243307114
506.8999939,-0.245023727
507,-0.243068695
507.1000061,-0.248552322
507.2000122,-0.25403595
507.3000183,-0.24249649
507.3999939,-0.245882034
507.5,-0.237632751
507.6000061,-0.24864769
507.7000122,-0.237585068
507.8000183,-0.243497849
507.8999939,-0.24864769
508,-0.245834351
508.1000061,-0.249219894
508.2000122,-0.248313904
508.3000183,-0.248528481
508.3999939,-0.249076843
508.5,-0.247503281
508.6000061,-0.248886108
508.7000122,-0.248087406
508.8000183,-0.247550964
508.8999939,-0.248409271
509,-0.249649048
509.1000061,-0.253034592
509.2000122,-0.251317978
509.3000183,-0.253559113
509.3999939,-0.24902916
509.5,-0.246501923
509.6000061,-0.245452881
509.7000122,-0.253511429
509.8000183,-0.250125885
509.8999939,-0.24530983
510,-0.251651764
510.1000061,-0.24826622
510.2000122,-0.252223969
510.3000183,-0.257087708
510.3999939,-0.253368378
510.5,-0.249505997
510.6000061,-0.252462387
510.7000122,-0.252271652
510.8000183,-0.252772331
510.8999939,-0.253702164
511,-0.252653122
511.1000061,-0.253511429
511.2000122,-0.252748489
511.3000183,-0.244832993
511.3999939,-0.242925644
511.5,-0.250745773
511.6000061,-0.248886108
511.7000122,-0.250221252
511.8000183,-0.251806736
511.8999939,-0.254608154
512,-0.253511429
512.1000366,-0.245023727
512.2000122,-0.25532341
512.2999878,-0.244499207
512.4000244,-0.246740341
512.5,-0.245691299
512.6000366,-0.244403839
512.7000122,-0.245357513
512.7999878,-0.247205257
512.9000244,-0.248886108
513,-0.250173569
513.1000366,-0.248123169
513.2000122,-0.244594574
513.2999878,-0.250650406
513.4000244,-0.243402481
513.5,-0.252843857
513.6000366,-0.247598648
513.7000122,-0.249362946
513.7999878,-0.249267578
513.9000244,-0.244403839
514,-0.241685867
514.1000366,-0.242401123
514.2000122,-0.245166779
514.2999878,-0.250173569
514.4000244,-0.246406555
514.5,-0.249446392
514.6000366,-0.249124527
514.7000122,-0.252080917
514.7999878,-0.248695374
514.9000244,-0.240159988
515,-0.256944656
515.1000366,-0.242687225
515.2000122,-0.246025085
515.2999878,-0.25160408
515.4000244,-0.245691299
515.5,-0.247455597
515.6000366,-0.249410629
515.7000122,-0.242639542
515.7999878,-0.251079559
515.9000244,-0.244403839
516,-0.247312546
516.1000366,-0.246120453
516.2000122,-0.246120453
516.2999878,-0.240732193
516.4000244,-0.250793457
516.5,-0.246072769
516.6000366,-0.24249649
516.7000122,-0.24325943
516.7999878,-0.244689941
516.9000244,-0.247407913
517,-0.241542816
517.1000366,-0.24864769
517.2000122,-0.243879318
517.2999878,-0.243068695
517.4000244,-0.242174625
517.5,-0.241495132
517.6000366,-0.240255356
517.7000122,-0.244499207
517.7999878,-0.236011505
517.9000244,-0.243116379
518,-0.236249924
518.1000366,-0.250602722
518.2000122,-0.247789383
518.2999878,-0.247217178
518.4000244,-0.245417118
518.5,-0.243831635
518.6000366,-0.242830276
518.7000122,-0.242472649
518.7999878,-0.241542816
518.9000244,-0.241685867
519,-0.244308472
519.1000366,-0.250984192
519.2000122,-0.242401123
519.2999878,-0.237346649
519.4000244,-0.240589142
519.5,-0.240207672
519.6000366,-0.239587784
519.7000122,-0.239206314
519.7999878,-0.242210388
519.9000244,-0.243354797
520,-0.24659729
520.1000366,-0.243783951
520.2000122,-0.244785309
520.2999878,-0.239635468
520.4000244,-0.2395401
520.5,-0.241173267
520.6000366,-0.243450165
520.7000122,-0.242067337
520.7999878,-0.246072769
520.9000244,-0.234867096
521,-0.24788475
521.1000366,-0.241065979
521.2000122,-0.247264862
521.2999878,-0.24030304
521.4000244,-0.24864769
521.5,-0.246501923
521.6000366,-0.240112305
521.7000122,-0.241304398
521.7999878,-0.239110947
521.9000244,-0.237442017
522,-0.237298965
522.1000366,-0.241495132
522.2000122,-0.242448807
522.2999878,-0.242830276
522.4000244,-0.249076843
522.5,-0.236917496
522.6000366,-0.24902916
522.7000122,-0.239349365
522.7999878,-0.2436409
522.9000244,-0.239397049
523,-0.247121811
523.1000366,-0.249124527
523.2000122,-0.235439301
523.2999878,-0.236488342
523.4000244,-0.242591858
523.5,-0.244260788
523.6000366,-0.243211746
523.7000122,-0.234962463
523.7999878,-0.246263504
523.9000244,-0.237585068
524,-0.236822128
524.1000366,-0.24082756
524.2000122,-0.238491058
524.2999878,-0.23491478
524.4000244,-0.236917496
524.5,-0.237823486
524.6000366,-0.234962463
524.7000122,-0.2374897
524.7999878,-0.233007431
524.9000244,-0.238824844
525,-0.237108231
525.1000366,-0.23582077
525.2000122,-0.243831635
525.2999878,-0.23286438
525.4000244,-0.242830276
525.5,-0.227380753
525.6000366,-0.236869812
525.7000122,-0.237155914
525.7999878,-0.232959747
525.9000244,-0.239063263
526,-0.242973328
526.1000366,-0.235725403
526.2000122,-0.234724045
526.2999878,-0.234056473
526.4000244,-0.239635468
526.5,-0.233198166
526.6000366,-0.22542572
526.7000122,-0.243068695
526.7999878,-0.235677719
526.9000244,-0.243021011
527,-0.235391617
527.1000366,-0.245500565
527.2000122,-0.234199524
527.2999878,-0.231243134
527.4000244,-0.238824844
527.5,-0.236726761
527.6000366,-0.238491058
527.7000122,-0.23787117
527.7999878,-0.242973328
527.9000244,-0.241304398
528,-0.241924286
528.1000366,-0.242448807
528.2000122,-0.244499207
528.2999878,-0.240887165
528.4000244,-0.239826202
528.5,-0.236774445
528.6000366,-0.238753319
528.7000122,-0.238634109
528.7999878,-0.239778519
528.9000244,-0.239051342
529,-0.239730835
529.1000366,-0.238061905
529.2000122,-0.237251282
529.2999878,-0.228954315
529.4000244,-0.238204956
529.5,-0.232721329
529.6000366,-0.239635468
529.7000122,-0.239015579
529.7999878,-0.235773087
529.9000244,-0.234104156
530,-0.236917496
530.1000366,-0.237155914
530.2000122,-0.230241776
530.2999878,-0.245929718
530.4000244,-0.231767654
530.5,-0.228811264
530.6000366,-0.243021011
530.7000122,-0.227523804
530.7999878,-0.235582352
530.9000244,-0.234867096
531,-0.240159988
531.1000366,-0.230289459
531.2000122,-0.239110947
531.2999878,-0.244117737
531.4000244,-0.23825264
531.5,-0.236869812
531.6000366,-0.235916138
531.7000122,-0.23658371
531.7999878,-0.23453331
531.9000244,-0.236059189
532,-0.23286438
532.1000366,-0.228286743
532.2000122,-0.235630035
532.2999878,-0.231004715
532.4000244,-0.233198166
532.5,-0.232435226
532.6000366,-0.234676361
532.7000122,-0.230957031
532.7999878,-0.232292175
532.9000244,-0.233019352
533,-0.232438207
533.1000366,-0.23248291
533.2000122,-0.231958389
533.2999878,-0.230766296
533.4000244,-0.233675003
533.5,-0.243068695
533.6000366,-0.242401123
533.7000122,-0.23979044
533.7999878,-0.239063263
533.9000244,-0.234628677
534,-0.237585068
534.1000366,-0.226427078
534.2000122,-0.23081398
534.2999878,-0.222135544
534.4000244,-0.232387543
534.5,-0.234771729
534.6000366,-0.235916138
534.7000122,-0.230480194
534.7999878,-0.234485626
534.9000244,-0.228382111
535,-0.23286438
535.1000366,-0.23582077
535.2000122,-0.23248291
535.2999878,-0.236488342
535.4000244,-0.235248566
535.5,-0.237203598
535.6000366,-0.238348007
535.7000122,-0.23491478
535.7999878,-0.229192734
535.9000244,-0.228382111
536,-0.229872227
536.1000366,-0.229001999
536.2000122,-0.232912064
536.2999878,-0.236726761
536.4000244,-0.235534668
536.5,-0.232816696
536.6000366,-0.235963821
536.7000122,-0.233961105
536.7999878,-0.228429794
536.9000244,-0.22747612
537,-0.235534668
537.1000366,-0.240064621
537.2000122,-0.243736267
537.2999878,-0.224567413
537.4000244,-0.244403839
537.5,-0.226665497
537.6000366,-0.228620529
537.7000122,-0.233293533
537.7999878,-0.22375679
537.9000244,-0.231386185
538,-0.231719971
538.1000366,-0.231100082
538.2000122,-0.228477478
538.2999878,-0.229001999
538.4000244,-0.230861664
538.5,-0.233150482
538.6000366,-0.232816696
538.7000122,-0.229955673
538.7999878,-0.22876358
538.9000244,-0.234485626
539,-0.240779877
539.1000366,-0.236392975
539.2000122,-0.235248566
539.2999878,-0.235856533
539.4000244,-0.23453331
539.5,-0.237251282
539.6000366,-0.234199524
539.7000122,-0.23440218
539.7999878,-0.232292175
539.9000244,-0.233865738
540,-0.231719971
540.1000366,-0.234104156
540.2000122,-0.241352081
540.2999878,-0.226808548
540.4000244,-0.237394333
540.5,-0.226236343
540.6000366,-0.235248566
540.7000122,-0.225187302
540.7999878,-0.229764938
540.9000244,-0.236249924
541,-0.232578278
541.1000366,-0.236631393
541.2000122,-0.232375622
541.2999878,-0.232292175
541.4000244,-0.228000641
541.5,-0.231910706
541.6000366,-0.220228195
541.7000122,-0.224853516
541.7999878,-0.228620529
541.9000244,-0.226999283
542,-0.234628677
542.1000366,-0.227380753
542.2000122,-0.230575562
542.2999878,-0.228382111
542.4000244,-0.229288101
542.5,-0.231863022
542.6000366,-0.225711823
542.7000122,-0.219560623
542.7999878,-0.230384827
542.9000244,-0.233388901
543,-0.233055115
543.1000366,-0.230921268
543.2000122,-0.22914505
543.2999878,-0.228096008
543.4000244,-0.229240417
543.5,-0.231100082
543.6000366,-0.237585068
543.7000122,-0.231147766
543.7999878,-0.233818054
543.9000244,-0.227666855
544,-0.229383469
544.1000366,-0.228262901
544.2000122,-0.22990799
544.2999878,-0.226093292
544.4000244,-0.231958389
544.5,-0.227428436
544.6000366,-0.238061905
544.7000122,-0.230766296
544.7999878,-0.229717255
544.9000244,-0.231493473
545,-0.232673645
545.1000366,-0.232816696
545.2000122,-0.238872528
545.2999878,-0.233436584
545.4000244,-0.228382111
545.5,-0.237775803
545.6000366,-0.228000641
545.7000122,-0.237155914
545.7999878,-0.226474762
545.9000244,-0.235677719
546,-0.236774445
546.1000366,-0.233567715
546.2000122,-0.230241776
546.2999878,-0.23157692
546.4000244,-0.231982231
546.5,-0.233627319
546.6000366,-0.23248291
546.7000122,-0.235296249
546.7999878,-0.238538742
546.9000244,-0.236726761
547,-0.231147766
547.1000366,-0.236917496
547.2000122,-0.241924286
547.2999878,-0.227714539
547.4000244,-0.22990799
547.5,-0.232435226
547.6000366,-0.232292175
547.7000122,-0.220848083
547.7999878,-0.22709465
547.9000244,-0.222671986
548,-0.221563339
548.1000366,-0.23017323
548.2000122,-0.237155914
548.2999878,-0.239301682
548.4000244,-0.233007431
548.5,-0.238443375
548.6000366,-0.22580719
548.7000122,-0.235057831
548.7999878,-0.230527878
548.9000244,-0.224758148
549,-0.236011505
549.1000366,-0.232530594
549.2000122,-0.224901199
549.2999878,-0.227333069
549.4000244,-0.231290817
549.5,-0.229001999
549.6000366,-0.234819412
549.7000122,-0.22542572
549.7999878,-0.228143692
549.9000244,-0.233627319
550,-0.22785759
550.1000366,-0.22337532
550.2000122,-0.229764938
550.2999878,-0.236536026
550.4000244,-0.232769012
550.5,-0.235486984
550.6000366,-0.229609966
550.7000122,-0.225378036
550.7999878,-0.224805832
550.9000244,-0.223423004
551,-0.221420288
551.1000366,-0.23157692
551.2000122,-0.236488342
551.2999878,-0.229812622
551.4000244,-0.223709106
551.5,-0.235916138
551.6000366,-0.224376678
551.7000122,-0.229383469
551.7999878,-0.23453331
551.9000244,-0.228525162
552,-0.22952652
552.1000366,-0.22914505
552.2000122,-0.230623245
552.2999878,-0.230980873
552.4000244,-0.232435226
552.5,-0.231719971
552.6000366,-0.227619171
552.7000122,-0.225568771
552.7999878,-0.22914505
552.9000244,-0.233531952
553,-0.218702316
553.1000366,-0.230289459
553.2000122,-0.223995209
553.2999878,-0.226665497
553.4000244,-0.226510525
553.5,-0.227666855
553.6000366,-0.227714539
553.7000122,-0.22747612
553.7999878,-0.225997925
553.9000244,-0.233198166
554,-0.229001999
554.1000366,-0.216556549
554.2000122,-0.223232269
554.2999878,-0.228477478
554.4000244,-0.224424362
554.5,-0.220943451
554.6000366,-0.232530594
554.7000122,-0.228954315
554.7999878,-0.224662781
554.9000244,-0.236488342
555,-0.221849442
555.1000366,-0.232578278
555.2000122,-0.229955673
555.2999878,-0.230098724
555.4000244,-0.22722578
555.5,-0.224567413
555.6000366,-0.224281311
555.7000122,-0.230003357
555.7999878,-0.224996567
555.9000244,-0.228811264
556,-0.225091934
556.1000366,-0.227142334
556.2000122,-0.230670929
556.2999878,-0.227285385
556.4000244,-0.230337143
556.5,-0.231910706
556.6000366,-0.228918552
556.7000122,-0.226236343
556.7999878,-0.227190018
556.9000244,-0.225234985
557,-0.231481552
557.1000366,-0.220085144
557.2000122,-0.230384827
557.2999878,-0.231672287
557.4000244,-0.22580719
557.5,-0.231433868
557.6000366,-0.226999283
557.7000122,-0.232435226
557.7999878,-0.219846725
557.9000244,-0.225330353
558,-0.227571487
558.1000366,-0.230384827
558.2000122,-0.232244492
558.2999878,-0.223852158
558.4000244,-0.234724045
558.5,-0.222898483
558.6000366,-0.230670929
558.7000122,-0.217319489
558.7999878,-0.224090576
558.9000244,-0.23157692
559,-0.230957031
559.1000366,-0.22504425
559.2000122,-0.225139618
559.2999878,-0.225783348
559.4000244,-0.226951599
559.5,-0.225997925
559.6000366,-0.22337532
559.7000122,-0.220657349
559.7999878,-0.226093292
559.9000244,-0.231863022
560,-0.224472046
560.1000366,-0.226713181
560.2000122,-0.22542572
560.2999878,-0.226617813
560.4000244,-0.222517014
560.5,-0.225568771
560.6000366,-0.224424362
560.7000122,-0.222755432
560.7999878,-0.226474762
560.9000244,-0.219655991
561,-0.224853516
561.1000366,-0.221611023
561.2000122,-0.225616455
561.2999878,-0.225378036
561.4000244,-0.218463898
561.5,-0.232006073
561.6000366,-0.211978912
561.7000122,-0.229574203
561.7999878,-0.223041534
561.9000244,-0.233484268
562,-0.223518372
562.1000366,-0.226236343
562.2000122,-0.221038818
562.2999878,-0.225282669
562.4000244,-0.221467972
562.5,-0.220180511
562.6000366,-0.225378036
562.7000122,-0.22208786
562.7999878,-0.22246933
562.9000244,-0.220323563
563,-0.222803116
563.1000366,-0.226665497
563.2000122,-0.221515656
563.2999878,-0.222612381
563.4000244,-0.220705032
563.5,-0.223470688
563.6000366,-0.222326279
563.7000122,-0.222421646
563.7999878,-0.221563339
563.9000244,-0.221909046
564,-0.220085144
564.1000366,-0.223566055
564.2000122,-0.221611023
564.2999878,-0.222946167
564.4000244,-0.221599102
564.5,-0.220657349
564.6000366,-0.22118187
564.7000122,-0.220323563
564.7999878,-0.223661423
564.9000244,-0.222946167
565,-0.219989777
565.1000366,-0.220275879
565.2000122,-0.221658707
565.2999878,-0.222993851
565.4000244,-0.221563339
565.5,-0.221658707
565.6000366,-0.219942093
565.7000122,-0.224853516
565.7999878,-0.218702316
565.9000244,-0.228334427
566,-0.216365814
566.1000366,-0.223852158
566.2000122,-0.216842651
566.2999878,-0.222373962
566.4000244,-0.218559265
566.5,-0.215650558
566.6000366,-0.224805832
566.7000122,-0.221563339
566.7999878,-0.217605591
566.9000244,-0.220514297
567,-0.217653275
567.1000366,-0.222898483
567.2000122,-0.218225479
567.2999878,-0.214744568
567.4000244,-0.223232269
567.5,-0.218845367
567.6000366,-0.215269089
567.7000122,-0.223136902
567.7999878,-0.213981628
567.9000244,-0.218702316
568,-0.221801758
568.1000366,-0.219226837
568.2000122,-0.213981628
568.2999878,-0.214363098
568.4000244,-0.216639996
568.5,-0.218702316
568.6000366,-0.219512939
568.7000122,-0.2228508
568.7999878,-0.216127396
568.9000244,-0.224853516
569,-0.220657349
569.1000366,-0.220991135
569.2000122,-0.218976498
569.2999878,-0.217224121
569.4000244,-0.217033386
569.5,-0.224376678
569.6000366,-0.228286743
569.7000122,-0.221277237
569.7999878,-0.223804474
569.9000244,-0.226331711
570,-0.229192734
570.1000366,-0.207544327
570.2000122,-0.24864769
570.2999878,-0.209117889
570.4000244,-0.219608307
570.5,-0.211215973
570.6000366,-0.218654633
570.7000122,-0.215650558
570.7999878,-0.2208004
570.9000244,-0.225378036
571,-0.228334427
571.1000366,-0.22375679
571.2000122,-0.216890335
571.2999878,-0.222993851
571.4000244,-0.222230911
571.5,-0.217271805
571.6000366,-0.211454391
571.7000122,-0.21503067
571.7999878,-0.221611023
571.9000244,-0.224185944
572,-0.219095707
572.1000366,-0.21541214
572.2000122,-0.215173721
572.2999878,-0.218392372
572.4000244,-0.222898483
572.5,-0.220085144
572.6000366,-0.214744568
572.7000122,-0.212932587
572.7999878,-0.21836853
572.9000244,-0.223470688
573,-0.224615097
573.1000366,-0.214315414
573.2000122,-0.212360382
573.2999878,-0.214506149
573.4000244,-0.216842651
573.5,-0.218940735
573.6000366,-0.221563339
573.7000122,-0.220180511
573.7999878,-0.214458466
573.9000244,-0.214315414
574,-0.215233326
574.1000366,-0.215555191
574.2000122,-0.216604233
574.2999878,-0.213981628
574.4000244,-0.215507507
574.5,-0.208784103
574.6000366,-0.219560623
574.7000122,-0.225282669
574.7999878,-0.221754074
574.9000244,-0.218606949
575,-0.217319489
575.1000366,-0.215221405
575.2000122,-0.217605591
575.2999878,-0.207878113
575.4000244,-0.217271805
575.5,-0.222135544
575.6000366,-0.213504791
575.7000122,-0.219226837
575.7999878,-0.216985703
575.9000244,-0.223089218
576,-0.227428436
576.1000366,-0.215078354
576.2000122,-0.216842651
576.2999878,-0.209499359
576.4000244,-0.215936661
576.5,-0.220228195
576.6000366,-0.223232269
576.7000122,-0.22260046
576.7999878,-0.224042892
576.9000244,-0.222898483
577,-0.231433868
577.1000366,-0.213886261
577.2000122,-0.22618866
577.2999878,-0.226999283
577.4000244,-0.220085144
577.5,-0.212312698
577.6000366,-0.218463898
577.7000122,-0.212551117
577.7999878,-0.21245575
577.9000244,-0.218845367
578,-0.219846725
578.1000366,-0.216270447
578.2000122,-0.221611023
578.2999878,-0.218463898
578.4000244,-0.215269089
578.5,-0.209070206
578.6000366,-0.222040176
578.7000122,-0.216175079
578.7999878,-0.217796326
578.9000244,-0.223232269
579,-0.220371246
579.1000366,-0.217510223
579.2000122,-0.217307568
579.2999878,-0.214792252
579.4000244,-0.216556549
579.5,-0.218130112
579.6000366,-0.213075638
579.7000122,-0.217224121
579.7999878,-0.214887619
579.9000244,-0.216508865
580,-0.217939377
580.1000366,-0.213886261
580.2000122,-0.220848083
580.2999878,-0.206829071
580.4000244,-0.218606949
580.5,-0.217557907
580.6000366,-0.212837219
580.7000122,-0.21298027
580.7999878,-0.218797684
580.9000244,-0.21746254
581,-0.212265015
581.1000366,-0.220848083
581.2000122,-0.21708107
581.2999878,-0.216794968
581.4000244,-0.222946167
581.5,-0.219226837
581.6000366,-0.215078354
581.7000122,-0.20759201
581.7999878,-0.217557907
581.9000244,-0.210214615
582,-0.218940735
582.1000366,-0.217176437
582.2000122,-0.218606949
582.2999878,-0.222993851
582.4000244,-0.218177795
582.5,-0.213647842
582.6000366,-0.215221405
582.7000122,-0.226331711
582.7999878,-0.210119247
582.9000244,-0.224281311
583,-0.221038818
583.1000366,-0.219417572
583.2000122,-0.217367172
583.2999878,-0.224996567
583.4000244,-0.2146492
583.5,-0.22170639
583.6000366,-0.220514297
583.7000122,-0.222230911
583.7999878,-0.225378036
583.9000244,-0.221324921
584,-0.215459824
584.1000366,-0.218511581
584.2000122,-0.215745926
584.2999878,-0.218416214
584.4000244,-0.218797684
584.5,-0.217224121
584.6000366,-0.225521088
584.7000122,-0.214315414
584.7999878,-0.219894409
584.9000244,-0.213504791
585,-0.221563339
585.1000366,-0.211883545
585.2000122,-0.21541214
585.2999878,-0.210071564
585.4000244,-0.217128754
585.5,-0.219608307
585.6000366,-0.217271805
585.7000122,-0.222278595
585.7999878,-0.216365814
585.9000244,-0.218559265
586,-0.212408066
586.1000366,-0.215555191
586.2000122,-0.212265015
586.2999878,-0.215149879
586.4000244,-0.21503067
586.5,-0.217748642
586.6000366,-0.213123322
586.7000122,-0.217605591
586.7999878,-0.22208786
586.9000244,-0.215364456
587,-0.21708107
587.1000366,-0.219036102
587.2000122,-0.218082428
587.2999878,-0.223852158
587.4000244,-0.210977554
587.5,-0.22041893
587.6000366,-0.215126038
587.7000122,-0.21503067
587.7999878,-0.214172363
587.9000244,-0.212932587
588,-0.2208004
588.1000366,-0.223613739
588.2000122,-0.21913147
588.2999878,-0.220085144
588.4000244,-0.215126038
588.5,-0.218988419
588.6000366,-0.215936661
588.7000122,-0.212789536
588.7999878,-0.214601517
588.9000244,-0.215984344
589,-0.213838577
589.1000366,-0.218940735
589.2000122,-0.217319489
589.2999878,-0.210453033
589.4000244,-0.22504425
589.5,-0.216794968
589.6000366,-0.222135544
589.7000122,-0.220895767
589.7999878,-0.218940735
589.9000244,-0.217367172
590,-0.220323563
590.1000366,-0.220895767
590.2000122,-0.220943451
590.2999878,-0.220371246
590.4000244,-0.21579361
590.5,-0.224948883
590.6000366,-0.214315414
590.7000122,-0.221563339
590.7999878,-0.22747612
590.9000244,-0.217796326
591,-0.221944809
591.1000366,-0.220085144
591.2000122,-0.221324921
591.2999878,-0.222135544
591.4000244,-0.223899841
591.5,-0.221622944
591.6000366,-0.221754074
591.7000122,-0.218702316
591.7999878,-0.220228195
591.9000244,-0.218654633
592,-0.221467972
592.1000366,-0.223470688
592.2000122,-0.218130112
592.2999878,-0.221563339
592.4000244,-0.213886261
592.5,-0.217891693
592.6000366,-0.221277237
592.7000122,-0.21681881
592.7999878,-0.214315414
592.9000244,-0.213790894
593,-0.217844009
593.1000366,-0.21374321
593.2000122,-0.222326279
593.2999878,-0.218273163
593.4000244,-0.217510223
593.5,-0.221038818
593.6000366,-0.218940735
593.7000122,-0.222707748
593.7999878,-0.212217331
593.9000244,-0.216508865
594,-0.213397503
594.1000366,-0.212217331
594.2000122,-0.212646484
594.2999878,-0.212503433
594.4000244,-0.230241776
594.5,-0.210309982
594.6000366,-0.231147766
594.7000122,-0.21631813
594.7999878,-0.211549759
594.9000244,-0.22118187
595,-0.218273163
595.1000366,-0.220848083
595.2000122,-0.221611023
595.2999878,-0.219226837
595.4000244,-0.219655991
595.5,-0.225330353
595.6000366,-0.223184586
595.7000122,-0.214363098
595.7999878,-0.21503067
595.9000244,-0.215841293
596,-0.215471745
596.1000366,-0.215459824
596.2000122,-0.215555191
596.2999878,-0.216067791
596.4000244,-0.216604233
596.5,-0.216651917
596.6000366,-0.217033386
596.7000122,-0.217033386
596.7999878,-0.217844009
596.9000244,-0.218702316
597,-0.221992493
597.1000366,-0.212026596
597.2000122,-0.216032028
597.2999878,-0.219417572
597.4000244,-0.220275879
597.5,-0.218893051
597.6000366,-0.223995209
597.7000122,-0.228048325
597.7999878,-0.22618866
597.9000244,-0.21631813
598,-0.209976196
598.1000366,-0.226665497
598.2000122,-0.222517014
598.2999878,-0.213218689
598.4000244,-0.210929871
598.5,-0.217176437
598.6000366,-0.215841293
598.7000122,-0.215745926
598.7999878,-0.217414856
598.9000244,-0.21207428
599,-0.217605591
599.1000366,-0.215650558
599.2000122,-0.214601517
599.2999878,-0.215364456
599.4000244,-0.218511581
599.5,-0.220275879
599.6000366,-0.21336174
599.7000122,-0.212646484
599.7999878,-0.215722084
599.9000244,-0.218034744
600,-0.218845367
600.1000366,-0.214076996
600.2000122,-0.219179153
600.2999878,-0.207735062
600.4000244,-0.216413498
600.5,-0.21298027
600.6000366,-0.213552475
600.7000122,-0.214887619
600.7999878,-0.213075638
600.9000244,-0.214982986
601,-0.213409424
601.1000366,-0.221611023
601.2000122,-0.21207428
601.2999878,-0.220561981
601.4000244,-0.216794968
601.5,-0.2146492
601.6000366,-0.211883545
601.7000122,-0.212646484
601.7999878,-0.218511581
601.9000244,-0.208593369
602,-0.221086502
602.1000366,-0.215698242
602.2000122,-0.216222763
602.2999878,-0.217128754
602.4000244,-0.217605591
602.5,-0.217414856
602.6000366,-0.217271805
602.7000122,-0.217653275
602.7999878,-0.220061302
602.9000244,-0.221658707
603,-0.223661423
603.1000366,-0.219751358
603.2000122,-0.222135544
603.2999878,-0.218988419
603.4000244,-0.219512939
603.5,-0.220383167
603.6000366,-0.223136902
603.7000122,-0.219894409
603.7999878,-0.223709106
603.9000244,-0.21131134
604,-0.228572845
604.1000366,-0.218177795
604.2000122,-0.21503067
604.2999878,-0.213266373
604.4000244,-0.212169647
604.5,-0.213886261
604.6000366,-0.216842651
604.7000122,-0.220848083
604.7999878,-0.222564697
604.9000244,-0.212884903
605,-0.228191376
605.1000366,-0.212121964
605.2000122,-0.221038818
605.2999878,-0.219894409
605.4000244,-0.219942093
605.5,-0.220252037
605.6000366,-0.219465256
605.7000122,-0.22170639
605.7999878,-0.218463898
605.9000244,-0.209737778
606,-0.214029312
606.1000366,-0.214839935
606.2000122,-0.219083786
606.2999878,-0.216508865
606.4000244,-0.219274521
606.5,-0.218606949
606.6000366,-0.219512939
606.7000122,-0.21913147
606.7999878,-0.214315414
606.9000244,-0.211168289
607,-0.218320847
607.1000366,-0.212360382
607.2000122,-0.216127396
607.2999878,-0.216651917
607.4000244,-0.216508865
607.5,-0.215900898
607.6000366,-0.215650558
607.7000122,-0.214792252
607.7999878,-0.209165573
607.9000244,-0.212932587
608,-0.210596085
608.1000366,-0.220466614
608.2000122,-0.214315414
608.2999878,-0.221754074
608.4000244,-0.220323563
608.5,-0.214887619
608.6000366,-0.225664139
608.7000122,-0.220705032
608.7999878,-0.226045609
608.9000244,-0.216127396
609,-0.217653275
609.1000366,-0.2146492
609.2000122,-0.216651917
609.2999878,-0.212312698
609.4000244,-0.218654633
609.5,-0.213695526
609.6000366,-0.21579361
609.7000122,-0.215078354
609.7999878,-0.218511581
609.9000244,-0.222946167
610,-0.216842651
610.1000366,-0.223089218
610.2000122,-0.218559265
610.2999878,-0.216604233
610.4000244,-0.217700958
610.5,-0.215042591
610.6000366,-0.211454391
610.7000122,-0.214410782
610.7999878,-0.212121964
610.9000244,-0.21476841
611,-0.216747284
611.1000366,-0.21579361
611.2000122,-0.218559265
611.2999878,-0.216079712
611.4000244,-0.216938019
611.5,-0.211931229
611.6000366,-0.215364456
611.7000122,-0.218511581
611.7999878,-0.215650558
611.9000244,-0.218511581
612,-0.211978912
612.1000366,-0.215269089
612.2000122,-0.211454391
612.2999878,-0.211120605
612.4000244,-0.212479591
612.5,-0.214172363
612.6000366,-0.213171005
612.7000122,-0.215936661
612.7999878,-0.213171005
612.9000244,-0.216365814
613,-0.20759201
613.1000366,-0.219655991
613.2000122,-0.215555191
613.2999878,-0.207782745
613.4000244,-0.210214615
613.5,-0.215841293
613.6000366,-0.219274521
613.7000122,-0.215102196
613.7999878,-0.211883545
613.9000244,-0.213409424
614,-0.213171005
614.1000366,-0.213457108
614.2000122,-0.21541214
614.2999878,-0.218893051
614.4000244,-0.208259583
614.5,-0.212360382
614.6000366,-0.210882187
614.7000122,-0.210512638
614.7999878,-0.208498001
614.9000244,-0.210309982
615,-0.209165573
615.1000366,-0.208307266
615.2000122,-0.210226536
615.2999878,-0.209833145
615.4000244,-0.213600159
615.5,-0.212598801
615.6000366,-0.206733704
615.7000122,-0.209260941
615.7999878,-0.214029312
615.9000244,-0.211215973
616,-0.211549759
616.1000366,-0.210596085
616.2000122,-0.210357666
616.2999878,-0.21245575
616.4000244,-0.205970764
616.5,-0.216032028
616.6000366,-0.20964241
616.7000122,-0.213933945
616.7999878,-0.212121964
616.9000244,-0.213266373
617,-0.21298027
617.1000366,-0.213457108
617.2000122,-0.213933945
617.2999878,-0.213325977
617.4000244,-0.214410782
617.5,-0.211502075
617.6000366,-0.213314056
617.7000122,-0.215114117
617.7999878,-0.216270447
617.9000244,-0.212250113
618,-0.209594727
618.1000366,-0.208021164
618.2000122,-0.207019806
618.2999878,-0.208080769
618.4000244,-0.208450317
618.5,-0.208831787
618.6000366,-0.20977354
618.7000122,-0.211645126
618.7999878,-0.210166931
618.9000244,-0.204874039
619,-0.221849442
619.1000366,-0.213886261
619.2000122,-0.203920364
619.2999878,-0.2228508
619.4000244,-0.214506149
619.5,-0.218320847
619.6000366,-0.214076996
619.7000122,-0.206829071
619.7999878,-0.21040535
619.9000244,-0.210500717
620,-0.209880829
620.1000366,-0.211597443
620.2000122,-0.214744568
620.2999878,-0.211263657
620.4000244,-0.209260941
620.5,-0.214601517
620.6000366,-0.218654633
620.7000122,-0.209213257
620.7999878,-0.199914932
620.9000244,-0.204683304
621,-0.208498001
621.1000366,-0.205875397
621.2000122,-0.208784103
621.2999878,-0.204707146
621.4000244,-0.203634262
621.5,-0.208015203
621.6000366,-0.209928513
621.7000122,-0.213790894
621.7999878,-0.210643768
621.9000244,-0.208450317
622,-0.210166931
622.1000366,-0.211597443
622.2000122,-0.210166931
622.2999878,-0.209785461
622.4000244,-0.210739136
622.5,-0.205160141
622.6000366,-0.203062057
622.7000122,-0.206972122
622.7999878,-0.213027954
622.9000244,-0.217224121
623,-0.203491211
623.1000366,-0.205970764
623.2000122,-0.204730988
623.2999878,-0.205625057
623.4000244,-0.203395844
623.5,-0.208402634
623.6000366,-0.20167923
623.7000122,-0.20797348
623.7999878,-0.208784103
623.9000244,-0.20501709
624,-0.201965332
624.1000366,-0.203872681
624.2000122,-0.203395844
624.2999878,-0.204015732
624.4000244,-0.20372963
624.5,-0.211120605
624.6000366,-0.201440811
624.7000122,-0.207782745
624.7999878,-0.20425415
624.9000244,-0.21169281
625,-0.208498001
625.1000366,-0.206256866
625.2000122,-0.206376076
625.2999878,-0.206590652
625.4000244,-0.204158783
625.5,-0.209499359
625.6000366,-0.197101593
625.7000122,-0.205064774
625.7999878,-0.201917648
625.9000244,-0.211549759
626,-0.204874039
626.1000366,-0.201726913
626.2000122,-0.199676514
626.2999878,-0.201226234
626.4000244,-0.203968048
626.5,-0.199533463
626.6000366,-0.212598801
626.7000122,-0.217271805
626.7999878,-0.204969406
626.9000244,-0.205875397
627,-0.203276634
627.1000366,-0.200868607
627.2000122,-0.201393127
627.2999878,-0.205636978
627.4000244,-0.196624756
627.5,-0.209260941
627.6000366,-0.204778671
627.7000122,-0.199438095
627.7999878,-0.208831787
627.9000244,-0.210596085
628,-0.20797348
628.1000366,-0.211835861
628.2000122,-0.205255508
628.2999878,-0.210977554
628.4000244,-0.202346802
628.5,-0.213123322
628.6000366,-0.208784103
628.7000122,-0.202728271
628.7999878,-0.198055267
628.9000244,-0.206733704
629,-0.208402634
629.1000366,-0.210548401
629.2000122,-0.211740494
629.2999878,-0.209260941
629.4000244,-0.203062057
629.5,-0.201536179
629.6000366,-0.196434021
629.7000122,-0.210834503
629.7999878,-0.204444885
629.9000244,-0.199819565
630,-0.202632904
630.1000366,-0.20258522
630.2000122,-0.201107025
630.2999878,-0.203252792
630.4000244,-0.201321602
630.5,-0.199867249
630.6000366,-0.201059341
630.7000122,-0.196529388
630.7999878,-0.205446243
630.9000244,-0.202680588
631,-0.204492569
631.1000366,-0.201285839
631.2000122,-0.199819565
631.2999878,-0.198150635
631.4000244,-0.205780029
631.5,-0.204111099
631.6000366,-0.212741852
631.7000122,-0.202108383
631.7999878,-0.195575714
631.9000244,-0.212551117
632,-0.202919006
632.1000366,-0.194145203
632.2000122,-0.201011658
632.2999878,-0.203205109
632.4000244,-0.201965332
632.5,-0.205255508
632.6000366,-0.200296402
632.7000122,-0.202823639
632.7999878,-0.20425415
632.9000244,-0.202728271
633,-0.201869965
633.1000366,-0.198961258
633.2000122,-0.211168289
633.2999878,-0.20463562
633.4000244,-0.200153351
633.5,-0.195289612
633.6000366,-0.198818207
633.7000122,-0.211263657
633.7999878,-0.204921722
633.9000244,-0.197673798
634,-0.203538895
634.1000366,-0.203014374
634.2000122,-0.203920364
634.2999878,-0.205589294
634.4000244,-0.207735062
634.5,-0.211072922
634.6000366,-0.206852913
634.7000122,-0.20425415
634.7999878,-0.204349518
634.9000244,-0.211883545
635,-0.201107025
635.1000366,-0.207353592
635.2000122,-0.199056625
635.2999878,-0.205446243
635.4000244,-0.195957184
635.5,-0.192476273
635.6000366,-0.202203751
635.7000122,-0.208498001
635.7999878,-0.203777313
635.9000244,-0.204683304
636,-0.200534821
636.1000366,-0.203109741
636.2000122,-0.205350876
636.2999878,-0.202811718
636.4000244,-0.201440811
636.5,-0.201345444
636.6000366,-0.200296402
636.7000122,-0.199879169
636.7999878,-0.197816849
636.9000244,-0.200057983
637,-0.204540253
637.1000366,-0.207019806
637.2000122,-0.201726913
637.2999878,-0.205732346
637.4000244,-0.202394485
637.5,-0.200725555
637.6000366,-0.200677872
637.7000122,-0.20129776
637.7999878,-0.201977253
637.9000244,-0.201917648
638,-0.204015732
638.1000366,-0.195623398
638.2000122,-0.201393127
638.2999878,-0.206352234
638.4000244,-0.201393127
638.5,-0.198007584
638.6000366,-0.205160141
638.7000122,-0.201202393
638.7999878,-0.202299118
638.9000244,-0.202823639
639,-0.201774597
639.1000366,-0.202740192
639.2000122,-0.203443527
639.2999878,-0.202919006
639.4000244,-0.202108383
639.5,-0.201965332
639.6000366,-0.202919006
639.7000122,-0.202489853
639.7999878,-0.205589294
639.9000244,-0.199485779
640,-0.206638336
640.1000366,-0.197673798
640.2000122,-0.211502075
640.2999878,-0.196052551
640.4000244,-0.204111099
640.5,-0.197149277
640.6000366,-0.20501709
640.7000122,-0.204778671
640.7999878,-0.204289913
640.9000244,-0.202403426
641,-0.201011658
641.1000366,-0.199533463
641.2000122,-0.200344086
641.2999878,-0.20258522
641.4000244,-0.202203751
641.5,-0.203300476
641.6000366,-0.203252792
641.7000122,-0.206733704
641.7999878,-0.201965332
641.9000244,-0.198675156
642,-0.197101593
642.1000366,-0.200367928
642.2000122,-0.203586578
642.2999878,-0.202108383
642.4000244,-0.19757843
642.5,-0.19128418
642.6000366,-0.191522598
642.7000122,-0.194145203
642.7999878,-0.202632904
642.9000244,-0.201536179
643,-0.202764034
643.1000366,-0.200248718
643.2000122,-0.206638336
643.2999878,-0.196863174
643.4000244,-0.201536179
643.5,-0.198198318
643.6000366,-0.200201035
643.7000122,-0.203968048
643.7999878,-0.202919006
643.9000244,-0.203205109
644,-0.204492569
644.1000366,-0.205112457
644.2000122,-0.204695225
644.2999878,-0.205207825
644.4000244,-0.203968048
644.5,-0.197626114
644.6000366,-0.197483063
644.7000122,-0.207496643
644.7999878,-0.198055267
644.9000244,-0.210357666
645,-0.201154709
645.1000366,-0.201107025
645.2000122,-0.207019806
645.2999878,-0.194097519
645.4000244,-0.203443527
645.5,-0.200677872
645.6000366,-0.201130867
645.7000122,-0.200677872
645.7999878,-0.199724197
645.9000244,-0.203681946
646,-0.206733704
646.1000366,-0.195766449
646.2000122,-0.200248718
646.2999878,-0.202251434
646.4000244,-0.200880527
646.5,-0.200582504
646.6000366,-0.200439453
646.7000122,-0.202013016
646.7999878,-0.200105667
646.9000244,-0.198913574
647,-0.199056625
647.1000366,-0.200987816
647.2000122,-0.201917648
647.2999878,-0.204063416
647.4000244,-0.200534821
647.5,-0.202013016
647.6000366,-0.203693867
647.7000122,-0.206209183
647.7999878,-0.206018448
647.9000244,-0.201393127
648,-0.193763733
648.1000366,-0.206638336
648.2000122,-0.202442169
648.2999878,-0.198293686
648.4000244,-0.199295044
648.5,-0.203014374
648.6000366,-0.20296669
648.7000122,-0.191427231
648.7999878,-0.205541611
648.9000244,-0.19424057
649,-0.198198318
649.1000366,-0.201583862
649.2000122,-0.202346802
649.2999878,-0.200928211
649.4000244,-0.199390411
649.5,-0.200391769
649.6000366,-0.19924736
649.7000122,-0.2000103
649.7999878,-0.20270443
649.9000244,-0.20706749
650,-0.204492569
650.1000366,-0.198102951
650.2000122,-0.198055267
650.2999878,-0.202060699
650.4000244,-0.202251434
650.5,-0.200391769
650.6000366,-0.201202393
650.7000122,-0.199044704
650.7999878,-0.197435379
650.9000244,-0.197149277
651,-0.198055267
651.1000366,-0.1979599
651.2000122,-0.196434021
651.2999878,-0.190473557
651.4000244,-0.193763733
651.5,-0.192905426
651.6000366,-0.195241928
651.7000122,-0.198198318
651.7999878,-0.201774597
651.9000244,-0.193763733
652,-0.200773239
652.1000366,-0.197626114
652.2000122,-0.200391769
652.2999878,-0.196910858
652.4000244,-0.198484421
652.5,-0.199914932
652.6000366,-0.202013016
652.7000122,-0.202251434
652.7999878,-0.20539856
652.9000244,-0.203920364
653,-0.199962616
653.1000366,-0.196147919
653.2000122,-0.198198318
653.2999878,-0.204397202
653.4000244,-0.203395844
653.5,-0.201011658
653.6000366,-0.199485779
653.7000122,-0.197840691
653.7999878,-0.196004868
653.9000244,-0.194860458
654,-0.194860458
654.1000366,-0.197387695
654.2000122,-0.191617966
654.2999878,-0.201393127
654.4000244,-0.192667007
654.5,-0.194812775
654.6000366,-0.197244644
654.7000122,-0.194192886
654.7999878,-0.198436737
654.9000244,-0.197483063
655,-0.200356007
655.1000366,-0.200963974
655.2000122,-0.199274182
655.2999878,-0.198007584
655.4000244,-0.197769165
655.5,-0.199545383
655.6000366,-0.202299118
655.7000122,-0.200105667
655.7999878,-0.196577072
655.9000244,-0.19667244
656,-0.19552803
656.1000366,-0.194002151
656.2000122,-0.194860458
656.2999878,-0.198818207
656.4000244,-0.198436737
656.5,-0.196529388
656.6000366,-0.198198318
656.7000122,-0.19924736
656.7999878,-0.194431305
656.9000244,-0.191713333
657,-0.196434021
657.1000366,-0.200677872
657.2000122,-0.202346802
657.2999878,-0.196338654
657.4000244,-0.193191528
657.5,-0.186610699
657.6000366,-0.208259583
657.7000122,-0.200582504
657.7999878,-0.196577072
657.9000244,-0.203252792
658,-0.194908142
658.1000366,-0.198389053
658.2000122,-0.19757843
658.2999878,-0.194121361
658.4000244,-0.191713333
658.5,-0.188804626
658.6000366,-0.196195602
658.7000122,-0.200820923
658.7999878,-0.195146561
658.9000244,-0.203252792
659,-0.195957184
659.1000366,-0.199962616
659.2000122,-0.195659161
659.2999878,-0.193191528
659.4000244,-0.193525314
659.5,-0.193334579
659.6000366,-0.195718765
659.7000122,-0.201393127
659.7999878,-0.196577072
659.9000244,-0.204540253
660,-0.188661575
660.1000366,-0.196004868
660.2000122,-0.193286896
660.2999878,-0.196958542
660.4000244,-0.192237854
660.5,-0.196863174
660.6000366,-0.191904068
660.7000122,-0.196338654
660.7999878,-0.199390411
660.9000244,-0.193525314
661,-0.191522598
661.1000366,-0.195206165
661.2000122,-0.198389053
661.2999878,-0.197387695
661.4000244,-0.192667007
661.5,-0.192619324
661.6000366,-0.193775654
661.7000122,-0.193620682
661.7999878,-0.196195602
661.9000244,-0.197387695
662,-0.196696281
662.1000366,-0.196147919
662.2000122,-0.197053909
662.2999878,-0.188709259
662.4000244,-0.197673798
662.5,-0.19257164
662.6000366,-0.195432663
662.7000122,-0.188756943
662.7999878,-0.193954468
662.9000244,-0.200487137
663,-0.192237854
663.1000366,-0.205112457
663.2000122,-0.188089371
663.2999878,-0.195957184
663.4000244,-0.195814133
663.5,-0.194097519
663.6000366,-0.196624756
663.7000122,-0.190187454
663.7999878,-0.19424057
663.9000244,-0.201774597
664,-0.194765091
664.1000366,-0.199819565
664.2000122,-0.201917648
664.2999878,-0.201405048
664.4000244,-0.203062057
664.5,-0.200820923
664.6000366,-0.200022221
664.7000122,-0.199533463
664.7999878,-0.19667244
664.9000244,-0.20129776
665,-0.196577072
665.1000366,-0.196434021
665.2000122,-0.195623398
665.2999878,-0.205160141
665.4000244,-0.190282822
665.5,-0.201917648
665.6000366,-0.195766449
665.7000122,-0.195814133
665.7999878,-0.19424057
665.9000244,-0.196529388
666,-0.198055267
666.1000366,-0.201202393
666.2000122,-0.204444885
666.2999878,-0.196481705
666.4000244,-0.201011658
666.5,-0.200582504
666.6000366,-0.199807644
666.7000122,-0.198389053
666.7999878,-0.19924736
666.9000244,-0.205970764
667,-0.203443527
667.1000366,-0.200105667
667.2000122,-0.191617966
667.2999878,-0.194002151
667.4000244,-0.205160141
667.5,-0.203252792
667.6000366,-0.202775955
667.7000122,-0.201869965
667.7999878,-0.200820923
667.9000244,-0.198961258
668,-0.197673798
668.1000366,-0.2000103
668.2000122,-0.194049835
668.2999878,-0.197006226
668.4000244,-0.202251434
668.5,-0.200773239
668.6000366,-0.203586578
668.7000122,-0.199199677
668.7999878,-0.19462204
668.9000244,-0.19962883
669,-0.19719696
669.1000366,-0.199295044
669.2000122,-0.20501709
669.2999878,-0.199438095
669.4000244,-0.202108383
669.5,-0.193716049
669.6000366,-0.192523956
669.7000122,-0.199581146
669.7999878,-0.200630188
669.9000244,-0.200618267
670,-0.201822281
670.1000366,-0.200439453
670.2000122,-0.202632904
670.2999878,-0.198865891
670.4000244,-0.196624756
670.5,-0.196338654
670.6000366,-0.195289612
670.7000122,-0.200725555
670.7999878,-0.19552803
670.9000244,-0.198246002
671,-0.201631546
671.1000366,-0.205732346
671.2000122,-0.198150635
671.2999878,-0.202680588
671.4000244,-0.199652672
671.5,-0.200057983
671.6000366,-0.197721481
671.7000122,-0.198925495
671.7999878,-0.19834137
671.9000244,-0.199581146
672,-0.199724197
672.1000366,-0.196636677
672.2000122,-0.193906784
672.2999878,-0.193334579
672.4000244,-0.202251434
672.5,-0.194908142
672.6000366,-0.200820923
672.7000122,-0.200868607
672.7999878,-0.200022221
672.9000244,-0.200439453
673,-0.1979599
673.1000366,-0.199819565
673.2000122,-0.19552803
673.2999878,-0.198770523
673.4000244,-0.198436737
673.5,-0.193763733
673.6000366,-0.190092087
673.7000122,-0.201250076
673.7999878,-0.194860458
673.9000244,-0.186610699
674,-0.190235138
674.1000366,-0.193620682
674.2000122,-0.202060699
674.2999878,-0.199056625
674.4000244,-0.198961258
674.5,-0.198150635
674.6000366,-0.196577072
674.7000122,-0.191713333
674.7999878,-0.195420742
674.9000244,-0.19719696
675,-0.196195602
675.1000366,-0.196791649
675.2000122,-0.197244644
675.2999878,-0.196529388
675.4000244,-0.19719696
675.5,-0.195098877
675.6000366,-0.191522598
675.7000122,-0.203824997
675.7999878,-0.19257164
675.9000244,-0.198198318
676,-0.198961258
676.1000366,-0.204587936
676.2000122,-0.196386337
676.2999878,-0.202537537
676.4000244,-0.198961258
676.5,-0.198055267
676.6000366,-0.198246002
676.7000122,-0.199187756
676.7999878,-0.201250076
676.9000244,-0.199199677
677,-0.192619324
677.1000366,-0.191570282
677.2000122,-0.191236496
677.2999878,-0.1979599
677.4000244,-0.191236496
677.5,-0.206399918
677.6000366,-0.201774597
677.7000122,-0.19719696
677.7999878,-0.194383621
677.9000244,-0.195337296
678,-0.19552803
678.1000366,-0.196052551
678.2000122,-0.196767807
678.2999878,-0.196577072
678.4000244,-0.19667244
678.5,-0.196052551
678.6000366,-0.197626114
678.7000122,-0.200248718
678.7999878,-0.199962616
678.9000244,-0.201393127
679,-0.200582504
679.1000366,-0.195623398
679.2000122,-0.202299118
679.2999878,-0.207496643
679.4000244,-0.202346802
679.5,-0.19090271
679.6000366,-0.192905426
679.7000122,-0.20334816
679.7999878,-0.192380905
679.9000244,-0.200487137
680,-0.195861816
680.1000366,-0.192905426
680.2000122,-0.20706749
680.2999878,-0.191045761
680.4000244,-0.201202393
680.5,-0.198246002
680.6000366,-0.196052551
680.7000122,-0.1938591
680.7999878,-0.185513973
680.9000244,-0.200105667
681,-0.187087536
681.1000366,-0.186706066
681.2000122,-0.196195602
681.2999878,-0.204683304
681.4000244,-0.195623398
681.5,-0.196386337
681.6000366,-0.192285538
681.7000122,-0.198389053
681.7999878,-0.193048477
681.9000244,-0.188899994
682,-0.199819565
682.1000366,-0.19667244
682.2000122,-0.201536179
682.2999878,-0.194955826
682.4000244,-0.192667007
682.5,-0.201536179
682.6000366,-0.189090729
682.7000122,-0.197769165
682.7999878,-0.202919006
682.9000244,-0.189758301
683,-0.196958542
683.1000366,-0.190807343
683.2000122,-0.199771881
683.2999878,-0.197244644
683.4000244,-0.197340012
683.5,-0.196696281
683.6000366,-0.196100235
683.7000122,-0.196100235
683.7999878,-0.193811417
683.9000244,-0.19885397
684,-0.203062057
684.1000366,-0.202442169
684.2000122,-0.196481705
684.2999878,-0.197864532
684.4000244,-0.193477631
684.5,-0.200868607
684.6000366,-0.19219017
684.7000122,-0.201965332
684.7999878,-0.200487137
684.9000244,-0.200963974
685,-0.19962883
685.1000366,-0.196815491
685.2000122,-0.194431305
685.2999878,-0.197387695
685.4000244,-0.199485779
685.5,-0.198818207
685.6000366,-0.198865891
685.7000122,-0.198591709
685.7999878,-0.199771881
685.9000244,-0.196910858
686,-0.198961258
686.1000366,-0.200391769
686.2000122,-0.196720123
686.2999878,-0.191570282
686.4000244,-0.194669724
686.5,-0.197006226
686.6000366,-0.203872681
686.7000122,-0.184560299
686.7999878,-0.203777313
686.9000244,-0.187421322
687,-0.20091629
687.1000366,-0.189901352
687.2000122,-0.203491211
687.2999878,-0.18794632
687.4000244,-0.201393127
687.5,-0.199962616
687.6000366,-0.189996719
687.7000122,-0.194097519
687.7999878,-0.193310738
687.9000244,-0.193811417
688,-0.195337296
688.1000366,-0.195444584
688.2000122,-0.19552803
688.2999878,-0.197101593
688.4000244,-0.198007584
688.5,-0.195289612
688.6000366,-0.196147919
688.7000122,-0.195671082
688.7999878,-0.196815491
688.9000244,-0.195814133
689,-0.193716049
689.1000366,-0.193143845
689.2000122,-0.193239212
689.2999878,-0.193334579
689.4000244,-0.199962616
689.5,-0.197340012
689.6000366,-0.188232422
689.7000122,-0.19962883
689.7999878,-0.195146561
689.9000244,-0.199771881
690,-0.194288254
690.1000366,-0.192857742
690.2000122,-0.193179607
690.2999878,-0.192905426
690.4000244,-0.192667007
690.5,-0.196434021
690.6000366,-0.194765091
690.7000122,-0.19424057
690.7999878,-0.195718765
690.9000244,-0.199295044
691,-0.193716049
691.1000366,-0.195957184
691.2000122,-0.183988094
691.2999878,-0.196243286
691.4000244,-0.189853668
691.5,-0.187039852
691.6000366,-0.190556884
691.7000122,-0.193286896
691.7999878,-0.192047119
691.9000244,-0.200391769
692,-0.184464931
692.1000366,-0.196338654
692.2000122,-0.196767807
692.2999878,-0.19424057
692.4000244,-0.19500351
692.5,-0.192380905
692.6000366,-0.19295311
692.7000122,-0.195766449
692.7999878,-0.192714691
692.9000244,-0.197292328
693,-0.188041687
693.1000366,-0.19757843
693.2000122,-0.192714691
693.2999878,-0.186086178
693.4000244,-0.195814133
693.5,-0.18847084
693.6000366,-0.188041687
693.7000122,-0.191665649
693.7999878,-0.190282822
693.9000244,-0.193000793
694,-0.192428589
694.1000366,-0.194228649
694.2000122,-0.19719696
694.2999878,-0.194288254
694.4000244,-0.191617966
694.5,-0.195671082
694.6000366,-0.198102951
694.7000122,-0.193716049
694.7999878,-0.19090271
694.9000244,-0.190187454
695,-0.194526672
695.1000366,-0.189949036
695.2000122,-0.194908142
695.2999878,-0.188327789
695.4000244,-0.193286896
695.5,-0.197101593
695.6000366,-0.192857742
695.7000122,-0.197006226
695.7999878,-0.190282822
695.9000244,-0.188375473
696,-0.189949036
696.1000366,-0.194860458
696.2000122,-0.191188812
696.2999878,-0.193429947
696.4000244,-0.193811417
696.5,-0.195075035
696.6000366,-0.194812775
696.7000122,-0.192899466
696.7999878,-0.192476273
696.9000244,-0.18923378
697,-0.190330505
697.1000366,-0.19308424
697.2000122,-0.196434021
697.2999878,-0.196338654
697.4000244,-0.189901352
697.5,-0.200344086
697.6000366,-0.188566208
697.7000122,-0.193048477
697.7999878,-0.195766449
697.9000244,-0.184369564
698,-0.198436737
698.1000366,-0.186229229
698.2000122,-0.187325954
698.2999878,-0.189043045
698.4000244,-0.195241928
698.5,-0.197006226
698.6000366,-0.188518524
698.7000122,-0.18341589
698.7999878,-0.192047119
698.9000244,-0.196529388
699,-0.199199677
699.1000366,-0.191427231
699.2000122,-0.188613892
699.2999878,-0.196434021
699.4000244,-0.183082104
699.5,-0.195051193
699.6000366,-0.189901352
699.7000122,-0.198484421
699.7999878,-0.190711975
699.9000244,-0.189567566
700,-0.19295311
700.1000366,-0.188137054
700.2000122,-0.191093445
700.2999878,-0.188327789
700.4000244,-0.189710617
700.5,-0.190044403
700.6000366,-0.190282822
700.7000122,-0.19090271
700.7999878,-0.190759659
700.9000244,-0.190664291
701,-0.188399076
701.1000366,-0.186515331
701.2000122,-0.185657024
701.2999878,-0.19090271
701.4000244,-0.189472198
701.5,-0.186038494
701.6000366,-0.184274197
701.7000122,-0.181937695
701.7999878,-0.186873198
701.9000244,-0.191474915
702,-0.189805984
702.1000366,-0.195957184
702.2000122,-0.184607983
702.2999878,-0.19219017
702.4000244,-0.198055267
702.5,-0.189329147
702.6000366,-0.185561657
702.7000122,-0.187087536
702.7999878,-0.190378189
702.9000244,-0.194145203
703,-0.187373638
703.1000366,-0.179982662
703.2000122,-0.17969656
703.2999878,-0.185919523
703.4000244,-0.191665649
703.5,-0.192333221
703.6000366,-0.189710498
703.7000122,-0.187898636
703.7999878,-0.186944485
703.9000244,-0.184417248
704,-0.187016249
704.1000366,-0.188089371
704.2000122,-0.188613892
704.2999878,-0.185943127
704.4000244,-0.192285538
704.5,-0.185180187
704.6000366,-0.193096161
704.7000122,-0.191951752
704.7999878,-0.189710617
704.9000244,-0.184607983
705,-0.188041687
705.1000366,-0.189376831
705.2000122,-0.190938473
705.2999878,-0.193620682
705.4000244,-0.192714691
705.5,-0.186706066
705.6000366,-0.186086178
705.7000122,-0.193954468
705.7999878,-0.198627472
705.9000244,-0.18599081
706,-0.189281464
706.1000366,-0.2000103
706.2000122,-0.189138412
706.2999878,-0.193763733
706.4000244,-0.18885231
706.5,-0.18470335
706.6000366,-0.187039852
706.7000122,-0.18599081
706.7999878,-0.189018965
706.9000244,-0.190807343
707,-0.192237854
707.1000366,-0.185800076
707.2000122,-0.193143845
707.2999878,-0.183511257
707.4000244,-0.182796001
707.5,-0.187182903
707.6000366,-0.185120583
707.7000122,-0.185323238
707.7999878,-0.185180187
707.9000244,-0.186467648
708,-0.190235138
708.1000366,-0.191999435
708.2000122,-0.187469006
708.2999878,-0.193811417
708.4000244,-0.185132504
708.5,-0.181890011
708.6000366,-0.18713522
708.7000122,-0.188709259
708.7999878,-0.187016129
708.9000244,-0.185561657
709,-0.186658382
709.1000366,-0.191331863
709.2000122,-0.181937695
709.2999878,-0.189138412
709.4000244,-0.184655666
709.5,-0.188709259
709.6000366,-0.190092087
709.7000122,-0.189138412
709.7999878,-0.189805984
709.9000244,-0.184178829
710,-0.191951752
710.1000366,-0.181794643
710.2000122,-0.194097519
710.2999878,-0.191379547
710.4000244,-0.195289612
710.5,-0.186706066
710.6000366,-0.183654308
710.7000122,-0.194049835
710.7999878,-0.191570282
710.9000244,-0.18885231
711,-0.189949036
711.1000366,-0.193143845
711.2000122,-0.193143845
711.2999878,-0.19167757
711.4000244,-0.191617966
711.5,-0.188804626
711.6000366,-0.18987751
711.7000122,-0.189329147
711.7999878,-0.189758301
711.9000244,-0.190604687
712,-0.191951752
712.1000366,-0.191379547
712.2000122,-0.187994003
712.2999878,-0.195671082
712.4000244,-0.186658382
712.5,-0.183892727
712.6000366,-0.188232422
712.7000122,-0.191236496
712.7999878,-0.194097519
712.9000244,-0.194288254
713,-0.191522598
713.1000366,-0.189472198
713.2000122,-0.189758301
713.2999878,-0.19257164
713.4000244,-0.193334579
713.5,-0.1979599
713.6000366,-0.189186096
713.7000122,-0.193763733
713.7999878,-0.187660217
713.9000244,-0.193191528
714,-0.192285538
714.1000366,-0.188518524
714.2000122,-0.195146561
714.2999878,-0.18794632
714.4000244,-0.185513973
714.5,-0.192476273
714.6000366,-0.186801434
714.7000122,-0.191808701
714.7999878,-0.203443527
714.9000244,-0.188947678
715,-0.180745602
715.1000366,-0.190664291
715.2000122,-0.188661575
715.2999878,-0.185847759
715.4000244,-0.186229229
715.5,-0.192142487
715.6000366,-0.183177471
715.7000122,-0.187755585
715.7999878,-0.190807343
715.9000244,-0.190485477
716,-0.191761017
716.1000366,-0.187305331
716.2000122,-0.183129787
716.2999878,-0.183845043
716.4000244,-0.189805984
716.5,-0.187850952
716.6000366,-0.187993884
716.7000122,-0.18664667
716.7999878,-0.185561657
716.9000244,-0.190446548
717,-0.195861816
717.1000366,-0.193716049
717.2000122,-0.185704708
717.2999878,-0.18713522
717.4000244,-0.18252182
717.5,-0.178218365
717.6000366,-0.179028988
717.7000122,-0.187755585
717.7999878,-0.190282822
717.9000244,-0.186276913
718,-0.177169323
718.1000366,-0.17969656
718.2000122,-0.185847759
718.2999878,-0.187230587
718.4000244,-0.188327789
718.5,-0.189674735
718.6000366,-0.192333221
718.7000122,-0.190807343
718.7999878,-0.189662933
718.9000244,-0.191951752
719,-0.191379547
719.1000366,-0.190950394
719.2000122,-0.182986736
719.2999878,-0.186038494
719.4000244,-0.191045761
719.5,-0.182509899
719.6000366,-0.186515331
719.7000122,-0.180125713
719.7999878,-0.18599081
719.9000244,-0.185895443
720,-0.19257164
720.1000366,-0.181174755
720.2000122,-0.196481705
720.2999878,-0.186706066
720.4000244,-0.187898636
720.5,-0.182414532
720.6000366,-0.180602551
720.7000122,-0.175691128
720.7999878,-0.182414532
720.9000244,-0.191904068
721,-0.184083462
721.1000366,-0.18885231
721.2000122,-0.186419964
721.2999878,-0.18341589
721.4000244,-0.181937695
721.5,-0.184739232
721.6000366,-0.185752392
721.7000122,-0.187850952
721.7999878,-0.183237195
721.9000244,-0.180840969
722,-0.178504467
722.1000366,-0.183988094
722.2000122,-0.181317806
722.2999878,-0.176692486
722.4000244,-0.184941769
722.5,-0.187517166
722.6000366,-0.183368206
722.7000122,-0.175834179
722.7999878,-0.176644802
722.9000244,-0.184751034
723,-0.18713522
723.1000366,-0.186443806
723.2000122,-0.187087536
723.2999878,-0.186801434
723.4000244,-0.178790569
723.5,-0.193048477
723.6000366,-0.182796001
723.7000122,-0.176454067
723.7999878,-0.180602551
723.9000244,-0.186181545
724,-0.188566208
724.1000366,-0.187803268
724.2000122,-0.187278271
724.2999878,-0.182271481
724.4000244,-0.184178829
724.5,-0.185263753
724.6000366,-0.185069948
724.7000122,-0.18508482
724.7999878,-0.185752392
724.9000244,-0.184512615
725,-0.182033062
725.1000366,-0.185180187
725.2000122,-0.179982662
725.2999878,-0.190568924
725.4000244,-0.187182903
725.5,-0.175929546
725.6000366,-0.189090729
725.7000122,-0.181270123
725.7999878,-0.190616608
725.9000244,-0.18136549
726,-0.176120281
726.1000366,-0.17969656
726.2000122,-0.179744244
726.2999878,-0.179625034
726.4000244,-0.180173397
726.5,-0.178885937
726.6000366,-0.186229229
726.7000122,-0.174928188
726.7999878,-0.183797359
726.9000244,-0.183892727
727,-0.183237076
727.1000366,-0.181890011
727.2000122,-0.183368206
727.2999878,-0.177360058
727.4000244,-0.190235138
727.5,-0.176501751
727.6000366,-0.190282822
727.7000122,-0.181556225
727.7999878,-0.18508482
727.9000244,-0.177741528
728,-0.179505825
728.1000366,-0.180793285
728.2000122,-0.177407742
728.2999878,-0.182843685
728.4000244,-0.180101871
728.5,-0.179076672
728.6000366,-0.181079388
728.7000122,-0.183749676
728.7999878,-0.182223797
728.9000244,-0.178075314
729,-0.185370922
729.1000366,-0.182366848
729.2000122,-0.18007803
729.2999878,-0.184035778
729.4000244,-0.178599834
729.5,-0.18007803
729.6000366,-0.183082104
729.7000122,-0.182891369
729.7999878,-0.180733681
729.9000244,-0.178647518
730,-0.178313732
730.1000366,-0.179601192
730.2000122,-0.178313732
730.2999878,-0.18136549
730.4000244,-0.179839611
730.5,-0.179267406
730.6000366,-0.184369564
730.7000122,-0.1784091
730.7999878,-0.181508541
730.9000244,-0.181174755
731,-0.182796001
731.1000366,-0.182033062
731.2000122,-0.178361416
731.2999878,-0.185943127
731.4000244,-0.176501751
731.5,-0.178838253
731.6000366,-0.179601192
731.7000122,-0.180554867
731.7999878,-0.175738811
731.9000244,-0.1784091
732,-0.180507183
732.1000366,-0.179780006
732.2000122,-0.179934978
732.2999878,-0.180268764
732.4000244,-0.179124355
732.5,-0.180137634
732.6000366,-0.18098402
732.7000122,-0.180173397
732.7999878,-0.180459499
732.9000244,-0.178790569
733,-0.184035778
733.1000366,-0.180793285
733.2000122,-0.167823315
733.2999878,-0.177979946
733.4000244,-0.171781063
733.5,-0.17058897
733.6000366,-0.176072598
733.7000122,-0.181222439
733.7999878,-0.178885937
733.9000244,-0.17893362
734,-0.178218365
734.1000366,-0.177312374
734.2000122,-0.177741528
734.2999878,-0.183988094
734.4000244,-0.189376831
734.5,-0.177121639
734.6000366,-0.178695202
734.7000122,-0.180173397
734.7999878,-0.175881863
734.9000244,-0.178218365
735,-0.183845043
735.1000366,-0.181508541
735.2000122,-0.181460857
735.2999878,-0.178170681
735.4000244,-0.182319164
735.5,-0.180221081
735.6000366,-0.176692486
735.7000122,-0.178361416
735.7999878,-0.177073956
735.9000244,-0.178552151
736,-0.177121639
736.1000366,-0.178170681
736.2000122,-0.178385258
736.2999878,-0.179410458
736.4000244,-0.178838253
736.5,-0.182176113
736.6000366,-0.176501751
736.7000122,-0.179267406
736.7999878,-0.181317806
736.9000244,-0.181699276
737,-0.18432188
737.1000366,-0.186229229
737.2000122,-0.180507183
737.2999878,-0.179267406
737.4000244,-0.186324596
737.5,-0.182223797
737.6000366,-0.177217007
737.7000122,-0.171590328
737.7999878,-0.1784091
737.9000244,-0.181508541
738,-0.18136549
738.1000366,-0.182557583
738.2000122,-0.181413174
738.2999878,-0.18316555
738.4000244,-0.183701992
738.5,-0.184989452
738.6000366,-0.180411816
738.7000122,-0.177312374
738.7999878,-0.181985378
738.9000244,-0.184178829
739,-0.178790569
739.1000366,-0.166965008
739.2000122,-0.178122997
739.2999878,-0.181937695
739.4000244,-0.183320522
739.5,-0.183749676
739.6000366,-0.183952332
739.7000122,-0.183749676
739.7999878,-0.184989452
739.9000244,-0.181842327
740,-0.187803268
740.1000366,-0.183511257
740.2000122,-0.180507183
740.2999878,-0.18713522
740.4000244,-0.179982662
740.5,-0.175500393
740.6000366,-0.188232422
740.7000122,-0.176978588
740.7999878,-0.186896801
740.9000244,-0.180125713
741,-0.18794632
741.1000366,-0.184083462
741.2000122,-0.17969656
741.2999878,-0.180268764
741.4000244,-0.180268764
741.5,-0.178337574
741.6000366,-0.175452709
741.7000122,-0.177360058
741.7999878,-0.182033062
741.9000244,-0.186324596
742,-0.184083462
742.1000366,-0.178790569
742.2000122,-0.182176113
742.2999878,-0.176930904
742.4000244,-0.176883221
742.5,-0.187182903
742.6000366,-0.189567566
742.7000122,-0.189138412
742.7999878,-0.185657024
742.9000244,-0.18650353
743,-0.185657024
743.1000366,-0.185561657
743.2000122,-0.185370922
743.2999878,-0.179028988
743.4000244,-0.173068523
743.5,-0.184989452
743.6000366,-0.18756485
743.7000122,-0.182748318
743.7999878,-0.18341589
743.9000244,-0.183558941
744,-0.185657024
744.1000366,-0.182414532
744.2000122,-0.185943127
744.2999878,-0.18599081
744.4000244,-0.190616608
744.5,-0.179267406
744.6000366,-0.189805984
744.7000122,-0.183320522
744.7999878,-0.179887295
744.9000244,-0.186229229
745,-0.185037136
745.1000366,-0.184369564
745.2000122,-0.186229229
745.2999878,-0.186229348
745.4000244,-0.186265022
745.5,-0.186467648
745.6000366,-0.186133862
745.7000122,-0.180840969
745.7999878,-0.18136549
745.9000244,-0.181973457
746,-0.184083462
746.1000366,-0.181603909
746.2000122,-0.187421322
746.2999878,-0.18847084
746.4000244,-0.185752392
746.5,-0.191188812
746.6000366,-0.173163891
746.7000122,-0.182128429
746.7999878,-0.191236496
746.9000244,-0.186133862
747,-0.191951752
747.1000366,-0.181079388
747.2000122,-0.181651592
747.2999878,-0.184512734
747.4000244,-0.186706066
747.5,-0.188613892
747.6000366,-0.181460857
747.7000122,-0.183368206
747.7999878,-0.18007803
747.9000244,-0.17893362
748,-0.185847759
748.1000366,-0.183558941
748.2000122,-0.184000015
748.2999878,-0.183463573
748.4000244,-0.183129787
748.5,-0.187660217
748.6000366,-0.183225155
748.7000122,-0.187039852
748.7999878,-0.184035778
748.9000244,-0.183654308
749,-0.183511257
749.1000366,-0.187325954
749.2000122,-0.184751034
749.2999878,-0.18675375
749.4000244,-0.18923378
749.5,-0.185227871
749.6000366,-0.185299516
749.7000122,-0.183177471
749.7999878,-0.183558941
749.9000244,-0.184798717
750,-0.183511257
750.1000366,-0.182796001
750.2000122,-0.182891369
750.2999878,-0.182617188
750.4000244,-0.18265295
750.5,-0.182128429
750.6000366,-0.184083462
750.7000122,-0.177455425
750.7999878,-0.187803268
750.9000244,-0.174069881
751,-0.174737453
751.1000366,-0.173736095
751.2000122,-0.177991867
751.2999878,-0.181460857
751.4000244,-0.182033062
751.5,-0.18136549
751.6000366,-0.18794632
751.7000122,-0.177503109
751.7999878,-0.184512615
751.9000244,-0.181222439
752,-0.186896801
752.1000366,-0.18885231
752.2000122,-0.186944604
752.2999878,-0.185561657
752.4000244,-0.186467648
752.5,-0.183654308
752.6000366,-0.182366848
752.7000122,-0.17931509
752.7999878,-0.179124355
752.9000244,-0.179601192
753,-0.180030346
753.1000366,-0.179934978
753.2000122,-0.178885937
753.2999878,-0.181651592
753.4000244,-0.178981304
753.5,-0.176120281
753.6000366,-0.187469006
753.7000122,-0.177598476
753.7999878,-0.185370922
753.9000244,-0.176644802
754,-0.181603909
754.1000366,-0.1784091
754.2000122,-0.182271481
754.2999878,-0.18303442
754.4000244,-0.185752392
754.5,-0.181127071
754.6000366,-0.184035778
754.7000122,-0.182605267
754.7999878,-0.182128429
754.9000244,-0.183129787
755,-0.182986736
755.1000366,-0.183177471
755.2000122,-0.183511257
755.2999878,-0.183797359
755.4000244,-0.183749676
755.5,-0.186014891
755.6000366,-0.187612534
755.7000122,-0.188899994
755.7999878,-0.192714691
755.9000244,-0.189710617
756,-0.184941769
756.1000366,-0.178456783
756.2000122,-0.181794643
756.2999878,-0.181842327
756.4000244,-0.181937695
756.5,-0.183940411
756.6000366,-0.180173397
756.7000122,-0.185370922
756.7999878,-0.179744244
756.9000244,-0.185418606
757,-0.190855026
757.1000366,-0.181460857
757.2000122,-0.176787853
757.2999878,-0.180030346
757.4000244,-0.17969656
757.5,-0.182176113
757.6000366,-0.18599081
757.7000122,-0.178313732
757.7999878,-0.180602551
757.9000244,-0.185418606
758,-0.182939053
758.1000366,-0.18341589
758.2000122,-0.182796001
758.2999878,-0.183177471
758.4000244,-0.181651592
758.5,-0.180173397
758.6000366,-0.184894085
758.7000122,-0.187707901
758.7999878,-0.188089371
758.9000244,-0.186801434
759,-0.183225155
759.1000366,-0.187230587
759.2000122,-0.183082104
759.2999878,-0.18136549
759.4000244,-0.183654308
759.5,-0.183177471
759.6000366,-0.189424515
759.7000122,-0.189472198
759.7999878,-0.17764616
759.9000244,-0.186706066
760,-0.177503109
760.1000366,-0.190473557
760.2000122,-0.186706066
760.2999878,-0.179505825
760.4000244,-0.185180187
760.5,-0.182319164
760.6000366,-0.183177471
760.7000122,-0.17674017
760.7999878,-0.173354626
760.9000244,-0.176895142
761,-0.178552151
761.1000366,-0.17893362
761.2000122,-0.184178829
761.2999878,-0.175834179
761.4000244,-0.186181545
761.5,-0.193954468
761.6000366,-0.185800076
761.7000122,-0.183368206
761.7999878,-0.175500393
761.9000244,-0.177693844
762,-0.182748318
762.1000366,-0.186086178
762.2000122,-0.184369564
762.2999878,-0.182724476
762.4000244,-0.180507183
762.5,-0.179934978
762.6000366,-0.180840969
762.7000122,-0.184607983
762.7999878,-0.182462215
762.9000244,-0.180364132
763,-0.179982662
763.1000366,-0.17764616
763.2000122,-0.175309658
763.2999878,-0.176978588
763.4000244,-0.182796001
763.5,-0.176167965
763.6000366,-0.179648876
763.7000122,-0.181699276
763.7999878,-0.176895142
763.9000244,-0.175643444
764,-0.17058897
764.1000366,-0.178742886
764.2000122,-0.183463573
764.2999878,-0.182271481
764.4000244,-0.171113491
764.5,-0.177407742
764.6000366,-0.186658382
764.7000122,-0.18265295
764.7999878,-0.17893362
764.9000244,-0.180793285
765,-0.179172039
765.1000366,-0.178266048
765.2000122,-0.178695202
765.2999878,-0.177073956
765.4000244,-0.17559576
765.5,-0.1763587
765.6000366,-0.175071239
765.7000122,-0.176835537
765.7999878,-0.18303442
765.9000244,-0.189043045
766,-0.182128429
766.1000366,-0.177169323
766.2000122,-0.178361416
766.2999878,-0.180650234
766.4000244,-0.180936337
766.5,-0.185704708
766.6000366,-0.179744244
766.7000122,-0.183701992
766.7999878,-0.18265295
766.9000244,-0.181842327
767,-0.183940411
767.1000366,-0.182033062
767.2000122,-0.175405025
767.2999878,-0.188327789
767.4000244,-0.177073956
767.5,-0.179553509
767.6000366,-0.173974514
767.7000122,-0.183701992
767.7999878,-0.174117565
767.9000244,-0.184798717
768,-0.178742886
768.1000366,-0.180507183
768.2000122,-0.174117565
768.2999878,-0.186086178
768.4000244,-0.181603909
768.5,-0.186563015
768.6000366,-0.178361416
768.7000122,-0.173306942
768.7999878,-0.181079388
768.9000244,-0.178981304
769,-0.177407742
769.1000366,-0.168967724
769.2000122,-0.174546719
769.2999878,-0.181699276
769.4000244,-0.184751034
769.5,-0.174499035
769.6000366,-0.177789211
769.7000122,-0.1763587
769.7999878,-0.172448635
769.9000244,-0.183177471
770,-0.172687054
770.1000366,-0.177979946
770.2000122,-0.17931509
770.2999878,-0.183320522
770.4000244,-0.183272839
770.5,-0.180602551
770.6000366,-0.177169323
770.7000122,-0.174880505
770.7999878,-0.181699276
770.9000244,-0.183368206
771,-0.17726469
771.1000366,-0.174212933
771.2000122,-0.175786495
771.2999878,-0.181699276
771.4000244,-0.181556225
771.5,-0.176263332
771.6000366,-0.181222439
771.7000122,-0.175786495
771.7999878,-0.175452709
771.9000244,-0.178015709
772,-0.180221081
772.1000366,-0.180602551
772.2000122,-0.17931509
772.2999878,-0.180030346
772.4000244,-0.182462215
772.5,-0.181222439
772.6000366,-0.184250474
772.7000122,-0.185132504
772.7999878,-0.188184738
772.9000244,-0.184512615
773,-0.178361416
773.1000366,-0.177836895
773.2000122,-0.183511257
773.2999878,-0.177670002
773.4000244,-0.174928188
773.5,-0.174403667
773.6000366,-0.180745602
773.7000122,-0.184798717
773.7999878,-0.178885937
773.9000244,-0.181174755
774,-0.180507183
774.1000366,-0.18007803
774.2000122,-0.176406384
774.2999878,-0.188899994
774.4000244,-0.183558941
774.5,-0.180650234
774.6000366,-0.188566208
774.7000122,-0.181651592
774.7999878,-0.183845043
774.9000244,-0.18599081
775,-0.180840969
775.1000366,-0.17674017
775.2000122,-0.182414532
775.2999878,-0.175261974
775.4000244,-0.175548077
775.5,-0.176036835
775.6000366,-0.175214291
775.7000122,-0.178122997
775.7999878,-0.181603909
775.9000244,-0.180221081
776,-0.182462215
776.1000366,-0.180173397
776.2000122,-0.176883221
776.2999878,-0.180030346
776.4000244,-0.178552151
776.5,-0.18136549
776.6000366,-0.181651592
776.7000122,-0.185180187
776.7999878,-0.176692486
776.9000244,-0.186181545
777,-0.175548077
777.1000366,-0.176835537
777.2000122,-0.176072598
777.2999878,-0.18136549
777.4000244,-0.180507183
777.5,-0.18328476
777.6000366,-0.185227871
777.7000122,-0.180569768
777.7999878,-0.176167965
777.9000244,-0.177598476
778,-0.179434299
778.1000366,-0.182557583
778.2000122,-0.181413174
778.2999878,-0.177121639
778.4000244,-0.176406384
778.5,-0.180793285
778.6000366,-0.178313732
778.7000122,-0.182044983
778.7999878,-0.184798717
778.9000244,-0.184274197
779,-0.180793285
779.1000366,-0.180364132
779.2000122,-0.179601192
779.2999878,-0.183368206
779.4000244,-0.181854248
779.5,-0.181413174
779.6000366,-0.18303442
779.7000122,-0.181651592
779.7999878,-0.174546719
779.9000244,-0.176883221
780,-0.181031704
780.1000366,-0.18470335
780.2000122,-0.182557583
780.2999878,-0.182414532
780.4000244,-0.181508541
780.5,-0.176549435
780.6000366,-0.187707901
780.7000122,-0.17674017
780.7999878,-0.18341589
780.9000244,-0.17802763
781,-0.180697918
781.1000366,-0.184798717
781.2000122,-0.183654308
781.2999878,-0.171542645
781.4000244,-0.180125713
781.5,-0.174165249
781.6000366,-0.183320522
781.7000122,-0.189281464
781.7999878,-0.191045761
781.9000244,-0.186455965
782,-0.183558941
782.1000366,-0.181937695
782.2000122,-0.181985378
782.2999878,-0.178885937
782.4000244,-0.17931509
782.5,-0.183988094
782.6000366,-0.177550793
782.7000122,-0.18432188
782.7999878,-0.17802763
782.9000244,-0.187612534
783,-0.175452709
783.1000366,-0.182414532
783.2000122,-0.187325954
783.2999878,-0.183797359
783.4000244,-0.183558941
783.5,-0.180173397
783.6000366,-0.179934978
783.7000122,-0.181198597
783.7999878,-0.182128429
783.9000244,-0.180775404
784,-0.179791927
784.1000366,-0.179982662
784.2000122,-0.18136549
784.2999878,-0.183129787
784.4000244,-0.181699276
784.5,-0.178981304
784.6000366,-0.180030346
784.7000122,-0.179839611
784.7999878,-0.177550793
784.9000244,-0.170922756
785,-0.177121639
785.1000366,-0.182366848
785.2000122,-0.18098402
785.2999878,-0.182223797
785.4000244,-0.177693844
785.5,-0.174880505
785.6000366,-0.184035778
785.7000122,-0.183606625
785.7999878,-0.176501751
785.9000244,-0.173497677
786,-0.182557583
786.1000366,-0.18675375
786.2000122,-0.181031704
786.2999878,-0.177836895
786.4000244,-0.184083462
786.5,-0.182509899
786.6000366,-0.179076672
786.7000122,-0.173640728
786.7999878,-0.170350552
786.9000244,-0.182176113
787,-0.174642086
787.1000366,-0.183749676
787.2000122,-0.181127071
787.2999878,-0.175261974
787.4000244,-0.182796001
787.5,-0.174355984
787.6000366,-0.178790569
787.7000122,-0.175500393
787.7999878,-0.180411816
787.9000244,-0.172448635
788,-0.177932262
788.1000366,-0.177550793
788.2000122,-0.177884579
788.2999878,-0.182605267
788.4000244,-0.170779705
788.5,-0.176072598
788.6000366,-0.171828747
788.7000122,-0.178170681
788.7999878,-0.178742886
788.9000244,-0.178075314
789,-0.177789211
789.1000366,-0.177908421
789.2000122,-0.178075314
789.2999878,-0.177693844
789.4000244,-0.177205086
789.5,-0.176215649
789.6000366,-0.176835537
789.7000122,-0.178361416
789.7999878,-0.178170681
789.9000244,-0.181651592
790,-0.168252468
790.1000366,-0.177932262
790.2000122,-0.173974514
790.2999878,-0.177455425
790.4000244,-0.181460857
790.5,-0.181985378
790.6000366,-0.17828989
790.7000122,-0.174832821
790.7999878,-0.174880505
790.9000244,-0.181317806
791,-0.178075314
791.1000366,-0.181651592
791.2000122,-0.167823315
791.2999878,-0.179934978
791.4000244,-0.169110775
791.5,-0.163865566
791.6000366,-0.170350552
791.7000122,-0.168967724
791.7999878,-0.171018124
791.9000244,-0.170636654
792,-0.171065807
792.1000366,-0.172687054
792.2000122,-0.169921398
792.2999878,-0.174880505
792.4000244,-0.177836895
792.5,-0.167012691
792.6000366,-0.175738811
792.7000122,-0.166965008
792.7999878,-0.17597723
792.9000244,-0.183511257
793,-0.1784091
793.1000366,-0.169206142
793.2000122,-0.174785137
793.2999878,-0.173354626
793.4000244,-0.173497677
793.5,-0.174141407
793.6000366,-0.174737453
793.7000122,-0.174975872
793.7999878,-0.172913551
793.9000244,-0.172210217
794,-0.173888087
794.1000366,-0.174260616
794.2000122,-0.176167965
794.2999878,-0.187278271
794.4000244,-0.178313732
794.5,-0.171113491
794.6000366,-0.181890011
794.7000122,-0.17468977
794.7999878,-0.188518524
794.9000244,-0.186038494
795,-0.172734737
795.1000366,-0.175261974
795.2000122,-0.179505825
795.2999878,-0.178647518
795.4000244,-0.173783779
795.5,-0.179362774
795.6000366,-0.170875072
795.7000122,-0.177979946
795.7999878,-0.172496319
795.9000244,-0.177121639
796,-0.181794643
796.1000366,-0.179458141
796.2000122,-0.177312374
796.2999878,-0.173783779
796.4000244,-0.182080746
796.5,-0.172067165
796.6000366,-0.184464931
796.7000122,-0.176692486
796.7999878,-0.180030346
796.9000244,-0.179934978
797,-0.171447277
797.1000366,-0.172544003
797.2000122,-0.173318863
797.2999878,-0.176120281
797.4000244,-0.173163891
797.5,-0.180364132
797.6000366,-0.182891369
797.7000122,-0.179219723
797.7999878,-0.179124355
797.9000244,-0.179362774
798,-0.18007803
798.1000366,-0.181174755
798.2000122,-0.180650234
798.2999878,-0.181568146
798.4000244,-0.182509899
798.5,-0.181937695
798.6000366,-0.179422379
798.7000122,-0.176263332
798.7999878,-0.176978588
798.9000244,-0.17802763
799,-0.179028988
799.1000366,-0.177813053
799.2000122,-0.177312374
799.2999878,-0.176883221
799.4000244,-0.175834179
799.5,-0.173831463
799.6000366,-0.181127071
799.7000122,-0.184560299
799.7999878,-0.174165249
799.9000244,-0.183511257
800,-0.178218365
800.1000366,-0.173449993
800.2000122,-0.174022198
800.2999878,-0.173449993
800.4000244,-0.179839611
800.5,-0.183082104
800.6000366,-0.174260616
800.7000122,-0.178361416
800.7999878,-0.17969656
800.9000244,-0.182509899
801,-0.177121639
801.1000366,-0.18007803
801.2000122,-0.171685696
801.2999878,-0.183749676
801.4000244,-0.180745602
801.5,-0.179899216
801.6000366,-0.177741528
801.7000122,-0.177360058
801.7999878,-0.175214291
801.9000244,-0.174355984
802,-0.17468977
802.1000366,-0.175786495
802.2000122,-0.178122997
802.2999878,-0.181222439
802.4000244,-0.176501751
802.5,-0.180650234
802.6000366,-0.176072598
802.7000122,-0.176215649
802.7999878,-0.168395519
802.9000244,-0.28150177
803,-0.381494999
803.1000366,-0.399900913
803.2000122,-0.401045322
803.2999878,-0.392986774
803.4000244,-0.379158497
803.5,-0.386358738
803.6000366,-0.376774311
803.7000122,-0.382067204
803.7999878,-0.388742924
803.9000244,-0.383259296
804,-0.388552189
804.1000366,-0.388742924
804.2000122,-0.383640766
804.2999878,-0.382734776
804.4000244,-0.38740778
804.5,-0.387169361
804.6000366,-0.387932301
804.7000122,-0.383450031
804.7999878,-0.390602589
804.9000244,-0.383259296
805,-0.380493641
805.1000366,-0.389267445
805.2000122,-0.384356022
805.2999878,-0.382448673
805.4000244,-0.385452747
805.5,-0.383020878
805.6000366,-0.386311054
805.7000122,-0.386835575
805.7999878,-0.387693882
805.9000244,-0.381399632
806,-0.383879185
806.1000366,-0.381161213
806.2000122,-0.382269859
806.2999878,-0.382210255
806.4000244,-0.38497889
806.5,-0.387503147
806.6000366,-0.387932301
806.7000122,-0.386263371
806.7999878,-0.387121677
806.9000244,-0.386501789
807,-0.379873753
807.1000366,-0.379110813
807.2000122,-0.382544041
807.2999878,-0.384928226
807.4000244,-0.38330698
807.5,-0.38740778
807.6000366,-0.380684376
807.7000122,-0.38702631
807.7999878,-0.377489567
807.9000244,-0.374914646
808,-0.380779743
808.1000366,-0.387503147
808.2000122,-0.385500431
808.2999878,-0.380493641
808.4000244,-0.381781101
808.5,-0.387693882
808.6000366,-0.382544041
808.7000122,-0.375200748
808.7999878,-0.386358738
808.9000244,-0.380112171
809,-0.377108097
809.1000366,-0.386787891
809.2000122,-0.381018162
809.2999878,-0.38573885
809.4000244,-0.392509937
809.5,-0.384403706
809.6000366,-0.378967762
809.7000122,-0.386597157
809.7999878,-0.381351948
809.9000244,-0.377775669
810,-0.387646198
810.1000366,-0.386311054
810.2000122,-0.37830019
810.2999878,-0.384642124
810.4000244,-0.391842365
810.5,-0.386454105
810.6000366,-0.385071278
810.7000122,-0.385691166
810.7999878,-0.389648914
810.9000244,-0.393272877
811,-0.388278008
811.1000366,-0.385452747
811.2000122,-0.384737492
811.2999878,-0.382544041
811.4000244,-0.38497591
811.5,-0.383068562
811.6000366,-0.380732059
811.7000122,-0.399376392
811.7999878,-0.387503147
811.9000244,-0.377060413
812,-0.382544041
812.1000366,-0.377871037
812.2000122,-0.379921436
812.2999878,-0.380493641
812.4000244,-0.381113529
812.5,-0.384785175
812.6000366,-0.386740208
812.7000122,-0.388885975
812.7999878,-0.381971836
812.9000244,-0.385118961
813,-0.38163805
813.1000366,-0.38201952
813.2000122,-0.379206181
813.2999878,-0.381399632
813.4000244,-0.38330698
813.5,-0.383736134
813.6000366,-0.389267445
813.7000122,-0.386263371
813.7999878,-0.387872696
813.9000244,-0.388456821
814,-0.387503147
814.1000366,-0.383163929
814.2000122,-0.385977268
814.2999878,-0.38330698
814.4000244,-0.385536194
814.5,-0.386406422
814.6000366,-0.386454105
814.7000122,-0.385834217
814.7999878,-0.385607719
814.9000244,-0.38368845
815,-0.386454105
815.1000366,-0.382496357
815.2000122,-0.381447315
815.2999878,-0.382973194
815.4000244,-0.375153065
815.5,-0.389124393
815.6000366,-0.382973194
815.7000122,-0.381161213
815.7999878,-0.391508579
815.9000244,-0.382782459
816,-0.374437809
816.1000366,-0.386978626
816.2000122,-0.389505863
816.2999878,-0.37958765
816.4000244,-0.379635334
816.5,-0.389887333
816.6000366,-0.384928226
816.7000122,-0.373054981
816.7999878,-0.376678944
816.9000244,-0.378157139
817,-0.38125658
817.1000366,-0.38163805
817.2000122,-0.390125751
817.2999878,-0.371529102
817.4000244,-0.389029026
817.5,-0.375010014
817.6000366,-0.38330698
817.7000122,-0.379683018
817.7999878,-0.37496233
817.9000244,-0.381924152
818,-0.383354664
818.1000366,-0.377441883
818.2000122,-0.377775669
818.2999878,-0.37996912
818.4000244,-0.378204823
818.5,-0.376392841
818.6000366,-0.385023594
818.7000122,-0.378204823
818.7999878,-0.381685734
818.9000244,-0.375105381
819,-0.380398273
819.1000366,-0.387360096
819.2000122,-0.385023594
819.2999878,-0.380636692
819.4000244,-0.367952824
819.5,-0.373198032
819.6000366,-0.381828785
819.7000122,-0.371529102
819.7999878,-0.380875111
819.9000244,-0.385786533
820,-0.378204823
820.1000366,-0.376440525
820.2000122,-0.379301548
820.2999878,-0.383259296
820.4000244,-0.383974552
820.5,-0.376774311
820.6000366,-0.379921436
820.7000122,-0.374866962
820.7999878,-0.374294758
820.9000244,-0.377060413
821,-0.37496233
821.1000366,-0.374652386
821.2000122,-0.376267672
821.2999878,-0.376011372
821.4000244,-0.379444599
821.5,-0.371719837
821.6000366,-0.385071278
821.7000122,-0.381494999
821.7999878,-0.381113529
821.9000244,-0.379015446
822,-0.37958765
822.1000366,-0.378872395
822.2000122,-0.380326748
822.2999878,-0.38240099
822.4000244,-0.380445957
822.5,-0.382591724
822.6000366,-0.376678944
822.7000122,-0.369144917
822.7999878,-0.376440525
822.9000244,-0.380207539
823,-0.376345158
823.1000366,-0.377108097
823.2000122,-0.377441883
823.2999878,-0.377346516
823.4000244,-0.376619339
823.5,-0.376202106
823.6000366,-0.375486851
823.7000122,-0.375212669
823.7999878,-0.374771595
823.9000244,-0.374390125
824,-0.376011372
824.1000366,-0.376202106
824.2000122,-0.375904083
824.2999878,-0.375772953
824.4000244,-0.375629902
824.5,-0.375820637
824.6000366,-0.377334595
824.7000122,-0.381065845
824.7999878,-0.376821995
824.9000244,-0.368763447
825,-0.372482777
825.1000366,-0.379253864
825.2000122,-0.376059055
825.2999878,-0.375105381
825.4000244,-0.377155781
825.5,-0.370337009
825.6000366,-0.377203465
825.7000122,-0.372292042
825.7999878,-0.382830143
825.9000244,-0.383259296
826,-0.379277706
826.1000366,-0.378061771
826.2000122,-0.372959614
826.2999878,-0.377584934
826.4000244,-0.373531818
826.5,-0.3732934
826.6000366,-0.373198032
826.7000122,-0.373484135
826.7999878,-0.372482777
826.9000244,-0.374139786
827,-0.375248432
827.1000366,-0.3753438
827.2000122,-0.375725269
827.2999878,-0.374247074
827.4000244,-0.376023293
827.5,-0.377060413
827.6000366,-0.377060413
827.7000122,-0.376869678
827.7999878,-0.370527744
827.9000244,-0.372196674
828,-0.377155781
828.1000366,-0.373817921
828.2000122,-0.375772953
828.2999878,-0.372292042
828.4000244,-0.372768879
828.5,-0.371195316
828.6000366,-0.371815205
828.7000122,-0.374676228
828.7999878,-0.366951466
828.9000244,-0.372387409
829,-0.378157139
829.1000366,-0.378157139
829.2000122,-0.374723911
829.2999878,-0.368668079
829.4000244,-0.363279819
829.5,-0.382639408
829.6000366,-0.369383335
829.7000122,-0.377632618
829.7999878,-0.373770237
829.9000244,-0.376059055
830,-0.365616322
830.1000366,-0.37624979
830.2000122,-0.371099949
830.2999878,-0.371243
830.4000244,-0.370480061
830.5,-0.37086153
830.6000366,-0.368620396
830.7000122,-0.371767521
830.7999878,-0.374437809
830.9000244,-0.370766163
831,-0.367952824
831.1000366,-0.371767521
831.2000122,-0.371052265
831.2999878,-0.367237568
831.4000244,-0.376774311
831.5,-0.369335651
831.6000366,-0.371672153
831.7000122,-0.378347874
831.7999878,-0.373865604
831.9000244,-0.365377903
832,-0.372864246
832.1000366,-0.36494875
832.2000122,-0.376583576
832.2999878,-0.368715763
832.4000244,-0.371052265
832.5,-0.371290684
832.6000366,-0.369562149
832.7000122,-0.367714405
832.7999878,-0.368191242
832.9000244,-0.368429661
833,-0.370480061
833.1000366,-0.373436451
833.2000122,-0.373341084
833.2999878,-0.372101307
833.4000244,-0.36995554
833.5,-0.364758015
833.6000366,-0.365377903
833.7000122,-0.365997791
833.7999878,-0.369001865
833.9000244,-0.369478703
834,-0.369395256
834.1000366,-0.368525028
834.2000122,-0.370575428
834.2999878,-0.373054981
834.4000244,-0.37496233
834.5,-0.366188526
834.6000366,-0.369907856
834.7000122,-0.373436451
834.7999878,-0.372864246
834.9000244,-0.373579502
835,-0.373627186
835.1000366,-0.374390125
835.2000122,-0.37162447
835.2999878,-0.370146275
835.4000244,-0.370670795
835.5,-0.371338367
835.6000366,-0.371147633
835.7000122,-0.36251688
835.7999878,-0.372625828
835.9000244,-0.361134052
836,-0.370623112
836.1000366,-0.373388767
836.2000122,-0.371386051
836.2999878,-0.373770237
836.4000244,-0.369335651
836.5,-0.371767521
836.6000366,-0.370766163
836.7000122,-0.370146275
836.7999878,-0.371815205
836.9000244,-0.372339725
837,-0.372673512
837.1000366,-0.373913288
837.2000122,-0.373150349
837.2999878,-0.371529102
837.4000244,-0.371767521
837.5,-0.370527744
837.6000366,-0.366903782
837.7000122,-0.363613605
837.7999878,-0.371862888
837.9000244,-0.368048191
838,-0.371243
838.1000366,-0.373913288
838.2000122,-0.366188526
838.2999878,-0.368858814
838.4000244,-0.381494999
838.5,-0.363422871
838.6000366,-0.374104023
838.7000122,-0.377680302
838.7999878,-0.371290684
838.9000244,-0.372959614
839,-0.37419939
839.1000366,-0.368906498
839.2000122,-0.371433735
839.2999878,-0.371910572
839.4000244,-0.373388767
839.5,-0.373913288
839.6000366,-0.367714405
839.7000122,-0.374819279
839.7999878,-0.365711689
839.9000244,-0.375772953
840,-0.371338367
840.1000366,-0.367857456
840.2000122,-0.370670795
840.2999878,-0.368000507
840.4000244,-0.364662647
840.5,-0.371099949
840.6000366,-0.376917362
840.7000122,-0.370050907
840.7999878,-0.367809772
840.9000244,-0.365568638
841,-0.371481419
841.1000366,-0.369812489
841.2000122,-0.36995554
841.2999878,-0.368620396
841.4000244,-0.369907856
841.5,-0.373102665
841.6000366,-0.376154423
841.7000122,-0.368858814
841.7999878,-0.367714405
841.9000244,-0.369216442
842,-0.368048191
842.1000366,-0.368352175
842.2000122,-0.36828661
842.2999878,-0.367857456
842.4000244,-0.367058754
842.5,-0.366951466
842.6000366,-0.370792985
842.7000122,-0.374866962
842.7999878,-0.374294758
842.9000244,-0.369287968
843,-0.365139484
843.1000366,-0.368381977
843.2000122,-0.368381977
843.2999878,-0.361372471
843.4000244,-0.377251148
843.5,-0.369049549
843.6000366,-0.366188526
843.7000122,-0.376011372
843.7999878,-0.361801624
843.9000244,-0.373341084
844,-0.374723911
844.1000366,-0.362659931
844.2000122,-0.377155781
844.2999878,-0.360228062
844.4000244,-0.373198032
844.5,-0.368668079
844.6000366,-0.370337009
844.7000122,-0.366808414
844.7999878,-0.371243
844.9000244,-0.359846592
845,-0.377727985
845.1000366,-0.369049549
845.2000122,-0.367094517
845.2999878,-0.377584934
845.4000244,-0.378252506
845.5,-0.373281479
845.6000366,-0.365997791
845.7000122,-0.371290684
845.7999878,-0.373817921
845.9000244,-0.371338367
846,-0.370003223
846.1000366,-0.370241642
846.2000122,-0.366903782
846.2999878,-0.368143559
846.4000244,-0.37162447
846.5,-0.376535892
846.6000366,-0.374914646
846.7000122,-0.366283894
846.7999878,-0.372673512
846.9000244,-0.366569996
847,-0.372148991
847.1000366,-0.374866962
847.2000122,-0.369526386
847.2999878,-0.36790514
847.4000244,-0.364614964
847.5,-0.367809772
847.6000366,-0.371147633
847.7000122,-0.368763447
847.7999878,-0.370623112
847.9000244,-0.363756657
848,-0.365902424
848.1000366,-0.369669437
848.2000122,-0.369383335
848.2999878,-0.370623112
848.4000244,-0.365616322
848.5,-0.368381977
848.6000366,-0.370718479
848.7000122,-0.366903782
848.7999878,-0.371386051
848.9000244,-0.365568638
849,-0.370575428
849.1000366,-0.367619038
849.2000122,-0.369335651
849.2999878,-0.366999149
849.4000244,-0.365616322
849.5,-0.366474628
849.6000366,-0.367583275
849.7000122,-0.369144917
849.7999878,-0.369097233
849.9000244,-0.368358135
850,-0.367285252
850.1000366,-0.36790514
850.2000122,-0.368083954
850.2999878,-0.369049549
850.4000244,-0.368095875
850.5,-0.368608475
850.6000366,-0.367830634
850.7000122,-0.367571354
850.7999878,-0.367046833
850.9000244,-0.365711689
851,-0.364984512
851.1000366,-0.363565922
851.2000122,-0.363613605
851.2999878,-0.363184452
851.4000244,-0.362755299
851.5,-0.362802982
851.6000366,-0.364471912
851.7000122,-0.363267899
851.7999878,-0.363184452
851.9000244,-0.366757751
852,-0.36995554
852.1000366,-0.370623112
852.2000122,-0.368668079
852.2999878,-0.366951466
852.4000244,-0.365664005
852.5,-0.371195316
852.6000366,-0.359131336
852.7000122,-0.36828661
852.7999878,-0.361849308
852.9000244,-0.363708973
853,-0.364555359
853.1000366,-0.366426945
853.2000122,-0.36623621
853.2999878,-0.365044117
853.4000244,-0.366856098
853.5,-0.368906498
853.6000366,-0.371529102
853.7000122,-0.364138126
853.7999878,-0.36790514
853.9000244,-0.366856098
854,-0.373007298
854.1000366,-0.361944675
854.2000122,-0.369335651
854.2999878,-0.365616322
854.4000244,-0.373102665
854.5,-0.363518238
854.6000366,-0.364853382
854.7000122,-0.364805698
854.7999878,-0.366856098
854.9000244,-0.370003223
855,-0.365664005
855.1000366,-0.366295815
855.2000122,-0.364662647
855.2999878,-0.364853382
855.4000244,-0.364591122
855.5,-0.363136768
855.6000366,-0.365711689
855.7000122,-0.363995075
855.7999878,-0.363613605
855.9000244,-0.365044117
856,-0.363756657
856.1000366,-0.367571354
856.2000122,-0.36289835
856.2999878,-0.367428303
856.4000244,-0.371719837
856.5,-0.36547327
856.6000366,-0.365044117
856.7000122,-0.373054981
856.7999878,-0.364233494
856.9000244,-0.370623112
857,-0.368572712
857.1000366,-0.363899708
857.2000122,-0.366951466
857.2999878,-0.36380434
857.4000244,-0.359703541
857.5,-0.370766163
857.6000366,-0.360275745
857.7000122,-0.364471912
857.7999878,-0.360514164
857.9000244,-0.370527744
858,-0.369240284
858.1000366,-0.367237568
858.2000122,-0.376535892
858.2999878,-0.366283894
858.4000244,-0.372864246
858.5,-0.365664005
858.6000366,-0.367428303
858.7000122,-0.364138126
858.7999878,-0.359035969
858.9000244,-0.362326145
859,-0.368668079
859.1000366,-0.369144917
859.2000122,-0.365902424
859.2999878,-0.365377903
859.4000244,-0.364614964
859.5,-0.363136768
859.6000366,-0.370909214
859.7000122,-0.365807056
859.7999878,-0.372959614
859.9000244,-0.364376545
860,-0.362421513
860.1000366,-0.358320713
860.2000122,-0.372101307
860.2999878,-0.355316639
860.4000244,-0.366760731
860.5,-0.36418581
860.6000366,-0.363518238
860.7000122,-0.362707615
860.7999878,-0.362814903
860.9000244,-0.360085011
861,-0.359444261
861.1000366,-0.357033253
861.2000122,-0.357843876
861.2999878,-0.361217499
861.4000244,-0.363947392
861.5,-0.366045475
861.6000366,-0.366760731
861.7000122,-0.362755299
861.7999878,-0.355221272
861.9000244,-0.361372471
862,-0.357796192
862.1000366,-0.366760731
862.2000122,-0.365044117
862.2999878,-0.363470554
862.4000244,-0.361563206
862.5,-0.366999149
862.6000366,-0.371099949
862.7000122,-0.370241642
862.7999878,-0.368620396
862.9000244,-0.361038685
863,-0.366856098
863.1000366,-0.360323429
863.2000122,-0.359894276
863.2999878,-0.368715763
863.4000244,-0.369478703
863.5,-0.366403103
863.6000366,-0.365044117
863.7000122,-0.362373829
863.7999878,-0.363947392
863.9000244,-0.364996433
864,-0.364042759
864.1000366,-0.369240284
864.2000122,-0.360275745
864.2999878,-0.366426945
864.4000244,-0.365520954
864.5,-0.365807056
864.6000366,-0.363041401
864.7000122,-0.361801624
864.7999878,-0.358273029
864.9000244,-0.368906498
865,-0.36547327
865.1000366,-0.364662647
865.2000122,-0.367571354
865.2999878,-0.372387409
865.4000244,-0.366760731
865.5,-0.358463764
865.6000366,-0.352694035
865.7000122,-0.358463764
865.7999878,-0.361706257
865.9000244,-0.360991001
866,-0.367046833
866.1000366,-0.366379261
866.2000122,-0.36213541
866.2999878,-0.363613605
866.4000244,-0.358368397
866.5,-0.364519596
866.6000366,-0.375391483
866.7000122,-0.362373829
866.7999878,-0.354362965
866.9000244,-0.363232136
867,-0.361992359
867.1000366,-0.366856098
867.2000122,-0.372005939
867.2999878,-0.365664005
867.4000244,-0.366808414
867.5,-0.361706257
867.6000366,-0.358034611
867.7000122,-0.359322071
867.7999878,-0.363375187
867.9000244,-0.35545969
868,-0.361610889
868.1000366,-0.367714405
868.2000122,-0.370289326
868.2999878,-0.362373829
868.4000244,-0.368954182
868.5,-0.363852024
868.6000366,-0.367857456
868.7000122,-0.364328861
868.7999878,-0.354887486
868.9000244,-0.357748508
869,-0.370337009
869.1000366,-0.351025105
869.2000122,-0.365616322
869.2999878,-0.365044117
869.4000244,-0.365234852
869.5,-0.361277103
869.6000366,-0.362421513
869.7000122,-0.354219913
869.7999878,-0.369240284
869.9000244,-0.361324787
870,-0.365568638
870.1000366,-0.365187168
870.2000122,-0.366569996
870.2999878,-0.354553699
870.4000244,-0.35879755
870.5,-0.361718178
870.6000366,-0.368572712
870.7000122,-0.36494875
870.7999878,-0.358559132
870.9000244,-0.360704899
871,-0.36058569
871.1000366,-0.361849308
871.2000122,-0.36122942
871.2999878,-0.365902424
871.4000244,-0.366045475
871.5,-0.361181736
871.6000366,-0.357843876
871.7000122,-0.358320713
871.7999878,-0.359345913
871.9000244,-0.362755299
872,-0.358463764
872.1000366,-0.360323429
872.2000122,-0.360323429
872.2999878,-0.359751225
872.4000244,-0.361706257
872.5,-0.362040043
872.6000366,-0.364710331
872.7000122,-0.368715763
872.7999878,-0.366760731
872.9000244,-0.360895634
873,-0.366903782
873.1000366,-0.35879755
873.2000122,-0.360514164
873.2999878,-0.361181736
873.4000244,-0.361706257
873.5,-0.361300945
873.6000366,-0.361896992
873.7000122,-0.360418797
873.7999878,-0.369001865
873.9000244,-0.355984211
874,-0.36623621
874.1000366,-0.365664005
874.2000122,-0.363565922
874.2999878,-0.36496067
874.4000244,-0.365091801
874.5,-0.361590028
874.6000366,-0.357653141
874.7000122,-0.358654499
874.7999878,-0.365044117
874.9000244,-0.367857456
875,-0.362183094
875.1000366,-0.36418581
875.2000122,-0.359322071
875.2999878,-0.364233494
875.4000244,-0.366856098
875.5,-0.374342442
875.6000366,-0.353981495
875.7000122,-0.364233494
875.7999878,-0.367762089
875.9000244,-0.363184452
876,-0.368906498
876.1000366,-0.358559132
876.2000122,-0.361992359
876.2999878,-0.374390125
876.4000244,-0.3691926
876.5,-0.361086369
876.6000366,-0.365330219
876.7000122,-0.371767521
876.7999878,-0.361467838
876.9000244,-0.365902424
877,-0.362755299
877.1000366,-0.362564564
877.2000122,-0.363518238
877.2999878,-0.372148991
877.4000244,-0.358654499
877.5,-0.368429661
877.6000366,-0.362421513
877.7000122,-0.366283894
877.7999878,-0.36084795
877.9000244,-0.366951466
878,-0.357605457
878.1000366,-0.367094517
878.2000122,-0.360323429
878.2999878,-0.364281178
878.4000244,-0.36494875
878.5,-0.364758015
878.6000366,-0.360943317
878.7000122,-0.360085011
878.7999878,-0.363422871
878.9000244,-0.370050907
879,-0.360228062
879.1000366,-0.363279819
879.2000122,-0.370718479
879.2999878,-0.361896992
879.4000244,-0.365807056
879.5,-0.36380434
879.6000366,-0.361467838
879.7000122,-0.357748508
879.7999878,-0.35789156
879.9000244,-0.363518238
880,-0.368525028
880.1000366,-0.356937885
880.2000122,-0.361181736
880.2999878,-0.361134052
880.4000244,-0.360085011
880.5,-0.366713047
880.6000366,-0.364471912
880.7000122,-0.357939243
880.7999878,-0.36456728
880.9000244,-0.368811131
881,-0.36456728
881.1000366,-0.368143559
881.2000122,-0.360228062
881.2999878,-0.362564564
881.4000244,-0.366426945
881.5,-0.354362965
881.6000366,-0.359894276
881.7000122,-0.364853382
881.7999878,-0.364042759
881.9000244,-0.36046648
882,-0.357176304
882.1000366,-0.368763447
882.2000122,-0.363708973
882.2999878,-0.36084795
882.4000244,-0.373913288
882.5,-0.354887486
882.6000366,-0.366379261
882.7000122,-0.352264881
882.7999878,-0.357843876
882.9000244,-0.362755299
883,-0.362802982
883.1000366,-0.363422871
883.2000122,-0.35879755
883.2999878,-0.360704899
883.4000244,-0.362850666
883.5,-0.363184452
883.6000366,-0.361372471
883.7000122,-0.362659931
883.7999878,-0.356794834
883.9000244,-0.359274387
884,-0.362421513
884.1000366,-0.366283894
884.2000122,-0.367332935
884.2999878,-0.365568638
884.4000244,-0.364901066
884.5,-0.356699467
884.6000366,-0.366426945
884.7000122,-0.356508732
884.7999878,-0.368811131
884.9000244,-0.361467838
885,-0.370241642
885.1000366,-0.368048191
885.2000122,-0.365520954
885.2999878,-0.358177662
885.4000244,-0.367857456
885.5,-0.364662647
885.6000366,-0.372196674
885.7000122,-0.365902424
885.7999878,-0.373388767
885.9000244,-0.36752367
886,-0.364233494
886.1000366,-0.369287968
886.2000122,-0.368715763
886.2999878,-0.363136768
886.4000244,-0.368954182
886.5,-0.373245716
886.6000366,-0.371338367
886.7000122,-0.369252205
886.7999878,-0.366331577
886.9000244,-0.366093159
887,-0.362993717
887.1000366,-0.368715763
887.2000122,-0.365330219
887.2999878,-0.367380619
887.4000244,-0.360180378
887.5,-0.367666721
887.6000366,-0.364328861
887.7000122,-0.364090443
887.7999878,-0.364519596
887.9000244,-0.361038685
888,-0.365187168
888.1000366,-0.37086153
888.2000122,-0.370384693
888.2999878,-0.369788647
888.4000244,-0.368381977
888.5,-0.369526386
888.6000366,-0.367428303
888.7000122,-0.367666721
888.7999878,-0.362802982
888.9000244,-0.365807056
889,-0.363136768
889.1000366,-0.367809772
889.2000122,-0.365044117
889.2999878,-0.365664005
889.4000244,-0.365759373
889.5,-0.369240284
889.6000366,-0.35417223
889.7000122,-0.369907856
889.7999878,-0.360418797
889.9000244,-0.377871037
890,-0.358368397
890.1000366,-0.366522312
890.2000122,-0.366903782
890.2999878,-0.36213541
890.4000244,-0.364281178
890.5,-0.362922192
890.6000366,-0.362755299
890.7000122,-0.36251688
890.7999878,-0.360657215
890.9000244,-0.368954182
891,-0.364805698
891.1000366,-0.361706257
891.2000122,-0.366999149
891.2999878,-0.362564564
891.4000244,-0.363947392
891.5,-0.36046648
891.6000366,-0.36084795
891.7000122,-0.360991001
891.7999878,-0.361467838
891.9000244,-0.368668079
892,-0.365330219
892.1000366,-0.357796192
892.2000122,-0.36494875
892.2999878,-0.359226704
892.4000244,-0.360895634
892.5,-0.366999149
892.6000366,-0.371481419
892.7000122,-0.364901066
892.7999878,-0.364614964
892.9000244,-0.35789156
893,-0.361610889
893.1000366,-0.354982853
893.2000122,-0.362850666
893.2999878,-0.360514164
893.4000244,-0.359941959
893.5,-0.362183094
893.6000366,-0.364281178
893.7000122,-0.364090443
893.7999878,-0.367857456
893.9000244,-0.364662647
894,-0.356842518
894.1000366,-0.372292042
894.2000122,-0.360657215
894.2999878,-0.361706257
894.4000244,-0.359989643
894.5,-0.366283894
894.6000366,-0.357939243
894.7000122,-0.365282536
894.7999878,-0.364758015
894.9000244,-0.365258694
895,-0.366140842
895.1000366,-0.364853382
895.2000122,-0.365711689
895.2999878,-0.370480061
895.4000244,-0.372005939
895.5,-0.368942261
895.6000366,-0.365664005
895.7000122,-0.367619038
895.7999878,-0.36213541
895.9000244,-0.35712862
896,-0.359989643
896.1000366,-0.35789156
896.2000122,-0.365520954
896.2999878,-0.360991001
896.4000244,-0.364376545
896.5,-0.360991001
896.6000366,-0.361563206
896.7000122,-0.355745792
896.7999878,-0.36046648
896.9000244,-0.368620396
897,-0.364901066
897.1000366,-0.365711689
897.2000122,-0.365604401
897.2999878,-0.364683509
897.4000244,-0.36289835
897.5,-0.364519596
897.6000366,-0.360085011
897.7000122,-0.367428303
897.7999878,-0.358654499
897.9000244,-0.354982853
898,-0.363232136
898.1000366,-0.356174946
898.2000122,-0.360323429
898.2999878,-0.365330219
898.4000244,-0.364042759
898.5,-0.36380434
898.6000366,-0.361002922
898.7000122,-0.360371113
898.7999878,-0.355793476
898.9000244,-0.357200146
899,-0.356127262
899.1000366,-0.356508732
899.2000122,-0.360704899
899.2999878,-0.364233494
899.4000244,-0.357176304
899.5,-0.363899708
899.6000366,-0.361527443
899.7000122,-0.362707615
899.7999878,-0.362326145
899.9000244,-0.370241642
900,-0.363089085
900.1000366,-0.369383335
900.2000122,-0.361896992
900.2999878,-0.354315281
900.4000244,-0.362230778
900.5,-0.358511448
900.6000366,-0.364519596
900.7000122,-0.362326145
900.7999878,-0.357700825
900.9000244,-0.360752583
901,-0.351072788
901.1000366,-0.359274387
901.2000122,-0.354935169
901.2999878,-0.359083652
901.4000244,-0.364805698
901.5,-0.354935169
901.6000366,-0.364805698
901.7000122,-0.354029179
901.7999878,-0.362850666
901.9000244,-0.360752583
902,-0.364662647
902.1000366,-0.357843876
902.2000122,-0.364138126
902.2999878,-0.361420155
902.4000244,-0.363661289
902.5,-0.358845234
902.6000366,-0.354935169
902.7000122,-0.355364323
902.7999878,-0.358606815
902.9000244,-0.359322071
903,-0.358082294
903.1000366,-0.359655857
903.2000122,-0.356699467
903.2999878,-0.363089085
903.4000244,-0.355364323
903.5,-0.361515522
903.6000366,-0.362802982
903.7000122,-0.35584116
903.7999878,-0.355650425
903.9000244,-0.358106136
904,-0.361896992
904.1000366,-0.359035969
904.2000122,-0.358320713
904.2999878,-0.359417439
904.4000244,-0.36418581
904.5,-0.360418797
904.6000366,-0.36494875
904.7000122,-0.361801624
904.7999878,-0.36289835
904.9000244,-0.361503601
905,-0.360895634
905.1000366,-0.360418797
905.2000122,-0.356890202
905.2999878,-0.366331577
905.4000244,-0.359894276
905.5,-0.355888844
905.6000366,-0.362707615
905.7000122,-0.363279819
905.7999878,-0.359226704
905.9000244,-0.355698109
906,-0.366522312
906.1000366,-0.361849308
906.2000122,-0.363279819
906.2999878,-0.358368397
906.4000244,-0.357223988
906.5,-0.358559132
906.6000366,-0.361849308
906.7000122,-0.361086369
906.7999878,-0.360561848
906.9000244,-0.360156536
907,-0.359417439
907.1000366,-0.35956049
907.2000122,-0.361372471
907.2999878,-0.359620094
907.4000244,-0.359417439
907.5,-0.358129978
907.6000366,-0.3671422
907.7000122,-0.360371113
907.7999878,-0.365425587
907.9000244,-0.367619038
908,-0.362326145
908.1000366,-0.36585474
908.2000122,-0.359512806
908.2999878,-0.351788044
908.4000244,-0.365759373
908.5,-0.360037327
908.6000366,-0.359274387
908.7000122,-0.357724667
908.7999878,-0.358654499
908.9000244,-0.359280348
909,-0.359751225
909.1000366,-0.360991001
909.2000122,-0.358559132
909.2999878,-0.364710331
909.4000244,-0.366999149
909.5,-0.365568638
909.6000366,-0.366140842
909.7000122,-0.364424229
909.7999878,-0.360514164
909.9000244,-0.365664005
910,-0.355745792
910.1000366,-0.36084795
910.2000122,-0.372101307
910.2999878,-0.366760731
910.4000244,-0.364996433
910.5,-0.36687994
910.6000366,-0.369097233
910.7000122,-0.366665363
910.7999878,-0.366045475
910.9000244,-0.359274387
911,-0.363756657
911.1000366,-0.353695393
911.2000122,-0.360037327
911.2999878,-0.361324787
911.4000244,-0.366856098
911.5,-0.363136768
911.6000366,-0.368429661
911.7000122,-0.369717121
911.7999878,-0.359703541
911.9000244,-0.358511448
912,-0.359703541
912.1000366,-0.3691926
912.2000122,-0.359369755
912.2999878,-0.364424229
912.4000244,-0.368048191
912.5,-0.359608173
912.6000366,-0.362993717
912.7000122,-0.363232136
912.7999878,-0.363708973
912.9000244,-0.368954182
913,-0.369812489
913.1000366,-0.367475986
913.2000122,-0.360752583
913.2999878,-0.368191242
913.4000244,-0.365091801
913.5,-0.372673512
913.6000366,-0.367619038
913.7000122,-0.366021633
913.7999878,-0.36251688
913.9000244,-0.361277103
914,-0.360430717
914.1000366,-0.359369755
914.2000122,-0.358559132
914.2999878,-0.361408234
914.4000244,-0.363232136
914.5,-0.364471912
914.6000366,-0.363375187
914.7000122,-0.363232136
914.7999878,-0.364233494
914.9000244,-0.36752367
915,-0.363935471
915.1000366,-0.362326145
915.2000122,-0.361658573
915.2999878,-0.370003223
915.4000244,-0.365664005
915.5,-0.360609531
915.6000366,-0.362230778
915.7000122,-0.366045475
915.7999878,-0.366379261
915.9000244,-0.356174946
916,-0.353743076
916.1000366,-0.363184452
916.2000122,-0.365997791
916.2999878,-0.360561848
916.4000244,-0.359417439
916.5,-0.359584332
916.6000366,-0.35841608
916.7000122,-0.359941959
916.7999878,-0.364090443
916.9000244,-0.368381977
917,-0.359417439
917.1000366,-0.357986927
917.2000122,-0.357223988
917.2999878,-0.358892918
917.4000244,-0.360323429
917.5,-0.354792118
917.6000366,-0.364519596
917.7000122,-0.354458332
917.7999878,-0.361134052
917.9000244,-0.368572712
918,-0.360037327
918.1000366,-0.361849308
918.2000122,-0.365234852
918.2999878,-0.357986927
918.4000244,-0.35174036
918.5,-0.361134052
918.6000366,-0.354315281
918.7000122,-0.355745792
918.7999878,-0.354744434
918.9000244,-0.356008053
919,-0.35545969
919.1000366,-0.358082294
919.2000122,-0.352217197
919.2999878,-0.35789156
919.4000244,-0.363041401
919.5,-0.359465122
919.6000366,-0.356365681
919.7000122,-0.35674715
919.7999878,-0.361038685
919.9000244,-0.363947392
920,-0.364090443
920.1000366,-0.358129978
920.2000122,-0.362707615
920.2999878,-0.359798908
920.4000244,-0.355984211
920.5,-0.359798908
920.6000366,-0.356365681
920.7000122,-0.358940601
920.7999878,-0.360323429
920.9000244,-0.359131336
921,-0.359608173
921.1000366,-0.357653141
921.2000122,-0.357939243
921.2999878,-0.357223988
921.4000244,-0.358988285
921.5,-0.362040043
921.6000366,-0.358749866
921.7000122,-0.361467838
921.7999878,-0.358463764
921.9000244,-0.361753941
922,-0.360943317
922.1000366,-0.352169514
922.2000122,-0.364328861
922.2999878,-0.35622263
922.4000244,-0.360943317
922.5,-0.35789156
922.6000366,-0.354076862
922.7000122,-0.355364323
922.7999878,-0.361706257
922.9000244,-0.358892918
923,-0.351168156
923.1000366,-0.356651783
923.2000122,-0.359369755
923.2999878,-0.357915401
923.4000244,-0.359035969
923.5,-0.356604099
923.6000366,-0.360609531
923.7000122,-0.361801624
923.7999878,-0.35917902
923.9000244,-0.36084795
924,-0.355412006
924.1000366,-0.354887486
924.2000122,-0.352980137
924.2999878,-0.356365681
924.4000244,-0.354601383
924.5,-0.355650425
924.6000366,-0.35340929
924.7000122,-0.356604099
924.7999878,-0.354696751
924.9000244,-0.357700825
925,-0.36122942
925.1000366,-0.360132694
925.2000122,-0.359035969
925.2999878,-0.362230778
925.4000244,-0.358845234
925.5,-0.362659931
925.6000366,-0.361610889
925.7000122,-0.360764503
925.7999878,-0.358892918
925.9000244,-0.359894276
926,-0.354887486
926.1000366,-0.359417439
926.2000122,-0.362373829
926.2999878,-0.363375187
926.4000244,-0.357939243
926.5,-0.363899708
926.6000366,-0.35622263
926.7000122,-0.35007143
926.7999878,-0.357796192
926.9000244,-0.360895634
927,-0.352646351
927.1000366,-0.358559132
927.2000122,-0.361467838
927.2999878,-0.359083652
927.4000244,-0.357462406
927.5,-0.366045475
927.6000366,-0.355316639
927.7000122,-0.372101307
927.7999878,-0.364042759
927.9000244,-0.360561848
928,-0.358940601
928.1000366,-0.358845234
928.2000122,-0.358463764
928.2999878,-0.356627941
928.4000244,-0.355650425
928.5,-0.358505487
928.6000366,-0.361849308
928.7000122,-0.359894276
928.7999878,-0.359655857
928.9000244,-0.357557774
929,-0.357557774
929.1000366,-0.353123188
929.2000122,-0.356651783
929.2999878,-0.351835728
929.4000244,-0.357223988
929.5,-0.356174946
929.6000366,-0.358082294
929.7000122,-0.354267597
929.7999878,-0.359846592
929.9000244,-0.369478703
930,-0.3504529
930.1000366,-0.357462406
930.2000122,-0.358368397
930.2999878,-0.358892918
930.4000244,-0.36213541
930.5,-0.360514164
930.6000366,-0.360132694
930.7000122,-0.359083652
930.7999878,-0.35879755
930.9000244,-0.360836029
931,-0.362040043
931.1000366,-0.363422871
931.2000122,-0.353743076
931.2999878,-0.362326145
931.4000244,-0.352312565
931.5,-0.360323429
931.6000366,-0.366379261
931.7000122,-0.359989643
931.7999878,-0.369621754
931.9000244,-0.360371113
932,-0.361801624
932.1000366,-0.355316639
932.2000122,-0.366331577
932.2999878,-0.36046648
932.4000244,-0.353838444
932.5,-0.356365681
932.6000366,-0.360275745
932.7000122,-0.362230778
932.7999878,-0.355936527
932.9000244,-0.360275745
933,-0.357879639
933.1000366,-0.357557774
933.2000122,-0.357748508
933.2999878,-0.360800266
933.4000244,-0.35751009
933.5,-0.353838444
933.6000366,-0.353552341
933.7000122,-0.35712862
933.7999878,-0.349356174
933.9000244,-0.358511448
934,-0.366856098
934.1000366,-0.356937885
934.2000122,-0.357653141
934.2999878,-0.35789156
934.4000244,-0.357557774
934.5,-0.355173588
934.6000366,-0.354458332
934.7000122,-0.356508732
934.7999878,-0.358129978
934.9000244,-0.358845234
935,-0.360180378
935.1000366,-0.35674715
935.2000122,-0.358988285
935.2999878,-0.357319355
935.4000244,-0.350691319
935.5,-0.365044117
935.6000366,-0.352884769
935.7000122,-0.359465122
935.7999878,-0.361277103
935.9000244,-0.358320713
936,-0.355698109
936.1000366,-0.356651783
936.2000122,-0.358559132
936.2999878,-0.360740662
936.4000244,-0.363708973
936.5,-0.364042759
936.6000366,-0.360037327
936.7000122,-0.357986927
936.7999878,-0.354410648
936.9000244,-0.352074146
937,-0.356794834
937.1000366,-0.360752583
937.2000122,-0.360323429
937.2999878,-0.357903481
937.4000244,-0.357271671
937.5,-0.353266239
937.6000366,-0.350977421
937.7000122,-0.360323429
937.7999878,-0.352455616
937.9000244,-0.355507374
938,-0.355006695
938.1000366,-0.356174946
938.2000122,-0.355888844
938.2999878,-0.35405302
938.4000244,-0.350500584
938.5,-0.353647709
938.6000366,-0.360991001
938.7000122,-0.357462406
938.7999878,-0.354649067
938.9000244,-0.353647709
939,-0.354124546
939.1000366,-0.35365963
939.2000122,-0.35506928
939.2999878,-0.356651783
939.4000244,-0.35584116
939.5,-0.352694035
939.6000366,-0.355280876
939.7000122,-0.358225346
939.7999878,-0.354362965
939.9000244,-0.360991001
940,-0.357319355
940.1000366,-0.353313923
940.2000122,-0.364710331
940.2999878,-0.36289835
940.4000244,-0.349928379
940.5,-0.356508732
940.6000366,-0.367094517
940.7000122,-0.348307133
940.7999878,-0.352837086
940.9000244,-0.354935169
941,-0.357223988
941.1000366,-0.356413364
941.2000122,-0.358368397
941.2999878,-0.350691319
941.4000244,-0.357796192
941.5,-0.354839802
941.6000366,-0.360561848
941.7000122,-0.351978779
941.7999878,-0.349213123
941.9000244,-0.350679398
942,-0.349976063
942.1000366,-0.351549625
942.2000122,-0.35584116
942.2999878,-0.35674715
942.4000244,-0.357271671
942.5,-0.356246471
942.6000366,-0.354696751
942.7000122,-0.356270313
942.7999878,-0.355507374
942.9000244,-0.355173588
943,-0.355888844
943.1000366,-0.350977421
943.2000122,-0.346161366
943.2999878,-0.350691319
943.4000244,-0.358034611
943.5,-0.353552341
943.6000366,-0.359989643
943.7000122,-0.361896992
943.7999878,-0.353981495
943.9000244,-0.348259449
944,-0.357557774
944.1000366,-0.352932453
944.2000122,-0.356365681
944.2999878,-0.353838444
944.4000244,-0.353218555
944.5,-0.352837086
944.6000366,-0.352264881
944.7000122,-0.352992058
944.7999878,-0.354219913
944.9000244,-0.352646351
945,-0.354267597
945.1000366,-0.353039742
945.2000122,-0.351978779
945.2999878,-0.353266239
945.4000244,-0.354982853
945.5,-0.3504529
945.6000366,-0.352610588
945.7000122,-0.351883411
945.7999878,-0.353123188
945.9000244,-0.352217197
946,-0.352646351
946.1000366,-0.351215839
946.2000122,-0.356127262
946.2999878,-0.359417439
946.4000244,-0.359131336
946.5,-0.364805698
946.6000366,-0.350500584
946.7000122,-0.360561848
946.7999878,-0.344873905
946.9000244,-0.353838444
947,-0.356556416
947.1000366,-0.352741718
947.2000122,-0.353743076
947.2999878,-0.352074146
947.4000244,-0.354744434
947.5,-0.358892918
947.6000366,-0.353361607
947.7000122,-0.360991001
947.7999878,-0.361753941
947.9000244,-0.361253262
948,-0.359417439
948.1000366,-0.362850666
948.2000122,-0.355173588
948.2999878,-0.360418797
948.4000244,-0.356079578
948.5,-0.354649067
948.6000366,-0.36046648
948.7000122,-0.356365681
948.7999878,-0.358654499
948.9000244,-0.358845234
949,-0.354744434
949.1000366,-0.352360249
949.2000122,-0.353743076
949.2999878,-0.357080936
949.4000244,-0.352598667
949.5,-0.357748508
949.6000366,-0.355030537
949.7000122,-0.364424229
949.7999878,-0.356842518
949.9000244,-0.353838444
950,-0.347544193
950.1000366,-0.34916544
950.2000122,-0.356890202
950.2999878,-0.362802982
950.4000244,-0.367762089
950.5,-0.358559132
950.6000366,-0.357939243
950.7000122,-0.356651783
950.7999878,-0.358356476
950.9000244,-0.360704899
951,-0.358129978
951.1000366,-0.359274387
951.2000122,-0.354029179
951.2999878,-0.363041401
951.4000244,-0.35841608
951.5,-0.364662647
951.6000366,-0.352264881
951.7000122,-0.354219913
951.7999878,-0.35712862
951.9000244,-0.359751225
952,-0.35841608
952.1000366,-0.364328861
952.2000122,-0.362659931
952.2999878,-0.359989643
952.4000244,-0.360704899
952.5,-0.361944675
952.6000366,-0.351931095
952.7000122,-0.356985569
952.7999878,-0.362087727
952.9000244,-0.355173588
953,-0.355698109
953.1000366,-0.355984211
953.2000122,-0.353743076
953.2999878,-0.357355118
953.4000244,-0.35956049
953.5,-0.360132694
953.6000366,-0.354029179
953.7000122,-0.36046648
953.7999878,-0.356985569
953.9000244,-0.360943317
954,-0.353695393
954.1000366,-0.358940601
954.2000122,-0.364901066
954.2999878,-0.360275745
954.4000244,-0.361944675
954.5,-0.35340929
954.6000366,-0.353552341
954.7000122,-0.353158951
954.7999878,-0.354696751
954.9000244,-0.350977421
955,-0.364758015
955.1000366,-0.369907856
955.2000122,-0.356651783
955.2999878,-0.358845234
955.4000244,-0.356604099
955.5,-0.353313923
955.6000366,-0.357605457
955.7000122,-0.355412006
955.7999878,-0.354935169
955.9000244,-0.355793476
956,-0.356413364
956.1000366,-0.359417439
956.2000122,-0.362183094
956.2999878,-0.357748508
956.4000244,-0.358892918
956.5,-0.366808414
956.6000366,-0.362755299
956.7000122,-0.355364323
956.7999878,-0.35712862
956.9000244,-0.356878281
957,-0.358177662
957.1000366,-0.356842518
957.2000122,-0.357438564
957.2999878,-0.356842518
957.4000244,-0.35789156
957.5,-0.353075504
957.6000366,-0.342918873
957.7000122,-0.349833012
957.7999878,-0.359274387
957.9000244,-0.356365681
958,-0.357450485
958.1000366,-0.356937885
958.2000122,-0.357223988
958.2999878,-0.361610889
958.4000244,-0.355650425
958.5,-0.363852024
958.6000366,-0.357462406
958.7000122,-0.3525033
958.7999878,-0.357462406
958.9000244,-0.356651783
959,-0.355984211
959.1000366,-0.359226704
959.2000122,-0.351549625
959.2999878,-0.356794834
959.4000244,-0.356079578
959.5,-0.355376244
959.6000366,-0.356174946
959.7000122,-0.352455616
959.7999878,-0.354553699
959.9000244,-0.354637146
960,-0.356508732
960.1000366,-0.355030537
960.2000122,-0.356317997
960.2999878,-0.359274387
960.4000244,-0.359322071
960.5,-0.354553699
960.6000366,-0.352169514
960.7000122,-0.356079578
960.7999878,-0.348831654
960.9000244,-0.351072788
961,-0.352789402
961.1000366,-0.356794834
961.2000122,-0.360609531
961.2999878,-0.359655857
961.4000244,-0.363613605
961.5,-0.352026463
961.6000366,-0.357653141
961.7000122,-0.359989643
961.7999878,-0.350929737
961.9000244,-0.356461048
962,-0.352837086
962.1000366,-0.35545969
962.2000122,-0.343348026
962.2999878,-0.350119114
962.4000244,-0.348998547
962.5,-0.351644993
962.6000366,-0.350882053
962.7000122,-0.35083437
962.7999878,-0.35507822
962.9000244,-0.353075504
963,-0.357939243
963.1000366,-0.358654499
963.2000122,-0.357748508
963.2999878,-0.355805397
963.4000244,-0.353266239
963.5,-0.353552341
963.6000366,-0.354029179
963.7000122,-0.355388165
963.7999878,-0.357796192
963.9000244,-0.356174946
964,-0.352217197
964.1000366,-0.355125904
964.2000122,-0.345350742
964.2999878,-0.35841608
964.4000244,-0.351454258
964.5,-0.352217197
964.6000366,-0.355745792
964.7000122,-0.357319355
964.7999878,-0.356139183
964.9000244,-0.355412006
965,-0.356079578
965.1000366,-0.358368397
965.2000122,-0.358368397
965.2999878,-0.359643936
965.4000244,-0.35917902
965.5,-0.362659931
965.6000366,-0.349642277
965.7000122,-0.358082294
965.7999878,-0.354744434
965.9000244,-0.356317997
966,-0.357176304
966.1000366,-0.358654499
966.2000122,-0.358988285
966.2999878,-0.356842518
966.4000244,-0.35379076
966.5,-0.355936527
966.6000366,-0.35430336
966.7000122,-0.355698109
966.7999878,-0.351788044
966.9000244,-0.35007143
967,-0.353492737
967.1000366,-0.355698109
967.2000122,-0.356413364
967.2999878,-0.35584116
967.4000244,-0.354267597
967.5,-0.351835728
967.6000366,-0.352980137
967.7000122,-0.356270313
967.7999878,-0.353552341
967.9000244,-0.356794834
968,-0.351454258
968.1000366,-0.351931095
968.2000122,-0.352360249
968.2999878,-0.356890202
968.4000244,-0.354458332
968.5,-0.353981495
968.6000366,-0.354601383
968.7000122,-0.363041401
968.7999878,-0.352980137
968.9000244,-0.341440678
969,-0.344301701
969.1000366,-0.347734928
969.2000122,-0.354458332
969.2999878,-0.350739002
969.4000244,-0.34377718
969.5,-0.362326145
969.6000366,-0.355316639
969.7000122,-0.348068714
969.7999878,-0.348736286
969.9000244,-0.350739002
970,-0.351501942
970.1000366,-0.353313923
970.2000122,-0.355412006
970.2999878,-0.355602741
970.4000244,-0.351883411
970.5,-0.353027821
970.6000366,-0.348211765
970.7000122,-0.348879337
970.7999878,-0.356413364
970.9000244,-0.353361607
971,-0.354362965
971.1000366,-0.354649067
971.2000122,-0.353027821
971.2999878,-0.353504658
971.4000244,-0.354649067
971.5,-0.352598667
971.6000366,-0.358749866
971.7000122,-0.346542835
971.7999878,-0.350882053
971.9000244,-0.357796192
972,-0.357223988
972.1000366,-0.355364323
972.2000122,-0.353075504
972.2999878,-0.344587803
972.4000244,-0.352312565
972.5,-0.346828938
972.6000366,-0.349260807
972.7000122,-0.348593235
972.7999878,-0.349451542
972.9000244,-0.355650425
973,-0.344397068
973.1000366,-0.350548267
973.2000122,-0.352217197
973.2999878,-0.351263523
973.4000244,-0.354219913
973.5,-0.350548267
973.6000366,-0.356317997
973.7000122,-0.35212183
973.7999878,-0.350643635
973.9000244,-0.343538761
974,-0.347353458
974.1000366,-0.352217197
974.2000122,-0.355745792
974.2999878,-0.352646351
974.4000244,-0.352193356
974.5,-0.350929737
974.6000366,-0.349451542
974.7000122,-0.352646351
974.7999878,-0.342585087
974.9000244,-0.352741718
975,-0.349403858
975.1000366,-0.3525033
975.2000122,-0.351978779
975.2999878,-0.352169514
975.4000244,-0.35174036
975.5,-0.352455616
975.6000366,-0.346113682
975.7000122,-0.350595951
975.7999878,-0.34749651
975.9000244,-0.349785328
976,-0.351668835
976.1000366,-0.354649067
976.2000122,-0.354744434
976.2999878,-0.349403858
976.4000244,-0.349594593
976.5,-0.352074146
976.6000366,-0.355745792
976.7000122,-0.354100704
976.7999878,-0.354458332
976.9000244,-0.354124546
977,-0.351287365
977.1000366,-0.348927021
977.2000122,-0.347639561
977.2999878,-0.357796192
977.4000244,-0.352360249
977.5,-0.35571003
977.6000366,-0.35674715
977.7000122,-0.355936527
977.7999878,-0.355721951
977.9000244,-0.35507822
978,-0.355125904
978.1000366,-0.352360249
978.2000122,-0.350214481
978.2999878,-0.34711504
978.4000244,-0.356031895
978.5,-0.347591877
978.6000366,-0.351835728
978.7000122,-0.346447468
978.7999878,-0.360323429
978.9000244,-0.349976063
979,-0.356985569
979.1000366,-0.361038685
979.2000122,-0.350309849
979.2999878,-0.353170872
979.4000244,-0.349833012
979.5,-0.354982853
979.6000366,-0.348450184
979.7000122,-0.350119114
979.7999878,-0.359131336
979.9000244,-0.35584116
980,-0.347019672
980.1000366,-0.354410648
980.2000122,-0.347782612
980.2999878,-0.358559132
980.4000244,-0.359798908
980.5,-0.355662346
980.6000366,-0.349499226
980.7000122,-0.354792118
980.7999878,-0.360228062
980.9000244,-0.359512806
981,-0.35879755
981.1000366,-0.352026463
981.2000122,-0.360275745
981.2999878,-0.352455616
981.4000244,-0.351978779
981.5,-0.357033253
981.6000366,-0.366093159
981.7000122,-0.353123188
981.7999878,-0.357223988
981.9000244,-0.359703541
982,-0.347353458
982.1000366,-0.356556416
982.2000122,-0.36456728
982.2999878,-0.35622263
982.4000244,-0.347973347
982.5,-0.353170872
982.6000366,-0.361134052
982.7000122,-0.354553699
982.7999878,-0.3504529
982.9000244,-0.361658573
983,-0.357271671
983.1000366,-0.350548267
983.2000122,-0.358225346
983.2999878,-0.345160007
983.4000244,-0.353647709
983.5,-0.356937885
983.6000366,-0.354744434
983.7000122,-0.359035969
983.7999878,-0.357462406
983.9000244,-0.356091499
984,-0.354362965
984.1000366,-0.353504658
984.2000122,-0.356031895
984.2999878,-0.351215839
984.4000244,-0.36084795
984.5,-0.350739002
984.6000366,-0.347210407
984.7000122,-0.357653141
984.7999878,-0.354696751
984.9000244,-0.352550983
985,-0.351120472
985.1000366,-0.352598667
985.2000122,-0.352360249
985.2999878,-0.354362965
985.4000244,-0.360418797
985.5,-0.357367039
985.6000366,-0.35083437
985.7000122,-0.361420155
985.7999878,-0.358511448
985.9000244,-0.355221272
986,-0.356508732
986.1000366,-0.355364323
986.2000122,-0.351978779
986.2999878,-0.353492737
986.4000244,-0.354553699
986.5,-0.35416925
986.6000366,-0.354219913
986.7000122,-0.354410648
986.7999878,-0.352550983
986.9000244,-0.347639561
987,-0.350119114
987.1000366,-0.349260807
987.2000122,-0.355984211
987.2999878,-0.345255375
987.4000244,-0.360895634
987.5,-0.355555058
987.6000366,-0.361134052
987.7000122,-0.3525033
987.7999878,-0.357319355
987.9000244,-0.359989643
988,-0.359751225
988.1000366,-0.357700825
988.2000122,-0.347877979
988.2999878,-0.353600025
988.4000244,-0.349785328
988.5,-0.36084795
988.6000366,-0.362040043
988.7000122,-0.351931095
988.7999878,-0.351263523
988.9000244,-0.351454258
989,-0.348736286
989.1000366,-0.353886127
989.2000122,-0.351311207
989.2999878,-0.352944374
989.4000244,-0.353027821
989.5,-0.353552341
989.6000366,-0.354219913
989.7000122,-0.352086067
989.7999878,-0.351597309
989.9000244,-0.348974705
990,-0.350786686
990.1000366,-0.352849007
990.2000122,-0.353123188
990.2999878,-0.358511448
990.4000244,-0.356461048
990.5,-0.360943317
990.6000366,-0.346113682
990.7000122,-0.354458332
990.7999878,-0.34878397
990.9000244,-0.344301701
991,-0.354982853
991.1000366,-0.355936527
991.2000122,-0.351215839
991.2999878,-0.357557774
991.4000244,-0.354076862
991.5,-0.353838444
991.6000366,-0.346876621
991.7000122,-0.351168156
991.7999878,-0.362373829
991.9000244,-0.340677738
992,-0.356842518
992.1000366,-0.347734928
992.2000122,-0.35379076
992.2999878,-0.352264881
992.4000244,-0.353981495
992.5,-0.351168156
992.6000366,-0.358129978
992.7000122,-0.353933811
992.7999878,-0.351311207
992.9000244,-0.354732513
993,-0.357986927
993.1000366,-0.355698109
993.2000122,-0.3463521
993.2999878,-0.355316639
993.4000244,-0.36380434
993.5,-0.351931095
993.6000366,-0.356127262
993.7000122,-0.358129978
993.7999878,-0.354219913
993.9000244,-0.35007143
994,-0.353647709
994.1000366,-0.356556416
994.2000122,-0.353313923
994.2999878,-0.361134052
994.4000244,-0.35789156
994.5,-0.35712862
994.6000366,-0.360704899
994.7000122,-0.351358891
994.7999878,-0.35545969
994.9000244,-0.351025105
995,-0.363756657
995.1000366,-0.360514164
995.2000122,-0.352980137
995.2999878,-0.34916544
995.4000244,-0.355888844
995.5,-0.362469196
995.6000366,-0.3525033
995.7000122,-0.352884769
995.7999878,-0.353647709
995.9000244,-0.348164082
996,-0.357653141
996.1000366,-0.344778538
996.2000122,-0.363327503
996.2999878,-0.355698109
996.4000244,-0.348593235
996.5,-0.358988285
996.6000366,-0.350643635
996.7000122,-0.352026463
996.7999878,-0.352169514
996.9000244,-0.34980917
997,-0.344635487
997.1000366,-0.350405216
997.2000122,-0.355125904
997.2999878,-0.349976063
997.4000244,-0.351454258
997.5,-0.355268955
997.6000366,-0.344969273
997.7000122,-0.358940601
997.7999878,-0.347019672
997.9000244,-0.359655857
998,-0.353504658
998.1000366,-0.359941959
998.2000122,-0.356604099
998.2999878,-0.35083437
998.4000244,-0.353266239
998.5,-0.3504529
998.6000366,-0.356365681
998.7000122,-0.348211765
998.7999878,-0.359608173
998.9000244,-0.353743076
999,-0.358082294
999.1000366,-0.354792118
999.2000122,-0.354553699
999.2999878,-0.350643635
999.4000244,-0.354935169
999.5,-0.349880695
999.6000366,-0.353075504
999.7000122,-0.356985569
999.7999878,-0.353313923
999.9000244,-0.346495152
1000,-0.346447468
1000.100037,-0.34802103
1000.200012,-0.356604099
1000.299988,-0.356079578
1000.400024,-0.350691319
1000.5,-0.355888844
1000.600037,-0.349117756
1000.700012,-0.350214481
1000.799988,-0.351931095
1000.900024,-0.346209049
1001,-0.350548267
1001.100037,-0.355602741
1001.200012,-0.351311207
1001.299988,-0.350166798
1001.400024,-0.350095272
1001.5,-0.350405216
1001.600037,-0.353105307
1001.700012,-0.356461048
1001.799988,-0.35545969
1001.900024,-0.35379076
1002,-0.353456974
1002.100037,-0.354506016
1002.200012,-0.347067356
1002.299988,-0.357223988
1002.400024,-0.344826221
1002.5,-0.353552341
1002.600037,-0.360514164
1002.700012,-0.355268955
1002.799988,-0.345970631
1002.900024,-0.363899708
1003,-0.355507374
1003.100037,-0.358940601
1003.200012,-0.358630657
1003.299988,-0.361753941
1003.400024,-0.358320713
1003.5,-0.349737644
1003.600037,-0.346685886
1003.700012,-0.350739002
1003.799988,-0.354792118
1003.900024,-0.349022388
1004,-0.350691319
1004.100037,-0.350309849
1004.200012,-0.354184151
1004.299988,-0.358940601
1004.400024,-0.356794834
1004.5,-0.347353458
1004.600037,-0.351597309
1004.700012,-0.355602741
1004.799988,-0.354601383
1004.900024,-0.351358891
1005,-0.349594593
1005.100037,-0.352312565
1005.200012,-0.351978779
1005.299988,-0.342728138
1005.400024,-0.34673357
1005.5,-0.345696449
1005.600037,-0.346447468
1005.700012,-0.346876621
1005.799988,-0.348354816
1005.900024,-0.353981495
1006,-0.348211765
1006.100037,-0.355221272
1006.200012,-0.361372471
1006.299988,-0.354553699
1006.400024,-0.349594593
1006.5,-0.355507374
1006.600037,-0.354839802
1006.700012,-0.35519743
1006.799988,-0.353313923
1006.900024,-0.35712862
1007,-0.354696751
1007.100037,-0.347210407
1007.200012,-0.345493793
1007.299988,-0.344778538
1007.400024,-0.349260807
1007.5,-0.346745491
1007.600037,-0.346542835
1007.700012,-0.346399784
1007.799988,-0.350739002
1007.900024,-0.345160007
1008,-0.357653141
1008.100037,-0.349642277
1008.200012,-0.348259449
1008.299988,-0.358320713
1008.400024,-0.354792118
1008.5,-0.348259449
1008.600037,-0.356556416
1008.700012,-0.345636845
1008.799988,-0.351120472
1008.900024,-0.348116398
1009,-0.355173588
1009.100037,-0.346924305
1009.200012,-0.35340929
1009.299988,-0.35340929
1009.400024,-0.351490021
1009.5,-0.349403858
1009.600037,-0.349737644
1009.700012,-0.352849007
1009.799988,-0.35545969
1009.900024,-0.356794834
1010,-0.355650425
1010.100037,-0.357557774
1010.200012,-0.353743076
1010.299988,-0.358892918
1010.400024,-0.356472969
1010.5,-0.357605457
1010.600037,-0.355650425
1010.700012,-0.356651783
1010.799988,-0.38920784
1010.900024,-0.417782307
1011,-0.426746845
1011.100037,-0.430609226
1011.200012,-0.436140537
1011.299988,-0.420500278
1011.400024,-0.429226398
1011.5,-0.426079273
1011.600037,-0.425697803
1011.700012,-0.426889896
1011.799988,-0.428415775
1011.900024,-0.431705952
1012,-0.430752277
1012.100037,-0.429190636
1012.200012,-0.424934864
1012.299988,-0.42936945
1012.400024,-0.418354511
1012.5,-0.425173283
1012.600037,-0.425495148
1012.700012,-0.428892612
1012.799988,-0.429560184
1012.900024,-0.422693729
1013,-0.431086063
1013.100037,-0.42064333
1013.200012,-0.432945728
1013.299988,-0.41821146
1013.400024,-0.428177357
1013.5,-0.429512501
1013.600037,-0.425459385
1013.700012,-0.42655611
1013.799988,-0.419928074
1013.900024,-0.420881748
1014,-0.424577236
1014.100037,-0.428368092
1014.200012,-0.429131031
1014.299988,-0.42770052
1014.400024,-0.42731905
1014.5,-0.425983906
1014.600037,-0.426746845
1014.700012,-0.427271366
1014.799988,-0.424601078
1014.900024,-0.425983906
1015,-0.417639256
1015.100037,-0.427414417
1015.200012,-0.41949892
1015.299988,-0.420452595
1015.400024,-0.427080631
1015.5,-0.420404911
1015.600037,-0.425745487
1015.700012,-0.420929432
1015.799988,-0.423170567
1015.900024,-0.424267292
1016,-0.42526865
1016.100037,-0.423516273
1016.200012,-0.421644688
1016.299988,-0.422884464
1016.400024,-0.431372166
1016.5,-0.422026157
1016.600037,-0.430847645
1016.700012,-0.426270008
1016.799988,-0.422693729
1016.900024,-0.425316334
1017,-0.421501637
1017.100037,-0.419260502
1017.200012,-0.429703236
1017.299988,-0.434900761
1017.400024,-0.421406269
1017.5,-0.421120167
1017.600037,-0.425173283
1017.700012,-0.428511143
1017.799988,-0.426174641
1017.900024,-0.429131031
1018,-0.41782999
1018.100037,-0.428844929
1018.200012,-0.419308186
1018.299988,-0.428081989
1018.400024,-0.420738697
1018.5,-0.42321825
1018.600037,-0.422646046
1018.700012,-0.423790455
1018.799988,-0.423647404
1018.900024,-0.426091194
1019,-0.429703236
1019.100037,-0.427223682
1019.200012,-0.424982548
1019.299988,-0.420357227
1019.400024,-0.425745487
1019.5,-0.420547962
1019.600037,-0.421024799
1019.700012,-0.419928074
1019.799988,-0.424744129
1019.900024,-0.429226398
1020,-0.428797245
1020.100037,-0.425173283
1020.200012,-0.420166492
1020.299988,-0.422502995
1020.400024,-0.424696445
1020.5,-0.432278156
1020.600037,-0.422026157
1020.700012,-0.429846287
1020.799988,-0.428129673
1020.900024,-0.423265934
1021,-0.426413059
1021.100037,-0.424601078
1021.200012,-0.416065693
1021.299988,-0.428654194
1021.400024,-0.423790455
1021.5,-0.427843571
1021.600037,-0.42936945
1021.700012,-0.429560184
1021.799988,-0.428844929
1021.900024,-0.42898798
1022,-0.427247524
1022.100037,-0.425888538
1022.200012,-0.42526865
1022.299988,-0.423885822
1022.400024,-0.428034306
1022.5,-0.419403553
1022.600037,-0.425793171
1022.700012,-0.422264576
1022.799988,-0.42936945
1022.900024,-0.42731905
1023,-0.433756351
1023.100037,-0.419451237
1023.200012,-0.429131031
1023.299988,-0.421215534
1023.400024,-0.422693729
1023.5,-0.432516575
1023.600037,-0.42359972
1023.700012,-0.428558826
1023.799988,-0.426126957
1023.900024,-0.434853077
1024,-0.420023441
1024.099976,-0.428415775
1024.200073,-0.425602436
1024.300049,-0.419928074
1024.400024,-0.430895329
1024.5,-0.424410343
1024.599976,-0.426270008
1024.700073,-0.427366734
1024.800049,-0.424314976
1024.900024,-0.427795887
1025,-0.414635181
1025.099976,-0.430513859
1025.200073,-0.425030231
1025.300049,-0.425077915
1025.400024,-0.427998543
1025.5,-0.430132389
1025.599976,-0.431753635
1025.700073,-0.420547962
1025.800049,-0.42898798
1025.900024,-0.423552036
1026,-0.42936945
1026.099976,-0.431896687
1026.200073,-0.430418491
1026.300049,-0.421835423
1026.400024,-0.424839497
1026.5,-0.428272724
1026.599976,-0.432564259
1026.700073,-0.42565012
1026.800049,-0.429750919
1026.900024,-0.421310902
1027,-0.423456669
1027.099976,-0.425793171
1027.200073,-0.424517632
1027.300049,-0.423790455
1027.400024,-0.425030231
1027.5,-0.429512501
1027.599976,-0.426365376
1027.700073,-0.428081989
1027.800049,-0.426341534
1027.900024,-0.425173283
1028,-0.425745487
1028.099976,-0.42398119
1028.200073,-0.421453953
1028.300049,-0.423552036
1028.400024,-0.429226398
1028.5,-0.429703236
1028.599976,-0.433041096
1028.700073,-0.432993412
1028.800049,-0.430752277
1028.900024,-0.428129673
1029,-0.432754993
1029.099976,-0.431419849
1029.200073,-0.430037022
1029.300049,-0.42770052
1029.400024,-0.43733263
1029.5,-0.419022083
1029.599976,-0.43399477
1029.700073,-0.429941654
1029.800049,-0.430895329
1029.900024,-0.4331007
1030,-0.436474323
1030.099976,-0.435091496
1030.200073,-0.430716515
1030.300049,-0.423933506
1030.400024,-0.427366734
1030.5,-0.423265934
1030.599976,-0.426126957
1030.700073,-0.430227757
1030.800049,-0.418545246
1030.900024,-0.434900761
1031,-0.422216892
1031.099976,-0.422693729
1031.200073,-0.421692371
1031.300049,-0.419689655
1031.400024,-0.421215534
1031.5,-0.425888538
1031.599976,-0.436188221
1031.700073,-0.426317692
1031.800049,-0.437905312
1031.900024,-0.422693729
1032,-0.432898045
1032.099976,-0.420929432
1032.200073,-0.426079273
1032.300049,-0.434185505
1032.400024,-0.426651478
1032.5,-0.41949892
1032.599976,-0.426079273
1032.700073,-0.425173283
1032.800049,-0.423504353
1032.900024,-0.423397064
1033,-0.420547962
1033.099976,-0.424362659
1033.200073,-0.427795887
1033.300049,-0.422121525
1033.400024,-0.424744129
1033.5,-0.429512501
1033.599976,-0.427032948
1033.700073,-0.429798603
1033.800049,-0.421406269
1033.900024,-0.426746845
1034,-0.431372166
1034.099976,-0.423647404
1034.200073,-0.421024799
1034.300049,-0.419737339
1034.400024,-0.427032948
1034.5,-0.420214176
1034.599976,-0.432373524
1034.700073,-0.428463459
1034.800049,-0.426317692
1034.900024,-0.425602436
1035,-0.425125599
1035.099976,-0.430513859
1035.200073,-0.414587498
1035.300049,-0.43103838
1035.400024,-0.419022083
1035.5,-0.422455311
1035.599976,-0.429464817
1035.700073,-0.427271366
1035.800049,-0.425936222
1035.900024,-0.422407627
1036,-0.423647404
1036.099976,-0.423993111
1036.200073,-0.425077915
1036.300049,-0.424839497
1036.400024,-0.421406269
1036.5,-0.421740055
1036.599976,-0.429417133
1036.700073,-0.421978474
1036.800049,-0.426079273
1036.900024,-0.423456669
1037,-0.425459385
1037.099976,-0.423456669
1037.200073,-0.432421207
1037.300049,-0.425030231
1037.400024,-0.432135105
1037.5,-0.417496204
1037.599976,-0.429035664
1037.700073,-0.425364017
1037.800049,-0.42154932
1037.900024,-0.425602436
1038,-0.428844929
1038.099976,-0.428081989
1038.200073,-0.427605152
1038.300049,-0.426746845
1038.400024,-0.425173283
1038.5,-0.424982548
1038.599976,-0.428558826
1038.700073,-0.425316334
1038.800049,-0.427509785
1038.900024,-0.422693729
1039,-0.425840855
1039.099976,-0.4336133
1039.200073,-0.429750919
1039.300049,-0.42731905
1039.400024,-0.422550678
1039.5,-0.429703236
1039.599976,-0.423790455
1039.700073,-0.43604517
1039.800049,-0.421883106
1039.900024,-0.424314976
1040,-0.423361301
1040.099976,-0.430943012
1040.200073,-0.430609226
1040.300049,-0.424791813
1040.400024,-0.423313618
1040.5,-0.426258087
1040.599976,-0.42860651
1040.700073,-0.428320408
1040.800049,-0.428070068
1040.900024,-0.429607868
1041,-0.425745487
1041.099976,-0.423552036
1041.200073,-0.427462101
1041.300049,-0.424458027
1041.400024,-0.42116785
1041.5,-0.424529552
1041.599976,-0.426413059
1041.700073,-0.426079273
1041.800049,-0.430609226
1041.900024,-0.432087421
1042,-0.429226398
1042.099976,-0.422693729
1042.200073,-0.430513859
1042.300049,-0.422502995
1042.400024,-0.435091496
1042.5,-0.438096046
1042.599976,-0.432135105
1042.700073,-0.424076557
1042.800049,-0.430847645
1042.900024,-0.426126957
1043,-0.418020725
1043.099976,-0.422502995
1043.200073,-0.429846287
1043.300049,-0.426413059
1043.400024,-0.43194437
1043.5,-0.423647404
1043.599976,-0.42526865
1043.700073,-0.428415775
1043.800049,-0.424982548
1043.900024,-0.422359943
1044,-0.429560184
1044.099976,-0.423790455
1044.200073,-0.427080631
1044.300049,-0.43103838
1044.400024,-0.432754993
1044.5,-0.427414417
1044.599976,-0.431753635
1044.700073,-0.426460743
1044.800049,-0.423408985
1044.900024,-0.425936222
1045,-0.429417133
1045.099976,-0.43194437
1045.200073,-0.424410343
1045.300049,-0.422502995
1045.400024,-0.427080631
1045.5,-0.428701878
1045.599976,-0.426889896
1045.700073,-0.420309544
1045.800049,-0.423552036
1045.900024,-0.42693758
1046,-0.419212818
1046.099976,-0.421406269
1046.200073,-0.431562901
1046.300049,-0.430466175
1046.400024,-0.427986622
1046.5,-0.432468891
1046.599976,-0.423265934
1046.700073,-0.42526865
1046.800049,-0.424648762
1046.900024,-0.430466175
1047,-0.429941654
1047.099976,-0.426413059
1047.200073,-0.421501637
1047.300049,-0.422407627
1047.400024,-0.424386501
1047.5,-0.427748203
1047.599976,-0.425888538
1047.700073,-0.43642664
1047.800049,-0.432087421
1047.900024,-0.425745487
1048,-0.427605152
1048.099976,-0.427462101
1048.200073,-0.427223682
1048.300049,-0.428892612
1048.400024,-0.428272724
1048.5,-0.433756351
1048.599976,-0.428368092
1048.700073,-0.423265934
1048.800049,-0.418545246
1048.900024,-0.425602436
1049,-0.435759068
1049.099976,-0.432611942
1049.200073,-0.433422565
1049.300049,-0.427557468
1049.400024,-0.426317692
1049.5,-0.431562901
1049.599976,-0.424553394
1049.700073,-0.430418491
1049.800049,-0.422693729
1049.900024,-0.426413059
1050,-0.425578594
1050.099976,-0.426317692
1050.200073,-0.426889896
1050.300049,-0.427652836
1050.400024,-0.431515217
1050.5,-0.433851719
1050.599976,-0.430096626
1050.700073,-0.42731905
1050.800049,-0.42770052
1050.900024,-0.430084705
1051,-0.427795887
1051.099976,-0.424648762
1051.200073,-0.424732208
1051.300049,-0.424323916
1051.400024,-0.424076557
1051.5,-0.423838139
1051.599976,-0.421263218
1051.700073,-0.433517933
1051.800049,-0.422216892
1051.900024,-0.430704594
1052,-0.43437624
1052.099976,-0.432898045
1052.200073,-0.433517933
1052.300049,-0.42860651
1052.400024,-0.42936945
1052.5,-0.424791813
1052.599976,-0.429941654
1052.700073,-0.436760426
1052.800049,-0.431705952
1052.900024,-0.431324482
1053,-0.429202557
1053.099976,-0.427843571
1053.200073,-0.425936222
1053.300049,-0.427307129
1053.400024,-0.427748203
1053.5,-0.42770052
1053.599976,-0.427414417
1053.700073,-0.42616272
1053.800049,-0.424458027
1053.900024,-0.425077915
1054,-0.42770052
1054.099976,-0.432182789
1054.200073,-0.430513859
1054.300049,-0.42603159
1054.400024,-0.426985264
1054.5,-0.427557468
1054.599976,-0.427748203
1054.700073,-0.424314976
1054.800049,-0.423075199
1054.900024,-0.426889896
1055,-0.425840855
1055.099976,-0.428821087
1055.200073,-0.430180073
1055.300049,-0.432373524
1055.400024,-0.436283588
1055.5,-0.422741413
1055.599976,-0.426460743
1055.700073,-0.424386501
1055.800049,-0.425840855
1055.900024,-0.422502995
1056,-0.423361301
1056.099976,-0.426150799
1056.200073,-0.429035664
1056.300049,-0.429703236
1056.400024,-0.43475771
1056.5,-0.427080631
1056.599976,-0.430561543
1056.700073,-0.428081989
1056.800049,-0.426603794
1056.900024,-0.429274082
1057,-0.428320408
1057.099976,-0.42860651
1057.200073,-0.426174641
1057.300049,-0.425828934
1057.400024,-0.425983906
1057.5,-0.429449916
1057.599976,-0.433660984
1057.700073,-0.43232584
1057.800049,-0.430895329
1057.900024,-0.426126957
1058,-0.438477516
1058.099976,-0.433899403
1058.200073,-0.429083347
1058.300049,-0.426460743
1058.400024,-0.42822504
1058.5,-0.427509785
1058.599976,-0.42731905
1058.700073,-0.421787739
1058.800049,-0.42488718
1058.900024,-0.428844929
1059,-0.428940296
1059.099976,-0.428654194
1059.200073,-0.420214176
1059.300049,-0.422646046
1059.400024,-0.42860651
1059.5,-0.438286781
1059.599976,-0.428749561
1059.700073,-0.434948444
1059.800049,-0.434900761
1059.900024,-0.430299282
1060,-0.424171925
1060.099976,-0.427175999
1060.200073,-0.423838139
1060.300049,-0.424410343
1060.400024,-0.42526865
1060.5,-0.424791813
1060.599976,-0.428034306
1060.700073,-0.427366734
1060.800049,-0.429560184
1060.900024,-0.430609226
1061,-0.432230473
1061.099976,-0.429941654
1061.200073,-0.429083347
1061.300049,-0.427843571
1061.400024,-0.429083347
1061.5,-0.428320408
1061.599976,-0.431086063
1061.700073,-0.438572884
1061.800049,-0.426317692
1061.900024,-0.436331272
1062,-0.42731905
1062.099976,-0.427557468
1062.200073,-0.433327198
1062.300049,-0.424410343
1062.400024,-0.434185505
1062.5,-0.428463459
1062.599976,-0.422169209
1062.700073,-0.42603159
1062.800049,-0.423456669
1062.900024,-0.434710026
1063,-0.427795887
1063.099976,-0.432373524
1063.200073,-0.430084705
1063.300049,-0.429846287
1063.400024,-0.423456669
1063.5,-0.433470249
1063.599976,-0.427271366
1063.700073,-0.428940296
1063.800049,-0.429989338
1063.900024,-0.428844929
1064,-0.428892612
1064.099976,-0.427557468
1064.200073,-0.432850361
1064.300049,-0.425554752
1064.400024,-0.43103838
1064.5,-0.429607868
1064.599976,-0.428034306
1064.700073,-0.427366734
1064.800049,-0.42565012
1064.900024,-0.42488718
1065,-0.42231226
1065.099976,-0.427986622
1065.200073,-0.435377598
1065.300049,-0.430084705
1065.400024,-0.422073841
1065.5,-0.426699162
1065.599976,-0.425411701
1065.700073,-0.434900761
1065.800049,-0.434614658
1065.900024,-0.431646347
1066,-0.428701878
1066.099976,-0.428368092
1066.200073,-0.430835724
1066.300049,-0.433899403
1066.400024,-0.432373524
1066.5,-0.43065691
1066.599976,-0.432373524
1066.700073,-0.425030231
1066.800049,-0.433422565
1066.900024,-0.420881748
1067,-0.42603159
1067.099976,-0.423885822
1067.200073,-0.429464817
1067.300049,-0.426889896
1067.400024,-0.422502995
1067.5,-0.435806751
1067.599976,-0.42193079
1067.700073,-0.42565012
1067.800049,-0.433279514
1067.900024,-0.420071125
1068,-0.433851719
1068.099976,-0.431562901
1068.200073,-0.422598362
1068.300049,-0.441290855
1068.400024,-0.427843571
1068.5,-0.429607868
1068.599976,-0.431372166
1068.700073,-0.42731905
1068.800049,-0.424791813
1068.900024,-0.423504353
1069,-0.422216892
1069.099976,-0.426401138
1069.200073,-0.430895329
1069.300049,-0.42898798
1069.400024,-0.429131031
1069.5,-0.428129673
1069.599976,-0.430180073
1069.700073,-0.427748203
1069.800049,-0.430466175
1069.900024,-0.429321766
1070,-0.427426338
1070.099976,-0.425077915
1070.200073,-0.424839497
1070.300049,-0.430466175
1070.400024,-0.431801319
1070.5,-0.428272724
1070.599976,-0.43027544
1070.700073,-0.422932148
1070.800049,-0.434853077
1070.900024,-0.426126957
1071,-0.426985264
1071.099976,-0.424505711
1071.200073,-0.426746845
1071.300049,-0.431753635
1071.400024,-0.426508427
1071.5,-0.422693729
1071.599976,-0.435472965
1071.700073,-0.419546604
1071.800049,-0.433851719
1071.900024,-0.429607868
1072,-0.429512501
1072.099976,-0.425554752
1072.200073,-0.435568333
1072.300049,-0.429083347
1072.400024,-0.424410343
1072.5,-0.430513859
1072.599976,-0.431610584
1072.700073,-0.424648762
1072.800049,-0.428701878
1072.900024,-0.434471607
1073,-0.425602436
1073.099976,-0.43065691
1073.200073,-0.429083347
1073.300049,-0.42488718
1073.400024,-0.433088779
1073.5,-0.430466175
1073.599976,-0.426794529
1073.700073,-0.433327198
1073.800049,-0.427032948
1073.900024,-0.420071125
1074,-0.42026186
1074.099976,-0.42373085
1074.200073,-0.42655611
1074.300049,-0.428034306
1074.400024,-0.430990696
1074.5,-0.42398119
1074.599976,-0.429226398
1074.700073,-0.434137821
1074.800049,-0.423265934
1074.900024,-0.439049721
1075,-0.427748203
1075.099976,-0.427986622
1075.200073,-0.422550678
1075.300049,-0.431324482
1075.400024,-0.424982548
1075.5,-0.427843571
1075.599976,-0.42655611
1075.700073,-0.432135105
1075.800049,-0.419308186
1075.900024,-0.42398119
1076,-0.423504353
1076.099976,-0.429846287
1076.200073,-0.421215534
1076.300049,-0.426985264
1076.400024,-0.429417133
1076.5,-0.425888538
1076.599976,-0.422932148
1076.700073,-0.424219608
1076.800049,-0.421501637
1076.900024,-0.427128315
1077,-0.424362659
1077.099976,-0.427414417
1077.200073,-0.433804035
1077.300049,-0.422407627
1077.400024,-0.415922642
1077.5,-0.428177357
1077.599976,-0.42154932
1077.700073,-0.421406269
1077.800049,-0.424684525
1077.900024,-0.427891254
1078,-0.427891254
1078.099976,-0.422646046
1078.200073,-0.429798603
1078.300049,-0.422026157
1078.400024,-0.426222324
1078.5,-0.427032948
1078.599976,-0.423456669
1078.700073,-0.423122883
1078.800049,-0.428177357
1078.900024,-0.423361301
1079,-0.428081989
1079.099976,-0.423933506
1079.200073,-0.431562901
1079.300049,-0.428511143
1079.400024,-0.428129673
1079.5,-0.421310902
1079.599976,-0.431229115
1079.700073,-0.42565012
1079.800049,-0.423838139
1079.900024,-0.43475771
1080,-0.430943012
1080.099976,-0.426794529
1080.200073,-0.431658268
1080.300049,-0.426651478
1080.400024,-0.427748203
1080.5,-0.425888538
1080.599976,-0.431467533
1080.700073,-0.429512501
1080.800049,-0.424076557
1080.900024,-0.420738697
1081,-0.428940296
1081.099976,-0.428272724
1081.200073,-0.427807808
1081.300049,-0.425173283
1081.400024,-0.428844929
1081.5,-0.433231831
1081.599976,-0.424744129
1081.700073,-0.426126957
1081.800049,-0.432039738
1081.900024,-0.430799961
1082,-0.429679394
1082.099976,-0.427557468
1082.200073,-0.428320408
1082.300049,-0.423170567
1082.400024,-0.428701878
1082.5,-0.425745487
1082.599976,-0.43399477
1082.700073,-0.427462101
1082.800049,-0.423122883
1082.900024,-0.430561543
1083,-0.424696445
1083.099976,-0.42822504
1083.200073,-0.425364017
1083.300049,-0.426460743
1083.400024,-0.428654194
1083.5,-0.42565012
1083.599976,-0.429560184
1083.700073,-0.421406269
1083.800049,-0.426794529
1083.900024,-0.431419849
1084,-0.423838139
1084.099976,-0.422598362
1084.200073,-0.425125599
1084.300049,-0.426079273
1084.400024,-0.427545547
1084.5,-0.431086063
1084.599976,-0.427891254
1084.700073,-0.429941654
1084.800049,-0.427080631
1084.900024,-0.427938938
1085,-0.424601078
1085.099976,-0.427032948
1085.200073,-0.424791813
1085.300049,-0.426460743
1085.400024,-0.426365376
1085.5,-0.425960064
1085.599976,-0.426222324
1085.700073,-0.424791813
1085.800049,-0.42693758
1085.900024,-0.425793171
1086,-0.427152157
1086.099976,-0.428463459
1086.200073,-0.427414417
1086.300049,-0.425077915
1086.400024,-0.424553394
1086.5,-0.424791813
1086.599976,-0.427175999
1086.700073,-0.429035664
1086.800049,-0.429226398
1086.900024,-0.426460743
1087,-0.424791813
1087.099976,-0.426329613
1087.200073,-0.427032948
1087.300049,-0.427032948
1087.400024,-0.424696445
1087.5,-0.426651478
1087.599976,-0.423265934
1087.700073,-0.428081989
1087.800049,-0.425602436
1087.900024,-0.434137821
1088,-0.428797245
1088.099976,-0.433660984
1088.200073,-0.43194437
1088.300049,-0.429464817
1088.400024,-0.424791813
1088.5,-0.419737339
1088.599976,-0.430895329
1088.700073,-0.423838139
1088.800049,-0.42488718
1088.900024,-0.429274082
1089,-0.430418491
1089.099976,-0.425697803
1089.200073,-0.424267292
1089.300049,-0.424696445
1089.400024,-0.425220966
1089.5,-0.428844929
1089.599976,-0.424219608
1089.700073,-0.429321766
1089.800049,-0.430990696
1089.900024,-0.426317692
1090,-0.42693758
1090.099976,-0.429083347
1090.200073,-0.432373524
1090.300049,-0.43194437
1090.400024,-0.429607868
1090.5,-0.429417133
1090.599976,-0.424696445
1090.700073,-0.42565012
1090.800049,-0.429798603
1090.900024,-0.423552036
1091,-0.426222324
1091.099976,-0.428701878
1091.200073,-0.423075199
1091.300049,-0.42116785
1091.400024,-0.420929432
1091.5,-0.427795887
1091.599976,-0.432039738
1091.700073,-0.424505711
1091.800049,-0.422979832
1091.900024,-0.42398119
1092,-0.429131031
1092.099976,-0.418354511
1092.200073,-0.427795887
1092.300049,-0.433279514
1092.400024,-0.42603159
1092.5,-0.425793171
1092.599976,-0.424648762
1092.700073,-0.424744129
1092.800049,-0.426341534
1092.900024,-0.427605152
1093,-0.428368092
1093.099976,-0.429357529
1093.200073,-0.432278156
1093.300049,-0.429178715
1093.400024,-0.424458027
1093.5,-0.424791813
1093.599976,-0.432802677
1093.700073,-0.426413059
1093.800049,-0.420023441
1093.900024,-0.42193079
1094,-0.429989338
1094.099976,-0.432802677
1094.200073,-0.426460743
1094.300049,-0.426365376
1094.400024,-0.428666115
1094.5,-0.431419849
1094.599976,-0.430418491
1094.700073,-0.423027515
1094.800049,-0.434423923
1094.900024,-0.428558826
1095,-0.423933506
1095.099976,-0.431705952
1095.200073,-0.418020725
1095.300049,-0.431562901
1095.400024,-0.425554752
1095.5,-0.426746845
1095.599976,-0.432945728
1095.700073,-0.428940296
1095.800049,-0.422264576
1095.900024,-0.420452595
1096,-0.431181431
1096.099976,-0.424124241
1096.200073,-0.42770052
1096.300049,-0.432993412
1096.400024,-0.434996128
1096.5,-0.428177357
1096.599976,-0.423456669
1096.700073,-0.421978474
1096.800049,-0.438954353
1096.900024,-0.428940296
1097,-0.417400837
1097.099976,-0.428940296
1097.200073,-0.424171925
1097.300049,-0.420786381
1097.400024,-0.436331272
1097.5,-0.429703236
1097.599976,-0.418497562
1097.700073,-0.435472965
1097.800049,-0.429655552
1097.900024,-0.431133747
1098,-0.429834366
1098.099976,-0.429131031
1098.200073,-0.429417133
1098.300049,-0.428320408
1098.400024,-0.428797245
1098.5,-0.420500278
1098.599976,-0.419641972
1098.700073,-0.421597004
1098.800049,-0.422216892
1098.900024,-0.424028873
1099,-0.431896687
1099.099976,-0.430418491
1099.200073,-0.422836781
1099.300049,-0.433279514
1099.400024,-0.428415775
1099.5,-0.424219608
1099.599976,-0.423885822
1099.700073,-0.434328556
1099.800049,-0.432087421
1099.900024,-0.42655611
1100,-0.431372166
1100.099976,-0.429703236
1100.200073,-0.428272724
1100.300049,-0.431610584
1100.400024,-0.425173283
1100.5,-0.422026157
1100.599976,-0.432373524
1100.700073,-0.42359972
1100.800049,-0.426174641
1100.900024,-0.432230473
1101,-0.425602436
1101.099976,-0.430609226
1101.200073,-0.426413059
1101.300049,-0.427891254
1101.400024,-0.428129673
1101.5,-0.425173283
1101.599976,-0.43475771
1101.700073,-0.422693729
1101.800049,-0.431419849
1101.900024,-0.432945728
1102,-0.428034306
1102.099976,-0.42898798
1102.200073,-0.428797245
1102.300049,-0.432421207
1102.400024,-0.430501938
1102.5,-0.430132389
1102.599976,-0.43065691
1102.700073,-0.424267292
1102.800049,-0.430704594
1102.900024,-0.435329914
1103,-0.429655552
1103.099976,-0.425602436
1103.200073,-0.426270008
1103.300049,-0.43232584
1103.400024,-0.424934864
1103.5,-0.430895329
1103.599976,-0.432373524
1103.700073,-0.430227757
1103.800049,-0.425364017
1103.900024,-0.427509785
1104,-0.43065691
1104.099976,-0.43270731
1104.200073,-0.425745487
1104.300049,-0.428558826
1104.400024,-0.43103838
1104.5,-0.43528223
1104.599976,-0.430943012
1104.700073,-0.433088779
1104.800049,-0.429178715
1104.900024,-0.427986622
1105,-0.431181431
1105.099976,-0.42488718
1105.200073,-0.426794529
1105.300049,-0.424839497
1105.400024,-0.431086063
1105.5,-0.425554752
1105.599976,-0.431276798
1105.700073,-0.425125599
1105.800049,-0.429750919
1105.900024,-0.428701878
1106,-0.421263218
1106.099976,-0.420166492
1106.200073,-0.426317692
1106.300049,-0.429131031
1106.400024,-0.430132389
1106.5,-0.437046528
1106.599976,-0.429035664
1106.700073,-0.432993412
1106.800049,-0.431694031
1106.900024,-0.432182789
1107,-0.428913474
1107.099976,-0.425793171
1107.200073,-0.425983906
1107.300049,-0.426186562
1107.400024,-0.425602436
1107.5,-0.427366734
1107.599976,-0.429607868
1107.700073,-0.436140537
1107.800049,-0.426270008
1107.900024,-0.430323124
1108,-0.430799961
1108.099976,-0.434519291
1108.200073,-0.427652836
1108.300049,-0.423456669
1108.400024,-0.424458027
1108.5,-0.421024799
1108.599976,-0.428415775
1108.700073,-0.431467533
1108.800049,-0.428081989
1108.900024,-0.431896687
1109,-0.431610584
1109.099976,-0.425888538
1109.200073,-0.418116093
1109.300049,-0.422121525
1109.400024,-0.425161362
1109.5,-0.429798603
1109.599976,-0.430609226
1109.700073,-0.434280872
1109.800049,-0.428654194
1109.900024,-0.422359943
1110,-0.42398119
1110.099976,-0.428415775
1110.200073,-0.427366734
1110.300049,-0.425793171
1110.400024,-0.428797245
1110.5,-0.425566673
1110.599976,-0.424267292
1110.700073,-0.423408985
1110.800049,-0.424362659
1110.900024,-0.424076557
1111,-0.425697803
1111.099976,-0.428272724
1111.200073,-0.429846287
1111.300049,-0.431324482
1111.400024,-0.427414417
1111.5,-0.426079273
1111.599976,-0.428558826
1111.700073,-0.425554752
1111.800049,-0.423647404
1111.900024,-0.427891254
1112,-0.433422565
1112.099976,-0.427462101
1112.200073,-0.432373524
1112.300049,-0.423456669
1112.400024,-0.423265934
1112.5,-0.425316334
1112.599976,-0.429607868
1112.700073,-0.427795887
1112.800049,-0.426413059
1112.900024,-0.425554752
1113,-0.42680645
1113.099976,-0.427271366
1113.200073,-0.427986622
1113.300049,-0.42667532
1113.400024,-0.423742771
1113.5,-0.422234774
1113.599976,-0.419451237
1113.700073,-0.419069767
1113.800049,-0.420500278
1113.900024,-0.419582367
1114,-0.418879032
1114.099976,-0.41988039
1114.200073,-0.434519291
1114.300049,-0.425983906
1114.400024,-0.43437624
1114.5,-0.43027544
1114.599976,-0.432802677
1114.700073,-0.426508427
1114.800049,-0.430227757
1114.900024,-0.42770052
1115,-0.420500278
1115.099976,-0.423456669
1115.200073,-0.42770052
1115.300049,-0.425077915
1115.400024,-0.431276798
1115.5,-0.421501637
1115.599976,-0.424028873
1115.700073,-0.419308186
1115.800049,-0.426651478
1115.900024,-0.419308186
1116,-0.419069767
1116.099976,-0.422014236
1116.200073,-0.423504353
1116.300049,-0.426174641
1116.400024,-0.429131031
1116.5,-0.424410343
1116.599976,-0.428701878
1116.700073,-0.42398119
1116.800049,-0.426985264
1116.900024,-0.43027544
1117,-0.42809391
1117.099976,-0.427986622
1117.200073,-0.427128315
1117.300049,-0.426651478
1117.400024,-0.426651478
1117.5,-0.430704594
1117.599976,-0.426651478
1117.700073,-0.43437624
1117.800049,-0.427891254
1117.900024,-0.432754993
1118,-0.423313618
1118.099976,-0.429178715
1118.200073,-0.430227757
1118.300049,-0.428177357
1118.400024,-0.426174641
1118.5,-0.427128315
1118.599976,-0.433756351
1118.700073,-0.430990696
1118.800049,-0.423265934
1118.900024,-0.432802677
1119,-0.426126957
1119.099976,-0.43065691
1119.200073,-0.426651478
1119.300049,-0.426222324
1119.400024,-0.432230473
1119.5,-0.433708668
1119.599976,-0.425936222
1119.700073,-0.425983906
1119.800049,-0.428511143
1119.900024,-0.430466175
1120,-0.428892612
1120.099976,-0.430740356
1120.200073,-0.431753635
1120.300049,-0.431849003
1120.400024,-0.427986622
1120.5,-0.435139179
1120.599976,-0.429321766
1120.700073,-0.427891254
1120.800049,-0.429214478
1120.900024,-0.428654194
1121,-0.430990696
1121.099976,-0.433756351
1121.200073,-0.430037022
1121.300049,-0.424028873
1121.400024,-0.427175999
1121.5,-0.430895329
1121.599976,-0.421120167
1121.700073,-0.435377598
1121.800049,-0.431801319
1121.900024,-0.428749561
1122,-0.431658268
1122.099976,-0.431372166
1122.200073,-0.429715157
1122.300049,-0.430227757
1122.400024,-0.425602436
1122.5,-0.424791813
1122.599976,-0.421740055
1122.700073,-0.434519291
1122.800049,-0.426699162
1122.900024,-0.422169209
1123,-0.432135105
1123.099976,-0.43065691
1123.200073,-0.429941654
1123.300049,-0.427938938
1123.400024,-0.429035664
1123.5,-0.42770052
1123.599976,-0.432087421
1123.700073,-0.433041096
1123.800049,-0.427080631
1123.900024,-0.421644688
1124,-0.426460743
1124.099976,-0.43194437
1124.200073,-0.42693758
1124.300049,-0.431610584
1124.400024,-0.428701878
1124.5,-0.429703236
1124.599976,-0.433899403
1124.700073,-0.436474323
1124.800049,-0.427271366
1124.900024,-0.432945728
1125,-0.430466175
1125.099976,-0.427605152
1125.200073,-0.42989397
1125.300049,-0.424744129
1125.400024,-0.428368092
1125.5,-0.422789097
1125.599976,-0.435425282
1125.700073,-0.428034306
1125.800049,-0.434471607
1125.900024,-0.434948444
1126,-0.426079273
1126.099976,-0.420214176
1126.200073,-0.434996128
1126.300049,-0.436665058
1126.400024,-0.434662342
1126.5,-0.430084705
1126.599976,-0.431372166
1126.700073,-0.44019413
1126.800049,-0.428177357
1126.900024,-0.435139179
1127,-0.430466175
1127.099976,-0.432945728
1127.200073,-0.435032129
1127.300049,-0.438000679
1127.400024,-0.438715935
1127.5,-0.435186863
1127.599976,-0.429989338
1127.700073,-0.4356637
1127.800049,-0.43027544
1127.900024,-0.437952995
1128,-0.427128315
1128.099976,-0.428177357
1128.200073,-0.426651478
1128.300049,-0.429035664
1128.400024,-0.430752277
1128.5,-0.428022385
1128.599976,-0.425888538
1128.700073,-0.426413059
1128.800049,-0.432754993
1128.900024,-0.433565617
1129,-0.436522007
1129.099976,-0.430990696
1129.200073,-0.438000679
1129.300049,-0.429226398
1129.400024,-0.424934864
1129.5,-0.43039465
1129.599976,-0.433470249
1129.700073,-0.433947086
1129.800049,-0.431992054
1129.900024,-0.43475771
1130,-0.422169209
1130.099976,-0.42526865
1130.200073,-0.430180073
1130.300049,-0.42898798
1130.400024,-0.428558826
1130.5,-0.429035664
1130.599976,-0.430513859
1130.700073,-0.426794529
1130.800049,-0.429083347
1130.900024,-0.439097404
1131,-0.421692371
1131.099976,-0.429035664
1131.200073,-0.431133747
1131.300049,-0.429512501
1131.400024,-0.425364017
1131.5,-0.429417133
1131.599976,-0.422169209
1131.700073,-0.432754993
1131.800049,-0.426985264
1131.900024,-0.42822504
1132,-0.429512501
1132.099976,-0.432230473
1132.200073,-0.4320755
1132.300049,-0.430513859
1132.400024,-0.429199576
1132.5,-0.426079273
1132.599976,-0.428129673
1132.700073,-0.429512501
1132.800049,-0.434710026
1132.900024,-0.426222324
1133,-0.43232584
1133.099976,-0.431753635
1133.200073,-0.434566975
1133.300049,-0.435949802
1133.400024,-0.433756351
1133.5,-0.428272724
1133.599976,-0.427128315
1133.700073,-0.422216892
1133.800049,-0.425554752
1133.900024,-0.429703236
1134,-0.436140537
1134.099976,-0.427223682
1134.200073,-0.433374882
1134.300049,-0.424839497
1134.400024,-0.430990696
1134.5,-0.429560184
1134.599976,-0.431276798
1134.700073,-0.427688599
1134.800049,-0.42603159
1134.900024,-0.423885822
1135,-0.424458027
1135.099976,-0.430132389
1135.200073,-0.421978474
1135.300049,-0.432564259
1135.400024,-0.427795887
1135.5,-0.426699162
1135.599976,-0.429464817
1135.700073,-0.43194437
1135.800049,-0.42693758
1135.900024,-0.425554752
1136,-0.429941654
1136.099976,-0.431276798
1136.200073,-0.42565012
1136.300049,-0.437237263
1136.400024,-0.424982548
1136.5,-0.426603794
1136.599976,-0.427271366
1136.700073,-0.429655552
1136.800049,-0.423456669
1136.900024,-0.433947086
1137,-0.424505711
1137.099976,-0.430370808
1137.200073,-0.431324482
1137.300049,-0.424219608
1137.400024,-0.431229115
1137.5,-0.424171925
1137.599976,-0.428558826
1137.700073,-0.426651478
1137.800049,-0.42488718
1137.900024,-0.423170567
1138,-0.429750919
1138.099976,-0.418497562
1138.200073,-0.426746845
1138.300049,-0.424934864
1138.400024,-0.422741413
1138.5,-0.427557468
1138.599976,-0.432468891
1138.700073,-0.427414417
1138.800049,-0.424219608
1138.900024,-0.430418491
1139,-0.426079273
1139.099976,-0.433756351
1139.200073,-0.42488718
1139.300049,-0.431896687
1139.400024,-0.421787739
1139.5,-0.42064333
1139.599976,-0.422407627
1139.700073,-0.428034306
1139.800049,-0.425030231
1139.900024,-0.430037022
1140,-0.423361301
1140.099976,-0.425840855
1140.200073,-0.430561543
1140.300049,-0.429321766
1140.400024,-0.424601078
1140.5,-0.423790455
1140.599976,-0.427414417
1140.700073,-0.437380314
1140.800049,-0.424362659
1140.900024,-0.433756351
1141,-0.439574242
1141.099976,-0.43065691
1141.200073,-0.425840855
1141.300049,-0.428797245
1141.400024,-0.428880692
1141.5,-0.430799961
1141.599976,-0.430084705
1141.700073,-0.429321766
1141.800049,-0.428177357
1141.900024,-0.42822504
1142,-0.432468891
1142.099976,-0.434090137
1142.200073,-0.430954933
1142.300049,-0.428177357
1142.400024,-0.429083347
1142.5,-0.431133747
1142.599976,-0.420881748
1142.700073,-0.435568333
1142.800049,-0.422789097
1142.900024,-0.429512501
1143,-0.43027544
1143.099976,-0.430132389
1143.200073,-0.430943012
1143.300049,-0.431992054
1143.400024,-0.431658268
1143.5,-0.426079273
1143.599976,-0.418402195
1143.700073,-0.431658268
1143.800049,-0.424458027
1143.900024,-0.435711384
1144,-0.43981266
1144.099976,-0.432182789
1144.200073,-0.424028873
1144.300049,-0.438382149
1144.400024,-0.420214176
1144.5,-0.431372166
1144.599976,-0.428463459
1144.700073,-0.435854435
1144.800049,-0.431419849
1144.900024,-0.429929733
1145,-0.425554752
1145.099976,-0.426889896
1145.200073,-0.43399477
1145.300049,-0.434853077
1145.400024,-0.43027544
1145.5,-0.435329914
1145.599976,-0.42359972
1145.700073,-0.427223682
1145.800049,-0.437189579
1145.900024,-0.426603794
1146,-0.43604517
1146.099976,-0.431276798
1146.200073,-0.43399477
1146.300049,-0.42731905
1146.400024,-0.428892612
1146.5,-0.425840855
1146.599976,-0.429464817
1146.700073,-0.43475771
1146.800049,-0.429417133
1146.900024,-0.434280872
1147,-0.429846287
1147.099976,-0.431276798
1147.200073,-0.429357529
1147.300049,-0.428081989
1147.400024,-0.42822504
1147.5,-0.433231831
1147.599976,-0.425411701
1147.700073,-0.435043812
1147.800049,-0.422407627
1147.900024,-0.431562901
1148,-0.429321766
1148.099976,-0.432850361
1148.200073,-0.432039738
1148.300049,-0.426651478
1148.400024,-0.430466175
1148.5,-0.423838139
1148.599976,-0.429703236
1148.700073,-0.431658268
1148.800049,-0.432802677
1148.900024,-0.433851719
1149,-0.42936945
1149.099976,-0.424648762
1149.200073,-0.428713799
1149.300049,-0.430418491
1149.400024,-0.430418491
1149.5,-0.424648762
1149.599976,-0.430370808
1149.700073,-0.428356171
1149.800049,-0.42770052
1149.900024,-0.430704594
1150,-0.431872845
1150.099976,-0.435854435
1150.200073,-0.433231831
1150.300049,-0.432993412
1150.400024,-0.431705952
1150.5,-0.431181431
1150.599976,-0.422932148
1150.700073,-0.425697803
1150.800049,-0.427032948
1150.900024,-0.430132389
1151,-0.42936945
1151.099976,-0.427462101
1151.200073,-0.430227757
1151.300049,-0.426651478
1151.400024,-0.427652836
1151.5,-0.433565617
1151.599976,-0.434423923
1151.700073,-0.432421207
1151.800049,-0.425840855
1151.900024,-0.429321766
1152,-0.431658268
1152.099976,-0.431467533
1152.200073,-0.427795887
1152.300049,-0.438000679
1152.400024,-0.428320408
1152.5,-0.431086063
1152.599976,-0.433279514
1152.700073,-0.432421207
1152.800049,-0.430299282
1152.900024,-0.427748203
1153,-0.432760954
1153.099976,-0.436283588
1153.200073,-0.436712742
1153.300049,-0.431419849
1153.400024,-0.441815376
1153.5,-0.43528223
1153.599976,-0.429321766
1153.700073,-0.431801319
1153.800049,-0.433756351
1153.900024,-0.434996128
1154,-0.429464817
1154.099976,-0.430609226
1154.200073,-0.437952995
1154.300049,-0.433517933
1154.400024,-0.440623283
1154.5,-0.430513859
1154.599976,-0.433470249
1154.700073,-0.42898798
1154.800049,-0.434137821
1154.900024,-0.432039738
1155,-0.430799961
1155.099976,-0.429989338
1155.200073,-0.422741413
1155.300049,-0.429607868
1155.400024,-0.437905312
1155.5,-0.431610584
1155.599976,-0.428177357
1155.700073,-0.432421207
1155.800049,-0.434423923
1155.900024,-0.435472965
1156,-0.43194437
1156.099976,-0.428558826
1156.200073,-0.429941654
1156.300049,-0.432993531
1156.400024,-0.435854435
1156.5,-0.437619209
1156.599976,-0.433327198
1156.700073,-0.428463459
1156.800049,-0.431276798
1156.900024,-0.435759068
1157,-0.433136463
1157.099976,-0.430752277
1157.200073,-0.431419849
1157.300049,-0.435568333
1157.400024,-0.432659626
1157.5,-0.43475771
1157.599976,-0.434710026
1157.700073,-0.436235905
1157.800049,-0.437141895
1157.900024,-0.43232584
1158,-0.433708668
1158.099976,-0.434149742
1158.200073,-0.434280872
1158.300049,-0.432376504
1158.400024,-0.429560184
1158.5,-0.431515217
1158.599976,-0.431372166
1158.700073,-0.433851719
1158.800049,-0.43194437
1158.900024,-0.423361301
1159,-0.428177357
1159.099976,-0.433136463
1159.200073,-0.434710026
1159.300049,-0.431527138
1159.400024,-0.430847645
1159.5,-0.427414417
1159.599976,-0.438048363
1159.700073,-0.424076557
1159.800049,-0.427843571
1159.900024,-0.434948444
1160,-0.436808109
1160.099976,-0.436474323
1160.200073,-0.435520649
1160.300049,-0.433088779
1160.400024,-0.431181431
1160.5,-0.429274082
1160.599976,-0.428701878
1160.700073,-0.43733263
1160.800049,-0.430990696
1160.900024,-0.43695116
1161,-0.4356637
1161.099976,-0.437142134
1161.200073,-0.437523842
1161.300049,-0.438429832
1161.400024,-0.434185505
1161.5,-0.433971047
1161.599976,-0.431229115
1161.700073,-0.432039738
1161.800049,-0.430847645
1161.900024,-0.430704594
1162,-0.43065691
1162.099976,-0.429560184
1162.200073,-0.436283588
1162.300049,-0.432373524
1162.400024,-0.434900761
1162.5,-0.431896687
1162.599976,-0.421263218
1162.700073,-0.431086063
1162.800049,-0.42603159
1162.900024,-0.431896687
1163,-0.430084705
1163.099976,-0.433041096
1163.200073,-0.434662342
1163.300049,-0.432766914
1163.400024,-0.431324482
1163.5,-0.432039738
1163.599976,-0.426317692
1163.700073,-0.430990696
1163.800049,-0.425888538
1163.900024,-0.429560184
1164,-0.427462101
1164.099976,-0.4336133
1164.200073,-0.428320408
1164.300049,-0.436235905
1164.400024,-0.422169209
1164.5,-0.4405756
1164.599976,-0.430370808
1164.700073,-0.429607868
1164.800049,-0.430943012
1164.900024,-0.429297924
1165,-0.429178715
1165.099976,-0.427462101
1165.200073,-0.430561543
1165.300049,-0.43642664
1165.400024,-0.432039738
1165.5,-0.426985264
1165.599976,-0.433708668
1165.700073,-0.432516575
1165.800049,-0.431992054
1165.900024,-0.432135105
1166,-0.432802677
1166.099976,-0.431229115
1166.200073,-0.43270731
1166.300049,-0.434233189
1166.400024,-0.433756351
1166.5,-0.427032948
1166.599976,-0.432516575
1166.700073,-0.428940296
1166.800049,-0.43695116
1166.900024,-0.43103838
1167,-0.426508427
1167.099976,-0.430323124
1167.200073,-0.438429832
1167.300049,-0.42655611
1167.400024,-0.435043812
1167.5,-0.429560184
1167.599976,-0.435568333
1167.700073,-0.43399477
1167.800049,-0.428415775
1167.900024,-0.429560184
1168,-0.426651478
1168.099976,-0.433422565
1168.200073,-0.427986622
1168.300049,-0.426651478
1168.400024,-0.434090137
1168.5,-0.434137821
1168.599976,-0.429464817
1168.700073,-0.426079273
1168.800049,-0.432445168
1168.900024,-0.438286781
1169,-0.435949802
1169.099976,-0.428415775
1169.200073,-0.42526865
1169.300049,-0.422169209
1169.400024,-0.432087421
1169.5,-0.429417133
1169.599976,-0.42860651
1169.700073,-0.428380013
1169.800049,-0.428320408
1169.900024,-0.427175999
1170,-0.424458027
1170.099976,-0.427891254
1170.200073,-0.430370808
1170.300049,-0.424076557
1170.400024,-0.430704594
1170.5,-0.426889896
1170.599976,-0.424362659
1170.700073,-0.427557468
1170.800049,-0.425745487
1170.900024,-0.424505711
1171,-0.426651478
1171.099976,-0.42860651
1171.200073,-0.428010464
1171.300049,-0.428701878
1171.400024,-0.428081989
1171.5,-0.42898798
1171.599976,-0.429417133
1171.700073,-0.426079273
1171.800049,-0.431181431
1171.900024,-0.423885822
1172,-0.428749561
1172.099976,-0.432564259
1172.200073,-0.429178715
1172.300049,-0.427652836
1172.400024,-0.433184147
1172.5,-0.436331272
1172.599976,-0.432611942
1172.700073,-0.431372166
1172.800049,-0.433851719
1172.900024,-0.431419849
1173,-0.434566975
1173.099976,-0.428892612
1173.200073,-0.432135105
1173.300049,-0.437905312
1173.400024,-0.433851719
1173.5,-0.427748203
1173.599976,-0.437380314
1173.700073,-0.43065691
1173.800049,-0.427605152
1173.900024,-0.424744129
1174,-0.429464817
1174.099976,-0.429989338
1174.200073,-0.43232584
1174.300049,-0.430084705
1174.400024,-0.43270731
1174.5,-0.431658268
1174.599976,-0.430215836
1174.700073,-0.42898798
1174.800049,-0.427509785
1174.900024,-0.429941654
1175,-0.427128315
1175.099976,-0.431181431
1175.200073,-0.424982548
1175.300049,-0.434137821
1175.400024,-0.427557468
1175.5,-0.43943119
1175.599976,-0.429560184
1175.700073,-0.423504353
1175.800049,-0.42989397
1175.900024,-0.439478874
1176,-0.419451237
1176.099976,-0.430990696
1176.200073,-0.434805393
1176.300049,-0.437189579
1176.400024,-0.435377598
1176.5,-0.43270731
1176.599976,-0.430561543
1176.700073,-0.42770052
1176.800049,-0.427748203
1176.900024,-0.427128315
1177,-0.432421207
1177.099976,-0.438286781
1177.200073,-0.426746845
1177.300049,-0.434233189
1177.400024,-0.423790455
1177.5,-0.43027544
1177.599976,-0.431992054
1177.700073,-0.43604517
1177.800049,-0.425602436
1177.900024,-0.436188221
1178,-0.433088779
1178.099976,-0.429655552
1178.200073,-0.433422565
1178.300049,-0.430370808
1178.400024,-0.431801319
1178.5,-0.428272724
1178.599976,-0.436522007
1178.700073,-0.431801319
1178.800049,-0.427557468
1178.900024,-0.435902119
1179,-0.428177357
1179.099976,-0.429941654
1179.200073,-0.42731905
1179.300049,-0.42783165
1179.400024,-0.427557468
1179.5,-0.426508427
1179.599976,-0.429560184
1179.700073,-0.435377598
1179.800049,-0.432182789
1179.900024,-0.434137821
1180,-0.433231831
1180.099976,-0.424648762
1180.200073,-0.435377598
1180.300049,-0.425411701
1180.400024,-0.425936222
1180.5,-0.433947086
1180.599976,-0.421120167
1180.700073,-0.430799961
1180.800049,-0.429750919
1180.900024,-0.432170868
1181,-0.433660984
1181.099976,-0.428555846
1181.200073,-0.424601078
1181.300049,-0.423790455
1181.400024,-0.430180073
1181.5,-0.431276798
1181.599976,-0.42770052
1181.700073,-0.426794529
1181.800049,-0.433041096
1181.900024,-0.431229115
1182,-0.438763618
1182.099976,-0.429607868
1182.200073,-0.433756351
1182.300049,-0.427557468
1182.400024,-0.422169209
1182.5,-0.424696445
1182.599976,-0.425828934
1182.700073,-0.427843571
1182.800049,-0.42860651
1182.900024,-0.427366734
1183,-0.428320408
1183.099976,-0.433565617
1183.200073,-0.427080631
1183.300049,-0.430466175
1183.400024,-0.43475771
1183.5,-0.436140537
1183.599976,-0.434471607
1183.700073,-0.433708668
1183.800049,-0.433279514
1183.900024,-0.432564259
1184,-0.42860651
1184.099976,-0.425983906
1184.200073,-0.429607868
1184.300049,-0.429226398
1184.400024,-0.431097984
1184.5,-0.431705952
1184.599976,-0.433851719
1184.700073,-0.434328556
1184.800049,-0.43103838
1184.900024,-0.427462101
1185,-0.426508427
1185.099976,-0.428415775
1185.200073,-0.427986622
1185.300049,-0.426603794
1185.400024,-0.430418491
1185.5,-0.425411701
1185.599976,-0.432754993
1185.700073,-0.436712742
1185.800049,-0.432754993
1185.900024,-0.433386803
1186,-0.432468891
1186.099976,-0.431610584
1186.200073,-0.432909966
1186.300049,-0.434423923
1186.400024,-0.433136463
1186.5,-0.432611942
1186.599976,-0.431753635
1186.700073,-0.425840855
1186.800049,-0.431658268
1186.900024,-0.424171925
1187,-0.429560184
1187.099976,-0.425745487
1187.200073,-0.429512501
1187.300049,-0.433708668
1187.400024,-0.423552036
1187.5,-0.439717293
1187.599976,-0.427366734
1187.700073,-0.428320408
1187.800049,-0.433517933
1187.900024,-0.431992054
1188,-0.431396008
1188.099976,-0.431103945
1188.200073,-0.430466175
1188.300049,-0.430561543
1188.400024,-0.428272724
1188.5,-0.43642664
1188.599976,-0.431467533
1188.700073,-0.428415775
1188.800049,-0.431133747
1188.900024,-0.430609226
1189,-0.426079273
1189.099976,-0.432373524
1189.200073,-0.428511143
1189.300049,-0.435997486
1189.400024,-0.434423923
1189.5,-0.433184147
1189.599976,-0.435043812
1189.700073,-0.432135105
1189.800049,-0.428415775
1189.900024,-0.432135105
1190,-0.429464817
1190.099976,-0.436092854
1190.200073,-0.434662342
1190.300049,-0.434566975
1190.400024,-0.433327198
1190.5,-0.432421207
1190.599976,-0.43321991
1190.700073,-0.432516575
1190.800049,-0.434614658
1190.900024,-0.43733263
1191,-0.430895329
1191.099976,-0.43593812
1191.200073,-0.438000679
1191.300049,-0.437523842
1191.400024,-0.433374882
1191.5,-0.431086063
1191.599976,-0.430990696
1191.700073,-0.430585384
1191.800049,-0.429512501
1191.900024,-0.430752277
1192,-0.430704594
1192.099976,-0.430609226
1192.200073,-0.43194437
1192.300049,-0.430883408
1192.400024,-0.430227757
1192.5,-0.430752277
1192.599976,-0.429464817
1192.700073,-0.430180073
1192.800049,-0.43232584
1192.900024,-0.429274082
1193,-0.430752277
1193.099976,-0.430799961
1193.200073,-0.432945728
1193.300049,-0.432421207
1193.400024,-0.433696747
1193.5,-0.434900761
1193.599976,-0.434519291
1193.700073,-0.428940296
1193.800049,-0.427271366
1193.900024,-0.430418491
1194,-0.433184147
1194.099976,-0.430847645
1194.200073,-0.428368092
1194.300049,-0.430513859
1194.400024,-0.436140537
1194.5,-0.431849003
1194.599976,-0.423361301
1194.700073,-0.43604517
1194.800049,-0.440766335
1194.900024,-0.432039738
1195,-0.42770052
1195.099976,-0.425554752
1195.200073,-0.429131031
1195.300049,-0.433136463
1195.400024,-0.431086063
1195.5,-0.425554752
1195.599976,-0.436140537
1195.700073,-0.429321766
1195.800049,-0.42321825
1195.900024,-0.434948444
1196,-0.426746845
1196.099976,-0.430895329
1196.200073,-0.426126957
1196.300049,-0.43890667
1196.400024,-0.433327198
1196.5,-0.434710026
1196.599976,-0.436617374
1196.700073,-0.434495449
1196.800049,-0.434662342
1196.900024,-0.431992054
1197,-0.431419849
1197.099976,-0.430096626
1197.200073,-0.429083347
1197.300049,-0.427891254
1197.400024,-0.428916454
1197.5,-0.429464817
1197.599976,-0.429226398
1197.700073,-0.42770052
1197.800049,-0.427366734
1197.900024,-0.430168152
1198,-0.432754993
1198.099976,-0.432850361
1198.200073,-0.434614658
1198.300049,-0.432385445
1198.400024,-0.431419849
1198.5,-0.43065691
1198.599976,-0.432850361
1198.700073,-0.430370808
1198.800049,-0.432945728
1198.900024,-0.434233308
1199,-0.437571526
1199.099976,-0.43604517
1199.200073,-0.434853077
1199.300049,-0.433184147
1199.400024,-0.429321766
1199.5,-0.432564259
1199.599976,-0.437571526
1199.700073,-0.432468891
1199.800049,-0.43528223
1199.900024,-0.434423923
1200,-0.435484886
1200.099976,-0.43604517
1200.200073,-0.432173848
1200.300049,-0.428701878
1200.400024,-0.428463459
1200.5,-0.429274082
1200.599976,-0.428272724
1200.700073,-0.428177357
1200.800049,-0.427175999
1200.900024,-0.433088779
1201,-0.423552036
1201.099976,-0.439526558
1201.200073,-0.430561543
1201.300049,-0.432135105
1201.400024,-0.429560184
1201.5,-0.42822504
1201.599976,-0.423313618
1201.700073,-0.417686939
1201.800049,-0.417782307
1201.900024,-0.414635181
1202,-0.411678791
1202.099976,-0.411488056
1202.200073,-0.413347721
1202.300049,-0.415541172
1202.400024,-0.411774158
1202.5,-0.40910387
1202.599976,-0.413872242
1202.700073,-0.408722401
1202.800049,-0.418449879
1202.900024,-0.4107728
1203,-0.419403553
1203.099976,-0.408007145
1203.200073,-0.416256428
1203.300049,-0.417686939
1203.400024,-0.414384842
1203.5,-0.410009861
1203.599976,-0.41358614
1203.700073,-0.414110661
1203.800049,-0.412012577
1203.900024,-0.4107728
1204,-0.413061619
1204.099976,-0.410343647
1204.200073,-0.413538456
1204.300049,-0.40319109
1204.400024,-0.410725117
1204.5,-0.421644688
1204.599976,-0.412012577
1204.700073,-0.415922642
1204.800049,-0.412203312
1204.900024,-0.413347721
1205,-0.411881447
1205.099976,-0.410868168
1205.200073,-0.411106586
1205.300049,-0.410796642
1205.400024,-0.409920454
1205.5,-0.408913136
1205.599976,-0.408865452
1205.700073,-0.418116093
1205.800049,-0.402380466
1205.900024,-0.416780949
1206,-0.414539814
1206.099976,-0.411774158
1206.200073,-0.404001713
1206.300049,-0.417210102
1206.400024,-0.4128232
1206.5,-0.413824558
1206.599976,-0.408770084
1206.700073,-0.409056187
1206.800049,-0.410295963
1206.900024,-0.406385899
1207,-0.4128232
1207.099976,-0.415636539
1207.200073,-0.407482624
1207.300049,-0.405003071
1207.400024,-0.407530308
1207.5,-0.416304111
1207.599976,-0.41320467
1207.700073,-0.416208744
1207.800049,-0.415863037
1207.900024,-0.416828632
1208,-0.417210102
1208.099976,-0.413943768
1208.200073,-0.409342289
1208.300049,-0.412394047
1208.400024,-0.411678791
1208.5,-0.416113377
1208.599976,-0.413967609
1208.700073,-0.413514614
1208.800049,-0.411201954
1208.900024,-0.412775517
1209,-0.416780949
1209.099976,-0.415541172
1209.200073,-0.416649818
1209.300049,-0.419165134
1209.400024,-0.415112019
1209.5,-0.41654253
1209.599976,-0.413300037
1209.700073,-0.415588856
1209.800049,-0.421072483
1209.900024,-0.416053772
1210,-0.415588856
1210.099976,-0.411964893
1210.200073,-0.415779591
1210.300049,-0.408913136
1210.400024,-0.40986681
1210.5,-0.41782999
1210.599976,-0.414110661
1210.700073,-0.40948534
1210.800049,-0.413681507
1210.900024,-0.412727833
1211,-0.415660381
1211.099976,-0.418163776
1211.200073,-0.418068409
1211.300049,-0.409914494
1211.400024,-0.414635181
1211.5,-0.421263218
1211.599976,-0.414587498
1211.700073,-0.419355869
1211.800049,-0.415445805
1211.900024,-0.406862736
1212,-0.412775517
1212.099976,-0.402571201
1212.200073,-0.422598362
1212.300049,-0.411201954
1212.400024,-0.41358614
1212.5,-0.41449213
1212.599976,-0.41320467
1212.700073,-0.416590214
1212.800049,-0.418116093
1212.900024,-0.413156986
1213,-0.406385899
1213.099976,-0.407291889
1213.200073,-0.410963535
1213.300049,-0.418926716
1213.400024,-0.410200596
1213.5,-0.419689655
1213.599976,-0.411201954
1213.700073,-0.40819788
1213.800049,-0.413776875
1213.900024,-0.411011219
1214,-0.412632465
1214.099976,-0.415493488
1214.200073,-0.415970325
1214.300049,-0.414945126
1214.400024,-0.413729191
1214.5,-0.414587498
1214.599976,-0.414325237
1214.700073,-0.416256428
1214.800049,-0.412727833
1214.900024,-0.410200596
1215,-0.408150196
1215.099976,-0.414778233
1215.200073,-0.415970325
1215.300049,-0.413872242
1215.400024,-0.419212818
1215.5,-0.416113377
1215.599976,-0.423838139
1215.700073,-0.407721043
1215.800049,-0.416351795
1215.900024,-0.416256428
1216,-0.409389973
1216.099976,-0.410582066
1216.200073,-0.413800716
1216.300049,-0.418068409
1216.400024,-0.417162418
1216.5,-0.418581009
1216.599976,-0.421310902
1216.700073,-0.417782307
1216.800049,-0.415636539
1216.900024,-0.416125298
1217,-0.415162683
1217.099976,-0.414301395
1217.200073,-0.414587498
1217.300049,-0.415314674
1217.400024,-0.416590214
1217.5,-0.415779591
1217.599976,-0.413443089
1217.700073,-0.410820484
1217.800049,-0.410582066
1217.900024,-0.413133144
1218,-0.414206028
1218.099976,-0.416924
1218.200073,-0.413538456
1218.300049,-0.409294605
1218.400024,-0.414968967
1218.5,-0.41320467
1218.599976,-0.415827274
1218.700073,-0.416971684
1218.800049,-0.418163776
1218.900024,-0.414003372
1219,-0.40948534
1219.099976,-0.411392689
1219.200073,-0.42154932
1219.300049,-0.414587498
1219.400024,-0.41859293
1219.5,-0.414062977
1219.599976,-0.410057545
1219.700073,-0.414158344
1219.800049,-0.417210102
1219.900024,-0.415302753
1220,-0.419689655
1220.099976,-0.417448521
1220.200073,-0.417019367
1220.300049,-0.417925358
1220.400024,-0.417090893
1220.5,-0.415731907
1220.599976,-0.417686939
1220.700073,-0.421215534
1220.800049,-0.416828632
1220.900024,-0.413824558
1221,-0.411345005
1221.099976,-0.407768726
1221.200073,-0.421120167
1221.300049,-0.409580708
1221.400024,-0.414539814
1221.5,-0.416399479
1221.599976,-0.415207386
1221.700073,-0.4148736
1221.800049,-0.418449879
1221.900024,-0.418926716
1222,-0.417973042
1222.099976,-0.412346363
1222.200073,-0.406624317
1222.300049,-0.413431168
1222.400024,-0.417162418
1222.5,-0.417591572
1222.599976,-0.418914795
1222.700073,-0.420786381
1222.800049,-0.420118809
1222.900024,-0.405193806
1223,-0.408293247
1223.099976,-0.41949892
1223.200073,-0.416113377
1223.300049,-0.422121525
1223.400024,-0.413252354
1223.5,-0.414778233
1223.599976,-0.414015293
1223.700073,-0.415314674
1223.800049,-0.416065693
1223.900024,-0.416399479
1224,-0.413395405
1224.099976,-0.415779591
1224.200073,-0.417973042
1224.300049,-0.417973042
1224.400024,-0.417710781
1224.5,-0.41821146
1224.599976,-0.416685581
1224.700073,-0.418068409
1224.800049,-0.419165134
1224.900024,-0.417281628
1225,-0.416304111
1225.099976,-0.415588856
1225.200073,-0.419308186
1225.300049,-0.421453953
1225.400024,-0.410152912
1225.5,-0.4128232
1225.599976,-0.417782307
1225.700073,-0.415207386
1225.800049,-0.417448521
1225.900024,-0.415827274
1226,-0.413300037
1226.099976,-0.416113377
1226.200073,-0.410820484
1226.300049,-0.418259144
1226.400024,-0.415684223
1226.5,-0.417496204
1226.599976,-0.414206028
1226.700073,-0.422502995
1226.800049,-0.418402195
1226.900024,-0.413156986
1227,-0.413681507
1227.099976,-0.409294605
1227.200073,-0.409151554
1227.300049,-0.415016651
1227.400024,-0.418402195
1227.5,-0.415207386
1227.599976,-0.420357227
1227.700073,-0.41616106
1227.800049,-0.421072483
1227.900024,-0.409628391
1228,-0.412203312
1228.099976,-0.41191721
1228.200073,-0.419975758
1228.300049,-0.42064333
1228.400024,-0.421978474
1228.5,-0.41320467
1228.599976,-0.415684223
1228.700073,-0.410629749
1228.800049,-0.415064335
1228.900024,-0.412870884
1229,-0.414539814
1229.099976,-0.415743828
1229.200073,-0.419117451
1229.300049,-0.416447163
1229.400024,-0.420357227
1229.5,-0.418831348
1229.599976,-0.415016651
1229.700073,-0.417210102
1229.800049,-0.422693729
1229.900024,-0.418068409
1230,-0.413061619
1230.099976,-0.4189744
1230.200073,-0.410868168
1230.300049,-0.413395405
1230.400024,-0.41449213
1230.5,-0.418640614
1230.599976,-0.426985264
1230.700073,-0.417353153
1230.800049,-0.420834064
1230.900024,-0.413824558
1231,-0.413061619
1231.099976,-0.422264576
1231.200073,-0.420881748
1231.300049,-0.417067051
1231.400024,-0.424124241
1231.5,-0.417114735
1231.599976,-0.417400837
1231.700073,-0.421835423
1231.800049,-0.409294605
1231.900024,-0.425507069
1232,-0.416590214
1232.099976,-0.412870884
1232.200073,-0.419594288
1232.300049,-0.419212818
1232.400024,-0.42026186
1232.5,-0.421740055
1232.599976,-0.416876316
1232.700073,-0.407911777
1232.800049,-0.414730549
1232.900024,-0.422455311
1233,-0.419594288
1233.099976,-0.417782307
1233.200073,-0.415731907
1233.300049,-0.420166492
1233.400024,-0.417448521
1233.5,-0.422216892
1233.599976,-0.422121525
1233.700073,-0.419939995
1233.800049,-0.417114735
1233.900024,-0.418306828
1234,-0.419069767
1234.099976,-0.415588856
1234.200073,-0.422789097
1234.300049,-0.4148736
1234.400024,-0.419069767
1234.5,-0.424410343
1234.599976,-0.417782307
1234.700073,-0.425554752
1234.800049,-0.424696445
1234.900024,-0.41821146
1235,-0.415016651
1235.099976,-0.424791813
1235.200073,-0.421644688
1235.300049,-0.415064335
1235.400024,-0.414015293
1235.5,-0.419069767
1235.599976,-0.424505711
1235.700073,-0.415064335
1235.800049,-0.423504353
1235.900024,-0.424696445
1236,-0.420607567
1236.099976,-0.416590214
1236.200073,-0.417639256
1236.300049,-0.418068409
1236.400024,-0.415493488
1236.5,-0.42116785
1236.599976,-0.417925358
1236.700073,-0.420547962
1236.800049,-0.416924
1236.900024,-0.42064333
1237,-0.419117451
1237.099976,-0.418569088
1237.200073,-0.41730547
1237.300049,-0.420410872
1237.400024,-0.422932148
1237.5,-0.422836781
1237.599976,-0.418354511
1237.700073,-0.409676075
1237.800049,-0.420214176
1237.900024,-0.429607868
1238,-0.417782307
1238.099976,-0.423170567
1238.200073,-0.418926716
1238.300049,-0.41730547
1238.400024,-0.418259144
1238.5,-0.422514915
1238.599976,-0.427843571
1238.700073,-0.426651478
1238.800049,-0.424410343
1238.900024,-0.425364017
1239,-0.421501637
1239.099976,-0.420595646
1239.200073,-0.41949892
1239.300049,-0.415398121
1239.400024,-0.415350437
1239.5,-0.42526865
1239.599976,-0.417686939
1239.700073,-0.427509785
1239.800049,-0.417973042
1239.900024,-0.425459385
1240,-0.430418491
1240.099976,-0.418116093
1240.200073,-0.418831348
1240.300049,-0.422932148
1240.400024,-0.422598362
1240.5,-0.420571804
1240.599976,-0.420023441
1240.700073,-0.416733265
1240.800049,-0.418783665
1240.900024,-0.422646046
1241,-0.425554752
1241.099976,-0.424076557
1241.200073,-0.421823502
1241.300049,-0.419403553
1241.400024,-0.418259144
1241.5,-0.425030231
1241.599976,-0.417162418
1241.700073,-0.423742771
1241.800049,-0.422932148
1241.900024,-0.416113377
1242,-0.425220966
1242.099976,-0.421072483
1242.200073,-0.418020725
1242.300049,-0.416876316
1242.400024,-0.426603794
1242.5,-0.428081989
1242.599976,-0.421644688
1242.700073,-0.420309544
1242.800049,-0.421835423
1242.900024,-0.427605152
1243,-0.414539814
1243.099976,-0.423552036
1243.200073,-0.415731907
1243.300049,-0.41730547
1243.400024,-0.42231226
1243.5,-0.425459385
1243.599976,-0.417591572
1243.700073,-0.426508427
1243.800049,-0.429989338
1243.900024,-0.424577236
1244,-0.420977116
1244.099976,-0.420834064
1244.200073,-0.420357227
1244.300049,-0.420917511
1244.400024,-0.419785023
1244.5,-0.422693729
1244.599976,-0.423194408
1244.700073,-0.424934864
1244.800049,-0.425364017
1244.900024,-0.425662041
1245,-0.427843571
1245.099976,-0.424505711
1245.200073,-0.419928074
1245.300049,-0.422812939
1245.400024,-0.423790455
1245.5,-0.423027515
1245.599976,-0.424601078
1245.700073,-0.423552036
1245.800049,-0.423933506
1245.900024,-0.422646046
1246,-0.42898798
1246.099976,-0.426985264
1246.200073,-0.424982548
1246.300049,-0.423265934
1246.400024,-0.41358614
1246.5,-0.430037022
1246.599976,-0.415207386
1246.700073,-0.423313618
1246.800049,-0.423933506
1246.900024,-0.42231226
1247,-0.42565012
1247.099976,-0.41988039
1247.200073,-0.417639256
1247.300049,-0.421072483
1247.400024,-0.421358585
1247.5,-0.422502995
1247.599976,-0.417627335
1247.700073,-0.415016651
1247.800049,-0.411631107
1247.900024,-0.421358585
1248,-0.426413059
1248.099976,-0.425936222
1248.200073,-0.423158646
1248.300049,-0.418879032
1248.400024,-0.421406269
1248.5,-0.421144009
1248.599976,-0.421406269
1248.700073,-0.422884464
1248.800049,-0.428081989
1248.900024,-0.427509785
1249,-0.424171925
1249.099976,-0.414682865
1249.200073,-0.424267292
1249.300049,-0.41115427
1249.400024,-0.42321825
1249.5,-0.418163776
1249.599976,-0.42231226
1249.700073,-0.421310902
1249.800049,-0.424744129
1249.900024,-0.41949892
1250,-0.415922642
1250.099976,-0.416018009
1250.200073,-0.419975758
1250.300049,-0.42321825
1250.400024,-0.425936222
1250.5,-0.42936945
1250.599976,-0.424601078
1250.700073,-0.421978474
1250.800049,-0.419689655
1250.900024,-0.423647404
1251,-0.420595646
1251.099976,-0.426460743
1251.200073,-0.420834064
1251.300049,-0.42898798
1251.400024,-0.424219608
1251.5,-0.424791813
1251.599976,-0.427128315
1251.700073,-0.412918568
1251.800049,-0.426746845
1251.900024,-0.419975758
1252,-0.417591572
1252.099976,-0.411345005
1252.200073,-0.422646046
1252.300049,-0.430037022
1252.400024,-0.423695087
1252.5,-0.419785023
1252.599976,-0.422169209
1252.700073,-0.423408985
1252.800049,-0.42398119
1252.900024,-0.42770052
1253,-0.42321825
1253.099976,-0.428368092
1253.200073,-0.420547962
1253.300049,-0.43232584
1253.400024,-0.420166492
1253.5,-0.423027515
1253.599976,-0.419594288
1253.700073,-0.428177357
1253.800049,-0.431229115
1253.900024,-0.42321825
1254,-0.424076557
1254.099976,-0.426126957
1254.200073,-0.421072483
1254.300049,-0.427557468
1254.400024,-0.418116093
1254.5,-0.424410343
1254.599976,-0.41782999
1254.700073,-0.421120167
1254.800049,-0.420440674
1254.900024,-0.421835423
1255,-0.420977116
1255.099976,-0.425125599
1255.200073,-0.427032948
1255.300049,-0.422026157
1255.400024,-0.423313618
1255.5,-0.422121525
1255.599976,-0.420595646
1255.700073,-0.422932148
1255.800049,-0.425125599
1255.900024,-0.421453953
1256,-0.420357227
1256.099976,-0.421775818
1256.200073,-0.422455311
1256.300049,-0.422836781
1256.400024,-0.418735981
1256.5,-0.430847645
1256.599976,-0.424076557
1256.700073,-0.421883106
1256.800049,-0.422502995
1256.900024,-0.426270008
1257,-0.424648762
1257.099976,-0.425793171
1257.200073,-0.424028873
1257.300049,-0.419355869
1257.400024,-0.422359943
1257.5,-0.424839497
1257.599976,-0.422836781
1257.700073,-0.425554752
1257.800049,-0.422836781
1257.900024,-0.414015293
1258,-0.421024799
1258.099976,-0.425411701
1258.200073,-0.419260502
1258.300049,-0.424744129
1258.400024,-0.416780949
1258.5,-0.419355869
1258.599976,-0.423361301
1258.700073,-0.421978474
1258.800049,-0.424267292
1258.900024,-0.421501637
1259,-0.421835423
1259.099976,-0.42333746
1259.200073,-0.423027515
1259.300049,-0.426985264
1259.400024,-0.425745487
1259.5,-0.428654194
1259.599976,-0.428034306
1259.700073,-0.427032948
1259.800049,-0.426413059
1259.900024,-0.425745487
1260,-0.42770052
1260.099976,-0.426889896
1260.200073,-0.424458027
1260.300049,-0.428034306
1260.400024,-0.420214176
1260.5,-0.425602436
1260.599976,-0.429655552
1260.700073,-0.429142952
1260.800049,-0.429226398
1260.900024,-0.432087421
1261,-0.433660984
1261.099976,-0.430990696
1261.200073,-0.428749561
1261.300049,-0.431562901
1261.400024,-0.420547962
1261.5,-0.423408985
1261.599976,-0.425936222
1261.700073,-0.430180073
1261.800049,-0.421024799
1261.900024,-0.426603794
1262,-0.433947086
1262.099976,-0.422455311
1262.200073,-0.42603159
1262.300049,-0.427998543
1262.400024,-0.43194437
1262.5,-0.431562901
1262.599976,-0.430335045
1262.700073,-0.431086063
1262.800049,-0.426746845
1262.900024,-0.427748203
1263,-0.425411701
1263.099976,-0.424839497
1263.200073,-0.42526865
1263.300049,-0.426413059
1263.400024,-0.430704594
1263.5,-0.428511143
1263.599976,-0.429750919
1263.700073,-0.431705952
1263.800049,-0.428177357
1263.900024,-0.422169209
1264,-0.430799961
1264.099976,-0.429083347
1264.200073,-0.425459385
1264.300049,-0.431086063
1264.400024,-0.423742771
1264.5,-0.429512501
1264.599976,-0.42822504
1264.700073,-0.428976059
1264.800049,-0.427414417
1264.900024,-0.430752277
1265,-0.425745487
1265.099976,-0.422979832
1265.200073,-0.431276798
1265.300049,-0.420738697
1265.400024,-0.431324482
1265.5,-0.434280872
1265.599976,-0.432135105
1265.700073,-0.431229115
1265.800049,-0.427366734
1265.900024,-0.426699162
1266,-0.430609226
1266.099976,-0.43194437
1266.200073,-0.423742771
1266.300049,-0.431753635
1266.400024,-0.426126957
1266.5,-0.429464817
1266.599976,-0.432993412
1266.700073,-0.424934864
1266.800049,-0.435806751
1266.900024,-0.431276798
1267,-0.427557468
1267.099976,-0.424076557
1267.200073,-0.431324482
1267.300049,-0.424458027
1267.400024,-0.430704594
1267.5,-0.422169209
1267.599976,-0.433088779
1267.700073,-0.424982548
1267.800049,-0.42898798
1267.900024,-0.428415775
1268,-0.429750919
1268.099976,-0.428833008
1268.200073,-0.42936945
1268.300049,-0.427795887
1268.400024,-0.43001318
1268.5,-0.431610584
1268.599976,-0.431276798
1268.700073,-0.42989397
1268.800049,-0.427080631
1268.900024,-0.420500278
1269,-0.442959785
1269.099976,-0.423361301
1269.200073,-0.433279514
1269.300049,-0.433851719
1269.400024,-0.432278156
1269.5,-0.430370808
1269.599976,-0.431610584
1269.700073,-0.431086063
1269.800049,-0.428844929
1269.900024,-0.432611942
1270,-0.425745487
1270.099976,-0.429035664
1270.200073,-0.426603794
1270.300049,-0.436665058
1270.400024,-0.428272724
1270.5,-0.419928074
1270.599976,-0.42822504
1270.700073,-0.433517933
1270.800049,-0.424696445
1270.900024,-0.433804035
1271,-0.426651478
1271.099976,-0.436569691
1271.200073,-0.437189579
1271.300049,-0.433875561
1271.400024,-0.430943012
1271.5,-0.430799961
1271.599976,-0.427080631
1271.700073,-0.435377598
1271.800049,-0.429607868
1271.900024,-0.427128315
1272,-0.424410343
1272.099976,-0.432802677
1272.200073,-0.431276798
1272.300049,-0.428940296
1272.400024,-0.428809166
1272.5,-0.427557468
1272.599976,-0.427462101
1272.700073,-0.428081989
1272.800049,-0.427938938
1272.900024,-0.429274082
1273,-0.433517933
1273.099976,-0.436378956
1273.200073,-0.434555054
1273.300049,-0.433470249
1273.400024,-0.430928111
1273.5,-0.427366734
1273.599976,-0.428320408
1273.700073,-0.429846287
1273.800049,-0.417162418
1273.900024,-0.424744129
1274,-0.431229115
1274.099976,-0.431705952
1274.200073,-0.427557468
1274.300049,-0.435091496
1274.400024,-0.422550678
1274.5,-0.419975758
1274.599976,-0.430513859
1274.700073,-0.431849003
1274.800049,-0.429274082
1274.900024,-0.426842213
1275,-0.428129673
1275.099976,-0.433279514
1275.200073,-0.429226398
1275.300049,-0.425745487
1275.400024,-0.43027544
1275.5,-0.432039738
1275.599976,-0.428797245
1275.700073,-0.430799961
1275.800049,-0.438239098
1275.900024,-0.429607868
1276,-0.435520649
1276.099976,-0.424648762
1276.200073,-0.429798603
1276.300049,-0.432564259
1276.400024,-0.428081989
1276.5,-0.431801319
1276.599976,-0.432087421
1276.700073,-0.431837082
1276.800049,-0.432039738
1276.900024,-0.431419849
1277,-0.430191994
1277.099976,-0.430194974
1277.200073,-0.429607868
1277.300049,-0.429560184
1277.400024,-0.43039465
1277.5,-0.431801319
1277.599976,-0.430609226
1277.700073,-0.43437624
1277.800049,-0.42603159
1277.900024,-0.431992054
1278,-0.427414417
1278.099976,-0.43027544
1278.200073,-0.430227757
1278.300049,-0.4356637
1278.400024,-0.429989338
1278.5,-0.424696445
1278.599976,-0.432373524
1278.700073,-0.434900761
1278.800049,-0.432039738
1278.900024,-0.430370808
1279,-0.430513859
1279.099976,-0.432301998
1279.200073,-0.4336133
1279.300049,-0.434710026
1279.400024,-0.432039738
1279.5,-0.436331272
1279.599976,-0.43194437
1279.700073,-0.430132389
1279.800049,-0.432802677
1279.900024,-0.427843571
1280,-0.436569691
1280.099976,-0.425220966
1280.200073,-0.431849003
1280.300049,-0.432421207
1280.400024,-0.434519291
1280.5,-0.426794529
1280.599976,-0.429274082
1280.700073,-0.430943012
1280.800049,-0.42860651
1280.900024,-0.431181431
1281,-0.430704594
1281.099976,-0.433851719
1281.200073,-0.437237263
1281.300049,-0.427652836
1281.400024,-0.432421207
1281.5,-0.428415775
1281.599976,-0.429321766
1281.700073,-0.430132389
1281.800049,-0.432039738
1281.900024,-0.429417133
1282,-0.433231831
1282.099976,-0.436331272
1282.200073,-0.435139179
1282.300049,-0.429083347
1282.400024,-0.436283588
1282.5,-0.425125599
1282.599976,-0.428844929
1282.700073,-0.42731905
1282.800049,-0.424028873
1282.900024,-0.433517933
1283,-0.441100121
1283.099976,-0.437189579
1283.200073,-0.433041096
1283.300049,-0.433041096
1283.400024,-0.440337181
1283.5,-0.434280872
1283.599976,-0.439574242
1283.700073,-0.433374882
1283.800049,-0.429607868
1283.900024,-0.431849003
1284,-0.433136463
1284.099976,-0.434865117
1284.200073,-0.439049721
1284.300049,-0.435425282
1284.400024,-0.437284946
1284.5,-0.428129673
1284.599976,-0.441338539
1284.700073,-0.434710026
1284.800049,-0.434566975
1284.900024,-0.434340477
1285,-0.431467533
1285.099976,-0.436617374
1285.200073,-0.433851719
1285.300049,-0.434304714
1285.400024,-0.435759068
1285.5,-0.430990696
1285.599976,-0.432802677
1285.700073,-0.433517933
1285.800049,-0.435425282
1285.900024,-0.432993412
1286,-0.425125599
1286.099976,-0.432945728
1286.200073,-0.426174641
1286.300049,-0.42488718
1286.400024,-0.432945728
1286.5,-0.432850361
1286.599976,-0.433517933
1286.700073,-0.434280872
1286.800049,-0.434662342
1286.900024,-0.430132389
1287,-0.431467533
1287.099976,-0.424124241
1287.200073,-0.435520649
1287.300049,-0.428081989
1287.400024,-0.437189579
1287.5,-0.43232584
1287.599976,-0.429512501
1287.700073,-0.431276798
1287.800049,-0.429274082
1287.900024,-0.431264877
1288,-0.431753635
1288.099976,-0.432754993
1288.200073,-0.43642664
1288.300049,-0.432516575
1288.400024,-0.440861702
1288.5,-0.436140537
1288.599976,-0.430943012
1288.700073,-0.440766335
1288.800049,-0.437714577
1288.900024,-0.436235905
1289,-0.433804035
1289.099976,-0.436378956
1289.200073,-0.438334465
1289.300049,-0.425554752
1289.400024,-0.444199562
1289.5,-0.429083347
1289.599976,-0.444867134
1289.700073,-0.437809944
1289.800049,-0.440623283
1289.900024,-0.437046528
1290,-0.438191414
1290.099976,-0.429798603
1290.200073,-0.449635506
1290.300049,-0.439526558
1290.400024,-0.436378956
1290.5,-0.441028476
1290.599976,-0.443293571
1290.700073,-0.438602418
1290.800049,-0.435139179
1290.900024,-0.434948444
1291,-0.432468891
1291.099976,-0.44019413
1291.200073,-0.436903477
1291.300049,-0.435568333
1291.400024,-0.4385252
1291.5,-0.428844929
1291.599976,-0.433708668
1291.700073,-0.428797245
1291.800049,-0.435902119
1291.900024,-0.446917534
1292,-0.430418491
1292.099976,-0.43642664
1292.200073,-0.441147804
1292.300049,-0.435854435
1292.400024,-0.439621925
1292.5,-0.436665058
1292.599976,-0.432754993
1292.700073,-0.441576958
1292.800049,-0.438620567
1292.900024,-0.433088779
1293,-0.439860344
1293.099976,-0.43528223
1293.200073,-0.437475681
1293.300049,-0.437130094
1293.400024,-0.439192772
1293.5,-0.436569691
1293.599976,-0.438096046
1293.700073,-0.432659626
1293.800049,-0.432087421
1293.900024,-0.432945728
1294,-0.435377598
1294.099976,-0.439145088
1294.200073,-0.44019413
1294.300049,-0.436474323
1294.400024,-0.438286781
1294.5,-0.442387581
1294.599976,-0.434090137
1294.700073,-0.43642664
1294.800049,-0.438286781
1294.900024,-0.435854435
1295,-0.436235905
1295.099976,-0.438024163
1295.200073,-0.43642664
1295.300049,-0.443579674
1295.400024,-0.435234547
1295.5,-0.440098763
1295.599976,-0.43232584
1295.700073,-0.435949802
1295.800049,-0.433804035
1295.900024,-0.430943012
1296,-0.432301998
1296.099976,-0.435472965
1296.200073,-0.42898798
1296.300049,-0.442578316
1296.400024,-0.433041096
1296.5,-0.42898798
1296.599976,-0.439526558
1296.700073,-0.440670967
1296.800049,-0.433947086
1296.900024,-0.435472965
1297,-0.432516575
1297.099976,-0.435174942
1297.200073,-0.435520649
1297.300049,-0.437189579
1297.400024,-0.448967934
1297.5,-0.435091496
1297.599976,-0.442387581
1297.700073,-0.443245888
1297.800049,-0.426460743
1297.900024,-0.44725132
1298,-0.435759068
1298.099976,-0.436474323
1298.200073,-0.4346385
1298.300049,-0.433565617
1298.400024,-0.432754993
1298.5,-0.432611942
1298.599976,-0.434948444
1298.700073,-0.444724083
1298.800049,-0.444485664
1298.900024,-0.437905312
1299,-0.443388939
1299.099976,-0.440480232
1299.200073,-0.439669609
1299.300049,-0.440957069
1299.400024,-0.43437624
1299.5,-0.443055153
1299.599976,-0.439669609
1299.700073,-0.438966036
1299.800049,-0.435949802
1299.900024,-0.437189579
1300,-0.441815376
1300.099976,-0.44391346
1300.200073,-0.439764977
1300.300049,-0.4385252
1300.400024,-0.441052437
1300.5,-0.435139179
1300.599976,-0.443388939
1300.700073,-0.440098763
1300.800049,-0.439335823
1300.900024,-0.434280872
1301,-0.450493813
1301.099976,-0.440432549
1301.200073,-0.447775841
1301.300049,-0.435902119
1301.400024,-0.447585106
1301.5,-0.440670967
1301.599976,-0.437905312
1301.700073,-0.443341255
1301.800049,-0.44429493
1301.900024,-0.434280872
1302,-0.440957069
1302.099976,-0.435139179
1302.200073,-0.435902119
1302.300049,-0.448967934
1302.400024,-0.440718651
1302.5,-0.432135105
1302.599976,-0.440861702
1302.700073,-0.438000679
1302.800049,-0.443055153
1302.900024,-0.449158669
1303,-0.44186306
1303.099976,-0.440003395
1303.200073,-0.437714577
1303.300049,-0.443341255
1303.400024,-0.441910744
1303.5,-0.442006111
1303.599976,-0.440623283
1303.700073,-0.440635204
1303.800049,-0.439097404
1303.900024,-0.440814018
1304,-0.438167334
1304.099976,-0.435472965
1304.200073,-0.437284946
1304.300049,-0.438858986
1304.400024,-0.441720009
1304.5,-0.442816734
1304.599976,-0.434853077
1304.700073,-0.439955711
1304.800049,-0.437141895
1304.900024,-0.438858986
1305,-0.442149162
1305.099976,-0.439288139
1305.200073,-0.438572884
1305.300049,-0.437571526
1305.400024,-0.439669609
1305.5,-0.445248604
1305.599976,-0.441243172
1305.700073,-0.446154594
1305.800049,-0.434042454
1305.900024,-0.442006111
1306,-0.434900761
1306.099976,-0.44148159
1306.200073,-0.447299004
1306.300049,-0.437809944
1306.400024,-0.437189579
1306.5,-0.438715935
1306.599976,-0.443675041
1306.700073,-0.440718651
1306.800049,-0.445057869
1306.900024,-0.443484306
1307,-0.441052437
1307.099976,-0.441529274
1307.200073,-0.440265536
1307.300049,-0.437475681
1307.400024,-0.441004753
1307.5,-0.432468891
1307.599976,-0.442482948
1307.700073,-0.447823524
1307.800049,-0.447394371
1307.900024,-0.44148159
1308,-0.442816734
1308.099976,-0.43981266
1308.200073,-0.43528223
1308.300049,-0.436283588
1308.400024,-0.441052437
1308.5,-0.441815376
1308.599976,-0.443388939
1308.700073,-0.439287901
1308.800049,-0.434662342
1308.900024,-0.437284946
1309,-0.439764977
1309.099976,-0.440384865
1309.200073,-0.440146446
1309.300049,-0.441183567
1309.400024,-0.442053795
1309.5,-0.442149162
1309.599976,-0.442685604
1309.700073,-0.445487022
1309.800049,-0.441052437
1309.900024,-0.446154594
1310,-0.437666893
1310.099976,-0.440337181
1310.200073,-0.434185505
1310.300049,-0.440718651
1310.400024,-0.438763618
1310.5,-0.433756351
1310.599976,-0.443245888
1310.700073,-0.439526558
1310.800049,-0.444485664
1310.900024,-0.447108269
1311,-0.436235905
1311.099976,-0.435711384
1311.200073,-0.439383507
1311.300049,-0.43814373
1311.400024,-0.450922966
1311.5,-0.443102837
1311.599976,-0.436474323
1311.700073,-0.438668251
1311.800049,-0.440241814
1311.900024,-0.444485664
1312,-0.435329914
1312.099976,-0.440909386
1312.200073,-0.444914818
1312.300049,-0.439717293
1312.400024,-0.436522007
1312.5,-0.43642664
1312.599976,-0.438775301
1312.700073,-0.442101479
1312.800049,-0.440051079
1312.900024,-0.441946507
1313,-0.443627357
1313.099976,-0.442006111
1313.200073,-0.446440697
1313.300049,-0.446023464
1313.400024,-0.447060585
1313.5,-0.448586464
1313.599976,-0.446822166
1313.700073,-0.448479176
1313.800049,-0.451924324
1313.900024,-0.446583748
1314,-0.441672325
1314.099976,-0.437809944
1314.200073,-0.441338539
1314.300049,-0.439991474
1314.400024,-0.440384865
1314.5,-0.440432549
1314.599976,-0.443436623
1314.700073,-0.44366312
1314.800049,-0.446011543
1314.900024,-0.444771767
1315,-0.44725132
1315.099976,-0.446440697
1315.200073,-0.438048363
1315.300049,-0.449921608
1315.400024,-0.440003395
1315.5,-0.441672325
1315.599976,-0.446965218
1315.700073,-0.444259167
1315.800049,-0.444151878
1315.900024,-0.444247246
1316,-0.446536064
1316.099976,-0.444199562
1316.200073,-0.441386223
1316.300049,-0.442721367
1316.400024,-0.443341255
1316.5,-0.447680473
1316.599976,-0.441576958
1316.700073,-0.446297646
1316.800049,-0.438668251
1316.900024,-0.449158669
1317,-0.439335823
1317.099976,-0.44763279
1317.200073,-0.434328556
1317.300049,-0.446774483
1317.400024,-0.439383507
1317.5,-0.447203636
1317.599976,-0.438286781
1317.700073,-0.448348045
1317.800049,-0.444008827
1317.900024,-0.453164101
1318,-0.443436623
1318.099976,-0.439145088
1318.200073,-0.443293571
1318.300049,-0.44019413
1318.400024,-0.437952995
1318.5,-0.436235905
1318.599976,-0.445391655
1318.700073,-0.432278156
1318.800049,-0.444867134
1318.900024,-0.446297646
1319,-0.443865776
1319.099976,-0.442816734
1319.200073,-0.44148159
1319.300049,-0.440337181
1319.400024,-0.448395729
1319.5,-0.4356637
1319.599976,-0.451495171
1319.700073,-0.443818092
1319.800049,-0.446583748
1319.900024,-0.445677757
1320,-0.441290855
1320.099976,-0.443758488
1320.200073,-0.444104195
1320.300049,-0.443961143
1320.400024,-0.44186306
1320.5,-0.438382149
1320.599976,-0.446631432
1320.700073,-0.441767693
1320.800049,-0.446726799
1320.900024,-0.437380314
1321,-0.436760426
1321.099976,-0.440146446
1321.200073,-0.44930172
1321.300049,-0.442721367
1321.400024,-0.447442055
1321.5,-0.454642296
1321.599976,-0.440241814
1321.700073,-0.449587822
1321.800049,-0.443341255
1321.900024,-0.44224453
1322,-0.450160027
1322.099976,-0.4356637
1322.200073,-0.443055153
1322.300049,-0.442959785
1322.400024,-0.43981266
1322.5,-0.443770409
1322.599976,-0.439240456
1322.700073,-0.442816734
1322.800049,-0.447585106
1322.900024,-0.445630074
1323,-0.444676399
1323.099976,-0.445832729
1323.200073,-0.444524407
1323.300049,-0.443722725
1323.400024,-0.443865776
1323.5,-0.443579674
1323.599976,-0.444199562
1323.700073,-0.445916176
1323.800049,-0.441433907
1323.900024,-0.446965218
1324,-0.440480232
1324.099976,-0.440241814
1324.200073,-0.442387581
1324.300049,-0.441576958
1324.400024,-0.44725132
1324.5,-0.447966576
1324.599976,-0.450684547
1324.700073,-0.440861702
1324.800049,-0.445725441
1324.900024,-0.442435265
1325,-0.446106911
1325.099976,-0.438286781
1325.200073,-0.439145088
1325.300049,-0.443770409
1325.400024,-0.442149162
1325.5,-0.439717293
1325.599976,-0.43814373
1325.700073,-0.444151878
1325.800049,-0.44725132
1325.900024,-0.446631432
1326,-0.449635506
1326.099976,-0.445487022
1326.200073,-0.448967934
1326.300049,-0.441720009
1326.400024,-0.436665058
1326.5,-0.44391346
1326.599976,-0.44725132
1326.700073,-0.443436623
1326.800049,-0.44596386
1326.900024,-0.443388939
1327,-0.447823524
1327.099976,-0.451018333
1327.200073,-0.451972008
1327.300049,-0.450255394
1327.400024,-0.453116417
1327.5,-0.443961143
1327.599976,-0.448729515
1327.700073,-0.453259468
1327.800049,-0.449587822
1327.900024,-0.44763279
1328,-0.454976082
1328.099976,-0.439621925
1328.200073,-0.449254036
1328.300049,-0.447155952
1328.400024,-0.447299004
1328.5,-0.446965218
1328.599976,-0.44468832
1328.700073,-0.442387581
1328.800049,-0.442101479
1328.900024,-0.440623283
1329,-0.452115059
1329.099976,-0.448109627
1329.200073,-0.442149162
1329.300049,-0.449778557
1329.400024,-0.447823524
1329.5,-0.437571526
1329.599976,-0.454737663
1329.700073,-0.446393013
1329.800049,-0.445296288
1329.900024,-0.444581032
1330,-0.448681831
1330.099976,-0.44596386
1330.200073,-0.44148159
1330.300049,-0.450350761
1330.400024,-0.446106911
1330.5,-0.453831673
1330.599976,-0.447155952
1330.700073,-0.441720009
1330.800049,-0.444104195
1330.900024,-0.447871208
1331,-0.446202278
1331.099976,-0.446774483
1331.200073,-0.443388939
1331.300049,-0.449635506
1331.400024,-0.444437981
1331.5,-0.44558239
1331.599976,-0.43981266
1331.700073,-0.446965218
1331.800049,-0.441529274
1331.900024,-0.447060585
1332,-0.449397087
1332.099976,-0.448634148
1332.200073,-0.445391655
1332.300049,-0.440432549
1332.400024,-0.44892025
1332.5,-0.443341255
1332.599976,-0.447966576
1332.700073,-0.438715935
1332.800049,-0.438000679
1332.900024,-0.448014259
1333,-0.449492455
1333.099976,-0.449778557
1333.200073,-0.448586464
1333.300049,-0.447299004
1333.400024,-0.447775841
1333.5,-0.447346687
1333.599976,-0.442482948
1333.700073,-0.441910744
1333.800049,-0.457789421
1333.900024,-0.455405235
1334,-0.453128338
1334.099976,-0.449683189
1334.200073,-0.449635506
1334.300049,-0.448336124
1334.400024,-0.446106911
1334.5,-0.447918892
1334.599976,-0.446261883
1334.700073,-0.444628716
1334.800049,-0.446393013
1334.900024,-0.441195488
1335,-0.446631432
1335.099976,-0.450493813
1335.200073,-0.454737663
1335.300049,-0.440241814
1335.400024,-0.452067375
1335.5,-0.444867134
1335.599976,-0.450732231
1335.700073,-0.454737663
1335.800049,-0.444533348
1335.900024,-0.447346687
1336,-0.444628716
1336.099976,-0.449444771
1336.200073,-0.445296288
1336.300049,-0.447394371
1336.400024,-0.44596386
1336.5,-0.445308208
1336.599976,-0.445248604
1336.700073,-0.442625999
1336.800049,-0.448443413
1336.900024,-0.445916176
1337,-0.443722725
1337.099976,-0.443341255
1337.200073,-0.444771767
1337.300049,-0.445248604
1337.400024,-0.446774483
1337.5,-0.445534706
1337.599976,-0.448491096
1337.700073,-0.438334465
1337.800049,-0.452019691
1337.900024,-0.442721367
1338,-0.449683189
1338.099976,-0.451972008
1338.200073,-0.445487022
1338.300049,-0.447299004
1338.400024,-0.444628716
1338.5,-0.445439339
1338.599976,-0.446917534
1338.700073,-0.449206352
1338.800049,-0.448395729
1338.900024,-0.445868492
1339,-0.437046528
1339.099976,-0.450493813
1339.200073,-0.441624641
1339.300049,-0.445677757
1339.400024,-0.44481945
1339.5,-0.447155952
1339.599976,-0.453068733
1339.700073,-0.450779915
1339.800049,-0.448824883
1339.900024,-0.446440697
1340,-0.445010185
1340.099976,-0.449826241
1340.200073,-0.444533348
1340.300049,-0.454499245
1340.400024,-0.45058918
1340.5,-0.447299004
1340.599976,-0.458266258
1340.700073,-0.450064659
1340.800049,-0.452591896
1340.900024,-0.446393013
1341,-0.44558239
1341.099976,-0.44686985
1341.200073,-0.44892025
1341.300049,-0.451352119
1341.400024,-0.45187664
1341.5,-0.447489738
1341.599976,-0.454260826
1341.700073,-0.446202278
1341.800049,-0.448443413
1341.900024,-0.455309868
1342,-0.45430851
1342.099976,-0.455202579
1342.200073,-0.455119133
1342.300049,-0.456072807
1342.400024,-0.452210426
1342.5,-0.444342613
1342.599976,-0.444724083
1342.700073,-0.455500603
1342.800049,-0.455452919
1342.900024,-0.449349403
1343,-0.44558239
1343.099976,-0.457169533
1343.200073,-0.448967934
1343.300049,-0.458409309
1343.400024,-0.456454277
1343.5,-0.457241058
1343.599976,-0.456931114
1343.700073,-0.457169533
1343.800049,-0.451352119
1343.900024,-0.447966576
1344,-0.457455635
1344.099976,-0.462796211
1344.200073,-0.444628716
1344.300049,-0.459458351
1344.400024,-0.448395729
1344.5,-0.455691338
1344.599976,-0.443865776
1344.700073,-0.452210426
1344.800049,-0.460221291
1344.900024,-0.448729515
1345,-0.454213142
1345.099976,-0.45468998
1345.200073,-0.453068733
1345.300049,-0.447299004
1345.400024,-0.455071449
1345.5,-0.460030556
1345.599976,-0.457074165
1345.700073,-0.45187664
1345.800049,-0.451542854
1345.900024,-0.447680473
1346,-0.454833031
1346.099976,-0.459076881
1346.200073,-0.453593254
1346.300049,-0.449730873
1346.400024,-0.452162743
1346.5,-0.450636864
1346.599976,-0.449540138
1346.700073,-0.446774483
1346.800049,-0.457407951
1346.900024,-0.449587822
1347,-0.455357552
1347.099976,-0.463845253
1347.200073,-0.451638222
1347.300049,-0.444247246
1347.400024,-0.448586464
1347.5,-0.448348045
1347.599976,-0.454451561
1347.700073,-0.451590538
1347.800049,-0.459029198
1347.900024,-0.458456993
1348,-0.456025124
1348.099976,-0.45263958
1348.200073,-0.453974724
1348.300049,-0.451161385
1348.400024,-0.451542854
1348.5,-0.451399803
1348.599976,-0.457169533
1348.700073,-0.458504677
1348.800049,-0.453783989
1348.900024,-0.453354836
1349,-0.447489738
1349.099976,-0.450350761
1349.200073,-0.459124565
1349.300049,-0.456501961
1349.400024,-0.460793495
1349.5,-0.452782631
1349.599976,-0.450255394
1349.700073,-0.454499245
1349.800049,-0.453640938
1349.900024,-0.455691338
1350,-0.456931114
1350.099976,-0.457694054
1350.200073,-0.446011543
1350.300049,-0.460221291
1350.400024,-0.452353477
1350.5,-0.454451561
1350.599976,-0.448443413
1350.700073,-0.457503319
1350.800049,-0.447442055
1350.900024,-0.456311226
1351,-0.460793495
1351.099976,-0.45688343
1351.200073,-0.458468914
1351.300049,-0.459172249
1351.400024,-0.457026482
1351.5,-0.449826241
1351.599976,-0.445439339
1351.700073,-0.457121849
1351.800049,-0.452305794
1351.900024,-0.453593254
1352,-0.452210426
1352.099976,-0.453021049
1352.200073,-0.451638222
1352.300049,-0.454642296
1352.400024,-0.461699486
1352.5,-0.456501961
1352.599976,-0.452401161
1352.700073,-0.452973366
1352.800049,-0.450255394
1352.900024,-0.457741737
1353,-0.455119133
1353.099976,-0.453354836
1353.200073,-0.453879356
1353.300049,-0.458266258
1353.400024,-0.45764637
1353.5,-0.459839821
1353.599976,-0.465847969
1353.700073,-0.455309868
1353.800049,-0.445677757
1353.900024,-0.456263542
1354,-0.456025124
1354.099976,-0.457932472
1354.200073,-0.456311226
1354.300049,-0.455071449
1354.400024,-0.460745811
1354.5,-0.456454277
1354.599976,-0.458266258
1354.700073,-0.458969593
1354.800049,-0.462033272
1354.900024,-0.459124565
1355,-0.457312584
1355.099976,-0.454976082
1355.200073,-0.455262184
1355.300049,-0.455405235
1355.400024,-0.453354836
1355.5,-0.455786705
1355.599976,-0.451495171
1355.700073,-0.452925682
1355.800049,-0.456740379
1355.900024,-0.455023766
1356,-0.455834389
1356.099976,-0.45559597
1356.200073,-0.45597744
1356.300049,-0.451399803
1356.400024,-0.466038704
1356.5,-0.458313942
1356.599976,-0.461937904
1356.700073,-0.460173607
1356.800049,-0.462224007
1356.900024,-0.457312584
1357,-0.46098423
1357.099976,-0.458647728
1357.200073,-0.45802784
1357.300049,-0.452973366
1357.400024,-0.454117775
1357.5,-0.45430851
1357.599976,-0.454356194
1357.700073,-0.455786705
1357.800049,-0.45597744
1357.900024,-0.459744453
1358,-0.453688622
1358.099976,-0.442769051
1358.200073,-0.455882072
1358.300049,-0.46265316
1358.400024,-0.45392704
1358.5,-0.455691338
1358.599976,-0.460364342
1358.700073,-0.457407951
1358.800049,-0.454356194
1358.900024,-0.45430851
1359,-0.455834389
1359.099976,-0.453354836
1359.200073,-0.459219933
1359.300049,-0.463511467
1359.400024,-0.457694054
1359.5,-0.454356194
1359.599976,-0.460125923
1359.700073,-0.454213142
1359.800049,-0.452973366
1359.900024,-0.456788063
1360,-0.456478119
1360.099976,-0.456549644
1360.200073,-0.459601402
1360.300049,-0.457217216
1360.400024,-0.454785347
1360.5,-0.466897011
1360.599976,-0.459267616
1360.700073,-0.451924324
1360.800049,-0.448443413
1360.900024,-0.455548286
1361,-0.459506035
1361.099976,-0.453879356
1361.200073,-0.451685905
1361.300049,-0.463559151
1361.400024,-0.459458351
1361.5,-0.452448845
1361.599976,-0.451638222
1361.700073,-0.460698128
1361.800049,-0.446345329
1361.900024,-0.456549644
1362,-0.45392704
1362.099976,-0.450016975
1362.200073,-0.454403877
1362.300049,-0.459839821
1362.400024,-0.445248604
1362.5,-0.464941978
1362.599976,-0.456549644
1362.700073,-0.462748528
1362.800049,-0.449969292
1362.900024,-0.458838463
1363,-0.450398445
1363.099976,-0.458313942
1363.200073,-0.452925682
1363.300049,-0.464894295
1363.400024,-0.462176323
1363.5,-0.456692696
1363.599976,-0.459219933
1363.700073,-0.458695412
1363.800049,-0.457217216
1363.900024,-0.458266258
1364,-0.4593153
1364.099976,-0.457586765
1364.200073,-0.458313942
1364.300049,-0.454451561
1364.400024,-0.456835747
1364.5,-0.465466499
1364.599976,-0.452353477
1364.700073,-0.460888863
1364.800049,-0.457217216
1364.900024,-0.459649086
1365,-0.459601402
1365.099976,-0.456645012
1365.200073,-0.454833031
1365.300049,-0.452496529
1365.400024,-0.458409309
1365.5,-0.460936546
1365.599976,-0.459839821
1365.700073,-0.455739021
1365.800049,-0.460268974
1365.900024,-0.454213142
1366,-0.456072807
1366.099976,-0.459506035
1366.200073,-0.456788063
1366.300049,-0.460698128
1366.400024,-0.456120491
1366.5,-0.460030556
1366.599976,-0.455500603
1366.700073,-0.46060276
1366.800049,-0.461222649
1366.900024,-0.459982872
1367,-0.456025124
1367.099976,-0.454499245
1367.200073,-0.453831673
1367.300049,-0.4557271
1367.400024,-0.4572649
1367.5,-0.457312584
1367.599976,-0.454117775
1367.700073,-0.459434509
1367.800049,-0.46227169
1367.900024,-0.464035988
1368,-0.464035988
1368.099976,-0.463892937
1368.200073,-0.46227169
1368.300049,-0.460614681
1368.400024,-0.457312584
1368.5,-0.458981514
1368.599976,-0.462986946
1368.700073,-0.458361626
1368.800049,-0.462939262
1368.900024,-0.453307152
1369,-0.451924324
1369.099976,-0.461127281
1369.200073,-0.453259468
1369.300049,-0.467230797
1369.400024,-0.452830315
1369.5,-0.463511467
1369.599976,-0.456931114
1369.700073,-0.460316658
1369.800049,-0.467755318
1369.900024,-0.471093178
1370,-0.462796211
1370.099976,-0.454165459
1370.200073,-0.462796211
1370.300049,-0.458409309
1370.400024,-0.459601402
1370.5,-0.455166817
1370.599976,-0.456740379
1370.700073,-0.460936546
1370.800049,-0.45969677
1370.900024,-0.458409309
1371,-0.456788063
1371.099976,-0.458600044
1371.200073,-0.45751524
1371.300049,-0.456072807
1371.400024,-0.458600044
1371.5,-0.463511467
1371.599976,-0.470187187
1371.700073,-0.459219933
1371.800049,-0.462319374
1371.900024,-0.454022408
1372,-0.453783989
1372.099976,-0.457026482
1372.200073,-0.460221291
1372.300049,-0.460555077
1372.400024,-0.459196091
1372.5,-0.457884789
1372.599976,-0.458123207
1372.700073,-0.455691338
1372.800049,-0.467278481
1372.900024,-0.461222649
1373,-0.450636864
1373.099976,-0.453402519
1373.200073,-0.459410667
1373.300049,-0.458123207
1373.400024,-0.459410667
1373.5,-0.457312584
1373.599976,-0.449492455
1373.700073,-0.468089104
1373.800049,-0.461174965
1373.900024,-0.461127281
1374,-0.463463783
1374.099976,-0.459565639
1374.200073,-0.458409309
1374.300049,-0.455262184
1374.400024,-0.454070091
1374.5,-0.464083672
1374.599976,-0.454022408
1374.700073,-0.460030556
1374.800049,-0.459124565
1374.900024,-0.456025124
1375,-0.460268974
1375.099976,-0.465037346
1375.200073,-0.458552361
1375.300049,-0.463082314
1375.400024,-0.458552361
1375.5,-0.455405235
1375.599976,-0.458838463
1375.700073,-0.458361626
1375.800049,-0.459410667
1375.900024,-0.459792137
1376,-0.460888863
1376.099976,-0.460900784
1376.200073,-0.461318016
1376.300049,-0.461604118
1376.400024,-0.457312584
1376.5,-0.464941978
1376.599976,-0.453402519
1376.700073,-0.45802784
1376.800049,-0.472285271
1376.900024,-0.450255394
1377,-0.466897011
1377.099976,-0.462510109
1377.200073,-0.455119133
1377.300049,-0.450684547
1377.400024,-0.459744453
1377.5,-0.459935188
1377.599976,-0.463368416
1377.700073,-0.462843895
1377.800049,-0.462033272
1377.900024,-0.460650444
1378,-0.461270332
1378.099976,-0.464655876
1378.200073,-0.461985588
1378.300049,-0.464798927
1378.400024,-0.456931114
1378.5,-0.468756676
1378.599976,-0.449206352
1378.700073,-0.458695412
1378.800049,-0.459076881
1378.900024,-0.459553719
1379,-0.460555077
1379.099976,-0.462367058
1379.200073,-0.461222649
1379.300049,-0.462164402
1379.400024,-0.463559151
1379.5,-0.461508751
1379.599976,-0.464846611
1379.700073,-0.462927341
1379.800049,-0.461651802
1379.900024,-0.463702202
1380,-0.463129997
1380.099976,-0.463368416
1380.200073,-0.458743095
1380.300049,-0.462891579
1380.400024,-0.466181755
1380.5,-0.454213142
1380.599976,-0.468136787
1380.700073,-0.45893383
1380.800049,-0.467421532
1380.900024,-0.458266258
1381,-0.457932472
1381.099976,-0.466706276
1381.200073,-0.459601402
1381.300049,-0.466181755
1381.400024,-0.460745811
1381.5,-0.461174965
1381.599976,-0.468375206
1381.700073,-0.468375206
1381.800049,-0.464608192
1381.900024,-0.461937904
1382,-0.463523388
1382.099976,-0.463892937
1382.200073,-0.463654518
1382.300049,-0.459076881
1382.400024,-0.461222649
1382.5,-0.465657234
1382.599976,-0.459649086
1382.700073,-0.465323448
1382.800049,-0.460268974
1382.900024,-0.465943336
1383,-0.467898369
1383.099976,-0.459362984
1383.200073,-0.453497887
1383.300049,-0.462128639
1383.400024,-0.468661308
1383.5,-0.470711708
1383.599976,-0.468136787
1383.700073,-0.468661308
1383.800049,-0.460459709
1383.900024,-0.464035988
1384,-0.475003242
1384.099976,-0.468470573
1384.200073,-0.464083672
1384.300049,-0.467087746
1384.400024,-0.462843895
1384.5,-0.464846611
1384.599976,-0.461556435
1384.700073,-0.46560955
1384.800049,-0.462367058
1384.900024,-0.473000526
1385,-0.465752602
1385.099976,-0.459982872
1385.200073,-0.459982872
1385.300049,-0.460650444
1385.400024,-0.461079597
1385.5,-0.461556435
1385.599976,-0.459649086
1385.700073,-0.460841179
1385.800049,-0.467230797
1385.900024,-0.456454277
1386,-0.46060276
1386.099976,-0.465514183
1386.200073,-0.46637249
1386.300049,-0.465716839
1386.400024,-0.465800285
1386.5,-0.465180397
1386.599976,-0.461604118
1386.700073,-0.470234871
1386.800049,-0.459362984
1386.900024,-0.462796211
1387,-0.464989662
1387.099976,-0.457694054
1387.200073,-0.473954201
1387.300049,-0.46060276
1387.400024,-0.467612267
1387.5,-0.467040062
1387.599976,-0.466038704
1387.700073,-0.46599102
1387.800049,-0.467326164
1387.900024,-0.46432209
1388,-0.464393616
1388.099976,-0.46303463
1388.200073,-0.462891579
1388.300049,-0.465228081
1388.400024,-0.460030556
1388.5,-0.462843895
1388.599976,-0.460841179
1388.700073,-0.460698128
1388.800049,-0.469805717
1388.900024,-0.472809792
1389,-0.464608192
1389.099976,-0.469185829
1389.200073,-0.464989662
1389.300049,-0.459458351
1389.400024,-0.461270332
1389.5,-0.463082314
1389.599976,-0.462188244
1389.700073,-0.464083672
1389.800049,-0.460316658
1389.900024,-0.463559151
1390,-0.470950127
1390.099976,-0.467850685
1390.200073,-0.464131355
1390.300049,-0.463225365
1390.400024,-0.466849327
1390.5,-0.465275764
1390.599976,-0.464465141
1390.700073,-0.463177681
1390.800049,-0.462557793
1390.900024,-0.464727402
1391,-0.466086388
1391.099976,-0.467087746
1391.200073,-0.463463783
1391.300049,-0.469185829
1391.400024,-0.4634161
1391.5,-0.472428322
1391.599976,-0.4634161
1391.700073,-0.468232155
1391.800049,-0.469519615
1391.900024,-0.466527462
1392,-0.464751244
1392.099976,-0.463606834
1392.200073,-0.468184471
1392.300049,-0.463225365
1392.400024,-0.465323448
1392.5,-0.468661308
1392.599976,-0.465275764
1392.700073,-0.470675945
1392.800049,-0.474240303
1392.900024,-0.474526405
1393,-0.467803001
1393.099976,-0.457551003
1393.200073,-0.47099781
1393.300049,-0.466229439
1393.400024,-0.468899727
1393.5,-0.470723629
1393.599976,-0.474574089
1393.700073,-0.473191261
1393.800049,-0.46971035
1393.900024,-0.469614983
1394,-0.465037346
1394.099976,-0.462462425
1394.200073,-0.463845253
1394.300049,-0.465800285
1394.400024,-0.467898369
1394.5,-0.4634161
1394.599976,-0.462080956
1394.700073,-0.467993736
1394.800049,-0.47176075
1394.900024,-0.466277122
1395,-0.459076881
1395.099976,-0.477482796
1395.200073,-0.469567299
1395.300049,-0.461985588
1395.400024,-0.465704918
1395.5,-0.460507393
1395.599976,-0.464179039
1395.700073,-0.46227169
1395.800049,-0.469090462
1395.900024,-0.464369774
1396,-0.471188545
1396.099976,-0.469471931
1396.200073,-0.468232155
1396.300049,-0.46637249
1396.400024,-0.459744453
1396.5,-0.465657234
1396.599976,-0.471665382
1396.700073,-0.464751244
1396.800049,-0.470187187
1396.900024,-0.467421532
1397,-0.467755318
1397.099976,-0.467135429
1397.200073,-0.467993736
1397.300049,-0.469138145
1397.400024,-0.467946053
1397.5,-0.470759392
1397.599976,-0.467576504
1397.700073,-0.46470356
1397.800049,-0.466897011
1397.900024,-0.46675396
1398,-0.471331596
1398.099976,-0.459649086
1398.200073,-0.469376564
1398.300049,-0.47509861
1398.400024,-0.468565941
1398.5,-0.471045494
1398.599976,-0.461842537
1398.700073,-0.468136787
1398.800049,-0.472285271
1398.900024,-0.468232155
1399,-0.465228081
1399.099976,-0.466467857
1399.200073,-0.468518257
1399.300049,-0.468947411
1399.400024,-0.468577862
1399.5,-0.468947411
1399.599976,-0.467898369
1399.700073,-0.46919775
1399.800049,-0.470854759
1399.900024,-0.469090462
1400,-0.472213745
1400.099976,-0.471903801
1400.200073,-0.469179869
1400.300049,-0.466229439
1400.400024,-0.46637249
1400.5,-0.469996452
1400.599976,-0.471474648
1400.700073,-0.466134071
1400.800049,-0.466849327
1400.900024,-0.469662666
1401,-0.472332954
1401.099976,-0.473334312
1401.200073,-0.466706276
1401.300049,-0.472571373
1401.400024,-1.023463249
1401.5,-1.024178505
1401.599976,-1.026467323
1401.700073,-1.037196159
1401.800049,-1.035861015
1401.900024,-1.033619881
1402,-1.030472755
1402.099976,-1.030949593
1402.200073,-1.035193443
1402.300049,-1.035336494
1402.400024,-1.025752068
1402.5,-1.029089928
1402.599976,-1.034192085
1402.700073,-1.036671638
1402.800049,-1.032475471
1402.900024,-1.03567028
1403,-1.036862373
1403.099976,-1.028326988
1403.200073,-1.039580345
1403.300049,-1.032046318
1403.400024,-1.032189369
1403.5,-1.03245163
1403.599976,-1.032284737
1403.700073,-1.033286095
1403.800049,-1.028279305
1403.900024,-1.033953667
1404,-1.031521797
1404.099976,-1.034144402
1404.200073,-1.033882141
1404.300049,-1.03400135
1404.400024,-1.035861015
1404.5,-1.029423714
1404.599976,-1.035241127
1404.700073,-1.040295601
1404.800049,-1.027945518
1404.900024,-1.03309536
1405,-1.031664848
1405.099976,-1.033703327
1405.200073,-1.036194801
1405.300049,-1.033858299
1405.400024,-1.039914131
1405.5,-1.037863731
1405.599976,-1.037148476
1405.700073,-1.035121918
1405.800049,-1.032475471
1405.900024,-1.032999992
1406,-1.035479546
1406.099976,-1.029185295
1406.200073,-1.034811974
1406.300049,-1.038054466
1406.400024,-1.029089928
1406.5,-1.041249275
1406.599976,-1.037005424
1406.700073,-1.027468681
1406.800049,-1.037386894
1406.900024,-1.033572197
1407,-1.045397758
1407.099976,-1.032761574
1407.200073,-1.037672997
1407.300049,-1.042393684
1407.400024,-1.035765648
1407.5,-1.036385536
1407.599976,-1.040820122
1407.700073,-1.032618523
1407.800049,-1.040390968
1407.900024,-1.037291527
1408,-1.037577629
1408.099976,-1.04144001
1408.200073,-1.033333778
1408.300049,-1.038292885
1408.400024,-1.040581703
1408.5,-1.034907341
1408.599976,-1.040200233
1408.700073,-1.032570839
1408.800049,-1.03977108
1408.900024,-1.035622597
1409,-1.039723396
1409.099976,-1.035431862
1409.200073,-1.044110298
1409.300049,-1.041964531
1409.400024,-1.042632103
1409.5,-1.045826912
1409.599976,-1.040677071
1409.700073,-1.046494484
1409.800049,-1.039437294
1409.900024,-1.036194801
1410,-1.039198875
1410.099976,-1.038149834
1410.200073,-1.039353848
1410.300049,-1.038769722
1410.400024,-1.041296959
1410.5,-1.047877312
1410.599976,-1.047066689
1410.700073,-1.04772234
1410.800049,-1.047066689
1410.900024,-1.04887867
1411,-1.042059898
1411.099976,-1.048926353
1411.200073,-1.045207024
1411.300049,-1.040104866
1411.400024,-1.04220295
1411.5,-1.049260139
1411.599976,-1.036623955
1411.700073,-1.045111656
1411.800049,-1.036910057
1411.900024,-1.047686577
1412,-1.041869164
1412.099976,-1.036385536
1412.200073,-1.039961815
1412.300049,-1.04272747
1412.400024,-1.034859657
1412.5,-1.038865089
1412.599976,-1.046399117
1412.700073,-1.04887867
1412.800049,-1.045302391
1412.900024,-1.039055824
1413,-1.053170204
1413.099976,-1.03977108
1413.200073,-1.045636177
1413.300049,-1.043633461
1413.400024,-1.037672997
1413.5,-1.046351433
1413.599976,-1.037434578
1413.700073,-1.043585777
1413.800049,-1.041010857
1413.900024,-1.042250633
1414,-1.042346001
1414.099976,-1.044789791
1414.200073,-1.046637535
1414.300049,-1.047924995
1414.400024,-1.046685219
1414.5,-1.047126293
1414.599976,-1.046780586
1414.700073,-1.047114372
1414.800049,-1.048568726
1414.900024,-1.050738335
1415,-1.049641609
1415.099976,-1.040915489
1415.200073,-1.049975395
1415.300049,-1.043061256
1415.400024,-1.048354149
1415.5,-1.048687935
1415.599976,-1.04349041
1415.700073,-1.043442726
1415.800049,-1.043979168
1415.900024,-1.045445442
1416,-1.043538094
1416.099976,-1.04220295
1416.200073,-1.04375267
1416.300049,-1.044634819
1416.400024,-1.044634819
1416.5,-1.045660019
1416.599976,-1.047638893
1416.700073,-1.045731544
1416.800049,-1.049689293
1416.900024,-1.0484972
1417,-1.04720974
1417.099976,-1.044909
1417.200073,-1.040724754
1417.300049,-1.043204308
1417.400024,-1.046256065
1417.5,-1.048974037
1417.599976,-1.045969963
1417.700073,-1.050833702
1417.800049,-1.048640251
1417.900024,-1.044730186
1418,-1.03848362
1418.099976,-1.051644325
1418.200073,-1.047495842
1418.300049,-1.05221653
1418.400024,-1.043061256
1418.5,-1.039532661
1418.599976,-1.042155266
1418.700073,-1.044086456
1418.800049,-1.047638893
1418.900024,-1.047019005
1419,-1.048211098
1419.099976,-1.052407265
1419.200073,-1.049117088
1419.300049,-1.048401833
1419.400024,-1.047448158
1419.5,-1.049355507
1419.599976,-1.052550316
1419.700073,-1.047686577
1419.800049,-1.049736977
1419.900024,-1.050154209
1420,-1.049355507
1420.099976,-1.053837776
1420.200073,-1.05555439
1420.300049,-1.049927711
1420.400024,-1.046589851
1420.5,-1.054553032
1420.599976,-1.053456306
1420.700073,-1.057843208
1420.800049,-1.056031227
1420.900024,-1.051262856
1421,-1.049212456
1421.099976,-1.048449516
1421.200073,-1.047972679
1421.300049,-1.050559521
1421.400024,-1.052598
1421.5,-1.053217888
1421.599976,-1.052907944
1421.700073,-1.053074837
1421.800049,-1.052741051
1421.900024,-1.055268288
1422,-1.052359581
1422.099976,-1.053647041
1422.200073,-1.050070763
1422.300049,-1.051262856
1422.400024,-1.049689293
1422.5,-1.045445442
1422.599976,-1.051072121
1422.700073,-1.06265974
1422.800049,-1.04477787
1422.900024,-1.059893608
1423,-1.042250633
1423.099976,-1.057080269
1423.200073,-1.053694725
1423.300049,-1.053706646
1423.400024,-1.051787376
1423.5,-1.052264214
1423.599976,-1.059416771
1423.700073,-1.051787376
1423.800049,-1.060656548
1423.900024,-1.054553032
1424,-1.057509422
1424.099976,-1.055888176
1424.200073,-1.054314613
1424.300049,-1.049260139
1424.400024,-1.048640251
1424.5,-1.050797939
1424.599976,-1.051978111
1424.700073,-1.053313255
1424.800049,-1.055506706
1424.900024,-1.058176994
1425,-1.055315971
1425.099976,-1.049832344
1425.200073,-1.062850475
1425.300049,-1.056651115
1425.400024,-1.057938576
1425.5,-1.056508064
1425.599976,-1.058033943
1425.700073,-1.05221653
1425.800049,-1.057127953
1425.900024,-1.061705589
1426,-1.053170204
1426.099976,-1.049355507
1426.200073,-1.059750557
1426.300049,-1.05593586
1426.400024,-1.060513496
1426.5,-1.055840492
1426.599976,-1.059798241
1426.700073,-1.052454948
1426.800049,-1.05760479
1426.900024,-1.058749199
1427,-1.051501274
1427.099976,-1.061657906
1427.200073,-1.05092907
1427.300049,-1.062087059
1427.400024,-1.059512138
1427.5,-1.053408623
1427.599976,-1.054934502
1427.700073,-1.05684185
1427.800049,-1.05350399
1427.900024,-1.063231945
1428,-1.057271004
1428.099976,-1.058463097
1428.200073,-1.060227394
1428.300049,-1.063231945
1428.400024,-1.060394406
1428.5,-1.059941292
1428.599976,-1.06056717
1428.700073,-1.060894966
1428.800049,-1.061038017
1428.900024,-1.058844566
1429,-1.057652473
1429.099976,-1.055792809
1429.200073,-1.055649757
1429.300049,-1.05684185
1429.400024,-1.064662457
1429.5,-1.057080269
1429.599976,-1.064471722
1429.700073,-1.062468529
1429.800049,-1.055315971
1429.900024,-1.062373161
1430,-1.057890892
1430.099976,-1.06223011
1430.200073,-1.056937218
1430.300049,-1.066855907
1430.400024,-1.06223011
1430.5,-1.060036659
1430.599976,-1.062433004
1430.700073,-1.064233303
1430.800049,-1.063231945
1430.900024,-1.062420845
1431,-1.059845924
1431.099976,-1.058415413
1431.200073,-1.060394406
1431.300049,-1.063374996
1431.400024,-1.059941292
1431.5,-1.056651115
1431.599976,-1.057557106
1431.700073,-1.05824852
1431.800049,-1.058320045
1431.900024,-1.060465813
1432,-1.058606148
1432.099976,-1.065330029
1432.200073,-1.059178352
1432.300049,-1.063994884
1432.400024,-1.06471014
1432.5,-1.061753273
1432.599976,-1.067428112
1432.700073,-1.05517292
1432.800049,-1.068715572
1432.900024,-1.058653831
1433,-1.063279629
1433.099976,-1.06056118
1433.200073,-1.062182426
1433.300049,-1.064424038
1433.400024,-1.061228871
1433.5,-1.059130669
1433.599976,-1.059178352
1433.700073,-1.061228991
1433.800049,-1.063279629
1433.900024,-1.063327312
1434,-1.071671963
1434.099976,-1.067094326
1434.200073,-1.057461739
1434.300049,-1.061419487
1434.400024,-1.063708782
1434.5,-1.069335461
1434.599976,-1.061085701
1434.700073,-1.064328671
1434.800049,-1.067761898
1434.900024,-1.065616131
1435,-1.071433544
1435.099976,-1.052454948
1435.200073,-1.071338177
1435.300049,-1.064948559
1435.400024,-1.064280987
1435.5,-1.058749199
1435.599976,-1.072196484
1435.700073,-1.062802792
1435.800049,-1.072387218
1435.900024,-1.066045284
1436,-1.064996243
1436.099976,-1.067475796
1436.200073,-1.063851833
1436.300049,-1.074294567
1436.400024,-1.071719646
1436.5,-1.065043926
1436.599976,-1.065186977
1436.700073,-1.06471014
1436.800049,-1.064853191
1436.900024,-1.063756466
1437,-1.065186977
1437.099976,-1.071099758
1437.200073,-1.061610222
1437.300049,-1.069621563
1437.400024,-1.057366371
1437.5,-1.058606148
1437.599976,-1.06132412
1437.700073,-1.066665173
1437.800049,-1.068715572
1437.900024,-1.067201614
1438,-1.067094326
1438.099976,-1.066331387
1438.200073,-1.063994884
1438.300049,-1.063899517
1438.400024,-1.068238735
1438.5,-1.061276436
1438.599976,-1.064424038
1438.700073,-1.070765972
1438.800049,-1.062898159
1438.900024,-1.070670605
1439,-1.077584743
1439.099976,-1.065043926
1439.200073,-1.059607506
1439.300049,-1.073102474
1439.400024,-1.069383144
1439.5,-1.065139294
1439.599976,-1.076488018
1439.700073,-1.067571163
1439.800049,-1.064900875
1439.900024,-1.066712856
1440,-1.069049358
1440.099976,-1.073770046
1440.200073,-1.075295925
1440.300049,-1.073531628
1440.400024,-1.069097042
1440.5,-1.066140652
1440.599976,-1.067380428
1440.700073,-1.074246883
1440.800049,-1.074485302
1440.900024,-1.070050716
1441,-1.070575237
1441.099976,-1.07125473
1441.200073,-1.069764614
1441.300049,-1.074628353
1441.400024,-1.072339535
1441.5,-1.062945843
1441.599976,-1.071338177
1441.700073,-1.064519405
1441.800049,-1.071147442
1441.900024,-1.073293209
1442,-1.066045284
1442.099976,-1.071338177
1442.200073,-1.069001675
1442.300049,-1.067380428
1442.400024,-1.068906307
1442.5,-1.06842947
1442.599976,-1.066212058
1442.700073,-1.061419487
1442.800049,-1.066092968
1442.900024,-1.076583385
1443,-1.073483944
1443.099976,-1.074866772
1443.200073,-1.07137394
1443.300049,-1.068191051
1443.400024,-1.068953991
1443.5,-1.068953991
1443.599976,-1.071624279
1443.700073,-1.069049358
1443.800049,-1.076488018
1443.900024,-1.073483944
1444,-1.078061581
1444.099976,-1.075605869
1444.200073,-1.0741992
1444.300049,-1.076678753
1444.400024,-1.073483944
1444.5,-1.065997601
1444.599976,-1.077727795
1444.700073,-1.069573879
1444.800049,-1.076344967
1444.900024,-1.071242809
1445,-1.073579311
1445.099976,-1.069669247
1445.200073,-1.065902233
1445.300049,-1.069740772
1445.400024,-1.070813656
1445.5,-1.072577953
1445.599976,-1.073102474
1445.700073,-1.069240093
1445.800049,-1.065282345
1445.900024,-1.070134163
1446,-1.072291851
1446.099976,-1.073722363
1446.200073,-1.067332745
1446.300049,-1.072434902
1446.400024,-1.06714201
1446.5,-1.067666531
1446.599976,-1.069144726
1446.700073,-1.071195126
1446.800049,-1.070575237
1446.900024,-1.078395367
1447,-1.081065655
1447.099976,-1.073531628
1447.200073,-1.067475796
1447.300049,-1.073770046
1447.400024,-1.072911739
1447.5,-1.066522121
1447.599976,-1.074819088
1447.700073,-1.071052074
1447.800049,-1.077870846
1447.900024,-1.065330029
1448,-1.074294567
1448.099976,-1.076154232
1448.200073,-1.076058865
1448.300049,-1.080541134
1448.400024,-1.074532986
1448.5,-1.068381786
1448.599976,-1.080541134
1448.700073,-1.071910381
1448.800049,-1.070956707
1448.900024,-1.077584743
1449,-1.071052074
1449.099976,-1.076392651
1449.200073,-1.080302715
1449.300049,-1.066808224
1449.400024,-1.07343626
1449.5,-1.076058865
1449.599976,-1.076917171
1449.700073,-1.07381773
1449.800049,-1.078490734
1449.900024,-1.075772762
1450,-1.07844305
1450.099976,-1.068191051
1450.200073,-1.069859982
1450.300049,-1.073722363
1450.400024,-1.071671963
1450.5,-1.075534344
1450.599976,-1.069955349
1450.700073,-1.073865414
1450.800049,-1.071624279
1450.900024,-1.073853493
1451,-1.07381773
1451.099976,-1.076106548
1451.200073,-1.072577953
1451.300049,-1.081447124
1451.400024,-1.069144726
1451.5,-1.081065655
1451.599976,-1.071147442
1451.700073,-1.078538418
1451.800049,-1.075009823
1451.900024,-1.074819088
1452,-1.074354172
1452.099976,-1.074389935
1452.200073,-1.073197842
1452.300049,-1.075152874
1452.400024,-1.070384502
1452.5,-1.072577953
1452.599976,-1.073865414
1452.700073,-1.075772762
1452.800049,-1.077370167
1452.900024,-1.080398083
1453,-1.079444408
1453.099976,-1.078919888
1453.200073,-1.077775478
1453.300049,-1.075927734
1453.400024,-1.073531628
1453.5,-1.073483944
1453.599976,-1.079349041
1453.700073,-1.080159664
1453.800049,-1.07844305
1453.900024,-1.077298641
1454,-1.076964855
1454.099976,-1.083497524
1454.200073,-1.06971693
1454.300049,-1.083354473
1454.400024,-1.078633785
1454.5,-1.085834026
1454.599976,-1.077394009
1454.700073,-1.068715572
1454.800049,-1.08292532
1454.900024,-1.077060223
1455,-1.080541134
1455.099976,-1.081161022
1455.200073,-1.07253027
1455.300049,-1.072768688
1455.400024,-1.075820446
1455.5,-1.079444408
1455.599976,-1.077203274
1455.700073,-1.076392651
1455.800049,-1.078025818
1455.900024,-1.079873562
1456,-1.078633785
1456.099976,-1.087073803
1456.200073,-1.071624279
1456.300049,-1.08254385
1456.400024,-1.077870846
1456.5,-1.072959423
1456.599976,-1.080016613
1456.700073,-1.073913097
1456.800049,-1.079062939
1456.900024,-1.077680111
1457,-1.085595608
1457.099976,-1.087502956
1457.200073,-1.07086134
1457.300049,-1.076297283
1457.400024,-1.083020687
1457.5,-1.079968929
1457.599976,-1.078681469
1457.700073,-1.082114697
1457.800049,-1.080731869
1457.900024,-1.081971645
1458,-1.073674679
1458.099976,-1.086596966
1458.200073,-1.077870846
1458.300049,-1.083068371
1458.400024,-1.083545208
1458.5,-1.082591534
1458.599976,-1.080588818
1458.700073,-1.083163738
1458.800049,-1.081971645
1458.900024,-1.076392651
1459,-1.074580669
1459.099976,-1.08254385
1459.200073,-1.082067013
1459.300049,-1.08125639
1459.400024,-1.080159664
1459.5,-1.080255032
1459.599976,-1.079253674
1459.700073,-1.078156948
1459.800049,-1.07510519
1459.900024,-1.077727795
1460,-1.074008465
1460.099976,-1.078109264
1460.200073,-1.080541134
1460.300049,-1.080350399
1460.400024,-1.081399441
1460.5,-1.083497524
1460.599976,-1.078919888
1460.700073,-1.083402157
1460.800049,-1.080827236
1460.900024,-1.084546566
1461,-1.084117413
1461.099976,-1.081113338
1461.200073,-1.083878994
1461.300049,-1.077680111
1461.400024,-1.077584743
1461.5,-1.075152874
1461.599976,-1.074580669
1461.700073,-1.088790417
1461.800049,-1.071815014
1461.900024,-1.081494808
1462,-1.081542492
1462.099976,-1.076964855
1462.200073,-1.078299999
1462.300049,-1.080064297
1462.400024,-1.084308147
1462.5,-1.080684185
1462.599976,-1.077298641
1462.700073,-1.081554413
1462.800049,-1.083592892
1462.900024,-1.084641933
1463,-1.08716917
1463.099976,-1.079015255
1463.200073,-1.085929394
1463.300049,-1.075963497
1463.400024,-1.075248241
1463.5,-1.087884426
1463.599976,-1.088981152
1463.700073,-1.084403515
1463.800049,-1.087312222
1463.900024,-1.084832668
1464,-1.088790417
1464.099976,-1.087502956
1464.200073,-1.076011181
1464.300049,-1.091126919
1464.400024,-1.07958746
1464.5,-1.082496166
1464.599976,-1.080541134
1464.700073,-1.08421278
1464.800049,-1.083354473
1464.900024,-1.083259106
1465,-1.087836742
1465.099976,-1.085071087
1465.200073,-1.082257748
1465.300049,-1.073197842
1465.400024,-1.087359905
1465.5,-1.07920599
1465.599976,-1.076440334
1465.700073,-1.09165144
1465.800049,-1.080541134
1465.900024,-1.087836742
1466,-1.069669247
1466.099976,-1.078538418
1466.200073,-1.079778194
1466.300049,-1.08254385
1466.400024,-1.087264538
1466.5,-1.088075161
1466.599976,-1.086978436
1466.700073,-1.086501598
1466.800049,-1.086787701
1466.900024,-1.085261822
1467,-1.08408165
1467.099976,-1.08216238
1467.200073,-1.082114697
1467.300049,-1.080159664
1467.400024,-1.078633785
1467.5,-1.077727795
1467.599976,-1.085452557
1467.700073,-1.077966213
1467.800049,-1.090363979
1467.900024,-1.084165096
1468,-1.086883068
1468.099976,-1.081876278
1468.200073,-1.082877636
1468.300049,-1.086310863
1468.400024,-1.078061581
1468.5,-1.086215496
1468.599976,-1.081733227
1468.700073,-1.089744091
1468.800049,-1.078204632
1468.900024,-1.081971645
1469,-1.080302715
1469.099976,-1.085607529
1469.200073,-1.090030193
1469.300049,-1.090125561
1469.400024,-1.085834026
1469.5,-1.082448483
1469.599976,-1.07753706
1469.700073,-1.082973003
1469.800049,-1.076392651
1469.900024,-1.081304073
1470,-1.079062939
1470.099976,-1.081876278
1470.200073,-1.086453915
1470.300049,-1.082973003
1470.400024,-1.083878994
1470.5,-1.08216238
1470.599976,-1.083449841
1470.700073,-1.085333347
1470.800049,-1.087693691
1470.900024,-1.088027477
1471,-1.078013897
1471.099976,-1.074819088
1471.200073,-1.091937542
1471.300049,-1.082114697
1471.400024,-1.086978436
1471.5,-1.089124203
1471.599976,-1.081351757
1471.700073,-1.082305431
1471.800049,-1.083974361
1471.900024,-1.086453915
1472,-1.084355831
1472.099976,-1.077107906
1472.200073,-1.087836742
1472.300049,-1.083116055
1472.400024,-1.089553356
1472.5,-1.071052074
1472.599976,-1.090411663
1472.700073,-1.076154232
1472.800049,-1.083974361
1472.900024,-1.082496166
1473,-1.084749222
1473.099976,-1.085834026
1473.200073,-1.086692333
1473.300049,-1.084689617
1473.400024,-1.080159664
1473.5,-1.09255743
1473.599976,-1.081637859
1473.700073,-1.085786343
1473.800049,-1.089553356
1473.900024,-1.087836742
1474,-1.083783627
1474.099976,-1.08755064
1474.200073,-1.089457989
1474.300049,-1.076440334
1474.400024,-1.080016613
1474.5,-1.091174603
1474.599976,-1.080779552
1474.700073,-1.085547924
1474.800049,-1.083163738
1474.900024,-1.088408947
1475,-1.081113338
1475.099976,-1.087789059
1475.200073,-1.09422636
1475.300049,-1.079396725
1475.400024,-1.084308147
1475.5,-1.082686901
1475.599976,-1.08459425
1475.700073,-1.082067013
1475.800049,-1.08011198
1475.900024,-1.079492092
1476,-1.08292532
1476.099976,-1.076869488
1476.200073,-1.08793211
1476.300049,-1.085023403
1476.400024,-1.084975719
1476.5,-1.08011198
1476.599976,-1.090173244
1476.700073,-1.085643291
1476.800049,-1.082210064
1476.900024,-1.083926678
1477,-1.089887142
1477.099976,-1.085643291
1477.200073,-1.082353115
1477.300049,-1.090840816
1477.400024,-1.085404873
1477.5,-1.082019329
1477.599976,-1.087121487
1477.700073,-1.07791853
1477.800049,-1.086406231
1477.900024,-1.091079235
1478,-1.081161022
1478.099976,-1.088647366
1478.200073,-1.079968929
1478.300049,-1.091413021
1478.400024,-1.088504314
1478.5,-1.092319012
1478.599976,-1.092319012
1478.700073,-1.08588171
1478.800049,-1.091413021
1478.900024,-1.083449841
1479,-1.086453915
1479.099976,-1.091079235
1479.200073,-1.0888381
1479.300049,-1.089553356
1479.400024,-1.091794491
1479.5,-1.088742733
1479.599976,-1.087407589
1479.700073,-1.086215496
1479.800049,-1.086215496
1479.900024,-1.080970287
1480,-1.090602398
1480.099976,-1.085929394
1480.200073,-1.085547924
1480.300049,-1.085071087
1480.400024,-1.087502956
1480.5,-1.085261822
1480.599976,-1.088933468
1480.700073,-1.093654156
1480.800049,-1.087312222
1480.900024,-1.083116055
1481,-1.083545208
1481.099976,-1.083878994
1481.200073,-1.082686901
1481.300049,-1.086167812
1481.400024,-1.088695049
1481.5,-1.08459425
1481.599976,-1.086072445
1481.700073,-1.088778496
1481.800049,-1.094035625
1481.900024,-1.090411663
1482,-1.08011198
1482.099976,-1.082305431
1482.200073,-1.086978436
1482.300049,-1.094035625
1482.400024,-1.080064297
1482.5,-1.091079235
1482.599976,-1.089553356
1482.700073,-1.088027477
1482.800049,-1.091889858
1482.900024,-1.083592892
1483,-1.088265896
1483.099976,-1.083735943
1483.200073,-1.08960104
1483.300049,-1.081637859
1483.400024,-1.094321728
1483.5,-1.094655514
1483.599976,-1.090518951
1483.700073,-1.086549282
1483.800049,-1.086549282
1483.900024,-1.092652798
1484,-1.083068371
1484.099976,-1.093940258
1484.200073,-1.094083309
1484.300049,-1.086167812
1484.400024,-1.08664465
1484.5,-1.085893631
1484.599976,-1.085214138
1484.700073,-1.085547924
1484.800049,-1.08819437
1484.900024,-1.089028835
1485,-1.085720778
1485.099976,-1.084355831
1485.200073,-1.081304073
1485.300049,-1.083545208
1485.400024,-1.081208706
1485.5,-1.085166454
1485.599976,-1.080350399
1485.700073,-1.087789059
1485.800049,-1.085261822
1485.900024,-1.092128277
1486,-1.090030193
1486.099976,-1.090077877
1486.200073,-1.092032909
1486.300049,-1.094417095
1486.400024,-1.093606472
1486.5,-1.090363979
1486.599976,-1.094417095
1486.700073,-1.082973003
1486.800049,-1.093034267
1486.900024,-1.079635143
1487,-1.089696407
1487.099976,-1.08049345
1487.200073,-1.089171886
1487.300049,-1.086692333
1487.400024,-1.086740017
1487.5,-1.090936184
1487.599976,-1.086918831
1487.700073,-1.084355831
1487.800049,-1.085643291
1487.900024,-1.087431431
1488,-1.089696407
1488.099976,-1.090030193
1488.200073,-1.086728096
1488.300049,-1.081542492
1488.400024,-1.085643291
1488.5,-1.092509747
1488.599976,-1.08716917
1488.700073,-1.086167812
1488.800049,-1.086358547
1488.900024,-1.086930752
1489,-1.088170528
1489.099976,-1.095227718
1489.200073,-1.088695049
1489.300049,-1.084355831
1489.400024,-1.092700481
1489.5,-1.092080593
1489.599976,-1.090161324
1489.700073,-1.087073803
1489.800049,-1.088790417
1489.900024,-1.090220928
1490,-1.087073803
1490.099976,-1.091126919
1490.200073,-1.085738659
1490.300049,-1.089362621
1490.400024,-1.087598324
1490.5,-1.090173244
1490.599976,-1.08960104
1490.700073,-1.083306789
1490.800049,-1.087979794
1490.900024,-1.084498882
1491,-1.092032909
1491.099976,-1.09126997
1491.200073,-1.086585045
1491.300049,-1.079873562
1491.400024,-1.083163738
1491.5,-1.087991714
1491.599976,-1.096038342
1491.700073,-1.092891216
1491.800049,-1.088981152
1491.900024,-1.090936184
1492,-1.091413021
1492.099976,-1.091317654
1492.200073,-1.091937542
1492.300049,-1.090983868
1492.400024,-1.091305733
1492.5,-1.09050405
1492.599976,-1.089887142
1492.700073,-1.089839458
1492.800049,-1.090030193
1492.900024,-1.090745449
1493,-1.089648724
1493.099976,-1.094750881
1493.200073,-1.083211422
1493.300049,-1.09832716
1493.400024,-1.081113338
1493.5,-1.084546566
1493.599976,-1.095227718
1493.700073,-1.084355831
1493.800049,-1.093987942
1493.900024,-1.094703197
1494,-1.084784985
1494.099976,-1.098517895
1494.200073,-1.092032909
1494.300049,-1.085357189
1494.400024,-1.089124203
1494.5,-1.098136425
1494.599976,-1.096181393
1494.700073,-1.089791775
1494.800049,-1.090936184
1494.900024,-1.093701839
1495,-1.096229076
1495.099976,-1.094786644
1495.200073,-1.094035625
1495.300049,-1.095180035
1495.400024,-1.08998251
1495.5,-1.097659588
1495.599976,-1.093558788
1495.700073,-1.095609188
1495.800049,-1.095084667
1495.900024,-1.093987942
1496,-1.088122845
1496.099976,-1.088027477
1496.200073,-1.093701839
1496.300049,-1.091365337
1496.400024,-1.08716917
1496.5,-1.088742733
1496.599976,-1.090125561
1496.700073,-1.095275402
1496.800049,-1.088933468
1496.900024,-1.097278118
1497,-1.093797207
1497.099976,-1.089314938
1497.200073,-1.087264538
1497.300049,-1.085404873
1497.400024,-1.087741375
1497.5,-1.089171886
1497.599976,-1.089124203
1497.700073,-1.092366695
1497.800049,-1.088218212
1497.900024,-1.097325802
1498,-1.092891216
1498.099976,-1.091460705
1498.200073,-1.093844891
1498.300049,-1.088027477
1498.400024,-1.092700481
1498.5,-1.091508389
1498.599976,-1.092319012
1498.700073,-1.093368053
1498.800049,-1.096515179
1498.900024,-1.083163738
1499,-1.097087383
1499.099976,-1.083735943
1499.200073,-1.091365337
1499.300049,-1.095799923
1499.400024,-1.08755064
1499.5,-1.096610546
1499.599976,-1.089934826
1499.700073,-1.090363979
1499.800049,-1.092605114
1499.900024,-1.08831358
1500,-1.092414379
1500.099976,-1.088027477
1500.200073,-1.08716917
1500.300049,-1.089052677
1500.400024,-1.088593721
1500.5,-1.088981152
1500.599976,-1.089171886
1500.700073,-1.089791775
1500.800049,-1.089648724
1500.900024,-1.093558788
1501,-1.084689617
1501.099976,-1.090173244
1501.200073,-1.087073803
1501.300049,-1.089887142
1501.400024,-1.090650082
1501.5,-1.08831358
1501.599976,-1.089207649
1501.700073,-1.088599682
1501.800049,-1.089267254
1501.900024,-1.087133408
1502,-1.084928036
1502.099976,-1.085738659
1502.200073,-1.083116055
1502.300049,-1.086453915
1502.400024,-1.095275402
1502.5,-1.090363979
1502.599976,-1.086549282
1502.700073,-1.093844891
1502.800049,-1.089362621
1502.900024,-1.091126919
1503,-1.089410305
1503.099976,-1.08831358
1503.200073,-1.0888381
1503.300049,-1.090435505
1503.400024,-1.090429544
1503.5,-1.09126997
1503.599976,-1.091174603
1503.700073,-1.090387821
1503.800049,-1.088075161
1503.900024,-1.091031551
1504,-1.08664465
1504.099976,-1.09126997
1504.200073,-1.091556072
1504.300049,-1.09665823
1504.400024,-1.08292532
1504.5,-1.091603756
1504.599976,-1.086978436
1504.700073,-1.087920189
1504.800049,-1.087359905
1504.900024,-1.085738659
1505,-1.094178677
1505.099976,-1.083974361
1505.200073,-1.091460705
1505.300049,-1.087836742
1505.400024,-1.088873863
1505.5,-1.088695049
1505.599976,-1.091565013
1505.700073,-1.094750881
1505.800049,-1.093940258
1505.900024,-1.084832668
1506,-1.086787701
1506.099976,-1.090697765
1506.200073,-1.088170528
1506.300049,-1.097087383
1506.400024,-1.082257748
1506.5,-1.095942974
1506.599976,-1.090363979
1506.700073,-1.093749523
1506.800049,-1.093129635
1506.900024,-1.090542793
1507,-1.086596966
1507.099976,-1.088695049
1507.200073,-1.087407589
1507.300049,-1.089028835
1507.400024,-1.085309505
1507.5,-1.083735943
1507.599976,-1.088218212
1507.700073,-1.086501598
1507.800049,-1.09627676
1507.900024,-1.081542492
1508,-1.090268612
1508.099976,-1.093940258
1508.200073,-1.092986584
1508.300049,-1.088218212
1508.400024,-1.091699123
1508.5,-1.097802639
1508.599976,-1.091413021
1508.700073,-1.096324444
1508.800049,-1.088885784
1508.900024,-1.096562862
1509,-1.100091457
1509.099976,-1.089505672
1509.200073,-1.08921957
1509.300049,-1.09589529
1509.400024,-1.095656872
1509.5,-1.092140198
1509.599976,-1.086835384
1509.700073,-1.090173244
1509.800049,-1.088647366
1509.900024,-1.087407589
1510,-1.087026119
1510.099976,-1.086406231
1510.200073,-1.085643291
1510.300049,-1.087216854
1510.400024,-1.083640575
1510.5,-1.089553356
1510.599976,-1.088075161
1510.700073,-1.086382389
1510.800049,-1.085023403
1510.900024,-1.088748693
1511,-1.091365337
1511.099976,-1.092223644
1511.200073,-1.08857584
1511.300049,-1.086215496
1511.400024,-1.084498882
1511.5,-1.087908268
1511.599976,-1.089171886
1511.700073,-1.091746807
1511.800049,-1.090077877
1511.900024,-1.094798565
1512,-1.088504314
1512.099976,-1.098613262
1512.200073,-1.094083309
1512.300049,-1.085834026
1512.400024,-1.081494808
1512.5,-1.087264538
1512.599976,-1.093463421
1512.700073,-1.092986584
1512.800049,-1.087502956
1512.900024,-1.090602398
1513,-1.085214138
1513.099976,-1.086406231
1513.200073,-1.088408947
1513.300049,-1.09216404
1513.400024,-1.096419811
1513.5,-1.097421169
1513.599976,-1.094321728
1513.700073,-1.093177319
1513.800049,-1.093773365
1513.900024,-1.093654156
1514,-1.093940258
1514.099976,-1.097325802
1514.200073,-1.096133709
1514.300049,-1.093654156
1514.400024,-1.090030193
1514.5,-1.086453915
1514.599976,-1.087097645
1514.700073,-1.086120129
1514.800049,-1.085786343
1514.900024,-1.086596966
1515,-1.094846249
1515.099976,-1.092891216
1515.200073,-1.10705328
1515.300049,-1.085404873
1515.400024,-1.093749523
1515.5,-1.090173244
1515.599976,-1.089362621
1515.700073,-1.0888381
1515.800049,-1.096705914
1515.900024,-1.08588171
1516,-1.091174603
1516.099976,-1.087359905
1516.200073,-1.095799923
1516.300049,-1.094035625
1516.400024,-1.091353416
1516.5,-1.09050703
1516.599976,-1.085071087
1516.700073,-1.083640575
1516.800049,-1.086549282
1516.900024,-1.089314938
1517,-1.088170528
1517.099976,-1.086692333
1517.200073,-1.088504314
1517.300049,-1.088408947
1517.400024,-1.090745449
1517.5,-1.094464779
1517.599976,-1.088933468
1517.700073,-1.095466137
1517.800049,-1.094846249
1517.900024,-1.091746807
1518,-1.083306789
1518.099976,-1.095513821
1518.200073,-1.083926678
1518.300049,-1.07882452
1518.400024,-1.085690975
1518.5,-1.089791775
1518.599976,-1.092080593
1518.700073,-1.092652798
1518.800049,-1.093749523
1518.900024,-1.096515179
1519,-1.095323086
1519.099976,-1.091699123
1519.200073,-1.086596966
1519.300049,-1.084832668
1519.400024,-1.093701839
1519.5,-1.081637859
1519.599976,-1.087693691
1519.700073,-1.0908885
1519.800049,-1.086072445
1519.900024,-1.089362621
1520,-1.081304073
1520.099976,-1.08793211
1520.200073,-1.090411663
1520.300049,-1.094512463
1520.400024,-1.08998251
1520.5,-1.093797207
1520.599976,-1.094369411
1520.700073,-1.093797207
1520.800049,-1.091079235
1520.900024,-1.089744091
1521,-1.086406231
1521.099976,-1.086358547
1521.200073,-1.08741951
1521.300049,-1.085309505
1521.400024,-1.091603756
1521.5,-1.08588171
1521.599976,-1.09050703
1521.700073,-1.087741375
1521.800049,-1.089171886
1521.900024,-1.086596966
1522,-1.0888381
1522.099976,-1.097611904
1522.200073,-1.090173244
1522.300049,-1.085166454
1522.400024,-1.0970397
1522.5,-1.087741375
1522.599976,-1.095323086
1522.700073,-1.093797207
1522.800049,-1.089314938
1522.900024,-1.090554714
1523,-1.092223644
1523.099976,-1.088492393
1523.200073,-1.084737301
1523.300049,-1.086453915
1523.400024,-1.096229076
1523.5,-1.090030193
1523.599976,-1.096419811
1523.700073,-1.097182751
1523.800049,-1.091460705
1523.900024,-1.088695049
1524,-1.084403515
1524.099976,-1.090554714
1524.200073,-1.093892574
1524.300049,-1.089362621
1524.400024,-1.089553356
1524.5,-1.086978436
1524.599976,-1.082210064
1524.700073,-1.09627676
1524.800049,-1.090650082
1524.900024,-1.083545208
1525,-1.078919888
1525.099976,-1.091365337
1525.200073,-1.092605114
1525.300049,-1.088599682
1525.400024,-1.088551998
1525.5,-1.095180035
1525.599976,-1.086358547
1525.700073,-1.091603756
1525.800049,-1.089410305
1525.900024,-1.08125639
1526,-1.090697765
1526.099976,-1.085404873
1526.200073,-1.092366695
1526.300049,-1.085786343
1526.400024,-1.089553356
1526.5,-1.091508389
1526.599976,-1.086549282
1526.700073,-1.099519253
1526.800049,-1.082353115
1526.900024,-1.088361263
1527,-1.095609188
1527.099976,-1.087216854
1527.200073,-1.095752239
1527.300049,-1.093511105
1527.400024,-1.08550024
1527.5,-1.076821804
1527.599976,-1.083211422
1527.700073,-1.082019329
1527.800049,-1.092462063
1527.900024,-1.096944332
1528,-1.085023403
1528.099976,-1.090697765
1528.200073,-1.084928036
1528.300049,-1.090363979
1528.400024,-1.086740017
1528.5,-1.093654156
1528.599976,-1.099423885
1528.700073,-1.084022045
1528.800049,-1.08216238
1528.900024,-1.091222286
1529,-1.087598324
1529.099976,-1.095752239
1529.200073,-1.083020687
1529.300049,-1.09422636
1529.400024,-1.080064297
1529.5,-1.085834026
1529.599976,-1.084975719
1529.700073,-1.083259106
1529.800049,-1.084784985
1529.900024,-1.085357189
1530,-1.085547924
1530.099976,-1.084975719
1530.200073,-1.088170528
1530.300049,-1.083926678
1530.400024,-1.089124203
1530.5,-1.085071087
1530.599976,-1.086740017
1530.700073,-1.084677696
1530.800049,-1.084260464
1530.900024,-1.082639217
1531,-1.083163738
1531.099976,-1.085309505
1531.200073,-1.081113338
1531.300049,-1.085118771
1531.400024,-1.08664465
1531.5,-1.089887142
1531.599976,-1.089791775
1531.700073,-1.085071087
1531.800049,-1.084689617
1531.900024,-1.079492092
1532,-1.082245827
1532.099976,-1.081923962
1532.200073,-1.082877636
1532.300049,-1.083545208
1532.400024,-1.084641933
1532.5,-1.084737301
1532.599976,-1.084451199
1532.700073,-1.088647366
1532.800049,-1.090363979
1532.900024,-1.089553356
1533,-1.085977077
1533.099976,-1.086835384
1533.200073,-1.086823463
1533.300049,-1.091317654
1533.400024,-1.083163738
1533.5,-1.091079235
1533.599976,-1.090745449
1533.700073,-1.084022045
1533.800049,-1.083306789
1533.900024,-1.083998203
1534,-1.084546566
1534.099976,-1.084117413
1534.200073,-1.084308147
1534.300049,-1.08383131
1534.400024,-1.084737301
1534.5,-1.08793211
1534.599976,-1.089493752
1534.700073,-1.092605114
1534.800049,-1.092700481
1534.900024,-1.089183807
1535,-1.085166454
1535.099976,-1.08626318
1535.200073,-1.088647366
1535.300049,-1.090554714
1535.400024,-1.080207348
1535.5,-1.085404873
1535.599976,-1.090793133
1535.700073,-1.083497524
1535.800049,-1.085834026
1535.900024,-1.082782269
1536,-1.076297283
1536.099976,-1.085547924
1536.200073,-1.097230434
1536.300049,-1.089076519
1536.400024,-1.080731869
1536.5,-1.090459347
1536.599976,-1.095180035
1536.700073,-1.085452557
1536.800049,-1.093463421
1536.900024,-1.092414379
1537,-1.088635445
1537.099976,-1.085261822
1537.200073,-1.083402157
1537.300049,-1.086596966
1537.400024,-1.084451199
1537.5,-1.082591534
1537.599976,-1.081637859
1537.700073,-1.085547924
1537.800049,-1.087264538
1537.900024,-1.082114697
1538,-1.089124203
1538.099976,-1.078061581
1538.200073,-1.083878994
1538.300049,-1.086835384
1538.400024,-1.089028835
1538.5,-1.090030193
1538.599976,-1.092319012
1538.700073,-1.091508389
1538.800049,-1.084928036
1538.900024,-1.091222286
1539,-1.083688259
1539.099976,-1.080445766
1539.200073,-1.087216854
1539.300049,-1.089076519
1539.400024,-1.087836742
1539.5,-1.086215496
1539.599976,-1.08665657
1539.700073,-1.086167812
1539.800049,-1.086406231
1539.900024,-1.089696407
1540,-1.078156948
1540.099976,-1.091317654
1540.200073,-1.08664465
1540.300049,-1.079635143
1540.400024,-1.082829952
1540.5,-1.087789059
1540.599976,-1.085357189
1540.700073,-1.083306789
1540.800049,-1.081494808
1540.900024,-1.081065655
1541,-1.089124203
1541.099976,-1.083163738
1541.200073,-1.089934826
1541.300049,-1.085452557
1541.400024,-1.079921246
1541.5,-1.080827236
1541.599976,-1.082496166
1541.700073,-1.088742733
1541.800049,-1.086835384
1541.900024,-1.083688259
1542,-1.086883068
1542.099976,-1.080970287
1542.200073,-1.089744091
1542.300049,-1.088456631
1542.400024,-1.085690975
1542.5,-1.089887142
1542.599976,-1.084689617
1542.700073,-1.083926678
1542.800049,-1.08383131
1542.900024,-1.084868431
1543,-1.085166454
1543.099976,-1.086549282
1543.200073,-1.088981152
1543.300049,-1.082591534
1543.400024,-1.086358547
1543.5,-1.082782269
1543.599976,-1.087836742
1543.700073,-1.087216854
1543.800049,-1.09537077
1543.900024,-1.077012539
1544,-1.092319012
1544.099976,-1.085738659
1544.200073,-1.080684185
1544.300049,-1.088027477
1544.400024,-1.090030193
1544.5,-1.079921246
1544.599976,-1.080684185
1544.700073,-1.083998203
1544.800049,-1.08716917
1544.900024,-1.088218212
1545,-1.082019329
1545.099976,-1.089887142
1545.200073,-1.078681469
1545.300049,-1.088981152
1545.400024,-1.083592892
1545.5,-1.083449841
1545.599976,-1.087073803
1545.700073,-1.089696407
1545.800049,-1.086835384
1545.900024,-1.074580669
1546,-1.08049345
1546.099976,-1.08664465
1546.200073,-1.088218212
1546.300049,-1.08664465
1546.400024,-1.084451199
1546.5,-1.087502956
1546.599976,-1.081733227
1546.700073,-1.0888381
1546.800049,-1.087598324
1546.900024,-1.085404873
1547,-1.085631371
1547.099976,-1.084355831
1547.200073,-1.085166454
1547.300049,-1.079778194
1547.400024,-1.081637859
1547.5,-1.081542492
1547.599976,-1.080064297
1547.700073,-1.083211422
1547.800049,-1.084641933
1547.900024,-1.086596966
1548,-1.079921246
1548.099976,-1.086310863
1548.200073,-1.077632427
1548.300049,-1.07791853
1548.400024,-1.081375599
1548.5,-1.084117413
1548.599976,-1.085834026
1548.700073,-1.085309505
1548.800049,-1.08049345
1548.900024,-1.082591534
1549,-1.085547924
1549.099976,-1.087646008
1549.200073,-1.088218212
1549.300049,-1.086310863
1549.400024,-1.087491035
1549.5,-1.089383483
1549.599976,-1.091031551
1549.700073,-1.092700481
1549.800049,-1.081447124
1549.900024,-1.088170528
1550,-1.078633785
1550.099976,-1.089839458
1550.200073,-1.088456631
1550.300049,-1.080731869
1550.400024,-1.091317654
1550.5,-1.079253674
1550.599976,-1.087455273
1550.700073,-1.078061581
1550.800049,-1.08831358
1550.900024,-1.086120129
1551,-1.079730511
1551.099976,-1.084451199
1551.200073,-1.092414379
1551.300049,-1.079539776
1551.400024,-1.090745449
1551.5,-1.089696407
1551.599976,-1.090268612
1551.700073,-1.085309505
1551.800049,-1.075725079
1551.900024,-1.092509747
1552,-1.082877636
1552.099976,-1.08178091
1552.200073,-1.077966213
1552.300049,-1.08087492
1552.400024,-1.082734585
1552.5,-1.089124203
1552.599976,-1.08831358
1552.700073,-1.085452557
1552.800049,-1.083545208
1552.900024,-1.088182449
1553,-1.09050703
1553.099976,-1.093225002
1553.200073,-1.087407589
1553.300049,-1.085166454
1553.400024,-1.07677412
1553.5,-1.079730511
1553.599976,-1.07946825
1553.700073,-1.081542492
1553.800049,-1.079825878
1553.900024,-1.08331871
1554,-1.086358547
1554.099976,-1.085547924
1554.200073,-1.081828594
1554.300049,-1.079110622
1554.400024,-1.086835384
1554.5,-1.089362621
1554.599976,-1.085547924
1554.700073,-1.08626318
1554.800049,-1.085547924
1554.900024,-1.081828594
1555,-1.08498764
1555.099976,-1.087312222
1555.200073,-1.085261822
1555.300049,-1.082758427
1555.400024,-1.076249599
1555.5,-1.082210064
1555.599976,-1.074819088
1555.700073,-1.084498882
1555.800049,-1.08087492
1555.900024,-1.086835384
1556,-1.081590176
1556.099976,-1.073007107
1556.200073,-1.079253674
1556.300049,-1.081923962
1556.400024,-1.087026119
1556.5,-1.08254385
1556.599976,-1.080827236
1556.700073,-1.080922604
1556.800049,-1.084069729
1556.900024,-1.081351757
1557,-1.083354473
1557.099976,-1.077298641
1557.200073,-1.080541134
1557.300049,-1.081685543
1557.400024,-1.083306789
1557.5,-1.08459425
1557.599976,-1.083640575
1557.700073,-1.082305431
1557.800049,-1.084355831
1557.900024,-1.084200859
1558,-1.084403515
1558.099976,-1.085738659
1558.200073,-1.08703804
1558.300049,-1.089362621
1558.400024,-1.088647366
1558.5,-1.087526798
1558.599976,-1.087216854
1558.700073,-1.084880352
1558.800049,-1.081590176
1558.900024,-1.080398083
1559,-1.087836742
1559.099976,-1.081065655
1559.200073,-1.085690975
1559.300049,-1.084784985
1559.400024,-1.081685543
1559.5,-1.086883068
1559.599976,-1.080779552
1559.700073,-1.090268612
1559.800049,-1.084498882
1559.900024,-1.080064297
1560,-1.082257748
1560.099976,-1.07715559
1560.200073,-1.085929394
1560.300049,-1.079921246
1560.400024,-1.07882452
1560.5,-1.081161022
1560.599976,-1.084975719
1560.700073,-1.072625637
1560.800049,-1.085404873
1560.900024,-1.078061581
1561,-1.084880352
1561.099976,-1.087264538
1561.200073,-1.084165096
1561.300049,-1.081923962
1561.400024,-1.077775478
1561.5,-1.084928036
1561.599976,-1.090030193
1561.700073,-1.076821804
1561.800049,-1.085404873
1561.900024,-1.083640575
1562,-1.082210064
1562.099976,-1.085261822
1562.200073,-1.080398083
1562.300049,-1.084975719
1562.400024,-1.083306789
1562.5,-1.088981152
1562.599976,-1.084451199
1562.700073,-1.07548666
1562.800049,-1.087741375
1562.900024,-1.083116055
1563,-1.086310863
1563.099976,-1.083116055
1563.200073,-1.076869488
1563.300049,-1.075677395
1563.400024,-1.079730511
1563.5,-1.083211422
1563.599976,-1.078872204
1563.700073,-1.084069729
1563.800049,-1.085071087
1563.900024,-1.079873562
1564,-1.084069729
1564.099976,-1.079253674
1564.200073,-1.078013897
1564.300049,-1.084928036
1564.400024,-1.082496166
1564.5,-1.077441692
1564.599976,-1.084308147
1564.700073,-1.079110622
1564.800049,-1.07791853
1564.900024,-1.077775478
1565,-1.077680111
1565.099976,-1.076392651
1565.200073,-1.078013897
1565.300049,-1.076678753
1565.400024,-1.08087492
1565.5,-1.084737301
1565.599976,-1.078919888
1565.700073,-1.08459425
1565.800049,-1.080922604
1565.900024,-1.083354473
1566,-1.081041813
1566.099976,-1.08011198
1566.200073,-1.079778194
1566.300049,-1.081208706
1566.400024,-1.078776836
1566.5,-1.083926678
1566.599976,-1.085118771
1566.700073,-1.087646008
1566.800049,-1.081542492
1566.900024,-1.075725079
1567,-1.078633785
1567.099976,-1.078538418
1567.200073,-1.080159664
1567.300049,-1.082388878
1567.400024,-1.085547924
1567.5,-1.085309505
1567.599976,-1.082770348
1567.700073,-1.080541134
1567.800049,-1.079682827
1567.900024,-1.079492092
1568,-1.077346325
1568.099976,-1.073770046
1568.200073,-1.079015255
1568.300049,-1.073674679
1568.400024,-1.081399441
1568.5,-1.080016613
1568.599976,-1.07715559
1568.700073,-1.080779552
1568.800049,-1.077727795
1568.900024,-1.073102474
1569,-1.081017971
1569.099976,-1.079539776
1569.200073,-1.085595608
1569.300049,-1.070146084
1569.400024,-1.079158306
1569.5,-1.081590176
1569.599976,-1.076535702
1569.700073,-1.080445766
1569.800049,-1.084117413
1569.900024,-1.070622921
1570,-1.083354473
1570.099976,-1.072196484
1570.200073,-1.077775478
1570.300049,-1.074866772
1570.400024,-1.078967571
1570.5,-1.079110622
1570.599976,-1.080970287
1570.700073,-1.077596664
1570.800049,-1.074962139
1570.900024,-1.075343609
1571,-1.076583385
1571.099976,-1.075725079
1571.200073,-1.076058865
1571.300049,-1.077823162
1571.400024,-1.083735943
1571.5,-1.080064297
1571.599976,-1.070765972
1571.700073,-1.085977077
1571.800049,-1.076297283
1571.900024,-1.079873562
1572,-1.078681469
1572.099976,-1.081292152
1572.200073,-1.083116055
1572.300049,-1.083497524
1572.400024,-1.080779552
1572.5,-1.077584743
1572.599976,-1.080207348
1572.700073,-1.081065655
1572.800049,-1.081065655
1572.900024,-1.082782269
1573,-1.085166454
1573.099976,-1.085071087
1573.200073,-1.080827236
1573.300049,-1.078061581
1573.400024,-1.075009823
1573.5,-1.077727795
1573.599976,-1.074437618
1573.700073,-1.079730511
1573.800049,-1.087407589
1573.900024,-1.073531628
1574,-1.077346325
1574.099976,-1.072291851
1574.200073,-1.080159664
1574.300049,-1.08292532
1574.400024,-1.074437618
1574.5,-1.072291851
1574.599976,-1.07920599
1574.700073,-1.076535702
1574.800049,-1.074103832
1574.900024,-1.078729153
1575,-1.080827236
1575.099976,-1.078872204
1575.200073,-1.080517292
1575.300049,-1.079474211
1575.400024,-1.079301357
1575.5,-1.07920599
1575.599976,-1.078013897
1575.700073,-1.077346325
1575.800049,-1.072339535
1575.900024,-1.082686901
1576,-1.076535702
1576.099976,-1.074580669
1576.200073,-1.07586813
1576.300049,-1.073197842
1576.400024,-1.083497524
1576.5,-1.073722363
1576.599976,-1.078967571
1576.700073,-1.076154232
1576.800049,-1.080398083
1576.900024,-1.07753706
1577,-1.070909023
1577.099976,-1.079349041
1577.200073,-1.076297283
1577.300049,-1.074723721
1577.400024,-1.080779552
1577.5,-1.072291851
1577.599976,-1.076917171
1577.700073,-1.080731869
1577.800049,-1.08383131
1577.900024,-1.071338177
1578,-1.077346325
1578.099976,-1.071290493
1578.200073,-1.078538418
1578.300049,-1.083306789
1578.400024,-1.076440334
1578.5,-1.074056149
1578.599976,-1.08459425
1578.700073,-1.078013897
1578.800049,-1.073150158
1578.900024,-1.07138586
1579,-1.073483944
1579.099976,-1.073531628
1579.200073,-1.079873562
1579.300049,-1.078633785
1579.400024,-1.080779552
1579.5,-1.079170227
1579.599976,-1.077823162
1579.700073,-1.079444408
1579.800049,-1.076201916
1579.900024,-1.075200558
1580,-1.072339535
1580.099976,-1.076440334
1580.200073,-1.076857567
1580.300049,-1.080398083
1580.400024,-1.078252316
1580.5,-1.082734585
1580.599976,-1.069240093
1580.700073,-1.074342251
1580.800049,-1.072434902
1580.900024,-1.069764614
1581,-1.079968929
1581.099976,-1.077346325
1581.200073,-1.073770046
1581.300049,-1.075438976
1581.400024,-1.083402157
1581.5,-1.074008465
1581.599976,-1.08125639
1581.700073,-1.079968929
1581.800049,-1.069526196
1581.900024,-1.069907665
1582,-1.073150158
1582.099976,-1.072768688
1582.200073,-1.070587158
1582.300049,-1.069478512
1582.400024,-1.066951275
1582.5,-1.07022953
1582.599976,-1.073722363
1582.700073,-1.070765972
1582.800049,-1.073340893
1582.900024,-1.075677395
1583,-1.074103832
1583.099976,-1.071862698
1583.200073,-1.083163738
1583.300049,-1.079682827
1583.400024,-1.069240093
1583.5,-1.080445766
1583.599976,-1.075438976
1583.700073,-1.069335461
1583.800049,-1.074628353
1583.900024,-1.072911739
1584,-1.071815014
1584.099976,-1.066522121
1584.200073,-1.072697163
1584.300049,-1.074819088
1584.400024,-1.077632427
1584.5,-1.075677395
1584.599976,-1.070956707
1584.700073,-1.071052074
1584.800049,-1.083259106
1584.900024,-1.066998959
1585,-1.07677412
1585.099976,-1.069669247
1585.200073,-1.072864056
1585.300049,-1.074914455
1585.400024,-1.075629711
1585.5,-1.068286419
1585.599976,-1.07882452
1585.700073,-1.072434902
1585.800049,-1.071624279
1585.900024,-1.075772762
1586,-1.080636501
1586.099976,-1.076106548
1586.200073,-1.074246883
1586.300049,-1.077346325
1586.400024,-1.076249599
1586.5,-1.078252316
1586.599976,-1.07920599
1586.700073,-1.077167511
1586.800049,-1.077107906
1586.900024,-1.074103832
1587,-1.068381786
1587.099976,-1.079778194
1587.200073,-1.068143368
1587.300049,-1.073197842
1587.400024,-1.072959423
1587.5,-1.072339535
1587.599976,-1.063136578
1587.700073,-1.075009823
1587.800049,-1.069287777
1587.900024,-1.071052074
1588,-1.071290493
1588.099976,-1.072470665
1588.200073,-1.075534344
1588.300049,-1.072005749
1588.400024,-1.078109264
1588.5,-1.066331387
1588.599976,-1.078156948
1588.700073,-1.081304073
1588.800049,-1.073150158
1588.900024,-1.071004391
1589,-1.076821804
1589.099976,-1.069907665
1589.200073,-1.065520763
1589.300049,-1.074962139
1589.400024,-1.07138586
1589.5,-1.065806866
1589.599976,-1.071719646
1589.700073,-1.073913097
1589.800049,-1.072911739
1589.900024,-1.068906307
1590,-1.077584743
1590.099976,-1.068334103
1590.200073,-1.077394009
1590.300049,-1.071338177
1590.400024,-1.08049345
1590.5,-1.076440334
1590.599976,-1.069621563
1590.700073,-1.071719646
1590.800049,-1.075820446
1590.900024,-1.067904949
1591,-1.077775478
1591.099976,-1.06842947
1591.200073,-1.076440334
1591.300049,-1.068763256
1591.400024,-1.075772762
1591.5,-1.07791853
1591.599976,-1.07343626
1591.700073,-1.066998959
1591.800049,-1.076058865
1591.900024,-1.071481228
1592,-1.072577953
1592.099976,-1.072959423
1592.200073,-1.072816372
1592.300049,-1.074962139
1592.400024,-1.081161022
1592.5,-1.065854549
1592.599976,-1.077584743
1592.700073,-1.068667889
1592.800049,-1.071052074
1592.900024,-1.078633785
1593,-1.069240093
1593.099976,-1.075629711
1593.200073,-1.071290493
1593.300049,-1.070813656
1593.400024,-1.06842947
1593.5,-1.074437618
1593.599976,-1.068048
1593.700073,-1.074437618
1593.800049,-1.066569805
1593.900024,-1.072482586
1594,-1.069955349
1594.099976,-1.068477154
1594.200073,-1.064614773
1594.300049,-1.073770046
1594.400024,-1.067809582
1594.5,-1.070193768
1594.599976,-1.069907665
1594.700073,-1.062325478
1594.800049,-1.070670605
1594.900024,-1.066188335
1595,-1.070336819
1595.099976,-1.065997601
1595.200073,-1.069764614
1595.300049,-1.074056149
1595.400024,-1.071397781
1595.5,-1.071338177
1595.599976,-1.070432186
1595.700073,-1.069061279
1595.800049,-1.068524837
1595.900024,-1.065949917
1596,-1.077060223
1596.099976,-1.062420845
1596.200073,-1.0721488
1596.300049,-1.081542492
1596.400024,-1.068000317
1596.5,-1.071862698
1596.599976,-1.070765972
1596.700073,-1.07227993
1596.800049,-1.073722363
1596.900024,-1.072768688
1597,-1.062277794
1597.099976,-1.071052074
1597.200073,-1.078299999
1597.300049,-1.064376354
1597.400024,-1.071099758
1597.5,-1.065282345
1597.599976,-1.065234661
1597.700073,-1.066188335
1597.800049,-1.072196484
1597.900024,-1.074056149
1598,-1.071099758
1598.099976,-1.074103832
1598.200073,-1.06919241
1598.300049,-1.069859982
1598.400024,-1.065282345
1598.5,-1.069442749
1598.599976,-1.070384502
1598.700073,-1.072244167
1598.800049,-1.060847282
1598.900024,-1.078872204
1599,-1.067189693
1599.099976,-1.070146084
1599.200073,-1.075248241
1599.300049,-1.068763256
1599.400024,-1.070050716
1599.5,-1.075152874
1599.599976,-1.073007107
1599.700073,-1.069812298
1599.800049,-1.06714201
1599.900024,-1.07086134
1600,-1.067237377
1600.099976,-1.072577953
1600.200073,-1.070622921
1600.300049,-1.067571163
1600.400024,-1.069526196
1600.5,-1.067046642
1600.599976,-1.073960781
1600.700073,-1.067428112
1600.800049,-1.070813656
1600.900024,-1.067904949
1601,-1.07381773
1601.099976,-1.06265974
1601.200073,-1.070289135
1601.300049,-1.074056149
1601.400024,-1.072101116
1601.5,-1.075963497
1601.599976,-1.112584591
1601.700073,-1.114253521
1601.800049,-1.11206007
1601.900024,-1.116065502
1602,-1.111154079
1602.099976,-1.118640423
1602.200073,-1.116017818
1602.300049,-1.118163586
1602.400024,-1.118354321
1602.5,-1.119880199
1602.599976,-1.119355679
1602.700073,-1.120738506
1602.800049,-1.116780758
1602.900024,-1.116959572
1603,-1.114730358
1603.099976,-1.115588665
1603.200073,-1.120881557
1603.300049,-1.117400646
1603.400024,-1.123075008
1603.5,-1.121072292
1603.599976,-1.116876125
1603.700073,-1.11668539
1603.800049,-1.117925167
1603.900024,-1.122788906
1604,-1.124219418
1604.099976,-1.121644497
1604.200073,-1.125173092
1604.300049,-1.117114544
1604.400024,-1.121787548
1604.5,-1.118020535
1604.599976,-1.122407436
1604.700073,-1.11949873
1604.800049,-1.112393856
1604.900024,-1.116661549
1605,-1.11668539
1605.099976,-1.118068218
1605.200073,-1.115350246
1605.300049,-1.124362469
1605.400024,-1.115302563
1605.5,-1.119355679
1605.599976,-1.112775326
1605.700073,-1.118068218
1605.800049,-1.127748013
1605.900024,-1.127986431
1606,-1.126365185
1606.099976,-1.125983715
1606.200073,-1.12374258
1606.300049,-1.111297131
1606.400024,-1.110295773
1606.5,-1.119451046
1606.599976,-1.116542339
1606.700073,-1.12579298
1606.800049,-1.122169018
1606.900024,-1.124171734
1607,-1.124314785
1607.099976,-1.124195576
1607.200073,-1.124457836
1607.300049,-1.123837948
1607.400024,-1.121072292
1607.5,-1.124493599
1607.599976,-1.127080441
1607.700073,-1.125983715
1607.800049,-1.121310711
1607.900024,-1.117734432
1608,-1.119307995
1608.099976,-1.115302563
1608.200073,-1.12412405
1608.300049,-1.122025967
1608.400024,-1.119641781
1608.5,-1.123265743
1608.599976,-1.124696255
1608.700073,-1.115493298
1608.800049,-1.129798412
1608.900024,-1.117734432
1609,-1.128654003
1609.099976,-1.119880199
1609.200073,-1.129416943
1609.300049,-1.118068218
1609.400024,-1.126269817
1609.5,-1.117209911
1609.599976,-1.119164944
1609.700073,-1.124028683
1609.800049,-1.126746655
1609.900024,-1.120595455
1610,-1.118974209
1610.099976,-1.120452404
1610.200073,-1.117639065
1610.300049,-1.113252163
1610.400024,-1.123027325
1610.5,-1.115827084
1610.599976,-1.121644497
1610.700073,-1.119069576
1610.800049,-1.120213985
1610.900024,-1.119462967
1611,-1.121215343
1611.099976,-1.117352962
1611.200073,-1.118127823
1611.300049,-1.116733074
1611.400024,-1.117209911
1611.5,-1.116446972
1611.599976,-1.125554562
1611.700073,-1.118545055
1611.800049,-1.113013744
1611.900024,-1.119093418
1612,-1.122359753
1612.099976,-1.12245512
1612.200073,-1.126698971
1612.300049,-1.12374258
1612.400024,-1.117639065
1612.5,-1.115254879
1612.599976,-1.117281437
1612.700073,-1.118926525
1612.800049,-1.117305279
1612.900024,-1.121072292
1613,-1.113204479
1613.099976,-1.124028683
1613.200073,-1.118831158
1613.300049,-1.118640423
1613.400024,-1.119391441
1613.5,-1.119307995
1613.599976,-1.12078619
1613.700073,-1.120643139
1613.800049,-1.121787548
1613.900024,-1.11873579
1614,-1.132564068
1614.099976,-1.113299847
1614.200073,-1.124219418
1614.300049,-1.125745296
1614.400024,-1.119927883
1614.5,-1.113824368
1614.599976,-1.117877483
1614.700073,-1.118020535
1614.800049,-1.119856358
1614.900024,-1.118634462
1615,-1.11873579
1615.099976,-1.117925167
1615.200073,-1.119451046
1615.300049,-1.117352962
1615.400024,-1.122312069
1615.5,-1.124028683
1615.599976,-1.124028683
1615.700073,-1.121978283
1615.800049,-1.118640423
1615.900024,-1.121453762
1616,-1.118163586
1616.099976,-1.118688107
1616.200073,-1.12142992
1616.300049,-1.124696255
1616.400024,-1.124171734
1616.5,-1.121835232
1616.599976,-1.115731716
1616.700073,-1.115493298
1616.800049,-1.125936031
1616.900024,-1.129178524
1617,-1.1178298
1617.099976,-1.130179882
1617.200073,-1.113490582
1617.300049,-1.121596813
1617.400024,-1.116446972
1617.5,-1.12078619
1617.599976,-1.11744833
1617.700073,-1.117555618
1617.800049,-1.11706686
1617.900024,-1.114921093
1618,-1.121358395
1618.099976,-1.113204479
1618.200073,-1.125649929
1618.300049,-1.119689465
1618.400024,-1.119355679
1618.5,-1.12207365
1618.599976,-1.125220776
1618.700073,-1.124171734
1618.800049,-1.118115902
1618.900024,-1.126126766
1619,-1.118115902
1619.099976,-1.123980999
1619.200073,-1.118163586
1619.300049,-1.119927883
1619.400024,-1.120738506
1619.5,-1.12207365
1619.599976,-1.120380878
1619.700073,-1.11873579
1619.800049,-1.119975567
1619.900024,-1.120023251
1620,-1.119343758
1620.099976,-1.118163586
1620.200073,-1.119212627
1620.300049,-1.120690823
1620.400024,-1.121406078
1620.5,-1.119307995
1620.599976,-1.119594097
1620.700073,-1.120881557
1620.800049,-1.122955799
1620.900024,-1.124362469
1621,-1.126985073
1621.099976,-1.114587307
1621.200073,-1.118163586
1621.300049,-1.121644497
1621.400024,-1.122169018
1621.5,-1.1178298
1621.599976,-1.124553204
1621.700073,-1.117257595
1621.800049,-1.121882915
1621.900024,-1.117305279
1622,-1.128129482
1622.099976,-1.124553204
1622.200073,-1.118020535
1622.300049,-1.120690823
1622.400024,-1.122884274
1622.5,-1.123110771
1622.599976,-1.123647213
1622.700073,-1.125220776
1622.800049,-1.124457836
1622.900024,-1.123253822
1623,-1.123837948
1623.099976,-1.11949873
1623.200073,-1.125506878
1623.300049,-1.119832516
1623.400024,-1.121692181
1623.5,-1.125697613
1623.599976,-1.120690823
1623.700073,-1.115731716
1623.800049,-1.124267101
1623.900024,-1.120547771
1624,-1.123599529
1624.099976,-1.126842022
1624.200073,-1.120929241
1624.300049,-1.118354321
1624.400024,-1.123980999
1624.5,-1.123837948
1624.599976,-1.119641781
1624.700073,-1.114348888
1624.800049,-1.116399288
1624.900024,-1.121978283
1625,-1.125316143
1625.099976,-1.117877483
1625.200073,-1.121358395
1625.300049,-1.123933315
1625.400024,-1.125030041
1625.5,-1.117114544
1625.599976,-1.123933315
1625.700073,-1.113919735
1625.800049,-1.127080441
1625.900024,-1.113967419
1626,-1.129226208
1626.099976,-1.127080441
1626.200073,-1.118115902
1626.300049,-1.119689465
1626.400024,-1.121978283
1626.5,-1.125173092
1626.599976,-1.113299847
1626.700073,-1.120929241
1626.800049,-1.117543697
1626.900024,-1.11949873
1627,-1.115493298
1627.099976,-1.119451046
1627.200073,-1.117591381
1627.300049,-1.121882915
1627.400024,-1.126985073
1627.5,-1.116828442
1627.599976,-1.126698971
1627.700073,-1.122693539
1627.800049,-1.113395214
1627.900024,-1.120643139
1628,-1.110581875
1628.099976,-1.128177166
1628.200073,-1.117496014
1628.300049,-1.122693539
1628.400024,-1.12374258
1628.5,-1.121978283
1628.599976,-1.119641781
1628.700073,-1.118020535
1628.800049,-1.119927883
1628.900024,-1.12412405
1629,-1.12245512
1629.099976,-1.123933315
1629.200073,-1.121453762
1629.300049,-1.117734432
1629.400024,-1.115350246
1629.5,-1.114062786
1629.599976,-1.118354321
1629.700073,-1.122884274
1629.800049,-1.121119976
1629.900024,-1.12951231
1630,-1.124028683
1630.099976,-1.118163586
1630.200073,-1.122502804
1630.300049,-1.124028683
1630.400024,-1.120953083
1630.5,-1.119164944
1630.599976,-1.118115902
1630.700073,-1.122502804
1630.800049,-1.12488699
1630.900024,-1.122216702
1631,-1.12296772
1631.099976,-1.123885632
1631.200073,-1.120881557
1631.300049,-1.12617445
1631.400024,-1.122884274
1631.5,-1.123694897
1631.599976,-1.120929241
1631.700073,-1.123885632
1631.800049,-1.122502804
1631.900024,-1.126603603
1632,-1.12604332
1632.099976,-1.128367901
1632.200073,-1.126698971
1632.300049,-1.124743938
1632.400024,-1.123647213
1632.5,-1.117782116
1632.599976,-1.116590023
1632.700073,-1.117603302
1632.800049,-1.118020535
1632.900024,-1.118020535
1633,-1.12374258
1633.099976,-1.118068218
1633.200073,-1.123790264
1633.300049,-1.124314785
1633.400024,-1.120261669
1633.5,-1.123599529
1633.599976,-1.124410152
1633.700073,-1.12541151
1633.800049,-1.123456478
1633.900024,-1.118068218
1634,-1.125840664
1634.099976,-1.122741222
1634.200073,-1.120213985
1634.300049,-1.12321806
1634.400024,-1.123027325
1634.5,-1.122169018
1634.599976,-1.122025967
1634.700073,-1.127080441
1634.800049,-1.119641781
1634.900024,-1.114587307
1635,-1.120643139
1635.099976,-1.120047092
1635.200073,-1.121549129
1635.300049,-1.123408794
1635.400024,-1.11949873
1635.5,-1.118211269
1635.599976,-1.120357037
1635.700073,-1.124362469
1635.800049,-1.119832516
1635.900024,-1.121787548
1636,-1.131371975
1636.099976,-1.122169018
1636.200073,-1.114348888
1636.300049,-1.12207365
1636.400024,-1.119355679
1636.5,-1.120881557
1636.599976,-1.112727642
1636.700073,-1.121310711
1636.800049,-1.113538265
1636.900024,-1.121453762
1637,-1.121406078
1637.099976,-1.122645855
1637.200073,-1.113538265
1637.300049,-1.11873579
1637.400024,-1.128797054
1637.5,-1.120929241
1637.599976,-1.115350246
1637.700073,-1.124219418
1637.800049,-1.115588665
1637.900024,-1.126269817
1638,-1.119641781
1638.099976,-1.11989212
1638.200073,-1.117257595
1638.300049,-1.116399288
1638.400024,-1.116971493
1638.5,-1.114301205
1638.599976,-1.125268459
1638.700073,-1.119975567
1638.800049,-1.122884274
1638.900024,-1.120309353
1639,-1.116971493
1639.099976,-1.11949873
1639.200073,-1.118306637
1639.300049,-1.119689465
1639.400024,-1.120452404
1639.5,-1.120500088
1639.599976,-1.122264385
1639.700073,-1.121644497
1639.800049,-1.122312069
1639.900024,-1.12321806
1640,-1.121358395
1640.099976,-1.118640423
1640.200073,-1.123790264
1640.300049,-1.120643139
1640.400024,-1.119307995
1640.5,-1.122169018
1640.599976,-1.120261669
1640.700073,-1.116399288
1640.800049,-1.124553204
1640.900024,-1.120690823
1641,-1.119260311
1641.099976,-1.118449688
1641.200073,-1.117603302
1641.300049,-1.114396572
1641.400024,-1.118306637
1641.5,-1.116899967
1641.599976,-1.117543697
1641.700073,-1.117352962
1641.800049,-1.116637707
1641.900024,-1.118831158
1642,-1.114539623
1642.099976,-1.117734432
1642.200073,-1.119403362
1642.300049,-1.114968777
1642.400024,-1.121024609
1642.5,-1.117352962
1642.599976,-1.124362469
1642.700073,-1.127557278
1642.800049,-1.11206007
1642.900024,-1.110152721
1643,-1.12283659
1643.099976,-1.117543697
1643.200073,-1.111201763
1643.300049,-1.122788906
1643.400024,-1.11539793
1643.5,-1.114301205
1643.599976,-1.115970135
1643.700073,-1.11655426
1643.800049,-1.116351604
1643.900024,-1.119594097
1644,-1.118449688
1644.099976,-1.123790264
1644.200073,-1.115731716
1644.300049,-1.121310711
1644.400024,-1.123408794
1644.5,-1.116017818
1644.599976,-1.11873579
1644.700073,-1.114062786
1644.800049,-1.114444256
1644.900024,-1.115171432
1645,-1.117686749
1645.099976,-1.11449194
1645.200073,-1.115552902
1645.300049,-1.112918377
1645.400024,-1.117114544
1645.5,-1.113538265
1645.599976,-1.119546413
1645.700073,-1.119069576
1645.800049,-1.124076366
1645.900024,-1.122359753
1646,-1.113061428
1646.099976,-1.127032757
1646.200073,-1.111297131
1646.300049,-1.11873579
1646.400024,-1.117209911
1646.5,-1.11616087
1646.599976,-1.114587307
1646.700073,-1.11411047
1646.800049,-1.121835232
1646.900024,-1.113729
1647,-1.124410152
1647.099976,-1.118306637
1647.200073,-1.126269817
1647.300049,-1.109437466
1647.400024,-1.124314785
1647.5,-1.116065502
1647.599976,-1.118449688
1647.700073,-1.114658833
1647.800049,-1.111344814
1647.900024,-1.112775326
1648,-1.108006954
1648.099976,-1.113585949
1648.200073,-1.120213985
1648.300049,-1.121263027
1648.400024,-1.117496014
1648.5,-1.115254879
1648.599976,-1.119737148
1648.700073,-1.120070934
1648.800049,-1.121835232
1648.900024,-1.117889404
1649,-1.114539623
1649.099976,-1.115111828
1649.200073,-1.114301205
1649.300049,-1.112918377
1649.400024,-1.122550488
1649.5,-1.108006954
1649.599976,-1.117352962
1649.700073,-1.11668539
1649.800049,-1.115684032
1649.900024,-1.113061428
1650,-1.115636349
1650.099976,-1.120547771
1650.200073,-1.119403362
1650.300049,-1.112632275
1650.400024,-1.122931957
1650.5,-1.1116786
1650.599976,-1.117925167
1650.700073,-1.121739864
1650.800049,-1.123170376
1650.900024,-1.117257595
1651,-1.115111828
1651.099976,-1.119212627
1651.200073,-1.117639065
1651.300049,-1.121453762
1651.400024,-1.113538265
1651.5,-1.124028683
1651.599976,-1.112679958
1651.700073,-1.111869335
1651.800049,-1.113705158
1651.900024,-1.113299847
1652,-1.116971493
1652.099976,-1.117734432
1652.200073,-1.119832516
1652.300049,-1.119164944
1652.400024,-1.118163586
1652.5,-1.120929241
1652.599976,-1.116494656
1652.700073,-1.113442898
1652.800049,-1.11668539
1652.900024,-1.115469456
1653,-1.115064144
1653.099976,-1.11668539
1653.200073,-1.118497372
1653.300049,-1.122502804
1653.400024,-1.114730358
1653.5,-1.125459194
1653.599976,-1.11244154
1653.700073,-1.116733074
1653.800049,-1.122693539
1653.900024,-1.120023251
1654,-1.116494656
1654.099976,-1.123837948
1654.200073,-1.113490582
1654.300049,-1.119069576
1654.400024,-1.117305279
1654.5,-1.117650986
1654.599976,-1.11744833
1654.700073,-1.116780758
1654.800049,-1.120595455
1654.900024,-1.122407436
1655,-1.115636349
1655.099976,-1.116637707
1655.200073,-1.12374258
1655.300049,-1.117877483
1655.400024,-1.109008312
1655.5,-1.115588665
1655.599976,-1.120261669
1655.700073,-1.113585949
1655.800049,-1.119737148
1655.900024,-1.124648571
1656,-1.116733074
1656.099976,-1.114396572
1656.200073,-1.123122692
1656.300049,-1.116923809
1656.400024,-1.119260311
1656.5,-1.117257595
1656.599976,-1.116351604
1656.700073,-1.116494656
1656.800049,-1.120261669
1656.900024,-1.116971493
1657,-1.118926525
1657.099976,-1.120881557
1657.200073,-1.117972851
1657.300049,-1.117543697
1657.400024,-1.115254879
1657.5,-1.116971493
1657.599976,-1.116876125
1657.700073,-1.118211269
1657.800049,-1.107291698
1657.900024,-1.122931957
1658,-1.110152721
1658.099976,-1.112107754
1658.200073,-1.122216702
1658.300049,-1.116256237
1658.400024,-1.11949873
1658.5,-1.113252163
1658.599976,-1.109055996
1658.700073,-1.123599529
1658.800049,-1.122025967
1658.900024,-1.12283659
1659,-1.112918377
1659.099976,-1.11911726
1659.200073,-1.114968777
1659.300049,-1.122741222
1659.400024,-1.115684032
1659.5,-1.116876125
1659.599976,-1.118592739
1659.700073,-1.112966061
1659.800049,-1.120070934
1659.900024,-1.114158154
1660,-1.116303921
1660.099976,-1.112536907
1660.200073,-1.113109112
1660.300049,-1.112501144
1660.400024,-1.111154079
1660.5,-1.113204479
1660.599976,-1.110963345
1660.700073,-1.116208553
1660.800049,-1.105241299
1660.900024,-1.112393856
1661,-1.112155437
1661.099976,-1.117162228
1661.200073,-1.118163586
1661.300049,-1.115588665
1661.400024,-1.114730358
1661.5,-1.115958214
1661.599976,-1.115684032
1661.700073,-1.1178298
1661.800049,-1.123027325
1661.900024,-1.124696255
1662,-1.121477604
1662.099976,-1.121406078
1662.200073,-1.116780758
1662.300049,-1.1157794
1662.400024,-1.121263027
1662.5,-1.120881557
1662.599976,-1.12027359
1662.700073,-1.120261669
1662.800049,-1.118688107
1662.900024,-1.11616087
1663,-1.11449194
1663.099976,-1.118020535
1663.200073,-1.119880199
1663.300049,-1.118521214
1663.400024,-1.11744833
1663.5,-1.11873579
1663.599976,-1.122788906
1663.700073,-1.116208553
1663.800049,-1.111011028
1663.900024,-1.117734432
1664,-1.115493298
1664.099976,-1.114873409
1664.200073,-1.114313126
1664.300049,-1.111630917
1664.400024,-1.115254879
1664.5,-1.117877483
1664.599976,-1.115922451
1664.700073,-1.114444256
1664.800049,-1.111106396
1664.900024,-1.121787548
1665,-1.113156796
1665.099976,-1.119641781
1665.200073,-1.120976925
1665.300049,-1.116303921
1665.400024,-1.120738506
1665.5,-1.113776684
1665.599976,-1.122359753
1665.700073,-1.118545055
1665.800049,-1.117972851
1665.900024,-1.117388725
1666,-1.116494656
1666.099976,-1.116542339
1666.200073,-1.115862846
1666.300049,-1.115302563
1666.400024,-1.115111828
1666.5,-1.115588665
1666.599976,-1.119164944
1666.700073,-1.117698669
1666.800049,-1.116828442
1666.900024,-1.119212627
1667,-1.108912945
1667.099976,-1.120547771
1667.200073,-1.111249447
1667.300049,-1.118402004
1667.400024,-1.113442898
1667.5,-1.114921093
1667.599976,-1.120213985
1667.700073,-1.119641781
1667.800049,-1.115922451
1667.900024,-1.118688107
1668,-1.113872051
1668.099976,-1.118449688
1668.200073,-1.110438824
1668.300049,-1.119832516
1668.400024,-1.121358395
1668.5,-1.110820293
1668.599976,-1.116351604
1668.700073,-1.110581875
1668.800049,-1.112584591
1668.900024,-1.111201763
1669,-1.116351604
1669.099976,-1.109294415
1669.200073,-1.112298489
1669.300049,-1.115159512
1669.400024,-1.114968777
1669.5,-1.108912945
1669.599976,-1.118354321
1669.700073,-1.113299847
1669.800049,-1.117209911
1669.900024,-1.108293056
1670,-1.111821651
1670.099976,-1.107339382
1670.200073,-1.112155437
1670.300049,-1.117734432
1670.400024,-1.125649929
1670.5,-1.116399288
1670.599976,-1.108436108
1670.700073,-1.118163586
1670.800049,-1.118497372
1670.900024,-1.115350246
1671,-1.119784832
1671.099976,-1.113061428
1671.200073,-1.118449688
1671.300049,-1.117913246
1671.400024,-1.119880199
1671.5,-1.120261669
1671.599976,-1.11706686
1671.700073,-1.105241299
1671.800049,-1.118497372
1671.900024,-1.104764462
1672,-1.108579159
1672.099976,-1.114396572
1672.200073,-1.115111828
1672.300049,-1.115111828
1672.400024,-1.115064144
1672.5,-1.111392498
1672.599976,-1.112346172
1672.700073,-1.118306637
1672.800049,-1.120213985
1672.900024,-1.111964703
1673,-1.111249447
1673.099976,-1.114396572
1673.200073,-1.117019176
1673.300049,-1.117352962
1673.400024,-1.110248089
1673.5,-1.111297131
1673.599976,-1.116017818
1673.700073,-1.103238583
1673.800049,-1.107530117
1673.900024,-1.114825726
1674,-1.111869335
1674.099976,-1.114253521
1674.200073,-1.115731716
1674.300049,-1.114873409
1674.400024,-1.111392498
1674.5,-1.106862545
1674.599976,-1.11039114
1674.700073,-1.115827084
1674.800049,-1.112155437
1674.900024,-1.111487865
1675,-1.111154079
1675.099976,-1.112393856
1675.200073,-1.111607075
1675.300049,-1.111869335
1675.400024,-1.111011028
1675.5,-1.112870693
1675.599976,-1.114253521
1675.700073,-1.114348888
1675.800049,-1.111297131
1675.900024,-1.117352962
1676,-1.107577801
1676.099976,-1.116542339
1676.200073,-1.114539623
1676.300049,-1.107673168
1676.400024,-1.109008312
1676.5,-1.105527401
1676.599976,-1.107589722
1676.700073,-1.107911587
1676.800049,-1.107911587
1676.900024,-1.110152721
1677,-1.113395214
1677.099976,-1.111392498
1677.200073,-1.110724926
1677.300049,-1.111011028
1677.400024,-1.111058712
1677.5,-1.110867977
1677.599976,-1.111404419
1677.700073,-1.111773968
1677.800049,-1.111917019
1677.900024,-1.112489223
1678,-1.105336666
1678.099976,-1.121549129
1678.200073,-1.107482433
1678.300049,-1.110581875
1678.400024,-1.110915661
1678.5,-1.113395214
1678.599976,-1.114348888
1678.700073,-1.115874767
1678.800049,-1.109055996
1678.900024,-1.117162228
1679,-1.10834074
1679.099976,-1.107148647
1679.200073,-1.106576443
1679.300049,-1.110534191
1679.400024,-1.124219418
1679.5,-1.114015102
1679.599976,-1.105670452
1679.700073,-1.112536907
1679.800049,-1.107577801
1679.900024,-1.109437466
1680,-1.104573727
1680.099976,-1.110820293
1680.200073,-1.112918377
1680.300049,-1.108769894
1680.400024,-1.109628201
1680.5,-1.108150005
1680.599976,-1.111201763
1680.700073,-1.11000967
1680.800049,-1.113204479
1680.900024,-1.105813503
1681,-1.101378918
1681.099976,-1.11039114
1681.200073,-1.114253521
1681.300049,-1.110438824
1681.400024,-1.104192257
1681.5,-1.113061428
1681.599976,-1.10629034
1681.700073,-1.115207195
1681.800049,-1.112155437
1681.900024,-1.11244154
1682,-1.111964703
1682.099976,-1.108006954
1682.200073,-1.107625484
1682.300049,-1.113252163
1682.400024,-1.110438824
1682.5,-1.104239941
1682.599976,-1.1116786
1682.700073,-1.106242657
1682.800049,-1.108626842
1682.900024,-1.116113186
1683,-1.111249447
1683.099976,-1.114539623
1683.200073,-1.116065502
1683.300049,-1.110724926
1683.400024,-1.108054638
1683.5,-1.114158154
1683.599976,-1.112250805
1683.700073,-1.113109112
1683.800049,-1.106147289
1683.900024,-1.108388424
1684,-1.113681316
1684.099976,-1.110200405
1684.200073,-1.114778042
1684.300049,-1.107100964
1684.400024,-1.109008312
1684.5,-1.10333395
1684.599976,-1.106862545
1684.700073,-1.105622768
1684.800049,-1.110355377
1684.900024,-1.113299847
1685,-1.115636349
1685.099976,-1.111487865
1685.200073,-1.111630917
1685.300049,-1.112489223
1685.400024,-1.112346172
1685.5,-1.109151363
1685.599976,-1.106910229
1685.700073,-1.108293056
1685.800049,-1.100854397
1685.900024,-1.119451046
1686,-1.104287624
1686.099976,-1.110248089
1686.200073,-1.110248089
1686.300049,-1.108054638
1686.400024,-1.100186825
1686.5,-1.107482433
1686.599976,-1.103953838
1686.700073,-1.102427959
1686.800049,-1.104907513
1686.900024,-1.105670452
1687,-1.106302261
1687.099976,-1.105622768
1687.200073,-1.109008312
1687.300049,-1.108364582
1687.400024,-1.108436108
1687.5,-1.10884738
1687.599976,-1.108960629
1687.700073,-1.109628201
1687.800049,-1.109199047
1687.900024,-1.109759331
1688,-1.109914303
1688.099976,-1.110295773
1688.200073,-1.106385708
1688.300049,-1.108293056
1688.400024,-1.106481075
1688.5,-1.108674526
1688.599976,-1.10204649
1688.700073,-1.103810787
1688.800049,-1.111821651
1688.900024,-1.113252163
1689,-1.106147289
1689.099976,-1.118020535
1689.200073,-1.110534191
1689.300049,-1.092748165
1689.400024,-1.102141857
1689.5,-1.114825726
1689.599976,-1.10462141
1689.700073,-1.111106396
1689.800049,-1.111487865
1689.900024,-1.110152721
1690,-1.106767178
1690.099976,-1.10743475
1690.200073,-1.111249447
1690.300049,-1.108388424
1690.400024,-1.099757671
1690.5,-1.106433392
1690.599976,-1.10872221
1690.700073,-1.108865261
1690.800049,-1.10295248
1690.900024,-1.113109112
1691,-1.106910229
1691.099976,-1.105050564
1691.200073,-1.108006954
1691.300049,-1.111154079
1691.400024,-1.114062786
1691.5,-1.112107754
1691.599976,-1.111964703
1691.700073,-1.110045433
1691.800049,-1.107005596
1691.900024,-1.10910368
1692,-1.108388424
1692.099976,-1.109055996
1692.200073,-1.108102322
1692.300049,-1.111583233
1692.400024,-1.110629559
1692.5,-1.112775326
1692.599976,-1.10371542
1692.700073,-1.112155437
1692.800049,-1.102237225
1692.900024,-1.103429317
1693,-1.107482433
1693.099976,-1.109055996
1693.200073,-1.105098248
1693.300049,-1.102904797
1693.400024,-1.106910229
1693.5,-1.103119373
1693.599976,-1.101521969
1693.700073,-1.101140499
1693.800049,-1.112346172
1693.900024,-1.101855755
1694,-1.111201763
1694.099976,-1.107577801
1694.200073,-1.110963345
1694.300049,-1.103524685
1694.400024,-1.10128355
1694.5,-1.113681316
1694.599976,-1.111535549
1694.700073,-1.100568295
1694.800049,-1.110057354
1694.900024,-1.101331234
1695,-1.109961987
1695.099976,-1.106433392
1695.200073,-1.108042717
1695.300049,-1.107911587
1695.400024,-1.107863903
1695.5,-1.10371542
1695.599976,-1.102189541
1695.700073,-1.103906155
1695.800049,-1.101569653
1695.900024,-1.10462141
1696,-1.105861187
1696.099976,-1.109818935
1696.200073,-1.10743475
1696.300049,-1.10333395
1696.400024,-1.096562862
1696.5,-1.108436108
1696.599976,-1.099423885
1696.700073,-1.112536907
1696.800049,-1.110915661
1696.900024,-1.105670452
1697,-1.097993374
1697.099976,-1.102427959
1697.200073,-1.108388424
1697.300049,-1.108960629
1697.400024,-1.101951122
1697.5,-1.111249447
1697.599976,-1.104287624
1697.700073,-1.106147289
1697.800049,-1.10576582
1697.900024,-1.110581875
1698,-1.103381634
1698.099976,-1.107100964
1698.200073,-1.109008312
1698.300049,-1.108531475
1698.400024,-1.108483791
1698.5,-1.110212326
1698.599976,-1.111344814
1698.700073,-1.112489223
1698.800049,-1.102904797
1698.900024,-1.107768536
1699,-1.101903439
1699.099976,-1.106433392
1699.200073,-1.101808071
1699.300049,-1.100806713
1699.400024,-1.110295773
1699.5,-1.10371542
1699.599976,-1.109675884
1699.700073,-1.106910229
1699.800049,-1.107530117
1699.900024,-1.097993374
1700,-1.110486507
1700.099976,-1.101331234
1700.200073,-1.105241299
1700.300049,-1.105169773
1700.400024,-1.107005596
1700.5,-1.107100964
1700.599976,-1.107100964
1700.700073,-1.10743475
1700.800049,-1.104764462
1700.900024,-1.102809429
1701,-1.108293056
1701.099976,-1.107816219
1701.200073,-1.102141857
1701.300049,-1.103763103
1701.400024,-1.108579159
1701.5,-1.101188183
1701.599976,-1.095227718
1701.700073,-1.109008312
1701.800049,-1.104096889
1701.900024,-1.103381634
1702,-1.100282192
1702.099976,-1.100139141
1702.200073,-1.102082253
1702.300049,-1.101316333
1702.400024,-1.100806713
1702.5,-1.102237225
1702.599976,-1.104478359
1702.700073,-1.107339382
1702.800049,-1.103572369
1702.900024,-1.100425243
1703,-1.104382992
1703.099976,-1.102523327
1703.200073,-1.102475643
1703.300049,-1.103167057
1703.400024,-1.10500288
1703.5,-1.102666378
1703.599976,-1.104812145
1703.700073,-1.107148647
1703.800049,-1.111392498
1703.900024,-1.106767178
1704,-1.10910368
1704.099976,-1.110248089
1704.200073,-1.097707272
1704.300049,-1.104430676
1704.400024,-1.098613262
1704.5,-1.099709988
1704.599976,-1.101188183
1704.700073,-1.104216099
1704.800049,-1.108245373
1704.900024,-1.107720852
1705,-1.104859829
1705.099976,-1.103190899
1705.200073,-1.102618694
1705.300049,-1.103047848
1705.400024,-1.102857113
1705.5,-1.103524685
1705.599976,-1.108054638
1705.700073,-1.104382992
1705.800049,-1.100425243
1705.900024,-1.103953838
1706,-1.10667181
1706.099976,-1.097993374
1706.200073,-1.112966061
1706.300049,-1.100425243
1706.400024,-1.100949764
1706.5,-1.10371542
1706.599976,-1.104144573
1706.700073,-1.098088741
1706.800049,-1.108960629
1706.900024,-1.102571011
1707,-1.093940258
1707.099976,-1.100282192
1707.200073,-1.103047848
1707.300049,-1.103238583
1707.400024,-1.103953838
1707.5,-1.100902081
1707.599976,-1.09589529
1707.700073,-1.102666378
1707.800049,-1.110105038
1707.900024,-1.103477001
1708,-1.100568295
1708.099976,-1.109008312
1708.200073,-1.108483791
1708.300049,-1.105336666
1708.400024,-1.096610546
1708.5,-1.100472927
1708.599976,-1.109199047
1708.700073,-1.110867977
1708.800049,-1.103572369
1708.900024,-1.101235867
1709,-1.102010727
1709.099976,-1.101998806
1709.200073,-1.104123712
1709.300049,-1.105670452
1709.400024,-1.106814861
1709.5,-1.10576582
1709.599976,-1.106528759
1709.700073,-1.111058712
1709.800049,-1.095513821
1709.900024,-1.101569653
1710,-1.109199047
1710.099976,-1.102427959
1710.200073,-1.101188183
1710.300049,-1.102571011
1710.400024,-1.101712704
1710.5,-1.103620052
1710.599976,-1.104096889
1710.700073,-1.104335308
1710.800049,-1.099900723
1710.900024,-1.097707272
1711,-1.10295248
1711.099976,-1.110486507
1711.200073,-1.111011028
1711.300049,-1.104192257
1711.400024,-1.09870863
1711.5,-1.109628201
1711.599976,-1.097802639
1711.700073,-1.108054638
1711.800049,-1.112918377
1711.900024,-1.104335308
1712,-1.097659588
1712.099976,-1.099853039
1712.200073,-1.102857113
1712.300049,-1.098803997
1712.400024,-1.096992016
1712.5,-1.098744392
1712.599976,-1.09961462
1712.700073,-1.099566936
1712.800049,-1.105861187
1712.900024,-1.100139141
1713,-1.104239941
1713.099976,-1.096801281
1713.200073,-1.099090099
1713.300049,-1.096944332
1713.400024,-1.098851681
1713.5,-1.101569653
1713.599976,-1.097802639
1713.700073,-1.101331234
1713.800049,-1.103572369
1713.900024,-1.098851681
1714,-1.101366997
1714.099976,-1.10037756
1714.200073,-1.102666378
1714.300049,-1.099709988
1714.400024,-1.103524685
1714.5,-1.108436108
1714.599976,-1.103047848
1714.700073,-1.100043774
1714.800049,-1.100186825
1714.900024,-1.107625484
1715,-1.104859829
1715.099976,-1.104180336
1715.200073,-1.101569653
1715.300049,-1.102666378
1715.400024,-1.099853039
1715.5,-1.099686146
1715.599976,-1.097898006
1715.700073,-1.09832716
1715.800049,-1.099900723
1715.900024,-1.100759029
1716,-1.102618694
1716.099976,-1.100759029
1716.200073,-1.102904797
1716.300049,-1.098613262
1716.400024,-1.095847607
1716.5,-1.099566936
1716.599976,-1.100711346
1716.700073,-1.099900723
1716.800049,-1.100592136
1716.900024,-1.099823236
1717,-1.099042416
1717.099976,-1.099757671
1717.200073,-1.097516537
1717.300049,-1.096038342
1717.400024,-1.096992016
1717.5,-1.096515179
1717.599976,-1.097898006
1717.700073,-1.099423885
1717.800049,-1.103286266
1717.900024,-1.09999609
1718,-1.102809429
1718.099976,-1.09794569
1718.200073,-1.101760387
1718.300049,-1.099245071
1718.400024,-1.097516537
1718.5,-1.099757671
1718.599976,-1.101474285
1718.700073,-1.10204649
1718.800049,-1.10128355
1718.900024,-1.093844891
1719,-1.095180035
1719.099976,-1.098803997
1719.200073,-1.093511105
1719.300049,-1.10037756
1719.400024,-1.09537077
1719.5,-1.098088741
1719.599976,-1.096705914
1719.700073,-1.101474285
1719.800049,-1.094321728
1719.900024,-1.100902081
1720,-1.09332037
1720.099976,-1.09627676
1720.200073,-1.096729755
1720.300049,-1.098660946
1720.400024,-1.098660946
1720.5,-1.09883976
1720.599976,-1.098613262
1720.700073,-1.099423885
1720.800049,-1.101712704
1720.900024,-1.101140499
1721,-1.103286266
1721.099976,-1.100139141
1721.200073,-1.104526043
1721.300049,-1.099471569
1721.400024,-1.104907513
1721.5,-1.093606472
1721.599976,-1.090173244
1721.700073,-1.09870863
1721.800049,-1.103047848
1721.900024,-1.099757671
1722,-1.093987942
1722.099976,-1.102094173
1722.200073,-1.098279476
1722.300049,-1.101903439
1722.400024,-1.099602699
1722.5,-1.099090099
1722.599976,-1.099137783
1722.700073,-1.093701839
1722.800049,-1.10166502
1722.900024,-1.09756422
1723,-1.100520611
1723.099976,-1.103238583
1723.200073,-1.101426601
1723.300049,-1.099662304
1723.400024,-1.096801281
1723.5,-1.097182751
1723.599976,-1.096097946
1723.700073,-1.09422636
1723.800049,-1.096181393
1723.900024,-1.097135067
1724,-1.093558788
1724.099976,-1.097516537
1724.200073,-1.108197689
1724.300049,-1.104764462
1724.400024,-1.099471569
1724.5,-1.093415737
1724.599976,-1.105432034
1724.700073,-1.096992016
1724.800049,-1.096419811
1724.900024,-1.099566936
1725,-1.100472927
1725.099976,-1.102332592
1725.200073,-1.097182751
1725.300049,-1.095275402
1725.400024,-1.098660946
1725.5,-1.097898006
1725.599976,-1.098231792
1725.700073,-1.101998806
1725.800049,-1.09794569
1725.900024,-1.101045132
1726,-1.100532532
1726.099976,-1.101140499
1726.200073,-1.101998806
1726.300049,-1.102141857
1726.400024,-1.09999609
1726.5,-1.100759029
1726.599976,-1.101176262
1726.700073,-1.102427959
1726.800049,-1.101521969
1726.900024,-1.100425243
1727,-1.096896648
1727.099976,-1.094655514
1727.200073,-1.102475643
1727.300049,-1.098422527
1727.400024,-1.106481075
1727.5,-1.095132351
1727.599976,-1.105575085
1727.700073,-1.09794569
1727.800049,-1.105050564
1727.900024,-1.101188183
1728,-1.105670452
1728.099976,-1.091413021
1728.200073,-1.092986584
1728.300049,-1.098565578
1728.400024,-1.096944332
1728.5,-1.095466137
1728.599976,-1.094750881
1728.700073,-1.094893932
1728.800049,-1.095680714
1728.900024,-1.097325802
1729,-1.095752239
1729.099976,-1.098517895
1729.200073,-1.096896648
1729.300049,-1.095799923
1729.400024,-1.090602398
1729.5,-1.102427959
1729.599976,-1.093892574
1729.700073,-1.094941616
1729.800049,-1.094941616
1729.900024,-1.09627676
1730,-1.09923315
1730.099976,-1.0970397
1730.200073,-1.092271328
1730.300049,-1.094846249
1730.400024,-1.093558788
1730.5,-1.096562862
1730.599976,-1.09999609
1730.700073,-1.099900723
1730.800049,-1.099078178
1730.900024,-1.100043774
1731,-1.096372128
1731.099976,-1.094178677
1731.200073,-1.095680714
1731.300049,-1.095656872
1731.400024,-1.096515179
1731.5,-1.09537077
1731.599976,-1.092700481
1731.700073,-1.088408947
1731.800049,-1.092032909
1731.900024,-1.08588171
1732,-1.090220928
1732.099976,-1.095656872
1732.200073,-1.092462063
1732.300049,-1.092509747
1732.400024,-1.089839458
1732.5,-1.082496166
1732.599976,-1.091317654
1732.700073,-1.096229076
1732.800049,-1.09332037
1732.900024,-1.095752239
1733,-1.104239941
1733.099976,-1.10128355
1733.200073,-1.095132351
1733.300049,-1.08831358
1733.400024,-1.087312222
1733.5,-1.100854397
1733.599976,-1.10166502
1733.700073,-1.094655514
1733.800049,-1.09665823
1733.900024,-1.092652798
1734,-1.092271328
1734.099976,-1.091556072
1734.200073,-1.091866016
1734.300049,-1.091603756
1734.400024,-1.092032909
1734.5,-1.094893932
1734.599976,-1.084784985
1734.700073,-1.094130993
1734.800049,-1.08960104
1734.900024,-1.098374844
1735,-1.091365337
1735.099976,-1.094321728
1735.200073,-1.092748165
1735.300049,-1.100663662
1735.400024,-1.098517895
1735.5,-1.10538435
1735.599976,-1.098947048
1735.700073,-1.085214138
1735.800049,-1.106385708
1735.900024,-1.09756422
1736,-1.092891216
1736.099976,-1.092891216
1736.200073,-1.092891216
1736.300049,-1.091699123
1736.400024,-1.0929389
1736.5,-1.095656872
1736.599976,-1.097468853
1736.700073,-1.090411663
1736.800049,-1.095847607
1736.900024,-1.104764462
1737,-1.091031551
1737.099976,-1.083878994
1737.200073,-1.086930752
1737.300049,-1.086120129
1737.400024,-1.093654156
1737.5,-1.092366695
1737.599976,-1.094464779
1737.700073,-1.096610546
1737.800049,-1.098088741
1737.900024,-1.089028835
1738,-1.085738659
1738.099976,-1.094035625
1738.200073,-1.097135067
1738.300049,-1.096419811
1738.400024,-1.09614563
1738.5,-1.094941616
1738.599976,-1.096086025
1738.700073,-1.08960104
1738.800049,-1.096324444
1738.900024,-1.093129635
1739,-1.094321728
1739.099976,-1.095704556
1739.200073,-1.092986584
1739.300049,-1.092223644
1739.400024,-1.099757671
1739.5,-1.085357189
1739.599976,-1.093034267
1739.700073,-1.091222286
1739.800049,-1.097754955
1739.900024,-1.096515179
1740,-1.098279476
1740.099976,-1.095609188
1740.200073,-1.094512463
1740.300049,-1.093129635
1740.400024,-1.104859829
1740.5,-1.092414379
1740.599976,-1.100759029
1740.700073,-1.095275402
1740.800049,-1.089839458
1740.900024,-1.0908885
1741,-1.091699123
1741.099976,-1.09961462
1741.200073,-1.101092815
1741.300049,-1.096086025
1741.400024,-1.095513821
1741.5,-1.094274044
1741.599976,-1.09126997
1741.700073,-1.09422636
1741.800049,-1.092366695
1741.900024,-1.085452557
1742,-1.091031551
1742.099976,-1.099042416
1742.200073,-1.084308147
1742.300049,-1.094464779
1742.400024,-1.0949893
1742.5,-1.094703197
1742.599976,-1.091508389
1742.700073,-1.096610546
1742.800049,-1.093511105
1742.900024,-1.089028835
1743,-1.099757671
1743.099976,-1.094417095
1743.200073,-1.104716778
1743.300049,-1.086835384
1743.400024,-1.094655514
1743.5,-1.092843533
1743.599976,-1.089696407
1743.700073,-1.092795849
1743.800049,-1.085166454
1743.900024,-1.099471569
1744,-1.092891216
1744.099976,-1.086549282
1744.200073,-1.089791775
1744.300049,-1.088599682
1744.400024,-1.092271328
1744.5,-1.096419811
1744.599976,-1.094274044
1744.700073,-1.09332037
1744.800049,-1.0929389
1744.900024,-1.088265896
1745,-1.097754955
1745.099976,-1.083497524
1745.200073,-1.091746807
1745.300049,-1.100091457
1745.400024,-1.099042416
1745.5,-1.094560146
1745.599976,-1.093081951
1745.700073,-1.089696407
1745.800049,-1.092128277
1745.900024,-1.09923315
1746,-1.098279476
1746.099976,-1.096550941
1746.200073,-1.092748165
1746.300049,-1.095942974
1746.400024,-1.090363979
1746.5,-1.090745449
1746.599976,-1.091031551
1746.700073,-1.093558788
1746.800049,-1.090840816
1746.900024,-1.092271328
1747,-1.094369411
1747.099976,-1.096467495
1747.200073,-1.097898006
1747.300049,-1.094846249
1747.400024,-1.08716917
1747.5,-1.091937542
1747.599976,-1.095036983
1747.700073,-1.094750881
1747.800049,-1.09332037
1747.900024,-1.097993374
1748,-1.092175961
1748.099976,-1.089696407
1748.200073,-1.089553356
1748.300049,-1.093415737
1748.400024,-1.095704556
1748.5,-1.092843533
1748.599976,-1.090793133
1748.700073,-1.095227718
1748.800049,-1.088170528
1748.900024,-1.091794491
1749,-1.083735943
1749.099976,-1.090840816
1749.200073,-1.093987942
1749.300049,-1.092080593
1749.400024,-1.091508389
1749.5,-1.089839458
1749.599976,-1.087598324
1749.700073,-1.091937542
1749.800049,-1.08793211
1749.900024,-1.093177319
1750,-1.08421278
1750.099976,-1.089887142
1750.200073,-1.095656872
1750.300049,-1.096324444
1750.400024,-1.092843533
1750.5,-1.087359905
1750.599976,-1.090125561
1750.700073,-1.094560146
1750.800049,-1.092080593
1750.900024,-1.086453915
1751,-1.084022045
1751.099976,-1.091937542
1751.200073,-1.095275402
1751.300049,-1.091079235
1751.400024,-1.088456631
1751.5,-1.094417095
1751.599976,-1.090411663
1751.700073,-1.09756422
1751.800049,-1.087264538
1751.900024,-1.091603756
1752,-1.093368053
1752.099976,-1.092879295
1752.200073,-1.093415737
1752.300049,-1.093129635
1752.400024,-1.09318924
1752.5,-1.092748165
1752.599976,-1.08947289
1752.700073,-1.086167812
1752.800049,-1.085786343
1752.900024,-1.087693691
1753,-1.089803696
1753.099976,-1.092986584
1753.200073,-1.092748165
1753.300049,-1.0949893
1753.400024,-1.097659588
1753.5,-1.093558788
1753.599976,-1.092700481
1753.700073,-1.090077877
1753.800049,-1.089171886
1753.900024,-1.091699123
1754,-1.090697765
1754.099976,-1.094703197
1754.200073,-1.088182449
1754.300049,-1.08049345
1754.400024,-1.086835384
1754.5,-1.089839458
1754.599976,-1.081161022
1754.700073,-1.095609188
1754.800049,-1.08716917
1754.900024,-1.088885784
1755,-1.086740017
1755.099976,-1.084069729
1755.200073,-1.086835384
1755.300049,-1.088790417
1755.400024,-1.089541435
1755.5,-1.090268612
1755.599976,-1.092271328
1755.700073,-1.092414379
1755.800049,-1.091460705
1755.900024,-1.091937542
1756,-1.08921957
1756.099976,-1.088075161
1756.200073,-1.096610546
1756.300049,-1.082686901
1756.400024,-1.09627676
1756.5,-1.092128277
1756.599976,-1.095799923
1756.700073,-1.090030193
1756.800049,-1.094178677
1756.900024,-1.090745449
1757,-1.0888381
1757.099976,-1.090363979
1757.200073,-1.0908885
1757.300049,-1.090983868
1757.400024,-1.091889858
1757.5,-1.087073803
1757.599976,-1.096038342
1757.700073,-1.084451199
1757.800049,-1.089362621
1757.900024,-1.088933468
1758,-1.087467194
1758.099976,-1.086883068
1758.200073,-1.084689617
1758.300049,-1.086358547
1758.400024,-1.085738659
1758.5,-1.088122845
1758.599976,-1.096372128
1758.700073,-1.083545208
1758.800049,-1.091746807
1758.900024,-1.090459347
1759,-1.08960104
1759.099976,-1.088742733
1759.200073,-1.088087082
1759.300049,-1.087264538
1759.400024,-1.086740017
1759.5,-1.088170528
1759.599976,-1.087216854
1759.700073,-1.085452557
1759.800049,-1.085392952
1759.900024,-1.085118771
1760,-1.085664153
1760.099976,-1.086549282
1760.200073,-1.085595608
1760.300049,-1.086453915
1760.400024,-1.084451199
1760.5,-1.09537077
1760.599976,-1.090173244
1760.700073,-1.086024761
1760.800049,-1.098279476
1760.900024,-1.087073803
1761,-1.092748165
1761.099976,-1.079778194
1761.200073,-1.083592892
1761.300049,-1.081423283
1761.400024,-1.081399441
1761.5,-1.080922604
1761.599976,-1.086596966
1761.700073,-1.084546566
1761.800049,-1.092986584
1761.900024,-1.093272686
1762,-1.089946747
1762.099976,-1.087407589
1762.200073,-1.086120129
1762.300049,-1.084784985
1762.400024,-1.080350399
1762.5,-1.080159664
1762.599976,-1.082615376
1762.700073,-1.083068371
1762.800049,-1.086883068
1762.900024,-1.079682827
1763,-1.095036983
1763.099976,-1.08125639
1763.200073,-1.092128277
1763.300049,-1.090411663
1763.400024,-1.087455273
1763.5,-1.088408947
1763.599976,-1.093463421
1763.700073,-1.101426601
1763.800049,-1.087502956
1763.900024,-1.082734585
1764,-1.090459347
1764.099976,-1.08793211
1764.200073,-1.089744091
1764.300049,-1.088206291
1764.400024,-1.088027477
1764.5,-1.087121487
1764.599976,-1.088301659
1764.700073,-1.088170528
1764.800049,-1.087762237
1764.900024,-1.087502956
1765,-1.087073803
1765.099976,-1.083116055
1765.200073,-1.088027477
1765.300049,-1.094274044
1765.400024,-1.079539776
1765.5,-1.0929389
1765.599976,-1.078967571
1765.700073,-1.0908885
1765.800049,-1.088122845
1765.900024,-1.089124203
1766,-1.089934826
1766.099976,-1.08755064
1766.200073,-1.085786343
1766.300049,-1.088015556
1766.400024,-1.089267254
1766.5,-1.089457989
1766.599976,-1.08895731
1766.700073,-1.088075161
1766.800049,-1.08716321
1766.900024,-1.085643291
1767,-1.085977077
1767.099976,-1.083354473
1767.200073,-1.086978436
1767.300049,-1.088456631
1767.400024,-1.090125561
1767.5,-1.08703804
1767.599976,-1.085118771
1767.700073,-1.084451199
1767.800049,-1.086740017
1767.900024,-1.083354473
1768,-1.079158306
1768.099976,-1.086167812
1768.200073,-1.084832668
1768.300049,-1.084677696
1768.400024,-1.084022045
1768.5,-1.083688259
1768.599976,-1.083068371
1768.700073,-1.083783627
1768.800049,-1.091126919
1768.900024,-1.086692333
1769,-1.082591534
1769.099976,-1.090840816
1769.200073,-1.083306789
1769.300049,-1.084689617
1769.400024,-1.087359905
1769.5,-1.085547924
1769.599976,-1.081876278
1769.700073,-1.081542492
1769.800049,-1.084403515
1769.900024,-1.088981152
1770,-1.085214138
1770.099976,-1.088182449
1770.200073,-1.089076519
1770.300049,-1.089457989
1770.400024,-1.081447124
1770.5,-1.091889858
1770.599976,-1.086358547
1770.700073,-1.094321728
1770.800049,-1.087646008
1770.900024,-1.088027477
1771,-1.083354473
1771.099976,-1.079825878
1771.200073,-1.082221985
1771.300049,-1.08216238
1771.400024,-1.083545208
1771.5,-1.084641933
1771.599976,-1.083533287
1771.700073,-1.083402157
1771.800049,-1.08254385
1771.900024,-1.091031551
1772,-1.08716917
1772.099976,-1.082114697
1772.200073,-1.080636501
1772.300049,-1.080612659
1772.400024,-1.080302715
1772.5,-1.079396725
1772.599976,-1.082734585
1772.700073,-1.080255032
1772.800049,-1.083282948
1772.900024,-1.084403515
1773,-1.085738659
1773.099976,-1.08664465
1773.200073,-1.08049345
1773.300049,-1.078967571
1773.400024,-1.083974361
1773.5,-1.086024761
1773.599976,-1.088504314
1773.700073,-1.085893631
1773.800049,-1.08550024
1773.900024,-1.083545208
1774,-1.085214138
1774.099976,-1.083497524
1774.200073,-1.07958746
1774.300049,-1.090316296
1774.400024,-1.077775478
1774.5,-1.085643291
1774.599976,-1.088933468
1774.700073,-1.081304073
1774.800049,-1.083116055
1774.900024,-1.085667133
1775,-1.085899591
1775.099976,-1.087646008
1775.200073,-1.08716917
1775.300049,-1.081304073
1775.400024,-1.081685543
1775.5,-1.076297283
1775.599976,-1.077632427
1775.700073,-1.082067013
1775.800049,-1.08125639
1775.900024,-1.078204632
1776,-1.083259106
1776.099976,-1.089028835
1776.200073,-1.087407589
1776.300049,-1.080922604
1776.400024,-1.082067013
1776.5,-1.080255032
1776.599976,-1.083020687
1776.700073,-1.084737301
1776.800049,-1.081828594
1776.900024,-1.079682827
1777,-1.078633785
1777.099976,-1.082639217
1777.200073,-1.073960781
1777.300049,-1.084832668
1777.400024,-1.081065655
1777.5,-1.079968929
1777.599976,-1.086692333
1777.700073,-1.08550024
1777.800049,-1.079873562
1777.900024,-1.079730511
1778,-1.07882452
1778.099976,-1.089028835
1778.200073,-1.08254385
1778.300049,-1.086406231
1778.400024,-1.085452557
1778.5,-1.07958746
1778.599976,-1.079396725
1778.700073,-1.0700984
1778.800049,-1.08998251
1778.900024,-1.081590176
1779,-1.084117413
1779.099976,-1.074580669
1779.200073,-1.087312222
1779.300049,-1.082734585
1779.400024,-1.076249599
1779.5,-1.075725079
1779.599976,-1.074950218
1779.700073,-1.07047987
1779.800049,-1.077346325
1779.900024,-1.082639217
1780,-1.080588818
1780.099976,-1.073865414
1780.200073,-1.08178091
1780.300049,-1.074008465
1780.400024,-1.084165096
1780.5,-1.083592892
1780.599976,-1.07958746
1780.700073,-1.074914455
1780.800049,-1.081017971
1780.900024,-1.082400799
1781,-1.072482586
1781.099976,-1.08087492
1781.200073,-1.07086134
1781.300049,-1.082067013
1781.400024,-1.077966213
1781.5,-1.079015255
1781.599976,-1.080123901
1781.700073,-1.082257748
1781.800049,-1.08125639
1781.900024,-1.080541134
1782,-1.080970287
1782.099976,-1.077250957
1782.200073,-1.075725079
1782.300049,-1.080350399
1782.400024,-1.079539776
1782.5,-1.076249599
1782.599976,-1.077572823
1782.700073,-1.076583385
1782.800049,-1.07791853
1782.900024,-1.077632427
1783,-1.078240395
1783.099976,-1.078082442
1783.200073,-1.078252316
1783.300049,-1.078204632
1783.400024,-1.078919888
1783.5,-1.078252316
1783.599976,-1.079301357
1783.700073,-1.077870846
1783.800049,-1.079730511
1783.900024,-1.080207348
1784,-1.08178091
1784.099976,-1.079921246
1784.200073,-1.081494808
1784.300049,-1.080779552
1784.400024,-1.081113338
1784.5,-1.08087492
1784.599976,-1.081304073
1784.700073,-1.07959938
1784.800049,-1.077250957
1784.900024,-1.078967571
1785,-1.0721488
1785.099976,-1.080159664
1785.200073,-1.07381773
1785.300049,-1.089076519
1785.400024,-1.082019329
1785.5,-1.077107906
1785.599976,-1.086835384
1785.700073,-1.083116055
1785.800049,-1.075152874
1785.900024,-1.076154232
1786,-1.075319767
1786.099976,-1.078872204
1786.200073,-1.071099758
1786.300049,-1.082496166
1786.400024,-1.076249599
1786.5,-1.071719646
1786.599976,-1.082257748
1786.700073,-1.076583385
1786.800049,-1.082877636
1786.900024,-1.076249599
1787,-1.074628353
1787.099976,-1.073531628
1787.200073,-1.079539776
1787.300049,-1.082591534
1787.400024,-1.083878994
1787.5,-1.079098701
1787.599976,-1.076535702
1787.700073,-1.073388577
1787.800049,-1.087693691
1787.900024,-1.072434902
1788,-1.083640575
1788.099976,-1.078967571
1788.200073,-1.075725079
1788.300049,-1.082782269
1788.400024,-1.086167812
1788.5,-1.079015255
1788.599976,-1.076249599
1788.700073,-1.082019329
1788.800049,-1.07586813
1788.900024,-1.082686901
1789,-1.077680111
1789.099976,-1.070575237
1789.200073,-1.078776836
1789.300049,-1.089171886
1789.400024,-1.07548666
1789.5,-1.080684185
1789.599976,-1.080302715
1789.700073,-1.086692333
1789.800049,-1.069573879
1789.900024,-1.080970287
1790,-1.077394009
1790.099976,-1.073770046
1790.200073,-1.073483944
1790.300049,-1.074580669
1790.400024,-1.071052074
1790.5,-1.074437618
1790.599976,-1.077394009
1790.700073,-1.08793211
1790.800049,-1.086740017
1790.900024,-1.080195427
1791,-1.075343609
1791.099976,-1.070765972
1791.200073,-1.082210064
1791.300049,-1.076392651
1791.400024,-1.077346325
1791.5,-1.0741992
1791.599976,-1.081923962
1791.700073,-1.076249599
1791.800049,-1.077727795
1791.900024,-1.084308147
1792,-1.080302715
1792.099976,-1.077489376
1792.200073,-1.07176733
1792.300049,-1.073579311
1792.400024,-1.078395367
1792.5,-1.078872204
1792.599976,-1.074151516
1792.700073,-1.075009823
1792.800049,-1.081733227
1792.900024,-1.065759182
1793,-1.075725079
1793.099976,-1.076726437
1793.200073,-1.076344967
1793.300049,-1.08011198
1793.400024,-1.080398083
1793.5,-1.076440334
1793.599976,-1.077060223
1793.700073,-1.084451199
1793.800049,-1.081113338
1793.900024,-1.084022045
1794,-1.075343609
1794.099976,-1.075629711
1794.200073,-1.069430828
1794.300049,-1.073007107
1794.400024,-1.079396725
1794.5,-1.076058865
1794.599976,-1.085214138
1794.700073,-1.077012539
1794.800049,-1.080922604
1794.900024,-1.076488018
1795,-1.067475796
1795.099976,-1.078729153
1795.200073,-1.074580669
1795.300049,-1.073388577
1795.400024,-1.076488018
1795.5,-1.076011181
1795.599976,-1.071099758
1795.700073,-1.075582027
1795.800049,-1.072291851
1795.900024,-1.072291851
1796,-1.075343609
1796.099976,-1.075915813
1796.200073,-1.07753706
1796.300049,-1.078538418
1796.400024,-1.072482586
1796.5,-1.079062939
1796.599976,-1.088361263
1796.700073,-1.079444408
1796.800049,-1.084117413
1796.900024,-1.0741992
1797,-1.081542492
1797.099976,-1.083497524
1797.200073,-1.073674679
1797.300049,-1.070718288
1797.400024,-1.073197842
1797.5,-1.074294567
1797.599976,-1.076106548
1797.700073,-1.07715559
1797.800049,-1.079873562
1797.900024,-1.078156948
1798,-1.082496166
1798.099976,-1.080922604
1798.200073,-1.076440334
1798.300049,-1.071576595
1798.400024,-1.080588818
1798.5,-1.069621563
1798.599976,-1.072244167
1798.700073,-1.077203274
1798.800049,-1.07715559
1798.900024,-1.076833725
1799,-1.075847268
1799.099976,-1.075925499
1799.200073,-1.075534344
1799.300049,-1.07548666
1799.400024,-1.07253027
1799.5,-1.069001675
1799.599976,-1.0700984
1799.700073,-1.077441692
1799.800049,-1.070432186
1799.900024,-1.081017971
1800,-1.070336819
1800.099976,-1.079968929
1800.200073,-1.071481228
1800.300049,-1.078776836
1800.400024,-1.073674679
1800.5,-1.075343609
1800.599976,-1.063088894
1800.700073,-1.072577953
1800.800049,-1.083688259
1800.900024,-1.07844305
1801,-1.079015255
1801.099976,-1.079968929
1801.200073,-1.072053432
1801.300049,-1.074294567
1801.400024,-1.07189846
1801.5,-1.070241451
1801.599976,-1.071004391
1801.700073,-1.078156948
1801.800049,-1.072387218
1801.900024,-1.078204632
1802,-1.07381773
1802.099976,-1.073483944
1802.200073,-1.071052074
1802.300049,-1.082067013
1802.400024,-1.068572521
1802.5,-1.082639217
1802.599976,-1.071862698
1802.700073,-1.073913097
1802.800049,-1.077441692
1802.900024,-1.07510519
1803,-1.077942371
1803.099976,-1.07882452
1803.200073,-1.080398083
1803.300049,-1.074532986
1803.400024,-1.066474438
1803.5,-1.079682827
1803.599976,-1.068000317
1803.700073,-1.06971693
1803.800049,-1.07176733
1803.900024,-1.075677395
1804,-1.076964855
1804.099976,-1.081113338
1804.200073,-1.070432186
1804.300049,-1.079110622
1804.400024,-1.081161022
1804.5,-1.078109264
1804.599976,-1.077107906
1804.700073,-1.075057507
1804.800049,-1.076058865
1804.900024,-1.075152874
1805,-1.072434902
1805.099976,-1.07047987
1805.200073,-1.064137936
1805.300049,-1.071052074
1805.400024,-1.074628353
1805.5,-1.074962139
1805.599976,-1.074342251
1805.700073,-1.072577953
1805.800049,-1.075200558
1805.900024,-1.076929092
1806,-1.080445766
1806.099976,-1.079492092
1806.200073,-1.070765972
1806.300049,-1.078299999
1806.400024,-1.068620205
1806.5,-1.070384502
1806.599976,-1.069430828
1806.700073,-1.073483944
1806.800049,-1.06881094
1806.900024,-1.071671963
1807,-1.069383144
1807.099976,-1.072959423
1807.200073,-1.068191051
1807.300049,-1.067428112
1807.400024,-1.071004391
1807.5,-1.063947201
1807.599976,-1.072339535
1807.700073,-1.07753706
1807.800049,-1.071815014
1807.900024,-1.082639217
1808,-1.074628353
1808.099976,-1.065997601
1808.200073,-1.078061581
1808.300049,-1.074437618
1808.400024,-1.074342251
1808.5,-1.074771404
1808.599976,-1.068048
1808.700073,-1.079444408
1808.800049,-1.06842947
1808.900024,-1.07586813
1809,-1.072864056
1809.099976,-1.077012539
1809.200073,-1.072673321
1809.300049,-1.080922604
1809.400024,-1.073340893
1809.5,-1.063899517
1809.599976,-1.070527554
1809.700073,-1.070193768
1809.800049,-1.070706367
1809.900024,-1.071195126
1810,-1.070909023
1810.099976,-1.070193768
1810.200073,-1.07548666
1810.300049,-1.068095684
1810.400024,-1.072482586
1810.5,-1.065854549
1810.599976,-1.065902233
1810.700073,-1.068334103
1810.800049,-1.066474438
1810.900024,-1.067714214
1811,-1.067952633
1811.099976,-1.080588818
1811.200073,-1.072244167
1811.300049,-1.075665474
1811.400024,-1.074056149
1811.5,-1.075772762
1811.599976,-1.068572521
1811.700073,-1.07086134
1811.800049,-1.073150158
1811.900024,-1.068143368
1812,-1.074008465
1812.099976,-1.068238735
1812.200073,-1.066808224
1812.300049,-1.066617489
1812.400024,-1.067475796
1812.5,-1.067237377
1812.599976,-1.068179131
1812.700073,-1.068953991
1812.800049,-1.069049358
1812.900024,-1.06676054
1813,-1.070003033
1813.099976,-1.071242809
1813.200073,-1.0741992
1813.300049,-1.074008465
1813.400024,-1.071528912
1813.5,-1.068000317
1813.599976,-1.06380415
1813.700073,-1.07047987
1813.800049,-1.068763256
1813.900024,-1.06867981
1814,-1.066951275
1814.099976,-1.068524837
1814.200073,-1.067380428
1814.300049,-1.069001675
1814.400024,-1.071671963
1814.5,-1.069669247
1814.599976,-1.068763256
1814.700073,-1.068763256
1814.800049,-1.068667889
1814.900024,-1.067952633
1815,-1.068953991
1815.099976,-1.066569805
1815.200073,-1.064328671
1815.300049,-1.058844566
1815.400024,-1.066426754
1815.5,-1.069669247
1815.599976,-1.067046642
1815.700073,-1.06637907
1815.800049,-1.058987617
1815.900024,-1.064519405
1816,-1.075629711
1816.099976,-1.059035301
1816.200073,-1.068048
1816.300049,-1.073579311
1816.400024,-1.061705589
1816.5,-1.064519405
1816.599976,-1.065711498
1816.700073,-1.068524837
1816.800049,-1.074151516
1816.900024,-1.070241451
1817,-1.064805508
1817.099976,-1.065043926
1817.200073,-1.060418129
1817.300049,-1.063136578
1817.400024,-1.069049358
1817.5,-1.062564373
1817.599976,-1.067189693
1817.700073,-1.065616131
1817.800049,-1.074246883
1817.900024,-1.065711498
1818,-1.060465813
1818.099976,-1.064328671
1818.200073,-1.064662457
1818.300049,-1.061514854
1818.400024,-1.069812298
1818.5,-1.062707424
1818.599976,-1.066426754
1818.700073,-1.067618847
1818.800049,-1.069097042
1818.900024,-1.067964554
1819,-1.068095684
1819.099976,-1.069243073
1819.200073,-1.070384502
1819.300049,-1.066880494
1819.400024,-1.064185619
1819.5,-1.063708782
1819.599976,-1.064948559
1819.700073,-1.066331387
1819.800049,-1.065568447
1819.900024,-1.066712856
1820,-1.06056118
1820.099976,-1.073674679
1820.200073,-1.061133385
1820.300049,-1.068381786
1820.400024,-1.065568447
1820.5,-1.065186977
1820.599976,-1.067809582
1820.700073,-1.072577953
1820.800049,-1.06471014
1820.900024,-1.068143368
1821,-1.066140652
1821.099976,-1.068334103
1821.200073,-1.062325478
1821.300049,-1.067189693
1821.400024,-1.066045284
1821.5,-1.062612057
1821.599976,-1.072625637
1821.700073,-1.067952633
1821.800049,-1.06471014
1821.900024,-1.059369087
1822,-1.06637907
1822.099976,-1.078204632
1822.200073,-1.062420845
1822.300049,-1.069526196
1822.400024,-1.06842947
1822.5,-1.068191051
1822.599976,-1.067571163
1822.700073,-1.066045284
1822.800049,-1.070289135
1822.900024,-1.06380415
1823,-1.061085701
1823.099976,-1.069955349
1823.200073,-1.05851078
1823.300049,-1.070050716
1823.400024,-1.068572521
1823.5,-1.07510519
1823.599976,-1.065425396
1823.700073,-1.070765972
1823.800049,-1.070241451
1823.900024,-1.072244167
1824,-1.067666531
1824.099976,-1.062707424
1824.200073,-1.057080269
1824.300049,-1.061514854
1824.400024,-1.062898159
1824.5,-1.062182665
1824.599976,-1.061181068
1824.700073,-1.063136578
1824.800049,-1.063351035
1824.900024,-1.064614773
1825,-1.064471722
1825.099976,-1.077870846
1825.200073,-1.075677395
1825.300049,-1.061276436
1825.400024,-1.073770046
1825.5,-1.060656548
1825.599976,-1.072387218
1825.700073,-1.060370445
1825.800049,-1.066474438
1825.900024,-1.065425396
1826,-1.064090252
1826.099976,-1.062993526
1826.200073,-1.065854549
1826.300049,-1.058320045
1826.400024,-1.065234661
1826.5,-1.063708782
1826.599976,-1.073674679
1826.700073,-1.063756466
1826.800049,-1.073293209
1826.900024,-1.067046642
1827,-1.065568447
1827.099976,-1.072005749
1827.200073,-1.0700984
1827.300049,-1.071576595
1827.400024,-1.068727493
1827.5,-1.067666531
1827.599976,-1.065568447
1827.700073,-1.068048
1827.800049,-1.062039375
1827.900024,-1.068763256
1828,-1.067237377
1828.099976,-1.066081047
1828.200073,-1.062993526
1828.300049,-1.065330029
1828.400024,-1.069764614
1828.5,-1.061371803
1828.599976,-1.0741992
1828.700073,-1.065186977
1828.800049,-1.065663815
1828.900024,-1.066581726
1829,-1.067189693
1829.099976,-1.065046906
1829.200073,-1.063899517
1829.300049,-1.062516689
1829.400024,-1.059130669
1829.5,-1.061264753
1829.599976,-1.063136578
1829.700073,-1.060275078
1829.800049,-1.059798241
1829.900024,-1.060990334
1830,-1.062755108
1830.099976,-1.064280987
1830.200073,-1.067380428
1830.300049,-1.059178352
1830.400024,-1.070622921
1830.5,-1.064519405
1830.599976,-1.05965519
1830.700073,-1.06842947
1830.800049,-1.066569805
1830.900024,-1.065043926
1831,-1.069621563
1831.099976,-1.071433544
1831.200073,-1.055745125
1831.300049,-1.058463097
1831.400024,-1.064614773
1831.5,-1.066188335
1831.599976,-1.064567089
1831.700073,-1.06842947
1831.800049,-1.059750557
1831.900024,-1.064185619
1832,-1.065043926
1832.099976,-1.064376354
1832.200073,-1.06184864
1832.300049,-1.068095684
1832.400024,-1.062850475
1832.5,-1.070146084
1832.599976,-1.061657906
1832.700073,-1.065520763
1832.800049,-1.068858624
1832.900024,-1.073197842
1833,-1.071528912
1833.099976,-1.063088894
1833.200073,-1.061991692
1833.300049,-1.065997601
1833.400024,-1.064233303
1833.5,-1.070527554
1833.599976,-1.058463097
1833.700073,-1.067904949
1833.800049,-1.066712856
1833.900024,-1.067809582
1834,-1.065234661
1834.099976,-1.06509161
1834.200073,-1.059369087
1834.300049,-1.065854549
1834.400024,-1.060275078
1834.5,-1.064471722
1834.599976,-1.05965519
1834.700073,-1.058939934
1834.800049,-1.060620785
1834.900024,-1.062182426
1835,-1.061705589
1835.099976,-1.056126595
1835.200073,-1.050261497
1835.300049,-1.056496143
1835.400024,-1.05965519
1835.5,-1.059941292
1835.599976,-1.062707424
1835.700073,-1.061562538
1835.800049,-1.063339114
1835.900024,-1.063088894
1836,-1.065997601
1836.099976,-1.058701515
1836.200073,-1.065949917
1836.300049,-1.053599358
1836.400024,-1.065663815
1836.5,-1.070146084
1836.599976,-1.059226036
1836.700073,-1.053170204
1836.800049,-1.064424038
1836.900024,-1.069097042
1837,-1.061467171
1837.099976,-1.056794167
1837.200073,-1.059798241
1837.300049,-1.057986259
1837.400024,-1.064328671
1837.5,-1.068334103
1837.599976,-1.062468529
1837.700073,-1.055888176
1837.800049,-1.062516689
1837.900024,-1.053647041
1838,-1.059941292
1838.099976,-1.066712856
1838.200073,-1.064042568
1838.300049,-1.06265974
1838.400024,-1.058606148
1838.5,-1.060608864
1838.599976,-1.055709362
1838.700073,-1.051644325
1838.800049,-1.051978111
1838.900024,-1.055411339
1839,-1.05684185
1839.099976,-1.061181068
1839.200073,-1.061276436
1839.300049,-1.058224678
1839.400024,-1.064996243
1839.5,-1.049069405
1839.599976,-1.058081627
1839.700073,-1.059893608
1839.800049,-1.059857845
1839.900024,-1.060704231
1840,-1.058084607
1840.099976,-1.056269646
1840.200073,-1.055506706
1840.300049,-1.06676054
1840.400024,-1.064471722
1840.5,-1.065961838
1840.599976,-1.06676054
1840.700073,-1.065854549
1840.800049,-1.06265974
1840.900024,-1.057127953
1841,-1.054934502
1841.099976,-1.057318687
1841.200073,-1.058939934
1841.300049,-1.067094326
1841.400024,-1.059082985
1841.5,-1.069573879
1841.599976,-1.062182426
1841.700073,-1.062516689
1841.800049,-1.054600716
1841.900024,-1.060608864
1842,-1.053837776
1842.099976,-1.054791451
1842.200073,-1.063327312
1842.300049,-1.053456306
1842.400024,-1.058987617
1842.5,-1.059988976
1842.599976,-1.054171562
1842.700073,-1.063327312
1842.800049,-1.056078911
1842.900024,-1.05760479
1843,-1.055459023
1843.099976,-1.050833702
1843.200073,-1.048687935
1843.300049,-1.054934502
1843.400024,-1.059988976
1843.5,-1.061038017
1843.599976,-1.054934502
1843.700073,-1.054886818
1843.800049,-1.056818008
1843.900024,-1.059321404
1844,-1.058129311
1844.099976,-1.061038017
1844.200073,-1.059726715
1844.300049,-1.061419487
1844.400024,-1.058320045
1844.5,-1.058415413
1844.599976,-1.058367729
1844.700073,-1.058916092
1844.800049,-1.058415413
1844.900024,-1.060465813
1845,-1.058176994
1845.099976,-1.053837776
1845.200073,-1.050118446
1845.300049,-1.054362297
1845.400024,-1.049498558
1845.5,-1.057414055
1845.599976,-1.056651115
1845.700073,-1.05671072
1845.800049,-1.056174278
1845.900024,-1.056603432
1846,-1.058081627
1846.099976,-1.056317329
1846.200073,-1.063518047
1846.300049,-1.060227394
1846.400024,-1.050738335
1846.5,-1.051930428
1846.599976,-1.057127953
1846.700073,-1.051024437
1846.800049,-1.065425396
1846.900024,-1.052073479
1847,-1.065377712
1847.099976,-1.057652473
1847.200073,-1.051882744
1847.300049,-1.06056118
1847.400024,-1.048926353
1847.5,-1.054409981
1847.599976,-1.046303749
1847.700073,-1.05851078
1847.800049,-1.059845924
1847.900024,-1.052741051
1848,-1.057080269
1848.099976,-1.053933144
1848.200073,-1.05350399
1848.300049,-1.059369087
1848.400024,-1.051787376
1848.5,-1.055602074
1848.599976,-1.053265572
1848.700073,-1.052979469
1848.800049,-1.063994884
1848.900024,-1.050404549
1849,-1.062325478
1849.099976,-1.055506706
1849.200073,-1.047686577
1849.300049,-1.055983543
1849.400024,-1.057986259
1849.5,-1.050786018
1849.599976,-1.054409981
1849.700073,-1.054028511
1849.800049,-1.053551674
1849.900024,-1.053456306
1850,-1.052311897
1850.099976,-1.05657959
1850.200073,-1.061562538
1850.300049,-1.058987617
1850.400024,-1.057271004
1850.5,-1.060751915
1850.599976,-1.055411339
1850.700073,-1.058415413
1850.800049,-1.059178352
1850.900024,-1.057127953
1851,-1.05388546
1851.099976,-1.053408623
1851.200073,-1.053074837
1851.300049,-1.062707424
1851.400024,-1.051882744
1851.5,-1.058844566
1851.599976,-1.05851078
1851.700073,-1.056889534
1851.800049,-1.055864334
1851.900024,-1.053360939
1852,-1.054696083
1852.099976,-1.057938576
1852.200073,-1.057890892
1852.300049,-1.056651115
1852.400024,-1.056245804
1852.5,-1.05593586
1852.599976,-1.054505348
1852.700073,-1.054469585
1852.800049,-1.056317329
1852.900024,-1.051119804
1853,-1.05927372
1853.099976,-1.056269646
1853.200073,-1.054171562
1853.300049,-1.059750557
1853.400024,-1.054886818
1853.5,-1.051644325
1853.599976,-1.059559822
1853.700073,-1.060370445
1853.800049,-1.054028511
1853.900024,-1.052884102
1854,-1.056567669
1854.099976,-1.059941292
1854.200073,-1.059416771
1854.300049,-1.054314613
1854.400024,-1.062945843
1854.5,-1.058939934
1854.599976,-1.056746483
1854.700073,-1.054934502
1854.800049,-1.053408623
1854.900024,-1.051787376
1855,-1.052168846
1855.099976,-1.052598
1855.200073,-1.050881386
1855.300049,-1.057938576
1855.400024,-1.055745125
1855.5,-1.046399117
1855.599976,-1.062277794
1855.700073,-1.055268288
1855.800049,-1.047924995
1855.900024,-1.058463097
1856,-1.049880028
1856.099976,-1.063374996
1856.200073,-1.052311897
1856.300049,-1.052502632
1856.400024,-1.059750557
1856.5,-1.053837776
1856.599976,-1.059750557
1856.700073,-1.058129311
1856.800049,-1.052311897
1856.900024,-1.058987617
1857,-1.052979469
1857.099976,-1.051787376
1857.200073,-1.050690651
1857.300049,-1.054314613
1857.400024,-1.04720974
1857.5,-1.053837776
1857.599976,-1.056651115
1857.700073,-1.056365013
1857.800049,-1.048783302
1857.900024,-1.047352791
1858,-1.055506706
1858.099976,-1.050452232
1858.200073,-1.052979469
1858.300049,-1.056937218
1858.400024,-1.05388546
1858.5,-1.064376354
1858.599976,-1.054457664
1858.700073,-1.058033943
1858.800049,-1.052073479
1858.900024,-1.049212456
1859,-1.054791451
1859.099976,-1.055745125
1859.200073,-1.051310539
1859.300049,-1.054600716
1859.400024,-1.051739693
1859.5,-1.047066689
1859.599976,-1.050309181
1859.700073,-1.054648399
1859.800049,-1.053313255
1859.900024,-1.056984901
1860,-1.055697441
1860.099976,-1.052550316
1860.200073,-1.049307823
1860.300049,-1.050607204
1860.400024,-1.050213814
1860.5,-1.050356865
1860.599976,-1.051262856
1860.700073,-1.048830986
1860.800049,-1.052454948
1860.900024,-1.049593925
1861,-1.053647041
1861.099976,-1.053933144
1861.200073,-1.048163414
1861.300049,-1.047638893
1861.400024,-1.048509121
1861.5,-1.050261497
1861.599976,-1.047972679
1861.700073,-1.055602074
1861.800049,-1.047877312
1861.900024,-1.054171562
1862,-1.053265572
1862.099976,-1.049260139
1862.200073,-1.046494484
1862.300049,-1.043442726
1862.400024,-1.051644325
1862.5,-1.057127953
1862.599976,-1.04554081
1862.700073,-1.055363655
1862.800049,-1.05684185
1862.900024,-1.050118446
1863,-1.049403191
1863.099976,-1.05760479
1863.200073,-1.049641609
1863.300049,-1.054076195
1863.400024,-1.051548958
1863.5,-1.04887867
1863.599976,-1.050452232
1863.700073,-1.045826912
1863.800049,-1.048926353
1863.900024,-1.046303749
1864,-1.052454948
1864.099976,-1.044682503
1864.200073,-1.047877312
1864.300049,-1.046065331
1864.400024,-1.046637535
1864.5,-1.046303749
1864.599976,-1.046303749
1864.700073,-1.054028511
1864.800049,-1.051882744
1864.900024,-1.053790092
1865,-1.05312252
1865.099976,-1.056126595
1865.200073,-1.051644325
1865.300049,-1.042870522
1865.400024,-1.055315971
1865.5,-1.044730186
1865.599976,-1.046256065
1865.700073,-1.048473358
1865.800049,-1.051262856
1865.900024,-1.051644325
1866,-1.051775455
1866.099976,-1.05131948
1866.200073,-1.051262856
1866.300049,-1.050595284
1866.400024,-1.049498558
1866.5,-1.048068047
1866.599976,-1.048068047
1866.700073,-1.053074837
1866.800049,-1.045016289
1866.900024,-1.056889534
1867,-1.047162056
1867.099976,-1.054696083
1867.200073,-1.051692009
1867.300049,-1.048306465
1867.400024,-1.050309181
1867.5,-1.047877312
1867.599976,-1.048163414
1867.700073,-1.046482563
1867.800049,-1.043919563
1867.900024,-1.045969963
1868,-1.049403191
1868.099976,-1.042632103
1868.200073,-1.055983543
1868.300049,-1.042012215
1868.400024,-1.0484972
1868.5,-1.051882744
1868.599976,-1.045636177
1868.700073,-1.050833702
1868.800049,-1.04682827
1868.900024,-1.052598
1869,-1.056126595
1869.099976,-1.050452232
1869.200073,-1.050976753
1869.300049,-1.049546242
1869.400024,-1.045254707
1869.5,-1.046065331
1869.599976,-1.049260139
1869.700073,-1.056365013
1869.800049,-1.036862373
1869.900024,-1.042441368
1870,-1.045826912
1870.099976,-1.047448158
1870.200073,-1.046351433
1870.300049,-1.046768665
1870.400024,-1.047829628
1870.5,-1.045445442
1870.599976,-1.050881386
1870.700073,-1.046017647
1870.800049,-1.042918205
1870.900024,-1.050499916
1871,-1.047066689
1871.099976,-1.048926353
1871.200073,-1.042155266
1871.300049,-1.042632103
1871.400024,-1.045254707
1871.5,-1.04811573
1871.599976,-1.042441368
1871.700073,-1.0505476
1871.800049,-1.040247917
1871.900024,-1.043585777
1872,-1.042346001
1872.099976,-1.044873238
1872.200073,-1.042918205
1872.300049,-1.039103508
1872.400024,-1.03772068
1872.5,-1.048211098
1872.599976,-1.054028511
1872.700073,-1.051167488
1872.800049,-1.045731544
1872.900024,-1.041726112
1873,-1.047305107
1873.099976,-1.043728828
1873.200073,-1.047317028
1873.300049,-1.049307823
1873.400024,-1.048926353
1873.5,-1.047257423
1873.599976,-1.048449516
1873.700073,-1.04823494
1873.800049,-1.046732903
1873.900024,-1.050499916
1874,-1.045445442
1874.099976,-1.04144001
1874.200073,-1.042918205
1874.300049,-1.047972679
1874.400024,-1.046256065
1874.5,-1.044920921
1874.599976,-1.045254707
1874.700073,-1.044873238
1874.800049,-1.044968605
1874.900024,-1.043395042
1875,-1.041964531
1875.099976,-1.05092907
1875.200073,-1.053551674
1875.300049,-1.046685219
1875.400024,-1.050118446
1875.5,-1.045922279
1875.599976,-1.048544884
1875.700073,-1.044348717
1875.800049,-1.043442726
1875.900024,-1.043895721
1876,-1.04490304
1876.099976,-1.046542168
1876.200073,-1.045731544
1876.300049,-1.049427032
1876.400024,-1.05312252
1876.5,-1.052311897
1876.599976,-1.047758102
1876.700073,-1.041106224
1876.800049,-1.044491768
1876.900024,-1.053360939
1877,-1.047972679
1877.099976,-1.038054466
1877.200073,-1.042870522
1877.300049,-1.037768364
1877.400024,-1.045922279
1877.5,-1.039675713
1877.599976,-1.050356865
1877.700073,-1.038292885
1877.800049,-1.038912773
1877.900024,-1.047066689
1878,-1.052311897
1878.099976,-1.046780586
1878.200073,-1.03977108
1878.300049,-1.043061256
1878.400024,-1.039961815
1878.5,-1.044062614
1878.599976,-1.044730186
1878.700073,-1.044491768
1878.800049,-1.045922279
1878.900024,-1.043251991
1879,-1.040534019
1879.099976,-1.045445442
1879.200073,-1.048020363
1879.300049,-1.045683861
1879.400024,-1.045731544
1879.5,-1.050023079
1879.599976,-1.047638893
1879.700073,-1.044157982
1879.800049,-1.046303749
1879.900024,-1.046732903
1880,-1.042775154
1880.099976,-1.045111656
1880.200073,-1.050499916
1880.300049,-1.041630745
1880.400024,-1.046923637
1880.5,-1.039151192
1880.599976,-1.038578987
1880.700073,-1.04554081
1880.800049,-1.048974037
1880.900024,-1.041296959
1881,-1.045016289
1881.099976,-1.047352791
1881.200073,-1.051024437
1881.300049,-1.044014931
1881.400024,-1.04887867
1881.5,-1.05183506
1881.599976,-1.040534019
1881.700073,-1.042536736
1881.800049,-1.048592567
1881.900024,-1.041201591
1882,-1.046589851
1882.099976,-1.045731544
1882.200073,-1.051930428
1882.300049,-1.038626671
1882.400024,-1.056269646
1882.5,-1.05145359
1882.599976,-1.041487694
1882.700073,-1.045063972
1882.800049,-1.042393684
1882.900024,-1.043776512
1883,-1.043275833
1883.099976,-1.042298317
1883.200073,-1.044634819
1883.300049,-1.042226791
1883.400024,-1.041010857
1883.5,-1.040963173
1883.599976,-1.041606903
1883.700073,-1.042489052
1883.800049,-1.041964531
1883.900024,-1.03567028
1884,-1.04978466
1884.099976,-1.038817406
1884.200073,-1.048258781
1884.300049,-1.046780586
1884.400024,-1.043299675
1884.5,-1.051405907
1884.599976,-1.043204308
1884.700073,-1.047162056
1884.800049,-1.050690651
1884.900024,-1.046160698
1885,-1.045207024
1885.099976,-1.039008141
1885.200073,-1.043919563
1885.300049,-1.04105854
1885.400024,-1.048211098
1885.5,-1.04272747
1885.599976,-1.03977108
1885.700073,-1.035527229
1885.800049,-1.04144001
1885.900024,-1.043347359
1886,-1.042012215
1886.099976,-1.041296959
1886.200073,-1.038674355
1886.300049,-1.041153908
1886.400024,-1.046780586
1886.5,-1.035336494
1886.599976,-1.051596642
1886.700073,-1.036290169
1886.800049,-1.043251991
1886.900024,-1.035622597
1887,-1.049546242
1887.099976,-1.041344643
1887.200073,-1.045016289
1887.300049,-1.04272747
1887.400024,-1.041916847
1887.5,-1.041678429
1887.599976,-1.038960457
1887.700073,-1.043251991
1887.800049,-1.038197517
1887.900024,-1.043633461
1888,-1.033953667
1888.099976,-1.041249275
1888.200073,-1.041392326
1888.300049,-1.042512894
1888.400024,-1.042632103
1888.5,-1.04477787
1888.599976,-1.046637535
1888.700073,-1.043335438
1888.800049,-1.041726112
1888.900024,-1.040200233
1889,-1.042393684
1889.099976,-1.042393684
1889.200073,-1.038435936
1889.300049,-1.035098076
1889.400024,-1.045302391
1889.5,-1.037339211
1889.599976,-1.045493126
1889.700073,-1.035908699
1889.800049,-1.0443964
1889.900024,-1.045731544
1890,-1.035574913
1890.099976,-1.035574913
1890.200073,-1.042822838
1890.300049,-1.042441368
1890.400024,-1.043299675
1890.5,-1.043442726
1890.599976,-1.043156624
1890.700073,-1.042155266
1890.800049,-1.038292885
1890.900024,-1.032475471
1891,-1.037661076
1891.099976,-1.039961815
1891.200073,-1.039914131
1891.300049,-1.041964531
1891.400024,-1.044253349
1891.5,-1.043728828
1891.599976,-1.031950951
1891.700073,-1.033572197
1891.800049,-1.042489052
1891.900024,-1.045111656
1892,-1.040176392
1892.099976,-1.036480904
1892.200073,-1.036623955
1892.300049,-1.04272747
1892.400024,-1.033238411
1892.5,-1.041916847
1892.599976,-1.033286095
1892.700073,-1.031378746
1892.800049,-1.031509876
1892.900024,-1.033047676
1893,-1.035083175
1893.099976,-1.038006783
1893.200073,-1.037768364
1893.300049,-1.039008141
1893.400024,-1.040677071
1893.5,-1.034668922
1893.599976,-1.036480904
1893.700073,-1.034478188
1893.800049,-1.030758858
1893.900024,-1.03104496
1894,-1.0297575
1894.099976,-1.029185295
1894.200073,-1.029805183
1894.300049,-1.031915188
1894.400024,-1.031569481
1894.5,-1.037100792
1894.599976,-1.038912773
1894.700073,-1.039628029
1894.800049,-1.038042545
1894.900024,-1.036242485
1895,-1.037386894
1895.099976,-1.036576271
1895.200073,-1.03309536
1895.300049,-1.033810616
1895.400024,-1.032761574
1895.5,-1.038531303
1895.599976,-1.040438652
1895.700073,-1.04310894
1895.800049,-1.037434578
1895.900024,-1.035717964
1896,-1.035765648
1896.099976,-1.030282021
1896.200073,-1.03309536
1896.300049,-1.035336494
1896.400024,-1.038865089
1896.5,-1.039103508
1896.599976,-1.037339211
1896.700073,-1.037768364
1896.800049,-1.036623955
1896.900024,-1.038006783
1897,-1.040009499
1897.099976,-1.036623955
1897.200073,-1.039341927
1897.300049,-1.029423714
1897.400024,-1.03605175
1897.5,-1.041916847
1897.599976,-1.042965889
1897.700073,-1.036528587
1897.800049,-1.044157982
1897.900024,-1.034621239
1898,-1.028851509
1898.099976,-1.036194801
1898.200073,-1.03476429
1898.300049,-1.03810215
1898.400024,-1.043299675
1898.5,-1.040009499
1898.599976,-1.040951252
1898.700073,-1.040772438
1898.800049,-1.039723396
1898.900024,-1.031903267
1899,-1.043251991
1899.099976,-1.035717964
1899.200073,-1.034287453
1899.300049,-1.042107582
1899.400024,-1.03438282
1899.5,-1.041583061
1899.599976,-1.035384178
1899.700073,-1.030377388
1899.800049,-1.038722038
1899.900024,-1.030901909
1900,-1.03400135
1900.099976,-1.028756142
1900.200073,-1.028946877
1900.300049,-1.031772137
1900.400024,-1.035527229
1900.5,-1.033858299
1900.599976,-1.03400135
1900.700073,-1.032952309
1900.800049,-1.028899193
1900.900024,-1.026753426
1901,-1.029924393
1901.099976,-1.033143044
1901.200073,-1.030901909
1901.300049,-1.032094002
1901.400024,-1.031998634
1901.5,-1.035288811
1901.599976,-1.029709816
1901.700073,-1.03207016
1901.800049,-1.02937603
1901.900024,-1.033905983
1902,-1.032570839
1902.099976,-1.03565836
1902.200073,-1.037816048
1902.300049,-1.038340569
1902.400024,-1.039186954
1902.5,-1.041726112
1902.599976,-1.038865089
1902.700073,-1.035527229
1902.800049,-1.036623955
1902.900024,-1.040390968
1903,-1.031521797
1903.099976,-1.038722038
1903.200073,-1.031283379
1903.300049,-1.034525871
1903.400024,-1.042918205
1903.5,-1.031092644
1903.599976,-1.037672997
1903.700073,-1.039628029
1903.800049,-1.036671638
1903.900024,-1.033953667
1904,-1.035431862
1904.099976,-1.040343285
1904.200073,-1.029185295
1904.300049,-1.034144402
1904.400024,-1.036290169
1904.5,-1.028803825
1904.599976,-1.041344643
1904.700073,-1.02899456
1904.800049,-1.034525871
1904.900024,-1.03681469
1905,-1.033715248
1905.099976,-1.037148476
1905.200073,-1.036385536
1905.300049,-1.035431862
1905.400024,-1.029614449
1905.5,-1.033905983
1905.599976,-1.040057182
1905.700073,-1.028708458
1905.800049,-1.037529945
1905.900024,-1.038197517
1906,-1.035288811
1906.099976,-1.039294243
1906.200073,-1.035908699
1906.300049,-1.037434578
1906.400024,-1.032427788
1906.5,-1.033858299
1906.599976,-1.03527689
1906.700073,-1.037100792
1906.800049,-1.03772068
1906.900024,-1.031998634
1907,-1.028565407
1907.099976,-1.038292885
1907.200073,-1.033143044
1907.300049,-1.038674355
1907.400024,-1.036957741
1907.5,-1.037494183
1907.599976,-1.037005424
1907.700073,-1.037339211
1907.800049,-1.038149834
1907.900024,-1.037529945
1908,-1.03772068
1908.099976,-1.036910057
1908.200073,-1.034668922
1908.300049,-1.031235695
1908.400024,-1.034871578
1908.5,-1.036767006
1908.599976,-1.03681469
1908.700073,-1.036385536
1908.800049,-1.034096718
1908.900024,-1.028136253
1909,-1.040629387
1909.099976,-1.035908699
1909.200073,-1.028231621
1909.300049,-1.037959099
1909.400024,-1.033286095
1909.5,-1.037768364
1909.599976,-1.035813332
1909.700073,-1.034096718
1909.800049,-1.037434578
1909.900024,-1.031569481
1910,-1.0277071
1910.099976,-1.040724754
1910.200073,-1.035908699
1910.300049,-1.0297575
1910.400024,-1.034239769
1910.5,-1.032856941
1910.599976,-1.037816048
1910.700073,-1.03142643
1910.800049,-1.037577629
1910.900024,-1.041726112
1911,-1.039294243
1911.099976,-1.029519081
1911.200073,-1.040200233
1911.300049,-1.034859657
1911.400024,-1.031712532
1911.5,-1.040009499
1911.599976,-1.035861015
1911.700073,-1.045254707
1911.800049,-1.040438652
1911.900024,-1.034955025
1912,-1.02899456
1912.099976,-1.040343285
1912.200073,-1.03104496
1912.300049,-1.029948235
1912.400024,-1.034478188
1912.5,-1.027468681
1912.599976,-1.038149834
1912.700073,-1.032046318
1912.800049,-1.036147118
1912.900024,-1.034335136
1913,-1.034478188
1913.099976,-1.036194801
1913.200073,-1.037291527
1913.300049,-1.038722038
1913.400024,-1.03977108
1913.5,-1.029137611
1913.599976,-1.037053108
1913.700073,-1.030043602
1913.800049,-1.02732563
1913.900024,-1.035050392
1914,-1.034192085
1914.099976,-1.035717964
1914.200073,-1.032237053
1914.300049,-1.039914131
1914.400024,-1.034573555
1914.5,-1.032523155
1914.599976,-1.03066349
1914.700073,-1.038340569
1914.800049,-1.029471397
1914.900024,-1.036242485
1915,-1.034478188
1915.099976,-1.031378746
1915.200073,-1.029805183
1915.300049,-1.039151192
1915.400024,-1.037529945
1915.5,-1.034144402
1915.599976,-1.035002708
1915.700073,-1.035908699
1915.800049,-1.032523155
1915.900024,-1.036862373
1916,-1.031617165
1916.099976,-1.028279305
1916.200073,-1.033619881
1916.300049,-1.035050392
1916.400024,-1.032952309
1916.5,-1.030282021
1916.599976,-1.029089928
1916.700073,-1.035336494
1916.800049,-1.037959099
1916.900024,-1.034168243
1917,-1.031569481
1917.099976,-1.031807899
1917.200073,-1.033762932
1917.300049,-1.032856941
1917.400024,-1.035741806
1917.5,-1.037577629
1917.599976,-1.038769722
1917.700073,-1.035109997
1917.800049,-1.031807899
1917.900024,-1.032284737
1918,-1.030186653
1918.099976,-1.037768364
1918.200073,-1.0277071
1918.300049,-1.035002708
1918.400024,-1.029089928
1918.5,-1.039628029
1918.599976,-1.040009499
1918.700073,-1.038733959
1918.800049,-1.035956383
1918.900024,-1.039341927
1919,-1.033429146
1919.099976,-1.033572197
1919.200073,-1.034287453
1919.300049,-1.031855583
1919.400024,-1.033619881
1919.5,-1.035908699
1919.599976,-1.033190727
1919.700073,-1.03233242
1919.800049,-1.030901909
1919.900024,-1.029566765
1920,-1.031283379
1920.099976,-1.027420998
1920.200073,-1.037672997
1920.300049,-1.029137611
1920.400024,-1.034192085
1920.5,-1.026896477
1920.599976,-1.030854225
1920.700073,-1.030544281
1920.800049,-1.031521797
1920.900024,-1.032904625
1921,-1.031807899
1921.099976,-1.037911415
1921.200073,-1.032427788
1921.300049,-1.036910057
1921.400024,-1.03142643
1921.5,-1.031569481
1921.599976,-1.036719322
1921.700073,-1.036623955
1921.800049,-1.025752068
1921.900024,-1.028946877
1922,-1.044301033
1922.099976,-1.028279305
1922.200073,-1.037625313
1922.300049,-1.032666206
1922.400024,-1.029137611
1922.5,-1.039675713
1922.599976,-1.03567028
1922.700073,-1.03514576
1922.800049,-1.032618523
1922.900024,-1.032618523
1923,-1.028136253
1923.099976,-1.02436924
1923.200073,-1.040438652
1923.300049,-1.027897835
1923.400024,-1.033715248
1923.5,-1.026133537
1923.599976,-1.034907341
1923.700073,-1.033905983
1923.800049,-1.034335136
1923.900024,-1.033858299
1924,-1.034668922
1924.099976,-1.034668922
1924.200073,-1.034668922
1924.300049,-1.03347683
1924.400024,-1.035861015
1924.5,-1.0277071
1924.599976,-1.033524513
1924.700073,-1.024273872
1924.800049,-1.034049034
1924.900024,-1.035813332
1925,-1.031664848
1925.099976,-1.034811974
1925.200073,-1.033715248
1925.300049,-1.033333778
1925.400024,-1.027564049
1925.5,-1.030901909
1925.599976,-1.019648552
1925.700073,-1.036862373
1925.800049,-1.027373314
1925.900024,-1.037434578
1926,-1.024655342
1926.099976,-1.024273872
1926.200073,-1.029709816
1926.300049,-1.032809258
1926.400024,-1.037100792
1926.5,-1.032094002
1926.599976,-1.032761574
1926.700073,-1.027087212
1926.800049,-1.021794319
1926.900024,-1.021698952
1927,-1.024047375
1927.099976,-1.024846077
1927.200073,-1.027850151
1927.300049,-1.026741505
1927.400024,-1.026562691
1927.5,-1.0277071
1927.599976,-1.031188011
1927.700073,-1.026133537
1927.800049,-1.03066349
1927.900024,-1.031331062
1928,-1.029280663
1928.099976,-1.026705742
1928.200073,-1.033238411
1928.300049,-1.026228905
1928.400024,-1.028470039
1928.5,-1.02732563
1928.599976,-1.034859657
1928.700073,-1.030138969
1928.800049,-1.025418282
1928.900024,-1.030234337
1929,-1.023081779
1929.099976,-1.031903267
1929.200073,-1.025513649
1929.300049,-1.028326988
1929.400024,-1.030997276
1929.5,-1.022938728
1929.599976,-1.03400135
1929.700073,-1.028565407
1929.800049,-1.028470039
1929.900024,-1.029423714
1930,-1.026753426
1930.099976,-1.027122974
1930.200073,-1.026371956
1930.300049,-1.028669715
1930.400024,-1.030091286
1930.5,-1.031092644
1930.599976,-1.031998634
1930.700073,-1.031402588
1930.800049,-1.030854225
1930.900024,-1.031664848
1931,-1.029185295
1931.099976,-1.018408775
1931.200073,-1.026324272
1931.300049,-1.032952309
1931.400024,-1.026848793
1931.5,-1.01936245
1931.599976,-1.029471397
1931.700073,-1.027420998
1931.800049,-1.030806541
1931.900024,-1.028851509
1932,-1.024655342
1932.099976,-1.017359734
1932.200073,-1.022414207
1932.300049,-1.024416924
1932.400024,-1.028851509
1932.5,-1.029042244
1932.599976,-1.036242485
1932.700073,-1.022843361
1932.800049,-1.031092644
1932.900024,-1.035908699
1933,-1.027134895
1933.099976,-1.02193737
1933.200073,-1.03142643
1933.300049,-1.026228905
1933.400024,-1.033333778
1933.5,-1.036957741
1933.599976,-1.027420998
1933.700073,-1.025084496
1933.800049,-1.032666206
1933.900024,-1.028756142
1934,-1.024559975
1934.099976,-1.027039528
1934.200073,-1.030901909
1934.300049,-1.030186653
1934.400024,-1.03271389
1934.5,-1.034525871
1934.599976,-1.032320499
1934.700073,-1.031569481
1934.800049,-1.030472755
1934.900024,-1.028887272
1935,-1.026228905
1935.099976,-1.027277946
1935.200073,-1.028136253
1935.300049,-1.026991844
1935.400024,-1.025132179
1935.5,-1.028422356
1935.599976,-1.025895119
1935.700073,-1.028398514
1935.800049,-1.027897835
1935.900024,-1.031378746
1936,-1.020077705
1936.099976,-1.024846077
1936.200073,-1.032046318
1936.300049,-1.018456459
1936.400024,-1.022652626
1936.5,-1.028279305
1936.599976,-1.030329704
1936.700073,-1.029614449
1936.800049,-1.029328346
1936.900024,-1.030520439
1937,-1.019314766
1937.099976,-1.033572197
1937.200073,-1.026991844
1937.300049,-1.031474113
1937.400024,-1.024178505
1937.5,-1.023797035
1937.599976,-1.024559975
1937.700073,-1.027373314
1937.800049,-1.034907341
1937.900024,-1.03142643
1938,-1.025179863
1938.099976,-1.021985054
1938.200073,-1.027754784
1938.300049,-1.026896477
1938.400024,-1.023129463
1938.5,-1.017407417
1938.599976,-1.018837929
1938.700073,-1.026228905
1938.800049,-1.017502785
1938.900024,-1.037768364
1939,-1.015213966
1939.099976,-1.02641964
1939.200073,-1.031617165
1939.300049,-1.022509575
1939.400024,-1.029995918
1939.5,-1.030711174
1939.599976,-1.033572197
1939.700073,-1.033143044
1939.800049,-1.027611732
1939.900024,-1.02398777
1940,-1.02488184
1940.099976,-1.025418282
1940.200073,-1.022509575
1940.300049,-1.025799751
1940.400024,-1.028946877
1940.5,-1.022747993
1940.599976,-1.034430504
1940.700073,-1.027993202
1940.800049,-1.02641964
1940.900024,-1.026991844
1941,-1.024941444
1941.099976,-1.030854225
1941.200073,-1.022795677
1941.300049,-1.027897835
1941.400024,-1.02436924
1941.5,-1.029042244
1941.599976,-1.025036812
1941.700073,-1.024941444
1941.800049,-1.025322914
1941.900024,-1.02899456
1942,-1.02231884
1942.099976,-1.028946877
1942.200073,-1.024846077
1942.300049,-1.029185295
1942.400024,-1.025418282
1942.5,-1.034430504
1942.599976,-1.026085854
1942.700073,-1.018265724
1942.800049,-1.0256567
1942.900024,-1.023749352
1943,-1.026515007
1943.099976,-1.032904625
1943.200073,-1.030472755
1943.300049,-1.029280663
1943.400024,-1.026324272
1943.5,-1.027420998
1943.599976,-1.0282197
1943.700073,-1.0277071
1943.800049,-1.03142643
1943.900024,-1.025704384
1944,-1.030472755
1944.099976,-1.022271156
1944.200073,-1.035050392
1944.300049,-1.028040886
1944.400024,-1.022986412
1944.5,-1.024464607
1944.599976,-1.02193737
1944.700073,-1.029042244
1944.800049,-1.022509575
1944.900024,-1.027564049
1945,-1.029471397
1945.099976,-1.027659416
1945.200073,-1.026610374
1945.300049,-1.027087212
1945.400024,-1.03104496
1945.5,-1.024846077
1945.599976,-1.028851509
1945.700073,-1.02757597
1945.800049,-1.028708458
1945.900024,-1.027897835
1946,-1.020316124
1946.099976,-1.024941444
1946.200073,-1.020983696
1946.300049,-1.02808857
1946.400024,-1.015547752
1946.5,-1.021365166
1946.599976,-1.028946877
1946.700073,-1.022032738
1946.800049,-1.028470039
1946.900024,-1.031474113
1947,-1.033381462
1947.099976,-1.0256567
1947.200073,-1.027468681
1947.300049,-1.024226189
1947.400024,-1.015357018
1947.5,-1.034573555
1947.599976,-1.022461891
1947.700073,-1.023558617
1947.800049,-1.022271156
1947.900024,-1.030854225
1948,-1.027802467
1948.099976,-1.016692162
1948.200073,-1.028899193
1948.300049,-1.021460533
1948.400024,-1.025561333
1948.5,-1.026181221
1948.599976,-1.022175789
1948.700073,-1.025513649
1948.800049,-1.026133537
1948.900024,-1.027564049
1949,-1.029232979
1949.099976,-1.032284737
1949.200073,-1.030949593
1949.300049,-1.026896477
1949.400024,-1.03233242
1949.5,-1.029471397
1949.599976,-1.025227547
1949.700073,-1.021698952
1949.800049,-1.032141685
1949.900024,-1.028326988
1950,-1.024941444
1950.099976,-1.02694416
1950.200073,-1.02808857
1950.300049,-1.024130821
1950.400024,-1.025847435
1950.5,-1.026896477
1950.599976,-1.032427788
1950.700073,-1.028374672
1950.800049,-1.021698952
1950.900024,-1.023892403
1951,-1.023415565
1951.099976,-1.025597095
1951.200073,-1.024893761
1951.300049,-1.030186653
1951.400024,-1.024273872
1951.5,-1.019553185
1951.599976,-1.024273872
1951.700073,-1.032618523
1951.800049,-1.028851509
1951.900024,-1.022080421
1952,-1.023415565
1952.099976,-1.032094002
1952.200073,-1.030043602
1952.300049,-1.024559975
1952.400024,-1.022128105
1952.5,-1.028946877
1952.599976,-1.022271156
1952.700073,-1.01731205
1952.800049,-1.01898098
1952.900024,-1.022557259
1953,-1.028517723
1953.099976,-1.033190727
1953.200073,-1.0277071
1953.300049,-1.022461891
1953.400024,-1.018504143
1953.5,-1.021842003
1953.599976,-1.026371956
1953.700073,-1.026205063
1953.800049,-1.029328346
1953.900024,-1.027277946
1954,-1.021174431
1954.099976,-1.029280663
1954.200073,-1.023272514
1954.300049,-1.028899193
1954.400024,-1.025609016
1954.5,-1.025418282
1954.599976,-1.024607658
1954.700073,-1.024130821
1954.800049,-1.023272514
1954.900024,-1.029089928
1955,-1.020030022
1955.099976,-1.02641964
1955.200073,-1.024464607
1955.300049,-1.028136253
1955.400024,-1.021365166
1955.5,-1.018933296
1955.599976,-1.022199631
1955.700073,-1.024989128
1955.800049,-1.023510933
1955.900024,-1.023701668
1956,-1.021830082
1956.099976,-1.022080421
1956.200073,-1.018027306
1956.300049,-1.019743919
1956.400024,-1.02231884
1956.5,-1.019743919
1956.599976,-1.026610374
1956.700073,-1.032046318
1956.800049,-1.026848793
1956.900024,-1.025561333
1957,-1.023797035
1957.099976,-1.021746635
1957.200073,-1.019219398
1957.300049,-1.023248672
1957.400024,-1.025799751
1957.5,-1.026228905
1957.599976,-1.024703026
1957.700073,-1.024965286
1957.800049,-1.024321556
1957.900024,-1.024607658
1958,-1.020411491
1958.099976,-1.027659416
1958.200073,-1.022604942
1958.300049,-1.017502785
1958.400024,-1.023653984
1958.5,-1.032904625
1958.599976,-1.019076347
1958.700073,-1.021651268
1958.800049,-1.032380104
1958.900024,-1.015213966
1959,-1.028231621
1959.099976,-1.021365166
1959.200073,-1.019553185
1959.300049,-1.01321125
1959.400024,-1.019183636
1959.5,-1.02270031
1959.599976,-1.021269798
1959.700073,-1.020339966
1959.800049,-1.020459175
1959.900024,-1.01693058
1960,-1.017788887
1960.099976,-1.016358376
1960.200073,-1.0236063
1960.300049,-1.019743919
1960.400024,-1.017168999
1960.5,-1.022652626
1960.599976,-1.016501427
1960.700073,-1.015118599
1960.800049,-1.022271156
1960.900024,-1.023940086
1961,-1.020411491
1961.099976,-1.023558617
1961.200073,-1.022032738
1961.300049,-1.018790245
1961.400024,-1.019314766
1961.5,-1.017598152
1961.599976,-1.022366524
1961.700073,-1.018122673
1961.800049,-1.020697594
1961.900024,-1.021365166
1962,-1.017407417
1962.099976,-1.017407417
1962.200073,-1.024607658
1962.300049,-1.017073631
1962.400024,-1.022128105
1962.5,-1.023415565
1962.599976,-1.026181221
1962.700073,-1.021651268
1962.800049,-1.01488018
1962.900024,-1.028565407
1963,-1.018504143
1963.099976,-1.013449669
1963.200073,-1.022175789
1963.300049,-1.011590004
1963.400024,-1.027945518
1963.5,-1.031998634
1963.599976,-1.02064991
1963.700073,-1.027420998
1963.800049,-1.021222115
1963.900024,-1.020316124
1964,-1.02064991
1964.099976,-1.023403645
1964.200073,-1.025513649
1964.300049,-1.027134895
1964.400024,-1.023236752
1964.5,-1.020745277
1964.599976,-1.019553185
1964.700073,-1.019171715
1964.800049,-1.007346153
1964.900024,-1.028613091
1965,-1.014832497
1965.099976,-1.014832497
1965.200073,-1.018742561
1965.300049,-1.019886971
1965.400024,-1.018790245
1965.5,-1.018694878
1965.599976,-1.017550468
1965.700073,-1.018551826
1965.800049,-1.020173073
1965.900024,-1.016489506
1966,-1.013783455
1966.099976,-1.013449669
1966.200073,-1.015881538
1966.300049,-1.019028664
1966.400024,-1.020840645
1966.5,-1.020375729
1966.599976,-1.019982338
1966.700073,-1.021651268
1966.800049,-1.022306919
1966.900024,-1.024989128
1967,-1.022604942
1967.099976,-1.015500069
1967.200073,-1.016787529
1967.300049,-1.01821804
1967.400024,-1.01654911
1967.5,-1.013020515
1967.599976,-1.014212608
1967.700073,-1.019743919
1967.800049,-1.015118599
1967.900024,-1.009730339
1968,-1.017025948
1968.099976,-1.021603584
1968.200073,-1.022175789
1968.300049,-1.020709515
1968.400024,-1.019457817
1968.5,-1.019600868
1968.599976,-1.016572952
1968.700073,-1.01564312
1968.800049,-1.011590004
1968.900024,-1.011733055
1969,-1.015035152
1969.099976,-1.01654911
1969.200073,-1.02026844
1969.300049,-1.011828423
1969.400024,-1.024416924
1969.5,-1.020554543
1969.599976,-1.022902966
1969.700073,-1.024178505
1969.800049,-1.022461891
1969.900024,-1.019457817
1970,-1.019839287
1970.099976,-1.018074989
1970.200073,-1.016346455
1970.300049,-1.014164925
1970.400024,-1.013306618
1970.5,-1.015142441
1970.599976,-1.016167641
1970.700073,-1.01693058
1970.800049,-1.014069557
1970.900024,-1.015845776
1971,-1.016167641
1971.099976,-1.016215324
1971.200073,-1.015380859
1971.300049,-1.015500069
1971.400024,-1.013640404
1971.5,-1.014641762
1971.599976,-1.019076347
1971.700073,-1.013020515
1971.800049,-1.023940086
1971.900024,-1.010540962
1972,-1.020220757
1972.099976,-1.014832497
1972.200073,-1.019743919
1972.300049,-1.021651268
1972.400024,-1.019648552
1972.5,-1.021222115
1972.599976,-1.019648552
1972.700073,-1.018313408
1972.800049,-1.021067142
1972.900024,-1.022843361
1973,-1.023463249
1973.099976,-1.020328045
1973.200073,-1.018361092
1973.300049,-1.016644478
1973.400024,-1.026562691
1973.5,-1.01397419
1973.599976,-1.019028664
1973.700073,-1.018313408
1973.800049,-1.026181221
1973.900024,-1.021508217
1974,-1.013878822
1974.099976,-1.02064991
1974.200073,-1.014021873
1974.300049,-1.015023232
1974.400024,-1.01654911
1974.5,-1.016119957
1974.599976,-1.015023232
1974.700073,-1.011351585
1974.800049,-1.01025486
1974.900024,-1.022604942
1975,-1.014832497
1975.099976,-1.023463249
1975.200073,-1.012400627
1975.300049,-1.016501427
1975.400024,-1.018694878
1975.5,-1.01731205
1975.599976,-1.021985054
1975.700073,-1.014117241
1975.800049,-1.023510933
1975.900024,-1.010493279
1976,-1.025513649
1976.099976,-1.014117241
1976.200073,-1.0236063
1976.300049,-1.020077705
1976.400024,-1.019934654
1976.5,-1.017550468
1976.599976,-1.009539604
1976.700073,-1.017359734
1976.800049,-1.024130821
1976.900024,-1.020697594
1977,-1.023034096
1977.099976,-1.023940086
1977.200073,-1.017979622
1977.300049,-1.010302544
1977.400024,-1.016263008
1977.5,-1.016692162
1977.599976,-1.017741203
1977.700073,-1.020411491
1977.800049,-1.018504143
1977.900024,-1.012495995
1978,-1.015404701
1978.099976,-1.01397419
1978.200073,-1.015118599
1978.300049,-1.016644478
1978.400024,-1.017645836
1978.5,-1.017681599
1978.599976,-1.018265724
1978.700073,-1.018170357
1978.800049,-1.020030022
1978.900024,-1.016835213
1979,-1.022271156
1979.099976,-1.016978264
1979.200073,-1.004199028
1979.300049,-1.022843361
1979.400024,-1.015881538
1979.5,-1.011590004
1979.599976,-1.013783455
1979.700073,-1.01602459
1979.800049,-1.015166283
1979.900024,-1.020030022
1980,-1.023224831
1980.099976,-1.014212608
1980.200073,-1.014784813
1980.300049,-1.015964985
1980.400024,-1.015973926
1980.5,-1.016501427
1980.599976,-1.016644478
1980.700073,-1.015070915
1980.800049,-1.018790245
1980.900024,-1.01230526
1981,-1.017025948
1981.099976,-1.019791603
1981.200073,-1.016322613
1981.300049,-1.014975548
1981.400024,-1.013497353
1981.5,-1.009968758
1981.599976,-1.018456459
1981.700073,-1.007584572
1981.800049,-1.013688087
1981.900024,-1.018456459
1982,-1.013831139
1982.099976,-1.019982338
1982.200073,-1.024607658
1982.300049,-1.01898098
1982.400024,-1.015595436
1982.5,-1.024559975
1982.599976,-1.015452385
1982.700073,-1.012829781
1982.800049,-1.01769352
1982.900024,-1.019553185
1983,-1.02103138
1983.099976,-1.017168999
1983.200073,-1.017788887
1983.300049,-1.013449669
1983.400024,-1.014117241
1983.5,-1.01230526
1983.599976,-1.015559673
1983.700073,-1.017407417
1983.800049,-1.018408775
1983.900024,-1.021651268
1984,-1.018504143
1984.099976,-1.01397419
1984.200073,-1.010397911
1984.300049,-1.017931938
1984.400024,-1.019028664
1984.5,-1.013783455
1984.599976,-1.015404701
1984.700073,-1.017025948
1984.800049,-1.009968758
1984.900024,-1.017645836
1985,-1.013068199
1985.099976,-1.020745277
1985.200073,-1.021317482
1985.300049,-1.017455101
1985.400024,-1.01693058
1985.5,-1.016978264
1985.599976,-1.011494637
1985.700073,-1.024273872
1985.800049,-1.016310692
1985.900024,-1.011733055
1986,-1.013497353
1986.099976,-1.011637688
1986.200073,-1.016835213
1986.300049,-1.026324272
1986.400024,-1.012400627
1986.5,-1.016692162
1986.599976,-1.014141083
1986.700073,-1.014689445
1986.800049,-1.014540434
1986.900024,-1.014594078
1987,-1.014737129
1987.099976,-1.014248371
1987.200073,-1.015404701
1987.300049,-1.012257576
1987.400024,-1.015118599
1987.5,-1.007012367
1987.599976,-1.017502785
1987.700073,-1.021651268
1987.800049,-1.018456459
1987.900024,-1.009444237
1988,-1.0089674
1988.099976,-1.012877464
1988.200073,-1.012782097
1988.300049,-1.015976906
1988.400024,-1.017598152
1988.5,-1.014451027
1988.599976,-1.013878822
1988.700073,-1.01654911
1988.800049,-1.01731205
1988.900024,-1.014784813
1989,-1.013735771
1989.099976,-1.01154232
1989.200073,-1.016739845
1989.300049,-1.014117241
1989.400024,-1.013700008
1989.5,-1.012400627
1989.599976,-1.014859319
1989.700073,-1.016310692
1989.800049,-1.017025948
1989.900024,-1.017168999
1990,-1.017455101
1990.099976,-1.017884254
1990.200073,-1.015738487
1990.300049,-1.018361092
1990.400024,-1.01063633
1990.5,-1.018504143
1990.599976,-1.011208534
1990.700073,-1.016787529
1990.800049,-1.022604942
1990.900024,-1.020506859
1991,-1.012639046
1991.099976,-1.012448311
1991.200073,-1.009253502
1991.300049,-1.012686729
1991.400024,-1.014343739
1991.5,-1.016310692
1991.599976,-1.019124031
1991.700073,-1.009110451
1991.800049,-1.02398777
1991.900024,-1.011876106
1992,-1.017359734
1992.099976,-1.010684013
1992.200073,-1.012162209
1992.300049,-1.013688087
1992.400024,-1.01602459
1992.5,-1.016358376
1992.599976,-1.011685371
1992.700073,-1.01230526
1992.800049,-1.015333176
1992.900024,-1.01821804
1993,-1.019124031
1993.099976,-1.014069557
1993.200073,-1.012829781
1993.300049,-1.011733055
1993.400024,-1.011733055
1993.5,-1.010111809
1993.599976,-1.013497353
1993.700073,-1.023940086
1993.800049,-1.014451027
1993.900024,-1.009587288
1994,-1.012591362
1994.099976,-1.008681297
1994.200073,-1.017216682
1994.300049,-1.015833855
1994.400024,-1.012543678
1994.5,-1.015690804
1994.599976,-1.018742561
1994.700073,-1.012972832
1994.800049,-1.014021873
1994.900024,-1.018837929
1995,-1.020316124
1995.099976,-1.014069557
1995.200073,-1.018456459
1995.300049,-1.014784813
1995.400024,-1.01731205
1995.5,-1.008776665
1995.599976,-1.009205818
1995.700073,-1.014212608
1995.800049,-1.015976906
1995.900024,-1.016119957
1996,-1.010540962
1996.099976,-1.012877464
1996.200073,-1.012972832
1996.300049,-1.011876106
1996.400024,-1.006011009
1996.5,-1.017598152
1996.599976,-1.003912926
1996.700073,-1.014737129
1996.800049,-1.019648552
1996.900024,-1.008252144
1997,-1.014927864
1997.099976,-1.009253502
1997.200073,-1.018027306
1997.300049,-1.012066841
1997.400024,-1.008013725
1997.5,-1.016978264
1997.599976,-1.017741203
1997.700073,-1.01526165
1997.800049,-1.012400627
1997.900024,-1.013926506
1998,-1.012114525
1998.099976,-1.015547752
1998.200073,-1.019314766
1998.300049,-1.014522552
1998.400024,-1.010731697
1998.5,-1.012495995
1998.599976,-1.01076746
1998.700073,-1.010016441
1998.800049,-1.009825706
1998.900024,-1.008883953
1999,-1.008299828
1999.099976,-1.007393837
1999.200073,-1.008824348
1999.300049,-1.008860111
1999.400024,-1.010540962
1999.5,-1.008681297
1999.599976,-1.009921074
1999.700073,-1.007441521
1999.800049,-1.006964684
1999.900024,-1.007977962
2000,-1.008681297
2000.099976,-1.008824348
2000.200073,-1.005534172
2000.300049,-1.002434731
2000.400024,-1.004187107
2000.5,-1.003006935
2000.599976,-1.005772591
2000.700073,-1.005200386
2000.800049,-1.008442879
2000.900024,-1.012162209
2001,-1.01063633
2001.099976,-1.012782097
2001.200073,-1.014164925
2001.300049,-1.006917
2001.400024,-1.022128105
2001.5,-1.010350227
2001.599976,-1.012972832
2001.700073,-1.011113167
2001.800049,-1.005438805
2001.900024,-1.016263008
2002,-1.010397911
2002.099976,-1.015404701
2002.200073,-1.010397911
2002.300049,-1.009968758
2002.400024,-1.010779381
2002.5,-1.011399269
2002.599976,-1.011351585
2002.700073,-1.003531456
2002.800049,-1.01230526
2002.900024,-1.003626823
2003,-1.004675865
2003.099976,-1.013497353
2003.200073,-1.015595436
2003.300049,-1.012317181
2003.400024,-1.010016441
2003.5,-1.010159492
2003.599976,-1.01488018
2003.700073,-0.99985981
2003.800049,-1.005915642
2003.900024,-1.004199028
2004,-1.006678581
2004.099976,-1.014307976
2004.200073,-1.004723549
2004.300049,-1.01230526
2004.400024,-1.004580498
2004.5,-1.004103661
2004.599976,-1.013306618
2004.700073,-1.012448311
2004.800049,-1.014641762
2004.900024,-1.005200386
2005,-1.014164925
2005.099976,-1.010588646
2005.200073,-1.009158134
2005.300049,-1.011566162
2005.400024,-1.013735771
2005.5,-1.012782097
2005.599976,-1.004628181
2005.700073,-1.009634972
2005.800049,-1.014260292
2005.900024,-1.00858593
2006,-1.007393837
2006.099976,-1.01192379
2006.200073,-1.012686729
2006.300049,-1.007203102
2006.400024,-1.016453743
2006.5,-1.011160851
2006.599976,-1.017407417
2006.700073,-1.005724907
2006.800049,-1.015357018
2006.900024,-1.005820274
2007,-1.018170357
2007.099976,-1.012734413
2007.200073,-1.014260292
2007.300049,-1.012782097
2007.400024,-1.010350227
2007.5,-1.013020515
2007.599976,-1.009444237
2007.700073,-1.007679939
2007.800049,-1.00987339
2007.900024,-1.006058693
2008,-1.006726265
2008.099976,-1.010302544
2008.200073,-1.012209892
2008.300049,-1.003483772
2008.400024,-1.007870674
2008.5,-1.015357018
2008.599976,-1.008395195
2008.700073,-1.014164925
2008.800049,-1.008252144
2008.900024,-1.012877464
2009,-1.00615406
2009.099976,-1.015738487
2009.200073,-1.013831139
2009.300049,-1.007203102
2009.400024,-1.005152702
2009.5,-1.004342079
2009.599976,-1.00729847
2009.700073,-1.008728981
2009.800049,-1.011208534
2009.900024,-1.010159492
2010,-1.010111809
2010.099976,-1.010588646
2010.200073,-1.010588646
2010.300049,-1.007966042
2010.400024,-1.003483772
2010.5,-1.008395195
2010.599976,-1.011446953
2010.700073,-1.01063633
2010.800049,-1.011017799
2010.900024,-1.014069557
2011,-1.006630898
2011.099976,-1.009968758
2011.200073,-1.014260292
2011.300049,-1.008156776
2011.400024,-1.010111809
2011.5,-1.007584572
2011.599976,-1.011828423
2011.700073,-1.00524807
2011.800049,-1.008919716
2011.900024,-1.006011009
2012,-1.010397911
2012.099976,-1.010207176
2012.200073,-1.006773949
2012.300049,-1.013783455
2012.400024,-1.009110451
2012.5,-1.008299828
2012.599976,-1.005343437
2012.700073,-1.001767159
2012.800049,-1.00782299
2012.900024,-1.013449669
2013,-1.01063633
2013.099976,-1.005724907
2013.200073,-1.010970116
2013.300049,-1.006869316
2013.400024,-1.012639046
2013.5,-1.015547752
2013.599976,-1.013652325
2013.700073,-1.012209892
2013.800049,-1.014212608
2013.900024,-1.002005577
2014,-1.008872032
2014.099976,-1.005391121
2014.200073,-1.005105019
2014.300049,-1.006964684
2014.400024,-1.011303902
2014.5,-1.012209892
2014.599976,-1.007536888
2014.700073,-0.998763084
2014.800049,-1.00820446
2014.900024,-1.010970116
2015,-1.009348869
2015.099976,-1.009778023
2015.200073,-1.004914284
2015.300049,-1.007727623
2015.400024,-1.007787228
2015.5,-1.00987339
2015.599976,-1.008633614
2015.700073,-1.018027306
2015.800049,-1.003149986
2015.900024,-1.010111809
2016,-1.012114525
2016.099976,-1.005009651
2016.200073,-1.005915642
2016.300049,-1.00678587
2016.400024,-1.00820446
2016.5,-1.008013725
2016.599976,-1.004961967
2016.700073,-1.01063633
2016.800049,-1.007107735
2016.900024,-1.003102303
2017,-1.013497353
2017.099976,-1.008538246
2017.200073,-1.009301186
2017.300049,-1.008419037
2017.400024,-1.007870674
2017.5,-1.007966042
2017.599976,-1.000098228
2017.700073,-1.004032135
2017.800049,-1.003865242
2017.900024,-1.004199028
2018,-1.005581856
2018.099976,-1.009396553
2018.200073,-1.006058693
2018.300049,-1.008442879
2018.400024,-1.007489204
2018.5,-1.011303902
2018.599976,-1.008919716
2018.700073,-1.006821632
2018.800049,-1.013068199
2018.900024,-1.010874748
2019,-1.009253502
2019.099976,-1.008013725
2019.200073,-1.004246712
2019.300049,-1.005915642
2019.400024,-1.005009651
2019.5,-1.00704813
2019.599976,-1.008728981
2019.700073,-1.008538246
2019.800049,-1.004771233
2019.900024,-1.004103661
2020,-1.008872032
2020.099976,-1.010016441
2020.200073,-1.007989883
2020.300049,-1.006821632
2020.400024,-1.006249428
2020.5,-1.000956535
2020.599976,-1.020506859
2020.700073,-1.000145912
2020.800049,-1.011780739
2020.900024,-1.010207176
2021,-1.008252144
2021.099976,-1.006773949
2021.200073,-1.008538246
2021.300049,-1.0089674
2021.400024,-1.012782097
2021.5,-1.00820446
2021.599976,-1.010874748
2021.700073,-1.011733055
2021.800049,-1.009825706
2021.900024,-1.009015083
2022,-1.007679939
2022.099976,-1.005963326
2022.200073,-1.000718117
2022.300049,-1.008728981
2022.400024,-1.01769352
2022.5,-1.008633614
2022.599976,-0.997666359
2022.700073,-1.001099586
2022.800049,-1.005391121
2022.900024,-1.004151344
2023,-1.004914284
2023.099976,-1.00024128
2023.200073,-1.012829781
2023.300049,-1.005581856
2023.400024,-1.007775307
2023.5,-1.015452385
2023.599976,-1.002720833
2023.700073,-1.00858593
2023.800049,-1.014212608
2023.900024,-1.004818916
2024,-1.007250786
2024.099976,-1.007811069
2024.200073,-1.009253502
2024.300049,-1.009921074
2024.400024,-1.009825706
2024.5,-1.01154232
2024.599976,-1.00858593
2024.700073,-1.01230526
2024.800049,-1.008109093
2024.900024,-1.005057335
2025,-1.005581856
2025.099976,-1.008156776
2025.200073,-1.008872032
2025.300049,-1.006773949
2025.400024,-1.004437447
2025.5,-1.013688087
2025.599976,-1.006917
