CA i vs t,
s,ÊA
0,-6.25
0.100000001,-21.01644135
0.200000003,-14.90384102
0.300000012,-11.99321747
0.400000006,-10.2732563
0.5,-9.016785622
0.600000024,-8.031635284
0.699999988,-7.324008942
0.800000012,-6.670737267
0.900000036,-6.25398159
1,-5.874419212
1.100000024,-5.535383224
1.200000048,-5.281705856
1.300000072,-5.058546066
1.399999976,-4.846830368
1.5,-4.63177681
1.600000024,-4.483003616
1.700000048,-4.353775978
1.800000072,-4.205002785
1.899999976,-4.085316658
2,-3.969922066
2.100000143,-3.846421242
2.200000048,-3.781094551
2.299999952,-3.696694374
2.400000095,-3.604187965
2.5,-3.520264626
2.600000143,-3.454937935
2.700000048,-3.417267799
2.799999952,-3.318562508
2.900000095,-3.24942112
3,-3.195061684
3.100000143,-3.113517761
3.200000048,-3.096828461
3.299999952,-2.99287796
3.400000095,-2.964744568
3.5,-2.915630341
3.600000143,-2.864131927
3.700000048,-2.817878723
3.799999952,-2.815971375
3.900000095,-2.773532867
4,-2.741584778
4.099999905,-2.700576782
4.200000286,-2.673873901
4.300000191,-2.632865906
4.400000095,-2.609977722
4.5,-2.561817169
4.599999905,-2.538452148
4.700000286,-2.527008057
4.800000191,-2.496013641
4.900000095,-2.4659729
5,-2.434501648
5.099999905,-2.40732193
5.200000286,-2.375850677
5.300000191,-2.389368534
5.400000095,-2.357801914
5.5,-2.339586496
5.599999905,-2.3296206
5.700000286,-2.30844903
5.800000191,-2.279647827
5.900000095,-2.285465479
6,-2.27173233
6.099999905,-2.241930008
6.200000286,-2.231344223
6.300000191,-2.191623688
6.400000095,-2.173980236
6.5,-2.168687344
6.599999905,-2.137788296
6.700000286,-2.115949154
6.800000191,-2.130492687
6.900000095,-2.116425991
7,-2.107842922
7.099999905,-2.073081493
7.200000286,-2.065642834
7.300000191,-2.066215038
7.400000095,-2.037461281
7.5,-2.034838676
7.599999905,-2.005179405
7.700000286,-1.99292469
7.800000191,-1.996834755
7.900000095,-1.972277641
8,-1.986010551
8.100000381,-1.953967094
8.199999809,-1.948817253
8.300000191,-1.929171085
8.400000572,-1.905949116
8.5,-1.911814213
8.600000381,-1.881248951
8.699999809,-1.896221638
8.800000191,-1.880390644
8.900000572,-1.858074665
9,-1.866705418
9.100000381,-1.849348545
9.199999809,-1.842815876
9.300000191,-1.836521626
9.400000572,-1.808483124
9.5,-1.808483124
9.600000381,-1.802427292
9.699999809,-1.798898697
9.800000191,-1.772863388
9.900000572,-1.764947891
10,-1.765472412
10.10000038,-1.755136967
10.19999981,-1.745159149
10.30000019,-1.744968414
10.40000057,-1.722414017
10.5,-1.710874557
10.60000038,-1.708013535
10.69999981,-1.712734222
10.80000019,-1.697904587
10.90000057,-1.686650753
11,-1.678306103
11.10000038,-1.663857937
11.19999981,-1.650840282
11.30000019,-1.659852505
11.40000057,-1.637679577
11.5,-1.63515234
11.60000038,-1.621371746
11.69999981,-1.626950741
11.80000019,-1.612979412
11.90000057,-1.614314556
12,-1.606351376
12.10000038,-1.595908642
12.19999981,-1.588279247
12.30000019,-1.593667507
12.40000057,-1.587611675
12.5,-1.582938671
12.60000038,-1.579267025
12.69999981,-1.56663084
12.80000019,-1.563245296
12.90000057,-1.554566383
13,-1.534586906
13.10000038,-1.537924767
13.19999981,-1.53258419
13.30000019,-1.524048805
13.40000057,-1.523142815
13.5,-1.517373085
13.60000038,-1.503163338
13.69999981,-1.513701439
13.80000019,-1.505833626
13.90000057,-1.497393608
14,-1.486426353
14.10000038,-1.475554466
14.19999981,-1.477128029
14.30000019,-1.47317028
14.40000057,-1.467686653
14.5,-1.463442802
14.60000038,-1.456242561
14.69999981,-1.446276665
14.80000019,-1.446109772
14.90000057,-1.444315672
15,-1.441508293
15.10000038,-1.443367958
15.19999981,-1.437216282
15.30000019,-1.434069157
15.40000057,-1.437788963
15.5,-1.421671391
15.60000038,-1.415281773
15.69999981,-1.415281773
15.80000019,-1.395922184
15.90000057,-1.40536356
16,-1.394157887
16.10000038,-1.393013477
16.20000076,-1.387815952
16.30000114,-1.37880373
16.39999962,-1.383190632
16.5,-1.382284641
16.60000038,-1.369648457
16.70000076,-1.371841908
16.80000114,-1.363592625
16.89999962,-1.344137669
17,-1.353388309
17.10000038,-1.350908756
17.20000076,-1.345997334
17.30000114,-1.339822292
17.39999962,-1.330976963
17.5,-1.331406116
17.60000038,-1.332931995
17.70000076,-1.322489262
17.80000114,-1.316242695
17.89999962,-1.31810236
18,-1.313572168
18.10000038,-1.308660507
18.20000076,-1.311283112
18.30000114,-1.30522728
18.39999962,-1.300363541
18.5,-1.295213699
18.60000038,-1.291542053
18.70000076,-1.290540695
18.80000114,-1.281480789
18.89999962,-1.284532547
19,-1.275472641
19.10000038,-1.274423599
19.20000076,-1.267616749
19.30000114,-1.261882782
19.39999962,-1.258687973
19.5,-1.256637573
19.60000038,-1.255493164
19.70000076,-1.255254745
19.80000114,-1.253573895
19.89999962,-1.251487732
20,-1.252059937
20.10000038,-1.243715286
20.20000076,-1.24414444
20.30000114,-1.242070198
20.39999962,-1.240377426
20.5,-1.24004364
20.60000038,-1.229314804
20.70000076,-1.2246418
20.80000114,-1.234226227
20.89999962,-1.217823029
21,-1.208143234
21.10000038,-1.203422546
21.20000076,-1.211004257
21.30000114,-1.207523346
21.39999962,-1.202373505
21.5,-1.204376221
21.60000038,-1.194791794
21.70000076,-1.190834045
21.80000114,-1.18315649
21.89999962,-1.191167831
22,-1.187925339
22.10000038,-1.185683727
22.20000076,-1.18391943
22.30000114,-1.176337719
22.39999962,-1.174907207
22.5,-1.172952175
22.60000038,-1.165036678
22.70000076,-1.167420864
22.80000114,-1.161221981
22.89999962,-1.149348736
23,-1.166514874
23.10000038,-1.159457684
23.20000076,-1.162795544
23.30000114,-1.157407284
23.39999962,-1.150159359
23.5,-1.152781963
23.60000038,-1.145152569
23.70000076,-1.130465984
23.80000114,-1.148585796
23.89999962,-1.127318859
24,-1.132564068
24.10000038,-1.134423733
24.20000076,-1.147965908
24.30000114,-1.124839306
24.39999962,-1.14119482
24.5,-1.120547771
24.60000038,-1.113872051
24.70000076,-1.111487865
24.80000114,-1.114515781
24.89999962,-1.117925167
25,-1.114778042
25.10000038,-1.093081951
25.20000076,-1.12488699
25.30000114,-1.105432034
25.39999962,-1.10295248
25.5,-1.102380276
25.60000038,-1.102427959
25.70000076,-1.10667181
25.80000114,-1.097754955
25.89999962,-1.088361263
26,-1.088885784
26.10000038,-1.080684185
26.20000076,-1.098470211
26.30000114,-1.086310863
26.39999962,-1.092748165
26.5,-1.079492092
26.60000038,-1.063184261
26.70000076,-1.091174603
26.80000114,-1.073150158
26.89999962,-1.076488018
27,-1.077489376
27.10000038,-1.070575237
27.20000076,-1.071290493
27.30000114,-1.066998959
27.39999962,-1.063279629
27.5,-1.062850475
27.60000038,-1.05916667
27.70000076,-1.056984901
27.80000114,-1.053551674
27.89999962,-1.05388546
28,-1.054600716
28.10000038,-1.05722332
28.20000076,-1.051644325
28.30000114,-1.047019005
28.39999962,-1.049355507
28.5,-1.051739693
28.60000038,-1.044968605
28.70000076,-1.051405907
28.80000114,-1.042155266
28.89999962,-1.020459175
29,-1.028851509
29.10000038,-1.03309536
29.20000076,-1.032284737
29.30000114,-1.030758858
29.39999962,-1.029292583
29.5,-1.026181221
29.60000038,-1.027945518
29.70000076,-1.028946877
29.80000114,-1.024857998
29.89999962,-1.019886971
30,-1.022652626
30.10000038,-1.021508217
30.20000076,-1.022080421
30.30000114,-1.012543678
30.39999962,-1.002434731
30.5,-1.014975548
30.60000038,-0.995377541
30.70000076,-1.007489204
30.80000114,-1.002959251
30.89999962,-1.009730339
31,-0.999764442
31.10000038,-0.99409008
31.20000076,-1.004008293
31.30000114,-0.992611885
31.39999962,-1.002243996
31.5,-0.999907494
31.60000038,-0.994757652
31.70000076,-0.987509727
31.80000114,-0.989369392
31.89999962,-0.982502937
32,-0.972680092
32.10000229,-0.980452538
32.20000076,-0.989178658
32.29999924,-0.981024742
32.40000153,-0.978545189
32.5,-0.969056129
32.60000229,-0.982836723
32.70000076,-0.965289116
32.79999924,-0.973633766
32.90000153,-0.974349022
33,-0.977877617
33.10000229,-0.964812279
33.20000076,-0.972680092
33.29999924,-0.967768669
33.40000153,-0.967148781
33.5,-0.962785721
33.60000229,-0.961903572
33.70000076,-0.954321861
33.79999924,-0.948027611
33.90000153,-0.961140633
34,-0.964526176
34.10000229,-0.951270103
34.20000076,-0.95289135
34.29999924,-0.950674057
34.40000153,-0.947836876
34.5,-0.950697899
34.60000229,-0.942734718
34.70000076,-0.946310997
34.79999924,-0.944856644
34.90000153,-0.944975853
35,-0.945405006
35.10000229,-0.937823296
35.20000076,-0.941494942
35.29999924,-0.93462801
35.40000153,-0.934008121
35.5,-0.939635277
35.60000229,-0.921181202
35.70000076,-0.93667841
35.79999924,-0.925091267
35.90000153,-0.922373295
36,-0.924042225
36.10000229,-0.922516346
36.20000076,-0.921991825
36.29999924,-0.921658039
36.40000153,-0.921324253
36.5,-0.923422337
36.60000229,-0.920048714
36.70000076,-0.917032719
36.79999924,-0.918415546
36.90000153,-0.910738468
37,-0.919464588
37.10000229,-0.908735752
37.20000076,-0.921085835
37.29999924,-0.914553165
37.40000153,-0.913265705
37.5,-0.911453724
37.60000229,-0.902441502
37.70000076,-0.898340702
37.79999924,-0.905016422
37.90000153,-0.902918339
38,-0.904778004
38.10000229,-0.898638725
38.20000076,-0.895050526
38.29999924,-0.891808033
38.40000153,-0.895575047
38.5,-0.891629219
38.60000229,-0.890854359
38.70000076,-0.888279438
38.79999924,-0.886515141
38.90000153,-0.88727808
39,-0.893763065
39.10000229,-0.882700443
39.20000076,-0.895956516
39.29999924,-0.884035587
39.40000153,-0.87612009
39.5,-0.877645969
39.60000229,-0.877216816
39.70000076,-0.871351719
39.79999924,-0.875833988
39.90000153,-0.871733189
40,-0.877121449
40.10000229,-0.858000278
40.20000076,-0.868633747
40.29999924,-0.864771366
40.40000153,-0.856712818
40.5,-0.867012501
40.60000229,-0.875500202
40.70000076,-0.869682789
40.79999924,-0.872686863
40.90000153,-0.861242771
41,-0.875309467
41.10000229,-0.869921207
41.20000076,-0.860765934
41.29999924,-0.854471684
41.40000153,-0.862005711
41.5,-0.853994846
41.60000229,-0.853184223
41.70000076,-0.852612019
41.79999924,-0.846508503
41.90000153,-0.857904911
42,-0.844553471
42.10000229,-0.847795963
42.20000076,-0.843790531
42.29999924,-0.853994846
42.40000153,-0.848558903
42.5,-0.839069843
42.60000229,-0.836351871
42.70000076,-0.841835499
42.79999924,-0.837925434
42.90000153,-0.839355946
43,-0.84069109
43.10000229,-0.838068485
43.20000076,-0.833443165
43.29999924,-0.838783741
43.40000153,-0.842216969
43.5,-0.829390049
43.60000229,-0.825050831
43.70000076,-0.827053547
43.79999924,-0.825408459
43.90000153,-0.823954105
44,-0.825575352
44.10000229,-0.820795059
44.20000076,-0.815466404
44.29999924,-0.818184376
44.40000153,-0.820473194
44.5,-0.818971157
44.60000229,-0.816992283
44.70000076,-0.820234776
44.79999924,-0.815514088
44.90000153,-0.814083576
45,-0.812986851
45.10000229,-0.810840607
45.20000076,-0.809791565
45.29999924,-0.808778286
45.40000153,-0.805452347
45.5,-0.809028625
45.60000229,-0.816849232
45.70000076,-0.818041325
45.79999924,-0.809934616
45.90000153,-0.805929184
46,-0.795963287
46.10000229,-0.804355621
46.20000076,-0.795200348
46.29999924,-0.811555862
46.40000153,-0.803020477
46.5,-0.795581818
46.60000229,-0.808694839
46.70000076,-0.797489166
46.79999924,-0.796487808
46.90000153,-0.796916962
47,-0.797489166
47.10000229,-0.798347473
47.20000076,-0.791206837
47.29999924,-0.785615921
47.40000153,-0.783374786
47.5,-0.786331177
47.60000229,-0.788715363
47.70000076,-0.787618637
47.79999924,-0.788286209
47.90000153,-0.783851624
48,-0.788095474
48.10000229,-0.784328461
48.20000076,-0.7850914
48.29999924,-0.784757614
48.40000153,-0.783184052
48.5,-0.775697708
48.60000229,-0.783088684
48.70000076,-0.773265839
48.79999924,-0.782707214
48.90000153,-0.782564163
49,-0.773075104
49.10000229,-0.766065598
49.20000076,-0.773551941
49.29999924,-0.767782211
49.40000153,-0.770261765
49.5,-0.766542435
49.60000229,-0.767114639
49.70000076,-0.77264595
49.79999924,-0.764348984
49.90000153,-0.768259048
50,-0.763538361
50.10000229,-0.749328613
50.20000076,-0.776269913
50.29999924,-0.760772705
50.40000153,-0.772169113
50.5,-0.751283646
50.60000229,-0.762823105
50.70000076,-0.760915756
50.79999924,-0.752666473
50.90000153,-0.75185585
51,-0.754955292
51.10000229,-0.755467892
51.20000076,-0.759199142
51.29999924,-0.755861282
51.40000153,-0.745609283
51.5,-0.75094986
51.60000229,-0.743558884
51.70000076,-0.746086121
51.79999924,-0.746229172
51.90000153,-0.748208046
52,-0.748851776
52.10000229,-0.751665115
52.20000076,-0.745704651
52.29999924,-0.735643387
52.40000153,-0.739982605
52.5,-0.758722305
52.60000229,-0.741699219
52.70000076,-0.730731964
52.79999924,-0.741317749
52.90000153,-0.735834122
53,-0.742366791
53.10000229,-0.736120224
53.20000076,-0.732257843
53.29999924,-0.732305527
53.40000153,-0.73542881
53.5,-0.737312317
53.60000229,-0.739839554
53.70000076,-0.73799181
53.79999924,-0.739696503
53.90000153,-0.735118866
54,-0.727489471
54.10000229,-0.725725174
54.20000076,-0.733020782
54.29999924,-0.719192505
54.40000153,-0.724485397
54.5,-0.729206085
54.60000229,-0.724294662
54.70000076,-0.722911835
54.79999924,-0.719943523
54.90000153,-0.717046738
55,-0.715520859
55.10000229,-0.721505165
55.20000076,-0.728157043
55.29999924,-0.725296021
55.40000153,-0.71733284
55.5,-0.721576691
55.60000229,-0.712993622
55.70000076,-0.711658478
55.79999924,-0.723150253
55.90000153,-0.711467743
56,-0.71771431
56.10000229,-0.710800171
56.20000076,-0.713804245
56.29999924,-0.704219818
56.40000153,-0.707557678
56.5,-0.700595856
56.60000229,-0.70565033
56.70000076,-0.706747055
56.79999924,-0.706794739
56.90000153,-0.707366943
57,-0.704267502
57.10000229,-0.697067261
57.20000076,-0.691059113
57.29999924,-0.703933716
57.40000153,-0.713470459
57.5,-0.694730759
57.60000229,-0.70026207
57.70000076,-0.69616127
57.79999924,-0.68328619
57.90000153,-0.702455521
58,-0.695350647
58.10000229,-0.688865662
58.20000076,-0.701072693
58.29999924,-0.687578201
58.40000153,-0.697353363
58.5,-0.684192181
58.60000229,-0.685527325
58.70000076,-0.686671734
58.79999924,-0.693729401
58.90000153,-0.688007355
59,-0.697257996
59.10000229,-0.701883316
59.20000076,-0.685575008
59.29999924,-0.682761669
59.40000153,-0.688007355
59.5,-0.693586349
59.60000229,-0.687232256
59.70000076,-0.683572292
59.79999924,-0.683763027
59.90000153,-0.680770874
60,-0.678231716
60.10000229,-0.67751646
60.20000076,-0.674655437
60.29999924,-0.670983791
60.40000153,-0.685384274
60.5,-0.696638107
60.60000229,-0.666930676
60.70000076,-0.689533234
60.79999924,-0.677087307
60.90000153,-0.680997372
61,-0.674750805
61.10000229,-0.675323009
61.20000076,-0.668933392
61.29999924,-0.677278042
61.40000153,-0.666263103
61.5,-0.665690899
61.60000229,-0.668599606
61.70000076,-0.673749447
61.79999924,-0.672461987
61.90000153,-0.671854019
62,-0.66955328
62.10000229,-0.671651363
62.20000076,-0.661828518
62.29999924,-0.665977001
62.40000153,-0.662639141
62.5,-0.66287756
62.60000229,-0.662782192
62.70000076,-0.660350323
62.79999924,-0.66327095
62.90000153,-0.66416502
63,-0.665786266
63.10000229,-0.669505596
63.20000076,-0.657250881
63.29999924,-0.666120052
63.40000153,-0.659921169
63.5,-0.64800024
63.60000229,-0.643041134
63.70000076,-0.64773798
63.79999924,-0.649764538
63.90000153,-0.650146008
64,-0.651636124
64.09999847,-0.654389858
64.20000458,-0.652244091
64.30000305,-0.646522045
64.40000153,-0.661780834
64.5,-0.65376997
64.59999847,-0.649478436
64.70000458,-0.653054714
64.80000305,-0.649526119
64.90000153,-0.645473003
65,-0.639178753
65.09999847,-0.648143291
65.20000458,-0.631501675
65.30000305,-0.642468929
65.40000153,-0.647046566
65.5,-0.641133785
65.59999847,-0.633933544
65.70000458,-0.639321804
65.80000305,-0.648953915
65.90000153,-0.644900799
66,-0.640370846
66.09999847,-0.635221004
66.20000458,-0.637223721
66.30000305,-0.634744167
66.40000153,-0.638034344
66.5,-0.641276836
66.59999847,-0.641515255
66.70000458,-0.634934902
66.80000305,-0.643041134
66.90000153,-0.630595684
67,-0.630691051
67.09999847,-0.634875298
67.20000458,-0.640656948
67.30000305,-0.637557507
67.40000153,-0.619866848
67.5,-0.631930828
67.59999847,-0.64261198
67.70000458,-0.618960857
67.80000305,-0.636842251
67.90000153,-0.626447201
68,-0.62887907
68.09999847,-0.624444485
68.20000458,-0.623919964
68.30000305,-0.621988773
68.40000153,-0.619390011
68.5,-0.620200634
68.59999847,-0.628020763
68.70000458,-0.616099834
68.80000305,-0.631215572
68.90000153,-0.619533062
69,-0.631740093
69.09999847,-0.623681545
69.20000458,-0.620486736
69.30000305,-0.622441769
69.40000153,-0.620391369
69.5,-0.61848402
69.59999847,-0.62015295
69.70000458,-0.615622997
69.80000305,-0.60808897
69.90000153,-0.620677471
70,-0.614812374
70.09999847,-0.614573956
70.20000458,-0.61552763
70.30000305,-0.617816448
70.40000153,-0.606372356
70.5,-0.612905025
70.59999847,-0.609424114
70.70000458,-0.612857342
70.80000305,-0.608613491
70.90000153,-0.608994961
71,-0.607612133
71.09999847,-0.608029366
71.20000458,-0.608518124
71.30000305,-0.606992245
71.40000153,-0.608279705
71.5,-0.608303547
71.59999847,-0.609614849
71.70000458,-0.608327389
71.80000305,-0.609579086
71.90000153,-0.608375072
72,-0.611999035
72.09999847,-0.604083538
72.20000458,-0.613000393
72.30000305,-0.595786572
72.40000153,-0.593450069
72.5,-0.609471798
72.59999847,-0.605323315
72.70000458,-0.590398312
72.80000305,-0.590970516
72.90000153,-0.595476627
73,-0.598552227
73.09999847,-0.601985455
73.20000458,-0.592353344
73.30000305,-0.603511333
73.40000153,-0.594308376
73.5,-0.597980022
73.59999847,-0.593736172
73.70000458,-0.594642162
73.80000305,-0.593402386
73.90000153,-0.59166193
74,-0.588252544
74.09999847,-0.590350628
74.20000458,-0.595977306
74.30000305,-0.584008694
74.40000153,-0.600173473
74.5,-0.585343838
74.59999847,-0.592782497
74.70000458,-0.582196712
74.80000305,-0.583770275
74.90000153,-0.586583614
75,-0.586929321
75.09999847,-0.587871075
75.20000458,-0.589492321
75.30000305,-0.585772991
75.40000153,-0.5930686
75.5,-0.588157177
75.59999847,-0.580909252
75.70000458,-0.574424267
75.80000305,-0.584628582
75.90000153,-0.573995113
76,-0.576951504
76.09999847,-0.574805737
76.20000458,-0.572373867
76.30000305,-0.575902462
76.40000153,-0.579812527
76.5,-0.582721233
76.59999847,-0.576808453
76.70000458,-0.577142239
76.80000305,-0.573852062
76.90000153,-0.576093197
77,-0.573232174
77.09999847,-0.57151556
77.20000458,-0.571467876
77.30000305,-0.569655895
77.40000153,-0.570383072
77.5,-0.566270351
77.59999847,-0.574138165
77.70000458,-0.57857275
77.80000305,-0.573422909
77.90000153,-0.578095913
78,-0.576188564
78.09999847,-0.570085049
78.20000458,-0.569751263
78.30000305,-0.56855917
78.40000153,-0.571324825
78.5,-0.563647747
78.59999847,-0.567986965
78.70000458,-0.555207253
78.80000305,-0.554110527
78.90000153,-0.562026024
79,-0.565125942
79.09999847,-0.566365719
79.20000458,-0.560452461
79.30000305,-0.560404778
79.40000153,-0.560905457
79.5,-0.561453819
79.59999847,-0.561310768
79.70000458,-0.560786247
79.80000305,-0.571944714
79.90000153,-0.550724983
80,-0.559641838
80.09999847,-0.557829857
80.20000458,-0.558068275
80.30000305,-0.560404778
80.40000153,-0.54953289
80.5,-0.562264442
80.59999847,-0.549723625
80.70000458,-0.55992794
80.80000305,-0.557734489
80.90000153,-0.55492115
81,-0.545908928
81.09999847,-0.563933849
81.20000458,-0.552298546
81.30000305,-0.550629616
81.40000153,-0.548209667
81.5,-0.545384407
81.59999847,-0.5445261
81.70000458,-0.554158211
81.80000305,-0.562121391
81.90000153,-0.552727699
82,-0.538708687
82.09999847,-0.550534248
82.20000458,-0.549675941
82.30000305,-0.548960686
82.40000153,-0.545432091
82.5,-0.539805412
82.59999847,-0.552155495
82.70000458,-0.548150063
82.80000305,-0.54285717
82.90000153,-0.547577858
83,-0.536801338
83.09999847,-0.551249504
83.20000458,-0.534369469
83.30000305,-0.536515236
83.40000153,-0.539590836
83.5,-0.544239998
83.59999847,-0.54323864
83.70000458,-0.533558846
83.80000305,-0.535227776
83.90000153,-0.539566994
84,-0.539710045
84.09999847,-0.537862301
84.20000458,-0.536992073
84.30000305,-0.535180092
84.40000153,-0.528790474
84.5,-0.541474342
84.59999847,-0.525834084
84.70000458,-0.533368111
84.80000305,-0.533082008
84.90000153,-0.538565636
85,-0.547720909
85.09999847,-0.536944389
85.20000458,-0.534035683
85.30000305,-0.53541851
85.40000153,-0.534190655
85.5,-0.534274101
85.59999847,-0.533034325
85.70000458,-0.527550697
85.80000305,-0.53322506
85.90000153,-0.529171944
86,-0.530459404
86.09999847,-0.529267311
86.20000458,-0.530173302
86.30000305,-0.532569408
86.40000153,-0.537707329
86.5,-0.533129692
86.59999847,-0.524689674
86.70000458,-0.543095589
86.80000305,-0.530936241
86.90000153,-0.524022102
87,-0.526310921
87.09999847,-0.521780968
87.20000458,-0.531937599
87.30000305,-0.524641991
87.40000153,-0.523926735
87.5,-0.522543907
87.59999847,-0.514056206
87.70000458,-0.524308205
87.80000305,-0.519015312
87.90000153,-0.520493507
88,-0.515820503
88.09999847,-0.521637917
88.20000458,-0.51834774
88.30000305,-0.518490791
88.40000153,-0.504567146
88.5,-0.529553413
88.59999847,-0.513531685
88.70000458,-0.521780968
88.80000305,-0.521018028
88.90000153,-0.51911068
89,-0.511385918
89.09999847,-0.518395424
89.20000458,-0.506331444
89.30000305,-0.512101173
89.40000153,-0.503899574
89.5,-0.503565788
89.59999847,-0.514056206
89.70000458,-0.507142067
89.80000305,-0.524689674
89.90000153,-0.505616188
90,-0.521161079
90.09999847,-0.512434959
90.20000458,-0.51372242
90.30000305,-0.514819145
90.40000153,-0.508286476
90.5,-0.515486717
90.59999847,-0.502421379
90.70000458,-0.505282402
90.80000305,-0.505520821
90.90000153,-0.504424095
91,-0.505663872
91.09999847,-0.505711555
91.20000458,-0.506999016
91.30000305,-0.511195183
91.40000153,-0.514294624
91.5,-0.508524895
91.59999847,-0.494505882
91.70000458,-0.501610756
91.80000305,-0.499274254
91.90000153,-0.496603966
92,-0.497509956
92.09999847,-0.507094383
92.20000458,-0.493361473
92.30000305,-0.506951332
92.40000153,-0.504424095
92.5,-0.501515388
92.59999847,-0.497700691
92.70000458,-0.496985435
92.80000305,-0.500406742
92.90000153,-0.503518105
93,-0.503422737
93.09999847,-0.501849174
93.20000458,-0.499560356
93.30000305,-0.497223854
93.40000153,-0.495745659
93.5,-0.494553566
93.59999847,-0.496246338
93.70000458,-0.493981361
93.80000305,-0.494464159
93.90000153,-0.493504524
94,-0.494124413
94.09999847,-0.494648933
94.20000458,-0.504090309
94.30000305,-0.496079445
94.40000153,-0.486256599
94.5,-0.492503166
94.59999847,-0.487496376
94.70000458,-0.496413231
94.80000305,-0.488354683
94.90000153,-0.496508598
95,-0.490595818
95.09999847,-0.496365547
95.20000458,-0.486351967
95.30000305,-0.49383831
95.40000153,-0.48845005
95.5,-0.49216938
95.59999847,-0.502182961
95.70000458,-0.487257957
95.80000305,-0.478579521
95.90000153,-0.48086834
96,-0.478674889
96.09999847,-0.483157158
96.20000458,-0.489260674
96.30000305,-0.47972393
96.40000153,-0.494648933
96.5,-0.481249809
96.59999847,-0.486924171
96.70000458,-0.493552208
96.80000305,-0.491072655
96.90000153,-0.489737511
97,-0.481869698
97.09999847,-0.475861549
97.20000458,-0.478531837
97.30000305,-0.488736153
97.40000153,-0.472380638
97.5,-0.480772972
97.59999847,-0.480439186
97.70000458,-0.483729362
97.80000305,-0.481941223
97.90000153,-0.484158516
98,-0.479437828
98.09999847,-0.480069637
98.20000458,-0.479342461
98.30000305,-0.477339745
98.40000153,-0.465371132
98.5,-0.467040062
98.59999847,-0.476052284
98.70000458,-0.47843647
98.80000305,-0.474383354
98.90000153,-0.477387428
99,-0.469662666
99.09999847,-0.481011391
99.20000458,-0.471045494
99.30000305,-0.48177433
99.40000153,-0.467612267
99.5,-0.477339745
99.59999847,-0.477101326
99.70000458,-0.474049568
99.80000305,-0.471188545
99.90000153,-0.462033272
100,-0.477005959
100.0999985,-0.461031914
100.2000046,-0.469948769
100.3000031,-0.471570015
100.4000015,-0.470759392
100.5,-0.468089104
100.5999985,-0.468327522
100.7000046,-0.465275764
100.8000031,-0.474907875
100.9000015,-0.46265316
101,-0.473572731
101.0999985,-0.459458351
101.2000046,-0.475623131
101.3000031,-0.465943336
101.4000015,-0.472428322
101.5,-0.458981514
101.5999985,-0.461651802
101.7000046,-0.467850685
101.8000031,-0.46804142
101.9000015,-0.465037346
102,-0.463368416
102.0999985,-0.457503319
102.2000046,-0.466849327
102.3000031,-0.456501961
102.4000015,-0.462557793
102.5,-0.469662666
102.5999985,-0.459553719
102.7000046,-0.464894295
102.8000031,-0.464226723
102.9000015,-0.458504677
103,-0.454165459
103.0999985,-0.457598686
103.2000046,-0.462510109
103.3000031,-0.4593153
103.4000015,-0.462080956
103.5,-0.452448845
103.5999985,-0.453831673
103.7000046,-0.450636864
103.8000031,-0.460125923
103.9000015,-0.45263958
104,-0.464798927
104.0999985,-0.454499245
104.2000046,-0.459029198
104.3000031,-0.463511467
104.4000015,-0.455643654
104.5,-0.449349403
104.5999985,-0.450875282
104.7000046,-0.467040062
104.8000031,-0.462748528
104.9000015,-0.455071449
105,-0.455309868
105.0999985,-0.457837105
105.2000046,-0.45559597
105.3000031,-0.449587822
105.4000015,-0.44892025
105.5,-0.447847366
105.5999985,-0.448872566
105.7000046,-0.448616266
105.8000031,-0.448634148
105.9000015,-0.449110985
106,-0.444974422
106.0999985,-0.44148159
106.2000046,-0.440670967
106.3000031,-0.444068432
106.4000015,-0.444008827
106.5,-0.450112343
106.5999985,-0.452877998
106.7000046,-0.44776392
106.8000031,-0.442578316
106.9000015,-0.445487022
107,-0.439955711
107.0999985,-0.447990417
107.2000046,-0.452925682
107.3000031,-0.453593254
107.4000015,-0.449480534
107.5,-0.446393013
107.5999985,-0.445010185
107.7000046,-0.447287083
107.8000031,-0.446917534
107.9000015,-0.450827599
108,-0.446261883
108.0999985,-0.443818092
108.2000046,-0.443484306
108.3000031,-0.443627357
108.4000015,-0.440682769
108.5,-0.437141895
108.5999985,-0.438477516
108.7000046,-0.441147685
108.8000031,-0.443436623
108.9000015,-0.445534706
109,-0.440432549
109.0999985,-0.43437624
109.2000046,-0.427509785
109.3000031,-0.442101479
109.4000015,-0.43642664
109.5,-0.429655552
109.5999985,-0.442101479
109.7000046,-0.436617374
109.8000031,-0.436235905
109.9000015,-0.437189579
110,-0.435377598
110.0999985,-0.430084705
110.2000046,-0.42398119
110.3000031,-0.429178715
110.4000015,-0.430418491
110.5,-0.429715157
110.5999985,-0.429846287
110.7000046,-0.429417133
110.8000031,-0.43103838
110.9000015,-0.430561543
111,-0.42488718
111.0999985,-0.433041096
111.2000046,-0.429417133
111.3000031,-0.43270731
111.4000015,-0.432468891
111.5,-0.429309845
111.5999985,-0.428081989
111.7000046,-0.42398119
111.8000031,-0.424458027
111.9000015,-0.422884464
112,-0.422836781
112.0999985,-0.42026186
112.2000046,-0.428129673
112.3000031,-0.423361301
112.4000015,-0.427080631
112.5,-0.427986622
112.5999985,-0.428177357
112.7000046,-0.428356171
112.8000031,-0.42731607
112.9000015,-0.426460743
113,-0.426270008
113.0999985,-0.42321825
113.2000046,-0.421120167
113.3000031,-0.414730549
113.4000015,-0.423790455
113.5,-0.419641972
113.5999985,-0.424171925
113.7000046,-0.426711082
113.8000031,-0.430084705
113.9000015,-0.432945728
114,-0.416924
114.0999985,-0.431610584
114.2000046,-0.425411701
114.3000031,-0.419260502
114.4000015,-0.415827274
114.5,-0.420023441
114.5999985,-0.42064333
114.7000046,-0.414349079
114.8000031,-0.413443089
114.9000015,-0.418545246
115,-0.41358614
115.0999985,-0.422169209
115.2000046,-0.427891254
115.3000031,-0.416351795
115.4000015,-0.423552036
115.5,-0.420547962
115.5999985,-0.416828632
115.7000046,-0.413919926
115.8000031,-0.416637897
115.9000015,-0.419165134
116,-0.40948534
116.0999985,-0.423265934
116.2000046,-0.41449213
116.3000031,-0.42193079
116.4000015,-0.411678791
116.5,-0.413967609
116.5999985,-0.410295963
116.7000046,-0.412727833
116.8000031,-0.410915852
116.9000015,-0.430227757
117,-0.405098438
117.0999985,-0.416208744
117.2000046,-0.420738697
117.3000031,-0.419308186
117.4000015,-0.4148736
117.5,-0.404716969
117.5999985,-0.402523518
117.7000046,-0.406004429
117.8000031,-0.407911777
117.9000015,-0.408865452
118,-0.410951614
118.0999985,-0.411774158
118.2000046,-0.41525507
118.3000031,-0.400187016
118.4000015,-0.423170567
118.5,-0.405146122
118.5999985,-0.416494846
118.7000046,-0.402857304
118.8000031,-0.412775517
118.9000015,-0.409437656
119,-0.412727833
119.0999985,-0.406385899
119.2000046,-0.40781641
119.3000031,-0.406242847
119.4000015,-0.406052113
119.5,-0.405062675
119.5999985,-0.405098438
119.7000046,-0.402857304
119.8000031,-0.406338215
119.9000015,-0.397230625
120,-0.406719685
120.0999985,-0.400997639
120.2000046,-0.40781641
120.3000031,-0.406242847
120.4000015,-0.391985416
120.5,-0.390650272
120.5999985,-0.396992207
120.7000046,-0.399662495
120.8000031,-0.398923397
120.9000015,-0.399757862
121,-0.399281025
121.0999985,-0.398518085
121.2000046,-0.398088932
121.3000031,-0.396944523
121.4000015,-0.403810978
121.5,-0.397993565
121.5999985,-0.40242815
121.7000046,-0.395418644
121.8000031,-0.385548115
121.9000015,-0.394798756
122,-0.393463612
122.0999985,-0.402380466
122.2000046,-0.400520802
122.3000031,-0.405181885
122.4000015,-0.407148838
122.5,-0.410677433
122.5999985,-0.407184601
122.7000046,-0.406576633
122.8000031,-0.404335499
122.9000015,-0.40319109
123,-0.401426792
123.0999985,-0.400425434
123.2000046,-0.399412155
123.3000031,-0.394417286
123.4000015,-0.401379108
123.5,-0.395514011
123.5999985,-0.389553547
123.7000046,-0.401617527
123.8000031,-0.394608021
123.9000015,-0.398661137
124,-0.396086216
124.0999985,-0.391985416
124.2000046,-0.402571201
124.3000031,-0.394131184
124.4000015,-0.404621601
124.5,-0.38330698
124.5999985,-0.384260654
124.7000046,-0.387789249
124.8000031,-0.392939091
124.9000015,-0.390650272
125,-0.387646198
125.0999985,-0.389124393
125.2000046,-0.388552189
125.3000031,-0.389648914
125.4000015,-0.384928226
125.5,-0.386120319
125.5999985,-0.393558979
125.7000046,-0.384928226
125.8000031,-0.390841007
125.9000015,-0.394751072
126,-0.383974552
126.0999985,-0.388075352
126.2000046,-0.380112171
126.3000031,-0.384356022
126.4000015,-0.387169361
126.5,-0.389267445
126.5999985,-0.382257938
126.7000046,-0.383211613
126.8000031,-0.392080784
126.9000015,-0.385548115
127,-0.394846439
127.0999985,-0.380970478
127.2000046,-0.38368845
127.3000031,-0.384034157
127.4000015,-0.385309696
127.5,-0.386168003
127.5999985,-0.383163929
127.7000046,-0.385214329
127.8000031,-0.382734776
127.9000015,-0.386501789
128,-0.382305622
128.1000061,-0.382305622
128.1999969,-0.382687092
128.3000031,-0.380445957
128.4000092,-0.381590366
128.5,-0.378252506
128.6000061,-0.382639408
128.6999969,-0.375153065
128.8000031,-0.380970478
128.9000092,-0.386394501
129,-0.394178867
129.1000061,-0.395275593
129.1999969,-0.384832859
129.3000031,-0.374294758
129.4000092,-0.39074564
129.5,-0.376583576
129.6000061,-0.386740208
129.6999969,-0.380684376
129.8000031,-0.381781101
129.9000092,-0.385452747
130,-0.381590366
130.1000061,-0.391842365
130.1999969,-0.381828785
130.3000031,-0.375916004
130.4000092,-0.37624979
130.5,-0.373102665
130.6000061,-0.384689808
130.6999969,-0.367046833
130.8000031,-0.380684376
130.9000092,-0.375629902
131,-0.37791872
131.1000061,-0.374104023
131.1999969,-0.370623112
131.3000031,-0.38163805
131.4000092,-0.378967762
131.5,-0.379778385
131.6000061,-0.372482777
131.6999969,-0.376345158
131.8000031,-0.36957407
131.9000092,-0.37086153
132,-0.375629902
132.1000061,-0.375772953
132.1999969,-0.377680302
132.3000031,-0.379444599
132.4000092,-0.378383636
132.5,-0.378395557
132.6000061,-0.378014088
132.6999969,-0.373960972
132.8000031,-0.377823353
132.9000092,-0.368525028
133,-0.374342442
133.1000061,-0.384260654
133.1999969,-0.36494875
133.3000031,-0.37458086
133.4000092,-0.36456728
133.5,-0.36790514
133.6000061,-0.369013786
133.6999969,-0.372053623
133.8000031,-0.371529102
133.9000092,-0.370480061
134,-0.355698109
134.1000061,-0.368477345
134.1999969,-0.381447315
134.3000031,-0.369335651
134.4000092,-0.375629902
134.5,-0.37367487
134.6000061,-0.358988285
134.6999969,-0.373865604
134.8000031,-0.364614964
134.9000092,-0.358463764
135,-0.365902424
135.1000061,-0.365187168
135.1999969,-0.362278461
135.3000031,-0.361038685
135.4000092,-0.365520954
135.5,-0.360800266
135.6000061,-0.365234852
135.6999969,-0.364853382
135.8000031,-0.36649847
135.9000092,-0.366760731
136,-0.366206408
136.1000061,-0.366140842
136.1999969,-0.365425587
136.3000031,-0.362659931
136.4000092,-0.363089085
136.5,-0.36456728
136.6000061,-0.359512806
136.6999969,-0.369097233
136.8000031,-0.360085011
136.9000092,-0.357080936
137,-0.356651783
137.1000061,-0.359989643
137.1999969,-0.356508732
137.3000031,-0.361038685
137.4000092,-0.361515522
137.5,-0.358892918
137.6000061,-0.358702183
137.6999969,-0.361515522
137.8000031,-0.361277103
137.9000092,-0.366522312
138,-0.356937885
138.1000061,-0.363661289
138.1999969,-0.351406574
138.3000031,-0.347782612
138.4000092,-0.352205276
138.5,-0.356031895
138.6000061,-0.353600025
138.6999969,-0.358010769
138.8000031,-0.361086369
138.9000092,-0.361324787
139,-0.356699467
139.1000061,-0.35174036
139.1999969,-0.356699467
139.3000031,-0.349022388
139.4000092,-0.360371113
139.5,-0.363613605
139.6000061,-0.360752583
139.6999969,-0.362183094
139.8000031,-0.361038685
139.9000092,-0.356019974
140,-0.351454258
140.1000061,-0.349403858
140.1999969,-0.351215839
140.3000031,-0.350691319
140.4000092,-0.347067356
140.5,-0.351013184
140.6000061,-0.353170872
140.6999969,-0.353123188
140.8000031,-0.356127262
140.9000092,-0.355698109
141,-0.357080936
141.1000061,-0.354935169
141.1999969,-0.348307133
141.3000031,-0.354792118
141.4000092,-0.346065998
141.5,-0.360371113
141.6000061,-0.354506016
141.6999969,-0.360180378
141.8000031,-0.351072788
141.9000092,-0.356031895
142,-0.355316639
142.1000061,-0.354649067
142.1999969,-0.349713802
142.3000031,-0.346685886
142.4000092,-0.342203617
142.5,-0.341059208
142.6000061,-0.34647131
142.6999969,-0.352312565
142.8000031,-0.350309849
142.9000092,-0.350119114
143,-0.349213123
143.1000061,-0.348640919
143.1999969,-0.341965199
143.3000031,-0.34711504
143.4000092,-0.351406574
143.5,-0.344397068
143.6000061,-0.34468317
143.6999969,-0.34417057
143.8000031,-0.345255375
143.9000092,-0.342346668
144,-0.344087124
144.1000061,-0.341917515
144.1999969,-0.346828938
144.3000031,-0.342537403
144.4000092,-0.345493793
144.5,-0.347150803
144.6000061,-0.350977421
144.6999969,-0.349594593
144.8000031,-0.340010166
144.9000092,-0.343824863
145,-0.331188679
145.1000061,-0.338102818
145.1999969,-0.341679096
145.3000031,-0.339581013
145.4000092,-0.34711504
145.5,-0.333906651
145.6000061,-0.346209049
145.6999969,-0.342155933
145.8000031,-0.328804493
145.9000092,-0.337339878
146,-0.349785328
146.1000061,-0.342346668
146.1999969,-0.340630054
146.3000031,-0.336576939
146.4000092,-0.335337162
146.5,-0.351215839
146.6000061,-0.343586445
146.6999969,-0.333048344
146.8000031,-0.335861683
146.9000092,-0.33556366
147,-0.333620548
147.1000061,-0.339724064
147.1999969,-0.327755451
147.3000031,-0.333858967
147.4000092,-0.339819431
147.5,-0.342775822
147.6000061,-0.331045628
147.6999969,-0.338531971
147.8000031,-0.333286762
147.9000092,-0.338961124
148,-0.340343952
148.1000061,-0.339247227
148.1999969,-0.341774464
148.3000031,-0.345255375
148.4000092,-0.342251301
148.5,-0.338996887
148.6000061,-0.336147785
148.6999969,-0.332333088
148.8000031,-0.337339878
148.9000092,-0.343109608
149,-0.33223772
149.1000061,-0.335003376
149.1999969,-0.332666874
149.3000031,-0.333572865
149.4000092,-0.332094669
149.5,-0.331093311
149.6000061,-0.335301399
149.6999969,-0.338722706
149.8000031,-0.33929491
149.9000092,-0.345350742
150,-0.327373981
150.1000061,-0.343872547
150.1999969,-0.328709126
150.3000031,-0.332952976
150.4000092,-0.336195469
150.5,-0.335146427
150.6000061,-0.334049702
150.6999969,-0.335146427
150.8000031,-0.32017374
150.9000092,-0.334860325
151,-0.325800419
151.1000061,-0.332428455
151.1999969,-0.328232288
151.3000031,-0.327409744
151.4000092,-0.326181889
151.5,-0.322796345
151.6000061,-0.329805851
151.6999969,-0.327660084
151.8000031,-0.324799061
151.9000092,-0.330664158
152,-0.336195469
152.1000061,-0.335289478
152.1999969,-0.327707767
152.3000031,-0.341392994
152.4000092,-0.328423023
152.5,-0.332523823
152.6000061,-0.323606968
152.6999969,-0.329185963
152.8000031,-0.329805851
152.9000092,-0.330807209
153,-0.322367191
153.1000061,-0.328566074
153.1999969,-0.324083805
153.3000031,-0.323559284
153.4000092,-0.326658726
153.5,-0.32723093
153.6000061,-0.323797703
153.6999969,-0.326372623
153.8000031,-0.319410801
153.9000092,-0.3317132
154,-0.341059208
154.1000061,-0.319935322
154.1999969,-0.318266392
154.3000031,-0.32184267
154.4000092,-0.320316792
154.5,-0.33466959
154.6000061,-0.334049702
154.6999969,-0.330735683
154.8000031,-0.325705051
154.9000092,-0.328518391
155,-0.323177814
155.1000061,-0.324179173
155.1999969,-0.319458485
155.3000031,-0.318933964
155.4000092,-0.325991154
155.5,-0.31387949
155.6000061,-0.32260561
155.6999969,-0.326181889
155.8000031,-0.325132847
155.9000092,-0.324155331
156,-0.320793629
156.1000061,-0.324512959
156.1999969,-0.318266392
156.3000031,-0.317121983
156.4000092,-0.315834522
156.5,-0.316597462
156.6000061,-0.317455769
156.6999969,-0.321890354
156.8000031,-0.322510242
156.9000092,-0.320698261
157,-0.32298708
157.1000061,-0.320126057
157.1999969,-0.318171024
157.3000031,-0.318647861
157.4000092,-0.32055521
157.5,-0.32389307
157.6000061,-0.321508884
157.6999969,-0.318409443
157.8000031,-0.318325996
157.9000092,-0.315357685
158,-0.318027973
158.1000061,-0.323416233
158.1999969,-0.319887638
158.3000031,-0.324465275
158.4000092,-0.322176456
158.5,-0.317360401
158.6000061,-0.310398102
158.6999969,-0.31516695
158.8000031,-0.326706409
158.9000092,-0.324465275
159,-0.311876297
159.1000061,-0.321032047
159.1999969,-0.316263676
159.3000031,-0.320269108
159.4000092,-0.321890354
159.5,-0.314117908
159.6000061,-0.316692829
159.6999969,-0.304628372
159.8000031,-0.310398102
159.9000092,-0.300527573
160,-0.313641071
160.1000061,-0.312496662
160.1999969,-0.32632494
160.3000031,-0.300527573
160.4000092,-0.319029331
160.5,-0.303817749
160.6000061,-0.315882206
160.6999969,-0.323988438
160.8000031,-0.317026615
160.9000092,-0.313021183
161,-0.318743229
161.1000061,-0.305057526
161.1999969,-0.307823181
161.3000031,-0.317074299
161.4000092,-0.326515675
161.5,-0.315643787
161.6000061,-0.310970306
161.6999969,-0.304866791
161.8000031,-0.315310001
161.9000092,-0.311113358
162,-0.315262318
162.1000061,-0.301290512
162.1999969,-0.304246902
162.3000031,-0.316311359
162.4000092,-0.303770065
162.5,-0.310350418
162.6000061,-0.307870865
162.6999969,-0.316263676
162.8000031,-0.309587479
162.9000092,-0.305438995
163,-0.304676056
163.1000061,-0.306964874
163.1999969,-0.315023899
163.3000031,-0.314594746
163.4000092,-0.308383703
163.5,-0.299001694
163.6000061,-0.304914474
163.6999969,-0.310445786
163.8000031,-0.308776855
163.9000092,-0.306452274
164,-0.301433563
164.1000061,-0.305152893
164.1999969,-0.306488037
164.3000031,-0.3060112
164.4000092,-0.306893349
164.5,-0.306488037
164.6000061,-0.308586121
164.6999969,-0.308252335
164.8000031,-0.297618866
164.9000092,-0.307537079
165,-0.296188354
165.1000061,-0.303674698
165.1999969,-0.300336838
165.3000031,-0.301123619
165.4000092,-0.300003052
165.5,-0.300479889
165.6000061,-0.304151535
165.6999969,-0.306488037
165.8000031,-0.307012558
165.9000092,-0.300432205
166,-0.293708801
166.1000061,-0.30973053
166.1999969,-0.297571182
166.3000031,-0.3019104
166.4000092,-0.302577972
166.5,-0.302864075
166.6000061,-0.304819107
166.6999969,-0.302148819
166.8000031,-0.300169945
166.9000092,-0.297142029
167,-0.296569824
167.1000061,-0.298429489
167.1999969,-0.296283722
167.3000031,-0.299860001
167.4000092,-0.297142029
167.5,-0.302387238
167.6000061,-0.2852211
167.6999969,-0.293613434
167.8000031,-0.311208725
167.9000092,-0.307823181
168,-0.301290512
168.1000061,-0.299716949
168.1999969,-0.297428131
168.3000031,-0.294281006
168.4000092,-0.294424057
168.5,-0.290418625
168.6000061,-0.300146103
168.6999969,-0.307250977
168.8000031,-0.300909042
168.9000092,-0.300861359
169,-0.299287796
169.1000061,-0.302434921
169.1999969,-0.296665192
169.3000031,-0.304866791
169.4000092,-0.296331406
169.5,-0.305772781
169.6000061,-0.288320541
169.6999969,-0.300432205
169.8000031,-0.303007126
169.9000092,-0.288463593
170,-0.301242828
170.1000061,-0.290275574
170.1999969,-0.300098419
170.3000031,-0.282598495
170.4000092,-0.305486679
170.5,-0.292135239
170.6000061,-0.301624298
170.6999969,-0.29766655
170.8000031,-0.295330048
170.9000092,-0.289226532
171,-0.298763275
171.1000061,-0.281978607
171.1999969,-0.289321899
171.3000031,-0.30024147
171.4000092,-0.294185638
171.5,-0.297714233
171.6000061,-0.296355247
171.6999969,-0.297046661
171.8000031,-0.296474457
171.9000092,-0.291563034
172,-0.28689003
172.1000061,-0.29561615
172.1999969,-0.289751053
172.3000031,-0.294805527
172.4000092,-0.285745621
172.5,-0.283027649
172.6000061,-0.288702011
172.6999969,-0.289464951
172.8000031,-0.285554886
172.9000092,-0.29394722
173,-0.281454086
173.1000061,-0.284219742
173.1999969,-0.303340912
173.3000031,-0.284982681
173.4000092,-0.29523468
173.5,-0.284410477
173.6000061,-0.282121658
173.6999969,-0.286842346
173.8000031,-0.28817749
173.9000092,-0.281835556
174,-0.28021431
174.1000061,-0.296712875
174.1999969,-0.279499054
174.3000031,-0.287986755
174.4000092,-0.285697937
174.5,-0.281454086
174.6000061,-0.298715591
174.6999969,-0.28393364
174.8000031,-0.291658401
174.9000092,-0.285793304
175,-0.290370941
175.1000061,-0.287843704
175.1999969,-0.290895462
175.3000031,-0.278450012
175.4000092,-0.294376373
175.5,-0.279975891
175.6000061,-0.291944504
175.6999969,-0.289608002
175.8000031,-0.291455746
175.9000092,-0.290370941
176,-0.293899536
176.1000061,-0.291801453
176.1999969,-0.284219742
176.3000031,-0.2872715
176.4000092,-0.296760559
176.5,-0.28560257
176.6000061,-0.292087555
176.6999969,-0.296331406
176.8000031,-0.279165268
176.9000092,-0.28855896
177,-0.279260635
177.1000061,-0.278879166
177.1999969,-0.276018143
177.3000031,-0.280965328
177.4000092,-0.285316467
177.5,-0.283647537
177.6000061,-0.289655685
177.6999969,-0.289274216
177.8000031,-0.291992188
177.9000092,-0.285626411
178,-0.281072617
178.1000061,-0.280166626
178.1999969,-0.294090271
178.3000031,-0.289798737
178.4000092,-0.276018143
178.5,-0.273443222
178.6000061,-0.277019501
178.6999969,-0.295759201
178.8000031,-0.295377731
178.9000092,-0.282169342
179,-0.285173416
179.1000061,-0.279880524
179.1999969,-0.275922775
179.3000031,-0.276590347
179.4000092,-0.283576012
179.5,-0.294567108
179.6000061,-0.287223816
179.6999969,-0.275684357
179.8000031,-0.289274216
179.9000092,-0.278783798
180,-0.286174774
180.1000061,-0.276161194
180.1999969,-0.285125732
180.3000031,-0.284553528
180.4000092,-0.292802811
180.5,-0.2831707
180.6000061,-0.27649498
180.6999969,-0.286699295
180.8000031,-0.279689789
180.9000092,-0.281215668
181,-0.282360077
181.1000061,-0.283361435
181.1999969,-0.279284477
181.3000031,-0.275255203
181.4000092,-0.276161194
181.5,-0.278688431
181.6000061,-0.281549454
181.6999969,-0.281787872
181.8000031,-0.273443222
181.9000092,-0.272155762
182,-0.285984039
182.1000061,-0.277305603
182.1999969,-0.267911911
182.3000031,-0.282550812
182.4000092,-0.270534515
182.5,-0.282550812
182.6000061,-0.26700592
182.6999969,-0.273729324
182.8000031,-0.272108078
182.9000092,-0.275541306
183,-0.278259277
183.1000061,-0.271535873
183.1999969,-0.28355217
183.3000031,-0.275016785
183.4000092,-0.27277565
183.5,-0.270868301
183.6000061,-0.27816391
183.6999969,-0.283647537
183.8000031,-0.268960953
183.9000092,-0.271821976
184,-0.278211594
184.1000061,-0.26815033
184.1999969,-0.281406403
184.3000031,-0.270153046
184.4000092,-0.264717102
184.5,-0.266767502
184.6000061,-0.271821976
184.6999969,-0.269199371
184.8000031,-0.263572693
184.9000092,-0.267148972
185,-0.280595779
185.1000061,-0.263858795
185.1999969,-0.276971817
185.3000031,-0.265241623
185.4000092,-0.281024933
185.5,-0.27148819
185.6000061,-0.269008636
185.6999969,-0.268448353
185.8000031,-0.268722534
185.9000092,-0.264574051
186,-0.262094498
186.1000061,-0.269962311
186.1999969,-0.261188507
186.3000031,-0.267959595
186.4000092,-0.274873734
186.5,-0.268722534
186.6000061,-0.267053604
186.6999969,-0.265289307
186.8000031,-0.272441864
186.9000092,-0.264574051
187,-0.268341064
187.1000061,-0.267244339
187.1999969,-0.260902405
187.3000031,-0.269294739
187.4000092,-0.264335632
187.5,-0.271249771
187.6000061,-0.259281158
187.6999969,-0.272441864
187.8000031,-0.268245697
187.9000092,-0.259853363
188,-0.277877808
188.1000061,-0.268388748
188.1999969,-0.269771576
188.3000031,-0.270534515
188.4000092,-0.265801907
188.5,-0.262142181
188.6000061,-0.260759354
188.6999969,-0.270772934
188.8000031,-0.276161194
188.9000092,-0.270868301
189,-0.266672134
189.1000061,-0.269866943
189.1999969,-0.261808395
189.3000031,-0.261713028
189.4000092,-0.271154404
189.5,-0.263906479
189.6000061,-0.254179001
189.6999969,-0.268722534
189.8000031,-0.260759354
189.9000092,-0.269580841
190,-0.263000488
190.1000061,-0.26776886
190.1999969,-0.272441864
190.3000031,-0.264192581
190.4000092,-0.266195297
190.5,-0.256944656
190.6000061,-0.268817902
190.6999969,-0.264669418
190.8000031,-0.257612228
190.9000092,-0.266815186
191,-0.260520935
191.1000061,-0.270868301
191.1999969,-0.265241623
191.3000031,-0.257564545
191.4000092,-0.260520935
191.5,-0.268865585
191.6000061,-0.257278442
191.6999969,-0.266862869
191.8000031,-0.266338348
191.9000092,-0.261045456
192,-0.271583557
192.1000061,-0.253416061
192.1999969,-0.259328842
192.3000031,-0.261236191
192.4000092,-0.262428284
192.5,-0.2603302
192.6000061,-0.260997772
192.6999969,-0.259662628
192.8000031,-0.259805679
192.9000092,-0.258708954
193,-0.264860153
193.1000061,-0.254608154
193.1999969,-0.26943779
193.3000031,-0.258232117
193.4000092,-0.253034592
193.5,-0.253702164
193.6000061,-0.258470535
193.6999969,-0.266052246
193.8000031,-0.268341064
193.9000092,-0.242591858
194,-0.251317978
194.1000061,-0.263191223
194.1999969,-0.254369736
194.3000031,-0.25661087
194.4000092,-0.245405197
194.5,-0.259090424
194.6000061,-0.253988266
194.6999969,-0.266052246
194.8000031,-0.265670776
194.9000092,-0.263978004
195,-0.260759354
195.1000061,-0.263429642
195.1999969,-0.250888824
195.3000031,-0.25570488
195.4000092,-0.261713028
195.5,-0.25327301
195.6000061,-0.248504639
195.6999969,-0.245500565
195.8000031,-0.254322052
195.9000092,-0.250793457
196,-0.252223969
196.1000061,-0.246704578
196.1999969,-0.242401123
196.3000031,-0.241399765
196.4000092,-0.248886108
196.5,-0.250841141
196.6000061,-0.252843857
196.6999969,-0.252378941
196.8000031,-0.254560471
196.9000092,-0.251270294
197,-0.256515503
197.1000061,-0.248695374
197.1999969,-0.259519577
197.3000031,-0.253129959
197.4000092,-0.251079559
197.5,-0.249410629
197.6000061,-0.255132675
197.6999969,-0.251937866
197.8000031,-0.248743057
197.9000092,-0.25570488
198,-0.249124527
198.1000061,-0.252939224
198.1999969,-0.248886108
198.3000031,-0.245119095
198.4000092,-0.244880676
198.5,-0.247598648
198.6000061,-0.246406555
198.6999969,-0.242210388
198.8000031,-0.246454239
198.9000092,-0.248886108
199,-0.248313904
199.1000061,-0.248051643
199.1999969,-0.247121811
199.3000031,-0.24788475
199.4000092,-0.253559113
199.5,-0.24454689
199.6000061,-0.259805679
199.6999969,-0.252176285
199.8000031,-0.251365662
199.9000092,-0.246263504
200,-0.249792099
200.1000061,-0.2436409
200.1999969,-0.246263504
200.3000031,-0.254179001
200.4000092,-0.242115021
200.5,-0.251127243
200.6000061,-0.255084991
200.6999969,-0.252891541
200.8000031,-0.251818657
200.9000092,-0.251031876
201,-0.24826622
201.1000061,-0.234294891
201.1999969,-0.247598648
201.3000031,-0.23915863
201.4000092,-0.248123169
201.5,-0.24454689
201.6000061,-0.246251583
201.6999969,-0.245691299
201.8000031,-0.246644974
201.9000092,-0.244689941
202,-0.252128601
202.1000061,-0.243450165
202.1999969,-0.250268936
202.3000031,-0.242258072
202.4000092,-0.244689941
202.5,-0.254703522
202.6000061,-0.24864769
202.6999969,-0.236106873
202.8000031,-0.244785309
202.9000092,-0.237918854
203,-0.244308472
203.1000061,-0.240398407
203.1999969,-0.241828918
203.3000031,-0.243402481
203.4000092,-0.241876602
203.5,-0.238538742
203.6000061,-0.233818054
203.6999969,-0.235057831
203.8000031,-0.236357212
203.9000092,-0.237537384
204,-0.239015579
204.1000061,-0.229621887
204.1999969,-0.254369736
204.3000031,-0.241876602
204.4000092,-0.236774445
204.5,-0.250745773
204.6000061,-0.239587784
204.6999969,-0.25160408
204.8000031,-0.242830276
204.9000092,-0.235582352
205,-0.248218536
205.1000061,-0.242401123
205.1999969,-0.23453331
205.3000031,-0.250221252
205.4000092,-0.241304398
205.5,-0.249696732
205.6000061,-0.248552322
205.6999969,-0.24287796
205.8000031,-0.2395401
205.9000092,-0.243330956
206,-0.244737625
206.1000061,-0.246168137
206.1999969,-0.246644974
206.3000031,-0.238502979
206.4000092,-0.231624603
206.5,-0.229574203
206.6000061,-0.236059189
206.6999969,-0.244880676
206.8000031,-0.239778519
206.9000092,-0.234342575
207,-0.235486984
207.1000061,-0.233484268
207.1999969,-0.234342575
207.3000031,-0.240350723
207.4000092,-0.238538742
207.5,-0.243140221
207.6000061,-0.245834351
207.6999969,-0.242085218
207.8000031,-0.239778519
207.9000092,-0.239587784
208,-0.239838123
208.1000061,-0.238777161
208.1999969,-0.237087369
208.3000031,-0.23453331
208.4000092,-0.235200882
208.5,-0.23491478
208.6000061,-0.240207672
208.6999969,-0.240922928
208.8000031,-0.238216877
208.9000092,-0.235630035
209,-0.236106873
209.1000061,-0.234604836
209.1999969,-0.231863022
209.3000031,-0.234819412
209.4000092,-0.231672287
209.5,-0.229335785
209.6000061,-0.237251282
209.6999969,-0.241685867
209.8000031,-0.245262146
209.9000092,-0.241256714
210,-0.232625961
210.1000061,-0.249362946
210.1999969,-0.244832993
210.3000031,-0.2395401
210.4000092,-0.234676361
210.5,-0.235773087
210.6000061,-0.224328995
210.6999969,-0.240779877
210.8000031,-0.232816696
210.9000092,-0.245119095
211,-0.231481552
211.1000061,-0.233675003
211.1999969,-0.237084389
211.3000031,-0.242115021
211.4000092,-0.241065979
211.5,-0.236774445
211.6000061,-0.234867096
211.6999969,-0.22990799
211.8000031,-0.241161346
211.9000092,-0.228811264
212,-0.23081398
212.1000061,-0.236965179
212.1999969,-0.235630035
212.3000031,-0.23658371
212.4000092,-0.232959747
212.5,-0.227237701
212.6000061,-0.233198166
212.6999969,-0.230861664
212.8000031,-0.239301682
212.9000092,-0.229383469
213,-0.237966537
213.1000061,-0.246168137
213.1999969,-0.239253998
213.3000031,-0.231672287
213.4000092,-0.236536026
213.5,-0.236917496
213.6000061,-0.23620224
213.6999969,-0.234485626
213.8000031,-0.235105515
213.9000092,-0.231767654
214,-0.236345291
214.1000061,-0.226617813
214.1999969,-0.239063263
214.3000031,-0.23157692
214.4000092,-0.232292175
214.5,-0.230527878
214.6000061,-0.235868454
214.6999969,-0.231147766
214.8000031,-0.236345291
214.9000092,-0.233913422
215,-0.232721329
215.1000061,-0.238681793
215.1999969,-0.235200882
215.3000031,-0.236500263
215.4000092,-0.236726761
215.5,-0.235391617
215.6000061,-0.233448505
215.6999969,-0.230909348
215.8000031,-0.230766296
215.9000092,-0.227905273
216,-0.231100082
216.1000061,-0.228334427
216.1999969,-0.228942394
216.3000031,-0.229383469
216.4000092,-0.231120944
216.5,-0.232292175
216.6000061,-0.233865738
216.6999969,-0.233102798
216.8000031,-0.236440659
216.9000092,-0.233818054
217,-0.23248291
217.1000061,-0.228811264
217.1999969,-0.228811264
217.3000031,-0.229288101
217.4000092,-0.227523804
217.5,-0.228203297
217.6000061,-0.228477478
217.6999969,-0.227523804
217.8000031,-0.231338501
217.9000092,-0.227905273
218,-0.229621887
218.1000061,-0.222707748
218.1999969,-0.23043251
218.3000031,-0.223709106
218.4000092,-0.231052399
218.5,-0.226665497
218.6000061,-0.23081398
218.6999969,-0.218606949
218.8000031,-0.22747612
218.9000092,-0.233579636
219,-0.224805832
219.1000061,-0.228286743
219.1999969,-0.234342575
219.3000031,-0.227666855
219.4000092,-0.223279953
219.5,-0.231386185
219.6000061,-0.231100082
219.6999969,-0.232053757
219.8000031,-0.228858948
219.9000092,-0.236536026
220,-0.219894409
220.1000061,-0.228572845
220.1999969,-0.223327637
220.3000031,-0.223232269
220.4000092,-0.225091934
220.5,-0.225854874
220.6000061,-0.229383469
220.6999969,-0.223446846
220.8000031,-0.218797684
220.9000092,-0.219751358
221,-0.238538742
221.1000061,-0.213266373
221.1999969,-0.228906631
221.3000031,-0.221229553
221.4000092,-0.226236343
221.5,-0.221324921
221.6000061,-0.230766296
221.6999969,-0.219989777
221.8000031,-0.223470688
221.9000092,-0.225759506
222,-0.227428436
222.1000061,-0.225330353
222.1999969,-0.217844009
222.3000031,-0.214410782
222.4000092,-0.204111099
222.5,-0.231004715
222.6000061,-0.221515656
222.6999969,-0.218177795
222.8000031,-0.230623245
222.9000092,-0.218034744
223,-0.232387543
223.1000061,-0.223279953
223.1999969,-0.218130112
223.3000031,-0.215316772
223.4000092,-0.221146107
223.5,-0.223804474
223.6000061,-0.227333069
223.6999969,-0.228000641
223.8000031,-0.225389957
223.9000092,-0.221229553
224,-0.224996567
224.1000061,-0.218559265
224.1999969,-0.222660065
224.3000031,-0.213933945
224.4000092,-0.226951599
224.5,-0.215459824
224.6000061,-0.205732346
224.6999969,-0.221324921
224.8000031,-0.2228508
224.9000092,-0.214315414
225,-0.217224121
225.1000061,-0.220085144
225.1999969,-0.21207428
225.3000031,-0.220085144
225.4000092,-0.213409424
225.5,-0.223518372
225.6000061,-0.220752716
225.6999969,-0.215745926
225.8000031,-0.221467972
225.9000092,-0.210643768
226,-0.218654633
226.1000061,-0.215126038
226.1999969,-0.217748642
226.3000031,-0.216842651
226.4000092,-0.205589294
226.5,-0.222183228
226.6000061,-0.213266373
226.6999969,-0.214029312
226.8000031,-0.215459824
226.9000092,-0.216079712
227,-0.219417572
227.1000061,-0.219799042
227.1999969,-0.222421646
227.3000031,-0.218940735
227.4000092,-0.213552475
227.5,-0.214982986
227.6000061,-0.220085144
227.6999969,-0.206113815
227.8000031,-0.219083786
227.9000092,-0.224758148
228,-0.212169647
228.1000061,-0.22118187
228.1999969,-0.208450317
228.3000031,-0.224281311
228.4000092,-0.216747284
228.5,-0.213171005
228.6000061,-0.215555191
228.6999969,-0.21336174
228.8000031,-0.211597443
228.9000092,-0.210166931
229,-0.212646484
229.1000061,-0.219655991
229.1999969,-0.214220047
229.3000031,-0.202299118
229.4000092,-0.215269089
229.5,-0.210643768
229.6000061,-0.205255508
229.6999969,-0.214553833
229.8000031,-0.21245575
229.9000092,-0.213838577
230,-0.215888977
230.1000061,-0.215316772
230.1999969,-0.215650558
230.3000031,-0.213552475
230.4000092,-0.211025238
230.5,-0.212217331
230.6000061,-0.211788177
230.6999969,-0.212217331
230.8000031,-0.211168289
230.9000092,-0.214220047
231,-0.2166996
231.1000061,-0.213278294
231.1999969,-0.210834503
231.3000031,-0.211359024
231.4000092,-0.210691452
231.5,-0.215698242
231.6000061,-0.208545685
231.6999969,-0.214792252
231.8000031,-0.212884903
231.9000092,-0.212884903
232,-0.20463562
232.1000061,-0.221658707
232.1999969,-0.204921722
232.3000031,-0.212789536
232.4000092,-0.206542969
232.5,-0.208641052
232.6000061,-0.20797348
232.6999969,-0.212932587
232.8000031,-0.213027954
232.9000092,-0.213600159
233,-0.211990833
233.1000061,-0.211645126
233.1999969,-0.209690094
233.3000031,-0.204683304
233.4000092,-0.203920364
233.5,-0.206209183
233.6000061,-0.209260941
233.6999969,-0.206972122
233.8000031,-0.2146492
233.9000092,-0.212694168
234,-0.210596085
234.1000061,-0.201011658
234.1999969,-0.20759201
234.3000031,-0.201822281
234.4000092,-0.208450317
234.5,-0.208641052
234.6000061,-0.210309982
234.6999969,-0.201631546
234.8000031,-0.213171005
234.9000092,-0.203300476
235,-0.21002388
235.1000061,-0.202394485
235.1999969,-0.207639694
235.3000031,-0.210786819
235.4000092,-0.210309982
235.5,-0.210119247
235.6000061,-0.213886261
235.6999969,-0.20951128
235.8000031,-0.207496643
235.9000092,-0.206542969
236,-0.202489853
236.1000061,-0.212551117
236.1999969,-0.198007584
236.3000031,-0.208784103
236.4000092,-0.215316772
236.5,-0.205350876
236.6000061,-0.212217331
236.6999969,-0.204397202
236.8000031,-0.205589294
236.9000092,-0.207878113
237,-0.210453033
237.1000061,-0.211072922
237.1999969,-0.202442169
237.3000031,-0.213314056
237.4000092,-0.203014374
237.5,-0.201631546
237.6000061,-0.205255508
237.6999969,-0.200296402
237.8000031,-0.212408066
237.9000092,-0.210262299
238,-0.21245575
238.1000061,-0.21503067
238.1999969,-0.217939377
238.3000031,-0.212944508
238.4000092,-0.210977554
238.5,-0.207830429
238.6000061,-0.198722839
238.6999969,-0.21169281
238.8000031,-0.204492569
238.9000092,-0.204397202
239,-0.209928513
239.1000061,-0.200391769
239.1999969,-0.207830429
239.3000031,-0.198055267
239.4000092,-0.203300476
239.5,-0.19667244
239.6000061,-0.198961258
239.6999969,-0.198198318
239.8000031,-0.198865891
239.9000092,-0.20873642
240,-0.201059341
240.1000061,-0.20630455
240.1999969,-0.20129776
240.3000031,-0.202156067
240.4000092,-0.203157425
240.5,-0.205160141
240.6000061,-0.204444885
240.6999969,-0.204778671
240.8000031,-0.201011658
240.9000092,-0.204206467
241,-0.202883244
241.1000061,-0.203252792
241.1999969,-0.203062057
241.3000031,-0.20258522
241.4000092,-0.203920364
241.5,-0.194860458
241.6000061,-0.210834503
241.6999969,-0.189090729
241.8000031,-0.205064774
241.9000092,-0.199008942
242,-0.191951752
242.1000061,-0.191761017
242.1999969,-0.197673798
242.3000031,-0.204397202
242.4000092,-0.188041687
242.5,-0.19757843
242.6000061,-0.202680588
242.6999969,-0.189758301
242.8000031,-0.194669724
242.9000092,-0.205350876
243,-0.193286896
243.1000061,-0.202919006
243.1999969,-0.207019806
243.3000031,-0.197149277
243.4000092,-0.203109741
243.5,-0.194192886
243.6000061,-0.205112457
243.6999969,-0.19295311
243.8000031,-0.200153351
243.9000092,-0.203109741
244,-0.200248718
244.1000061,-0.201333523
244.1999969,-0.199438095
244.3000031,-0.202537537
244.4000092,-0.210309982
244.5,-0.199914932
244.6000061,-0.195480347
244.6999969,-0.192476273
244.8000031,-0.192810059
244.9000092,-0.195981026
245,-0.198913574
245.1000061,-0.199724197
245.1999969,-0.192094803
245.3000031,-0.204397202
245.4000092,-0.192714691
245.5,-0.197769165
245.6000061,-0.199521542
245.6999969,-0.204111099
245.8000031,-0.203491211
245.9000092,-0.190807343
246,-0.18713522
246.1000061,-0.197053909
246.1999969,-0.191617966
246.3000031,-0.200344086
246.4000092,-0.209690094
246.5,-0.194908142
246.6000061,-0.186133862
246.6999969,-0.191522598
246.8000031,-0.180745602
246.9000092,-0.197912216
247,-0.207782745
247.1000061,-0.196386337
247.1999969,-0.187755585
247.3000031,-0.200630188
247.4000092,-0.201107025
247.5,-0.186706066
247.6000061,-0.191045761
247.6999969,-0.204158783
247.8000031,-0.190711975
247.9000092,-0.202823639
248,-0.195671082
248.1000061,-0.196195602
248.1999969,-0.192333221
248.3000031,-0.198818207
248.4000092,-0.195718765
248.5,-0.191617966
248.6000061,-0.187612534
248.6999969,-0.189186096
248.8000031,-0.195623398
248.9000092,-0.194860458
249,-0.189877272
249.1000061,-0.186229229
249.1999969,-0.182796001
249.3000031,-0.189043045
249.4000092,-0.197769165
249.5,-0.193239212
249.6000061,-0.192142487
249.6999969,-0.198436737
249.8000031,-0.194335938
249.9000092,-0.179172039
250,-0.194908142
250.1000061,-0.18847084
250.1999969,-0.187421322
250.3000031,-0.185895443
250.4000092,-0.200391769
250.5,-0.187373638
250.6000061,-0.194526672
250.6999969,-0.187325954
250.8000031,-0.196386337
250.9000092,-0.192094803
251,-0.18470335
251.1000061,-0.20129776
251.1999969,-0.183940411
251.3000031,-0.195718765
251.4000092,-0.18847084
251.5,-0.191999435
251.6000061,-0.189567566
251.6999969,-0.182223797
251.8000031,-0.187612534
251.9000092,-0.183511257
252,-0.18625319
252.1000061,-0.186610699
252.1999969,-0.187278271
252.3000031,-0.192667007
252.4000092,-0.190330505
252.5,-0.186324596
252.6000061,-0.179219723
252.6999969,-0.182843685
252.8000031,-0.189472198
252.9000092,-0.184512615
253,-0.191236496
253.1000061,-0.205112457
253.1999969,-0.191665649
253.3000031,-0.194908142
253.4000092,-0.194145203
253.5,-0.199533463
253.6000061,-0.190807343
253.6999969,-0.18599081
253.8000031,-0.192714691
253.9000092,-0.186658382
254,-0.186610699
254.1000061,-0.185740471
254.1999969,-0.185323238
254.3000031,-0.18986237
254.4000092,-0.194526672
254.5,-0.1938591
254.6000061,-0.184274197
254.6999969,-0.181794643
254.8000031,-0.191045761
254.9000092,-0.192094803
255,-0.189376593
255.1000061,-0.187469006
255.1999969,-0.186896801
255.3000031,-0.188673258
255.4000092,-0.189043045
255.5,-0.19128418
255.6000061,-0.189901352
255.6999969,-0.195289612
255.8000031,-0.185943127
255.9000092,-0.189949036
256,-0.183511257
256.1000061,-0.187373638
256.2000122,-0.189329147
256.3000183,-0.186849236
256.3999939,-0.18546629
256.5,-0.185227871
256.6000061,-0.18123436
256.7000122,-0.178838253
256.8000183,-0.175405025
256.8999939,-0.180840969
257,-0.187612534
257.1000061,-0.18756485
257.2000122,-0.188423157
257.3000183,-0.196577072
257.3999939,-0.194765091
257.5,-0.193441868
257.6000061,-0.188280106
257.7000122,-0.194145203
257.8000183,-0.17969656
257.8999939,-0.190998077
258,-0.186801434
258.1000061,-0.196577072
258.2000122,-0.187421322
258.3000183,-0.173783779
258.3999939,-0.189758301
258.5,-0.167584896
258.6000061,-0.186467648
258.7000122,-0.188709259
258.8000183,-0.198246002
258.8999939,-0.191665649
259,-0.178695202
259.1000061,-0.181222439
259.2000122,-0.181174755
259.3000183,-0.180876732
259.3999939,-0.182509899
259.5,-0.183567882
259.6000061,-0.185657024
259.7000122,-0.185227871
259.8000183,-0.178552151
259.8999939,-0.186133862
260,-0.176978588
260.1000061,-0.186038494
260.2000122,-0.190282822
260.3000183,-0.182891369
260.3999939,-0.17674017
260.5,-0.183082104
260.6000061,-0.184035778
260.7000122,-0.184274197
260.8000183,-0.183177471
260.8999939,-0.18546629
261,-0.17726469
261.1000061,-0.182796001
261.2000122,-0.179267406
261.3000183,-0.181162834
261.3999939,-0.180936337
261.5,-0.181651592
261.6000061,-0.183129787
261.7000122,-0.183606625
261.8000183,-0.179791927
261.8999939,-0.178313732
262,-0.180793285
262.1000061,-0.187660217
262.2000122,-0.181508541
262.3000183,-0.186706066
262.3999939,-0.18303442
262.5,-0.17931509
262.6000061,-0.18265295
262.7000122,-0.185287714
262.8000183,-0.190616608
262.8999939,-0.188566208
263,-0.176454067
263.1000061,-0.177979946
263.2000122,-0.183749676
263.3000183,-0.186276913
263.3999939,-0.18885231
263.5,-0.186896801
263.6000061,-0.1838094
263.7000122,-0.179982662
263.8000183,-0.179505825
263.8999939,-0.174165249
264,-0.180840969
264.1000061,-0.18713522
264.2000122,-0.168252468
264.3000183,-0.189090729
264.3999939,-0.182796001
264.5,-0.181079388
264.6000061,-0.17969656
264.7000122,-0.182211876
264.8000183,-0.18303442
264.8999939,-0.1807307
265,-0.177979946
265.1000061,-0.17969656
265.2000122,-0.180221081
265.3000183,-0.171161175
265.3999939,-0.182366848
265.5,-0.192714691
265.6000061,-0.182843685
265.7000122,-0.179410458
265.8000183,-0.184274197
265.8999939,-0.190235138
266,-0.177979946
266.1000061,-0.183272839
266.2000122,-0.178885937
266.3000183,-0.177741528
266.3999939,-0.176585197
266.5,-0.173736095
266.6000061,-0.17597723
266.7000122,-0.179982662
266.8000183,-0.179172039
266.8999939,-0.176215649
267,-0.175011635
267.1000061,-0.172830105
267.2000122,-0.171828747
267.3000183,-0.172627449
267.3999939,-0.17136085
267.5,-0.171018124
267.6000061,-0.175383419
267.7000122,-0.178361416
267.8000183,-0.180793285
267.8999939,-0.182700634
268,-0.179124355
268.1000061,-0.183606625
268.2000122,-0.184655666
268.3000183,-0.175309658
268.3999939,-0.169063091
268.5,-0.178361416
268.6000061,-0.178742886
268.7000122,-0.174904346
268.8000183,-0.172496319
268.8999939,-0.177664042
269,-0.182843685
269.1000061,-0.180411816
269.2000122,-0.182366848
269.3000183,-0.168252468
269.3999939,-0.179839611
269.5,-0.173545361
269.6000061,-0.172544003
269.7000122,-0.175118923
269.8000183,-0.17597723
269.8999939,-0.1784091
270,-0.176644802
270.1000061,-0.177550793
270.2000122,-0.174642086
270.3000183,-0.177312374
270.3999939,-0.178313732
270.5,-0.177884579
270.6000061,-0.1763587
270.7000122,-0.178170681
270.8000183,-0.177503109
270.8999939,-0.178051472
271,-0.179553509
271.1000061,-0.176978588
271.2000122,-0.176954746
271.3000183,-0.176644802
271.3999939,-0.174642086
271.5,-0.176978588
271.6000061,-0.176215649
271.7000122,-0.176215649
271.8000183,-0.177026272
271.8999939,-0.17495203
272,-0.172162533
272.1000061,-0.174403667
272.2000122,-0.179648876
272.3000183,-0.175691128
272.3999939,-0.181317806
272.5,-0.178599834
272.6000061,-0.186181545
272.7000122,-0.176072598
272.8000183,-0.183463573
272.8999939,-0.170779705
273,-0.173306942
273.1000061,-0.176835537
273.2000122,-0.178122997
273.3000183,-0.175261974
273.3999939,-0.176692486
273.5,-0.171208858
273.6000061,-0.17893362
273.7000122,-0.169873714
273.8000183,-0.174546719
273.8999939,-0.173593044
274,-0.16520071
274.1000061,-0.169408798
274.2000122,-0.168490887
274.3000183,-0.170350552
274.3999939,-0.181699276
274.5,-0.177741528
274.6000061,-0.183940411
274.7000122,-0.180602551
274.8000183,-0.179839611
274.8999939,-0.167108059
275,-0.175118923
275.1000061,-0.168061733
275.2000122,-0.1784091
275.3000183,-0.1784091
275.3999939,-0.175738811
275.5,-0.174022198
275.6000061,-0.17597723
275.7000122,-0.177908421
275.8000183,-0.185180187
275.8999939,-0.176454067
276,-0.181317806
276.1000061,-0.177550793
276.2000122,-0.174499035
276.3000183,-0.172019482
276.3999939,-0.169253826
276.5,-0.167012691
276.6000061,-0.168300152
276.7000122,-0.177455425
276.8000183,-0.17674017
276.8999939,-0.169158459
277,-0.178504467
277.1000061,-0.17135191
277.2000122,-0.176883221
277.3000183,-0.171876431
277.3999939,-0.165439129
277.5,-0.164390087
277.6000061,-0.168967724
277.7000122,-0.172925472
277.8000183,-0.167394161
277.8999939,-0.169349194
278,-0.174499035
278.1000061,-0.175834179
278.2000122,-0.164342403
278.3000183,-0.175452709
278.3999939,-0.168204784
278.5,-0.172734737
278.6000061,-0.176597118
278.7000122,-0.170684338
278.8000183,-0.170743942
278.8999939,-0.168633938
279,-0.167060375
279.1000061,-0.173068523
279.2000122,-0.164914608
279.3000183,-0.168490887
279.3999939,-0.16558218
279.5,-0.179028988
279.6000061,-0.176024914
279.7000122,-0.167012691
279.8000183,-0.167584896
279.8999939,-0.170398235
280,-0.161386013
280.1000061,-0.167155743
280.2000122,-0.155234814
280.3000183,-0.167012691
280.3999939,-0.179505825
280.5,-0.171924114
280.6000061,-0.1743083
280.7000122,-0.16429472
280.8000183,-0.164342403
280.8999939,-0.165153027
281,-0.172830105
281.1000061,-0.174594402
281.2000122,-0.169861794
281.3000183,-0.163865566
281.3999939,-0.168157101
281.5,-0.17058897
281.6000061,-0.176692486
281.7000122,-0.166059017
281.8000183,-0.161195278
281.8999939,-0.16892004
282,-0.161099911
282.1000061,-0.16686964
282.2000122,-0.161719799
282.3000183,-0.174451351
282.3999939,-0.170302868
282.5,-0.164390087
282.6000061,-0.164437771
282.7000122,-0.173545361
282.8000183,-0.170159817
282.8999939,-0.170171738
283,-0.16853857
283.1000061,-0.168443203
283.2000122,-0.166440487
283.3000183,-0.166154385
283.3999939,-0.165296078
283.5,-0.167882919
283.6000061,-0.169206142
283.7000122,-0.170875072
283.8000183,-0.170064449
283.8999939,-0.170541286
284,-0.169635296
284.1000061,-0.161147594
284.2000122,-0.169826031
284.3000183,-0.156903744
284.3999939,-0.161672115
284.5,-0.161242962
284.6000061,-0.168395519
284.7000122,-0.155377865
284.8000183,-0.167537212
284.8999939,-0.166583538
285,-0.164485455
285.1000061,-0.16801405
285.2000122,-0.162673473
285.3000183,-0.156379223
285.3999939,-0.165772915
285.5,-0.153041363
285.6000061,-0.172496319
285.7000122,-0.163817883
285.8000183,-0.163245678
285.8999939,-0.162053585
286,-0.167680264
286.1000061,-0.167024612
286.2000122,-0.168443203
286.3000183,-0.169921398
286.3999939,-0.166011333
286.5,-0.162768841
286.6000061,-0.162911892
286.7000122,-0.159240246
286.8000183,-0.169778347
286.8999939,-0.165629864
287,-0.162339687
287.1000061,-0.170159817
287.2000122,-0.159526348
287.3000183,-0.165915966
287.3999939,-0.163388729
287.5,-0.15852499
287.6000061,-0.160909176
287.7000122,-0.159669399
287.8000183,-0.16892004
287.8999939,-0.156045437
288,-0.16725111
288.1000061,-0.163436413
288.2000122,-0.170159817
288.3000183,-0.166893482
288.3999939,-0.166821957
288.5,-0.161713839
288.6000061,-0.155234814
288.7000122,-0.157905102
288.8000183,-0.158715725
288.8999939,-0.171590328
289,-0.169873714
289.1000061,-0.16609478
289.2000122,-0.160861492
289.3000183,-0.162053585
289.3999939,-0.162673473
289.5,-0.161195278
289.6000061,-0.165009975
289.7000122,-0.162816525
289.8000183,-0.162435055
289.8999939,-0.158858776
290,-0.162435055
290.1000061,-0.159955502
290.2000122,-0.15993166
290.3000183,-0.160384655
290.3999939,-0.159568071
290.5,-0.15852499
290.6000061,-0.159430981
290.7000122,-0.161767483
290.8000183,-0.16892004
290.8999939,-0.164151669
291,-0.1514678
291.1000061,-0.147939205
291.2000122,-0.155497074
291.3000183,-0.160289288
291.3999939,-0.162292004
291.5,-0.164199352
291.6000061,-0.155759335
291.7000122,-0.163388729
291.8000183,-0.15890646
291.8999939,-0.150466442
292,-0.15890646
292.1000061,-0.161815166
292.2000122,-0.165343761
292.3000183,-0.162959576
292.3999939,-0.161159515
292.5,-0.159049511
292.6000061,-0.157285213
292.7000122,-0.165534496
292.8000183,-0.160003185
292.8999939,-0.156188488
293,-0.155663967
293.1000061,-0.162196636
293.2000122,-0.169873714
293.3000183,-0.153327465
293.3999939,-0.163722515
293.5,-0.155425549
293.6000061,-0.161719799
293.7000122,-0.160718441
293.8000183,-0.160003185
293.8999939,-0.161052227
294,-0.161815166
294.1000061,-0.166631222
294.2000122,-0.16545105
294.3000183,-0.165915966
294.3999939,-0.167441845
294.5,-0.158572674
294.6000061,-0.152850628
294.7000122,-0.158191204
294.8000183,-0.162911892
294.8999939,-0.165677547
295,-0.163484097
295.1000061,-0.153327465
295.2000122,-0.158477306
295.3000183,-0.164008617
295.3999939,-0.167441845
295.5,-0.162327766
295.6000061,-0.161290646
295.7000122,-0.156569958
295.8000183,-0.153613567
295.8999939,-0.164008617
296,-0.162864208
296.1000061,-0.159049511
296.2000122,-0.160623074
296.3000183,-0.161338329
296.3999939,-0.159240246
296.5,-0.157690525
296.6000061,-0.154948711
296.7000122,-0.155234814
296.8000183,-0.160766125
296.8999939,-0.167966366
297,-0.151801586
297.1000061,-0.161624432
297.2000122,-0.159955502
297.3000183,-0.16019392
297.3999939,-0.161433697
297.5,-0.152421474
297.6000061,-0.15981245
297.7000122,-0.152469158
297.8000183,-0.158954144
297.8999939,-0.161242962
298,-0.161672115
298.1000061,-0.163054943
298.2000122,-0.15981245
298.3000183,-0.162292004
298.3999939,-0.159049511
298.5,-0.162005901
298.6000061,-0.163579464
298.7000122,-0.159097195
298.8000183,-0.155473232
298.8999939,-0.155330181
299,-0.156713009
299.1000061,-0.150943279
299.2000122,-0.167394161
299.3000183,-0.157475948
299.3999939,-0.164390087
299.5,-0.159240246
299.6000061,-0.160289288
299.7000122,-0.151658535
299.8000183,-0.164628506
299.8999939,-0.158286572
300,-0.162578106
300.1000061,-0.1494174
300.2000122,-0.152612209
300.3000183,-0.148940563
300.3999939,-0.162482738
300.5,-0.152612209
300.6000061,-0.159049511
300.7000122,-0.156951427
300.8000183,-0.153470516
300.8999939,-0.155210972
301,-0.153613567
301.1000061,-0.156808376
301.2000122,-0.155127525
301.3000183,-0.157285213
301.3999939,-0.152802944
301.5,-0.147653103
301.6000061,-0.15389967
301.7000122,-0.151515484
301.8000183,-0.156331539
301.8999939,-0.151372433
302,-0.150752544
302.1000061,-0.144982815
302.2000122,-0.143790722
302.3000183,-0.150537968
302.3999939,-0.15890646
302.5,-0.154471874
302.6000061,-0.165534496
302.7000122,-0.149846554
302.8000183,-0.160050869
302.8999939,-0.159383297
303,-0.157142162
303.1000061,-0.154567242
303.2000122,-0.143981457
303.3000183,-0.159907818
303.3999939,-0.152993679
303.5,-0.156236172
303.6000061,-0.147986889
303.7000122,-0.152612209
303.8000183,-0.157714367
303.8999939,-0.155091763
304,-0.154853344
304.1000061,-0.154603004
304.2000122,-0.154901028
304.3000183,-0.153565884
304.3999939,-0.148702145
304.5,-0.1494174
304.6000061,-0.152707577
304.7000122,-0.152516842
304.8000183,-0.150335312
304.8999939,-0.148988247
305,-0.147128582
305.1000061,-0.1535182
305.2000122,-0.163007259
305.3000183,-0.15275526
305.3999939,-0.141501904
305.5,-0.155330181
305.6000061,-0.16262579
305.7000122,-0.151992321
305.8000183,-0.16224432
305.8999939,-0.15814352
306,-0.152469158
306.1000061,-0.156844139
306.2000122,-0.15981245
306.3000183,-0.156951427
306.3999939,-0.147176266
306.5,-0.159764767
306.6000061,-0.145984173
306.7000122,-0.164723873
306.8000183,-0.153708935
306.8999939,-0.151563168
307,-0.151038647
307.1000061,-0.149703503
307.2000122,-0.139451504
307.3000183,-0.157428265
307.3999939,-0.14479208
307.5,-0.166440487
307.6000061,-0.159907818
307.7000122,-0.159049511
307.8000183,-0.154710293
307.8999939,-0.148082256
308,-0.156093121
308.1000061,-0.150132656
308.2000122,-0.149989605
308.3000183,-0.14684248
308.3999939,-0.14069128
308.5,-0.142932415
308.6000061,-0.151324749
308.7000122,-0.1555686
308.8000183,-0.142074108
308.8999939,-0.151992321
309,-0.134635448
309.1000061,-0.159669399
309.2000122,-0.144649029
309.3000183,-0.162053585
309.3999939,-0.154281139
309.5,-0.147033215
309.6000061,-0.160003185
309.7000122,-0.155711651
309.8000183,-0.159049511
309.8999939,-0.162816525
310,-0.157666683
310.1000061,-0.155234814
310.2000122,-0.15711832
310.3000183,-0.155854702
310.3999939,-0.159717083
310.5,-0.14812994
310.6000061,-0.152516842
310.7000122,-0.16224432
310.8000183,-0.152945995
310.8999939,-0.158000469
311,-0.154996395
311.1000061,-0.151134014
311.2000122,-0.158715725
311.3000183,-0.154281139
311.3999939,-0.150895596
311.5,-0.150228024
311.6000061,-0.149977684
311.7000122,-0.149131298
311.8000183,-0.149655819
311.8999939,-0.149989605
312,-0.152278423
312.1000061,-0.148892879
312.2000122,-0.151706219
312.3000183,-0.14774847
312.3999939,-0.155997753
312.5,-0.141311169
312.6000061,-0.147891521
312.7000122,-0.151753902
312.8000183,-0.148082256
312.8999939,-0.144744396
313,-0.15056181
313.1000061,-0.147653103
313.2000122,-0.141788006
313.3000183,-0.144994736
313.3999939,-0.144172192
313.5,-0.146365643
313.6000061,-0.14607954
313.7000122,-0.144315243
313.8000183,-0.142026424
313.8999939,-0.147033215
314,-0.14107275
314.1000061,-0.145364285
314.2000122,-0.148451805
314.3000183,-0.153375149
314.3999939,-0.153995037
314.5,-0.149608135
314.6000061,-0.1555686
314.7000122,-0.141883373
314.8000183,-0.145650387
314.8999939,-0.153804302
315,-0.146699429
315.1000061,-0.148368359
315.2000122,-0.145650387
315.3000183,-0.146174908
315.3999939,-0.141263485
315.5,-0.155330181
315.6000061,-0.145984173
315.7000122,-0.149894238
315.8000183,-0.146985531
315.8999939,-0.152850628
316,-0.144935131
316.1000061,-0.149608135
316.2000122,-0.148559093
316.3000183,-0.147891521
316.3999939,-0.142550945
316.5,-0.146317959
316.6000061,-0.147080898
316.7000122,-0.14774847
316.8000183,-0.163627148
316.8999939,-0.140309811
317,-0.151134014
317.1000061,-0.151420116
317.2000122,-0.146794796
317.3000183,-0.145245075
317.3999939,-0.143409252
317.5,-0.139356136
317.6000061,-0.142503262
317.7000122,-0.147891521
317.8000183,-0.153947353
317.8999939,-0.14812994
318,-0.147939205
318.1000061,-0.14774847
318.2000122,-0.148320675
318.3000183,-0.151563168
318.3999939,-0.15018034
318.5,-0.150430679
318.6000061,-0.150418758
318.7000122,-0.149560452
318.8000183,-0.138926983
318.8999939,-0.1514678
319,-0.142932415
319.1000061,-0.13940382
319.2000122,-0.145698071
319.3000183,-0.148416042
319.3999939,-0.148272991
319.5,-0.14312315
319.6000061,-0.145221233
319.7000122,-0.148034573
319.8000183,-0.14145422
319.8999939,-0.143075466
320,-0.142968178
320.1000061,-0.146556377
320.2000122,-0.140786648
320.3000183,-0.148368359
320.3999939,-0.151229382
320.5,-0.145221233
320.6000061,-0.139070034
320.7000122,-0.134063244
320.8000183,-0.144219875
320.8999939,-0.148368359
321,-0.146365643
321.1000061,-0.145650387
321.2000122,-0.144386768
321.3000183,-0.141978741
321.3999939,-0.143552303
321.5,-0.142288685
321.6000061,-0.142646313
321.7000122,-0.140977383
321.8000183,-0.143850327
321.8999939,-0.146699429
322,-0.145078182
322.1000061,-0.140309811
322.2000122,-0.149322033
322.3000183,-0.146031857
322.3999939,-0.141311169
322.5,-0.140882015
322.6000061,-0.141501904
322.7000122,-0.141191959
322.8000183,-0.144076824
322.8999939,-0.138307095
323,-0.144362926
323.1000061,-0.154519558
323.2000122,-0.144839764
323.3000183,-0.155520916
323.3999939,-0.143409252
323.5,-0.145650387
323.6000061,-0.139499187
323.7000122,-0.139451504
323.8000183,-0.140500546
323.8999939,-0.14145422
324,-0.141597271
324.1000061,-0.146747112
324.2000122,-0.138926983
324.3000183,-0.132966518
324.3999939,-0.146317959
324.5,-0.140595913
324.6000061,-0.150037289
324.7000122,-0.132251263
324.8000183,-0.142980099
324.8999939,-0.138164043
325,-0.146031857
325.1000061,-0.15056181
325.2000122,-0.142646313
325.3000183,-0.140834332
325.3999939,-0.139165401
325.5,-0.138450146
325.6000061,-0.140309811
325.7000122,-0.143790722
325.8000183,-0.139832973
325.8999939,-0.141931057
326,-0.144505978
326.1000061,-0.143075466
326.2000122,-0.144267559
326.3000183,-0.141597271
326.3999939,-0.13439703
326.5,-0.138259411
326.6000061,-0.132966518
326.7000122,-0.142264843
326.8000183,-0.137258053
326.8999939,-0.139165401
327,-0.141501904
327.1000061,-0.13940382
327.2000122,-0.139594555
327.3000183,-0.139737606
327.3999939,-0.13773489
327.5,-0.139081955
327.6000061,-0.139260769
327.7000122,-0.139594555
327.8000183,-0.13786602
327.8999939,-0.135970592
328,-0.136638165
328.1000061,-0.134730816
328.2000122,-0.137782574
328.3000183,-0.137115002
328.3999939,-0.137830257
328.5,-0.13811636
328.6000061,-0.136340141
328.7000122,-0.133872509
328.8000183,-0.135541439
328.8999939,-0.142503262
329,-0.14479208
329.1000061,-0.141406536
329.2000122,-0.138307095
329.3000183,-0.140023708
329.3999939,-0.146604061
329.5,-0.147796154
329.6000061,-0.143158913
329.7000122,-0.136971951
329.8000183,-0.141263485
329.8999939,-0.139260769
330,-0.138640881
330.1000061,-0.143838406
330.2000122,-0.145984173
330.3000183,-0.1514678
330.3999939,-0.13401556
330.5,-0.13940382
330.6000061,-0.140977383
330.7000122,-0.134826183
330.8000183,-0.137973309
330.8999939,-0.141597271
331,-0.147080898
331.1000061,-0.143552303
331.2000122,-0.13439703
331.3000183,-0.136352062
331.3999939,-0.135541439
331.5,-0.14107275
331.6000061,-0.136304379
331.7000122,-0.129962444
331.8000183,-0.142550945
331.8999939,-0.132823467
332,-0.129771709
332.1000061,-0.13606596
332.2000122,-0.141025066
332.3000183,-0.133061886
332.3999939,-0.141358852
332.5,-0.143218517
332.6000061,-0.128150463
332.7000122,-0.151563168
332.8000183,-0.136542797
332.8999939,-0.13363409
333,-0.142169476
333.1000061,-0.131536007
333.2000122,-0.139880657
333.3000183,-0.130773067
333.3999939,-0.141644955
333.5,-0.136542797
333.6000061,-0.136971951
333.7000122,-0.139749527
333.8000183,-0.140548229
333.8999939,-0.144935131
334,-0.141263485
334.1000061,-0.134969234
334.2000122,-0.145888805
334.3000183,-0.139594555
334.3999939,-0.127768993
334.5,-0.13978529
334.6000061,-0.144601345
334.7000122,-0.135541439
334.8000183,-0.152802944
334.8999939,-0.140357494
335,-0.130630016
335.1000061,-0.130153179
335.2000122,-0.135064602
335.3000183,-0.128293514
335.3999939,-0.142693996
335.5,-0.140738964
335.6000061,-0.138283253
335.7000122,-0.1347785
335.8000183,-0.134921551
335.8999939,-0.135624886
336,-0.135159969
336.1000061,-0.137639523
336.2000122,-0.137830257
336.3000183,-0.137973309
336.3999939,-0.140548229
336.5,-0.136018276
336.6000061,-0.140738964
336.7000122,-0.132775784
336.8000183,-0.133443356
336.8999939,-0.136638165
337,-0.130582333
337.1000061,-0.135112286
337.2000122,-0.131297588
337.3000183,-0.138736248
337.3999939,-0.136924267
337.5,-0.137961388
337.6000061,-0.137401104
337.7000122,-0.138783932
337.8000183,-0.137520313
337.8999939,-0.136828899
338,-0.137067318
338.1000061,-0.140643597
338.2000122,-0.135064602
338.3000183,-0.129199505
338.3999939,-0.129151821
338.5,-0.130486965
338.6000061,-0.127768993
338.7000122,-0.137210369
338.8000183,-0.133014202
338.8999939,-0.136352062
339,-0.131047249
339.1000061,-0.128150463
339.2000122,-0.126672268
339.3000183,-0.128913403
339.3999939,-0.14274168
339.5,-0.128770351
339.6000061,-0.139451504
339.7000122,-0.140214443
339.8000183,-0.13363409
339.8999939,-0.140309811
340,-0.132012844
340.1000061,-0.134969234
340.2000122,-0.126433849
340.3000183,-0.132871151
340.3999939,-0.131536007
340.5,-0.132179737
340.6000061,-0.131440639
340.7000122,-0.132871151
340.8000183,-0.139165401
340.8999939,-0.132537365
341,-0.137019634
341.1000061,-0.1327281
341.2000122,-0.121140957
341.3000183,-0.139499187
341.3999939,-0.1327281
341.5,-0.125051022
341.6000061,-0.13530302
341.7000122,-0.124621868
341.8000183,-0.132394314
341.8999939,-0.139689922
342,-0.128436565
342.1000061,-0.133729458
342.2000122,-0.129294872
342.3000183,-0.127578259
342.3999939,-0.13105917
342.5,-0.128102779
342.6000061,-0.133967876
342.7000122,-0.136256695
342.8000183,-0.133300304
342.8999939,-0.131202221
343,-0.132561207
343.1000061,-0.133729458
343.2000122,-0.132012844
343.3000183,-0.127292156
343.3999939,-0.137639523
343.5,-0.133920193
343.6000061,-0.125098705
343.7000122,-0.130486965
343.8000183,-0.135875225
343.8999939,-0.130486965
344,-0.127959728
344.1000061,-0.13401556
344.2000122,-0.124049664
344.3000183,-0.134683132
344.3999939,-0.13439703
344.5,-0.129437923
344.6000061,-0.139594555
344.7000122,-0.131869793
344.8000183,-0.132823467
344.8999939,-0.125337124
345,-0.128388882
345.1000061,-0.125098705
345.2000122,-0.133300304
345.3000183,-0.127625942
345.3999939,-0.140262127
345.5,-0.130868435
345.6000061,-0.128961086
345.7000122,-0.139213085
345.8000183,-0.138497829
345.8999939,-0.131011486
346,-0.125098705
346.1000061,-0.137591839
346.2000122,-0.128579617
346.3000183,-0.120997906
346.3999939,-0.129533291
346.5,-0.130820751
346.6000061,-0.125432491
346.7000122,-0.134206295
346.8000183,-0.131106853
346.8999939,-0.128198147
347,-0.124145031
347.1000061,-0.128579617
347.2000122,-0.138783932
347.3000183,-0.12066412
347.3999939,-0.130200863
347.5,-0.136161327
347.6000061,-0.120330334
347.7000122,-0.13902235
347.8000183,-0.123477459
347.8999939,-0.134492397
348,-0.120759487
348.1000061,-0.129485607
348.2000122,-0.130439281
348.3000183,-0.128055096
348.3999939,-0.133538723
348.5,-0.121188641
348.6000061,-0.131392956
348.7000122,-0.122094631
348.8000183,-0.129628658
348.8999939,-0.128818035
349,-0.118327618
349.1000061,-0.124764919
349.2000122,-0.133491039
349.3000183,-0.126433849
349.3999939,-0.136685848
349.5,-0.131822109
349.6000061,-0.133729458
349.7000122,-0.130057812
349.8000183,-0.128198147
349.8999939,-0.126481533
350,-0.132441998
350.1000061,-0.130248547
350.2000122,-0.121999264
350.3000183,-0.131774426
350.3999939,-0.124049664
350.5,-0.131297588
350.6000061,-0.124955654
350.7000122,-0.127959728
350.8000183,-0.129628658
350.8999939,-0.139356136
351,-0.132251263
351.1000061,-0.117707729
351.2000122,-0.124812603
351.3000183,-0.1327281
351.3999939,-0.130820751
351.5,-0.135827541
351.6000061,-0.125861645
351.7000122,-0.120616436
351.8000183,-0.125432491
351.8999939,-0.128722668
352,-0.128901482
352.1000061,-0.130916119
352.2000122,-0.130534649
352.3000183,-0.12271452
352.3999939,-0.128865719
352.5,-0.124431133
352.6000061,-0.128007412
352.7000122,-0.128388882
352.8000183,-0.131536007
352.8999939,-0.132966518
353,-0.130308151
353.1000061,-0.129819393
353.2000122,-0.126910686
353.3000183,-0.128818035
353.3999939,-0.13029623
353.5,-0.130093575
353.6000061,-0.130343914
353.7000122,-0.130916119
353.8000183,-0.130320072
353.8999939,-0.128478289
354,-0.126481533
354.1000061,-0.126195431
354.2000122,-0.115466595
354.3000183,-0.133681774
354.3999939,-0.120854855
354.5,-0.127387524
354.6000061,-0.122285366
354.7000122,-0.116754055
354.8000183,-0.118518353
354.8999939,-0.124574184
355,-0.125384808
355.1000061,-0.129342556
355.2000122,-0.129104137
355.3000183,-0.127137184
355.3999939,-0.123000622
355.5,-0.127101421
355.6000061,-0.123811245
355.7000122,-0.130343914
355.8000183,-0.128579617
355.8999939,-0.136781216
356,-0.125718594
356.1000061,-0.130439281
356.2000122,-0.123429775
356.3000183,-0.121093273
356.3999939,-0.124288082
356.5,-0.128865719
356.6000061,-0.124431133
356.7000122,-0.123286724
356.8000183,-0.125122547
356.8999939,-0.126100063
357,-0.126672268
357.1000061,-0.126874924
357.2000122,-0.127843499
357.3000183,-0.128722668
357.3999939,-0.125260383
357.5,-0.122762203
357.6000061,-0.121713161
357.7000122,-0.12041378
357.8000183,-0.121999264
357.8999939,-0.115180492
358,-0.113559246
358.1000061,-0.128722668
358.2000122,-0.127864361
358.3000183,-0.127387524
358.3999939,-0.126719952
358.5,-0.126243114
358.6000061,-0.12580204
358.7000122,-0.126338482
358.8000183,-0.123906612
358.8999939,-0.126672268
359,-0.124812603
359.1000061,-0.121284008
359.2000122,-0.125337124
359.3000183,-0.132155895
359.3999939,-0.120568752
359.5,-0.129724026
359.6000061,-0.122952938
359.7000122,-0.120759487
359.8000183,-0.125098705
359.8999939,-0.120950222
360,-0.128531933
360.1000061,-0.124860287
360.2000122,-0.127244473
360.3000183,-0.127673626
360.3999939,-0.127864361
360.5,-0.125432491
360.6000061,-0.129962444
360.7000122,-0.124860287
360.8000183,-0.120997906
360.8999939,-0.127482891
361,-0.127101421
361.1000061,-0.123906612
361.2000122,-0.120139599
361.3000183,-0.120902538
361.3999939,-0.119519711
361.5,-0.124621868
361.6000061,-0.122988701
361.7000122,-0.123525143
361.8000183,-0.124288082
361.8999939,-0.132871151
362,-0.123811245
362.1000061,-0.115418911
362.2000122,-0.112319469
362.3000183,-0.121713161
362.3999939,-0.121188641
362.5,-0.124049664
362.6000061,-0.12003231
362.7000122,-0.11861372
362.8000183,-0.116277218
362.8999939,-0.120234966
363,-0.125623226
363.1000061,-0.120425701
363.2000122,-0.112700939
363.3000183,-0.114703655
363.3999939,-0.126910686
363.5,-0.124145031
363.6000061,-0.110173702
363.7000122,-0.112987041
363.8000183,-0.117135525
363.8999939,-0.124431133
364,-0.123715878
364.1000061,-0.117803097
364.2000122,-0.118136883
364.3000183,-0.121760845
364.3999939,-0.122046947
364.5,-0.121880054
364.6000061,-0.120425701
364.7000122,-0.123286724
364.8000183,-0.124156952
364.8999939,-0.124192715
365,-0.124827504
365.1000061,-0.124669552
365.2000122,-0.126290798
365.3000183,-0.117707729
365.3999939,-0.109744549
365.5,-0.103497982
365.6000061,-0.118661404
365.7000122,-0.125384808
365.8000183,-0.131774426
365.8999939,-0.121713161
366,-0.111222744
366.1000061,-0.127387524
366.2000122,-0.119424343
366.3000183,-0.117707729
366.3999939,-0.123048306
366.5,-0.116801739
366.6000061,-0.128245831
366.7000122,-0.117183208
366.8000183,-0.123858929
366.8999939,-0.119376659
367,-0.128102779
367.1000061,-0.121760845
367.2000122,-0.114083767
367.3000183,-0.12438345
367.3999939,-0.117469311
367.5,-0.117934227
367.6000061,-0.115228176
367.7000122,-0.114655972
367.8000183,-0.115943432
367.8999939,-0.117183208
368,-0.126433849
368.1000061,-0.121093273
368.2000122,-0.111032009
368.3000183,-0.114083767
368.3999939,-0.116420269
368.5,-0.11540699
368.6000061,-0.114226818
368.7000122,-0.116897106
368.8000183,-0.119328976
368.8999939,-0.121284008
369,-0.119281292
369.1000061,-0.119567394
369.2000122,-0.126338482
369.3000183,-0.122571468
369.3999939,-0.116515636
369.5,-0.1139884
369.6000061,-0.109410763
369.7000122,-0.111079693
369.8000183,-0.112379074
369.8999939,-0.113797665
370,-0.115228176
370.1000061,-0.116146088
370.2000122,-0.116992474
370.3000183,-0.118566036
370.3999939,-0.12323904
370.5,-0.12271452
370.6000061,-0.110793591
370.7000122,-0.108266354
370.8000183,-0.114453316
370.8999939,-0.118136883
371,-0.120616436
371.1000061,-0.120473385
371.2000122,-0.114751339
371.3000183,-0.125766277
371.3999939,-0.1078372
371.5,-0.122523785
371.6000061,-0.113034725
371.7000122,-0.121665478
371.8000183,-0.121522427
371.8999939,-0.117266655
372,-0.113893032
372.1000061,-0.119528651
372.2000122,-0.123191357
372.3000183,-0.123763561
372.3999939,-0.126195431
372.5,-0.125623226
372.6000061,-0.128007412
372.7000122,-0.124526501
372.8000183,-0.112987041
372.8999939,-0.115705013
373,-0.120163441
373.1000061,-0.126004696
373.2000122,-0.125957012
373.3000183,-0.122571468
373.3999939,-0.116897106
373.5,-0.113559246
373.6000061,-0.125813961
373.7000122,-0.117803097
373.8000183,-0.126815319
373.8999939,-0.126529217
374,-0.123715878
374.1000061,-0.12221384
374.2000122,-0.119758129
374.3000183,-0.118852139
374.3999939,-0.109363079
374.5,-0.114465237
374.6000061,-0.12362051
374.7000122,-0.116324902
374.8000183,-0.120330334
374.8999939,-0.122583389
375,-0.12605238
375.1000061,-0.127625942
375.2000122,-0.113368511
375.3000183,-0.12233305
375.3999939,-0.109696865
375.5,-0.109076977
375.6000061,-0.111353874
375.7000122,-0.115132809
375.8000183,-0.111508846
375.8999939,-0.110602856
376,-0.125337124
376.1000061,-0.119519711
376.2000122,-0.111508846
376.3000183,-0.123668194
376.3999939,-0.11732626
376.5,-0.124431133
376.6000061,-0.118375301
376.7000122,-0.117564678
376.8000183,-0.11861372
376.8999939,-0.118470669
377,-0.123525143
377.1000061,-0.115800381
377.2000122,-0.11990118
377.3000183,-0.11565733
377.3999939,-0.124240398
377.5,-0.113893032
377.6000061,-0.120425701
377.7000122,-0.114751339
377.8000183,-0.122428417
377.8999939,-0.115561962
378,-0.11117506
378.1000061,-0.112867832
378.2000122,-0.113177776
378.3000183,-0.11155653
378.3999939,-0.113642693
378.5,-0.114417553
378.6000061,-0.115418911
378.7000122,-0.111079693
378.8000183,-0.119138241
378.8999939,-0.112081051
379,-0.120521069
379.1000061,-0.119233608
379.2000122,-0.116372585
379.3000183,-0.115752697
379.3999939,-0.110841274
379.5,-0.116038799
379.6000061,-0.126290798
379.7000122,-0.119805813
379.8000183,-0.113654613
379.8999939,-0.12233305
380,-0.11861372
380.1000061,-0.113177776
380.2000122,-0.121188641
380.3000183,-0.109696865
380.3999939,-0.120139599
380.5,-0.112128735
380.6000061,-0.113320827
380.7000122,-0.10860014
380.8000183,-0.114322186
380.8999939,-0.120854855
381,-0.124669552
381.1000061,-0.118053436
381.2000122,-0.113511562
381.3000183,-0.113177776
381.3999939,-0.118375301
381.5,-0.125051022
381.6000061,-0.114179134
381.7000122,-0.117993832
381.8000183,-0.114799023
381.8999939,-0.115371227
382,-0.116706371
382.1000061,-0.113893032
382.2000122,-0.108933926
382.3000183,-0.112796307
382.3999939,-0.1139884
382.5,-0.118184566
382.6000061,-0.116038799
382.7000122,-0.113845348
382.8000183,-0.11400032
382.8999939,-0.113800645
383,-0.113940716
383.1000061,-0.113416195
383.2000122,-0.112653255
383.3000183,-0.112104893
383.3999939,-0.112891674
383.5,-0.109458447
383.6000061,-0.11732626
383.7000122,-0.111890316
383.8000183,-0.116229534
383.8999939,-0.118756771
384,-0.114036083
384.1000061,-0.115323544
384.2000122,-0.116026878
384.3000183,-0.116277218
384.3999939,-0.118470669
384.5,-0.109458447
384.6000061,-0.120234966
384.7000122,-0.116515636
384.8000183,-0.112605572
384.8999939,-0.116372585
385,-0.115085125
385.1000061,-0.123429775
385.2000122,-0.118530273
385.3000183,-0.11694479
385.3999939,-0.118661404
385.5,-0.117481232
385.6000061,-0.116506696
385.7000122,-0.114942074
385.8000183,-0.114942074
385.8999939,-0.107789516
386,-0.119519711
386.1000061,-0.108027935
386.2000122,-0.122142315
386.3000183,-0.10912466
386.3999939,-0.123382092
386.5,-0.106311321
386.6000061,-0.114465237
386.7000122,-0.107503414
386.8000183,-0.117564678
386.8999939,-0.122142315
387,-0.108743191
387.1000061,-0.114131451
387.2000122,-0.121808529
387.3000183,-0.107789516
387.3999939,-0.115132809
387.5,-0.109601498
387.6000061,-0.122285366
387.7000122,-0.123668194
387.8000183,-0.119722366
387.8999939,-0.115752697
388,-0.117183208
388.1000061,-0.120711803
388.2000122,-0.116467953
388.3000183,-0.115085125
388.3999939,-0.112891674
388.5,-0.106597424
388.6000061,-0.115752697
388.7000122,-0.104451656
388.8000183,-0.109410763
388.8999939,-0.125384808
389,-0.120568752
389.1000061,-0.116324902
389.2000122,-0.119185925
389.3000183,-0.116754055
389.3999939,-0.110126019
389.5,-0.121045589
389.6000061,-0.116754055
389.7000122,-0.107598782
389.8000183,-0.112987041
389.8999939,-0.117421627
390,-0.109315395
390.1000061,-0.103164196
390.2000122,-0.103688717
390.3000183,-0.110519409
390.3999939,-0.119376659
390.5,-0.115848064
390.6000061,-0.113797665
390.7000122,-0.112736702
390.8000183,-0.112984061
390.8999939,-0.112367153
391,-0.113034725
391.1000061,-0.113690376
391.2000122,-0.113463879
391.3000183,-0.106117606
391.3999939,-0.101733685
391.5,-0.095582485
391.6000061,-0.109029293
391.7000122,-0.116324902
391.8000183,-0.115180492
391.8999939,-0.114143372
392,-0.111985683
392.1000061,-0.113082409
392.2000122,-0.115943432
392.3000183,-0.121140957
392.3999939,-0.109839916
392.5,-0.117421627
392.6000061,-0.116754055
392.7000122,-0.106883526
392.8000183,-0.108933926
392.8999939,-0.114131451
393,-0.114024162
393.1000061,-0.116086483
393.2000122,-0.11694479
393.3000183,-0.111842632
393.3999939,-0.106311321
393.5,-0.115943432
393.6000061,-0.117183208
393.7000122,-0.117147446
393.8000183,-0.113466859
393.8999939,-0.112176418
394,-0.107360363
394.1000061,-0.114322186
394.2000122,-0.109553814
394.3000183,-0.110364437
394.3999939,-0.120234966
394.5,-0.127482891
394.6000061,-0.114942074
394.7000122,-0.116706371
394.8000183,-0.118804455
394.8999939,-0.10821867
395,-0.100541592
395.1000061,-0.112224102
395.2000122,-0.104642391
395.3000183,-0.112748623
395.3999939,-0.107598782
395.5,-0.112510204
395.6000061,-0.112271786
395.7000122,-0.113797665
395.8000183,-0.123048306
395.8999939,-0.117612362
396,-0.115752697
396.1000061,-0.109601498
396.2000122,-0.112748623
396.3000183,-0.104976177
396.3999939,-0.107932568
396.5,-0.109839916
396.6000061,-0.110507488
396.7000122,-0.110555172
396.8000183,-0.113702297
396.8999939,-0.111508846
397,-0.115609646
397.1000061,-0.113702297
397.2000122,-0.113773823
397.3000183,-0.11527586
397.3999939,-0.110507488
397.5,-0.11861372
397.6000061,-0.10154295
397.7000122,-0.112176418
397.8000183,-0.101018429
397.8999939,-0.106788158
398,-0.113749981
398.1000061,-0.111079693
398.2000122,-0.105834484
398.3000183,-0.116134167
398.3999939,-0.112939358
398.5,-0.106454372
398.6000061,-0.103593349
398.7000122,-0.107121944
398.8000183,-0.106895447
398.8999939,-0.107264996
399,-0.109601498
399.1000061,-0.109875679
399.2000122,-0.111747265
399.3000183,-0.110888958
399.3999939,-0.114417553
399.5,-0.11284399
399.6000061,-0.112367153
399.7000122,-0.113702297
399.8000183,-0.1098876
399.8999939,-0.108314037
400,-0.105929852
400.1000061,-0.107408047
400.2000122,-0.107121944
400.3000183,-0.102067471
400.3999939,-0.105357647
400.5,-0.114083767
400.6000061,-0.11117506
400.7000122,-0.109696865
400.8000183,-0.111485004
400.8999939,-0.114369869
401,-0.110698223
401.1000061,-0.099254131
401.2000122,-0.112176418
401.3000183,-0.097489834
401.3999939,-0.100970745
401.5,-0.100017071
401.6000061,-0.101781368
401.7000122,-0.103128433
401.8000183,-0.104642391
401.8999939,-0.106072903
402,-0.108266354
402.1000061,-0.1057868
402.2000122,-0.109363079
402.3000183,-0.103259563
402.3999939,-0.108933926
402.5,-0.104213238
402.6000061,-0.098062038
402.7000122,-0.102687359
402.8000183,-0.106359005
402.8999939,-0.110078335
403,-0.117278576
403.1000061,-0.111604214
403.2000122,-0.108790874
403.3000183,-0.11026907
403.3999939,-0.106263638
403.5,-0.105691433
403.6000061,-0.106013298
403.7000122,-0.107217312
403.8000183,-0.10488081
403.8999939,-0.109017372
404,-0.110698223
404.1000061,-0.113273144
404.2000122,-0.105929852
404.3000183,-0.102258205
404.3999939,-0.10808754
404.5,-0.112224102
404.6000061,-0.111938
404.7000122,-0.107884884
404.8000183,-0.108123302
404.8999939,-0.107145786
405,-0.104690075
405.1000061,-0.107884884
405.2000122,-0.104022503
405.3000183,-0.114560604
405.3999939,-0.108361721
405.5,-0.109601498
405.6000061,-0.098014355
405.7000122,-0.112796307
405.8000183,-0.102115154
405.8999939,-0.108504772
406,-0.107074261
406.1000061,-0.104296684
406.2000122,-0.103068829
406.3000183,-0.098538876
406.3999939,-0.099575996
406.5,-0.096774578
406.6000061,-0.099921703
406.7000122,-0.10745573
406.8000183,-0.098681927
406.8999939,-0.107694149
407,-0.10912466
407.1000061,-0.099587917
407.2000122,-0.116706371
407.3000183,-0.105071545
407.3999939,-0.09782362
407.5,-0.101876736
407.6000061,-0.10654974
407.7000122,-0.108695507
407.8000183,-0.106215954
407.8999939,-0.102735043
408,-0.108314037
408.1000061,-0.10078001
408.2000122,-0.094724178
408.3000183,-0.106788158
408.3999939,-0.107264996
408.5,-0.105119228
408.6000061,-0.094533443
408.7000122,-0.102401257
408.8000183,-0.110507488
408.8999939,-0.109935284
409,-0.110984325
409.1000061,-0.112128735
409.2000122,-0.105357647
409.3000183,-0.109601498
409.3999939,-0.112653255
409.5,-0.103879452
409.6000061,-0.107074261
409.7000122,-0.110364437
409.8000183,-0.108075619
409.8999939,-0.108075619
410,-0.103700638
410.1000061,-0.097680569
410.2000122,-0.100970745
410.3000183,-0.107408047
410.3999939,-0.101876736
410.5,-0.108743191
410.6000061,-0.10488081
410.7000122,-0.105119228
410.8000183,-0.109839916
410.8999939,-0.110936642
411,-0.10616827
411.1000061,-0.103974819
411.2000122,-0.104403973
411.3000183,-0.103402615
411.3999939,-0.105691433
411.5,-0.102496624
411.6000061,-0.100064754
411.7000122,-0.100827694
411.8000183,-0.104403973
411.8999939,-0.10950613
412,-0.110030651
412.1000061,-0.112653255
412.2000122,-0.107229233
412.3000183,-0.10411787
412.3999939,-0.102115154
412.5,-0.101399899
412.6000061,-0.104558945
412.7000122,-0.107312679
412.8000183,-0.107408047
412.8999939,-0.103068829
413,-0.099444866
413.1000061,-0.103593349
413.2000122,-0.101066113
413.3000183,-0.100446224
413.3999939,-0.099611759
413.5,-0.097012997
413.6000061,-0.099921703
413.7000122,-0.111938
413.8000183,-0.106263638
413.8999939,-0.096107006
414,-0.101018429
414.1000061,-0.09911108
414.2000122,-0.09911108
414.3000183,-0.103784084
414.3999939,-0.112033367
414.5,-0.111747265
414.6000061,-0.103497982
414.7000122,-0.110888958
414.8000183,-0.104594707
414.8999939,-0.096059322
415,-0.095630169
415.1000061,-0.098622322
415.2000122,-0.100207806
415.3000183,-0.102591991
415.3999939,-0.105882168
415.5,-0.107884884
415.6000061,-0.102854252
415.7000122,-0.099254131
415.8000183,-0.098395824
415.8999939,-0.105119228
416,-0.102687359
416.1000061,-0.109982967
416.2000122,-0.095057964
416.3000183,-0.101495266
416.3999939,-0.108027935
416.5,-0.103784084
416.6000061,-0.108933926
416.7000122,-0.100446224
416.8000183,-0.09911108
416.8999939,-0.10411787
417,-0.097871304
417.1000061,-0.109649181
417.2000122,-0.097156048
417.3000183,-0.105309963
417.3999939,-0.116754055
417.5,-0.1057868
417.6000061,-0.100923061
417.7000122,-0.107169628
417.8000183,-0.101304531
417.8999939,-0.10821867
418,-0.09000349
418.1000061,-0.097966671
418.2000122,-0.099301815
418.3000183,-0.098896503
418.3999939,-0.099683285
418.5,-0.098634243
418.6000061,-0.109553814
418.7000122,-0.106788158
418.8000183,-0.096297741
418.8999939,-0.098586559
419,-0.101399899
419.1000061,-0.104403973
419.2000122,-0.097585201
419.3000183,-0.10309267
419.3999939,-0.105405331
419.5,-0.104976177
419.6000061,-0.102019787
419.7000122,-0.106120586
419.8000183,-0.102067471
419.8999939,-0.098348141
420,-0.101781368
420.1000061,-0.09949255
420.2000122,-0.110507488
420.3000183,-0.106692791
420.3999939,-0.100303173
420.5,-0.092006207
420.6000061,-0.092387676
420.7000122,-0.093245983
420.8000183,-0.094724178
420.8999939,-0.093865871
421,-0.097108364
421.1000061,-0.099683285
421.2000122,-0.104165554
421.3000183,-0.101781368
421.3999939,-0.102925777
421.5,-0.098968029
421.6000061,-0.101352215
421.7000122,-0.099063396
421.8000183,-0.099230289
421.8999939,-0.099063396
422,-0.09744215
422.1000061,-0.096941471
422.2000122,-0.095296383
422.3000183,-0.095963955
422.3999939,-0.096583843
422.5,-0.10912466
422.6000061,-0.090575695
422.7000122,-0.101972103
422.8000183,-0.099301815
422.8999939,-0.096250057
423,-0.099373341
423.1000061,-0.102115154
423.2000122,-0.099826336
423.3000183,-0.103784084
423.3999939,-0.101972103
423.5,-0.103641033
423.6000061,-0.100338936
423.7000122,-0.096822262
423.8000183,-0.098920345
423.8999939,-0.099444866
424,-0.105071545
424.1000061,-0.105548382
424.2000122,-0.103402615
424.3000183,-0.10091114
424.3999939,-0.096059322
424.5,-0.098634243
424.6000061,-0.097680569
424.7000122,-0.095868587
424.8000183,-0.099540234
424.8999939,-0.109267712
425,-0.086284161
425.1000061,-0.097632885
425.2000122,-0.097966671
425.3000183,-0.098872662
425.3999939,-0.09821701
425.5,-0.097728252
425.6000061,-0.098300457
425.7000122,-0.100541592
425.8000183,-0.099349499
425.8999939,-0.102544308
426,-0.093484402
426.1000061,-0.097012997
426.2000122,-0.10321188
426.3000183,-0.101972103
426.3999939,-0.101352215
426.5,-0.091386318
426.6000061,-0.109744549
426.7000122,-0.101113796
426.8000183,-0.100636959
426.8999939,-0.097370625
427,-0.092769146
427.1000061,-0.094962597
427.2000122,-0.096202374
427.3000183,-0.098777294
427.3999939,-0.098300457
427.5,-0.100255489
427.6000061,-0.103641033
427.7000122,-0.100255489
427.8000183,-0.096440792
427.8999939,-0.105596066
428,-0.108504772
428.1000061,-0.105166912
428.2000122,-0.105548382
428.3000183,-0.10411787
428.3999939,-0.104403973
428.5,-0.097680569
428.6000061,-0.104022503
428.7000122,-0.08409071
428.8000183,-0.098491192
428.8999939,-0.09281683
429,-0.108123302
429.1000061,-0.087142467
429.2000122,-0.103974819
429.3000183,-0.100732327
429.3999939,-0.098538876
429.5,-0.102639675
429.6000061,-0.099301815
429.7000122,-0.096250057
429.8000183,-0.099826336
429.8999939,-0.092149258
430,-0.10526228
430.1000061,-0.095582485
430.2000122,-0.092006207
430.3000183,-0.093818188
430.3999939,-0.093293667
430.5,-0.098491192
430.6000061,-0.093150616
430.7000122,-0.09744215
430.8000183,-0.098932266
430.8999939,-0.101972103
431,-0.103164196
431.1000061,-0.097382545
431.2000122,-0.089812756
431.3000183,-0.094581127
431.3999939,-0.094295025
431.5,-0.098312378
431.6000061,-0.102544308
431.7000122,-0.101829052
431.8000183,-0.102496624
431.8999939,-0.100017071
432,-0.102782726
432.1000061,-0.094056606
432.2000122,-0.091958523
432.3000183,-0.09911108
432.3999939,-0.102258205
432.5,-0.092626095
432.6000061,-0.111413479
432.7000122,-0.102258205
432.8000183,-0.101447582
432.8999939,-0.095534801
433,-0.107598782
433.1000061,-0.094914913
433.2000122,-0.098681927
433.3000183,-0.099730968
433.3999939,-0.100732327
433.5,-0.098443508
433.6000061,-0.10154295
433.7000122,-0.102353573
433.8000183,-0.092339993
433.8999939,-0.098395824
434,-0.094151974
434.1000061,-0.093484402
434.2000122,-0.096059322
434.3000183,-0.095820904
434.3999939,-0.100589275
434.5,-0.095820904
434.6000061,-0.09872961
434.7000122,-0.099683285
434.8000183,-0.093293667
434.8999939,-0.089431286
435,-0.099349499
435.1000061,-0.106597424
435.2000122,-0.099444866
435.3000183,-0.106215954
435.3999939,-0.09615469
435.5,-0.101590633
435.6000061,-0.108886242
435.7000122,-0.095487118
435.8000183,-0.097871304
435.8999939,-0.100827694
436,-0.097537518
436.1000061,-0.099444866
436.2000122,-0.103116512
436.3000183,-0.088668346
436.3999939,-0.097585201
436.5,-0.092196941
436.6000061,-0.094581127
436.7000122,-0.092626095
436.8000183,-0.096822262
436.8999939,-0.092924118
437,-0.089288235
437.1000061,-0.092959881
437.2000122,-0.090837955
437.3000183,-0.093955278
437.3999939,-0.095534801
437.5,-0.096488476
437.6000061,-0.0890975
437.7000122,-0.091672421
437.8000183,-0.089788914
437.8999939,-0.092292309
438,-0.093883753
438.1000061,-0.096250057
438.2000122,-0.097203732
438.3000183,-0.097203732
438.3999939,-0.098968029
438.5,-0.099063396
438.6000061,-0.098968029
438.7000122,-0.101113796
438.8000183,-0.099587917
438.8999939,-0.097680569
439,-0.09872961
439.1000061,-0.096345425
439.2000122,-0.098038197
439.3000183,-0.099540234
439.3999939,-0.097537518
439.5,-0.090671062
439.6000061,-0.107026577
439.7000122,-0.092626095
439.8000183,-0.096345425
439.8999939,-0.101590633
440,-0.10078001
440.1000061,-0.102401257
440.2000122,-0.101829052
440.3000183,-0.099158764
440.3999939,-0.090051174
440.5,-0.080132961
440.6000061,-0.096583843
440.7000122,-0.100732327
440.8000183,-0.10321188
440.8999939,-0.102496624
441,-0.102782726
441.1000061,-0.108743191
441.2000122,-0.088620663
441.3000183,-0.09653616
441.3999939,-0.101972103
441.5,-0.091290951
441.6000061,-0.097251415
441.7000122,-0.088382244
441.8000183,-0.106692791
441.8999939,-0.095677853
442,-0.101638317
442.1000061,-0.100446224
442.2000122,-0.100446224
442.3000183,-0.099540234
442.3999939,-0.100160122
442.5,-0.095725536
442.6000061,-0.094521523
442.7000122,-0.091052532
442.8000183,-0.0911479
442.8999939,-0.084043026
443,-0.107169628
443.1000061,-0.096583843
443.2000122,-0.088286877
443.3000183,-0.081134319
443.3999939,-0.095725536
443.5,-0.102782726
443.6000061,-0.097489834
443.7000122,-0.091958523
443.8000183,-0.098348141
443.8999939,-0.103641033
444,-0.092578411
444.1000061,-0.085616589
444.2000122,-0.083137035
444.3000183,-0.09539175
444.3999939,-0.102496624
444.5,-0.09872961
444.6000061,-0.088096142
444.7000122,-0.089622021
444.8000183,-0.090492249
444.8999939,-0.090241909
445,-0.094008923
445.1000061,-0.100255489
445.2000122,-0.090241909
445.3000183,-0.103736401
445.3999939,-0.091052532
445.5,-0.091100216
445.6000061,-0.092912197
445.7000122,-0.089431286
445.8000183,-0.095785141
445.8999939,-0.102067471
446,-0.09872961
446.1000061,-0.089908123
446.2000122,-0.100350857
446.3000183,-0.090718746
446.3999939,-0.100589275
446.5,-0.094867229
446.6000061,-0.098538876
446.7000122,-0.087714672
446.8000183,-0.090575695
446.8999939,-0.085568905
447,-0.099063396
447.1000061,-0.093102932
447.2000122,-0.097346783
447.3000183,-0.088572979
447.3999939,-0.091434002
447.5,-0.095010281
447.6000061,-0.092339993
447.7000122,-0.101066113
447.8000183,-0.100636959
447.8999939,-0.090432644
448,-0.089145184
448.1000061,-0.096202374
448.2000122,-0.09820509
448.3000183,-0.097215652
448.3999939,-0.09205389
448.5,-0.102401257
448.6000061,-0.085139751
448.7000122,-0.095296383
448.8000183,-0.094533443
448.8999939,-0.091052532
449,-0.090480328
449.1000061,-0.092661858
449.2000122,-0.095963955
449.3000183,-0.093150616
449.3999939,-0.093389034
449.5,-0.092959881
449.6000061,-0.094151974
449.7000122,-0.091708183
449.8000183,-0.088477612
449.8999939,-0.091243267
450,-0.097346783
450.1000061,-0.088477612
450.2000122,-0.088096142
450.3000183,-0.083518505
450.3999939,-0.083041668
450.5,-0.090575695
450.6000061,-0.096059322
450.7000122,-0.083470821
450.8000183,-0.083947659
450.8999939,-0.091100216
451,-0.091004848
451.1000061,-0.097585201
451.2000122,-0.091720104
451.3000183,-0.084329128
451.3999939,-0.092196941
451.5,-0.104594707
451.6000061,-0.091958523
451.7000122,-0.102925777
451.8000183,-0.092339993
451.8999939,-0.090909481
452,-0.092530727
452.1000061,-0.096333504
452.2000122,-0.103974819
452.3000183,-0.097918987
452.3999939,-0.086236477
452.5,-0.094008923
452.6000061,-0.089049816
452.7000122,-0.095010281
452.8000183,-0.101352215
452.8999939,-0.08537817
453,-0.09744215
453.1000061,-0.094342709
453.2000122,-0.09782362
453.3000183,-0.100970745
453.3999939,-0.098538876
453.5,-0.097394466
453.6000061,-0.095868587
453.7000122,-0.094199657
453.8000183,-0.084805965
453.8999939,-0.104022503
454,-0.091529369
454.1000061,-0.09076643
454.2000122,-0.099015713
454.3000183,-0.099635601
454.3999939,-0.097764015
454.5,-0.100207806
454.6000061,-0.092196941
454.7000122,-0.099969387
454.8000183,-0.089240551
454.8999939,-0.089383602
455,-0.090325356
455.1000061,-0.09000349
455.2000122,-0.092673779
455.3000183,-0.092483044
455.3999939,-0.0849967
455.5,-0.101447582
455.6000061,-0.094199657
455.7000122,-0.082278728
455.8000183,-0.095630169
455.8999939,-0.085664272
456,-0.087666988
456.1000061,-0.09243536
456.2000122,-0.084043026
456.3000183,-0.089240551
456.3999939,-0.090909481
456.5,-0.092661858
456.6000061,-0.09448576
456.7000122,-0.096011639
456.8000183,-0.093770504
456.8999939,-0.092530727
457,-0.093150616
457.1000061,-0.088763714
457.2000122,-0.087142467
457.3000183,-0.091195583
457.3999939,-0.095439434
457.5,-0.087285519
457.6000061,-0.090718746
457.7000122,-0.084853649
457.8000183,-0.089526653
457.8999939,-0.099063396
458,-0.085902691
458.1000061,-0.095105648
458.2000122,-0.096297741
458.3000183,-0.089383602
458.3999939,-0.091624737
458.5,-0.083804607
458.6000061,-0.083947659
458.7000122,-0.0901227
458.8000183,-0.098777294
458.8999939,-0.093961239
459,-0.098920345
459.1000061,-0.087333202
459.2000122,-0.095916271
459.3000183,-0.086284161
459.3999939,-0.095201015
459.5,-0.09448576
459.6000061,-0.093186378
459.7000122,-0.09076643
459.8000183,-0.092292309
459.8999939,-0.078607082
460,-0.092006207
460.1000061,-0.084567547
460.2000122,-0.091004848
460.3000183,-0.083375454
460.3999939,-0.093484402
460.5,-0.094581127
460.6000061,-0.081372738
460.7000122,-0.083423138
460.8000183,-0.090957165
460.8999939,-0.093341351
461,-0.09076643
461.1000061,-0.085616589
461.2000122,-0.096107006
461.3000183,-0.086760998
461.3999939,-0.087905407
461.5,-0.082946301
461.6000061,-0.091863155
461.7000122,-0.080895901
461.8000183,-0.089240551
461.8999939,-0.09539175
462,-0.080609798
462.1000061,-0.090480328
462.2000122,-0.080514431
462.3000183,-0.082564831
462.3999939,-0.081825733
462.5,-0.079513073
462.6000061,-0.084710598
462.7000122,-0.089860439
462.8000183,-0.082755566
462.8999939,-0.091720104
463,-0.073075771
463.1000061,-0.085330486
463.2000122,-0.086474895
463.3000183,-0.093484402
463.3999939,-0.091529369
463.5,-0.088954449
463.6000061,-0.090647221
463.7000122,-0.092769146
463.8000183,-0.089335918
463.8999939,-0.080991268
464,-0.072074413
464.1000061,-0.087762356
464.2000122,-0.083137035
464.3000183,-0.086522579
464.3999939,-0.079560757
464.5,-0.088859081
464.6000061,-0.086760998
464.7000122,-0.090098858
464.8000183,-0.084710598
464.8999939,-0.091958523
465,-0.090146542
465.1000061,-0.092673779
465.2000122,-0.098300457
465.3000183,-0.086713314
465.3999939,-0.090957165
465.5,-0.072217464
465.6000061,-0.099397182
465.7000122,-0.07832098
465.8000183,-0.09782362
465.8999939,-0.090861797
466,-0.085807323
466.1000061,-0.081849575
466.2000122,-0.092196941
466.3000183,-0.097537518
466.3999939,-0.079560757
466.5,-0.077414989
466.6000061,-0.091052532
466.7000122,-0.089145184
466.8000183,-0.089109421
466.8999939,-0.087953091
467,-0.088286877
467.1000061,-0.092578411
467.2000122,-0.095868587
467.3000183,-0.089049816
467.3999939,-0.086856365
467.5,-0.089860439
467.6000061,-0.086188793
467.7000122,-0.080419064
467.8000183,-0.077844143
467.8999939,-0.076413631
468,-0.083470821
468.1000061,-0.071406841
468.2000122,-0.097251415
468.3000183,-0.084805965
468.3999939,-0.092196941
468.5,-0.089288235
468.6000061,-0.077605724
468.7000122,-0.087237835
468.8000183,-0.072122097
468.8999939,-0.088477612
469,-0.090146542
469.1000061,-0.084233761
469.2000122,-0.088906765
469.3000183,-0.090337276
469.3999939,-0.090909481
469.5,-0.094533443
469.6000061,-0.085616589
469.7000122,-0.099635601
469.8000183,-0.092483044
469.8999939,-0.088429928
470,-0.094497681
470.1000061,-0.099540234
470.2000122,-0.097537518
470.3000183,-0.091624737
470.3999939,-0.082278728
470.5,-0.0911479
470.6000061,-0.083041668
470.7000122,-0.092387676
470.8000183,-0.089335918
470.8999939,-0.093091011
471,-0.091958523
471.1000061,-0.08742559
471.2000122,-0.080180645
471.3000183,-0.084472179
471.3999939,-0.084662914
471.5,-0.083375454
471.6000061,-0.084853649
471.7000122,-0.087273598
471.8000183,-0.090718746
471.8999939,-0.090146542
472,-0.082326412
472.1000061,-0.088668346
472.2000122,-0.077558041
472.3000183,-0.083184719
472.3999939,-0.086045742
472.5,-0.083041668
472.6000061,-0.099635601
472.7000122,-0.093579769
472.8000183,-0.074220181
472.8999939,-0.075173855
473,-0.083756924
473.1000061,-0.100207806
473.2000122,-0.084186077
473.3000183,-0.088191509
473.3999939,-0.088000774
473.5,-0.088763714
473.6000061,-0.085282803
473.7000122,-0.090075016
473.8000183,-0.089955807
473.8999939,-0.085002661
474,-0.079751492
474.1000061,-0.080228329
474.2000122,-0.087953091
474.3000183,-0.090623379
474.3999939,-0.080323696
474.5,-0.092244625
474.6000061,-0.083470821
474.7000122,-0.074315548
474.8000183,-0.082278728
474.8999939,-0.091767788
475,-0.093245983
475.1000061,-0.086808681
475.2000122,-0.090909481
475.3000183,-0.091863155
475.3999939,-0.091720104
475.5,-0.089765072
475.6000061,-0.092530727
475.7000122,-0.087666988
475.8000183,-0.077891827
475.8999939,-0.097156048
476,-0.077796459
476.1000061,-0.082803249
476.2000122,-0.097966671
476.3000183,-0.090957165
476.3999939,-0.079942226
476.5,-0.09243536
476.6000061,-0.079036236
476.7000122,-0.086379528
476.8000183,-0.09872961
476.8999939,-0.083947659
477,-0.092959881
477.1000061,-0.084424496
477.2000122,-0.081801891
477.3000183,-0.085282803
477.3999939,-0.085425854
477.5,-0.085819244
477.6000061,-0.086570263
477.7000122,-0.085998058
477.8000183,-0.090623379
477.8999939,-0.08204031
478,-0.088668346
478.1000061,-0.083280087
478.2000122,-0.087190151
478.3000183,-0.075889111
478.3999939,-0.09076643
478.5,-0.095916271
478.6000061,-0.090909481
478.7000122,-0.092089653
478.8000183,-0.091672421
478.8999939,-0.089860439
479,-0.092113495
479.1000061,-0.095439434
479.2000122,-0.091481686
479.3000183,-0.075984478
479.3999939,-0.09205389
479.5,-0.078988552
479.6000061,-0.091577053
479.7000122,-0.092530727
479.8000183,-0.09539175
479.8999939,-0.094867229
480,-0.083375454
480.1000061,-0.084662914
480.2000122,-0.085187435
480.3000183,-0.083041668
480.3999939,-0.089669704
480.5,-0.080132961
480.6000061,-0.094628811
480.7000122,-0.0849967
480.8000183,-0.08370924
480.8999939,-0.084472179
481,-0.086653709
481.1000061,-0.083804607
481.2000122,-0.094628811
481.3000183,-0.084424496
481.3999939,-0.091338634
481.5,-0.085044384
481.6000061,-0.079942226
481.7000122,-0.095296383
481.8000183,-0.092530727
481.8999939,-0.092721462
482,-0.087142467
482.1000061,-0.086522579
482.2000122,-0.087285519
482.3000183,-0.08037138
482.3999939,-0.093913555
482.5,-0.084901333
482.6000061,-0.089192867
482.7000122,-0.085187435
482.8000183,-0.082898617
482.8999939,-0.083756924
483,-0.084662914
483.1000061,-0.085664272
483.2000122,-0.084281445
483.3000183,-0.088811398
483.3999939,-0.090432644
483.5,-0.086236477
483.6000061,-0.082135677
483.7000122,-0.085425854
483.8000183,-0.092912197
483.8999939,-0.087571621
484,-0.09706068
484.1000061,-0.080085278
484.2000122,-0.092006207
484.3000183,-0.078797817
484.3999939,-0.091434002
484.5,-0.097918987
484.6000061,-0.093055248
484.7000122,-0.090480328
484.8000183,-0.08537817
484.8999939,-0.081801891
485,-0.090146542
485.1000061,-0.077844143
485.2000122,-0.094247341
485.3000183,-0.091577053
485.3999939,-0.087333202
485.5,-0.082946301
485.6000061,-0.083947659
485.7000122,-0.087380886
485.8000183,-0.090909481
485.8999939,-0.092196941
486,-0.085568905
486.1000061,-0.084949017
486.2000122,-0.084138393
486.3000183,-0.083232403
486.3999939,-0.086236477
486.5,-0.094008923
486.6000061,-0.086522579
486.7000122,-0.079322338
486.8000183,-0.083899975
486.8999939,-0.093484402
487,-0.097632885
487.1000061,-0.085616589
487.2000122,-0.09076643
487.3000183,-0.093198299
487.3999939,-0.087714672
487.5,-0.083661556
487.6000061,-0.083232403
487.7000122,-0.088096142
487.8000183,-0.087762356
487.8999939,-0.080943584
488,-0.081849575
488.1000061,-0.08537817
488.2000122,-0.086331844
488.3000183,-0.08666563
488.3999939,-0.09000349
488.5,-0.088906765
488.6000061,-0.08794117
488.7000122,-0.087190151
488.8000183,-0.085664272
488.8999939,-0.09615469
489,-0.088620663
489.1000061,-0.076508999
489.2000122,-0.083661556
489.3000183,-0.089955807
489.3999939,-0.087333202
489.5,-0.089216709
489.6000061,-0.089002132
489.7000122,-0.086695433
489.8000183,-0.084519863
489.8999939,-0.084043026
490,-0.082231045
490.1000061,-0.08306551
490.2000122,-0.082660198
490.3000183,-0.08332777
490.3999939,-0.081325054
490.5,-0.080943584
490.6000061,-0.078368664
490.7000122,-0.083423138
490.8000183,-0.080609798
490.8999939,-0.082993984
491,-0.08204031
491.1000061,-0.076127529
491.2000122,-0.080609798
491.3000183,-0.072503567
491.3999939,-0.083375454
491.5,-0.087953091
491.6000061,-0.086796761
491.7000122,-0.088620663
491.8000183,-0.087237835
491.8999939,-0.087678909
492,-0.088954449
492.1000061,-0.085902691
492.2000122,-0.082660198
492.3000183,-0.073171139
492.3999939,-0.083661556
492.5,-0.089288235
492.6000061,-0.086427212
492.7000122,-0.079846859
492.8000183,-0.089526653
492.8999939,-0.077081203
493,-0.091052532
493.1000061,-0.0849967
493.2000122,-0.073218822
493.3000183,-0.081897259
493.3999939,-0.088859081
493.5,-0.087523937
493.6000061,-0.081038952
493.7000122,-0.082087994
493.8000183,-0.076079845
493.8999939,-0.080609798
494,-0.076222897
494.1000061,-0.080657482
494.2000122,-0.086856365
494.3000183,-0.082517147
494.3999939,-0.076604366
494.5,-0.082850933
494.6000061,-0.079703808
494.7000122,-0.080085278
494.8000183,-0.079179287
494.8999939,-0.08409071
495,-0.086284161
495.1000061,-0.085187435
495.2000122,-0.085330486
495.3000183,-0.083697319
495.3999939,-0.084564567
495.5,-0.085807323
495.6000061,-0.083423138
495.7000122,-0.076842785
495.8000183,-0.081372738
495.8999939,-0.079620361
496,-0.079465389
496.1000061,-0.080800533
496.2000122,-0.08833456
496.3000183,-0.08127737
496.3999939,-0.075126171
496.5,-0.081134319
496.6000061,-0.082564831
496.7000122,-0.083899975
496.8000183,-0.085521221
496.8999939,-0.089669704
497,-0.085998058
497.1000061,-0.087619305
497.2000122,-0.085092068
497.3000183,-0.081897259
497.3999939,-0.077701092
497.5,-0.074363232
497.6000061,-0.079513073
497.7000122,-0.080609798
497.8000183,-0.075269222
497.8999939,-0.081038952
498,-0.086760998
498.1000061,-0.086379528
498.2000122,-0.086713314
498.3000183,-0.087666988
498.3999939,-0.086331844
498.5,-0.08666563
498.6000061,-0.084281445
498.7000122,-0.079036236
498.8000183,-0.087380886
498.8999939,-0.079322338
499,-0.085855007
499.1000061,-0.077605724
499.2000122,-0.074363232
499.3000183,-0.077462673
499.3999939,-0.074887753
499.5,-0.080132961
499.6000061,-0.083375454
499.7000122,-0.079942226
499.8000183,-0.074744701
499.8999939,-0.082231045
500,-0.078750134
500.1000061,-0.08370924
500.2000122,-0.073600292
500.3000183,-0.077414989
500.3999939,-0.085235119
500.5,-0.076222897
500.6000061,-0.080466747
500.7000122,-0.078893185
500.8000183,-0.081897259
500.8999939,-0.078940868
501,-0.082612514
501.1000061,-0.081849575
501.2000122,-0.080276012
501.3000183,-0.081921101
501.3999939,-0.083899975
501.5,-0.08165884
501.6000061,-0.077081203
501.7000122,-0.089335918
501.8000183,-0.08075285
501.8999939,-0.082374096
502,-0.085342407
502.1000061,-0.09000349
502.2000122,-0.088239193
502.3000183,-0.082993984
502.3999939,-0.083280087
502.5,-0.081897259
502.6000061,-0.082123756
502.7000122,-0.082374096
502.8000183,-0.080943584
502.8999939,-0.076127529
503,-0.085425854
503.1000061,-0.081801891
503.2000122,-0.069547176
503.3000183,-0.074077129
503.3999939,-0.073552608
503.5,-0.074506283
503.6000061,-0.076079845
503.7000122,-0.080991268
503.8000183,-0.077653408
503.8999939,-0.072694302
504,-0.079274654
504.1000061,-0.069022655
504.2000122,-0.079894543
504.3000183,-0.083947659
504.3999939,-0.081944942
504.5,-0.083399296
504.6000061,-0.084424496
504.7000122,-0.083280087
504.8000183,-0.080323696
504.8999939,-0.082660198
505,-0.077462673
505.1000061,-0.076604366
505.2000122,-0.081706524
505.3000183,-0.080037594
505.3999939,-0.077319622
505.5,-0.08537817
505.6000061,-0.075555325
505.7000122,-0.079322338
505.8000183,-0.081944942
505.8999939,-0.077844143
506,-0.078368664
506.1000061,-0.079429626
506.2000122,-0.082087994
506.3000183,-0.079417706
506.3999939,-0.07255125
506.5,-0.083375454
506.6000061,-0.073886395
506.7000122,-0.076747417
506.8000183,-0.078988552
506.8999939,-0.079656124
507,-0.079417706
507.1000061,-0.08050251
507.2000122,-0.083089352
507.3000183,-0.079846859
507.3999939,-0.078034878
507.5,-0.0683074
507.6000061,-0.080943584
507.7000122,-0.070453167
507.8000183,-0.070167065
507.8999939,-0.077128887
508,-0.089526653
508.1000061,-0.080848217
508.2000122,-0.082087994
508.3000183,-0.081491947
508.3999939,-0.081515789
508.5,-0.081515789
508.6000061,-0.080895901
508.7000122,-0.079036236
508.8000183,-0.080144882
508.8999939,-0.08075285
509,-0.079894543
509.1000061,-0.080991268
509.2000122,-0.076842785
509.3000183,-0.068593502
509.3999939,-0.073743343
509.5,-0.075889111
509.6000061,-0.087190151
509.7000122,-0.075936794
509.8000183,-0.088000774
509.8999939,-0.081849575
510,-0.086856365
510.1000061,-0.084853649
510.2000122,-0.085711956
510.3000183,-0.076604366
510.3999939,-0.083470821
510.5,-0.075841427
510.6000061,-0.083613873
510.7000122,-0.069833279
510.8000183,-0.090289593
510.8999939,-0.075841427
511,-0.084949017
511.1000061,-0.073981762
511.2000122,-0.08242178
511.3000183,-0.081134319
511.3999939,-0.087380886
511.5,-0.078034878
511.6000061,-0.071597576
511.7000122,-0.07202673
511.8000183,-0.075269222
511.8999939,-0.074506283
512,-0.07627058
512.1000366,-0.074458599
512.2000122,-0.077510357
512.2999878,-0.084043026
512.4000244,-0.081134319
512.5,-0.076556683
512.6000366,-0.073552608
512.7000122,-0.085044384
512.7999878,-0.077462673
512.9000244,-0.071692944
513,-0.080466747
513.1000366,-0.068068981
513.2000122,-0.09615469
513.2999878,-0.085473537
513.4000244,-0.073457241
513.5,-0.081944942
513.6000366,-0.077605724
513.7000122,-0.079656124
513.7999878,-0.080180645
513.9000244,-0.07960844
514,-0.083852291
514.1000366,-0.08127737
514.2000122,-0.084150314
514.2999878,-0.086570263
514.4000244,-0.084901333
514.5,-0.075889111
514.6000366,-0.081420422
514.7000122,-0.072885036
514.7999878,-0.074315548
514.9000244,-0.079846859
515,-0.074744701
515.1000366,-0.085282803
515.2000122,-0.078273296
515.2999878,-0.082087994
515.4000244,-0.080323696
515.5,-0.068927288
515.6000366,-0.091100216
515.7000122,-0.081563473
515.7999878,-0.077462673
515.9000244,-0.082231045
516,-0.090146542
516.1000366,-0.080895901
516.2000122,-0.073123455
516.2999878,-0.073123455
516.4000244,-0.079703808
516.5,-0.071835995
516.6000366,-0.089288235
516.7000122,-0.082755566
516.7999878,-0.073361874
516.9000244,-0.082993984
517,-0.084567547
517.1000366,-0.069356441
517.2000122,-0.084758282
517.2999878,-0.076985836
517.4000244,-0.075030804
517.5,-0.072837353
517.6000366,-0.073218822
517.7000122,-0.078797817
517.7999878,-0.084043026
517.9000244,-0.078464031
518,-0.079226971
518.1000366,-0.080323696
518.2000122,-0.082278728
518.2999878,-0.081623077
518.4000244,-0.081992626
518.5,-0.081897259
518.6000366,-0.080645561
518.7000122,-0.079846859
518.7999878,-0.078845501
518.9000244,-0.086093426
519,-0.074172497
519.1000366,-0.078988552
519.2000122,-0.081944942
519.2999878,-0.078940868
519.4000244,-0.072169781
519.5,-0.071597576
519.6000366,-0.075400352
519.7000122,-0.081897259
519.7999878,-0.075936794
519.9000244,-0.072408199
520,-0.077891827
520.1000366,-0.075698376
520.2000122,-0.074363232
520.2999878,-0.071549892
520.4000244,-0.078464031
520.5,-0.083041668
520.6000366,-0.084901333
520.7000122,-0.08012104
520.7999878,-0.075936794
520.9000244,-0.076604366
521,-0.073194981
521.1000366,-0.069785595
521.2000122,-0.070453167
521.2999878,-0.07627058
521.4000244,-0.079513073
521.5,-0.074315548
521.6000366,-0.080037594
521.7000122,-0.076461315
521.7999878,-0.073862553
521.9000244,-0.068831921
522,-0.070119381
522.1000366,-0.077605724
522.2000122,-0.071454525
522.2999878,-0.075555325
522.4000244,-0.081229687
522.5,-0.070691586
522.6000366,-0.08127737
522.7000122,-0.083232403
522.7999878,-0.079846859
522.9000244,-0.068450451
523,-0.081992626
523.1000366,-0.066733837
523.2000122,-0.07793951
523.2999878,-0.072885036
523.4000244,-0.069261074
523.5,-0.07202673
523.6000366,-0.079560757
523.7000122,-0.074077129
523.7999878,-0.081134319
523.9000244,-0.078893185
524,-0.078511715
524.1000366,-0.073922157
524.2000122,-0.067162991
524.2999878,-0.071120739
524.4000244,-0.075603008
524.5,-0.079036236
524.6000366,-0.083280087
524.7000122,-0.079179287
524.7999878,-0.075889111
524.9000244,-0.06959486
525,-0.08127737
525.1000366,-0.069070339
525.2000122,-0.072789669
525.2999878,-0.069690228
525.4000244,-0.080657482
525.5,-0.08204031
525.6000366,-0.070310116
525.7000122,-0.080132961
525.7999878,-0.071168423
525.9000244,-0.071454525
526,-0.082803249
526.1000366,-0.082946301
526.2000122,-0.079906464
526.2999878,-0.078034878
526.4000244,-0.075841427
526.5,-0.077701092
526.6000366,-0.075126171
526.7000122,-0.07126379
526.7999878,-0.076175213
526.9000244,-0.079942226
527,-0.07088232
527.1000366,-0.082564831
527.2000122,-0.070214748
527.2999878,-0.080609798
527.4000244,-0.073123455
527.5,-0.08666563
527.6000366,-0.080085278
527.7000122,-0.069833279
527.7999878,-0.059103966
527.9000244,-0.073457241
528,-0.078845501
528.1000366,-0.076222897
528.2000122,-0.082564831
528.2999878,-0.070596218
528.4000244,-0.086188793
528.5,-0.069785595
528.6000366,-0.07369566
528.7000122,-0.072455883
528.7999878,-0.075555325
528.9000244,-0.079322338
529,-0.074363232
529.1000366,-0.068784237
529.2000122,-0.077128887
529.2999878,-0.068784237
529.4000244,-0.07870245
529.5,-0.084138393
529.6000366,-0.083137035
529.7000122,-0.070405483
529.7999878,-0.071883678
529.9000244,-0.078893185
530,-0.079036236
530.1000366,-0.072360516
530.2000122,-0.076079845
530.2999878,-0.08037138
530.4000244,-0.070167065
530.5,-0.064778805
530.6000366,-0.067496777
530.7000122,-0.073361874
530.7999878,-0.077367306
530.9000244,-0.075507641
531,-0.076556683
531.1000366,-0.080705166
531.2000122,-0.086856365
531.2999878,-0.081229687
531.4000244,-0.07793951
531.5,-0.079417706
531.6000366,-0.075150013
531.7000122,-0.072980404
531.7999878,-0.070262432
531.9000244,-0.071931362
532,-0.073028088
532.1000366,-0.070119381
532.2000122,-0.074077129
532.2999878,-0.066733837
532.4000244,-0.08075285
532.5,-0.069118023
532.6000366,-0.076985836
532.7000122,-0.081229687
532.7999878,-0.076032162
532.9000244,-0.072789669
533,-0.076938152
533.1000366,-0.085044384
533.2000122,-0.073075771
533.2999878,-0.065160275
533.4000244,-0.067496777
533.5,-0.069118023
533.6000366,-0.072837353
533.7000122,-0.068831921
533.7999878,-0.067019939
533.9000244,-0.077701092
534,-0.086999416
534.1000366,-0.066590786
534.2000122,-0.075316906
534.2999878,-0.077224255
534.4000244,-0.07703352
534.5,-0.081611156
534.6000366,-0.078535557
534.7000122,-0.079370022
534.7999878,-0.076127529
534.9000244,-0.07460165
535,-0.069165707
535.1000366,-0.071454525
535.2000122,-0.075591087
535.2999878,-0.079894543
535.4000244,-0.081849575
535.5,-0.074506283
535.6000366,-0.068545818
535.7000122,-0.077271938
535.7999878,-0.075889111
535.9000244,-0.08242178
536,-0.070596218
536.1000366,-0.077128887
536.2000122,-0.071597576
536.2999878,-0.072741985
536.4000244,-0.074613571
536.5,-0.076699734
536.6000366,-0.077414989
536.7000122,-0.070786953
536.7999878,-0.078034878
536.9000244,-0.072885036
537,-0.069928646
537.1000366,-0.072217464
537.2000122,-0.080943584
537.2999878,-0.069833279
537.4000244,-0.077414989
537.5,-0.066829205
537.6000366,-0.072885036
537.7000122,-0.071168423
537.7999878,-0.071549892
537.9000244,-0.071192265
538,-0.070691586
538.1000366,-0.071359158
538.2000122,-0.075603008
538.2999878,-0.071597576
538.4000244,-0.075984478
538.5,-0.076294422
538.6000366,-0.077891827
538.7000122,-0.079703808
538.7999878,-0.070024014
538.9000244,-0.072694302
539,-0.075459957
539.1000366,-0.077844143
539.2000122,-0.068068981
539.2999878,-0.07293272
539.4000244,-0.061583519
539.5,-0.076032162
539.6000366,-0.070977688
539.7000122,-0.061202049
539.7999878,-0.080562115
539.9000244,-0.075030804
540,-0.075650692
540.1000366,-0.074828148
540.2000122,-0.07369566
540.2999878,-0.074935436
540.4000244,-0.071502209
540.5,-0.078750134
540.6000366,-0.071025372
540.7000122,-0.073123455
540.7999878,-0.071835995
540.9000244,-0.07088232
541,-0.074518204
541.1000366,-0.077653408
541.2000122,-0.077701092
541.2999878,-0.075984478
541.4000244,-0.070262432
541.5,-0.07832098
541.6000366,-0.073552608
541.7000122,-0.077701092
541.7999878,-0.070024014
541.9000244,-0.071120739
542,-0.071979046
542.1000366,-0.078273296
542.2000122,-0.067496777
542.2999878,-0.07960844
542.4000244,-0.071979046
542.5,-0.070500851
542.6000366,-0.073934078
542.7000122,-0.075221539
542.7999878,-0.080848217
542.9000244,-0.080419064
543,-0.075257301
543.1000366,-0.068641186
543.2000122,-0.071120739
543.2999878,-0.078416348
543.4000244,-0.077367306
543.5,-0.063682079
543.6000366,-0.071549892
543.7000122,-0.083137035
543.7999878,-0.073361874
543.9000244,-0.070548534
544,-0.07498312
544.1000366,-0.080228329
544.2000122,-0.07627058
544.2999878,-0.079286575
544.4000244,-0.079751492
544.5,-0.080895901
544.6000366,-0.080800533
544.7000122,-0.078130245
544.7999878,-0.075173855
544.9000244,-0.075650692
545,-0.074935436
545.1000366,-0.074375153
545.2000122,-0.073457241
545.2999878,-0.073457241
545.4000244,-0.076413631
545.5,-0.072074413
545.6000366,-0.068641186
545.7000122,-0.066972256
545.7999878,-0.077081203
545.9000244,-0.079846859
546,-0.071073055
546.1000366,-0.063682079
546.2000122,-0.076747417
546.2999878,-0.075555325
546.4000244,-0.073981762
546.5,-0.073755264
546.6000366,-0.07255125
546.7000122,-0.07293272
546.7999878,-0.072205544
546.9000244,-0.070071697
547,-0.073266506
547.1000366,-0.07202673
547.2000122,-0.079036236
547.2999878,-0.065303326
547.4000244,-0.085235119
547.5,-0.074267864
547.6000366,-0.071931362
547.7000122,-0.073707581
547.7999878,-0.076222897
547.9000244,-0.072408199
548,-0.067735195
548.1000366,-0.071073055
548.2000122,-0.068879604
548.2999878,-0.071490288
548.4000244,-0.073361874
548.5,-0.072646618
548.6000366,-0.071919441
548.7000122,-0.070596218
548.7999878,-0.071073055
548.9000244,-0.070500851
549,-0.081372738
549.1000366,-0.064874172
549.2000122,-0.076175213
549.2999878,-0.071883678
549.4000244,-0.073552608
549.5,-0.073647976
549.6000366,-0.074995041
549.7000122,-0.074840069
549.7999878,-0.07793951
549.9000244,-0.073528767
550,-0.072074413
550.1000366,-0.069261074
550.2000122,-0.062633038
550.2999878,-0.080276012
550.4000244,-0.065207958
550.5,-0.068927288
550.6000366,-0.068223953
550.7000122,-0.069022655
550.7999878,-0.069737911
550.9000244,-0.079846859
551,-0.078893185
551.1000366,-0.067258358
551.2000122,-0.074553967
551.2999878,-0.063634396
551.4000244,-0.070643902
551.5,-0.067687511
551.6000366,-0.066304684
551.7000122,-0.076318264
551.7999878,-0.068927288
551.9000244,-0.075650692
552,-0.073743343
552.1000366,-0.072074413
552.2000122,-0.070596218
552.2999878,-0.0683074
552.4000244,-0.071692944
552.5,-0.061440468
552.6000366,-0.078082561
552.7000122,-0.066352367
552.7999878,-0.063777447
552.9000244,-0.06792593
553,-0.07498312
553.1000366,-0.075650692
553.2000122,-0.072992325
553.2999878,-0.071025372
553.4000244,-0.070310116
553.5,-0.070548534
553.6000366,-0.075173855
553.7000122,-0.071216106
553.7999878,-0.066161633
553.9000244,-0.068355083
554,-0.070214748
554.1000366,-0.068641186
554.2000122,-0.066113949
554.2999878,-0.069880962
554.4000244,-0.077462673
554.5,-0.072503567
554.6000366,-0.073409557
554.7000122,-0.06792593
554.7999878,-0.080991268
554.9000244,-0.068831921
555,-0.078225613
555.1000366,-0.066733837
555.2000122,-0.072408199
555.2999878,-0.062966824
555.4000244,-0.063443661
555.5,-0.073361874
555.6000366,-0.068736553
555.7000122,-0.073171139
555.7999878,-0.072217464
555.9000244,-0.062633038
556,-0.068009377
556.1000366,-0.069022655
556.2000122,-0.068164349
556.2999878,-0.070643902
556.4000244,-0.073028088
556.5,-0.072360516
556.6000366,-0.06663847
556.7000122,-0.069070339
556.7999878,-0.066352367
556.9000244,-0.065732479
557,-0.075984478
557.1000366,-0.072789669
557.2000122,-0.073564529
557.2999878,-0.071168423
557.4000244,-0.074315548
557.5,-0.067067623
557.6000366,-0.07331419
557.7000122,-0.077891827
557.7999878,-0.07164526
557.9000244,-0.063729763
558,-0.083375454
558.1000366,-0.058484077
558.2000122,-0.075030804
558.2999878,-0.076318264
558.4000244,-0.08075285
558.5,-0.08575964
558.6000366,-0.068355083
558.7000122,-0.072980404
558.7999878,-0.073028088
558.9000244,-0.074458599
559,-0.076318264
559.1000366,-0.064254284
559.2000122,-0.075126171
559.2999878,-0.068355083
559.4000244,-0.067353725
559.5,-0.073016167
559.6000366,-0.079226971
559.7000122,-0.077128887
559.7999878,-0.075793743
559.9000244,-0.062585354
560,-0.063729763
560.1000366,-0.069690228
560.2000122,-0.073552608
560.2999878,-0.078893185
560.4000244,-0.073981762
560.5,-0.07255125
560.6000366,-0.075412273
560.7000122,-0.072050571
560.7999878,-0.065494061
560.9000244,-0.074744701
561,-0.067830563
561.1000366,-0.071740627
561.2000122,-0.065446377
561.2999878,-0.072885036
561.4000244,-0.076079845
561.5,-0.071597576
561.6000366,-0.066400051
561.7000122,-0.075173855
561.7999878,-0.066161633
561.9000244,-0.07088232
562,-0.066352367
562.1000366,-0.071549892
562.2000122,-0.071168423
562.2999878,-0.07036972
562.4000244,-0.070548534
562.5,-0.072220445
562.6000366,-0.073504925
562.7000122,-0.074458599
562.7999878,-0.067449093
562.9000244,-0.079226971
563,-0.070691586
563.1000366,-0.070119381
563.2000122,-0.071311474
563.2999878,-0.068545818
563.4000244,-0.071454525
563.5,-0.067878246
563.6000366,-0.075793743
563.7000122,-0.062298775
563.7999878,-0.069833279
563.9000244,-0.076127529
564,-0.066400051
564.1000366,-0.075603008
564.2000122,-0.074506283
564.2999878,-0.072730064
564.4000244,-0.071406841
564.5,-0.069404125
564.6000366,-0.075889111
564.7000122,-0.073743343
564.7999878,-0.069404125
564.9000244,-0.060725212
565,-0.061392784
565.1000366,-0.069022655
565.2000122,-0.072265148
565.2999878,-0.070167065
565.4000244,-0.069404125
565.5,-0.072122097
565.6000366,-0.075984478
565.7000122,-0.067782879
565.7999878,-0.063872814
565.9000244,-0.065374851
566,-0.064874172
566.1000366,-0.06496954
566.2000122,-0.064158916
566.2999878,-0.059866905
566.4000244,-0.076318264
566.5,-0.062203407
566.6000366,-0.067210674
566.7000122,-0.078273296
566.7999878,-0.072694302
566.9000244,-0.07793951
567,-0.072455883
567.1000366,-0.070262432
567.2000122,-0.056052208
567.2999878,-0.070834637
567.4000244,-0.061202049
567.5,-0.071692944
567.6000366,-0.060296059
567.7000122,-0.078130245
567.7999878,-0.063872814
567.9000244,-0.077319622
568,-0.074172497
568.1000366,-0.067687511
568.2000122,-0.07202673
568.2999878,-0.069439888
568.4000244,-0.067973614
568.5,-0.070071697
568.6000366,-0.067890167
568.7000122,-0.068593502
568.7999878,-0.064921856
568.9000244,-0.068021297
569,-0.065446377
569.1000366,-0.075078487
569.2000122,-0.068498135
569.2999878,-0.074458599
569.4000244,-0.071216106
569.5,-0.064874172
569.6000366,-0.06291914
569.7000122,-0.062251091
569.7999878,-0.072741985
569.9000244,-0.068498135
570,-0.072598934
570.1000366,-0.068784237
570.2000122,-0.070739269
570.2999878,-0.074315548
570.4000244,-0.07369566
570.5,-0.068557739
570.6000366,-0.062633038
570.7000122,-0.063586712
570.7999878,-0.07088232
570.9000244,-0.062823772
571,-0.080562115
571.1000366,-0.063062191
571.2000122,-0.067496777
571.2999878,-0.073552608
571.4000244,-0.064731121
571.5,-0.07793951
571.6000366,-0.077462673
571.7000122,-0.071692944
571.7999878,-0.06663847
571.9000244,-0.068676949
572,-0.067782879
572.1000366,-0.068593502
572.2000122,-0.071835995
572.2999878,-0.063205242
572.4000244,-0.067592144
572.5,-0.060963631
572.6000366,-0.064540386
572.7000122,-0.060915947
572.7999878,-0.067639828
572.9000244,-0.067401409
573,-0.070691586
573.1000366,-0.071788311
573.2000122,-0.067973614
573.2999878,-0.06253767
573.4000244,-0.058341026
573.5,-0.078273296
573.6000366,-0.062728405
573.7000122,-0.072360516
573.7999878,-0.062298775
573.9000244,-0.066400051
574,-0.060343742
574.1000366,-0.071073055
574.2000122,-0.067878246
574.2999878,-0.07331419
574.4000244,-0.066113949
574.5,-0.060868263
574.6000366,-0.071549892
574.7000122,-0.065589428
574.7999878,-0.07331419
574.9000244,-0.071120739
575,-0.066924572
575.1000366,-0.069404125
575.2000122,-0.071883678
575.2999878,-0.07255125
575.4000244,-0.073504925
575.5,-0.066209316
575.6000366,-0.072741985
575.7000122,-0.065923214
575.7999878,-0.061869621
575.9000244,-0.071454525
576,-0.065351009
576.1000366,-0.060391426
576.2000122,-0.062251091
576.2999878,-0.068974972
576.4000244,-0.063682079
576.5,-0.067162991
576.6000366,-0.070739269
576.7000122,-0.064063549
576.7999878,-0.06754446
576.9000244,-0.068212032
577,-0.064158916
577.1000366,-0.071835995
577.2000122,-0.062298775
577.2999878,-0.067973614
577.4000244,-0.065732479
577.5,-0.070977688
577.6000366,-0.066113949
577.7000122,-0.068927288
577.7999878,-0.075507641
577.9000244,-0.067687511
578,-0.06253767
578.1000366,-0.079703808
578.2000122,-0.07331419
578.2999878,-0.067210674
578.4000244,-0.073647976
578.5,-0.065446377
578.6000366,-0.069690228
578.7000122,-0.062441826
578.7999878,-0.067496777
578.9000244,-0.067115307
579,-0.06483829
579.1000366,-0.063443661
579.2000122,-0.061297417
579.2999878,-0.064349651
579.4000244,-0.070071697
579.5,-0.066829205
579.6000366,-0.066400051
579.7000122,-0.064445019
579.7999878,-0.064254284
579.9000244,-0.065911293
580,-0.066257
580.1000366,-0.061759591
580.2000122,-0.05710125
580.2999878,-0.057768822
580.4000244,-0.072312832
580.5,-0.06382513
580.6000366,-0.072503567
580.7000122,-0.074697018
580.7999878,-0.067639828
580.9000244,-0.067449093
581,-0.058341026
581.1000366,-0.077462673
581.2000122,-0.069022655
581.2999878,-0.07088232
581.4000244,-0.064468622
581.5,-0.058484077
581.6000366,-0.059485435
581.7000122,-0.0683074
581.7999878,-0.065160275
581.9000244,-0.071740627
582,-0.074363232
582.1000366,-0.075030804
582.2000122,-0.073075771
582.2999878,-0.071979046
582.4000244,-0.071359158
582.5,-0.068450451
582.6000366,-0.0703578
582.7000122,-0.067162991
582.7999878,-0.073886395
582.9000244,-0.06921339
583,-0.065732479
583.1000366,-0.074267864
583.2000122,-0.067210674
583.2999878,-0.077462673
583.4000244,-0.077653408
583.5,-0.067210674
583.6000366,-0.060153008
583.7000122,-0.066590786
583.7999878,-0.065398693
583.9000244,-0.072885036
584,-0.071502209
584.1000366,-0.070035934
584.2000122,-0.070262432
584.2999878,-0.065494061
584.4000244,-0.070691586
584.5,-0.063968182
584.6000366,-0.066018581
584.7000122,-0.058054924
584.7999878,-0.074124813
584.9000244,-0.057864189
585,-0.064301968
585.1000366,-0.069165707
585.2000122,-0.058960915
585.2999878,-0.068688869
585.4000244,-0.064731121
585.5,-0.073504925
585.6000366,-0.062680721
585.7000122,-0.067258358
585.7999878,-0.061678886
585.9000244,-0.069118023
586,-0.071406841
586.1000366,-0.065637112
586.2000122,-0.067592144
586.2999878,-0.066531181
586.4000244,-0.066161633
586.5,-0.066733837
586.6000366,-0.07498312
586.7000122,-0.072837353
586.7999878,-0.067592144
586.9000244,-0.055527687
587,-0.066781521
587.1000366,-0.07498312
587.2000122,-0.065160275
587.2999878,-0.066447735
587.4000244,-0.065839767
587.5,-0.065303326
587.6000366,-0.066447735
587.7000122,-0.065351009
587.7999878,-0.071740627
587.9000244,-0.066257
588,-0.068736553
588.1000366,-0.07164526
588.2000122,-0.070024014
588.2999878,-0.064349651
588.4000244,-0.064432979
588.5,-0.063989013
588.6000366,-0.062776089
588.7000122,-0.064397335
588.7999878,-0.068164349
588.9000244,-0.076604366
589,-0.065827847
589.1000366,-0.057959557
589.2000122,-0.060677528
589.2999878,-0.070548534
589.4000244,-0.06587553
589.5,-0.061583519
589.6000366,-0.06330061
589.7000122,-0.068784237
589.7999878,-0.069451809
589.9000244,-0.072694302
590,-0.07460165
590.1000366,-0.073218822
590.2000122,-0.065398693
590.2999878,-0.065351009
590.4000244,-0.06792593
590.5,-0.065303326
590.6000366,-0.068641186
590.7000122,-0.059342384
590.7999878,-0.061440468
590.9000244,-0.068164349
591,-0.063634396
591.1000366,-0.074744701
591.2000122,-0.066066265
591.2999878,-0.061106682
591.4000244,-0.070262432
591.5,-0.061249733
591.6000366,-0.061869621
591.7000122,-0.060486794
591.7999878,-0.070930004
591.9000244,-0.067973614
592,-0.072980404
592.1000366,-0.075269222
592.2000122,-0.068259716
592.2999878,-0.061440468
592.4000244,-0.059294701
592.5,-0.068355083
592.6000366,-0.072980404
592.7000122,-0.06172657
592.7999878,-0.057864189
592.9000244,-0.063586712
593,-0.066113949
593.1000366,-0.069356441
593.2000122,-0.067401409
593.2999878,-0.068641186
593.4000244,-0.062966824
593.5,-0.067115307
593.6000366,-0.057435036
593.7000122,-0.057435036
593.7999878,-0.062060595
593.9000244,-0.064397335
594,-0.068974972
594.1000366,-0.067878246
594.2000122,-0.066066265
594.2999878,-0.070167065
594.4000244,-0.06458807
594.5,-0.073791027
594.6000366,-0.070119381
594.7000122,-0.0613451
594.7999878,-0.05877018
594.9000244,-0.062060356
595,-0.057053566
595.1000366,-0.064778805
595.2000122,-0.066018581
595.2999878,-0.061297417
595.4000244,-0.068736553
595.5,-0.05428791
595.6000366,-0.065541744
595.7000122,-0.067067623
595.7999878,-0.060629845
595.9000244,-0.068402767
596,-0.06458807
596.1000366,-0.064540386
596.2000122,-0.063324332
596.2999878,-0.063395977
596.4000244,-0.060772896
596.5,-0.066066265
596.6000366,-0.063014507
596.7000122,-0.058722496
596.7999878,-0.054240227
596.9000244,-0.068450451
597,-0.060391426
597.1000366,-0.062776089
597.2000122,-0.06265676
597.2999878,-0.063491344
597.4000244,-0.063968182
597.5,-0.067115307
597.6000366,-0.062585354
597.7000122,-0.061047316
597.7999878,-0.058293343
597.9000244,-0.056195259
598,-0.064778805
598.1000366,-0.066590786
598.2000122,-0.066352367
598.2999878,-0.064778805
598.4000244,-0.061821938
598.5,-0.063240767
598.6000366,-0.064254284
598.7000122,-0.06210804
598.7999878,-0.065064788
598.9000244,-0.066972256
599,-0.066924572
599.1000366,-0.06600666
599.2000122,-0.064445019
599.2999878,-0.065684795
599.4000244,-0.06253767
599.5,-0.058054924
599.6000366,-0.05376339
599.7000122,-0.061535835
599.7999878,-0.068784237
599.9000244,-0.056529045
600,-0.068402767
600.1000366,-0.059103966
600.2000122,-0.063205242
600.2999878,-0.059771538
600.4000244,-0.071835995
600.5,-0.067401409
600.6000366,-0.059485435
600.7000122,-0.073600292
600.7999878,-0.065303326
600.9000244,-0.05428791
601,-0.060629845
601.1000366,-0.069022655
601.2000122,-0.058531761
601.2999878,-0.061964989
601.4000244,-0.072980404
601.5,-0.07164526
601.6000366,-0.065207958
601.7000122,-0.067210674
601.7999878,-0.069261074
601.9000244,-0.065398693
602,-0.061011314
602.1000366,-0.057196617
602.2000122,-0.069451809
602.2999878,-0.059723854
602.4000244,-0.066209316
602.5,-0.057291985
602.6000366,-0.068021297
602.7000122,-0.055766106
602.7999878,-0.067401409
602.9000244,-0.059962273
603,-0.066304684
603.1000366,-0.057911873
603.2000122,-0.066304684
603.2999878,-0.061154366
603.4000244,-0.063062191
603.5,-0.060772896
603.6000366,-0.070691586
603.7000122,-0.067782879
603.7999878,-0.061488152
603.9000244,-0.057721138
604,-0.069308758
604.1000366,-0.060200691
604.2000122,-0.064921856
604.2999878,-0.060915947
604.4000244,-0.067496777
604.5,-0.055861473
604.6000366,-0.069022655
604.7000122,-0.063395977
604.7999878,-0.066590786
604.9000244,-0.064874172
605,-0.057053566
605.1000366,-0.05004406
605.2000122,-0.062966824
605.2999878,-0.060772896
605.4000244,-0.058758378
605.5,-0.055575371
605.6000366,-0.055718422
605.7000122,-0.055086613
605.7999878,-0.057148933
605.9000244,-0.055345893
606,-0.054478645
606.1000366,-0.05466938
606.2000122,-0.057399273
606.2999878,-0.06172657
606.4000244,-0.058722496
606.5,-0.071883678
606.6000366,-0.057435036
606.7000122,-0.049567223
606.7999878,-0.05569458
606.9000244,-0.058150291
607,-0.057625771
607.1000366,-0.059843183
607.2000122,-0.06253767
607.2999878,-0.061058998
607.4000244,-0.062298775
607.5,-0.06172657
607.6000366,-0.064778805
607.7000122,-0.062966824
607.7999878,-0.066304684
607.9000244,-0.062776089
608,-0.068974972
608.1000366,-0.063395977
608.2000122,-0.063777447
608.2999878,-0.06959486
608.4000244,-0.070214748
608.5,-0.063062191
608.6000366,-0.069690228
608.7000122,-0.062680721
608.7999878,-0.0683074
608.9000244,-0.069070339
609,-0.07088232
609.1000366,-0.067162991
609.2000122,-0.070119381
609.2999878,-0.063395977
609.4000244,-0.065207958
609.5,-0.06291914
609.6000366,-0.058722496
609.7000122,-0.064921856
609.7999878,-0.057911873
609.9000244,-0.065303326
610,-0.066209316
610.1000366,-0.072837353
610.2000122,-0.059151649
610.2999878,-0.082898617
610.4000244,-0.063252926
610.5,-0.067496777
610.6000366,-0.057339668
610.7000122,-0.0683074
610.7999878,-0.063586712
610.9000244,-0.06253767
611,-0.062919021
611.1000366,-0.063491344
611.2000122,-0.062060356
611.2999878,-0.060248375
611.4000244,-0.061440468
611.5,-0.054526329
611.6000366,-0.068259716
611.7000122,-0.061488152
611.7999878,-0.061392784
611.9000244,-0.069690228
612,-0.063777447
612.1000366,-0.057291985
612.2000122,-0.072074413
612.2999878,-0.056385994
612.4000244,-0.058817863
612.5,-0.056624413
612.6000366,-0.068212032
612.7000122,-0.063062191
612.7999878,-0.068164349
612.9000244,-0.066352367
613,-0.059151649
613.1000366,-0.060343742
613.2000122,-0.058436394
613.2999878,-0.059914589
613.4000244,-0.061762571
613.5,-0.065207958
613.6000366,-0.063491344
613.7000122,-0.055289268
613.7999878,-0.058102608
613.9000244,-0.057601929
614,-0.059771538
614.1000366,-0.061112881
614.2000122,-0.063539028
614.2999878,-0.063539028
614.4000244,-0.063729763
614.5,-0.061452627
614.6000366,-0.058913231
614.7000122,-0.059628487
614.7999878,-0.064540386
614.9000244,-0.070453167
615,-0.062680721
615.1000366,-0.057244301
615.2000122,-0.059342384
615.2999878,-0.063062191
615.4000244,-0.056147575
615.5,-0.068212032
615.6000366,-0.065827847
615.7000122,-0.066924572
615.7999878,-0.055766106
615.9000244,-0.054049492
616,-0.059723854
616.1000366,-0.065446377
616.2000122,-0.067782879
616.2999878,-0.061440468
616.4000244,-0.054621696
616.5,-0.066209316
616.6000366,-0.063539028
616.7000122,-0.061488152
616.7999878,-0.055956841
616.9000244,-0.061142683
617,-0.064158916
617.1000366,-0.062966824
617.2000122,-0.066113949
617.2999878,-0.061798334
617.4000244,-0.059580803
617.5,-0.058531761
617.6000366,-0.0683074
617.7000122,-0.053668022
617.7999878,-0.062633038
617.9000244,-0.060629845
618,-0.067258358
618.1000366,-0.0683074
618.2000122,-0.066733837
618.2999878,-0.064254284
618.4000244,-0.058913231
618.5,-0.065398693
618.6000366,-0.07202673
618.7000122,-0.064683437
618.7999878,-0.0613451
618.9000244,-0.059819221
619,-0.06587553
619.1000366,-0.062633038
619.2000122,-0.05428791
619.2999878,-0.053286552
619.4000244,-0.064874172
619.5,-0.056290627
619.6000366,-0.065494061
619.7000122,-0.067496777
619.7999878,-0.062060356
619.9000244,-0.057053566
620,-0.056004524
620.1000366,-0.066352367
620.2000122,-0.066018581
620.2999878,-0.077605724
620.4000244,-0.065303326
620.5,-0.077748775
620.6000366,-0.066781521
620.7000122,-0.072122097
620.7999878,-0.056481361
620.9000244,-0.055718422
621,-0.072122097
621.1000366,-0.051760674
621.2000122,-0.062633038
621.2999878,-0.066161633
621.4000244,-0.063491344
621.5,-0.065351009
621.6000366,-0.067735195
621.7000122,-0.065494061
621.7999878,-0.06043911
621.9000244,-0.060486794
622,-0.060582161
622.1000366,-0.060153008
622.2000122,-0.058197975
622.2999878,-0.060391426
622.4000244,-0.062060356
622.5,-0.061297417
622.6000366,-0.057578087
622.7000122,-0.063634396
622.7999878,-0.055003166
622.9000244,-0.069499493
623,-0.063872814
623.1000366,-0.058913231
623.2000122,-0.058484077
623.2999878,-0.060582161
623.4000244,-0.062906981
623.5,-0.065780163
623.6000366,-0.066781521
623.7000122,-0.070274353
623.7999878,-0.069573998
623.9000244,-0.071311474
624,-0.069928646
624.1000366,-0.070548534
624.2000122,-0.062966824
624.2999878,-0.070167065
624.4000244,-0.064921856
624.5,-0.063729763
624.6000366,-0.062144041
624.7000122,-0.059390068
624.7999878,-0.060534477
624.9000244,-0.065064907
625,-0.060677528
625.1000366,-0.064540386
625.2000122,-0.057864189
625.2999878,-0.062441826
625.4000244,-0.060629845
625.5,-0.065351009
625.6000366,-0.054335594
625.7000122,-0.061583519
625.7999878,-0.065780163
625.9000244,-0.06663847
626,-0.056767464
626.1000366,-0.065112591
626.2000122,-0.059890866
626.2999878,-0.058817863
626.4000244,-0.058865547
626.5,-0.059294701
626.6000366,-0.06186986
626.7000122,-0.0642066
626.7999878,-0.065112591
626.9000244,-0.066495419
627,-0.063729763
627.1000366,-0.066078186
627.2000122,-0.067592144
627.2999878,-0.066495419
627.4000244,-0.065732479
627.5,-0.062728405
627.6000366,-0.063682079
627.7000122,-0.058674812
627.7999878,-0.061821938
627.9000244,-0.056099892
628,-0.060963631
628.1000366,-0.06043911
628.2000122,-0.063682079
628.2999878,-0.060737252
628.4000244,-0.059866905
628.5,-0.058960915
628.6000366,-0.054574013
628.7000122,-0.060236573
628.7999878,-0.065541744
628.9000244,-0.061869621
629,-0.061535954
629.1000366,-0.058627129
629.2000122,-0.060105324
629.2999878,-0.059139729
629.4000244,-0.059437752
629.5,-0.062713265
629.6000366,-0.067353725
629.7000122,-0.064921856
629.7999878,-0.063252926
629.9000244,-0.055241585
630,-0.060534477
630.1000366,-0.066543102
630.2000122,-0.064158916
630.2999878,-0.064540386
630.4000244,-0.06253767
630.5,-0.054335594
630.6000366,-0.056815147
630.7000122,-0.064397335
630.7999878,-0.072074413
630.9000244,-0.054907799
631,-0.061440468
631.1000366,-0.056767464
631.2000122,-0.069404125
631.2999878,-0.061774254
631.4000244,-0.057053566
631.5,-0.065637112
631.6000366,-0.06005764
631.7000122,-0.068593502
631.7999878,-0.065303326
631.9000244,-0.058960915
632,-0.066447735
632.1000366,-0.058865547
632.2000122,-0.06458807
632.2999878,-0.051808357
632.4000244,-0.056910515
632.5,-0.063252926
632.6000366,-0.05133152
632.7000122,-0.064015865
632.7999878,-0.059056282
632.9000244,-0.066400051
633,-0.07088232
633.1000366,-0.057435036
633.2000122,-0.051093102
633.2999878,-0.054860115
633.4000244,-0.058817863
633.5,-0.068784237
633.6000366,-0.062585354
633.7000122,-0.058293343
633.7999878,-0.065923214
633.9000244,-0.060296059
634,-0.063682079
634.1000366,-0.062823653
634.2000122,-0.063252926
634.2999878,-0.064063549
634.4000244,-0.058197975
634.5,-0.05543232
634.6000366,-0.057005882
634.7000122,-0.057864189
634.7999878,-0.068974972
634.9000244,-0.06997633
635,-0.059771538
635.1000366,-0.068164349
635.2000122,-0.058102608
635.2999878,-0.066733837
635.4000244,-0.0683074
635.5,-0.061535835
635.6000366,-0.066066265
635.7000122,-0.057625771
635.7999878,-0.0642066
635.9000244,-0.057864189
636,-0.063872814
636.1000366,-0.064158916
636.2000122,-0.057196617
636.2999878,-0.057435036
636.4000244,-0.056815147
636.5,-0.058722496
636.6000366,-0.059866905
636.7000122,-0.061202049
636.7999878,-0.062012672
636.9000244,-0.056385994
637,-0.059485435
637.1000366,-0.062966824
637.2000122,-0.068545818
637.2999878,-0.067830563
637.4000244,-0.068784237
637.5,-0.066924572
637.6000366,-0.071835995
637.7000122,-0.060963631
637.7999878,-0.065494061
637.9000244,-0.064492702
638,-0.061440468
638.1000366,-0.060308099
638.2000122,-0.056576729
638.2999878,-0.058722496
638.4000244,-0.056767464
638.5,-0.058913231
638.6000366,-0.054049492
638.7000122,-0.061058998
638.7999878,-0.066495419
638.9000244,-0.065207958
639,-0.071168423
639.1000366,-0.065398693
639.2000122,-0.067091465
639.2999878,-0.06587553
639.4000244,-0.065923214
639.5,-0.064063311
639.6000366,-0.062155724
639.7000122,-0.062298775
639.7999878,-0.061368942
639.9000244,-0.06210804
640,-0.058913231
640.1000366,-0.065017223
640.2000122,-0.059628487
640.2999878,-0.066924572
640.4000244,-0.074649334
640.5,-0.060105324
640.6000366,-0.051474571
640.7000122,-0.054717064
640.7999878,-0.058436394
640.9000244,-0.064492702
641,-0.071073055
641.1000366,-0.059962273
641.2000122,-0.057721138
641.2999878,-0.06172657
641.4000244,-0.066781521
641.5,-0.056481361
641.6000366,-0.068021297
641.7000122,-0.051808357
641.7999878,-0.058293343
641.9000244,-0.068498135
642,-0.06663847
642.1000366,-0.066590786
642.2000122,-0.06291914
642.2999878,-0.067878246
642.4000244,-0.056910515
642.5,-0.070167065
642.6000366,-0.057196617
642.7000122,-0.062871456
642.7999878,-0.069737911
642.9000244,-0.062728405
643,-0.065160275
643.1000366,-0.064063549
643.2000122,-0.070834637
643.2999878,-0.064647555
643.4000244,-0.062823772
643.5,-0.060868263
643.6000366,-0.064874172
643.7000122,-0.056052208
643.7999878,-0.072074413
643.9000244,-0.061058998
644,-0.059628487
644.1000366,-0.061535835
644.2000122,-0.061631203
644.2999878,-0.061261773
644.4000244,-0.062823772
644.5,-0.059056282
644.6000366,-0.06253767
644.7000122,-0.060772896
644.7999878,-0.064492702
644.9000244,-0.064349651
645,-0.068593502
645.1000366,-0.06496954
645.2000122,-0.058960915
645.2999878,-0.04928112
645.4000244,-0.069451809
645.5,-0.060963631
645.6000366,-0.062346458
645.7000122,-0.051283836
645.7999878,-0.055527687
645.9000244,-0.051665306
646,-0.061977148
646.1000366,-0.070453167
646.2000122,-0.070262432
646.2999878,-0.062489986
646.4000244,-0.063062191
646.5,-0.066304684
646.6000366,-0.062346458
646.7000122,-0.057291985
646.7999878,-0.057482719
646.9000244,-0.048565865
647,-0.057291985
647.1000366,-0.0642066
647.2000122,-0.062776089
647.2999878,-0.065780163
647.4000244,-0.064826488
647.5,-0.06291914
647.6000366,-0.056481361
647.7000122,-0.060534477
647.7999878,-0.057578087
647.9000244,-0.066733837
648,-0.066209316
648.1000366,-0.066257
648.2000122,-0.066209316
648.2999878,-0.058054924
648.4000244,-0.066781521
648.5,-0.059103966
648.6000366,-0.073981762
648.7000122,-0.055718422
648.7999878,-0.058150291
648.9000244,-0.058341026
649,-0.05209446
649.1000366,-0.052905083
649.2000122,-0.068402767
649.2999878,-0.063157558
649.4000244,-0.069118023
649.5,-0.053048134
649.6000366,-0.055909157
649.7000122,-0.054574013
649.7999878,-0.05480051
649.9000244,-0.054860115
650,-0.053858757
650.1000366,-0.056326389
650.2000122,-0.061058998
650.2999878,-0.055527687
650.4000244,-0.053858757
650.5,-0.06496954
650.6000366,-0.059247017
650.7000122,-0.049805641
650.7999878,-0.064254284
650.9000244,-0.052237511
651,-0.053477287
651.1000366,-0.054836273
651.2000122,-0.052905083
651.2999878,-0.054043531
651.4000244,-0.053572655
651.5,-0.052379072
651.6000366,-0.050759315
651.7000122,-0.051140785
651.7999878,-0.05633831
651.9000244,-0.063872814
652,-0.047707558
652.1000366,-0.059151649
652.2000122,-0.059866905
652.2999878,-0.058197975
652.4000244,-0.055861473
652.5,-0.057435036
652.6000366,-0.062585354
652.7000122,-0.061058998
652.7999878,-0.063491344
652.9000244,-0.057244301
653,-0.062966824
653.1000366,-0.064397335
653.2000122,-0.057291985
653.2999878,-0.065541744
653.4000244,-0.057625771
653.5,-0.05466938
653.6000366,-0.057768822
653.7000122,-0.060391426
653.7999878,-0.060963631
653.9000244,-0.055718422
654,-0.057911873
654.1000366,-0.072312832
654.2000122,-0.066018581
654.2999878,-0.058579445
654.4000244,-0.061631203
654.5,-0.068831921
654.6000366,-0.06496954
654.7000122,-0.058960915
654.7999878,-0.067496777
654.9000244,-0.056195259
655,-0.05133152
655.1000366,-0.052952766
655.2000122,-0.064301968
655.2999878,-0.062441826
655.4000244,-0.065541744
655.5,-0.060677528
655.6000366,-0.059199333
655.7000122,-0.065637112
655.7999878,-0.055956841
655.9000244,-0.066400051
656,-0.05338192
656.1000366,-0.060009956
656.2000122,-0.064540386
656.2999878,-0.060343742
656.4000244,-0.068927288
656.5,-0.053095818
656.6000366,-0.068593502
656.7000122,-0.060009956
656.7999878,-0.063539028
656.9000244,-0.05633831
657,-0.05633831
657.1000366,-0.060963631
657.2000122,-0.06005764
657.2999878,-0.067687511
657.4000244,-0.049757957
657.5,-0.058579445
657.6000366,-0.065064907
657.7000122,-0.061202049
657.7999878,-0.059723854
657.9000244,-0.055718422
658,-0.053143501
658.1000366,-0.048804283
658.2000122,-0.059151649
658.2999878,-0.053572655
658.4000244,-0.059056282
658.5,-0.063539028
658.6000366,-0.053954124
658.7000122,-0.058865547
658.7999878,-0.063157558
658.9000244,-0.062394142
659,-0.058817863
659.1000366,-0.05967617
659.2000122,-0.063061953
659.2999878,-0.067830563
659.4000244,-0.065923214
659.5,-0.062966824
659.6000366,-0.051426888
659.7000122,-0.050616264
659.7999878,-0.066543102
659.9000244,-0.066686153
660,-0.062692404
660.1000366,-0.060200691
660.2000122,-0.057339668
660.2999878,-0.055718422
660.4000244,-0.06291914
660.5,-0.064111233
660.6000366,-0.063491344
660.7000122,-0.05877018
660.7999878,-0.058627129
660.9000244,-0.053429604
661,-0.05838871
661.1000366,-0.05466938
661.2000122,-0.060343742
661.2999878,-0.05428791
661.4000244,-0.058102608
661.5,-0.054335594
661.6000366,-0.056827068
661.7000122,-0.056052208
661.7999878,-0.058817863
661.9000244,-0.057673454
662,-0.058197975
662.1000366,-0.062287092
662.2000122,-0.067830563
662.2999878,-0.065446377
662.4000244,-0.073934078
662.5,-0.058293343
662.6000366,-0.065780163
662.7000122,-0.059151649
662.7999878,-0.053715706
662.9000244,-0.056195259
663,-0.053572655
663.1000366,-0.062680721
663.2000122,-0.066161633
663.2999878,-0.053238869
663.4000244,-0.056290627
663.5,-0.064778805
663.6000366,-0.058960915
663.7000122,-0.047707558
663.7999878,-0.061154366
663.9000244,-0.054764748
664,-0.05967617
664.1000366,-0.057435036
664.2000122,-0.067735195
664.2999878,-0.055003166
664.4000244,-0.065112591
664.5,-0.070214748
664.6000366,-0.048947334
664.7000122,-0.065064907
664.7999878,-0.057291985
664.9000244,-0.053477287
665,-0.054144859
665.1000366,-0.061631203
665.2000122,-0.054049492
665.2999878,-0.059294701
665.4000244,-0.066733837
665.5,-0.058817863
665.6000366,-0.060009956
665.7000122,-0.05466938
665.7999878,-0.054144859
665.9000244,-0.056147575
666,-0.053095818
666.1000366,-0.056302547
666.2000122,-0.058054924
666.2999878,-0.057911873
666.4000244,-0.055670738
666.5,-0.0703578
666.6000366,-0.047707558
666.7000122,-0.059103966
666.7999878,-0.056242943
666.9000244,-0.057530403
667,-0.073028088
667.1000366,-0.055909157
667.2000122,-0.067878246
667.2999878,-0.053715706
667.4000244,-0.072217464
667.5,-0.051283836
667.6000366,-0.066447735
667.7000122,-0.06959486
667.7999878,-0.066352367
667.9000244,-0.057864189
668,-0.06082058
668.1000366,-0.073934078
668.2000122,-0.066543102
668.2999878,-0.057244301
668.4000244,-0.074744701
668.5,-0.061392784
668.6000366,-0.064635754
668.7000122,-0.068259716
668.7999878,-0.066352367
668.9000244,-0.068212032
669,-0.064301968
669.1000366,-0.063682079
669.2000122,-0.064826488
669.2999878,-0.061249733
669.4000244,-0.063157558
669.5,-0.059723854
669.6000366,-0.062060356
669.7000122,-0.061058998
669.7999878,-0.058913231
669.9000244,-0.057005882
670,-0.060582161
670.1000366,-0.055098534
670.2000122,-0.058436394
670.2999878,-0.058341026
670.4000244,-0.061488152
670.5,-0.061679125
670.6000366,-0.063109875
670.7000122,-0.063777447
670.7999878,-0.063777447
670.9000244,-0.057864189
671,-0.055575371
671.1000366,-0.061392784
671.2000122,-0.052857399
671.2999878,-0.0683074
671.4000244,-0.057291985
671.5,-0.05710125
671.6000366,-0.057673454
671.7000122,-0.058603287
671.7999878,-0.06005764
671.9000244,-0.059580803
672,-0.056052208
672.1000366,-0.052285194
672.2000122,-0.056529045
672.2999878,-0.055193901
672.4000244,-0.053238869
672.5,-0.056731701
672.6000366,-0.059151649
672.7000122,-0.059342384
672.7999878,-0.059390068
672.9000244,-0.060915947
673,-0.061869621
673.1000366,-0.058102608
673.2000122,-0.054621696
673.2999878,-0.061964989
673.4000244,-0.053429604
673.5,-0.058722496
673.6000366,-0.067353725
673.7000122,-0.058913231
673.7999878,-0.056958199
673.9000244,-0.058674812
674,-0.06110692
674.1000366,-0.063920498
674.2000122,-0.064874172
674.2999878,-0.061774492
674.4000244,-0.059485435
674.5,-0.058817863
674.6000366,-0.053477287
674.7000122,-0.064111233
674.7999878,-0.057482719
674.9000244,-0.058054924
675,-0.056421757
675.1000366,-0.054955482
675.2000122,-0.055193901
675.2999878,-0.058293343
675.4000244,-0.058293343
675.5,-0.052714348
675.6000366,-0.050282478
675.7000122,-0.055098534
675.7999878,-0.055527687
675.9000244,-0.057387352
676,-0.059199333
676.1000366,-0.059723854
676.2000122,-0.058531761
676.2999878,-0.056052208
676.4000244,-0.055134296
676.5,-0.054907799
676.6000366,-0.051045418
676.7000122,-0.056767464
676.7999878,-0.052332878
676.9000244,-0.063586712
677,-0.063634396
677.1000366,-0.054955482
677.2000122,-0.050425529
677.2999878,-0.053620338
677.4000244,-0.056529045
677.5,-0.052571297
677.6000366,-0.056958199
677.7000122,-0.053811073
677.7999878,-0.062012672
677.9000244,-0.058865547
678,-0.059056282
678.1000366,-0.058865547
678.2000122,-0.056803226
678.2999878,-0.055527687
678.4000244,-0.05376339
678.5,-0.059962273
678.6000366,-0.06330061
678.7000122,-0.053668022
678.7999878,-0.05300045
678.9000244,-0.05428791
679,-0.057327747
679.1000366,-0.060343742
679.2000122,-0.061678886
679.2999878,-0.054812431
679.4000244,-0.062394142
679.5,-0.053715706
679.6000366,-0.053048134
679.7000122,-0.061058998
679.7999878,-0.057911873
679.9000244,-0.049471855
680,-0.052046776
680.1000366,-0.050902367
680.2000122,-0.055384636
680.2999878,-0.064492702
680.4000244,-0.064111233
680.5,-0.060868263
680.6000366,-0.054860115
680.7000122,-0.054335594
680.7999878,-0.06253767
680.9000244,-0.048184395
681,-0.062489986
681.1000366,-0.051140785
681.2000122,-0.050234795
681.2999878,-0.05427599
681.4000244,-0.056052208
681.5,-0.055059791
681.6000366,-0.054717064
681.7000122,-0.055193901
681.7999878,-0.054526329
681.9000244,-0.05376339
682,-0.050139427
682.1000366,-0.055193901
682.2000122,-0.064445019
682.2999878,-0.056958199
682.4000244,-0.054812431
682.5,-0.057005882
682.6000366,-0.057911873
682.7000122,-0.058817863
682.7999878,-0.056624413
682.9000244,-0.054526329
683,-0.055241585
683.1000366,-0.062871456
683.2000122,-0.051283836
683.2999878,-0.056481361
683.4000244,-0.056767464
683.5,-0.058579445
683.6000366,-0.056862831
683.7000122,-0.058150291
683.7999878,-0.059151649
683.9000244,-0.058579445
684,-0.058746338
684.1000366,-0.057721138
684.2000122,-0.059533119
684.2999878,-0.055491924
684.4000244,-0.052189827
684.5,-0.052523613
684.6000366,-0.061106682
684.7000122,-0.04837513
684.7999878,-0.06172657
684.9000244,-0.049901009
685,-0.061583519
685.1000366,-0.06754446
685.2000122,-0.058484077
685.2999878,-0.054001808
685.4000244,-0.050616264
685.5,-0.05171299
685.6000366,-0.05171299
685.7000122,-0.056862831
685.7999878,-0.057291985
685.9000244,-0.057017803
686,-0.057339668
686.1000366,-0.056576729
686.2000122,-0.056576729
686.2999878,-0.054574013
686.4000244,-0.057816505
686.5,-0.065255642
686.6000366,-0.070786953
686.7000122,-0.051665306
686.7999878,-0.062346458
686.9000244,-0.050759315
687,-0.059008598
687.1000366,-0.056576729
687.2000122,-0.06172657
687.2999878,-0.065923214
687.4000244,-0.062835455
687.5,-0.065064907
687.6000366,-0.058627129
687.7000122,-0.05466938
687.7999878,-0.060534477
687.9000244,-0.055336952
688,-0.050139427
688.1000366,-0.061154366
688.2000122,-0.052189827
688.2999878,-0.063205242
688.4000244,-0.055909157
688.5,-0.063252926
688.6000366,-0.059723854
688.7000122,-0.060391426
688.7999878,-0.057041645
688.9000244,-0.056576729
689,-0.051474571
689.1000366,-0.059771538
689.2000122,-0.054335594
689.2999878,-0.06082058
689.4000244,-0.057959557
689.5,-0.054824352
689.6000366,-0.050568581
689.7000122,-0.049948692
689.7999878,-0.056815147
689.9000244,-0.057768822
690,-0.058746338
690.1000366,-0.060009956
690.2000122,-0.060391426
690.2999878,-0.040507317
690.4000244,-0.059199333
690.5,-0.044322014
690.6000366,-0.058150291
690.7000122,-0.060486794
690.7999878,-0.064158916
690.9000244,-0.05967617
691,-0.050520897
691.1000366,-0.061488152
691.2000122,-0.054383278
691.2999878,-0.044417381
691.4000244,-0.056529045
691.5,-0.065732479
691.6000366,-0.05209446
691.7000122,-0.056529045
691.7999878,-0.048470497
691.9000244,-0.060963631
692,-0.048136711
692.1000366,-0.061821938
692.2000122,-0.060868263
692.2999878,-0.062728405
692.4000244,-0.051045418
692.5,-0.065398693
692.6000366,-0.058674812
692.7000122,-0.064826488
692.7999878,-0.054478645
692.9000244,-0.062012672
693,-0.056147575
693.1000366,-0.061869621
693.2000122,-0.057148933
693.2999878,-0.055766106
693.4000244,-0.050759315
693.5,-0.051569939
693.6000366,-0.060677528
693.7000122,-0.063777447
693.7999878,-0.058579445
693.9000244,-0.060987592
694,-0.060915947
694.1000366,-0.060677528
694.2000122,-0.049185753
694.2999878,-0.04928112
694.4000244,-0.048935413
694.5,-0.048470497
694.6000366,-0.048804283
694.7000122,-0.052905083
694.7999878,-0.05466938
694.9000244,-0.061392784
695,-0.063348293
695.1000366,-0.055909157
695.2000122,-0.051903725
695.2999878,-0.055146217
695.4000244,-0.05376339
695.5,-0.063777447
695.6000366,-0.052809715
695.7000122,-0.060486794
695.7999878,-0.05710125
695.9000244,-0.054204464
696,-0.050425529
696.1000366,-0.048804283
696.2000122,-0.056147575
696.2999878,-0.057482719
696.4000244,-0.05171299
696.5,-0.058484077
696.6000366,-0.05209446
696.7000122,-0.063252926
696.7999878,-0.050759315
696.9000244,-0.061535835
697,-0.053858757
697.1000366,-0.065017223
697.2000122,-0.048470497
697.2999878,-0.05466938
697.4000244,-0.058865547
697.5,-0.055861473
697.6000366,-0.059723854
697.7000122,-0.053334236
697.7999878,-0.055623055
697.9000244,-0.055384636
698,-0.05658865
698.1000366,-0.057196617
698.2000122,-0.058150291
698.2999878,-0.054335594
698.4000244,-0.050377846
698.5,-0.051617622
698.6000366,-0.059580803
698.7000122,-0.050806999
698.7999878,-0.059628487
698.9000244,-0.060677528
699,-0.050616264
699.1000366,-0.059437752
699.2000122,-0.048947334
699.2999878,-0.057530403
699.4000244,-0.052762032
699.5,-0.063014507
699.6000366,-0.048661232
699.7000122,-0.052332878
699.7999878,-0.062823772
699.9000244,-0.044083595
700,-0.063682079
700.1000366,-0.062060356
700.2000122,-0.064921856
700.2999878,-0.053572655
700.4000244,-0.048470497
700.5,-0.053954124
700.6000366,-0.048232079
700.7000122,-0.057673454
700.7999878,-0.065398693
700.9000244,-0.062966824
701,-0.059294701
701.1000366,-0.057768822
701.2000122,-0.051665306
701.2999878,-0.051569939
701.4000244,-0.056529045
701.5,-0.051951408
701.6000366,-0.060296059
701.7000122,-0.065970898
701.7999878,-0.056862831
701.9000244,-0.057530403
702,-0.062966824
702.1000366,-0.048565865
702.2000122,-0.054240227
702.2999878,-0.055098534
702.4000244,-0.069308758
702.5,-0.051188469
702.6000366,-0.060296059
702.7000122,-0.05838871
702.7999878,-0.054478645
702.9000244,-0.057542324
703,-0.060153008
703.1000366,-0.057148933
703.2000122,-0.057864189
703.2999878,-0.053668022
703.4000244,-0.065446377
703.5,-0.052428246
703.6000366,-0.057435036
703.7000122,-0.052237511
703.7999878,-0.057578087
703.9000244,-0.054574013
704,-0.05505085
704.1000366,-0.063205242
704.2000122,-0.057244301
704.2999878,-0.063777447
704.4000244,-0.056529045
704.5,-0.060200691
704.6000366,-0.051236153
704.7000122,-0.056862831
704.7999878,-0.054907799
704.9000244,-0.06172657
705,-0.058960915
705.1000366,-0.053620338
705.2000122,-0.061678886
705.2999878,-0.050139427
705.4000244,-0.043416023
705.5,-0.060248375
705.6000366,-0.0446558
705.7000122,-0.060534477
705.7999878,-0.065351009
705.9000244,-0.054621696
706,-0.046896935
706.1000366,-0.0642066
706.2000122,-0.043034554
706.2999878,-0.051856041
706.4000244,-0.060343742
706.5,-0.052142143
706.6000366,-0.045657158
706.7000122,-0.0703578
706.7999878,-0.044846535
706.9000244,-0.055480003
707,-0.05133152
707.1000366,-0.050616264
707.2000122,-0.052332878
707.2999878,-0.05607605
707.4000244,-0.060343742
707.5,-0.061011314
707.6000366,-0.05594492
707.7000122,-0.050282478
707.7999878,-0.052142143
707.9000244,-0.052809715
708,-0.052905083
708.1000366,-0.053715706
708.2000122,-0.053715706
708.2999878,-0.05543232
708.4000244,-0.057435036
708.5,-0.054526329
708.6000366,-0.050187111
708.7000122,-0.050663948
708.7999878,-0.054478645
708.9000244,-0.052332878
709,-0.057435036
709.1000366,-0.052857399
709.2000122,-0.055098534
709.2999878,-0.048947334
709.4000244,-0.051665306
709.5,-0.049185753
709.6000366,-0.054717064
709.7000122,-0.048756599
709.7999878,-0.056004524
709.9000244,-0.050091743
710,-0.056767464
710.1000366,-0.054049492
710.2000122,-0.059437752
710.2999878,-0.046992302
710.4000244,-0.060248375
710.5,-0.05633831
710.6000366,-0.06458807
710.7000122,-0.049042702
710.7999878,-0.052046776
710.9000244,-0.06291914
711,-0.063395977
711.1000366,-0.061345339
711.2000122,-0.056815147
711.2999878,-0.062251091
711.4000244,-0.051522255
711.5,-0.05261898
711.6000366,-0.053155422
711.7000122,-0.054335594
711.7999878,-0.054144859
711.9000244,-0.05633831
712,-0.054240227
712.1000366,-0.051903725
712.2000122,-0.056672096
712.2999878,-0.047802925
712.4000244,-0.061106682
712.5,-0.057721138
712.6000366,-0.05300045
712.7000122,-0.055241585
712.7999878,-0.057291985
712.9000244,-0.053966045
713,-0.051569939
713.1000366,-0.051760674
713.2000122,-0.052189827
713.2999878,-0.058865547
713.4000244,-0.060105324
713.5,-0.053524971
713.6000366,-0.047469139
713.7000122,-0.047469139
713.7999878,-0.053048134
713.9000244,-0.053668022
714,-0.046420097
714.1000366,-0.052762032
714.2000122,-0.057768822
714.2999878,-0.057864189
714.4000244,-0.056314468
714.5,-0.052714348
714.6000366,-0.056910515
714.7000122,-0.050377846
714.7999878,-0.056767464
714.9000244,-0.053143501
715,-0.052714348
715.1000366,-0.054812431
715.2000122,-0.059485435
715.2999878,-0.053334236
715.4000244,-0.04594326
715.5,-0.051236153
715.6000366,-0.05171299
715.7000122,-0.052940845
715.7999878,-0.055000186
715.9000244,-0.058245659
716,-0.05710125
716.1000366,-0.054240227
716.2000122,-0.049710274
716.2999878,-0.04966259
716.4000244,-0.050711632
716.5,-0.059819221
716.6000366,-0.054860115
716.7000122,-0.046420097
716.7999878,-0.054955482
716.9000244,-0.041985512
717,-0.045275688
717.1000366,-0.061202049
717.2000122,-0.049567223
717.2999878,-0.055289268
717.4000244,-0.053620338
717.5,-0.060343742
717.6000366,-0.05004406
717.7000122,-0.057339668
717.7999878,-0.041985512
717.9000244,-0.057482719
718,-0.051522255
718.1000366,-0.045704842
718.2000122,-0.040984154
718.2999878,-0.048112869
718.4000244,-0.052762032
718.5,-0.05300045
718.6000366,-0.052762032
718.7000122,-0.054430962
718.7999878,-0.050854683
718.9000244,-0.059103966
719,-0.063491344
719.1000366,-0.058698773
719.2000122,-0.055384636
719.2999878,-0.056815147
719.4000244,-0.057482719
719.5,-0.051045418
719.6000366,-0.046420097
719.7000122,-0.054383278
719.7999878,-0.04799366
719.9000244,-0.057530403
720,-0.058293343
720.1000366,-0.055038929
720.2000122,-0.051903725
720.2999878,-0.052428246
720.4000244,-0.057578087
720.5,-0.054907799
720.6000366,-0.059628487
720.7000122,-0.053572655
720.7999878,-0.05633831
720.9000244,-0.055623055
721,-0.056529045
721.1000366,-0.056290627
721.2000122,-0.056147575
721.2999878,-0.045180321
721.4000244,-0.054097176
721.5,-0.048422813
721.6000366,-0.055575371
721.7000122,-0.04222393
721.7999878,-0.053572655
721.9000244,-0.050616264
722,-0.051951408
722.1000366,-0.057339668
722.2000122,-0.051426888
722.2999878,-0.056529045
722.4000244,-0.051236153
722.5,-0.062060356
722.6000366,-0.043511391
722.7000122,-0.049233437
722.7999878,-0.05877018
722.9000244,-0.041508675
723,-0.049376488
723.1000366,-0.047945976
723.2000122,-0.060486794
723.2999878,-0.041794777
723.4000244,-0.066209316
723.5,-0.051760674
723.6000366,-0.050377846
723.7000122,-0.041651726
723.7999878,-0.047183037
723.9000244,-0.052714348
724,-0.055146217
724.1000366,-0.054049492
724.2000122,-0.049090385
724.2999878,-0.054144859
724.4000244,-0.059247017
724.5,-0.041460991
724.6000366,-0.059103966
724.7000122,-0.04594326
724.7999878,-0.06172657
724.9000244,-0.053095818
725,-0.047659874
725.1000366,-0.049090385
725.2000122,-0.059390068
725.2999878,-0.054764748
725.4000244,-0.044751167
725.5,-0.05261898
725.6000366,-0.059962273
725.7000122,-0.057244301
725.7999878,-0.049757957
725.9000244,-0.053858757
726,-0.058674812
726.1000366,-0.059282899
726.2000122,-0.060391426
726.2999878,-0.0642066
726.4000244,-0.055623055
726.5,-0.040030479
726.6000366,-0.054478645
726.7000122,-0.059866905
726.7999878,-0.047659874
726.9000244,-0.052428246
727,-0.053620338
727.1000366,-0.060343742
727.2000122,-0.058245659
727.2999878,-0.051236153
727.4000244,-0.052332878
727.5,-0.050187111
727.6000366,-0.049901009
727.7000122,-0.055623055
727.7999878,-0.043797493
727.9000244,-0.049710274
728,-0.055384636
728.1000366,-0.043749809
728.2000122,-0.046181679
728.2999878,-0.055956841
728.4000244,-0.061631203
728.5,-0.048947334
728.6000366,-0.05466938
728.7000122,-0.04761219
728.7999878,-0.06210804
728.9000244,-0.05209446
729,-0.053477287
729.1000366,-0.051474571
729.2000122,-0.066733837
729.2999878,-0.056624413
729.4000244,-0.0467062
729.5,-0.063443661
729.6000366,-0.052046776
729.7000122,-0.041699409
729.7999878,-0.063682079
729.9000244,-0.049901009
730,-0.053238869
730.1000366,-0.049602985
730.2000122,-0.044989586
730.2999878,-0.050282478
730.4000244,-0.053572655
730.5,-0.058579445
730.6000366,-0.056004524
730.7000122,-0.051999092
730.7999878,-0.055384636
730.9000244,-0.052189827
731,-0.051569939
731.1000366,-0.049853325
731.2000122,-0.048995018
731.2999878,-0.050854683
731.4000244,-0.052237511
731.5,-0.056624413
731.6000366,-0.057911873
731.7000122,-0.048470497
731.7999878,-0.049901009
731.9000244,-0.049650669
732,-0.049710274
732.1000366,-0.050520897
732.2000122,-0.050711632
732.2999878,-0.049710274
732.4000244,-0.047683716
732.5,-0.043225288
732.6000366,-0.047087669
732.7000122,-0.041174889
732.7999878,-0.051426888
732.9000244,-0.042700768
733,-0.045514107
733.1000366,-0.053238869
733.2000122,-0.062680721
733.2999878,-0.059819221
733.4000244,-0.047707558
733.5,-0.046181679
733.6000366,-0.048947334
733.7000122,-0.052762032
733.7999878,-0.044751167
733.9000244,-0.051665306
734,-0.051093102
734.1000366,-0.059390068
734.2000122,-0.043511391
734.2999878,-0.050139427
734.4000244,-0.056099892
734.5,-0.04928112
734.6000366,-0.046563148
734.7000122,-0.061583519
734.7999878,-0.049042702
734.9000244,-0.055766106
735,-0.059247017
735.1000366,-0.044894218
735.2000122,-0.045609474
735.2999878,-0.052523613
735.4000244,-0.048851967
735.5,-0.051760674
735.6000366,-0.049614906
735.7000122,-0.04761219
735.7999878,-0.050473213
735.9000244,-0.055241585
736,-0.052762032
736.1000366,-0.052189827
736.2000122,-0.051057339
736.2999878,-0.049567223
736.4000244,-0.049710274
736.5,-0.040173531
736.6000366,-0.047421455
736.7000122,-0.039601326
736.7999878,-0.062823772
736.9000244,-0.054192543
737,-0.048327446
737.1000366,-0.057768822
737.2000122,-0.048232079
737.2999878,-0.059056282
737.4000244,-0.054478645
737.5,-0.05209446
737.6000366,-0.04503727
737.7000122,-0.044465065
737.7999878,-0.042462349
737.9000244,-0.042843819
738,-0.051522255
738.1000366,-0.055956841
738.2000122,-0.057339668
738.2999878,-0.050997734
738.4000244,-0.053620338
738.5,-0.048947334
738.6000366,-0.054621696
738.7000122,-0.049042702
738.7999878,-0.050926208
738.9000244,-0.050806999
739,-0.049233437
739.1000366,-0.045704842
739.2000122,-0.048518181
739.2999878,-0.057435036
739.4000244,-0.051951408
739.5,-0.058865547
739.6000366,-0.055766106
739.7000122,-0.054383278
739.7999878,-0.05505085
739.9000244,-0.046181679
740,-0.052857399
740.1000366,-0.058484077
740.2000122,-0.045371056
740.2999878,-0.050187111
740.4000244,-0.060582161
740.5,-0.063348293
740.6000366,-0.056672096
740.7000122,-0.046610832
740.7999878,-0.056576729
740.9000244,-0.058102608
741,-0.049471855
741.1000366,-0.052762032
741.2000122,-0.060343742
741.2999878,-0.044751167
741.4000244,-0.049996376
741.5,-0.05543232
741.6000366,-0.050091743
741.7000122,-0.045228004
741.7999878,-0.050425529
741.9000244,-0.054335594
742,-0.050187111
742.1000366,-0.053429604
742.2000122,-0.049459934
742.2999878,-0.046420097
742.4000244,-0.047802925
742.5,-0.039458275
742.6000366,-0.057482719
742.7000122,-0.04928112
742.7999878,-0.049567223
742.9000244,-0.050866604
743,-0.051569939
743.1000366,-0.053048134
743.2000122,-0.063682079
743.2999878,-0.058484077
743.4000244,-0.062251091
743.5,-0.05877018
743.6000366,-0.055670738
743.7000122,-0.047469139
743.7999878,-0.041651726
743.9000244,-0.050568581
744,-0.049233437
744.1000366,-0.050806999
744.2000122,-0.044894218
744.2999878,-0.061202049
744.4000244,-0.044846535
744.5,-0.056672096
744.6000366,-0.051808357
744.7000122,-0.052952766
744.7999878,-0.053572655
744.9000244,-0.047469139
745,-0.062585354
745.1000366,-0.04928112
745.2000122,-0.057387352
745.2999878,-0.056815147
745.4000244,-0.05428791
745.5,-0.05505085
745.6000366,-0.047898293
745.7000122,-0.04556179
745.7999878,-0.045657158
745.9000244,-0.051236153
746,-0.048077106
746.1000366,-0.047802925
746.2000122,-0.04761219
746.2999878,-0.054717064
746.4000244,-0.058341026
746.5,-0.056672096
746.6000366,-0.052905083
746.7000122,-0.058197975
746.7999878,-0.050759315
746.9000244,-0.049328804
747,-0.052881241
747.1000366,-0.056910515
747.2000122,-0.054526329
747.2999878,-0.048279762
747.4000244,-0.057721138
747.5,-0.040507317
747.6000366,-0.054955482
747.7000122,-0.05095005
747.7999878,-0.055480003
747.9000244,-0.048422813
748,-0.054764748
748.1000366,-0.052857399
748.2000122,-0.05133152
748.2999878,-0.048947334
748.4000244,-0.060534477
748.5,-0.043129921
748.6000366,-0.051617622
748.7000122,-0.04837513
748.7999878,-0.055289268
748.9000244,-0.047516823
749,-0.056910515
749.1000366,-0.051903725
749.2000122,-0.048422813
749.2999878,-0.04837513
749.4000244,-0.047183037
749.5,-0.050699711
749.6000366,-0.052952766
749.7000122,-0.05428791
749.7999878,-0.053191185
749.9000244,-0.054049492
750,-0.040078163
750.1000366,-0.059580803
750.2000122,-0.044798851
750.2999878,-0.051999092
750.4000244,-0.054430962
750.5,-0.042271614
750.6000366,-0.065970898
750.7000122,-0.047755241
750.7999878,-0.050139427
750.9000244,-0.055956841
751,-0.047850609
751.1000366,-0.054049492
751.2000122,-0.058627129
751.2999878,-0.047326088
751.4000244,-0.049614906
751.5,-0.049710274
751.6000366,-0.057816505
751.7000122,-0.045418739
751.7999878,-0.051379204
751.9000244,-0.056815147
752,-0.054717064
752.1000366,-0.046944618
752.2000122,-0.050759315
752.2999878,-0.055623055
752.4000244,-0.053417683
752.5,-0.054240227
752.6000366,-0.053048134
752.7000122,-0.05967617
752.7999878,-0.049710274
752.9000244,-0.058102608
753,-0.056099892
753.1000366,-0.049710274
753.2000122,-0.056529045
753.2999878,-0.051140785
753.4000244,-0.05209446
753.5,-0.05466938
753.6000366,-0.05838871
753.7000122,-0.049757957
753.7999878,-0.055336952
753.9000244,-0.051045418
754,-0.037360191
754.1000366,-0.038218498
754.2000122,-0.05261898
754.2999878,-0.067019939
754.4000244,-0.048947334
754.5,-0.053191185
754.6000366,-0.058054924
754.7000122,-0.054430962
754.7999878,-0.052952766
754.9000244,-0.050616264
755,-0.060677528
755.1000366,-0.05671978
755.2000122,-0.050425529
755.2999878,-0.069547176
755.4000244,-0.061488152
755.5,-0.069690228
755.6000366,-0.063014507
755.7000122,-0.05338192
755.7999878,-0.060200691
755.9000244,-0.067878246
756,-0.0613451
756.1000366,-0.05004406
756.2000122,-0.057482719
756.2999878,-0.05376339
756.4000244,-0.044751167
756.5,-0.051999092
756.6000366,-0.058150291
756.7000122,-0.048565865
756.7999878,-0.051140785
756.9000244,-0.060915947
757,-0.047850609
757.1000366,-0.058054924
757.2000122,-0.050091743
757.2999878,-0.057196617
757.4000244,-0.053286552
757.5,-0.052762032
757.6000366,-0.052714348
757.7000122,-0.050663948
757.7999878,-0.042796135
757.9000244,-0.049853325
758,-0.06754446
758.1000366,-0.048470497
758.2000122,-0.061249733
758.2999878,-0.054144859
758.4000244,-0.061058998
758.5,-0.060415387
758.6000366,-0.06458807
758.7000122,-0.061869621
758.7999878,-0.056910515
758.9000244,-0.057911873
759,-0.053095818
759.1000366,-0.055527687
759.2000122,-0.044322014
759.2999878,-0.053286552
759.4000244,-0.045466423
759.5,-0.046467781
759.6000366,-0.056815147
759.7000122,-0.042033195
759.7999878,-0.054430962
759.9000244,-0.053906441
760,-0.05428791
760.1000366,-0.053143501
760.2000122,-0.051236153
760.2999878,-0.03721714
760.4000244,-0.049567223
760.5,-0.058341026
760.6000366,-0.055623055
760.7000122,-0.050234795
760.7999878,-0.041699409
760.9000244,-0.049710274
761,-0.042653084
761.1000366,-0.055718422
761.2000122,-0.049090385
761.2999878,-0.053715706
761.4000244,-0.053048134
761.5,-0.042510033
761.6000366,-0.054192543
761.7000122,-0.044035912
761.7999878,-0.06382513
761.9000244,-0.055861473
762,-0.046372414
762.1000366,-0.053048134
762.2000122,-0.048851967
762.2999878,-0.05171299
762.4000244,-0.052666664
762.5,-0.052285194
762.6000366,-0.050806999
762.7000122,-0.050234795
762.7999878,-0.048041344
762.9000244,-0.05133152
763,-0.055861473
763.1000366,-0.052046776
763.2000122,-0.055098534
763.2999878,-0.048804283
763.4000244,-0.050616264
763.5,-0.05222559
763.6000366,-0.054478645
763.7000122,-0.055003166
763.7999878,-0.05338192
763.9000244,-0.037646294
764,-0.047516823
764.1000366,-0.059628487
764.2000122,-0.05300045
764.2999878,-0.052428246
764.4000244,-0.048470497
764.5,-0.058197975
764.6000366,-0.041794777
764.7000122,-0.056767464
764.7999878,-0.04336834
764.9000244,-0.043940544
765,-0.048613548
765.1000366,-0.058341026
765.2000122,-0.061964989
765.2999878,-0.050759315
765.4000244,-0.045657158
765.5,-0.045657158
765.6000366,-0.050663948
765.7000122,-0.05671978
765.7999878,-0.046563148
765.9000244,-0.044751167
766,-0.044560432
766.1000366,-0.043869019
766.2000122,-0.041031837
766.2999878,-0.045132637
766.4000244,-0.050330162
766.5,-0.049519539
766.6000366,-0.049757957
766.7000122,-0.051426888
766.7999878,-0.039219856
766.9000244,-0.04336834
767,-0.044190884
767.1000366,-0.046277046
767.2000122,-0.047898293
767.2999878,-0.048041344
767.4000244,-0.04556179
767.5,-0.048422813
767.6000366,-0.052189827
767.7000122,-0.047326088
767.7999878,-0.04928112
767.9000244,-0.056815147
768,-0.045132637
768.1000366,-0.057291985
768.2000122,-0.050282478
768.2999878,-0.047802925
768.4000244,-0.052380562
768.5,-0.049614906
768.6000366,-0.0467062
768.7000122,-0.054430962
768.7999878,-0.049948692
768.9000244,-0.046992302
769,-0.04222393
769.1000366,-0.044417381
769.2000122,-0.050902367
769.2999878,-0.043702126
769.4000244,-0.049138069
769.5,-0.058531761
769.6000366,-0.052142143
769.7000122,-0.056576729
769.7999878,-0.05505085
769.9000244,-0.050902367
770,-0.051283836
770.1000366,-0.049567223
770.2000122,-0.051701069
770.2999878,-0.050187111
770.4000244,-0.055766106
770.5,-0.047135353
770.6000366,-0.055718422
770.7000122,-0.056529045
770.7999878,-0.054204464
770.9000244,-0.049138069
771,-0.05543232
771.1000366,-0.051808357
771.2000122,-0.052142143
771.2999878,-0.047373772
771.4000244,-0.049638748
771.5,-0.049614906
771.6000366,-0.049424171
771.7000122,-0.049996376
771.7999878,-0.05209446
771.9000244,-0.052726269
772,-0.052475929
772.1000366,-0.05633831
772.2000122,-0.049757957
772.2999878,-0.052571297
772.4000244,-0.047504902
772.5,-0.042891502
772.6000366,-0.044798851
772.7000122,-0.052046776
772.7999878,-0.043463707
772.9000244,-0.055003166
773,-0.049471855
773.1000366,-0.05095005
773.2000122,-0.049090385
773.2999878,-0.052237511
773.4000244,-0.044608116
773.5,-0.061535835
773.6000366,-0.045418739
773.7000122,-0.048518181
773.7999878,-0.049710274
773.9000244,-0.05209446
774,-0.053584576
774.1000366,-0.059294701
774.2000122,-0.053238869
774.2999878,-0.042414665
774.4000244,-0.054860115
774.5,-0.047373772
774.6000366,-0.049948692
774.7000122,-0.046896935
774.7999878,-0.045514107
774.9000244,-0.044751167
775,-0.05095005
775.1000366,-0.042653084
775.2000122,-0.049328804
775.2999878,-0.050187111
775.4000244,-0.047087669
775.5,-0.050246716
775.6000366,-0.051617622
775.7000122,-0.05209446
775.7999878,-0.052249432
775.9000244,-0.051379204
776,-0.049856305
776.1000366,-0.048708916
776.2000122,-0.047087669
776.2999878,-0.049436092
776.4000244,-0.051903725
776.5,-0.05004406
776.6000366,-0.047183037
776.7000122,-0.053477287
776.7999878,-0.047373772
776.9000244,-0.057148933
777,-0.04837513
777.1000366,-0.045609474
777.2000122,-0.050711632
777.2999878,-0.060629845
777.4000244,-0.034928322
777.5,-0.044465065
777.6000366,-0.047659874
777.7000122,-0.046658516
777.7999878,-0.045132637
777.9000244,-0.049376488
778,-0.055384636
778.1000366,-0.042796135
778.2000122,-0.057673454
778.2999878,-0.049328804
778.4000244,-0.052952766
778.5,-0.054240227
778.6000366,-0.053048134
778.7000122,-0.052070618
778.7999878,-0.050473213
778.9000244,-0.050520897
779,-0.051641464
779.1000366,-0.05633831
779.2000122,-0.049233437
779.2999878,-0.043606758
779.4000244,-0.047230721
779.5,-0.045847893
779.6000366,-0.049674511
779.7000122,-0.054764748
779.7999878,-0.050854683
779.9000244,-0.047850609
780,-0.056004524
780.1000366,-0.052523613
780.2000122,-0.059199333
780.2999878,-0.041365623
780.4000244,-0.048041344
780.5,-0.046133995
780.6000366,-0.043463707
780.7000122,-0.051093102
780.7999878,-0.062298775
780.9000244,-0.052714348
781,-0.051999092
781.1000366,-0.052857399
781.2000122,-0.054907799
781.2999878,-0.048518181
781.4000244,-0.051808357
781.5,-0.050520897
781.6000366,-0.052285194
781.7000122,-0.049471855
781.7999878,-0.051474571
781.9000244,-0.061821938
782,-0.053429604
782.1000366,-0.046181679
782.2000122,-0.048041344
782.2999878,-0.048899651
782.4000244,-0.054526329
782.5,-0.046038628
782.6000366,-0.062585354
782.7000122,-0.04837513
782.7999878,-0.047326088
782.9000244,-0.053048134
783,-0.051140785
783.1000366,-0.055241585
783.2000122,-0.042414665
783.2999878,-0.047755241
783.4000244,-0.05466938
783.5,-0.052046776
783.6000366,-0.050854683
783.7000122,-0.049424171
783.7999878,-0.046181679
783.9000244,-0.05171299
784,-0.037026405
784.1000366,-0.04594326
784.2000122,-0.047802925
784.2999878,-0.050806999
784.4000244,-0.05338192
784.5,-0.050485134
784.6000366,-0.050282478
784.7000122,-0.047469139
784.7999878,-0.055146217
784.9000244,-0.047898293
785,-0.040602684
785.1000366,-0.055623055
785.2000122,-0.058293343
785.2999878,-0.053989887
785.4000244,-0.050997734
785.5,-0.051045418
785.6000366,-0.050520897
785.7000122,-0.05081892
785.7999878,-0.051379204
785.9000244,-0.050330162
786,-0.047802925
786.1000366,-0.050330162
786.2000122,-0.03926754
786.2999878,-0.05133152
786.4000244,-0.047087669
786.5,-0.045895576
786.6000366,-0.045609474
786.7000122,-0.044751167
786.7999878,-0.048112869
786.9000244,-0.048804283
787,-0.053286552
787.1000366,-0.053048134
787.2000122,-0.038695335
787.2999878,-0.046515465
787.4000244,-0.056004524
787.5,-0.052332878
787.6000366,-0.047421455
787.7000122,-0.056958199
787.7999878,-0.041127205
787.9000244,-0.044798851
788,-0.044846535
788.1000366,-0.050234795
788.2000122,-0.048816204
788.2999878,-0.050187111
788.4000244,-0.049996376
788.5,-0.050413609
788.6000366,-0.051304698
788.7000122,-0.052523613
788.7999878,-0.052285194
788.9000244,-0.042414665
789,-0.049996376
789.1000366,-0.036263466
789.2000122,-0.039410591
789.2999878,-0.054144859
789.4000244,-0.061249733
789.5,-0.045228004
789.6000366,-0.049901009
789.7000122,-0.047469139
789.7999878,-0.050234795
789.9000244,-0.051760674
790,-0.048756599
790.1000366,-0.051569939
790.2000122,-0.046896935
790.2999878,-0.05004406
790.4000244,-0.044178963
790.5,-0.04503727
790.6000366,-0.050187111
790.7000122,-0.051379204
790.7999878,-0.063395977
790.9000244,-0.060009956
791,-0.057673573
791.1000366,-0.054335594
791.2000122,-0.052952766
791.2999878,-0.058865547
791.4000244,-0.051999092
791.5,-0.046277046
791.6000366,-0.051808357
791.7000122,-0.051283836
791.7999878,-0.048613548
791.9000244,-0.049757957
792,-0.046658516
792.1000366,-0.043559074
792.2000122,-0.044703484
792.2999878,-0.044989586
792.4000244,-0.051474571
792.5,-0.051856041
792.6000366,-0.055003166
792.7000122,-0.055956841
792.7999878,-0.052428246
792.9000244,-0.054144859
793,-0.054144859
793.1000366,-0.056433678
793.2000122,-0.053572655
793.2999878,-0.047850609
793.4000244,-0.048804283
793.5,-0.041127205
793.6000366,-0.042271614
793.7000122,-0.048470497
793.7999878,-0.050282478
793.9000244,-0.046372414
794,-0.043320656
794.1000366,-0.04427433
794.2000122,-0.042319298
794.2999878,-0.040364265
794.4000244,-0.049901009
794.5,-0.039839745
794.6000366,-0.043702126
794.7000122,-0.048851967
794.7999878,-0.048136711
794.9000244,-0.046420097
795,-0.044989586
795.1000366,-0.051808357
795.2000122,-0.049138069
795.2999878,-0.040411949
795.4000244,-0.046610832
795.5,-0.040888786
795.6000366,-0.040221214
795.7000122,-0.049757957
795.7999878,-0.034451485
795.9000244,-0.049328804
796,-0.053477287
796.1000366,-0.05428791
796.2000122,-0.052571297
796.2999878,-0.051045418
796.4000244,-0.046932697
796.5,-0.04093647
796.6000366,-0.043177605
796.7000122,-0.059247017
796.7999878,-0.057482719
796.9000244,-0.052440166
797,-0.047469139
797.1000366,-0.04556179
797.2000122,-0.045800209
797.2999878,-0.040984154
797.4000244,-0.046801567
797.5,-0.05261898
797.6000366,-0.049710274
797.7000122,-0.045323372
797.7999878,-0.043439865
797.9000244,-0.040459633
798,-0.038266182
798.1000366,-0.044751167
798.2000122,-0.051999092
798.2999878,-0.047945976
798.4000244,-0.05261898
798.5,-0.041508675
798.6000366,-0.04837513
798.7000122,-0.040507317
798.7999878,-0.042366982
798.9000244,-0.04119873
799,-0.036072731
799.1000366,-0.045847893
799.2000122,-0.053477287
799.2999878,-0.05338192
799.4000244,-0.052332878
799.5,-0.047183037
799.6000366,-0.047707558
799.7000122,-0.045847893
799.7999878,-0.044369698
799.9000244,-0.044131279
800,-0.050473213
800.1000366,-0.043606758
800.2000122,-0.055098534
800.2999878,-0.052952766
800.4000244,-0.043225288
800.5,-0.050520897
800.6000366,-0.038743019
800.7000122,-0.050663948
800.7999878,-0.049996376
800.9000244,-0.050258636
801,-0.050711632
801.1000366,-0.04966259
801.2000122,-0.048136711
801.2999878,-0.045704842
801.4000244,-0.048947334
801.5,-0.055193901
801.6000366,-0.050377846
801.7000122,-0.038266182
801.7999878,-0.043797493
801.9000244,-0.039410591
802,-0.051665306
802.1000366,-0.057148933
802.2000122,-0.051236153
802.2999878,-0.052714348
802.4000244,-0.044369698
802.5,-0.05095005
802.6000366,-0.05800724
802.7000122,-0.047707558
802.7999878,-0.041842461
802.9000244,-0.042939186
803,-0.045752525
803.1000366,-0.049519539
803.2000122,-0.048708916
803.2999878,-0.039744377
803.4000244,-0.048136711
803.5,-0.05466938
803.6000366,-0.057864189
803.7000122,-0.046372414
803.7999878,-0.050282478
803.9000244,-0.046467781
804,-0.044465065
804.1000366,-0.044751167
804.2000122,-0.05095005
804.2999878,-0.052762032
804.4000244,-0.050544739
804.5,-0.049901009
804.6000366,-0.048565865
804.7000122,-0.054812431
804.7999878,-0.041460991
804.9000244,-0.054192543
805,-0.042891502
805.1000366,-0.040793419
805.2000122,-0.052189827
805.2999878,-0.049138069
805.4000244,-0.045228004
805.5,-0.053334236
805.6000366,-0.057673454
805.7000122,-0.051796436
805.7999878,-0.048565865
805.9000244,-0.04761219
806,-0.044941902
806.1000366,-0.046825409
806.2000122,-0.049233437
806.2999878,-0.045514107
806.4000244,-0.048053265
806.5,-0.049233437
806.6000366,-0.048232079
806.7000122,-0.049757957
806.7999878,-0.048470497
806.9000244,-0.047540665
807,-0.0446558
807.1000366,-0.047278404
807.2000122,-0.040650368
807.2999878,-0.044846535
807.4000244,-0.04594326
807.5,-0.045514107
807.6000366,-0.051999092
807.7000122,-0.052428246
807.7999878,-0.052762032
807.9000244,-0.053620338
808,-0.05300045
808.1000366,-0.052249432
808.2000122,-0.048661232
808.2999878,-0.053715706
808.4000244,-0.047469139
808.5,-0.05543232
808.6000366,-0.06043911
808.7000122,-0.040459633
808.7999878,-0.057244301
808.9000244,-0.047230721
809,-0.044941902
809.1000366,-0.047087669
809.2000122,-0.045228004
809.2999878,-0.043272972
809.4000244,-0.045609474
809.5,-0.046896935
809.6000366,-0.049316883
809.7000122,-0.051522255
809.7999878,-0.053238869
809.9000244,-0.053954124
810,-0.046277046
810.1000366,-0.04427433
810.2000122,-0.049471855
810.2999878,-0.047183037
810.4000244,-0.046563148
810.5,-0.047039986
810.6000366,-0.047492981
810.7000122,-0.048232079
810.7999878,-0.048136711
810.9000244,-0.047671795
811,-0.046944618
811.1000366,-0.047373772
811.2000122,-0.045752525
811.2999878,-0.046563148
811.4000244,-0.045990944
811.5,-0.050425529
811.6000366,-0.04298687
811.7000122,-0.056242943
811.7999878,-0.047421455
811.9000244,-0.060009956
812,-0.051140785
812.1000366,-0.044560432
812.2000122,-0.051856041
812.2999878,-0.054240227
812.4000244,-0.050854683
812.5,-0.04336834
812.6000366,-0.061774254
812.7000122,-0.045847893
812.7999878,-0.03516674
812.9000244,-0.050377846
813,-0.054812431
813.1000366,-0.050508976
813.2000122,-0.048136711
813.2999878,-0.048708916
813.4000244,-0.046277046
813.5,-0.042796135
813.6000366,-0.045466423
813.7000122,-0.046801567
813.7999878,-0.055241585
813.9000244,-0.052428246
814,-0.046420097
814.1000366,-0.05171299
814.2000122,-0.047850609
814.2999878,-0.05120039
814.4000244,-0.051951408
814.5,-0.053286552
814.6000366,-0.04761219
814.7000122,-0.052475929
814.7999878,-0.035691261
814.9000244,-0.041699409
815,-0.057005882
815.1000366,-0.054955482
815.2000122,-0.051951408
815.2999878,-0.056004524
815.4000244,-0.051379204
815.5,-0.053668022
815.6000366,-0.046467781
815.7000122,-0.054383278
815.7999878,-0.046753883
815.9000244,-0.053048134
816,-0.044894218
816.1000366,-0.058436394
816.2000122,-0.051236153
816.2999878,-0.047802925
816.4000244,-0.049424171
816.5,-0.050711632
816.6000366,-0.053572655
816.7000122,-0.052046776
816.7999878,-0.041985512
816.9000244,-0.051951408
817,-0.04427433
817.1000366,-0.044369698
817.2000122,-0.047183037
817.2999878,-0.052285194
817.4000244,-0.050842762
817.5,-0.051093102
817.6000366,-0.048431754
817.7000122,-0.045466423
817.7999878,-0.04632473
817.9000244,-0.047802925
818,-0.050616264
818.1000366,-0.049567223
818.2000122,-0.039839745
818.2999878,-0.051188469
818.4000244,-0.059437752
818.5,-0.043988228
818.6000366,-0.045132637
818.7000122,-0.052475929
818.7999878,-0.046014786
818.9000244,-0.043082237
819,-0.04336834
819.1000366,-0.041842461
819.2000122,-0.044322014
819.2999878,-0.044846535
819.4000244,-0.045120716
819.5,-0.045847893
819.6000366,-0.045466423
819.7000122,-0.04632473
819.7999878,-0.046515465
819.9000244,-0.051999092
820,-0.042700768
820.1000366,-0.056004524
820.2000122,-0.048851967
820.2999878,-0.049614906
820.4000244,-0.046658516
820.5,-0.035881996
820.6000366,-0.050759315
820.7000122,-0.041890144
820.7999878,-0.046896935
820.9000244,-0.051808357
821,-0.046896935
821.1000366,-0.041747093
821.2000122,-0.045323372
821.2999878,-0.048518181
821.4000244,-0.048446655
821.5,-0.049901009
821.6000366,-0.05004406
821.7000122,-0.045895576
821.7999878,-0.04928112
821.9000244,-0.038456917
822,-0.051951408
822.1000366,-0.046753883
822.2000122,-0.049996376
822.2999878,-0.044751167
822.4000244,-0.041365623
822.5,-0.046372414
822.6000366,-0.044417381
822.7000122,-0.049376488
822.7999878,-0.057864189
822.9000244,-0.045514107
823,-0.040698051
823.1000366,-0.046229362
823.2000122,-0.04928112
823.2999878,-0.050473213
823.4000244,-0.053143501
823.5,-0.053238869
823.6000366,-0.051665306
823.7000122,-0.04336834
823.7999878,-0.049710274
823.9000244,-0.054812431
824,-0.044465065
824.1000366,-0.044369698
824.2000122,-0.040602684
824.2999878,-0.044465065
824.4000244,-0.045275688
824.5,-0.04761219
824.6000366,-0.051617622
824.7000122,-0.04825592
824.7999878,-0.046372414
824.9000244,-0.047421455
825,-0.051856041
825.1000366,-0.046610832
825.2000122,-0.046253204
825.2999878,-0.046372414
825.4000244,-0.048810244
825.5,-0.053048134
825.6000366,-0.049567223
825.7000122,-0.04850626
825.7999878,-0.045847893
825.9000244,-0.04556179
826,-0.041127205
826.1000366,-0.051999092
826.2000122,-0.042653084
826.2999878,-0.048184395
826.4000244,-0.046277046
826.5,-0.041460991
826.6000366,-0.050258636
826.7000122,-0.057578087
826.7999878,-0.055718422
826.9000244,-0.051236153
827,-0.055146217
827.1000366,-0.049424171
827.2000122,-0.044894218
827.2999878,-0.04427433
827.4000244,-0.045847893
827.5,-0.050902367
827.6000366,-0.049138069
827.7000122,-0.051188469
827.7999878,-0.044131279
827.9000244,-0.048041344
828,-0.045323372
828.1000366,-0.040555
828.2000122,-0.032305717
828.2999878,-0.037264824
828.4000244,-0.051474571
828.5,-0.046992302
828.6000366,-0.041604042
828.7000122,-0.042033195
828.7999878,-0.042498112
828.9000244,-0.043940544
829,-0.042414665
829.1000366,-0.04503727
829.2000122,-0.043845177
829.2999878,-0.045180321
829.4000244,-0.044178963
829.5,-0.044465065
829.6000366,-0.052189827
829.7000122,-0.03964901
829.7999878,-0.051045418
829.9000244,-0.040078163
830,-0.043654442
830.1000366,-0.044512749
830.2000122,-0.035214424
830.2999878,-0.045228004
830.4000244,-0.051999092
830.5,-0.050663948
830.6000366,-0.050282478
830.7000122,-0.050604343
830.7999878,-0.050473213
830.9000244,-0.043019652
831,-0.036168098
831.1000366,-0.034832954
831.2000122,-0.048613548
831.2999878,-0.049757957
831.4000244,-0.044417381
831.5,-0.054192543
831.6000366,-0.038647652
831.7000122,-0.046038628
831.7999878,-0.049233437
831.9000244,-0.058484077
832,-0.039172173
832.1000366,-0.046944618
832.2000122,-0.044608116
832.2999878,-0.049138069
832.4000244,-0.051045418
832.5,-0.043272972
832.6000366,-0.043129921
832.7000122,-0.049853325
832.7999878,-0.060343742
832.9000244,-0.043225288
833,-0.05633831
833.1000366,-0.043845177
833.2000122,-0.051188469
833.2999878,-0.044465065
833.4000244,-0.045371056
833.5,-0.041890144
833.6000366,-0.040316582
833.7000122,-0.044870377
833.7999878,-0.046801567
833.9000244,-0.050473213
834,-0.049805641
834.1000366,-0.053334236
834.2000122,-0.052952766
834.2999878,-0.047230721
834.4000244,-0.053620338
834.5,-0.043654442
834.6000366,-0.055384636
834.7000122,-0.052666664
834.7999878,-0.051248074
834.9000244,-0.049614906
835,-0.047326088
835.1000366,-0.051057339
835.2000122,-0.053620338
835.2999878,-0.053668022
835.4000244,-0.044798851
835.5,-0.043177605
835.6000366,-0.048804283
835.7000122,-0.038695335
835.7999878,-0.046229362
835.9000244,-0.051283836
836,-0.049471855
836.1000366,-0.05261898
836.2000122,-0.047850609
836.2999878,-0.046467781
836.4000244,-0.043702126
836.5,-0.050997734
836.6000366,-0.042271614
836.7000122,-0.052666664
836.7999878,-0.051474571
836.9000244,-0.049078465
837,-0.046753883
837.1000366,-0.045418739
837.2000122,-0.051188469
837.2999878,-0.046372414
837.4000244,-0.048565865
837.5,-0.050663948
837.6000366,-0.052142143
837.7000122,-0.052893162
837.7999878,-0.054860115
837.9000244,-0.053906441
838,-0.052988529
838.1000366,-0.052666664
838.2000122,-0.050520897
838.2999878,-0.043559074
838.4000244,-0.048851967
838.5,-0.044989586
838.6000366,-0.041651726
838.7000122,-0.053334236
838.7999878,-0.046515465
838.9000244,-0.050663948
839,-0.051140785
839.1000366,-0.046753883
839.2000122,-0.053715706
839.2999878,-0.052475929
839.4000244,-0.054812431
839.5,-0.054621696
839.6000366,-0.054013729
839.7000122,-0.056052208
839.7999878,-0.050568581
839.9000244,-0.048232079
840,-0.044679642
840.1000366,-0.039982796
840.2000122,-0.039935112
840.2999878,-0.041556358
840.4000244,-0.041460991
840.5,-0.04812479
840.6000366,-0.058197975
840.7000122,-0.051283836
840.7999878,-0.046610832
840.9000244,-0.047135353
841,-0.052857399
841.1000366,-0.06172657
841.2000122,-0.058627129
841.2999878,-0.045514107
841.4000244,-0.045371056
841.5,-0.046956539
841.6000366,-0.045847893
841.7000122,-0.051093102
841.7999878,-0.044369698
841.9000244,-0.050330162
842,-0.045228004
842.1000366,-0.046038628
842.2000122,-0.044560432
842.2999878,-0.046849251
842.4000244,-0.044989586
842.5,-0.047039986
842.6000366,-0.04799366
842.7000122,-0.048327446
842.7999878,-0.042939186
842.9000244,-0.050997734
843,-0.042271614
843.1000366,-0.050425529
843.2000122,-0.053238869
843.2999878,-0.046181679
843.4000244,-0.04298687
843.5,-0.042557716
843.6000366,-0.042366982
843.7000122,-0.048136711
843.7999878,-0.051856041
843.9000244,-0.047183037
844,-0.046610832
844.1000366,-0.046002865
844.2000122,-0.046753883
844.2999878,-0.049462914
844.4000244,-0.052762032
844.5,-0.052332878
844.6000366,-0.042748451
844.7000122,-0.043034554
844.7999878,-0.045239925
844.9000244,-0.044083595
845,-0.051093102
845.1000366,-0.049567223
845.2000122,-0.045514107
845.2999878,-0.05428791
845.4000244,-0.04632473
845.5,-0.050330162
845.6000366,-0.047516823
845.7000122,-0.045371056
845.7999878,-0.046563148
845.9000244,-0.042366982
846,-0.0446558
846.1000366,-0.047278404
846.2000122,-0.042796135
846.2999878,-0.048089027
846.4000244,-0.043845177
846.5,-0.055241585
846.6000366,-0.049948692
846.7000122,-0.042128563
846.7999878,-0.039744377
846.9000244,-0.043654442
847,-0.041031837
847.1000366,-0.046467781
847.2000122,-0.04503727
847.2999878,-0.044417381
847.4000244,-0.046372414
847.5,-0.037789345
847.6000366,-0.048613548
847.7000122,-0.043606758
847.7999878,-0.03759861
847.9000244,-0.041365623
848,-0.050330162
848.1000366,-0.046133995
848.2000122,-0.044226646
848.2999878,-0.044775009
848.4000244,-0.043511391
848.5,-0.045228004
848.6000366,-0.050854683
848.7000122,-0.046086311
848.7999878,-0.045073032
848.9000244,-0.041890144
849,-0.041460991
849.1000366,-0.041890144
849.2000122,-0.04298687
849.2999878,-0.047516823
849.4000244,-0.042319298
849.5,-0.055766106
849.6000366,-0.046658516
849.7000122,-0.048661232
849.7999878,-0.046038628
849.9000244,-0.043129921
850,-0.038027763
850.1000366,-0.037121773
850.2000122,-0.047039986
850.2999878,-0.048184395
850.4000244,-0.054097176
850.5,-0.052475929
850.6000366,-0.041604042
850.7000122,-0.059962273
850.7999878,-0.04503727
850.9000244,-0.048279762
851,-0.047087669
851.1000366,-0.047302246
851.2000122,-0.047278404
851.2999878,-0.046563148
851.4000244,-0.048351288
851.5,-0.047326088
851.6000366,-0.052237511
851.7000122,-0.054430962
851.7999878,-0.043082237
851.9000244,-0.056576729
852,-0.049614906
852.1000366,-0.054717064
852.2000122,-0.045704842
852.2999878,-0.045466423
852.4000244,-0.046515465
852.5,-0.043165684
852.6000366,-0.040841103
852.7000122,-0.039839745
852.7999878,-0.052714348
852.9000244,-0.038218498
853,-0.045466423
853.1000366,-0.049710274
853.2000122,-0.046420097
853.2999878,-0.043940544
853.4000244,-0.055241585
853.5,-0.049471855
853.6000366,-0.040555
853.7000122,-0.04928112
853.7999878,-0.03926754
853.9000244,-0.031113625
854,-0.045847893
854.1000366,-0.04837513
854.2000122,-0.042843819
854.2999878,-0.056099892
854.4000244,-0.047469139
854.5,-0.04222393
854.6000366,-0.045895576
854.7000122,-0.05300045
854.7999878,-0.046849251
854.9000244,-0.044798851
855,-0.043463707
855.1000366,-0.047469139
855.2000122,-0.041222572
855.2999878,-0.04556179
855.4000244,-0.044608116
855.5,-0.039458275
855.6000366,-0.045990944
855.7000122,-0.033545494
855.7999878,-0.040698051
855.9000244,-0.047183037
856,-0.05004406
856.1000366,-0.049901009
856.2000122,-0.044226646
856.2999878,-0.050806999
856.4000244,-0.046277046
856.5,-0.041365623
856.6000366,-0.046038628
856.7000122,-0.045895576
856.7999878,-0.04594326
856.9000244,-0.044512749
857,-0.047326088
857.1000366,-0.044035912
857.2000122,-0.032973289
857.2999878,-0.047850609
857.4000244,-0.038838387
857.5,-0.038409233
857.6000366,-0.044751167
857.7000122,-0.050091743
857.7999878,-0.051665306
857.9000244,-0.039601326
858,-0.037312508
858.1000366,-0.046372414
858.2000122,-0.047850609
858.2999878,-0.047183037
858.4000244,-0.049567223
858.5,-0.047719479
858.6000366,-0.049853325
858.7000122,-0.04427433
858.7999878,-0.045704842
858.9000244,-0.045847893
859,-0.048041344
859.1000366,-0.045371056
859.2000122,-0.049901009
859.2999878,-0.041079521
859.4000244,-0.043463707
859.5,-0.043034554
859.6000366,-0.038599968
859.7000122,-0.047421455
859.7999878,-0.042033195
859.9000244,-0.049090385
860,-0.036787987
860.1000366,-0.050711632
860.2000122,-0.049185753
860.2999878,-0.044751167
860.4000244,-0.040555
860.5,-0.040364265
860.6000366,-0.042080879
860.7000122,-0.041604042
860.7999878,-0.040984154
860.9000244,-0.042676926
861,-0.042557716
861.1000366,-0.04556179
861.2000122,-0.046658516
861.2999878,-0.041556358
861.4000244,-0.043129921
861.5,-0.043737888
861.6000366,-0.044608116
861.7000122,-0.045657158
861.7999878,-0.04799366
861.9000244,-0.050473213
862,-0.045847893
862.1000366,-0.043272972
862.2000122,-0.041651726
862.2999878,-0.040948391
862.4000244,-0.040173531
862.5,-0.04324019
862.6000366,-0.044798851
862.7000122,-0.047039986
862.7999878,-0.040030479
862.9000244,-0.046133995
863,-0.040793419
863.1000366,-0.037074089
863.2000122,-0.039935112
863.2999878,-0.041091442
863.4000244,-0.042462349
863.5,-0.044894218
863.6000366,-0.047755241
863.7000122,-0.048708916
863.7999878,-0.049948692
863.9000244,-0.054144859
864,-0.04503727
864.1000366,-0.049567223
864.2000122,-0.047516823
864.2999878,-0.044846535
864.4000244,-0.0426054
864.5,-0.053620338
864.6000366,-0.047326088
864.7000122,-0.041890144
864.7999878,-0.041294098
864.9000244,-0.038695335
865,-0.037264824
865.1000366,-0.049853325
865.2000122,-0.033116341
865.2999878,-0.052142143
865.4000244,-0.049567223
865.5,-0.045180321
865.6000366,-0.041031837
865.7000122,-0.03798008
865.7999878,-0.046801567
865.9000244,-0.042271614
866,-0.057435036
866.1000366,-0.046658516
866.2000122,-0.034403801
866.2999878,-0.050282478
866.4000244,-0.053715706
866.5,-0.050234795
866.6000366,-0.047564507
866.7000122,-0.049376488
866.7999878,-0.046277046
866.9000244,-0.04427433
867,-0.04389286
867.1000366,-0.047898293
867.2000122,-0.051665306
867.2999878,-0.041413307
867.4000244,-0.045132637
867.5,-0.040745735
867.6000366,-0.045609474
867.7000122,-0.047707558
867.7999878,-0.04503727
867.9000244,-0.052332878
868,-0.049757957
868.1000366,-0.050616264
868.2000122,-0.046753883
868.2999878,-0.043749809
868.4000244,-0.042891502
868.5,-0.045025349
868.6000366,-0.046372414
868.7000122,-0.047087669
868.7999878,-0.045371056
868.9000244,-0.0467062
869,-0.047183037
869.1000366,-0.047183037
869.2000122,-0.041747093
869.2999878,-0.046372414
869.4000244,-0.040793419
869.5,-0.053334236
869.6000366,-0.040555
869.7000122,-0.035834312
869.7999878,-0.045752525
869.9000244,-0.047087669
870,-0.04761219
870.1000366,-0.045418739
870.2000122,-0.049090385
870.2999878,-0.045847893
870.4000244,-0.044417381
870.5,-0.044465065
870.6000366,-0.041270256
870.7000122,-0.039696693
870.7999878,-0.041031837
870.9000244,-0.041937828
871,-0.041222572
871.1000366,-0.045084953
871.2000122,-0.049042702
871.2999878,-0.046801567
871.4000244,-0.057578087
871.5,-0.055623055
871.6000366,-0.043082237
871.7000122,-0.044512749
871.7999878,-0.050330162
871.9000244,-0.047707558
872,-0.041604042
872.1000366,-0.048184395
872.2000122,-0.042080879
872.2999878,-0.038266182
872.4000244,-0.041365623
872.5,-0.048661232
872.6000366,-0.038599968
872.7000122,-0.045752525
872.7999878,-0.039029121
872.9000244,-0.051951408
873,-0.050473213
873.1000366,-0.039410591
873.2000122,-0.042891502
873.2999878,-0.045418739
873.4000244,-0.048470497
873.5,-0.050902367
873.6000366,-0.049197674
873.7000122,-0.045514107
873.7999878,-0.051903725
873.9000244,-0.042414665
874,-0.050997734
874.1000366,-0.044369698
874.2000122,-0.04427433
874.2999878,-0.046896935
874.4000244,-0.035881996
874.5,-0.053668022
874.6000366,-0.044703484
874.7000122,-0.040793419
874.7999878,-0.049233437
874.9000244,-0.044083595
875,-0.056385994
875.1000366,-0.045609474
875.2000122,-0.033593178
875.2999878,-0.051426888
875.4000244,-0.050187111
875.5,-0.033831596
875.6000366,-0.04093647
875.7000122,-0.049090385
875.7999878,-0.043320656
875.9000244,-0.05004406
876,-0.042843819
876.1000366,-0.050711632
876.2000122,-0.043606758
876.2999878,-0.045466423
876.4000244,-0.045800209
876.5,-0.046896935
876.6000366,-0.050139427
876.7000122,-0.044465065
876.7999878,-0.038933754
876.9000244,-0.056576729
877,-0.036978722
877.1000366,-0.044226646
877.2000122,-0.046753883
877.2999878,-0.0446558
877.4000244,-0.042128563
877.5,-0.045990944
877.6000366,-0.040316582
877.7000122,-0.056862831
877.7999878,-0.04761219
877.9000244,-0.038361549
878,-0.035595894
878.1000366,-0.032973289
878.2000122,-0.051999092
878.2999878,-0.042796135
878.4000244,-0.05543232
878.5,-0.047135353
878.6000366,-0.042510033
878.7000122,-0.042748451
878.7999878,-0.04016161
878.9000244,-0.035023689
879,-0.040364265
879.1000366,-0.048661232
879.2000122,-0.046896935
879.2999878,-0.047230721
879.4000244,-0.036406517
879.5,-0.039458275
879.6000366,-0.047516823
879.7000122,-0.044322014
879.7999878,-0.052285194
879.9000244,-0.039458275
880,-0.053048134
880.1000366,-0.051856041
880.2000122,-0.045609474
880.2999878,-0.042653084
880.4000244,-0.047659874
880.5,-0.041651726
880.6000366,-0.037693977
880.7000122,-0.043559074
880.7999878,-0.048136711
880.9000244,-0.048041344
881,-0.047063828
881.1000366,-0.044178963
881.2000122,-0.047898293
881.2999878,-0.045180321
881.4000244,-0.040650368
881.5,-0.045084953
881.6000366,-0.041985512
881.7000122,-0.041651726
881.7999878,-0.041270256
881.9000244,-0.051617622
882,-0.044798851
882.1000366,-0.056767464
882.2000122,-0.037169456
882.2999878,-0.048899651
882.4000244,-0.046563148
882.5,-0.050806999
882.6000366,-0.042176247
882.7000122,-0.046372414
882.7999878,-0.041842461
882.9000244,-0.049328804
883,-0.040650368
883.1000366,-0.042843819
883.2000122,-0.035738945
883.2999878,-0.048279762
883.4000244,-0.041079521
883.5,-0.054430962
883.6000366,-0.036883354
883.7000122,-0.047039986
883.7999878,-0.052142143
883.9000244,-0.041460991
884,-0.045084953
884.1000366,-0.042510033
884.2000122,-0.049614906
884.2999878,-0.047850609
884.4000244,-0.044131279
884.5,-0.038123131
884.6000366,-0.042128563
884.7000122,-0.043606758
884.7999878,-0.045657158
884.9000244,-0.0467062
885,-0.044035912
885.1000366,-0.051951408
885.2000122,-0.047659874
885.2999878,-0.047516823
885.4000244,-0.043082237
885.5,-0.047373772
885.6000366,-0.042557716
885.7000122,-0.048279762
885.7999878,-0.038361549
885.9000244,-0.03554821
886,-0.039339066
886.1000366,-0.040745735
886.2000122,-0.042700768
886.2999878,-0.049614906
886.4000244,-0.037455559
886.5,-0.044751167
886.6000366,-0.044703484
886.7000122,-0.050139427
886.7999878,-0.038552284
886.9000244,-0.051045418
887,-0.039553642
887.1000366,-0.036215782
887.2000122,-0.043082237
887.2999878,-0.047707558
887.4000244,-0.043177605
887.5,-0.041556358
887.6000366,-0.04503727
887.7000122,-0.039076805
887.7999878,-0.050330162
887.9000244,-0.04336834
888,-0.044894218
888.1000366,-0.041842461
888.2000122,-0.046992302
888.2999878,-0.034880638
888.4000244,-0.039839745
888.5,-0.038695335
888.6000366,-0.039839745
888.7000122,-0.044846535
888.7999878,-0.043511391
888.9000244,-0.039076805
889,-0.040888786
889.1000366,-0.047802925
889.2000122,-0.042366982
889.2999878,-0.032830238
889.4000244,-0.042796135
889.5,-0.036597252
889.6000366,-0.037646294
889.7000122,-0.045704842
889.7999878,-0.047326088
889.9000244,-0.033688545
890,-0.043177605
890.1000366,-0.031304359
890.2000122,-0.043511391
890.2999878,-0.037360191
890.4000244,-0.042796135
890.5,-0.046515465
890.6000366,-0.03888607
890.7000122,-0.043034554
890.7999878,-0.036263466
890.9000244,-0.035595894
891,-0.037240982
891.1000366,-0.039362907
891.2000122,-0.037741661
891.2999878,-0.043559074
891.4000244,-0.036644936
891.5,-0.039315224
891.6000366,-0.046086311
891.7000122,-0.04503727
891.7999878,-0.044965744
891.9000244,-0.045609474
892,-0.043129921
892.1000366,-0.046133995
892.2000122,-0.047802925
892.2999878,-0.04799366
892.4000244,-0.045883656
892.5,-0.041794777
892.6000366,-0.04594326
892.7000122,-0.040173531
892.7999878,-0.042033195
892.9000244,-0.035023689
893,-0.047183037
893.1000366,-0.038361549
893.2000122,-0.047755241
893.2999878,-0.050520897
893.4000244,-0.043416023
893.5,-0.03631115
893.6000366,-0.039076805
893.7000122,-0.050759315
893.7999878,-0.048232079
893.9000244,-0.035691261
894,-0.047421455
894.1000366,-0.036931038
894.2000122,-0.052523613
894.2999878,-0.037312508
894.4000244,-0.04761219
894.5,-0.049138069
894.6000366,-0.040316582
894.7000122,-0.059723854
894.7999878,-0.048232079
894.9000244,-0.044560432
895,-0.046181679
895.1000366,-0.043797493
895.2000122,-0.049948692
895.2999878,-0.032401085
895.4000244,-0.042843819
895.5,-0.032639503
895.6000366,-0.044322014
895.7000122,-0.040793419
895.7999878,-0.043082237
895.9000244,-0.042796135
896,-0.047802925
896.1000366,-0.04632473
896.2000122,-0.044035912
896.2999878,-0.03683567
896.4000244,-0.039792061
896.5,-0.037646294
896.6000366,-0.037884712
896.7000122,-0.036072731
896.7999878,-0.038814545
896.9000244,-0.042843819
897,-0.038456917
897.1000366,-0.035500526
897.2000122,-0.042414665
897.2999878,-0.044989586
897.4000244,-0.040602684
897.5,-0.043034554
897.6000366,-0.037837029
897.7000122,-0.046038628
897.7999878,-0.03721714
897.9000244,-0.042414665
898,-0.048661232
898.1000366,-0.042462349
898.2000122,-0.039362907
898.2999878,-0.037789345
898.4000244,-0.047087669
898.5,-0.039505959
898.6000366,-0.045752525
898.7000122,-0.045847893
898.7999878,-0.047469139
898.9000244,-0.042843819
899,-0.03888607
899.1000366,-0.043463707
899.2000122,-0.055956841
899.2999878,-0.042653084
899.4000244,-0.04799366
899.5,-0.048422813
899.6000366,-0.043606758
899.7000122,-0.042843819
899.7999878,-0.050997734
899.9000244,-0.049853325
900,-0.043034554
900.1000366,-0.040268898
900.2000122,-0.043129921
900.2999878,-0.043797493
900.4000244,-0.04632473
900.5,-0.043320656
900.6000366,-0.041651726
900.7000122,-0.041508675
900.7999878,-0.041472912
900.9000244,-0.041976571
901,-0.042080879
901.1000366,-0.042843819
901.2000122,-0.042557716
901.2999878,-0.040841103
901.4000244,-0.039553642
901.5,-0.037884712
901.6000366,-0.033640862
901.7000122,-0.036239624
901.7999878,-0.035262108
901.9000244,-0.038170815
902,-0.047755241
902.1000366,-0.045657158
902.2000122,-0.05004406
902.2999878,-0.053238869
902.4000244,-0.053524971
902.5,-0.048434734
902.6000366,-0.041842461
902.7000122,-0.045132637
902.7999878,-0.048470497
902.9000244,-0.041222572
903,-0.058436394
903.1000366,-0.048899651
903.2000122,-0.037741661
903.2999878,-0.049328804
903.4000244,-0.048184395
903.5,-0.047934055
903.6000366,-0.047087669
903.7000122,-0.047135353
903.7999878,-0.034785271
903.9000244,-0.036787987
904,-0.044894218
904.1000366,-0.034117699
904.2000122,-0.057005882
904.2999878,-0.041127205
904.4000244,-0.042176247
904.5,-0.040650368
904.6000366,-0.042510033
904.7000122,-0.036787987
904.7999878,-0.040602684
904.9000244,-0.039482117
905,-0.038790703
905.1000366,-0.041747093
905.2000122,-0.049185753
905.2999878,-0.035214424
905.4000244,-0.043702126
905.5,-0.036406517
905.6000366,-0.032639503
905.7000122,-0.029206276
905.7999878,-0.03721714
905.9000244,-0.046038628
906,-0.050854683
906.1000366,-0.051999092
906.2000122,-0.048708916
906.2999878,-0.047707558
906.4000244,-0.04427433
906.5,-0.055241585
906.6000366,-0.043606758
906.7000122,-0.035357475
906.7999878,-0.047707558
906.9000244,-0.043082237
907,-0.045323372
907.1000366,-0.039982796
907.2000122,-0.052762032
907.2999878,-0.035738945
907.4000244,-0.047516823
907.5,-0.05004406
907.6000366,-0.048947334
907.7000122,-0.041937828
907.7999878,-0.046133995
907.9000244,-0.041460991
908,-0.0446558
908.1000366,-0.038790703
908.2000122,-0.043988228
908.2999878,-0.030875206
908.4000244,-0.0446558
908.5,-0.037693977
908.6000366,-0.046944618
908.7000122,-0.053572655
908.7999878,-0.042414665
908.9000244,-0.040411949
909,-0.042366982
909.1000366,-0.041615963
909.2000122,-0.041604042
909.2999878,-0.042080879
909.4000244,-0.045657158
909.5,-0.044369698
909.6000366,-0.038266182
909.7000122,-0.05466938
909.7999878,-0.036740303
909.9000244,-0.043606758
910,-0.04131794
910.1000366,-0.044417381
910.2000122,-0.044894218
910.2999878,-0.047039986
910.4000244,-0.041413307
910.5,-0.03092289
910.6000366,-0.047039986
910.7000122,-0.038933754
910.7999878,-0.052857399
910.9000244,-0.038027763
911,-0.031304359
911.1000366,-0.036406517
911.2000122,-0.044178963
911.2999878,-0.0446558
911.4000244,-0.040745735
911.5,-0.037169456
911.6000366,-0.036978722
911.7000122,-0.049805641
911.7999878,-0.038266182
911.9000244,-0.050997734
912,-0.042271614
912.1000366,-0.042033195
912.2000122,-0.042271614
912.2999878,-0.046658516
912.4000244,-0.047802925
912.5,-0.0461936
912.6000366,-0.043559074
912.7000122,-0.046753883
912.7999878,-0.042700768
912.9000244,-0.04632473
913,-0.041270256
913.1000366,-0.051093102
913.2000122,-0.02887249
913.2999878,-0.040698051
913.4000244,-0.061440468
913.5,-0.032639503
913.6000366,-0.045323372
913.7000122,-0.036454201
913.7999878,-0.04594326
913.9000244,-0.046038628
914,-0.045382977
914.1000366,-0.043681264
914.2000122,-0.042271614
914.2999878,-0.041031837
914.4000244,-0.039410591
914.5,-0.044131279
914.6000366,-0.0426054
914.7000122,-0.04131794
914.7999878,-0.050711632
914.9000244,-0.037169456
915,-0.0426054
915.1000366,-0.04761219
915.2000122,-0.038504601
915.2999878,-0.043606758
915.4000244,-0.036740303
915.5,-0.029063225
915.6000366,-0.043654442
915.7000122,-0.040030479
915.7999878,-0.043797493
915.9000244,-0.046801567
916,-0.043463707
916.1000366,-0.046753883
916.2000122,-0.046992302
916.2999878,-0.048136711
916.4000244,-0.050234795
916.5,-0.04594326
916.6000366,-0.046205521
916.7000122,-0.045084953
916.7999878,-0.043559074
916.9000244,-0.041091442
917,-0.037837029
917.1000366,-0.037884712
917.2000122,-0.039970875
917.2999878,-0.043129921
917.4000244,-0.041031837
917.5,-0.040316582
917.6000366,-0.039982796
917.7000122,-0.03964901
917.7999878,-0.043129921
917.9000244,-0.045800209
918,-0.046610832
918.1000366,-0.046849251
918.2000122,-0.042510033
918.2999878,-0.038361549
918.4000244,-0.046801567
918.5,-0.04837513
918.6000366,-0.041127205
918.7000122,-0.0467062
918.7999878,-0.044322014
918.9000244,-0.042903423
919,-0.042763352
919.1000366,-0.041556358
919.2000122,-0.042271614
919.2999878,-0.044381618
919.4000244,-0.047755241
919.5,-0.04594326
919.6000366,-0.042176247
919.7000122,-0.040793419
919.7999878,-0.042879581
919.9000244,-0.044703484
920,-0.043845177
920.1000366,-0.046849251
920.2000122,-0.032353401
920.2999878,-0.0467062
920.4000244,-0.037312508
920.5,-0.039219856
920.6000366,-0.040602684
920.7000122,-0.048995018
920.7999878,-0.042462349
920.9000244,-0.048947334
921,-0.0467062
921.1000366,-0.044608116
921.2000122,-0.041842461
921.2999878,-0.041985512
921.4000244,-0.039362907
921.5,-0.034832954
921.6000366,-0.038790703
921.7000122,-0.045704842
921.7999878,-0.047850609
921.9000244,-0.042128563
922,-0.038409233
922.1000366,-0.041222572
922.2000122,-0.041174889
922.2999878,-0.036168098
922.4000244,-0.046277046
922.5,-0.038647652
922.6000366,-0.049805641
922.7000122,-0.037884712
922.7999878,-0.03054142
922.9000244,-0.047516823
923,-0.047183037
923.1000366,-0.042271614
923.2000122,-0.044751167
923.2999878,-0.050330162
923.4000244,-0.041413307
923.5,-0.045847893
923.6000366,-0.036454201
923.7000122,-0.038552284
923.7999878,-0.041925907
923.9000244,-0.04503727
924,-0.042399764
924.1000366,-0.041508675
924.2000122,-0.041127205
924.2999878,-0.041842461
924.4000244,-0.049614906
924.5,-0.033736229
924.6000366,-0.045180321
924.7000122,-0.046610832
924.7999878,-0.041508675
924.9000244,-0.042366982
925,-0.043511391
925.1000366,-0.045895576
925.2000122,-0.048947334
925.2999878,-0.048756599
925.4000244,-0.044846535
925.5,-0.047802925
925.6000366,-0.044798851
925.7000122,-0.041556358
925.7999878,-0.052237511
925.9000244,-0.043082237
926,-0.026011467
926.1000366,-0.046610832
926.2000122,-0.039887428
926.2999878,-0.045406818
926.4000244,-0.046801567
926.5,-0.048327446
926.6000366,-0.045990944
926.7000122,-0.047421455
926.7999878,-0.043845177
926.9000244,-0.041842461
927,-0.040125847
927.1000366,-0.041604042
927.2000122,-0.039875507
927.2999878,-0.037741661
927.4000244,-0.040030479
927.5,-0.041174889
927.6000366,-0.046467781
927.7000122,-0.028395653
927.7999878,-0.039553642
927.9000244,-0.03592968
928,-0.042939186
928.1000366,-0.037789345
928.2000122,-0.050663948
928.2999878,-0.040173531
928.4000244,-0.055336952
928.5,-0.042796135
928.6000366,-0.034546852
928.7000122,-0.046610832
928.7999878,-0.046420097
928.9000244,-0.047707558
929,-0.046527386
929.1000366,-0.044322014
929.2000122,-0.047659874
929.2999878,-0.0426054
929.4000244,-0.046467781
929.5,-0.050568581
929.6000366,-0.046885014
929.7000122,-0.044989586
929.7999878,-0.045514107
929.9000244,-0.037360191
930,-0.044083595
930.1000366,-0.051283836
930.2000122,-0.042414665
930.2999878,-0.042510033
930.4000244,-0.043416023
930.5,-0.041890144
930.6000366,-0.043702126
930.7000122,-0.037455559
930.7999878,-0.032877922
930.9000244,-0.034689903
931,-0.03490448
931.1000366,-0.036597252
931.2000122,-0.042492151
931.2999878,-0.048470497
931.4000244,-0.049996376
931.5,-0.045025349
931.6000366,-0.039458275
931.7000122,-0.042176247
931.7999878,-0.043272972
931.9000244,-0.044798851
932,-0.031971931
932.1000366,-0.037646294
932.2000122,-0.046086311
932.2999878,-0.049471855
932.4000244,-0.035119057
932.5,-0.03721714
932.6000366,-0.044512749
932.7000122,-0.048756599
932.7999878,-0.046229362
932.9000244,-0.041365623
933,-0.038695335
933.1000366,-0.041794777
933.2000122,-0.038945675
933.2999878,-0.037550926
933.4000244,-0.037741661
933.5,-0.042700768
933.6000366,-0.040078163
933.7000122,-0.035977364
933.7999878,-0.041890144
933.9000244,-0.039982796
934,-0.041174889
934.1000366,-0.037932396
934.2000122,-0.03054142
934.2999878,-0.054383278
934.4000244,-0.043749809
934.5,-0.047421455
934.6000366,-0.03683567
934.7000122,-0.04928112
934.7999878,-0.044322014
934.9000244,-0.04336834
935,-0.046133995
935.1000366,-0.027680397
935.2000122,-0.039219856
935.2999878,-0.049948692
935.4000244,-0.038695335
935.5,-0.047326088
935.6000366,-0.035834312
935.7000122,-0.044465065
935.7999878,-0.053429604
935.9000244,-0.042080879
936,-0.043034554
936.1000366,-0.038647652
936.2000122,-0.041055679
936.2999878,-0.04222393
936.4000244,-0.040316582
936.5,-0.041747093
936.6000366,-0.047039986
936.7000122,-0.051808357
936.7999878,-0.032973289
936.9000244,-0.051808357
937,-0.035595894
937.1000366,-0.044989586
937.2000122,-0.041556358
937.2999878,-0.046753883
937.4000244,-0.053334236
937.5,-0.050377846
937.6000366,-0.0467062
937.7000122,-0.046515465
937.7999878,-0.047540665
937.9000244,-0.048327446
938,-0.048613548
938.1000366,-0.048947334
938.2000122,-0.049996376
938.2999878,-0.048851967
938.4000244,-0.036501884
938.5,-0.051951408
938.6000366,-0.038552284
938.7000122,-0.044369698
938.7999878,-0.042414665
938.9000244,-0.045418739
939,-0.045704842
939.1000366,-0.046896935
939.2000122,-0.039696693
939.2999878,-0.044226646
939.4000244,-0.040173531
939.5,-0.052380562
939.6000366,-0.039887428
939.7000122,-0.046563148
939.7999878,-0.042557716
939.9000244,-0.04298687
940,-0.04632473
940.1000366,-0.04556179
940.2000122,-0.050282478
940.2999878,-0.047624111
940.4000244,-0.048995018
940.5,-0.045657158
940.6000366,-0.040268898
940.7000122,-0.041460991
940.7999878,-0.045323372
940.9000244,-0.041365623
941,-0.047945976
941.1000366,-0.051999092
941.2000122,-0.053095818
941.2999878,-0.049090385
941.4000244,-0.045084953
941.5,-0.044226646
941.6000366,-0.042843819
941.7000122,-0.040888786
941.7999878,-0.043559074
941.9000244,-0.047039986
942,-0.050854683
942.1000366,-0.052857399
942.2000122,-0.045657158
942.2999878,-0.047326088
942.4000244,-0.052952766
942.5,-0.055098534
942.6000366,-0.050365925
942.7000122,-0.0446558
942.7999878,-0.048756599
942.9000244,-0.041413307
943,-0.044512749
943.1000366,-0.042283535
943.2000122,-0.040841103
943.2999878,-0.042366982
943.4000244,-0.044083595
943.5,-0.046181679
943.6000366,-0.040459633
943.7000122,-0.050139427
943.7999878,-0.043559074
943.9000244,-0.045084953
944,-0.056481361
944.1000366,-0.029683113
944.2000122,-0.045657158
944.2999878,-0.043463707
944.4000244,-0.04298687
944.5,-0.05171299
944.6000366,-0.039315224
944.7000122,-0.052952766
944.7999878,-0.05376339
944.9000244,-0.045418739
945,-0.048613548
945.1000366,-0.03387928
945.2000122,-0.044798851
945.2999878,-0.051283836
945.4000244,-0.036263466
945.5,-0.058531761
945.6000366,-0.047326088
945.7000122,-0.049138069
945.7999878,-0.048089027
945.9000244,-0.044751167
946,-0.031638145
946.1000366,-0.037264824
946.2000122,-0.042557716
946.2999878,-0.036215782
946.4000244,-0.051093102
946.5,-0.042700768
946.6000366,-0.044894218
946.7000122,-0.044083595
946.7999878,-0.041031837
946.9000244,-0.047945976
947,-0.041174889
947.1000366,-0.034403801
947.2000122,-0.046420097
947.2999878,-0.029349327
947.4000244,-0.049567223
947.5,-0.045895576
947.6000366,-0.04799366
947.7000122,-0.048136711
947.7999878,-0.044703484
947.9000244,-0.043702126
948,-0.038981438
948.1000366,-0.048947334
948.2000122,-0.042939186
948.2999878,-0.041747093
948.4000244,-0.041258335
948.5,-0.038313866
948.6000366,-0.042033195
948.7000122,-0.047802925
948.7999878,-0.028586388
948.9000244,-0.040459633
949,-0.057768822
949.1000366,-0.040602684
949.2000122,-0.036025047
949.2999878,-0.037646294
949.4000244,-0.043416023
949.5,-0.040125847
949.6000366,-0.045371056
949.7000122,-0.04543066
949.7999878,-0.046849251
949.9000244,-0.049376488
950,-0.04427433
950.1000366,-0.04222393
950.2000122,-0.053334236
950.2999878,-0.048279762
950.4000244,-0.041365623
950.5,-0.037312508
950.6000366,-0.041651726
950.7000122,-0.047278404
950.7999878,-0.043940544
950.9000244,-0.045514107
951,-0.040221214
951.1000366,-0.040793419
951.2000122,-0.041270256
951.2999878,-0.047564507
951.4000244,-0.054478645
951.5,-0.04556179
951.6000366,-0.043034554
951.7000122,-0.042009354
951.7999878,-0.039839745
951.9000244,-0.039601326
952,-0.035595894
952.1000366,-0.038790703
952.2000122,-0.050616264
952.2999878,-0.040221214
952.4000244,-0.046181679
952.5,-0.04799366
952.6000366,-0.047755241
952.7000122,-0.038027763
952.7999878,-0.048995018
952.9000244,-0.032639503
953,-0.040602684
953.1000366,-0.050997734
953.2000122,-0.04761219
953.2999878,-0.04222393
953.4000244,-0.042748451
953.5,-0.045990944
953.6000366,-0.043845177
953.7000122,-0.042700768
953.7999878,-0.038981438
953.9000244,-0.041985512
954,-0.054860115
954.1000366,-0.045990944
954.2000122,-0.053811073
954.2999878,-0.043511391
954.4000244,-0.042510033
954.5,-0.048089027
954.6000366,-0.036215782
954.7000122,-0.052952766
954.7999878,-0.032830238
954.9000244,-0.033259392
955,-0.036072731
955.1000366,-0.038075447
955.2000122,-0.040125847
955.2999878,-0.039076805
955.4000244,-0.045371056
955.5,-0.046277046
955.6000366,-0.048136711
955.7000122,-0.039792061
955.7999878,-0.047230721
955.9000244,-0.037932396
956,-0.039553642
956.1000366,-0.040602684
956.2000122,-0.042545795
956.2999878,-0.045084953
956.4000244,-0.044941902
956.5,-0.044798851
956.6000366,-0.046384335
956.7000122,-0.047564507
956.7999878,-0.048232079
956.9000244,-0.04503727
957,-0.041413307
957.1000366,-0.054430962
957.2000122,-0.039887428
957.2999878,-0.047850609
957.4000244,-0.043511391
957.5,-0.035595894
957.6000366,-0.040030479
957.7000122,-0.050806999
957.7999878,-0.049185753
957.9000244,-0.047683716
958,-0.044751167
958.1000366,-0.045990944
958.2000122,-0.044977665
958.2999878,-0.043702126
958.4000244,-0.045466423
958.5,-0.043308735
958.6000366,-0.043272972
958.7000122,-0.040793419
958.7999878,-0.040698051
958.9000244,-0.041055679
959,-0.039505959
959.1000366,-0.043225288
959.2000122,-0.040316582
959.2999878,-0.040841103
959.4000244,-0.040781498
959.5,-0.038695335
959.6000366,-0.037464499
959.7000122,-0.034499168
959.7999878,-0.035881996
959.9000244,-0.046181679
960,-0.047802925
960.1000366,-0.04837513
960.2000122,-0.042510033
960.2999878,-0.036597252
960.4000244,-0.044035912
960.5,-0.046610832
960.6000366,-0.042176247
960.7000122,-0.046277046
960.7999878,-0.039029121
960.9000244,-0.03759861
961,-0.04556179
961.1000366,-0.045323372
961.2000122,-0.043654442
961.2999878,-0.04093647
961.4000244,-0.042796135
961.5,-0.046038628
961.6000366,-0.04928112
961.7000122,-0.043272972
961.7999878,-0.038027763
961.9000244,-0.040507317
962,-0.035595894
962.1000366,-0.040984154
962.2000122,-0.046086311
962.2999878,-0.040030479
962.4000244,-0.048279762
962.5,-0.03964901
962.6000366,-0.046610832
962.7000122,-0.042510033
962.7999878,-0.036692619
962.9000244,-0.047755241
963,-0.045418739
963.1000366,-0.042033195
963.2000122,-0.044178963
963.2999878,-0.046038628
963.4000244,-0.050091743
963.5,-0.039362907
963.6000366,-0.043177605
963.7000122,-0.038695335
963.7999878,-0.05261898
963.9000244,-0.036358833
964,-0.051283836
964.1000366,-0.042366982
964.2000122,-0.045657158
964.2999878,-0.045442581
964.4000244,-0.047659874
964.5,-0.046086311
964.6000366,-0.044977665
964.7000122,-0.043082237
964.7999878,-0.043082237
964.9000244,-0.04131794
965,-0.045657158
965.1000366,-0.037932396
965.2000122,-0.048470497
965.2999878,-0.045657158
965.4000244,-0.044083595
965.5,-0.050806999
965.6000366,-0.044620037
965.7000122,-0.0426054
965.7999878,-0.040984154
965.9000244,-0.042033195
966,-0.040769577
966.1000366,-0.041985512
966.2000122,-0.04324317
966.2999878,-0.043337047
966.4000244,-0.04427433
966.5,-0.043845177
966.6000366,-0.039112568
966.7000122,-0.033688545
966.7999878,-0.03464222
966.9000244,-0.045371056
967,-0.051283836
967.1000366,-0.044560432
967.2000122,-0.044941902
967.2999878,-0.044417381
967.4000244,-0.046730042
967.5,-0.049376488
967.6000366,-0.048184395
967.7000122,-0.04799366
967.7999878,-0.047326088
967.9000244,-0.043797493
968,-0.041842461
968.1000366,-0.042748451
968.2000122,-0.042319298
968.2999878,-0.041079521
968.4000244,-0.040698051
968.5,-0.050187111
968.6000366,-0.035691261
968.7000122,-0.0446558
968.7999878,-0.048184395
968.9000244,-0.043749809
969,-0.040841103
969.1000366,-0.04131794
969.2000122,-0.047421455
969.2999878,-0.035595894
969.4000244,-0.050330162
969.5,-0.042033195
969.6000366,-0.03464222
969.7000122,-0.035786629
969.7999878,-0.042080879
969.9000244,-0.037169456
970,-0.045323372
970.1000366,-0.041127205
970.2000122,-0.044989586
970.2999878,-0.040030479
970.4000244,-0.035071373
970.5,-0.047135353
970.6000366,-0.036692619
970.7000122,-0.043606758
970.7999878,-0.029349327
970.9000244,-0.045847893
971,-0.040555
971.1000366,-0.029826164
971.2000122,-0.036644936
971.2999878,-0.045704842
971.4000244,-0.042748451
971.5,-0.040650368
971.6000366,-0.041937828
971.7000122,-0.040745735
971.7999878,-0.047898293
971.9000244,-0.040459633
972,-0.033831596
972.1000366,-0.039982796
972.2000122,-0.035881996
972.2999878,-0.040853024
972.4000244,-0.044178963
972.5,-0.04336834
972.6000366,-0.042939186
972.7000122,-0.039935112
972.7999878,-0.038051605
972.9000244,-0.03426075
973,-0.035071373
973.1000366,-0.04503727
973.2000122,-0.044846535
973.2999878,-0.042533875
973.4000244,-0.042176247
973.5,-0.038075447
973.6000366,-0.038743019
973.7000122,-0.036978722
973.7999878,-0.041127205
973.9000244,-0.045180321
974,-0.038933754
974.1000366,-0.034308434
974.2000122,-0.041222572
974.2999878,-0.045275688
974.4000244,-0.045800209
974.5,-0.036358833
974.6000366,-0.033593178
974.7000122,-0.037527084
974.7999878,-0.039887428
974.9000244,-0.040268898
975,-0.037741661
975.1000366,-0.033736229
975.2000122,-0.037074089
975.2999878,-0.042033195
975.4000244,-0.037646294
975.5,-0.038695335
975.6000366,-0.041747093
975.7000122,-0.047707558
975.7999878,-0.041556358
975.9000244,-0.028586388
976,-0.041890144
976.1000366,-0.033307076
976.2000122,-0.040793419
976.2999878,-0.03926754
976.4000244,-0.041699409
976.5,-0.047326088
976.6000366,-0.037837029
976.7000122,-0.045514107
976.7999878,-0.029873848
976.9000244,-0.046277046
977,-0.038027763
977.1000366,-0.045657158
977.2000122,-0.035214424
977.2999878,-0.035691261
977.4000244,-0.03606081
977.5,-0.035262108
977.6000366,-0.038075447
977.7000122,-0.04389286
977.7999878,-0.038075447
977.9000244,-0.040745735
978,-0.043559074
978.1000366,-0.051856041
978.2000122,-0.044512749
978.2999878,-0.038743019
978.4000244,-0.03721714
978.5,-0.037837029
978.6000366,-0.036931038
978.7000122,-0.038456917
978.7999878,-0.036501884
978.9000244,-0.040268898
979,-0.041699409
979.1000366,-0.041127205
979.2000122,-0.043320656
979.2999878,-0.040411949
979.4000244,-0.041794777
979.5,-0.033402443
979.6000366,-0.039982796
979.7000122,-0.030970573
979.7999878,-0.031590462
979.9000244,-0.039172173
980,-0.036692619
980.1000366,-0.038659573
980.2000122,-0.039076805
980.2999878,-0.039696693
980.4000244,-0.040364265
980.5,-0.036740303
980.6000366,-0.042366982
980.7000122,-0.030636787
980.7999878,-0.043463707
980.9000244,-0.038266182
981,-0.034117699
981.1000366,-0.040555
981.2000122,-0.042080879
981.2999878,-0.040555
981.4000244,-0.037550926
981.5,-0.043272972
981.6000366,-0.038838387
981.7000122,-0.045180321
981.7999878,-0.038790703
981.9000244,-0.038456917
982,-0.039052963
982.1000366,-0.039887428
982.2000122,-0.039076805
982.2999878,-0.042021275
982.4000244,-0.042271614
982.5,-0.046849251
982.6000366,-0.044476986
982.7000122,-0.044989586
982.7999878,-0.043797493
982.9000244,-0.039672852
983,-0.034737587
983.1000366,-0.03516674
983.2000122,-0.036120415
983.2999878,-0.033164024
983.4000244,-0.041413307
983.5,-0.037884712
983.6000366,-0.039696693
983.7000122,-0.043129921
983.7999878,-0.041842461
983.9000244,-0.041222572
984,-0.032687187
984.1000366,-0.0446558
984.2000122,-0.033259392
984.2999878,-0.043177605
984.4000244,-0.043654442
984.5,-0.040912628
984.6000366,-0.03721714
984.7000122,-0.039601326
984.7999878,-0.042796135
984.9000244,-0.047659874
985,-0.034022331
985.1000366,-0.041985512
985.2000122,-0.044512749
985.2999878,-0.036215782
985.4000244,-0.053095818
985.5,-0.041031837
985.6000366,-0.046753883
985.7000122,-0.045704842
985.7999878,-0.03798008
985.9000244,-0.036120415
986,-0.03490448
986.1000366,-0.032687187
986.2000122,-0.032830238
986.2999878,-0.038075447
986.4000244,-0.041794777
986.5,-0.037693977
986.6000366,-0.044989586
986.7000122,-0.032353401
986.7999878,-0.048804283
986.9000244,-0.03464222
987,-0.040841103
987.1000366,-0.043177605
987.2000122,-0.040888786
987.2999878,-0.04336834
987.4000244,-0.031018257
987.5,-0.038313866
987.6000366,-0.033354759
987.7000122,-0.039744377
987.7999878,-0.036215782
987.9000244,-0.038313866
988,-0.033450127
988.1000366,-0.037658215
988.2000122,-0.038170815
988.2999878,-0.040698051
988.4000244,-0.041747093
988.5,-0.045514107
988.6000366,-0.054144859
988.7000122,-0.03092289
988.7999878,-0.037932396
988.9000244,-0.040316582
989,-0.043225288
989.1000366,-0.038123131
989.2000122,-0.041890144
989.2999878,-0.040590763
989.4000244,-0.042033195
989.5,-0.040316582
989.6000366,-0.038409233
989.7000122,-0.03426075
989.7999878,-0.037026405
989.9000244,-0.043225288
990,-0.036168098
990.1000366,-0.044560432
990.2000122,-0.034451485
990.2999878,-0.045132637
990.4000244,-0.035262108
990.5,-0.029587746
990.6000366,-0.038981438
990.7000122,-0.035881996
990.7999878,-0.036978722
990.9000244,-0.036728382
991,-0.035426021
991.1000366,-0.034976006
991.2000122,-0.033020973
991.2999878,-0.032067299
991.4000244,-0.042366982
991.5,-0.047755241
991.6000366,-0.034117699
991.7000122,-0.033831596
991.7999878,-0.037884712
991.9000244,-0.034201145
992,-0.033974648
992.1000366,-0.03503263
992.2000122,-0.036168098
992.2999878,-0.035786629
992.4000244,-0.035023689
992.5,-0.045132637
992.6000366,-0.038695335
992.7000122,-0.031113625
992.7999878,-0.039887428
992.9000244,-0.053048134
993,-0.052857399
993.1000366,-0.046789646
993.2000122,-0.043463707
993.2999878,-0.037789345
993.4000244,-0.040793419
993.5,-0.039303303
993.6000366,-0.039410591
993.7000122,-0.039219856
993.7999878,-0.040483475
993.9000244,-0.040698051
994,-0.038737059
994.1000366,-0.036597252
994.2000122,-0.037169456
994.2999878,-0.041031837
994.4000244,-0.041127205
994.5,-0.041139126
994.6000366,-0.040128827
994.7000122,-0.038838387
994.7999878,-0.039410591
994.9000244,-0.043129921
995,-0.038123131
995.1000366,-0.03426075
995.2000122,-0.039410591
995.2999878,-0.046849251
995.4000244,-0.036263466
995.5,-0.043177605
995.6000366,-0.04093647
995.7000122,-0.038552284
995.7999878,-0.041842461
995.9000244,-0.040125847
996,-0.0467062
996.1000366,-0.041794777
996.2000122,-0.050568581
996.2999878,-0.036597252
996.4000244,-0.029921532
996.5,-0.042176247
996.6000366,-0.045323372
996.7000122,-0.041890144
996.7999878,-0.038933754
996.9000244,-0.040125847
997,-0.039553642
997.1000366,-0.040125847
997.2000122,-0.037264824
997.2999878,-0.029826164
997.4000244,-0.040555
997.5,-0.034308434
997.6000366,-0.03528595
997.7000122,-0.033211708
997.7999878,-0.033068657
997.9000244,-0.037336349
998,-0.040316582
998.1000366,-0.042748451
998.2000122,-0.039744377
998.2999878,-0.046467781
998.4000244,-0.038123131
998.5,-0.039458275
998.6000366,-0.037884712
998.7000122,-0.041985512
998.7999878,-0.040030479
998.9000244,-0.040221214
999,-0.039458275
999.1000366,-0.041842461
999.2000122,-0.037503242
999.2999878,-0.040411949
999.4000244,-0.035309792
999.5,-0.036025047
999.6000366,-0.039458275
999.7000122,-0.042366982
999.7999878,-0.043165684
999.9000244,-0.045180321
1000,-0.045657158
1000.100037,-0.044846535
1000.200012,-0.033640862
1000.299988,-0.03516674
1000.400024,-0.044751167
1000.5,-0.043082237
1000.600037,-0.043010712
1000.700012,-0.041794777
1000.799988,-0.042414665
1000.900024,-0.037312508
1001,-0.031495094
1001.100037,-0.035071373
1001.200012,-0.034022331
1001.299988,-0.038790703
1001.400024,-0.040793419
1001.5,-0.037789345
1001.600037,-0.050091743
1001.700012,-0.043940544
1001.799988,-0.037741661
1001.900024,-0.031876564
1002,-0.046467781
1002.100037,-0.04503727
1002.200012,-0.04336834
1002.299988,-0.041174889
1002.400024,-0.040793419
1002.5,-0.039458275
1002.600037,-0.039172173
1002.700012,-0.043177605
1002.799988,-0.039315224
1002.900024,-0.035119057
1003,-0.032114983
1003.100037,-0.04131794
1003.200012,-0.034499168
1003.299988,-0.025773048
1003.400024,-0.036406517
1003.5,-0.039839745
1003.600037,-0.036501884
1003.700012,-0.035595894
1003.799988,-0.034165382
1003.900024,-0.052285194
1004,-0.046944618
1004.100037,-0.035262108
1004.200012,-0.033831596
1004.299988,-0.047278404
1004.400024,-0.037121773
1004.5,-0.024056435
1004.600037,-0.03592968
1004.700012,-0.039172173
1004.799988,-0.049614906
1004.900024,-0.033545494
1005,-0.040316582
1005.100037,-0.035071373
1005.200012,-0.03554821
1005.299988,-0.035977364
1005.400024,-0.036787987
1005.5,-0.036501884
1005.600037,-0.037395954
1005.700012,-0.038123131
1005.799988,-0.038170815
1005.900024,-0.041270256
1006,-0.031256676
1006.100037,-0.037407875
1006.200012,-0.040841103
1006.299988,-0.042128563
1006.400024,-0.049138069
1006.5,-0.038123131
1006.600037,-0.048470497
1006.700012,-0.044941902
1006.799988,-0.038170815
1006.900024,-0.040268898
1007,-0.032973289
1007.100037,-0.038123131
1007.200012,-0.046038628
1007.299988,-0.04837513
1007.400024,-0.033783913
1007.5,-0.049090385
1007.600037,-0.037837029
1007.700012,-0.044894218
1007.799988,-0.033164024
1007.900024,-0.044465065
1008,-0.03464222
1008.100037,-0.042510033
1008.200012,-0.043749809
1008.299988,-0.043845177
1008.400024,-0.042295456
1008.5,-0.041794777
1008.600037,-0.039792061
1008.700012,-0.040698051
1008.799988,-0.038075447
1008.900024,-0.037789345
1009,-0.037121773
1009.100037,-0.031590462
1009.200012,-0.03349781
1009.299988,-0.047469139
1009.400024,-0.046372414
1009.5,-0.032687187
1009.600037,-0.037312508
1009.700012,-0.046133995
1009.799988,-0.040841103
1009.900024,-0.042510033
1010,-0.041365623
1010.100037,-0.041699409
1010.200012,-0.039982796
1010.299988,-0.03721714
1010.400024,-0.041890144
1010.5,-0.044751167
1010.600037,-0.031685829
1010.700012,-0.042366982
1010.799988,-0.036787987
1010.900024,-0.039553642
1011,-0.03554821
1011.100037,-0.046849251
1011.200012,-0.028395653
1011.299988,-0.039410591
1011.400024,-0.043511391
1011.5,-0.026869774
1011.600037,-0.044798851
1011.700012,-0.03387928
1011.799988,-0.040841103
1011.900024,-0.039601326
1012,-0.04131794
1012.100037,-0.03554821
1012.200012,-0.036883354
1012.299988,-0.036263466
1012.400024,-0.042128563
1012.5,-0.042462349
1012.600037,-0.039517879
1012.700012,-0.038266182
1012.799988,-0.035214424
1012.900024,-0.042462349
1013,-0.030875206
1013.100037,-0.051903725
1013.200012,-0.038599968
1013.299988,-0.028395653
1013.400024,-0.04298687
1013.5,-0.044226646
1013.600037,-0.043118
1013.700012,-0.041937828
1013.799988,-0.043320656
1013.900024,-0.04336834
1014,-0.037407875
1014.100037,-0.044608116
1014.200012,-0.030875206
1014.299988,-0.035595894
1014.400024,-0.039792061
1014.5,-0.047898293
1014.600037,-0.029683113
1014.700012,-0.041937828
1014.799988,-0.049996376
1014.900024,-0.037026405
1015,-0.041174889
1015.100037,-0.032925606
1015.200012,-0.03926754
1015.299988,-0.040459633
1015.400024,-0.042700768
1015.5,-0.040316582
1015.600037,-0.041174889
1015.700012,-0.02925396
1015.799988,-0.034832954
1015.900024,-0.043559074
1016,-0.048470497
1016.100037,-0.045931339
1016.200012,-0.044178963
1016.299988,-0.047516823
1016.400024,-0.038695335
1016.5,-0.041699409
1016.600037,-0.039410591
1016.700012,-0.034117699
1016.799988,-0.038266182
1016.900024,-0.047707558
1017,-0.04093647
1017.100037,-0.032830238
1017.200012,-0.039505959
1017.299988,-0.045514107
1017.400024,-0.039458275
1017.5,-0.044512749
1017.600037,-0.035309792
1017.700012,-0.03721714
1017.799988,-0.042557716
1017.900024,-0.038552284
1018,-0.036549568
1018.100037,-0.029778481
1018.200012,-0.035119057
1018.299988,-0.045895576
1018.400024,-0.03516674
1018.5,-0.038647652
1018.600037,-0.040745735
1018.700012,-0.038266182
1018.799988,-0.044798851
1018.900024,-0.037169456
1019,-0.040650368
1019.100037,-0.044751167
1019.200012,-0.037169456
1019.299988,-0.035357475
1019.400024,-0.038504601
1019.5,-0.044035912
1019.600037,-0.036931038
1019.700012,-0.034451485
1019.799988,-0.038671494
1019.900024,-0.04222393
1020,-0.041079521
1020.100037,-0.033211708
1020.200012,-0.041127205
1020.299988,-0.048995018
1020.400024,-0.031018257
1020.5,-0.044703484
1020.600037,-0.037503242
1020.700012,-0.034546852
1020.799988,-0.033211708
1020.900024,-0.04799366
1021,-0.038504601
1021.100037,-0.046181679
1021.200012,-0.034451485
1021.299988,-0.04298687
1021.400024,-0.033307076
1021.5,-0.050806999
1021.600037,-0.041460991
1021.700012,-0.044226646
1021.799988,-0.041890144
1021.900024,-0.034785271
1022,-0.034832954
1022.100037,-0.034666061
1022.200012,-0.033640862
1022.299988,-0.035405159
1022.400024,-0.032639503
1022.5,-0.041127205
1022.600037,-0.044798851
1022.700012,-0.042951107
1022.799988,-0.0446558
1022.900024,-0.041222572
1023,-0.040555
1023.100037,-0.037884712
1023.200012,-0.039219856
1023.299988,-0.04298687
1023.400024,-0.032353401
1023.5,-0.040173531
1023.600037,-0.037264824
1023.700012,-0.036883354
1023.799988,-0.040173531
1023.900024,-0.044178963
1024,-0.042366982
1024.099976,-0.039458275
1024.200073,-0.045323372
1024.300049,-0.051617622
1024.400024,-0.047850609
1024.5,-0.033974648
1024.599976,-0.037789345
1024.700073,-0.044417381
1024.800049,-0.036883354
1024.900024,-0.040507317
1025,-0.036883354
1025.099976,-0.039744377
1025.200073,-0.042510033
1025.300049,-0.036501884
1025.400024,-0.0426054
1025.5,-0.032019615
1025.599976,-0.047135353
1025.700073,-0.041222572
1025.800049,-0.038695335
1025.900024,-0.037169456
1026,-0.029492378
1026.099976,-0.036883354
1026.200073,-0.041794777
1026.300049,-0.02887249
1026.400024,-0.042748451
1026.5,-0.038695335
1026.599976,-0.038075447
1026.700073,-0.03798008
1026.800049,-0.040054321
1026.900024,-0.040745735
1027,-0.043416023
1027.099976,-0.037693977
1027.200073,-0.033354759
1027.300049,-0.040125847
1027.400024,-0.050091743
1027.5,-0.048947334
1027.599976,-0.042390823
1027.700073,-0.032687187
1027.800049,-0.037837029
1027.900024,-0.030446053
1028,-0.033211708
1028.099976,-0.034868717
1028.200073,-0.039982796
1028.300049,-0.035834312
1028.400024,-0.038504601
1028.5,-0.039613247
1028.599976,-0.043940544
1028.700073,-0.040173531
1028.800049,-0.033545494
1028.900024,-0.046038628
1029,-0.033259392
1029.099976,-0.037407875
1029.200073,-0.037503242
1029.300049,-0.041174889
1029.400024,-0.036025047
1029.5,-0.044322014
1029.599976,-0.038647652
1029.700073,-0.031733513
1029.800049,-0.039458275
1029.900024,-0.041508675
1030,-0.043320656
1030.099976,-0.039315224
1030.200073,-0.036501884
1030.300049,-0.039494038
1030.400024,-0.042080879
1030.5,-0.040078163
1030.599976,-0.042510033
1030.700073,-0.038170815
1030.800049,-0.038123131
1030.900024,-0.037360191
1031,-0.036883354
1031.099976,-0.041699409
1031.200073,-0.045084953
1031.300049,-0.03964901
1031.400024,-0.046801567
1031.5,-0.0446558
1031.599976,-0.036215782
1031.700073,-0.043702126
1031.800049,-0.035452843
1031.900024,-0.029397011
1032,-0.043845177
1032.099976,-0.037455559
1032.200073,-0.048136711
1032.300049,-0.03888607
1032.400024,-0.038075447
1032.5,-0.034475327
1032.599976,-0.031018257
1032.700073,-0.029921532
1032.800049,-0.034701824
1032.900024,-0.037455559
1033,-0.032129884
1033.099976,-0.028538704
1033.200073,-0.027823448
1033.300049,-0.041794777
1033.400024,-0.027489662
1033.5,-0.034976006
1033.599976,-0.038743019
1033.700073,-0.030303001
1033.800049,-0.03926754
1033.900024,-0.028014183
1034,-0.042700768
1034.099976,-0.033020973
1034.200073,-0.039076805
1034.300049,-0.036549568
1034.400024,-0.039184093
1034.5,-0.042557716
1034.599976,-0.038552284
1034.700073,-0.047039986
1034.800049,-0.040698051
1034.900024,-0.029969215
1035,-0.048327446
1035.099976,-0.039744377
1035.200073,-0.037360191
1035.300049,-0.045895576
1035.400024,-0.033545494
1035.5,-0.041937828
1035.599976,-0.033545494
1035.700073,-0.038838387
1035.800049,-0.040841103
1035.900024,-0.033020973
1036,-0.042557716
1036.099976,-0.048613548
1036.200073,-0.037455559
1036.300049,-0.040030479
1036.400024,-0.038170815
1036.5,-0.039792061
1036.599976,-0.031971931
1036.700073,-0.037550926
1036.800049,-0.048661232
1036.900024,-0.044608116
1037,-0.042557716
1037.099976,-0.034594536
1037.200073,-0.035309792
1037.300049,-0.037837029
1037.400024,-0.036215782
1037.5,-0.044322014
1037.599976,-0.03683567
1037.700073,-0.041842461
1037.800049,-0.04222393
1037.900024,-0.04338026
1038,-0.044894218
1038.099976,-0.044560432
1038.200073,-0.048613548
1038.300049,-0.042176247
1038.400024,-0.035691261
1038.5,-0.040173531
1038.599976,-0.038790703
1038.700073,-0.041472912
1038.800049,-0.043559074
1038.900024,-0.04336834
1039,-0.035834312
1039.099976,-0.041460991
1039.200073,-0.046610832
1039.300049,-0.046133995
1039.400024,-0.04761219
1039.5,-0.048804283
1039.599976,-0.034546852
1039.700073,-0.043320656
1039.800049,-0.031685829
1039.900024,-0.04336834
1040,-0.040268898
1040.099976,-0.04298687
1040.200073,-0.042653084
1040.300049,-0.043416023
1040.400024,-0.03221035
1040.5,-0.027680397
1040.599976,-0.045180321
1040.700073,-0.046849251
1040.800049,-0.039696693
1040.900024,-0.03516674
1041,-0.041031837
1041.099976,-0.041031837
1041.200073,-0.038933754
1041.300049,-0.036740303
1041.400024,-0.041842461
1041.5,-0.033259392
1041.599976,-0.048565865
1041.700073,-0.039219856
1041.800049,-0.041460991
1041.900024,-0.045514107
1042,-0.036358833
1042.099976,-0.04427433
1042.200073,-0.048422813
1042.300049,-0.044083595
1042.400024,-0.04131794
1042.5,-0.042831898
1042.599976,-0.0426054
1042.700073,-0.043320656
1042.800049,-0.042951107
1042.900024,-0.042653084
1043,-0.043225288
1043.099976,-0.0426054
1043.200073,-0.042462349
1043.300049,-0.041651726
1043.400024,-0.042366982
1043.5,-0.046372414
1043.599976,-0.043034554
1043.700073,-0.039315224
1043.800049,-0.033354759
1043.900024,-0.038266182
1044,-0.034976006
1044.099976,-0.034499168
1044.200073,-0.03721714
1044.300049,-0.034546852
1044.400024,-0.044941902
1044.5,-0.029969215
1044.599976,-0.044322014
1044.700073,-0.043034554
1044.800049,-0.042748451
1044.900024,-0.04336834
1045,-0.03259182
1045.099976,-0.044226646
1045.200073,-0.032448769
1045.300049,-0.036787987
1045.400024,-0.047898293
1045.5,-0.040268898
1045.599976,-0.035834312
1045.700073,-0.03349781
1045.800049,-0.043320656
1045.900024,-0.047945976
1046,-0.033688545
1046.099976,-0.029206276
1046.200073,-0.045704842
1046.300049,-0.048422813
1046.400024,-0.039315224
1046.5,-0.041222572
1046.599976,-0.04556179
1046.700073,-0.040316582
1046.800049,-0.039887428
1046.900024,-0.038599968
1047,-0.037169456
1047.099976,-0.037026405
1047.200073,-0.033116341
1047.300049,-0.043082237
1047.400024,-0.029349327
1047.5,-0.037455559
1047.599976,-0.048184395
1047.700073,-0.034976006
1047.800049,-0.036644936
1047.900024,-0.03528595
1048,-0.034880638
1048.099976,-0.03464222
1048.200073,-0.033593178
1048.300049,-0.037765503
1048.400024,-0.041031837
1048.5,-0.041794777
1048.599976,-0.036740303
1048.700073,-0.047230721
1048.800049,-0.040602684
1048.900024,-0.03554821
1049,-0.045418739
1049.099976,-0.032877922
1049.200073,-0.039792061
1049.300049,-0.046610832
1049.400024,-0.03798008
1049.5,-0.044512749
1049.599976,-0.046086311
1049.700073,-0.037789345
1049.800049,-0.043225288
1049.900024,-0.037360191
1050,-0.047802925
1050.099976,-0.045990944
1050.200073,-0.043511391
1050.300049,-0.036072731
1050.400024,-0.041460991
1050.5,-0.034928322
1050.599976,-0.040698051
1050.700073,-0.038170815
1050.800049,-0.033926964
1050.900024,-0.037884712
1051,-0.032305717
1051.099976,-0.033783913
1051.200073,-0.034451485
1051.300049,-0.024867058
1051.400024,-0.027871132
1051.5,-0.040125847
1051.599976,-0.046658516
1051.700073,-0.039315224
1051.800049,-0.045657158
1051.900024,-0.036072731
1052,-0.037837029
1052.099976,-0.038933754
1052.200073,-0.035572052
1052.300049,-0.031542778
1052.400024,-0.033974648
1052.5,-0.040411949
1052.599976,-0.039124489
1052.700073,-0.037407875
1052.800049,-0.040555
1052.900024,-0.035643578
1053,-0.036978722
1053.099976,-0.032496452
1053.200073,-0.039744377
1053.300049,-0.035357475
1053.400024,-0.03926754
1053.5,-0.039768219
1053.599976,-0.041413307
1053.700073,-0.043034554
1053.800049,-0.034070015
1053.900024,-0.038027763
1054,-0.042510033
1054.099976,-0.040125847
1054.200073,-0.042748451
1054.300049,-0.042414665
1054.400024,-0.037741661
1054.5,-0.031876564
1054.599976,-0.041031837
1054.700073,-0.036883354
1054.800049,-0.042319298
1054.900024,-0.036072731
1055,-0.036883354
1055.099976,-0.041651726
1055.200073,-0.043702126
1055.300049,-0.044703484
1055.400024,-0.041091442
1055.5,-0.037312508
1055.599976,-0.038647652
1055.700073,-0.040221214
1055.800049,-0.038099289
1055.900024,-0.036406517
1056,-0.037121773
1056.099976,-0.035119057
1056.200073,-0.034737587
1056.300049,-0.039601326
1056.400024,-0.044798851
1056.5,-0.044941902
1056.599976,-0.039660931
1056.700073,-0.032925606
1056.800049,-0.035977364
1056.900024,-0.027728081
1057,-0.037312508
1057.099976,-0.033402443
1057.200073,-0.033926964
1057.300049,-0.033354759
1057.400024,-0.035655499
1057.5,-0.037455559
1057.599976,-0.037884712
1057.700073,-0.034499168
1057.800049,-0.037026405
1057.900024,-0.042080879
1058,-0.042128563
1058.099976,-0.036168098
1058.200073,-0.038504601
1058.300049,-0.032830238
1058.400024,-0.041413307
1058.5,-0.045275688
1058.599976,-0.042414665
1058.700073,-0.041270256
1058.800049,-0.04427433
1058.900024,-0.035786629
1059,-0.03092289
1059.099976,-0.043416023
1059.200073,-0.028204918
1059.300049,-0.041651726
1059.400024,-0.040125847
1059.5,-0.039243698
1059.599976,-0.036740303
1059.700073,-0.038456917
1059.800049,-0.040185452
1059.900024,-0.044417381
1060,-0.041127205
1060.099976,-0.038266182
1060.200073,-0.034689903
1060.300049,-0.036001205
1060.400024,-0.035405159
1060.5,-0.035643578
1060.599976,-0.039219856
1060.700073,-0.036787987
1060.800049,-0.042080879
1060.900024,-0.040316582
1061,-0.033640862
1061.099976,-0.033068657
1061.200073,-0.036883354
1061.300049,-0.033164024
1061.400024,-0.043225288
1061.5,-0.038409233
1061.599976,-0.031590462
1061.700073,-0.0426054
1061.800049,-0.035452843
1061.900024,-0.027823448
1062,-0.045275688
1062.099976,-0.036120415
1062.200073,-0.043272972
1062.300049,-0.044703484
1062.400024,-0.040400028
1062.5,-0.035452843
1062.599976,-0.038170815
1062.700073,-0.037455559
1062.800049,-0.038838387
1062.900024,-0.042212009
1063,-0.04761219
1063.099976,-0.044941902
1063.200073,-0.039553642
1063.300049,-0.050187111
1063.400024,-0.031018257
1063.5,-0.034451485
1063.599976,-0.038790703
1063.700073,-0.042939186
1063.800049,-0.040030479
1063.900024,-0.047469139
1064,-0.043272972
1064.099976,-0.035214424
1064.200073,-0.034880638
1064.300049,-0.041127205
1064.400024,-0.036406517
1064.5,-0.039362907
1064.599976,-0.052714348
1064.700073,-0.033974648
1064.800049,-0.041413307
1064.900024,-0.048041344
1065,-0.040221214
1065.099976,-0.036168098
1065.200073,-0.041460991
1065.300049,-0.036740303
1065.400024,-0.041556358
1065.5,-0.040268898
1065.599976,-0.04556179
1065.700073,-0.039577484
1065.800049,-0.034213066
1065.900024,-0.038266182
1066,-0.044178963
1066.099976,-0.034308434
1066.200073,-0.043702126
1066.300049,-0.029635429
1066.400024,-0.043416023
1066.5,-0.031876564
1066.599976,-0.048518181
1066.700073,-0.033926964
1066.800049,-0.031733513
1066.900024,-0.036597252
1067,-0.03221035
1067.099976,-0.034785271
1067.200073,-0.035452843
1067.300049,-0.034880638
1067.400024,-0.031590462
1067.5,-0.030303001
1067.599976,-0.029730797
1067.700073,-0.031685829
1067.800049,-0.042510033
1067.900024,-0.045275688
1068,-0.040459633
1068.099976,-0.043261051
1068.200073,-0.042843819
1068.300049,-0.039574504
1068.400024,-0.037360191
1068.5,-0.034832954
1068.599976,-0.043845177
1068.700073,-0.035452843
1068.800049,-0.026392937
1068.900024,-0.044989586
1069,-0.032305717
1069.099976,-0.03464222
1069.200073,-0.043797493
1069.300049,-0.037407875
1069.400024,-0.043940544
1069.5,-0.040984154
1069.599976,-0.0410676
1069.700073,-0.041222572
1069.800049,-0.038123131
1069.900024,-0.03349781
1070,-0.030446053
1070.099976,-0.039362907
1070.200073,-0.032496452
1070.300049,-0.050187111
1070.400024,-0.041270256
1070.5,-0.028252602
1070.599976,-0.036644936
1070.700073,-0.033974648
1070.800049,-0.038456917
1070.900024,-0.034737587
1071,-0.044226646
1071.099976,-0.04556179
1071.200073,-0.039935112
1071.300049,-0.04131794
1071.400024,-0.035452843
1071.5,-0.039505959
1071.599976,-0.034379959
1071.700073,-0.030732155
1071.800049,-0.03182888
1071.900024,-0.035119057
1072,-0.040268898
1072.099976,-0.028920174
1072.200073,-0.03592968
1072.300049,-0.042557716
1072.400024,-0.049376488
1072.5,-0.022530556
1072.599976,-0.043272972
1072.700073,-0.035691261
1072.800049,-0.045275688
1072.900024,-0.037121773
1073,-0.042557716
1073.099976,-0.04222393
1073.200073,-0.035595894
1073.300049,-0.04503727
1073.400024,-0.035405159
1073.5,-0.037312508
1073.599976,-0.031352043
1073.700073,-0.029683113
1073.800049,-0.040698051
1073.900024,-0.03721714
1074,-0.044560432
1074.099976,-0.044131279
1074.200073,-0.035977364
1074.300049,-0.03888607
1074.400024,-0.037932396
1074.5,-0.039410591
1074.599976,-0.037455559
1074.700073,-0.031113625
1074.800049,-0.050616264
1074.900024,-0.028204918
1075,-0.037550926
1075.099976,-0.048899651
1075.200073,-0.030875206
1075.300049,-0.042033195
1075.400024,-0.03631115
1075.5,-0.034785271
1075.599976,-0.040888786
1075.700073,-0.043177605
1075.800049,-0.034022331
1075.900024,-0.033974648
1076,-0.030493736
1076.099976,-0.042080879
1076.200073,-0.027775764
1076.300049,-0.038361549
1076.400024,-0.027441978
1076.5,-0.043654442
1076.599976,-0.033593178
1076.700073,-0.040221214
1076.800049,-0.039124489
1076.900024,-0.034356117
1077,-0.035595894
1077.099976,-0.036144257
1077.200073,-0.035959482
1077.300049,-0.036120415
1077.400024,-0.035977364
1077.5,-0.040268898
1077.599976,-0.046610832
1077.700073,-0.042366982
1077.800049,-0.039696693
1077.900024,-0.04336834
1078,-0.031447411
1078.099976,-0.034546852
1078.200073,-0.031685829
1078.300049,-0.034451485
1078.400024,-0.039792061
1078.5,-0.042653084
1078.599976,-0.031113625
1078.700073,-0.052428246
1078.800049,-0.032401085
1078.900024,-0.039029121
1079,-0.037455559
1079.099976,-0.035262108
1079.200073,-0.038909912
1079.300049,-0.041556358
1079.400024,-0.041365623
1079.5,-0.044417381
1079.599976,-0.043129921
1079.700073,-0.039410591
1079.800049,-0.040173531
1079.900024,-0.042271614
1080,-0.040507317
1080.099976,-0.043940544
1080.200073,-0.042116642
1080.300049,-0.04298687
1080.400024,-0.041031837
1080.5,-0.031113625
1080.599976,-0.028061867
1080.700073,-0.034308434
1080.800049,-0.032019615
1080.900024,-0.040221214
1081,-0.040364265
1081.099976,-0.039196014
1081.200073,-0.041460991
1081.300049,-0.034737587
1081.400024,-0.039410591
1081.5,-0.030732155
1081.599976,-0.041747093
1081.700073,-0.034880638
1081.800049,-0.032258034
1081.900024,-0.034785271
1082,-0.029778481
1082.099976,-0.038456917
1082.200073,-0.037026405
1082.300049,-0.044417381
1082.400024,-0.03964901
1082.5,-0.043702126
1082.599976,-0.039577484
1082.700073,-0.038123131
1082.800049,-0.03683567
1082.900024,-0.035309792
1083,-0.038695335
1083.099976,-0.034117699
1083.200073,-0.03683567
1083.300049,-0.032639503
1083.400024,-0.037169456
1083.5,-0.034213066
1083.599976,-0.037646294
1083.700073,-0.038838387
1083.800049,-0.040364265
1083.900024,-0.044560432
1084,-0.04131794
1084.099976,-0.038838387
1084.200073,-0.037312508
1084.300049,-0.022673607
1084.400024,-0.026297569
1084.5,-0.033736229
1084.599976,-0.046181679
1084.700073,-0.028777122
1084.800049,-0.035738945
1084.900024,-0.038027763
1085,-0.036680698
1085.099976,-0.036931038
1085.200073,-0.036025047
1085.300049,-0.035917759
1085.400024,-0.035643578
1085.5,-0.035071373
1085.599976,-0.036740303
1085.700073,-0.035786629
1085.800049,-0.033974648
1085.900024,-0.044226646
1086,-0.036168098
1086.099976,-0.043797493
1086.200073,-0.043129921
1086.300049,-0.042128563
1086.400024,-0.042653084
1086.5,-0.04298687
1086.599976,-0.042366982
1086.700073,-0.041031837
1086.800049,-0.034356117
1086.900024,-0.036406517
1087,-0.030398369
1087.099976,-0.036787987
1087.200073,-0.034117699
1087.300049,-0.041413307
1087.400024,-0.038552284
1087.5,-0.031399727
1087.599976,-0.035846233
1087.700073,-0.036740303
1087.800049,-0.036692619
1087.900024,-0.035691261
1088,-0.031065941
1088.099976,-0.035500526
1088.200073,-0.032019615
1088.300049,-0.034880638
1088.400024,-0.041460991
1088.5,-0.044178963
1088.599976,-0.03964901
1088.700073,-0.035452843
1088.800049,-0.038981438
1088.900024,-0.041842461
1089,-0.052237511
1089.099976,-0.038647652
1089.200073,-0.04799366
1089.300049,-0.0446558
1089.400024,-0.046610832
1089.5,-0.045132637
1089.599976,-0.044226646
1089.700073,-0.041365623
1089.800049,-0.035357475
1089.900024,-0.040745735
1090,-0.036025047
1090.099976,-0.039982796
1090.200073,-0.037074089
1090.300049,-0.036883354
1090.400024,-0.039494038
1090.5,-0.041556358
1090.599976,-0.042462349
1090.700073,-0.040268898
1090.800049,-0.033068657
1090.900024,-0.039505959
1091,-0.03349781
1091.099976,-0.043988228
1091.200073,-0.041842461
1091.300049,-0.03798008
1091.400024,-0.042080879
1091.5,-0.036120415
1091.599976,-0.028443336
1091.700073,-0.031781197
1091.800049,-0.038170815
1091.900024,-0.028920174
1092,-0.032830238
1092.099976,-0.027060509
1092.200073,-0.033593178
1092.300049,-0.038027763
1092.400024,-0.043177605
1092.5,-0.036931038
1092.599976,-0.03221035
1092.700073,-0.040841103
1092.800049,-0.038838387
1092.900024,-0.045228004
1093,-0.045514107
1093.099976,-0.04503727
1093.200073,-0.028252602
1093.300049,-0.045514107
1093.400024,-0.035309792
1093.5,-0.034785271
1093.599976,-0.035047531
1093.700073,-0.036168098
1093.800049,-0.033926964
1093.900024,-0.037646294
1094,-0.035691261
1094.099976,-0.037896633
1094.200073,-0.036263466
1094.300049,-0.041985512
1094.400024,-0.042939186
1094.5,-0.038552284
1094.599976,-0.036787987
1094.700073,-0.036263466
1094.800049,-0.03721714
1094.900024,-0.030732155
1095,-0.042366982
1095.099976,-0.033020973
1095.200073,-0.040125847
1095.300049,-0.039792061
1095.400024,-0.040268898
1095.5,-0.03939867
1095.599976,-0.039219856
1095.700073,-0.038313866
1095.800049,-0.036692619
1095.900024,-0.039315224
1096,-0.036501884
1096.099976,-0.038170815
1096.200073,-0.036454201
1096.300049,-0.037455559
1096.400024,-0.035309792
1096.5,-0.035023689
1096.599976,-0.033259392
1096.700073,-0.036263466
1096.800049,-0.036382675
1096.900024,-0.037264824
1097,-0.038743019
1097.099976,-0.038635731
1097.200073,-0.040698051
1097.300049,-0.037837029
1097.400024,-0.031208992
1097.5,-0.033593178
1097.599976,-0.036549568
1097.700073,-0.038170815
1097.800049,-0.035643578
1097.900024,-0.036168098
1098,-0.032925606
1098.099976,-0.035357475
1098.200073,-0.032782555
1098.300049,-0.041127205
1098.400024,-0.042796135
1098.5,-0.03554821
1098.599976,-0.034737587
1098.700073,-0.035834312
1098.800049,-0.03592968
1098.900024,-0.037121773
1099,-0.046610832
1099.099976,-0.040555
1099.200073,-0.033116341
1099.300049,-0.032448769
1099.400024,-0.031876564
1099.5,-0.033271313
1099.599976,-0.035479665
1099.700073,-0.038695335
1099.800049,-0.038075447
1099.900024,-0.03387928
1100,-0.042939186
1100.099976,-0.037264824
1100.200073,-0.036597252
1100.300049,-0.038075447
1100.400024,-0.036787987
1100.5,-0.039744377
1100.599976,-0.038933754
1100.700073,-0.037741661
1100.800049,-0.029540062
1100.900024,-0.02682209
1101,-0.034546852
1101.099976,-0.032973289
1101.200073,-0.033688545
1101.300049,-0.044417381
1101.400024,-0.042366982
1101.5,-0.039243698
1101.599976,-0.034165382
1101.700073,-0.036025047
1101.800049,-0.037693977
1101.900024,-0.040555
1102,-0.040030479
1102.099976,-0.041234493
1102.200073,-0.042843819
1102.300049,-0.041508675
1102.400024,-0.041699409
1102.5,-0.046467781
1102.599976,-0.040841103
1102.700073,-0.036358833
1102.800049,-0.036978722
1102.900024,-0.034737587
1103,-0.033068657
1103.099976,-0.032544136
1103.200073,-0.035786629
1103.300049,-0.037455559
1103.400024,-0.043082237
1103.5,-0.047659874
1103.599976,-0.051426888
1103.700073,-0.054955482
1103.800049,-0.046086311
1103.900024,-0.049042702
1104,-0.045454502
1104.099976,-0.043463707
1104.200073,-0.043225288
1104.300049,-0.040364265
1104.400024,-0.046610832
1104.5,-0.033593178
1104.599976,-0.044894218
1104.700073,-0.049233437
1104.800049,-0.042176247
1104.900024,-0.035262108
1105,-0.041174889
1105.099976,-0.046849251
1105.200073,-0.043416023
1105.300049,-0.049567223
1105.400024,-0.041890144
1105.5,-0.046515465
1105.599976,-0.032687187
1105.700073,-0.045180321
1105.800049,-0.058341026
1105.900024,-0.03554821
1106,-0.047898293
1106.099976,-0.043702126
1106.200073,-0.048422813
1106.300049,-0.049948692
1106.400024,-0.04632473
1106.5,-0.041604042
1106.599976,-0.041747093
1106.700073,-0.041604042
1106.800049,-0.039565563
1106.900024,-0.036358833
1107,-0.038552284
1107.099976,-0.046515465
1107.200073,-0.046896935
1107.300049,-0.04093647
1107.400024,-0.041079521
1107.5,-0.044608116
1107.599976,-0.046896935
1107.700073,-0.050568581
1107.800049,-0.048327446
1107.900024,-0.045084953
1108,-0.0426054
1108.099976,-0.045990944
1108.200073,-0.041460991
1108.300049,-0.036740303
1108.400024,-0.04222393
1108.5,-0.050568581
1108.599976,-0.054907799
1108.700073,-0.049853325
1108.800049,-0.046885014
1108.900024,-0.040221214
1109,-0.042557716
1109.099976,-0.045847893
1109.200073,-0.041127205
1109.300049,-0.052189827
1109.400024,-0.047326088
1109.5,-0.043606758
1109.599976,-0.052189827
1109.700073,-0.046515465
1109.800049,-0.04389286
1109.900024,-0.041174889
1110,-0.043511391
1110.099976,-0.046372414
1110.200073,-0.047755241
1110.300049,-0.045228004
1110.400024,-0.05004406
1110.5,-0.039839745
1110.599976,-0.037264824
1110.700073,-0.043034554
1110.800049,-0.051379204
1110.900024,-0.03015995
1111,-0.037932396
1111.099976,-0.03926754
1111.200073,-0.039803982
1111.300049,-0.040698051
1111.400024,-0.04131794
1111.5,-0.043463707
1111.599976,-0.047564507
1111.700073,-0.052285194
1111.800049,-0.050854683
1111.900024,-0.043940544
1112,-0.039839745
1112.099976,-0.048422813
1112.200073,-0.0467062
1112.300049,-0.0446558
1112.400024,-0.042808056
1112.5,-0.040888786
1112.599976,-0.038981438
1112.700073,-0.043272972
1112.800049,-0.041413307
1112.900024,-0.049233437
1113,-0.040030479
1113.099976,-0.052762032
1113.200073,-0.042796135
1113.300049,-0.039935112
1113.400024,-0.037264824
1113.5,-0.044465065
1113.599976,-0.048184395
1113.700073,-0.044846535
1113.800049,-0.04529953
1113.900024,-0.044608116
1114,-0.043559074
1114.099976,-0.041890144
1114.200073,-0.038552284
1114.300049,-0.043320656
1114.400024,-0.049376488
1114.5,-0.041890144
1114.599976,-0.045800209
1114.700073,-0.040221214
1114.800049,-0.049614906
1114.900024,-0.042080879
1115,-0.038790703
1115.099976,-0.042843819
1115.200073,-0.047945976
1115.300049,-0.045228004
1115.400024,-0.049853325
1115.5,-0.045752525
1115.599976,-0.039362907
1115.700073,-0.036501884
1115.800049,-0.04594326
1115.900024,-0.043940544
1116,-0.047659874
1116.099976,-0.040602684
1116.200073,-0.038361549
1116.300049,-0.041174889
1116.400024,-0.046420097
1116.5,-0.040555
1116.599976,-0.034785271
1116.700073,-0.038361549
1116.800049,-0.046086311
1116.900024,-0.040745735
1117,-0.038266182
1117.099976,-0.044941902
1117.200073,-0.04389286
1117.300049,-0.045657158
1117.400024,-0.046277046
1117.5,-0.047516823
1117.599976,-0.047314167
1117.700073,-0.047707558
1117.800049,-0.041934848
1117.900024,-0.034832954
1118,-0.037884712
1118.099976,-0.044703484
1118.200073,-0.039100647
1118.300049,-0.036263466
1118.400024,-0.037550926
1118.5,-0.047850609
1118.599976,-0.049185753
1118.700073,-0.049376488
1118.800049,-0.042843819
1118.900024,-0.049328804
1119,-0.040650368
1119.099976,-0.048470497
1119.200073,-0.032544136
1119.300049,-0.043225288
1119.400024,-0.050091743
1119.5,-0.042033195
1119.599976,-0.048947334
1119.700073,-0.050854683
1119.800049,-0.044560432
1119.900024,-0.039172173
1120,-0.048995018
1120.099976,-0.049567223
1120.200073,-0.048518181
1120.300049,-0.045907497
1120.400024,-0.040841103
1120.5,-0.044703484
1120.599976,-0.055718422
1120.700073,-0.037169456
1120.800049,-0.043129921
1120.900024,-0.045657158
1121,-0.046849251
1121.099976,-0.046563148
1121.200073,-0.0472188
1121.300049,-0.04761219
1121.400024,-0.047850609
1121.5,-0.047421455
1121.599976,-0.039839745
1121.700073,-0.037407875
1121.800049,-0.041794777
1121.900024,-0.038981438
1122,-0.045180321
1122.099976,-0.044083595
1122.200073,-0.046277046
1122.300049,-0.050759315
1122.400024,-0.039124489
1122.5,-0.045132637
1122.599976,-0.042557716
1122.700073,-0.048804283
1122.800049,-0.054430962
1122.900024,-0.053572655
1123,-0.041413307
1123.099976,-0.050520897
1123.200073,-0.043797493
1123.300049,-0.045895576
1123.400024,-0.044894218
1123.5,-0.046133995
1123.599976,-0.043082237
1123.700073,-0.045418739
1123.800049,-0.040781498
1123.900024,-0.036406517
1124,-0.038218498
1124.099976,-0.041270256
1124.200073,-0.042557716
1124.300049,-0.047898293
1124.400024,-0.032639503
1124.5,-0.045704842
1124.599976,-0.050663948
1124.700073,-0.04799366
1124.800049,-0.046801567
1124.900024,-0.044131279
1125,-0.043225288
1125.099976,-0.050425529
1125.200073,-0.045466423
1125.300049,-0.049948692
1125.400024,-0.043797493
1125.5,-0.049376488
1125.599976,-0.04761219
1125.700073,-0.047135353
1125.800049,-0.044608116
1125.900024,-0.046944618
1126,-0.045800209
1126.099976,-0.042796135
1126.200073,-0.046563148
1126.300049,-0.049138069
1126.400024,-0.044989586
1126.5,-0.046467781
1126.599976,-0.050568581
1126.700073,-0.038456917
1126.800049,-0.04427433
1126.900024,-0.040078163
1127,-0.043106079
1127.099976,-0.044512749
1127.200073,-0.043559074
1127.300049,-0.041651726
1127.400024,-0.042891502
1127.5,-0.043439865
1127.599976,-0.046849251
1127.700073,-0.042366982
1127.800049,-0.049567223
1127.900024,-0.055384636
1128,-0.032830238
1128.099976,-0.038647652
1128.200073,-0.047945976
1128.300049,-0.046038628
1128.400024,-0.042748451
1128.5,-0.044226646
1128.599976,-0.05710125
1128.700073,-0.050568581
1128.800049,-0.040793419
1128.900024,-0.041460991
1129,-0.052905083
1129.099976,-0.038361549
1129.200073,-0.046849251
1129.300049,-0.051283836
1129.400024,-0.043988228
1129.5,-0.043606758
1129.599976,-0.045120716
1129.700073,-0.045466423
1129.800049,-0.047421455
1129.900024,-0.045657158
1130,-0.042414665
1130.099976,-0.044775009
1130.200073,-0.047373772
1130.300049,-0.043654442
1130.400024,-0.043416023
1130.5,-0.048184395
1130.599976,-0.043654442
1130.700073,-0.04928112
1130.800049,-0.049757957
1130.900024,-0.046610832
1131,-0.040078163
1131.099976,-0.052666664
1131.200073,-0.038838387
1131.300049,-0.056862831
1131.400024,-0.042176247
1131.5,-0.033068657
1131.599976,-0.041651726
1131.700073,-0.044989586
1131.800049,-0.047183037
1131.900024,-0.041079521
1132,-0.045979023
1132.099976,-0.048184395
1132.200073,-0.047469139
1132.300049,-0.053906441
1132.400024,-0.048613548
1132.5,-0.053477287
1132.599976,-0.041937828
1132.700073,-0.052762032
1132.800049,-0.049138069
1132.900024,-0.040650368
1133,-0.039362907
1133.099976,-0.042080879
1133.200073,-0.047898293
1133.300049,-0.049328804
1133.400024,-0.052285194
1133.5,-0.045609474
1133.599976,-0.052857399
1133.700073,-0.045800209
1133.800049,-0.059819221
1133.900024,-0.048422813
1134,-0.046753883
1134.099976,-0.047898293
1134.200073,-0.041413307
1134.300049,-0.044465065
1134.400024,-0.040507317
1134.5,-0.05300045
1134.599976,-0.037789345
1134.700073,-0.047516823
1134.800049,-0.052571297
1134.900024,-0.04914999
1135,-0.048995018
1135.099976,-0.047516823
1135.200073,-0.043559074
1135.300049,-0.044894218
1135.400024,-0.047230721
1135.5,-0.040364265
1135.599976,-0.06172657
1135.700073,-0.044226646
1135.800049,-0.056052208
1135.900024,-0.044322014
1136,-0.047516823
1136.099976,-0.055289268
1136.200073,-0.045180321
1136.300049,-0.048136711
1136.400024,-0.053715706
1136.5,-0.049805641
1136.599976,-0.043940544
1136.700073,-0.048518181
1136.800049,-0.054144859
1136.900024,-0.047659874
1137,-0.05300045
1137.099976,-0.045514107
1137.200073,-0.040888786
1137.300049,-0.053191185
1137.400024,-0.047564507
1137.5,-0.043988228
1137.599976,-0.045895576
1137.700073,-0.045406818
1137.800049,-0.045704842
1137.900024,-0.041136146
1138,-0.03759861
1138.099976,-0.035834312
1138.200073,-0.040447712
1138.300049,-0.043129921
1138.400024,-0.045228004
1138.5,-0.042891502
1138.599976,-0.050473213
1138.700073,-0.047087669
1138.800049,-0.048279762
1138.900024,-0.050568581
1139,-0.045418739
1139.099976,-0.047135353
1139.200073,-0.050187111
1139.300049,-0.049138069
1139.400024,-0.044596195
1139.5,-0.040316582
1139.599976,-0.038743019
1139.700073,-0.043749809
1139.800049,-0.041604042
1139.900024,-0.051188469
1140,-0.05428791
1140.099976,-0.053620338
1140.200073,-0.054192543
1140.300049,-0.046277046
1140.400024,-0.041699409
1140.5,-0.04594326
1140.599976,-0.054240227
1140.700073,-0.034499168
1140.800049,-0.042796135
1140.900024,-0.045180321
1141,-0.045907497
1141.099976,-0.048470497
1141.200073,-0.047183037
1141.300049,-0.047266483
1141.400024,-0.046190619
1141.5,-0.044322014
1141.599976,-0.045990944
1141.700073,-0.058102608
1141.800049,-0.039792061
1141.900024,-0.050902367
1142,-0.052523613
1142.099976,-0.052189827
1142.200073,-0.055670738
1142.300049,-0.04966259
1142.400024,-0.045180321
1142.5,-0.051999092
1142.599976,-0.043225288
1142.700073,-0.040602684
1142.800049,-0.046360493
1142.900024,-0.050806999
1143,-0.050806999
1143.099976,-0.047016144
1143.200073,-0.041747093
1143.300049,-0.044703484
1143.400024,-0.051379204
1143.5,-0.048041344
1143.599976,-0.05261898
1143.700073,-0.058102608
1143.800049,-0.054049492
1143.900024,-0.05171299
1144,-0.038123131
1144.099976,-0.044369698
1144.200073,-0.054049492
1144.300049,-0.045418739
1144.400024,-0.051474571
1144.5,-0.048470497
1144.599976,-0.042319298
1144.700073,-0.03721714
1144.800049,-0.040984154
1144.900024,-0.05171299
1145,-0.051665306
1145.099976,-0.046896935
1145.200073,-0.048089027
1145.300049,-0.04632473
1145.400024,-0.048828125
1145.5,-0.051569939
1145.599976,-0.049328804
1145.700073,-0.048136711
1145.800049,-0.046610832
1145.900024,-0.053429604
1146,-0.049567223
1146.099976,-0.051569939
1146.200073,-0.044846535
1146.300049,-0.041651726
1146.400024,-0.046944618
1146.5,-0.055289268
1146.599976,-0.044512749
1146.700073,-0.05466938
1146.800049,-0.051283836
1146.900024,-0.052046776
1147,-0.045990944
1147.099976,-0.045514107
1147.200073,-0.046753883
1147.300049,-0.05004406
1147.400024,-0.050377846
1147.5,-0.05081892
1147.599976,-0.051665306
1147.700073,-0.051188469
1147.800049,-0.044989586
1147.900024,-0.050759315
1148,-0.044846535
1148.099976,-0.050759315
1148.200073,-0.043606758
1148.300049,-0.040841103
1148.400024,-0.039792061
1148.5,-0.044608116
1148.599976,-0.051617622
1148.700073,-0.046181679
1148.800049,-0.045514107
1148.900024,-0.041937828
1149,-0.036931038
1149.099976,-0.047707558
1149.200073,-0.050902367
1149.300049,-0.039792061
1149.400024,-0.042557716
1149.5,-0.049090385
1149.599976,-0.04966259
1149.700073,-0.042843819
1149.800049,-0.045371056
1149.900024,-0.041699409
1150,-0.042891502
1150.099976,-0.042366982
1150.200073,-0.040555
1150.300049,-0.044322014
1150.400024,-0.041937828
1150.5,-0.040984154
1150.599976,-0.041556358
1150.700073,-0.045704842
1150.800049,-0.038552284
1150.900024,-0.051903725
1151,-0.054717064
1151.099976,-0.050663948
1151.200073,-0.03964901
1151.300049,-0.041842461
1151.400024,-0.038981438
1151.5,-0.044310093
1151.599976,-0.048184395
1151.700073,-0.048232079
1151.800049,-0.047087669
1151.900024,-0.049376488
1152,-0.048327446
1152.099976,-0.047135353
1152.200073,-0.04632473
1152.300049,-0.055670738
1152.400024,-0.048804283
1152.5,-0.040602684
1152.599976,-0.044083595
1152.700073,-0.046229362
1152.800049,-0.04966259
1152.900024,-0.043082237
1153,-0.044989586
1153.099976,-0.043809414
1153.200073,-0.043511391
1153.300049,-0.043654442
1153.400024,-0.049853325
1153.5,-0.046181679
1153.599976,-0.05095005
1153.700073,-0.039839745
1153.800049,-0.037837029
1153.900024,-0.047898293
1154,-0.050568581
1154.099976,-0.043463707
1154.200073,-0.045895576
1154.300049,-0.040221214
1154.400024,-0.043272972
1154.5,-0.049185753
1154.599976,-0.043797493
1154.700073,-0.045895576
1154.800049,-0.046277046
1154.900024,-0.049424171
1155,-0.051760674
1155.099976,-0.049138069
1155.200073,-0.049948692
1155.300049,-0.051283836
1155.400024,-0.053286552
1155.5,-0.043749809
1155.599976,-0.047278404
1155.700073,-0.056815147
1155.800049,-0.049805641
1155.900024,-0.052285194
1156,-0.052571297
1156.099976,-0.055289268
1156.200073,-0.044560432
1156.300049,-0.051379204
1156.400024,-0.055718422
1156.5,-0.043749809
1156.599976,-0.049138069
1156.700073,-0.052046776
1156.800049,-0.043940544
1156.900024,-0.050282478
1157,-0.044512749
1157.099976,-0.048756599
1157.200073,-0.043439865
1157.300049,-0.038599968
1157.400024,-0.041890144
1157.5,-0.03464222
1157.599976,-0.057959557
1157.700073,-0.051522255
1157.800049,-0.037169456
1157.900024,-0.04594326
1158,-0.048995018
1158.099976,-0.049805641
1158.200073,-0.049066544
1158.300049,-0.049042702
1158.400024,-0.048422813
1158.5,-0.049376488
1158.599976,-0.048136711
1158.700073,-0.047898293
1158.800049,-0.048041344
1158.900024,-0.046038628
1159,-0.049519539
1159.099976,-0.05376339
1159.200073,-0.056099892
1159.300049,-0.048851967
1159.400024,-0.059819221
1159.5,-0.047087669
1159.599976,-0.049614906
1159.700073,-0.045228004
1159.800049,-0.045752525
1159.900024,-0.045657158
1160,-0.04491806
1160.099976,-0.043797493
1160.200073,-0.044465065
1160.300049,-0.052380562
1160.400024,-0.043177605
1160.5,-0.048184395
1160.599976,-0.048279762
1160.700073,-0.049805641
1160.800049,-0.060486794
1160.900024,-0.048851967
1161,-0.05543232
1161.099976,-0.051236153
1161.200073,-0.048851967
1161.300049,-0.045228004
1161.400024,-0.046467781
1161.5,-0.047659874
1161.599976,-0.053954124
1161.700073,-0.041747093
1161.800049,-0.053954124
1161.900024,-0.051856041
1162,-0.051093102
1162.099976,-0.057673454
1162.200073,-0.051188469
1162.300049,-0.046372414
1162.400024,-0.047373772
1162.5,-0.04966259
1162.599976,-0.050425529
1162.700073,-0.050616264
1162.800049,-0.051617622
1162.900024,-0.050759315
1163,-0.046944618
1163.099976,-0.040411949
1163.200073,-0.035452843
1163.300049,-0.050806999
1163.400024,-0.060343742
1163.5,-0.046515465
1163.599976,-0.053906441
1163.700073,-0.059103966
1163.800049,-0.050520897
1163.900024,-0.044226646
1164,-0.050139427
1164.099976,-0.038504601
1164.200073,-0.050139427
1164.300049,-0.055241585
1164.400024,-0.06082058
1164.5,-0.048756599
1164.599976,-0.058865547
1164.700073,-0.048518181
1164.800049,-0.043988228
1164.900024,-0.044178963
1165,-0.04503727
1165.099976,-0.046372414
1165.200073,-0.045609474
1165.300049,-0.046944618
1165.400024,-0.05133152
1165.5,-0.046849251
1165.599976,-0.052809715
1165.700073,-0.054907799
1165.800049,-0.051939487
1165.900024,-0.049614906
1166,-0.050425529
1166.099976,-0.048959255
1166.200073,-0.048661232
1166.300049,-0.047135353
1166.400024,-0.051450729
1166.5,-0.057864189
1166.599976,-0.052142143
1166.700073,-0.044989586
1166.800049,-0.046229362
1166.900024,-0.046491623
1167,-0.047564507
1167.099976,-0.047183037
1167.200073,-0.041222572
1167.300049,-0.04632473
1167.400024,-0.052237511
1167.5,-0.046277046
1167.599976,-0.05428791
1167.700073,-0.044226646
1167.800049,-0.059914589
1167.900024,-0.046944618
1168,-0.053620338
1168.099976,-0.045418739
1168.200073,-0.049710274
1168.300049,-0.052571297
1168.400024,-0.050568581
1168.5,-0.049805641
1168.599976,-0.047183037
1168.700073,-0.047659874
1168.800049,-0.054144859
1168.900024,-0.060772896
1169,-0.048518181
1169.099976,-0.05877018
1169.200073,-0.048756599
1169.300049,-0.055384636
1169.400024,-0.042414665
1169.5,-0.060963631
1169.599976,-0.050139427
1169.700073,-0.055766106
1169.800049,-0.042366982
1169.900024,-0.053668022
1170,-0.044941902
1170.099976,-0.052762032
1170.200073,-0.05095005
1170.300049,-0.04632473
1170.400024,-0.052952766
1170.5,-0.059342384
1170.599976,-0.050377846
1170.700073,-0.044369698
1170.800049,-0.045704842
1170.900024,-0.055146217
1171,-0.049376488
1171.099976,-0.061774254
1171.200073,-0.055193901
1171.300049,-0.052666664
1171.400024,-0.047183037
1171.5,-0.033259392
1171.599976,-0.057196617
1171.700073,-0.04799366
1171.800049,-0.048089027
1171.900024,-0.049376488
1172,-0.046753883
1172.099976,-0.051605701
1172.200073,-0.055766106
1172.300049,-0.054526329
1172.400024,-0.047516823
1172.5,-0.061631203
1172.599976,-0.047183037
1172.700073,-0.052046776
1172.800049,-0.042128563
1172.900024,-0.045800209
1173,-0.064015865
1173.099976,-0.043511391
1173.200073,-0.054764748
1173.300049,-0.051522255
1173.400024,-0.05338192
1173.5,-0.051689148
1173.599976,-0.050759315
1173.700073,-0.051093102
1173.800049,-0.052285194
1173.900024,-0.049996376
1174,-0.053143501
1174.099976,-0.051474571
1174.200073,-0.062680721
1174.300049,-0.052809715
1174.400024,-0.046229362
1174.5,-0.050234795
1174.599976,-0.051093102
1174.700073,-0.047945976
1174.800049,-0.051951408
1174.900024,-0.04556179
1175,-0.03888607
1175.099976,-0.046563148
1175.200073,-0.056242943
1175.300049,-0.03759861
1175.400024,-0.052523613
1175.5,-0.057339668
1175.599976,-0.052046776
1175.700073,-0.063491344
1175.800049,-0.044035912
1175.900024,-0.052475929
1176,-0.06043911
1176.099976,-0.048279762
1176.200073,-0.050902367
1176.300049,-0.050997734
1176.400024,-0.055241585
1176.5,-0.041174889
1176.599976,-0.057291985
1176.700073,-0.050425529
1176.800049,-0.047707558
1176.900024,-0.051236153
1177,-0.049459934
1177.099976,-0.049042702
1177.200073,-0.049853325
1177.300049,-0.050473213
1177.400024,-0.050854683
1177.5,-0.050854683
1177.599976,-0.050139427
1177.700073,-0.04928112
1177.800049,-0.047802925
1177.900024,-0.048327446
1178,-0.052714348
1178.099976,-0.04761219
1178.200073,-0.056576729
1178.300049,-0.052905083
1178.400024,-0.052952766
1178.5,-0.054526329
1178.599976,-0.053715706
1178.700073,-0.057625771
1178.800049,-0.052380562
1178.900024,-0.057959557
1179,-0.053286552
1179.099976,-0.046181679
1179.200073,-0.054430962
1179.300049,-0.050282478
1179.400024,-0.049471855
1179.5,-0.044989586
1179.599976,-0.048613548
1179.700073,-0.045228004
1179.800049,-0.047469139
1179.900024,-0.053191185
1180,-0.056433678
1180.099976,-0.052857399
1180.200073,-0.064349651
1180.300049,-0.060296059
1180.400024,-0.049948692
1180.5,-0.056529045
1180.599976,-0.045371056
1180.700073,-0.050234795
1180.800049,-0.05261898
1180.900024,-0.044226646
1181,-0.063205242
1181.099976,-0.054526329
1181.200073,-0.053477287
1181.300049,-0.047802925
1181.400024,-0.04837513
1181.5,-0.05428791
1181.599976,-0.055003166
1181.700073,-0.048613548
1181.800049,-0.055146217
1181.900024,-0.051140785
1182,-0.050282478
1182.099976,-0.06005764
1182.200073,-0.05800724
1182.300049,-0.048708916
1182.400024,-0.04131794
1182.5,-0.054144859
1182.599976,-0.049233437
1182.700073,-0.041079521
1182.800049,-0.055527687
1182.900024,-0.049853325
1183,-0.057864189
1183.099976,-0.052237511
1183.200073,-0.054717064
1183.300049,-0.052332878
1183.400024,-0.050711632
1183.5,-0.045752525
1183.599976,-0.05095005
1183.700073,-0.054574013
1183.800049,-0.046610832
1183.900024,-0.052523613
1184,-0.055527687
1184.099976,-0.04632473
1184.200073,-0.053048134
1184.300049,-0.048041344
1184.400024,-0.061917305
1184.5,-0.055480003
1184.599976,-0.054335594
1184.700073,-0.05633831
1184.800049,-0.042653084
1184.900024,-0.047516823
1185,-0.05838871
1185.099976,-0.056290627
1185.200073,-0.054645538
1185.300049,-0.051617622
1185.400024,-0.052285194
1185.5,-0.051128864
1185.599976,-0.049757957
1185.700073,-0.050854683
1185.800049,-0.053966045
1185.900024,-0.057244301
1186,-0.05800724
1186.099976,-0.050711632
1186.200073,-0.048136711
1186.300049,-0.057053566
1186.400024,-0.059056282
1186.5,-0.040555
1186.599976,-0.058484077
1186.700073,-0.043606758
1186.800049,-0.045609474
1186.900024,-0.058913231
1187,-0.059962273
1187.099976,-0.058531761
1187.200073,-0.057482719
1187.300049,-0.054049492
1187.400024,-0.049424171
1187.5,-0.059533119
1187.599976,-0.054240227
1187.700073,-0.051045418
1187.800049,-0.040268898
1187.900024,-0.062633038
1188,-0.041222572
1188.099976,-0.057053566
1188.200073,-0.04556179
1188.300049,-0.058197975
1188.400024,-0.047087669
1188.5,-0.053095818
1188.599976,-0.04556179
1188.700073,-0.044417381
1188.800049,-0.056958199
1188.900024,-0.05004406
1189,-0.055670738
1189.099976,-0.052380562
1189.200073,-0.047516823
1189.300049,-0.056958199
1189.400024,-0.054955482
1189.5,-0.049424171
1189.599976,-0.054955482
1189.700073,-0.05171299
1189.800049,-0.045371056
1189.900024,-0.04799366
1190,-0.049543381
1190.099976,-0.051093102
1190.200073,-0.053715706
1190.300049,-0.051009655
1190.400024,-0.048995018
1190.5,-0.050234795
1190.599976,-0.047564507
1190.700073,-0.047659874
1190.800049,-0.04336834
1190.900024,-0.043416023
1191,-0.050425529
1191.099976,-0.055480003
1191.200073,-0.046372414
1191.300049,-0.04389286
1191.400024,-0.047802925
1191.5,-0.047004223
1191.599976,-0.050616264
1191.700073,-0.045704842
1191.800049,-0.053954124
1191.900024,-0.052523613
1192,-0.05261898
1192.099976,-0.051951408
1192.200073,-0.052046776
1192.300049,-0.050902367
1192.400024,-0.048327446
1192.5,-0.051283836
1192.599976,-0.058531761
1192.700073,-0.045323372
1192.800049,-0.049328804
1192.900024,-0.05261898
1193,-0.057816505
1193.099976,-0.058436394
1193.200073,-0.053524971
1193.300049,-0.053906441
1193.400024,-0.047659874
1193.5,-0.050473213
1193.599976,-0.045323372
1193.700073,-0.051045418
1193.800049,-0.051617622
1193.900024,-0.044465065
1194,-0.047421455
1194.099976,-0.052809715
1194.200073,-0.045609474
1194.300049,-0.054526329
1194.400024,-0.04503727
1194.5,-0.053048134
1194.599976,-0.053906441
1194.700073,-0.050783157
1194.800049,-0.047802925
1194.900024,-0.04837513
1195,-0.051188469
1195.099976,-0.052046776
1195.200073,-0.043225288
1195.300049,-0.049757957
1195.400024,-0.056767464
1195.5,-0.061774254
1195.599976,-0.045990944
1195.700073,-0.055956841
1195.800049,-0.046515465
1195.900024,-0.055670738
1196,-0.048899651
1196.099976,-0.055909157
1196.200073,-0.050330162
1196.300049,-0.050616264
1196.400024,-0.048089027
1196.5,-0.047564507
1196.599976,-0.048363209
1196.700073,-0.051951408
1196.800049,-0.045847893
1196.900024,-0.047433376
1197,-0.045990944
1197.099976,-0.049284101
1197.200073,-0.051903725
1197.300049,-0.051808357
1197.400024,-0.046229362
1197.5,-0.050854683
1197.599976,-0.044798851
1197.700073,-0.049996376
1197.800049,-0.048327446
1197.900024,-0.049901009
1198,-0.048851967
1198.099976,-0.052905083
1198.200073,-0.048816204
1198.300049,-0.048422813
1198.400024,-0.045084953
1198.5,-0.052237511
1198.599976,-0.045418739
1198.700073,-0.050663948
1198.800049,-0.058341026
1198.900024,-0.050473213
1199,-0.043511391
1199.099976,-0.051617622
1199.200073,-0.046277046
1199.300049,-0.049519539
1199.400024,-0.05120039
1199.5,-0.054192543
1199.599976,-0.054812431
1199.700073,-0.054955482
1199.800049,-0.056862831
1199.900024,-0.053954124
1200,-0.049376488
1200.099976,-0.046849251
1200.200073,-0.054907799
1200.300049,-0.058627129
1200.400024,-0.052571297
1200.5,-0.047421455
1200.599976,-0.056242943
1200.700073,-0.048184395
1200.800049,-0.044941902
1200.900024,-0.044131279
1201,-0.046086311
1201.099976,-0.05505085
1201.200073,-0.060105324
1201.300049,-0.051760674
1201.400024,-0.053429604
1201.5,-0.057673454
1201.599976,-0.048661232
1201.700073,-0.052428246
1201.800049,-0.052762032
1201.900024,-0.049996376
1202,-0.052952766
1202.099976,-0.043654442
1202.200073,-0.053620338
1202.300049,-0.057435036
1202.400024,-0.05351305
1202.5,-0.048756599
1202.599976,-0.054240227
1202.700073,-0.049901009
1202.800049,-0.048613548
1202.900024,-0.058293343
1203,-0.053715706
1203.099976,-0.043702126
1203.200073,-0.05095005
1203.300049,-0.048327446
1203.400024,-0.050127506
1203.5,-0.048610568
1203.599976,-0.047898293
1203.700073,-0.048089027
1203.800049,-0.048756599
1203.900024,-0.049138069
1204,-0.048661232
1204.099976,-0.05004406
1204.200073,-0.053811073
1204.300049,-0.059485435
1204.400024,-0.058341026
1204.5,-0.053143501
1204.599976,-0.058341026
1204.700073,-0.052666664
1204.800049,-0.051999092
1204.900024,-0.050842762
1205,-0.051045418
1205.099976,-0.047659874
1205.200073,-0.047135353
1205.300049,-0.048744678
1205.400024,-0.05004406
1205.5,-0.050139427
1205.599976,-0.06005764
1205.700073,-0.065398693
1205.800049,-0.055718422
1205.900024,-0.046467781
1206,-0.051236153
1206.099976,-0.058913231
1206.200073,-0.059819221
1206.300049,-0.054526329
1206.400024,-0.060915947
1206.5,-0.055527687
1206.599976,-0.049233437
1206.700073,-0.048661232
1206.800049,-0.051116943
1206.900024,-0.053524971
1207,-0.053048134
1207.099976,-0.058579445
1207.200073,-0.054240227
1207.300049,-0.060105324
1207.400024,-0.055480003
1207.5,-0.052046776
1207.599976,-0.050663948
1207.700073,-0.055623055
1207.800049,-0.057482719
1207.900024,-0.051903725
1208,-0.050759315
1208.099976,-0.047802925
1208.200073,-0.05543232
1208.300049,-0.051426888
1208.400024,-0.04799366
1208.5,-0.057530403
1208.599976,-0.05543232
1208.700073,-0.056111813
1208.800049,-0.056004524
1208.900024,-0.055480003
1209,-0.056481361
1209.099976,-0.039505959
1209.200073,-0.061821938
1209.300049,-0.043034554
1209.400024,-0.056052208
1209.5,-0.056433678
1209.599976,-0.04761219
1209.700073,-0.060963631
1209.800049,-0.049424171
1209.900024,-0.057578087
1210,-0.049567223
1210.099976,-0.056481361
1210.200073,-0.041079521
1210.300049,-0.048613548
1210.400024,-0.056862831
1210.5,-0.040316582
1210.599976,-0.050425529
1210.700073,-0.061631203
1210.800049,-0.060391426
1210.900024,-0.043463707
1211,-0.051808357
1211.099976,-0.060725212
1211.200073,-0.051760674
1211.300049,-0.037741661
1211.400024,-0.051522255
1211.5,-0.044035912
1211.599976,-0.050520897
1211.700073,-0.052142143
1211.800049,-0.049376488
1211.900024,-0.058341026
1212,-0.053048134
1212.099976,-0.049853325
1212.200073,-0.042939186
1212.300049,-0.0467062
1212.400024,-0.059342384
1212.5,-0.059628487
1212.599976,-0.0613451
1212.700073,-0.056099892
1212.800049,-0.05300045
1212.900024,-0.050425529
1213,-0.056147575
1213.099976,-0.05171299
1213.200073,-0.050997734
1213.300049,-0.054097176
1213.400024,-0.05633831
1213.5,-0.057339668
1213.599976,-0.047945976
1213.700073,-0.051379204
1213.800049,-0.060963631
1213.900024,-0.04966259
1214,-0.05633831
1214.099976,-0.050473213
1214.200073,-0.048136711
1214.300049,-0.047898293
1214.400024,-0.053477287
1214.5,-0.055766106
1214.599976,-0.050997734
1214.700073,-0.049471855
1214.800049,-0.054955482
1214.900024,-0.062441826
1215,-0.055146217
1215.099976,-0.051236153
1215.200073,-0.053286552
1215.300049,-0.052475929
1215.400024,-0.051414967
1215.5,-0.048327446
1215.599976,-0.051569939
1215.700073,-0.057864189
1215.800049,-0.049567223
1215.900024,-0.054717064
1216,-0.046610832
1216.099976,-0.042366982
1216.200073,-0.048899651
1216.300049,-0.060296059
1216.400024,-0.050425529
1216.5,-0.052142143
1216.599976,-0.057768822
1216.700073,-0.046229362
1216.800049,-0.052809715
1216.900024,-0.053668022
1217,-0.052380562
1217.099976,-0.049901009
1217.200073,-0.057816505
1217.300049,-0.054526329
1217.400024,-0.056314468
1217.5,-0.055623055
1217.599976,-0.052970648
1217.700073,-0.049090385
1217.800049,-0.050854683
1217.900024,-0.047111511
1218,-0.044131279
1218.099976,-0.044369698
1218.200073,-0.050163269
1218.300049,-0.055384636
1218.400024,-0.056767464
1218.5,-0.05710125
1218.599976,-0.055480003
1218.700073,-0.054144859
1218.800049,-0.059247017
1218.900024,-0.05300045
1219,-0.056767464
1219.099976,-0.05261898
1219.200073,-0.046801567
1219.300049,-0.062394142
1219.400024,-0.054574013
1219.5,-0.043606758
1219.599976,-0.051045418
1219.700073,-0.055766106
1219.800049,-0.055527687
1219.900024,-0.055766106
1220,-0.054812431
1220.099976,-0.056958199
1220.200073,-0.060915947
1220.300049,-0.053477287
1220.400024,-0.050473213
1220.5,-0.049948692
1220.599976,-0.051438808
1220.700073,-0.05171299
1220.800049,-0.053620338
1220.900024,-0.050878525
1221,-0.049948692
1221.099976,-0.048232079
1221.200073,-0.050806999
1221.300049,-0.05004406
1221.400024,-0.049424171
1221.5,-0.054240227
1221.599976,-0.056815147
1221.700073,-0.056958199
1221.800049,-0.049138069
1221.900024,-0.055766106
1222,-0.05095005
1222.099976,-0.054621696
1222.200073,-0.051665306
1222.300049,-0.05261898
1222.400024,-0.05338192
1222.5,-0.066781521
1222.599976,-0.061869621
1222.700073,-0.046229362
1222.800049,-0.047087669
1222.900024,-0.049567223
1223,-0.054562092
1223.099976,-0.061154366
1223.200073,-0.06043911
1223.300049,-0.057983398
1223.400024,-0.057482719
1223.5,-0.056964159
1223.599976,-0.05710125
1223.700073,-0.055289268
1223.800049,-0.051665306
1223.900024,-0.049138069
1224,-0.054764748
1224.099976,-0.055289268
1224.200073,-0.054335594
1224.300049,-0.052523613
1224.400024,-0.054764748
1224.5,-0.057768822
1224.599976,-0.061583519
1224.700073,-0.062203407
1224.800049,-0.052523613
1224.900024,-0.049471855
1225,-0.05171299
1225.099976,-0.05133152
1225.200073,-0.052189827
1225.300049,-0.049352646
1225.400024,-0.046801567
1225.5,-0.047087669
1225.599976,-0.053668022
1225.700073,-0.053954124
1225.800049,-0.057053566
1225.900024,-0.053858757
1226,-0.060582161
1226.099976,-0.049042702
1226.200073,-0.059914589
1226.300049,-0.05633831
1226.400024,-0.049614906
1226.5,-0.048947334
1226.599976,-0.052428246
1226.700073,-0.051701069
1226.800049,-0.052666664
1226.900024,-0.052762032
1227,-0.052475929
1227.099976,-0.062155724
1227.200073,-0.046181679
1227.300049,-0.053477287
1227.400024,-0.064349651
1227.5,-0.059247017
1227.599976,-0.044894218
1227.700073,-0.060677528
1227.800049,-0.046896935
1227.900024,-0.055241585
1228,-0.061058998
1228.099976,-0.059342384
1228.200073,-0.059914589
1228.300049,-0.049567223
1228.400024,-0.057864189
1228.5,-0.046753883
1228.599976,-0.046038628
1228.700073,-0.048613548
1228.800049,-0.056052208
1228.900024,-0.048518181
1229,-0.057244301
1229.099976,-0.063539028
1229.200073,-0.050520897
1229.300049,-0.049233437
1229.400024,-0.051379204
1229.5,-0.056481361
1229.599976,-0.052237511
1229.700073,-0.057816505
1229.800049,-0.054693222
1229.900024,-0.055241585
1230,-0.053477287
1230.099976,-0.062155724
1230.200073,-0.048851967
1230.300049,-0.063348293
1230.400024,-0.057959557
1230.5,-0.049233437
1230.599976,-0.059580803
1230.700073,-0.06496954
1230.800049,-0.048136711
1230.900024,-0.054717064
1231,-0.050091743
1231.099976,-0.053858757
1231.200073,-0.055766106
1231.300049,-0.052189827
1231.400024,-0.047135353
1231.5,-0.052571297
1231.599976,-0.050854683
1231.700073,-0.061488152
1231.800049,-0.051283836
1231.900024,-0.062441826
1232,-0.049996376
1232.099976,-0.06330061
1232.200073,-0.054097176
1232.300049,-0.055480003
1232.400024,-0.055110455
1232.5,-0.057196617
1232.599976,-0.053668022
1232.700073,-0.054204464
1232.800049,-0.052762032
1232.900024,-0.053191185
1233,-0.052046776
1233.099976,-0.055289268
1233.200073,-0.051045418
1233.300049,-0.0613451
1233.400024,-0.052189827
1233.5,-0.057768822
1233.599976,-0.061011314
1233.700073,-0.053954124
1233.800049,-0.056385994
1233.900024,-0.056290627
1234,-0.059950471
1234.099976,-0.061869621
1234.200073,-0.065255642
1234.300049,-0.060808778
1234.400024,-0.057721138
1234.5,-0.05838871
1234.599976,-0.056385994
1234.700073,-0.065351009
1234.800049,-0.05543232
1234.900024,-0.05967617
1235,-0.055336952
1235.099976,-0.064921856
1235.200073,-0.048613548
1235.300049,-0.052952766
1235.400024,-0.056052208
1235.5,-0.067162991
1235.599976,-0.045180321
1235.700073,-0.061535835
1235.800049,-0.061869621
1235.900024,-0.057721138
1236,-0.054049492
1236.099976,-0.05300045
1236.200073,-0.05273819
1236.300049,-0.051808357
1236.400024,-0.05209446
1236.5,-0.054478645
1236.599976,-0.051283836
1236.700073,-0.053572655
1236.800049,-0.052857399
1236.900024,-0.054240227
1237,-0.054335594
1237.099976,-0.053286552
1237.200073,-0.058245659
1237.300049,-0.062012672
1237.400024,-0.057196617
1237.5,-0.057339668
1237.599976,-0.057768822
1237.700073,-0.058817863
1237.800049,-0.057625771
1237.900024,-0.055336952
1238,-0.054621696
1238.099976,-0.058770299
1238.200073,-0.059819221
1238.300049,-0.065303326
1238.400024,-0.06253767
1238.5,-0.063252807
1238.599976,-0.066304684
1238.700073,-0.058865547
1238.800049,-0.049853325
1238.900024,-0.059485435
1239,-0.064540386
1239.099976,-0.061106682
1239.200073,-0.052857399
1239.300049,-0.065970898
1239.400024,-0.055527687
1239.5,-0.058245659
1239.599976,-0.054478645
1239.700073,-0.055420399
1239.800049,-0.05505085
1239.900024,-0.053906441
1240,-0.057005882
1240.099976,-0.055742264
1240.200073,-0.055861473
1240.300049,-0.056195259
1240.400024,-0.056099892
1240.5,-0.058853626
1240.599976,-0.062394142
1240.700073,-0.060725212
1240.800049,-0.057387352
1240.900024,-0.056052208
1241,-0.045990944
1241.099976,-0.05633831
1241.200073,-0.048804283
1241.300049,-0.058484077
1241.400024,-0.051474571
1241.5,-0.051188469
1241.599976,-0.057768822
1241.700073,-0.0613451
1241.800049,-0.050616264
1241.900024,-0.056242943
1242,-0.062012672
1242.099976,-0.054860115
1242.200073,-0.049996376
1242.300049,-0.056576729
1242.400024,-0.06043911
1242.5,-0.06458807
1242.599976,-0.051522255
1242.700073,-0.062633038
1242.800049,-0.050616264
1242.900024,-0.059390068
1243,-0.052952766
1243.099976,-0.05877018
1243.200073,-0.040984154
1243.300049,-0.063634396
1243.400024,-0.049996376
1243.5,-0.049901009
1243.599976,-0.048947334
1243.700073,-0.062298775
1243.800049,-0.058245659
1243.900024,-0.060391426
1244,-0.060772896
1244.099976,-0.060248375
1244.200073,-0.062155843
1244.300049,-0.065923214
1244.400024,-0.061678886
1244.5,-0.063491106
1244.599976,-0.060486794
1244.700073,-0.06587553
1244.800049,-0.064254284
1244.900024,-0.061154366
1245,-0.059735894
1245.099976,-0.056624413
1245.200073,-0.056910515
1245.300049,-0.056529045
1245.400024,-0.060963631
1245.5,-0.053811073
1245.599976,-0.059390068
1245.700073,-0.049519539
1245.800049,-0.048565865
1245.900024,-0.055575371
1246,-0.060391426
1246.099976,-0.062251091
1246.200073,-0.062167764
1246.300049,-0.061574608
1246.400024,-0.061297417
1246.5,-0.060582161
1246.599976,-0.060558319
1246.700073,-0.060200691
1246.800049,-0.061768532
1246.900024,-0.063252926
1247,-0.063062191
1247.099976,-0.059580803
1247.200073,-0.055241585
1247.300049,-0.060772896
1247.400024,-0.047802925
1247.5,-0.051617622
1247.599976,-0.055336952
1247.700073,-0.051856041
1247.800049,-0.053143501
1247.900024,-0.055336952
1248,-0.055670738
1248.099976,-0.060677528
1248.200073,-0.057053566
1248.300049,-0.052285194
1248.400024,-0.064254284
1248.5,-0.051951408
1248.599976,-0.062251091
1248.700073,-0.048565865
1248.800049,-0.055909157
1248.900024,-0.050187111
1249,-0.058817863
1249.099976,-0.066352367
1249.200073,-0.059533119
1249.300049,-0.063109875
1249.400024,-0.059056282
1249.5,-0.059771538
1249.599976,-0.045180321
1249.700073,-0.063205242
1249.800049,-0.053954124
1249.900024,-0.047850609
1250,-0.05338192
1250.099976,-0.062012672
1250.200073,-0.063491344
1250.300049,-0.061309457
1250.400024,-0.060582161
1250.5,-0.059151649
1250.599976,-0.050616264
1250.700073,-0.0613451
1250.800049,-0.045847893
1250.900024,-0.05466938
1251,-0.056672096
1251.099976,-0.054192543
1251.200073,-0.057339668
1251.300049,-0.051665306
1251.400024,-0.055861473
1251.5,-0.048613548
1251.599976,-0.061202049
1251.700073,-0.063539028
1251.800049,-0.056815147
1251.900024,-0.053191185
1252,-0.058555722
1252.099976,-0.060486794
1252.200073,-0.054711133
1252.300049,-0.051903725
1252.400024,-0.047898293
1252.5,-0.054180622
1252.599976,-0.058627129
1252.700073,-0.058293343
1252.800049,-0.058841705
1252.900024,-0.05838871
1253,-0.056034327
1253.099976,-0.054144859
1253.200073,-0.052762032
1253.300049,-0.059533119
1253.400024,-0.053954124
1253.5,-0.058627129
1253.599976,-0.057435036
1253.700073,-0.054907799
1253.800049,-0.050473213
1253.900024,-0.058627129
1254,-0.050473213
1254.099976,-0.056433678
1254.200073,-0.057816505
1254.300049,-0.053286552
1254.400024,-0.044846535
1254.5,-0.062585354
1254.599976,-0.055241585
1254.700073,-0.056242943
1254.800049,-0.050759315
1254.900024,-0.070024014
1255,-0.062871456
1255.099976,-0.053906441
1255.200073,-0.056052208
1255.300049,-0.054478645
1255.400024,-0.048947334
1255.5,-0.065780163
1255.599976,-0.05300045
1255.700073,-0.060725212
1255.800049,-0.060868263
1255.900024,-0.055336952
1256,-0.052380562
1256.099976,-0.047373772
1256.200073,-0.054192543
1256.300049,-0.046944618
1256.400024,-0.042939186
1256.5,-0.048339367
1256.599976,-0.05261898
1256.700073,-0.050854683
1256.800049,-0.054144859
1256.900024,-0.059628487
1257,-0.059497476
1257.099976,-0.063872814
1257.200073,-0.060343742
1257.300049,-0.048565865
1257.400024,-0.04837513
1257.5,-0.051152706
1257.599976,-0.052285194
1257.700073,-0.055384636
1257.800049,-0.045609474
1257.900024,-0.050520897
1258,-0.052571297
1258.099976,-0.05300045
1258.200073,-0.056147575
1258.300049,-0.060200691
1258.400024,-0.06382513
1258.5,-0.059056282
1258.599976,-0.057005882
1258.700073,-0.057148933
1258.800049,-0.056838989
1258.900024,-0.055593252
1259,-0.053811073
1259.099976,-0.054574013
1259.200073,-0.054073334
1259.300049,-0.054049492
1259.400024,-0.053858757
1259.5,-0.055384636
1259.599976,-0.057339668
1259.700073,-0.04336834
1259.800049,-0.064349651
1259.900024,-0.047039986
1260,-0.055384636
1260.099976,-0.065637112
1260.200073,-0.059151649
1260.300049,-0.056862831
1260.400024,-0.06253767
1260.5,-0.051760674
1260.599976,-0.063109875
1260.700073,-0.057864189
1260.800049,-0.055861473
1260.900024,-0.055336952
1261,-0.05505085
1261.099976,-0.054991245
1261.200073,-0.054907799
1261.300049,-0.061187387
1261.400024,-0.069356441
1261.5,-0.065494061
1261.599976,-0.064110994
1261.700073,-0.061392784
1261.800049,-0.060200691
1261.900024,-0.060296059
1262,-0.054574013
1262.099976,-0.054717064
1262.200073,-0.0642066
1262.300049,-0.059819221
1262.400024,-0.052380562
1262.5,-0.05428791
1262.599976,-0.051522255
1262.700073,-0.049042702
1262.800049,-0.056958199
1262.900024,-0.048327446
1263,-0.056385994
1263.099976,-0.054335594
1263.200073,-0.064111233
1263.300049,-0.058579445
1263.400024,-0.054574013
1263.5,-0.06291914
1263.599976,-0.059008598
1263.700073,-0.060629845
1263.800049,-0.05543232
1263.900024,-0.062155724
1264,-0.058150291
1264.099976,-0.068164349
1264.200073,-0.065446377
1264.300049,-0.062251091
1264.400024,-0.050616264
1264.5,-0.053477287
1264.599976,-0.058579445
1264.700073,-0.051283836
1264.800049,-0.06458807
1264.900024,-0.050663948
1265,-0.05505085
1265.099976,-0.053095818
1265.200073,-0.057816505
1265.300049,-0.050377846
1265.400024,-0.056433678
1265.5,-0.051617622
1265.599976,-0.058341026
1265.700073,-0.062203407
1265.800049,-0.054717064
1265.900024,-0.052571297
1266,-0.058627129
1266.099976,-0.06382513
1266.200073,-0.068212032
1266.300049,-0.063097715
1266.400024,-0.060582161
1266.5,-0.059771538
1266.599976,-0.05838871
1266.700073,-0.060522556
1266.800049,-0.062060356
1266.900024,-0.061869621
1267,-0.05838871
1267.099976,-0.047945976
1267.200073,-0.05209446
1267.300049,-0.063109875
1267.400024,-0.059962273
1267.5,-0.05710125
1267.599976,-0.049996376
1267.700073,-0.057673454
1267.800049,-0.049042702
1267.900024,-0.061106682
1268,-0.054526329
1268.099976,-0.056624413
1268.200073,-0.054931641
1268.300049,-0.055480003
1268.400024,-0.053095818
1268.5,-0.056576729
1268.599976,-0.059914589
1268.700073,-0.063348293
1268.800049,-0.05466938
1268.900024,-0.069451809
1269,-0.059199333
1269.099976,-0.056433678
1269.200073,-0.056540966
1269.300049,-0.055003166
1269.400024,-0.058355927
1269.5,-0.061106682
1269.599976,-0.060772896
1269.700073,-0.065541744
1269.800049,-0.059390068
1269.900024,-0.066161633
1270,-0.062489986
1270.099976,-0.05633831
1270.200073,-0.055003166
1270.300049,-0.054907799
1270.400024,-0.063157558
1270.5,-0.048661232
1270.599976,-0.062585354
1270.700073,-0.067878246
1270.800049,-0.058913231
1270.900024,-0.059723854
1271,-0.057530403
1271.099976,-0.052189827
1271.200073,-0.059628487
1271.300049,-0.062728405
1271.400024,-0.06382513
1271.5,-0.055098534
1271.599976,-0.063157558
1271.700073,-0.051665306
1271.800049,-0.051093102
1271.900024,-0.053954124
1272,-0.057291985
1272.099976,-0.054597855
1272.200073,-0.051951408
1272.300049,-0.055193901
1272.400024,-0.052905083
1272.5,-0.055623055
1272.599976,-0.053465366
1272.700073,-0.054335594
1272.800049,-0.050997734
1272.900024,-0.056815147
1273,-0.059485435
1273.099976,-0.062441826
1273.200073,-0.059151649
1273.300049,-0.053048134
1273.400024,-0.053727627
1273.5,-0.051951408
1273.599976,-0.050759315
1273.700073,-0.052428246
1273.800049,-0.059914589
1273.900024,-0.059962273
1274,-0.056290627
1274.099976,-0.049710274
1274.200073,-0.064540386
1274.300049,-0.058341026
1274.400024,-0.061869621
1274.5,-0.059103966
1274.599976,-0.054383278
1274.700073,-0.050711632
1274.800049,-0.053119659
1274.900024,-0.053429604
1275,-0.053954124
1275.099976,-0.046086311
1275.200073,-0.061917305
1275.300049,-0.054812431
1275.400024,-0.056624413
1275.5,-0.056242943
1275.599976,-0.05967617
1275.700073,-0.061821938
1275.800049,-0.064015865
1275.900024,-0.061821938
1276,-0.057864189
1276.099976,-0.047802925
1276.200073,-0.050091743
1276.300049,-0.057291985
1276.400024,-0.052762032
1276.5,-0.057733059
1276.599976,-0.06005764
1276.700073,-0.06082058
1276.800049,-0.058197975
1276.900024,-0.057721138
1277,-0.056314468
1277.099976,-0.053620338
1277.200073,-0.055718422
1277.300049,-0.055336952
1277.400024,-0.056767464
1277.5,-0.057911873
1277.599976,-0.058102608
1277.700073,-0.058507919
1277.800049,-0.059962273
1277.900024,-0.058054924
1278,-0.059914589
1278.099976,-0.052666664
1278.200073,-0.053715706
1278.300049,-0.049138069
1278.400024,-0.055670738
1278.5,-0.050902367
1278.599976,-0.051236153
1278.700073,-0.056433678
1278.800049,-0.04594326
1278.900024,-0.053143501
1279,-0.057196617
1279.099976,-0.058960915
1279.200073,-0.054383278
1279.300049,-0.048279762
1279.400024,-0.051760674
1279.5,-0.061058998
1279.599976,-0.062823772
1279.700073,-0.055909157
1279.800049,-0.05710125
1279.900024,-0.056231022
1280,-0.055289268
1280.099976,-0.056624413
1280.200073,-0.056481361
1280.300049,-0.056910515
1280.400024,-0.05710125
1280.5,-0.053668022
1280.599976,-0.060391426
1280.700073,-0.051283836
1280.800049,-0.060486794
1280.900024,-0.055909157
1281,-0.057053566
1281.099976,-0.051808357
1281.200073,-0.057721138
1281.300049,-0.051903725
1281.400024,-0.050854683
1281.5,-0.056087971
1281.599976,-0.06043911
1281.700073,-0.061154366
1281.800049,-0.055146217
1281.900024,-0.053715706
1282,-0.053238869
1282.099976,-0.051295757
1282.200073,-0.050377846
1282.300049,-0.053873658
1282.400024,-0.055670738
1282.5,-0.058150291
1282.599976,-0.059819221
1282.700073,-0.055861473
1282.800049,-0.060915947
1282.900024,-0.05543232
1283,-0.059151649
1283.099976,-0.055098534
1283.200073,-0.061869621
1283.300049,-0.053572655
1283.400024,-0.048708916
1283.5,-0.059914589
1283.599976,-0.065303326
1283.700073,-0.0613451
1283.800049,-0.053238869
1283.900024,-0.05261898
1284,-0.053286552
1284.099976,-0.051808357
1284.200073,-0.055480003
1284.300049,-0.05338192
1284.400024,-0.054812431
1284.5,-0.053572655
1284.599976,-0.055480003
1284.700073,-0.056362152
1284.800049,-0.058341026
1284.900024,-0.058054924
1285,-0.05812645
1285.099976,-0.057846308
1285.200073,-0.057435036
1285.300049,-0.057768822
1285.400024,-0.054955482
1285.5,-0.058150291
1285.599976,-0.054860115
1285.700073,-0.056624413
1285.800049,-0.057053566
1285.900024,-0.059008598
1286,-0.060200691
1286.099976,-0.062155724
1286.200073,-0.057411194
1286.300049,-0.05633831
1286.400024,-0.05095005
1286.5,-0.057387352
1286.599976,-0.063109875
1286.700073,-0.056254983
1286.800049,-0.051856041
1286.900024,-0.052666664
1287,-0.056242943
1287.099976,-0.062728405
1287.200073,-0.054907799
1287.300049,-0.061440468
1287.400024,-0.064635754
1287.5,-0.054430962
1287.599976,-0.058102608
1287.700073,-0.055527687
1287.800049,-0.058674812
1287.900024,-0.060248375
1288,-0.060534477
1288.099976,-0.05838871
1288.200073,-0.05428791
1288.300049,-0.056385994
1288.400024,-0.054907799
1288.5,-0.061249733
1288.599976,-0.053572655
1288.700073,-0.068593502
1288.800049,-0.04632473
1288.900024,-0.041794777
1289,-0.057625771
1289.099976,-0.060153008
1289.200073,-0.062060356
1289.300049,-0.060915947
1289.400024,-0.056147575
1289.5,-0.056052208
1289.599976,-0.058674812
1289.700073,-0.058054924
1289.800049,-0.056815147
1289.900024,-0.055134296
1290,-0.052714348
1290.099976,-0.052952766
1290.200073,-0.060963631
1290.300049,-0.066304684
1290.400024,-0.062859297
1290.5,-0.062823772
1290.599976,-0.0613451
1290.700073,-0.057768822
1290.800049,-0.049901009
1290.900024,-0.067496777
1291,-0.05877018
1291.099976,-0.057578087
1291.200073,-0.064111233
1291.300049,-0.050139427
1291.400024,-0.056624413
1291.5,-0.055038929
1291.599976,-0.055956841
1291.700073,-0.057435036
1291.800049,-0.06005764
1291.900024,-0.065780163
1292,-0.058293343
1292.099976,-0.062251091
1292.200073,-0.068545818
1292.300049,-0.059199333
1292.400024,-0.054192543
1292.5,-0.056004524
1292.599976,-0.068974972
1292.700073,-0.052475929
1292.800049,-0.060343742
1292.900024,-0.053715706
1293,-0.066209316
1293.099976,-0.054574013
1293.200073,-0.057339668
1293.300049,-0.072217464
1293.400024,-0.05133152
1293.5,-0.065446377
1293.599976,-0.0613451
1293.700073,-0.05671978
1293.800049,-0.052380562
1293.900024,-0.057291985
1294,-0.061106682
1294.099976,-0.062871456
1294.200073,-0.054383278
1294.300049,-0.068831921
1294.400024,-0.06382513
1294.5,-0.05428791
1294.599976,-0.056147575
1294.700073,-0.058531761
1294.800049,-0.052809715
1294.900024,-0.060391426
1295,-0.055241585
1295.099976,-0.056672096
1295.200073,-0.056254864
1295.300049,-0.056767464
1295.400024,-0.05633831
1295.5,-0.053572655
1295.599976,-0.06253767
1295.700073,-0.04222393
1295.800049,-0.059199333
1295.900024,-0.051951408
1296,-0.052285194
1296.099976,-0.060296059
1296.200073,-0.062585354
1296.300049,-0.057053566
1296.400024,-0.058865547
1296.5,-0.054895878
1296.599976,-0.053238869
1296.700073,-0.050425529
1296.800049,-0.054240227
1296.900024,-0.064015865
1297,-0.060343742
1297.099976,-0.051426888
1297.200073,-0.059580803
1297.300049,-0.066876888
1297.400024,-0.065637112
1297.5,-0.05967617
1297.599976,-0.061058998
1297.700073,-0.057959557
1297.800049,-0.061297536
1297.900024,-0.064254284
1298,-0.061917305
1298.099976,-0.060629845
1298.200073,-0.05710125
1298.300049,-0.05710125
1298.400024,-0.059533119
1298.5,-0.052380562
1298.599976,-0.063395977
1298.700073,-0.047564507
1298.800049,-0.058102608
1298.900024,-0.053429604
1299,-0.055861473
1299.099976,-0.071073055
1299.200073,-0.053095818
1299.300049,-0.062251091
1299.400024,-0.056433678
1299.5,-0.058674812
1299.599976,-0.047945976
1299.700073,-0.062680721
1299.800049,-0.054860115
1299.900024,-0.063491344
1300,-0.057721138
1300.099976,-0.064063549
1300.200073,-0.057482719
1300.300049,-0.061202049
1300.400024,-0.054860115
1300.5,-0.052428246
1300.599976,-0.055146217
1300.700073,-0.056862831
1300.800049,-0.055241585
1300.900024,-0.051951408
1301,-0.062585354
1301.099976,-0.047373772
1301.200073,-0.060725212
1301.300049,-0.059437752
1301.400024,-0.058484077
1301.5,-0.047659874
1301.599976,-0.069642544
1301.700073,-0.054478645
1301.800049,-0.060915947
1301.900024,-0.06082058
1302,-0.060105324
1302.099976,-0.05838871
1302.200073,-0.060939908
1302.300049,-0.059914589
1302.400024,-0.065351009
1302.5,-0.060963631
1302.599976,-0.057959557
1302.700073,-0.063634396
1302.800049,-0.064445019
1302.900024,-0.057387352
1303,-0.047135353
1303.099976,-0.057625771
1303.200073,-0.064731121
1303.300049,-0.065732479
1303.400024,-0.061536074
1303.5,-0.059533119
1303.599976,-0.056147575
1303.700073,-0.046277046
1303.800049,-0.061058998
1303.900024,-0.06754446
1304,-0.059390068
1304.099976,-0.069928646
1304.200073,-0.059485435
1304.300049,-0.06330061
1304.400024,-0.061011314
1304.5,-0.056529045
1304.599976,-0.063491344
1304.700073,-0.059175611
1304.800049,-0.058293343
1304.900024,-0.05838871
1305,-0.068545818
1305.099976,-0.048565865
1305.200073,-0.057148933
1305.300049,-0.054621696
1305.400024,-0.059247017
1305.5,-0.05209446
1305.599976,-0.059580803
1305.700073,-0.060629845
1305.800049,-0.065207958
1305.900024,-0.062298775
1306,-0.061321378
1306.099976,-0.057530403
1306.200073,-0.060248375
1306.300049,-0.066829205
1306.400024,-0.066543102
1306.5,-0.070417404
1306.599976,-0.072312832
1306.700073,-0.075984478
1306.800049,-0.066113949
1306.900024,-0.061297417
1307,-0.064683437
1307.099976,-0.070977688
1307.200073,-0.065684795
1307.300049,-0.06792593
1307.400024,-0.075507641
1307.5,-0.067973614
1307.599976,-0.059103966
1307.700073,-0.063968182
1307.800049,-0.069451809
1307.900024,-0.059533119
1308,-0.069928646
1308.099976,-0.063586712
1308.200073,-0.072169781
1308.300049,-0.062203407
1308.400024,-0.067162991
1308.5,-0.058150291
1308.599976,-0.057053566
1308.700073,-0.077319622
1308.800049,-0.076747417
1308.900024,-0.066400051
1309,-0.069880962
1309.099976,-0.061154366
1309.200073,-0.072980404
1309.300049,-0.062441826
1309.400024,-0.06496954
1309.5,-0.072789669
1309.599976,-0.064158916
1309.700073,-0.059628487
1309.800049,-0.074935436
1309.900024,-0.068450451
1310,-0.061106682
1310.099976,-0.069833279
1310.200073,-0.057482719
1310.300049,-0.076890469
1310.400024,-0.062346458
1310.5,-0.073981762
1310.599976,-0.066495419
1310.700073,-0.068784237
1310.800049,-0.073266506
1310.900024,-0.070214748
1311,-0.07088232
1311.099976,-0.06792593
1311.200073,-0.069165707
1311.300049,-0.0703578
1311.400024,-0.076413631
1311.5,-0.069833279
1311.599976,-0.077558041
1311.700073,-0.063443661
1311.800049,-0.070691586
1311.900024,-0.059294701
1312,-0.064683437
1312.099976,-0.065923214
1312.200073,-0.06496954
1312.300049,-0.058674812
1312.400024,-0.062823772
1312.5,-0.070310116
1312.599976,-0.057625771
1312.700073,-0.053668022
1312.800049,-0.062871456
1312.900024,-0.06382513
1313,-0.064313889
1313.099976,-0.065160275
1313.200073,-0.065398693
1313.300049,-0.065351009
1313.400024,-0.064146876
1313.5,-0.061154366
1313.599976,-0.064683437
1313.700073,-0.057387352
1313.800049,-0.072074413
1313.900024,-0.066447735
1314,-0.065160275
1314.099976,-0.068021297
1314.200073,-0.063383818
1314.300049,-0.060009956
1314.400024,-0.060343742
1314.5,-0.063968182
1314.599976,-0.061774254
1314.700073,-0.066972256
1314.800049,-0.066447735
1314.900024,-0.058865547
1315,-0.055718422
1315.099976,-0.064111233
1315.200073,-0.059485435
1315.300049,-0.063872814
1315.400024,-0.067306042
1315.5,-0.063443661
1315.599976,-0.059342384
1315.700073,-0.070119381
1315.800049,-0.06172657
1315.900024,-0.057578087
1316,-0.062346458
1316.099976,-0.060296059
1316.200073,-0.06291914
1316.300049,-0.062585235
1316.400024,-0.063205242
1316.5,-0.063920498
1316.599976,-0.070834637
1316.700073,-0.055956841
1316.800049,-0.068831921
1316.900024,-0.070786953
1317,-0.061964989
1317.099976,-0.060677528
1317.200073,-0.063968182
1317.300049,-0.064445019
1317.400024,-0.062680721
1317.5,-0.062441826
1317.599976,-0.065351009
1317.700073,-0.06792593
1317.800049,-0.056958199
1317.900024,-0.061964989
1318,-0.058150291
1318.099976,-0.072885036
1318.200073,-0.064445019
1318.300049,-0.068736553
1318.400024,-0.066829205
1318.5,-0.057435036
1318.599976,-0.064921856
1318.700073,-0.056290627
1318.800049,-0.075650692
1318.900024,-0.062251091
1319,-0.067115307
1319.099976,-0.066829205
1319.200073,-0.063872814
1319.300049,-0.063348293
1319.400024,-0.061154366
1319.5,-0.059103966
1319.599976,-0.061261773
1319.700073,-0.062155724
1319.800049,-0.062633038
1319.900024,-0.064683437
1320,-0.065351009
1320.099976,-0.063145518
1320.200073,-0.065541744
1320.300049,-0.057005882
1320.400024,-0.068164349
1320.5,-0.056433678
1320.599976,-0.059866905
1320.700073,-0.060534477
1320.800049,-0.070548534
1320.900024,-0.064874172
1321,-0.069118023
1321.099976,-0.063252926
1321.200073,-0.06663847
1321.300049,-0.069261074
1321.400024,-0.067162991
1321.5,-0.065303326
1321.599976,-0.067449093
1321.700073,-0.062871456
1321.800049,-0.065732479
1321.900024,-0.062883139
1322,-0.060915947
1322.099976,-0.062012672
1322.200073,-0.065064907
1322.300049,-0.063181162
1322.400024,-0.063252926
1322.5,-0.062394142
1322.599976,-0.067258239
1322.700073,-0.074220181
1322.800049,-0.069165707
1322.900024,-0.066018581
1323,-0.065303326
1323.099976,-0.064826488
1323.200073,-0.064445019
1323.300049,-0.063777447
1323.400024,-0.066698074
1323.5,-0.068068981
1323.599976,-0.070500851
1323.700073,-0.063872814
1323.800049,-0.067687511
1323.900024,-0.064921856
1324,-0.063729763
1324.099976,-0.063896656
1324.200073,-0.063014507
1324.300049,-0.063920498
1324.400024,-0.066483498
1324.5,-0.071406841
1324.599976,-0.067592144
1324.700073,-0.065255642
1324.800049,-0.064921856
1324.900024,-0.057291985
1325,-0.058722496
1325.099976,-0.067687511
1325.200073,-0.064349651
1325.300049,-0.070071697
1325.400024,-0.068974972
1325.5,-0.0613451
1325.599976,-0.063682079
1325.700073,-0.068140388
1325.800049,-0.071931362
1325.900024,-0.075603008
1326,-0.063014507
1326.099976,-0.066924572
1326.200073,-0.071883678
1326.300049,-0.068450451
1326.400024,-0.06870079
1326.5,-0.06792593
1326.599976,-0.066543102
1326.700073,-0.068641186
1326.800049,-0.063062191
1326.900024,-0.069368362
1327,-0.073886395
1327.099976,-0.071883678
1327.200073,-0.064254284
1327.300049,-0.061821938
1327.400024,-0.06330061
1327.5,-0.056195259
1327.599976,-0.07460165
1327.700073,-0.062298775
1327.800049,-0.065064907
1327.900024,-0.0642066
1328,-0.061452627
1328.099976,-0.059151649
1328.200073,-0.057387352
1328.300049,-0.062203407
1328.400024,-0.060534477
1328.5,-0.063812971
1328.599976,-0.065589428
1328.700073,-0.066924572
1328.800049,-0.064683437
1328.900024,-0.071120739
1329,-0.065398693
1329.099976,-0.06253767
1329.200073,-0.067115307
1329.300049,-0.06291914
1329.400024,-0.07293272
1329.5,-0.060772896
1329.599976,-0.064015865
1329.700073,-0.066876888
1329.800049,-0.066924572
1329.900024,-0.056433678
1330,-0.054335594
1330.099976,-0.067306042
1330.200073,-0.069880962
1330.300049,-0.068212032
1330.400024,-0.06754446
1330.5,-0.070119381
1330.599976,-0.0613451
1330.700073,-0.071311474
1330.800049,-0.055861473
1330.900024,-0.06754446
1331,-0.065970898
1331.099976,-0.063491344
1331.200073,-0.065160275
1331.300049,-0.074887753
1331.400024,-0.070405483
1331.5,-0.055670738
1331.599976,-0.05300045
1331.700073,-0.056660175
1331.800049,-0.060009956
1331.900024,-0.057959557
1332,-0.070405483
1332.099976,-0.072217464
1332.200073,-0.062203407
1332.300049,-0.062823772
1332.400024,-0.061202168
1332.5,-0.059437752
1332.599976,-0.060343742
1332.700073,-0.066161633
1332.800049,-0.067162991
1332.900024,-0.065923214
1333,-0.066686153
1333.099976,-0.060009956
1333.200073,-0.069451809
1333.300049,-0.062251091
1333.400024,-0.053143501
1333.5,-0.064349651
1333.599976,-0.070643902
1333.700073,-0.061774254
1333.800049,-0.060534477
1333.900024,-0.067782879
1334,-0.056862831
1334.099976,-0.068927288
1334.200073,-0.059294701
1334.300049,-0.064874172
1334.400024,-0.067162991
1334.5,-0.061917305
1334.599976,-0.058484077
1334.700073,-0.070739269
1334.800049,-0.072789669
1334.900024,-0.077558041
1335,-0.061297417
1335.099976,-0.06754446
1335.200073,-0.065541744
1335.300049,-0.068545818
1335.400024,-0.065064907
1335.5,-0.065827847
1335.599976,-0.063539028
1335.700073,-0.066924572
1335.800049,-0.070024014
1335.900024,-0.066066265
1336,-0.069618702
1336.099976,-0.07088232
1336.200073,-0.071502209
1336.300049,-0.069642544
1336.400024,-0.062680721
1336.5,-0.067162991
1336.599976,-0.055336952
1336.700073,-0.060915947
1336.800049,-0.064349651
1336.900024,-0.071406841
1337,-0.065923214
1337.099976,-0.068784237
1337.200073,-0.061106682
1337.300049,-0.066400051
1337.400024,-0.061583519
1337.5,-0.073504925
1337.599976,-0.070262432
1337.700073,-0.05838871
1337.800049,-0.059103966
1337.900024,-0.063777447
1338,-0.065303326
1338.099976,-0.066590786
1338.200073,-0.082612514
1338.300049,-0.062585354
1338.400024,-0.07255125
1338.5,-0.062394142
1338.599976,-0.063777447
1338.700073,-0.063789248
1338.800049,-0.06496954
1338.900024,-0.064015865
1339,-0.0703578
1339.099976,-0.065446377
1339.200073,-0.0657444
1339.300049,-0.062680721
1339.400024,-0.064492702
1339.5,-0.068927288
1339.599976,-0.070548534
1339.700073,-0.067878246
1339.800049,-0.0683074
1339.900024,-0.067973614
1340,-0.066829205
1340.099976,-0.064158916
1340.200073,-0.06043911
1340.300049,-0.065351009
1340.400024,-0.066590786
1340.5,-0.068545818
1340.599976,-0.065923214
1340.700073,-0.059199333
1340.800049,-0.06291914
1340.900024,-0.065970898
1341,-0.064921856
1341.099976,-0.065565586
1341.200073,-0.067306042
1341.300049,-0.064063549
1341.400024,-0.069261074
1341.5,-0.065732479
1341.599976,-0.064254284
1341.700073,-0.064731121
1341.800049,-0.062680721
1341.900024,-0.05800724
1342,-0.061488152
1342.099976,-0.066686153
1342.200073,-0.068450451
1342.300049,-0.062871456
1342.400024,-0.063968182
1342.5,-0.057530403
1342.599976,-0.06043911
1342.700073,-0.064540386
1342.800049,-0.061774254
1342.900024,-0.066400051
1343,-0.070024014
1343.099976,-0.062633038
1343.200073,-0.054335594
1343.300049,-0.066018581
1343.400024,-0.072169781
1343.5,-0.065064907
1343.599976,-0.063205242
1343.700073,-0.066257
1343.800049,-0.066400051
1343.900024,-0.072741985
1344,-0.066495419
1344.099976,-0.0613451
1344.200073,-0.067830563
1344.300049,-0.067496777
1344.400024,-0.067019939
1344.5,-0.066018581
1344.599976,-0.06496954
1344.700073,-0.065732479
1344.800049,-0.06210804
1344.900024,-0.062633038
1345,-0.067592144
1345.099976,-0.070691586
1345.200073,-0.059628487
1345.300049,-0.065589428
1345.400024,-0.058293343
1345.5,-0.061535835
1345.599976,-0.065255642
1345.700073,-0.062489986
1345.800049,-0.068688869
1345.900024,-0.058579445
1346,-0.064397335
1346.099976,-0.066876888
1346.200073,-0.072789669
1346.300049,-0.075459957
1346.400024,-0.06496954
1346.5,-0.069308758
1346.599976,-0.063491344
1346.700073,-0.0703578
1346.800049,-0.062346458
1346.900024,-0.065351009
1347,-0.062573195
1347.099976,-0.058865547
1347.200073,-0.063729763
1347.300049,-0.068831921
1347.400024,-0.067306042
1347.5,-0.067735195
1347.599976,-0.065279365
1347.700073,-0.061202049
1347.800049,-0.064874172
1347.900024,-0.059533119
1348,-0.059199333
1348.099976,-0.061500192
1348.200073,-0.067639828
1348.300049,-0.059628487
1348.400024,-0.062418103
1348.5,-0.061106682
1348.599976,-0.061297417
1348.700073,-0.064111233
1348.800049,-0.064301968
1348.900024,-0.069165707
1349,-0.069118023
1349.099976,-0.058722496
1349.200073,-0.053429604
1349.300049,-0.064158916
1349.400024,-0.069928646
1349.5,-0.075269222
1349.599976,-0.063586712
1349.700073,-0.070214748
1349.800049,-0.061821938
1349.900024,-0.064683437
1350,-0.071788311
1350.099976,-0.06792593
1350.200073,-0.071979046
1350.300049,-0.060915947
1350.400024,-0.062394142
1350.5,-0.063920498
1350.599976,-0.056672096
1350.700073,-0.06082058
1350.800049,-0.068736553
1350.900024,-0.076222897
1351,-0.059199333
1351.099976,-0.063586712
1351.200073,-0.07088232
1351.300049,-0.065017223
1351.400024,-0.057530403
1351.5,-0.066113949
1351.599976,-0.061535835
1351.700073,-0.070310116
1351.800049,-0.067782879
1351.900024,-0.063181162
1352,-0.057482719
1352.099976,-0.057148933
1352.200073,-0.062251091
1352.300049,-0.068402767
1352.400024,-0.057196617
1352.5,-0.06663847
1352.599976,-0.06382513
1352.700073,-0.064874172
1352.800049,-0.063395977
1352.900024,-0.062489748
1353,-0.062012672
1353.099976,-0.065100491
1353.200073,-0.068212032
1353.300049,-0.067687511
1353.400024,-0.062633038
1353.5,-0.065064907
1353.599976,-0.059103966
1353.700073,-0.057530403
1353.800049,-0.057005882
1353.900024,-0.062633038
1354,-0.064778805
1354.099976,-0.059294701
1354.200073,-0.061249733
1354.300049,-0.066161633
1354.400024,-0.064683437
1354.5,-0.060248375
1354.599976,-0.058865547
1354.700073,-0.067162991
1354.800049,-0.067782879
1354.900024,-0.063503027
1355,-0.059294701
1355.099976,-0.059771538
1355.200073,-0.061214089
1355.300049,-0.06044212
1355.400024,-0.061011314
1355.5,-0.059771538
1355.599976,-0.063586473
1355.700073,-0.064397335
1355.800049,-0.069165707
1355.900024,-0.065637112
1356,-0.069261074
1356.099976,-0.07627058
1356.200073,-0.069988251
1356.300049,-0.068355083
1356.400024,-0.066066265
1356.5,-0.059723854
1356.599976,-0.0642066
1356.700073,-0.070691586
1356.800049,-0.064921856
1356.900024,-0.066304684
1357,-0.066781521
1357.099976,-0.061392784
1357.200073,-0.065207958
1357.300049,-0.071502209
1357.400024,-0.06921339
1357.5,-0.064158916
1357.599976,-0.059914589
1357.700073,-0.063157558
1357.800049,-0.057959557
1357.900024,-0.061202049
1358,-0.065732479
1358.099976,-0.059962273
1358.200073,-0.07088232
1358.300049,-0.067067623
1358.400024,-0.062871456
1358.5,-0.068498135
1358.599976,-0.063062191
1358.700073,-0.06291914
1358.800049,-0.05633831
1358.900024,-0.068259716
1359,-0.060296059
1359.099976,-0.066304684
1359.200073,-0.059819221
1359.300049,-0.063729763
1359.400024,-0.066257
1359.5,-0.073552608
1359.599976,-0.065207958
1359.700073,-0.070834637
1359.800049,-0.054717064
1359.900024,-0.062966824
1360,-0.058293343
1360.099976,-0.065541744
1360.200073,-0.056862831
1360.300049,-0.061678886
1360.400024,-0.061535835
1360.5,-0.069737911
1360.599976,-0.054335594
1360.700073,-0.069928646
1360.800049,-0.061106682
1360.900024,-0.07164526
1361,-0.073409557
1361.099976,-0.064063549
1361.200073,-0.063777447
1361.300049,-0.062012672
1361.400024,-0.063383937
1361.5,-0.064254284
1361.599976,-0.063491344
1361.700073,-0.063693881
1361.800049,-0.061631203
1361.900024,-0.065398693
1362,-0.069928646
1362.099976,-0.071025372
1362.200073,-0.066304684
1362.300049,-0.06458807
1362.400024,-0.062203407
1362.5,-0.06381309
1362.599976,-0.06458807
1362.700073,-0.063872814
1362.800049,-0.073934078
1362.900024,-0.062823772
1363,-0.069404125
1363.099976,-0.068831921
1363.200073,-0.061917305
1363.300049,-0.063682079
1363.400024,-0.061166525
1363.5,-0.056529045
1363.599976,-0.06253767
1363.700073,-0.073934078
1363.800049,-0.065398693
1363.900024,-0.078845501
1364,-0.06587553
1364.099976,-0.062966824
1364.200073,-0.065863609
1364.300049,-0.066161633
1364.400024,-0.068450451
1364.5,-0.056862831
1364.599976,-0.070453167
1364.700073,-0.061011314
1364.800049,-0.071025372
1364.900024,-0.063014507
1365,-0.053715706
1365.099976,-0.066495419
1365.200073,-0.070071697
1365.300049,-0.072455883
1365.400024,-0.070500851
1365.5,-0.061488152
1365.599976,-0.065398693
1365.700073,-0.059390068
1365.800049,-0.063443661
1365.900024,-0.052952766
1366,-0.062776089
1366.099976,-0.066018581
1366.200073,-0.066209316
1366.300049,-0.073600292
1366.400024,-0.053095818
1366.5,-0.063443661
1366.599976,-0.069022655
1366.700073,-0.062585354
1366.800049,-0.072360516
1366.900024,-0.067210674
1367,-0.060915947
1367.099976,-0.059771538
1367.200073,-0.062561274
1367.300049,-0.065541744
1367.400024,-0.064015865
1367.5,-0.057387352
1367.599976,-0.060105324
1367.700073,-0.065589428
1367.800049,-0.059580803
1367.900024,-0.06210804
1368,-0.06082058
1368.099976,-0.069785595
1368.200073,-0.072837353
1368.300049,-0.061964989
1368.400024,-0.064111233
1368.5,-0.062680721
1368.599976,-0.069022655
1368.700073,-0.053954124
1368.800049,-0.066686153
1368.900024,-0.060725212
1369,-0.080800533
1369.099976,-0.072408199
1369.200073,-0.062633038
1369.300049,-0.06587553
1369.400024,-0.066447735
1369.5,-0.055766106
1369.599976,-0.080514431
1369.700073,-0.061154366
1369.800049,-0.071835995
1369.900024,-0.060391426
1370,-0.064063549
1370.099976,-0.067210674
1370.200073,-0.061631203
1370.300049,-0.068402767
1370.400024,-0.061440468
1370.5,-0.063252926
1370.599976,-0.064683318
1370.700073,-0.065398693
1370.800049,-0.068641186
1370.900024,-0.059723854
1371,-0.05171299
1371.099976,-0.064731121
1371.200073,-0.053668022
1371.300049,-0.070262432
1371.400024,-0.070167065
1371.5,-0.069499493
1371.599976,-0.067401409
1371.700073,-0.067866325
1371.800049,-0.068068981
1371.900024,-0.066495419
1372,-0.061106682
1372.099976,-0.057435036
1372.200073,-0.059199333
1372.300049,-0.067353725
1372.400024,-0.069833279
1372.5,-0.065446377
1372.599976,-0.057864189
1372.700073,-0.074887753
1372.800049,-0.065207958
1372.900024,-0.070643902
1373,-0.07255125
1373.099976,-0.070786953
1373.200073,-0.073409557
1373.300049,-0.068271637
1373.400024,-0.064445019
1373.5,-0.064445019
1373.599976,-0.063694
1373.700073,-0.063062191
1373.800049,-0.062823772
1373.900024,-0.066257
1374,-0.065589428
1374.099976,-0.064886093
1374.200073,-0.064889073
1374.300049,-0.064492702
1374.400024,-0.06458807
1374.5,-0.059819221
1374.599976,-0.058817863
1374.700073,-0.06005764
1374.800049,-0.061249971
1374.900024,-0.062489986
1375,-0.063634396
1375.099976,-0.060486794
1375.200073,-0.065541744
1375.300049,-0.063539028
1375.400024,-0.067091465
1375.5,-0.069070339
1375.599976,-0.070214748
1375.700073,-0.073123455
1375.800049,-0.067842484
1375.900024,-0.063968182
1376,-0.064063549
1376.099976,-0.063968182
1376.200073,-0.063729763
1376.300049,-0.06084466
1376.400024,-0.057864189
1376.5,-0.057816505
1376.599976,-0.061035395
1376.700073,-0.063777447
1376.800049,-0.064683437
1376.900024,-0.066829205
1377,-0.059342384
1377.099976,-0.071406841
1377.200073,-0.065160275
1377.300049,-0.059914589
1377.400024,-0.071597576
1377.5,-0.070310116
1377.599976,-0.065017223
1377.700073,-0.069547176
1377.800049,-0.060391426
1377.900024,-0.069451809
1378,-0.065207958
1378.099976,-0.065541744
1378.200073,-0.057244301
1378.300049,-0.067782879
1378.400024,-0.062441826
1378.5,-0.059008598
1378.599976,-0.06330061
1378.700073,-0.061535835
1378.800049,-0.069308758
1378.900024,-0.072980404
1379,-0.066304684
1379.099976,-0.059533119
1379.200073,-0.068879604
1379.300049,-0.07126379
1379.400024,-0.068974972
1379.5,-0.06754446
1379.599976,-0.068212032
1379.700073,-0.070977688
1379.800049,-0.063062191
1379.900024,-0.067401409
1380,-0.05800724
1380.099976,-0.066876888
1380.200073,-0.060248375
1380.300049,-0.065160275
1380.400024,-0.06005764
1380.5,-0.065255642
1380.599976,-0.066543102
1380.700073,-0.061011314
1380.800049,-0.065970898
1380.900024,-0.071740627
1381,-0.065541744
1381.099976,-0.069404125
1381.200073,-0.057625771
1381.300049,-0.064301968
1381.400024,-0.067162991
1381.5,-0.068831921
1381.599976,-0.068974972
1381.700073,-0.070453167
1381.800049,-0.06507659
1381.900024,-0.060915947
1382,-0.059962273
1382.099976,-0.061846018
1382.200073,-0.062680721
1382.300049,-0.06382513
1382.400024,-0.065494061
1382.5,-0.062597036
1382.599976,-0.060629845
1382.700073,-0.06043911
1382.800049,-0.063252926
1382.900024,-0.06253767
1383,-0.063980103
1383.099976,-0.064826488
1383.200073,-0.065303326
1383.300049,-0.057816505
1383.400024,-0.064874172
1383.5,-0.06227529
1383.599976,-0.062966824
1383.700073,-0.063443661
1383.800049,-0.059736013
1383.900024,-0.055289268
1384,-0.057244301
1384.099976,-0.067735195
1384.200073,-0.065970898
1384.300049,-0.060534477
1384.400024,-0.068545818
1384.5,-0.059962273
1384.599976,-0.068545818
1384.700073,-0.068688869
1384.800049,-0.068068981
1384.900024,-0.064933538
1385,-0.062251091
1385.099976,-0.060725212
1385.200073,-0.06330061
1385.300049,-0.066578746
1385.400024,-0.072837353
1385.5,-0.069451809
1385.599976,-0.067055702
1385.700073,-0.062489986
1385.800049,-0.063443661
1385.900024,-0.065148354
1386,-0.067878246
1386.099976,-0.066781521
1386.200073,-0.059914589
1386.300049,-0.072360516
1386.400024,-0.067401409
1386.5,-0.063062191
1386.599976,-0.064254284
1386.700073,-0.065541744
1386.800049,-0.064242363
1386.900024,-0.063682079
1387,-0.063491344
1387.099976,-0.058960915
1387.200073,-0.057673454
1387.300049,-0.06172657
1387.400024,-0.064111233
1387.5,-0.066590786
1387.599976,-0.061249733
1387.700073,-0.060248375
1387.800049,-0.060868263
1387.900024,-0.065446377
1388,-0.065446377
1388.099976,-0.068510056
1388.200073,-0.071835995
1388.300049,-0.071311474
1388.400024,-0.074506283
1388.5,-0.064063549
1388.599976,-0.067973614
1388.700073,-0.064683437
1388.800049,-0.061964989
1388.900024,-0.073838711
1389,-0.059580803
1389.099976,-0.071073055
1389.200073,-0.069880962
1389.300049,-0.067389488
1389.400024,-0.065017223
1389.5,-0.063586712
1389.599976,-0.066686153
1389.700073,-0.068116665
1389.800049,-0.061440468
1389.900024,-0.060725212
1390,-0.068879604
1390.099976,-0.06587553
1390.200073,-0.057244301
1390.300049,-0.062441826
1390.400024,-0.066400051
1390.5,-0.071549892
1390.599976,-0.068831921
1390.700073,-0.061392784
1390.800049,-0.065923214
1390.900024,-0.064015865
1391,-0.057816505
1391.099976,-0.067401409
1391.200073,-0.062394142
1391.300049,-0.069833279
1391.400024,-0.074410915
1391.5,-0.06496954
1391.599976,-0.068784237
1391.700073,-0.06496954
1391.800049,-0.071359158
1391.900024,-0.06458807
1392,-0.072074413
1392.099976,-0.06663847
1392.200073,-0.066876888
1392.300049,-0.05633831
1392.400024,-0.075793743
1392.5,-0.064492702
1392.599976,-0.065398693
1392.700073,-0.067210674
1392.800049,-0.067830563
1392.900024,-0.069833279
1393,-0.064790487
1393.099976,-0.060772896
1393.200073,-0.060725212
1393.300049,-0.071740627
1393.400024,-0.07703352
1393.5,-0.063443661
1393.599976,-0.06382513
1393.700073,-0.064373493
1393.800049,-0.065064907
1393.900024,-0.065160275
1394,-0.064874172
1394.099976,-0.062633038
1394.200073,-0.060772896
1394.300049,-0.063896537
1394.400024,-0.063920498
1394.5,-0.068259716
1394.599976,-0.068355083
1394.700073,-0.069499493
1394.800049,-0.068259716
1394.900024,-0.069165707
1395,-0.066018581
1395.099976,-0.061631203
1395.200073,-0.065112591
1395.300049,-0.062776089
1395.400024,-0.066686153
1395.5,-0.063491344
1395.599976,-0.066543102
1395.700073,-0.067842484
1395.800049,-0.0703578
1395.900024,-0.070977688
1396,-0.070119381
1396.099976,-0.061285734
1396.200073,-0.054764748
1396.300049,-0.04928112
1396.400024,-0.057387352
1396.5,-0.072503567
1396.599976,-0.071359158
1396.700073,-0.067449093
1396.800049,-0.072741985
1396.900024,-0.060629845
1397,-0.072646618
1397.099976,-0.065303326
1397.200073,-0.063157558
1397.300049,-0.067210674
1397.400024,-0.067496777
1397.5,-0.078654766
1397.599976,-0.065732479
1397.700073,-0.075698376
1397.800049,-0.067592144
1397.900024,-0.063014507
1398,-0.068021297
1398.099976,-0.07255125
1398.200073,-0.058865547
1398.300049,-0.070786953
1398.400024,-0.057291985
1398.5,-0.060963631
1398.599976,-0.066733837
1398.700073,-0.058436394
1398.800049,-0.067782879
1398.900024,-0.065160275
1399,-0.068116665
1399.099976,-0.06253767
1399.200073,-0.074315548
1399.300049,-0.066400051
1399.400024,-0.06921339
1399.5,-0.070119381
1399.599976,-0.064492702
1399.700073,-0.066733837
1399.800049,-0.063062191
1399.900024,-0.066495419
1400,-0.061583519
1400.099976,-0.066113949
1400.200073,-0.067210674
1400.300049,-0.069547176
1400.400024,-0.067306042
1400.5,-0.063526869
1400.599976,-0.058150291
1400.700073,-0.059103966
1400.800049,-0.068450451
1400.900024,-0.06997633
1401,-0.066781521
1401.099976,-0.066447735
1401.200073,-0.062441826
1401.300049,-0.072885036
1401.400024,-0.068641186
1401.5,-0.066972256
1401.599976,-0.066209316
1401.700073,-0.068402767
1401.800049,-0.072837353
1401.900024,-0.072885036
1402,-0.070727348
1402.099976,-0.069499493
1402.200073,-0.067687511
1402.300049,-0.059151649
1402.400024,-0.07665205
1402.5,-0.064778805
1402.599976,-0.062012672
1402.700073,-0.067019939
1402.800049,-0.05800724
1402.900024,-0.064540386
1403,-0.0683074
1403.099976,-0.069022655
1403.200073,-0.065112591
1403.300049,-0.065351009
1403.400024,-0.063205242
1403.5,-0.065255642
1403.599976,-0.066352367
1403.700073,-0.066113949
1403.800049,-0.072598934
1403.900024,-0.053477287
1404,-0.069404125
1404.099976,-0.063539028
1404.200073,-0.067449093
1404.300049,-0.070405483
1404.400024,-0.065827847
1404.5,-0.059580803
1404.599976,-0.075221539
1404.700073,-0.064063549
1404.800049,-0.072646618
1404.900024,-0.070930004
1405,-0.072360516
1405.099976,-0.065386534
1405.200073,-0.060534477
1405.300049,-0.057721138
1405.400024,-0.06082058
1405.5,-0.069499493
1405.599976,-0.070834637
1405.700073,-0.06959486
1405.800049,-0.06754446
1405.900024,-0.065207958
1406,-0.061964989
1406.099976,-0.063443661
1406.200073,-0.064111233
1406.300049,-0.069928646
1406.400024,-0.07255125
1406.5,-0.073409557
1406.599976,-0.067449093
1406.700073,-0.06291914
1406.800049,-0.070739269
1406.900024,-0.066924572
1407,-0.06997633
1407.099976,-0.053095818
1407.200073,-0.069308758
1407.300049,-0.057005882
1407.400024,-0.070786953
1407.5,-0.062012672
1407.599976,-0.066304684
1407.700073,-0.0642066
1407.800049,-0.063205242
1407.900024,-0.071406841
1408,-0.059199333
1408.099976,-0.0683074
1408.200073,-0.07703352
1408.300049,-0.068974972
1408.400024,-0.065732479
1408.5,-0.065112591
1408.599976,-0.064731121
1408.700073,-0.065923214
1408.800049,-0.071740627
1408.900024,-0.059390068
1409,-0.075221539
1409.099976,-0.072169781
1409.200073,-0.067019939
1409.300049,-0.065351009
1409.400024,-0.067592144
1409.5,-0.067687511
1409.599976,-0.067735195
1409.700073,-0.070071697
1409.800049,-0.066876888
1409.900024,-0.060582161
1410,-0.062060356
1410.099976,-0.067115068
1410.200073,-0.072837353
1410.300049,-0.072980404
1410.400024,-0.063729763
1410.5,-0.063586712
1410.599976,-0.06600666
1410.700073,-0.069261074
1410.800049,-0.067449093
1410.900024,-0.064635754
1411,-0.069928646
1411.099976,-0.061821938
1411.200073,-0.067353725
1411.300049,-0.065351009
1411.400024,-0.069404125
1411.5,-0.061821938
1411.599976,-0.065112591
1411.700073,-0.067353725
1411.800049,-0.063395977
1411.900024,-0.062060356
1412,-0.065589428
1412.099976,-0.055909157
1412.200073,-0.077558041
1412.300049,-0.060629845
1412.400024,-0.074029446
1412.5,-0.077844143
1412.599976,-0.068164349
1412.700073,-0.068784237
1412.800049,-0.067592144
1412.900024,-0.066543102
1413,-0.071502209
1413.099976,-0.06253767
1413.200073,-0.06792593
1413.300049,-0.062489986
1413.400024,-0.068116665
1413.5,-0.063157558
1413.599976,-0.070691586
1413.700073,-0.067162991
1413.800049,-0.064826488
1413.900024,-0.063252926
1414,-0.065517902
1414.099976,-0.066161633
1414.200073,-0.067830563
1414.300049,-0.066733837
1414.400024,-0.069427967
1414.5,-0.07164526
1414.599976,-0.071502209
1414.700073,-0.06663847
1414.800049,-0.06959486
1414.900024,-0.062251091
1415,-0.063539028
1415.099976,-0.058245659
1415.200073,-0.062585354
1415.300049,-0.072074413
1415.400024,-0.068021297
1415.5,-0.061821938
1415.599976,-0.063777447
1415.700073,-0.063729763
1415.800049,-0.067019939
1415.900024,-0.072122097
1416,-0.068450451
1416.099976,-0.070739269
1416.200073,-0.071216106
1416.300049,-0.071168423
1416.400024,-0.070119381
1416.5,-0.069118023
1416.599976,-0.053334236
1416.700073,-0.058627129
1416.800049,-0.069356441
1416.900024,-0.06382513
1417,-0.057768822
1417.099976,-0.069690228
1417.200073,-0.067115307
1417.300049,-0.070405483
1417.400024,-0.066257
1417.5,-0.059485435
1417.599976,-0.061774254
1417.700073,-0.062239408
1417.800049,-0.063920498
1417.900024,-0.063777447
1418,-0.059390068
1418.099976,-0.07255125
1418.200073,-0.062633038
1418.300049,-0.059533119
1418.400024,-0.066042304
1418.5,-0.070930004
1418.599976,-0.071073055
1418.700073,-0.065732479
1418.800049,-0.067162991
1418.900024,-0.051379204
1419,-0.06959486
1419.099976,-0.056052208
1419.200073,-0.065398693
1419.300049,-0.062585354
1419.400024,-0.061535835
1419.5,-0.064206481
1419.599976,-0.066257
1419.700073,-0.066447735
1419.800049,-0.063157558
1419.900024,-0.060343742
1420,-0.068831921
1420.099976,-0.066257
1420.200073,-0.070214748
1420.300049,-0.05633831
1420.400024,-0.068688869
1420.5,-0.05800724
1420.599976,-0.067878246
1420.700073,-0.058960915
1420.800049,-0.07088232
1420.900024,-0.065351009
1421,-0.069165707
1421.099976,-0.070596218
1421.200073,-0.066161633
1421.300049,-0.0642066
1421.400024,-0.061154366
1421.5,-0.066972256
1421.599976,-0.061631203
1421.700073,-0.067782879
1421.800049,-0.053954124
1421.900024,-0.065017223
1422,-0.070977688
1422.099976,-0.062298775
1422.200073,-0.061440468
1422.300049,-0.062251091
1422.400024,-0.060534477
1422.5,-0.062823772
1422.599976,-0.065303326
1422.700073,-0.064254284
1422.800049,-0.073171139
1422.900024,-0.069833279
1423,-0.064349651
1423.099976,-0.060105324
1423.200073,-0.068355083
1423.300049,-0.072360516
1423.400024,-0.061917305
1423.5,-0.075221539
1423.599976,-0.062298775
1423.700073,-0.069451809
1423.800049,-0.065064907
1423.900024,-0.070024014
1424,-0.05633831
1424.099976,-0.066066265
1424.200073,-0.075698376
1424.300049,-0.071788311
1424.400024,-0.062776089
1424.5,-0.066018581
1424.599976,-0.057864189
1424.700073,-0.061631203
1424.800049,-0.064921856
1424.900024,-0.061440468
1425,-0.071502209
1425.099976,-0.064445019
1425.200073,-0.0683074
1425.300049,-0.062871456
1425.400024,-0.057291985
1425.5,-0.072598934
1425.599976,-0.0683074
1425.700073,-0.065589428
1425.800049,-0.069261074
1425.900024,-0.060343742
1426,-0.061869621
1426.099976,-0.062906981
1426.200073,-0.064778805
1426.300049,-0.064635754
1426.400024,-0.070977688
1426.5,-0.060629845
1426.599976,-0.07255125
1426.700073,-0.066113949
1426.800049,-0.052714348
1426.900024,-0.058579445
1427,-0.066495419
1427.099976,-0.074220181
1427.200073,-0.064301968
1427.300049,-0.062966824
1427.400024,-0.06663847
1427.5,-0.069547176
1427.599976,-0.069737911
1427.700073,-0.067973614
1427.800049,-0.057959557
1427.900024,-0.061249733
1428,-0.069404125
1428.099976,-0.064158916
1428.200073,-0.058817863
1428.300049,-0.060331941
1428.400024,-0.057816505
1428.5,-0.060534477
1428.599976,-0.062799692
1428.700073,-0.065255642
1428.800049,-0.067592144
1428.900024,-0.059008598
1429,-0.056672096
1429.099976,-0.059390068
1429.200073,-0.064731121
1429.300049,-0.073552608
1429.400024,-0.061678886
1429.5,-0.065303326
1429.599976,-0.060629845
1429.700073,-0.06663847
1429.800049,-0.062871456
1429.900024,-0.062776089
1430,-0.066113949
1430.099976,-0.06406343
1430.200073,-0.065970898
1430.300049,-0.061392784
1430.400024,-0.067353725
1430.5,-0.06587553
1430.599976,-0.066352367
1430.700073,-0.073504925
1430.800049,-0.067687511
1430.900024,-0.077414989
1431,-0.053906441
1431.099976,-0.07665205
1431.200073,-0.065160275
1431.300049,-0.067878246
1431.400024,-0.067735195
1431.5,-0.064921856
1431.599976,-0.063205004
1431.700073,-0.061011314
1431.800049,-0.059151649
1431.900024,-0.058996677
1432,-0.058054924
1432.099976,-0.066229939
1432.200073,-0.072408199
1432.300049,-0.075459957
1432.400024,-0.072789669
1432.5,-0.073123455
1432.599976,-0.079942226
1432.700073,-0.069690228
1432.800049,-0.062680721
1432.900024,-0.061488152
1433,-0.07331419
1433.099976,-0.063157558
1433.200073,-0.071931362
1433.300049,-0.06959486
1433.400024,-0.060248375
1433.5,-0.064826488
1433.599976,-0.06804502
1433.700073,-0.07369566
1433.800049,-0.073409557
1433.900024,-0.067115307
1434,-0.071454525
1434.099976,-0.0642066
1434.200073,-0.066066265
1434.300049,-0.067067623
1434.400024,-0.069022655
1434.5,-0.068974972
1434.599976,-0.067401409
1434.700073,-0.066304684
1434.800049,-0.065303326
1434.900024,-0.063682079
1435,-0.067592144
1435.099976,-0.072789669
1435.200073,-0.061583519
1435.300049,-0.067162991
1435.400024,-0.067687511
1435.5,-0.069737911
1435.599976,-0.068688869
1435.700073,-0.068808079
1435.800049,-0.06921339
1435.900024,-0.067592144
1436,-0.068927288
1436.099976,-0.065386653
1436.200073,-0.060725212
1436.300049,-0.064301968
1436.400024,-0.060379624
1436.5,-0.054907799
1436.599976,-0.061583519
1436.700073,-0.073981762
1436.800049,-0.061297417
1436.900024,-0.065112591
1437,-0.070024014
1437.099976,-0.076127529
1437.200073,-0.069642544
1437.300049,-0.055480003
1437.400024,-0.072980404
1437.5,-0.067973614
1437.599976,-0.069928646
1437.700073,-0.069308758
1437.800049,-0.069070339
1437.900024,-0.06638813
1438,-0.064063549
1438.099976,-0.063109875
1438.200073,-0.062394142
1438.300049,-0.069022655
1438.400024,-0.058913231
1438.5,-0.070834637
1438.599976,-0.075555325
1438.700073,-0.061821938
1438.800049,-0.070167065
1438.900024,-0.065541744
1439,-0.063014507
1439.099976,-0.061392784
1439.200073,-0.070834637
1439.300049,-0.072789669
1439.400024,-0.061488152
1439.5,-0.069070339
1439.599976,-0.06043911
1439.700073,-0.059199333
1439.800049,-0.060629845
1439.900024,-0.064969301
1440,-0.070834637
1440.099976,-0.06921339
1440.200073,-0.067639828
1440.300049,-0.074792385
1440.400024,-0.056958199
1440.5,-0.066543102
1440.599976,-0.065541744
1440.700073,-0.072789669
1440.800049,-0.069022655
1440.900024,-0.070083618
1441,-0.068831921
1441.099976,-0.069690228
1441.200073,-0.061964989
1441.300049,-0.057244301
1441.400024,-0.069070339
1441.5,-0.075316906
1441.599976,-0.070643902
1441.700073,-0.062060356
1441.800049,-0.070453167
1441.900024,-0.065541744
1442,-0.061535835
1442.099976,-0.060915947
1442.200073,-0.065255642
1442.300049,-0.071216106
1442.400024,-0.054430962
1442.5,-0.067115307
1442.599976,-0.063252926
1442.700073,-0.061678886
1442.800049,-0.067115307
1442.900024,-0.066161633
1443,-0.074172497
1443.099976,-0.065207958
1443.200073,-0.075603008
1443.300049,-0.065255642
1443.400024,-0.060009956
1443.5,-0.056672096
1443.599976,-0.065827847
1443.700073,-0.062298775
1443.800049,-0.073743343
1443.900024,-0.058913231
1444,-0.071359158
1444.099976,-0.070596218
1444.200073,-0.068974972
1444.300049,-0.0683074
1444.400024,-0.067878246
1444.5,-0.065780163
1444.599976,-0.065017223
1444.700073,-0.055146217
1444.800049,-0.068355083
1444.900024,-0.06043911
1445,-0.060868263
1445.099976,-0.067592144
1445.200073,-0.063181162
1445.300049,-0.06172657
1445.400024,-0.06253767
1445.5,-0.066590786
1445.599976,-0.066018581
1445.700073,-0.069261074
1445.800049,-0.067210674
1445.900024,-0.070024014
1446,-0.06754446
1446.099976,-0.069737911
1446.200073,-0.069070339
1446.300049,-0.069737911
1446.400024,-0.069261074
1446.5,-0.065052748
1446.599976,-0.059962273
1446.700073,-0.061249733
1446.800049,-0.070930004
1446.900024,-0.077653408
1447,-0.065923214
1447.099976,-0.064635754
1447.200073,-0.068116665
1447.300049,-0.065815926
1447.400024,-0.065541744
1447.5,-0.06496954
1447.599976,-0.064158916
1447.700073,-0.068116665
1447.800049,-0.065589428
1447.900024,-0.067782879
1448,-0.067937851
1448.099976,-0.069070339
1448.200073,-0.069308758
1448.300049,-0.067174911
1448.400024,-0.067353725
1448.5,-0.065723538
1448.599976,-0.064158916
1448.700073,-0.0642066
1448.800049,-0.063443542
1448.900024,-0.065494061
1449,-0.059914589
1449.099976,-0.06253767
1449.200073,-0.061964989
1449.300049,-0.062275171
1449.400024,-0.063157558
1449.5,-0.061440468
1449.599976,-0.063860774
1449.700073,-0.067353725
1449.800049,-0.063491344
1449.900024,-0.066495419
1450,-0.058531761
1450.099976,-0.073981762
1450.200073,-0.063014507
1450.300049,-0.072789669
1450.400024,-0.065827847
1450.5,-0.066018581
1450.599976,-0.06496954
1450.700073,-0.061011314
1450.800049,-0.05800724
1450.900024,-0.064540386
1451,-0.066829205
1451.099976,-0.062430143
1451.200073,-0.059103966
1451.300049,-0.059247017
1451.400024,-0.057721138
1451.5,-0.05261898
1451.599976,-0.059914589
1451.700073,-0.069308758
1451.800049,-0.066972256
1451.900024,-0.06291914
1452,-0.073981762
1452.099976,-0.06921339
1452.200073,-0.069785595
1452.300049,-0.071168423
1452.400024,-0.063205242
1452.5,-0.070119381
1452.599976,-0.067067623
1452.700073,-0.061869621
1452.800049,-0.060534477
1452.900024,-0.058817863
1453,-0.065017223
1453.099976,-0.079036236
1453.200073,-0.066161633
1453.300049,-0.060629845
1453.400024,-0.062728405
1453.5,-0.063360095
1453.599976,-0.064349651
1453.700073,-0.065732479
1453.800049,-0.066876888
1453.900024,-0.068259716
1454,-0.065160155
1454.099976,-0.063348293
1454.200073,-0.067222565
1454.300049,-0.069690228
1454.400024,-0.070691586
1454.5,-0.068736553
1454.599976,-0.061249733
1454.700073,-0.057530403
1454.800049,-0.067019939
1454.900024,-0.068927288
1455,-0.068498135
1455.099976,-0.078034878
1455.200073,-0.079322338
1455.300049,-0.067973375
1455.400024,-0.058627129
1455.5,-0.055909157
1455.599976,-0.061309576
1455.700073,-0.065923214
1455.800049,-0.064778805
1455.900024,-0.06959486
1456,-0.062871456
1456.099976,-0.058722496
1456.200073,-0.062370658
1456.300049,-0.064063549
1456.400024,-0.06382513
1456.5,-0.066400051
1456.599976,-0.063109875
1456.700073,-0.066161633
1456.800049,-0.058960915
1456.900024,-0.063062191
1457,-0.067401409
1457.099976,-0.067687511
1457.200073,-0.063252926
1457.300049,-0.068259716
1457.400024,-0.073743343
1457.5,-0.06908226
1457.599976,-0.067067623
1457.700073,-0.067258358
1457.800049,-0.072217464
1457.900024,-0.060153008
1458,-0.071216106
1458.099976,-0.068736553
1458.200073,-0.062489986
1458.300049,-0.064063549
1458.400024,-0.059962273
1458.5,-0.060725212
1458.599976,-0.061964989
1458.700073,-0.061822057
1458.800049,-0.061964989
1458.900024,-0.062633038
1459,-0.064552188
1459.099976,-0.067019939
1459.200073,-0.066590786
1459.300049,-0.057578087
1459.400024,-0.066209316
1459.5,-0.074697018
1459.599976,-0.069547176
1459.700073,-0.067830563
1459.800049,-0.067115307
1459.900024,-0.069499493
1460,-0.066495419
1460.099976,-0.053429604
1460.200073,-0.052857399
1460.300049,-0.067592144
1460.400024,-0.068164349
1460.5,-0.058865547
1460.599976,-0.071502209
1460.700073,-0.055146217
1460.800049,-0.063729763
1460.900024,-0.0683074
1461,-0.067162991
1461.099976,-0.063586712
1461.200073,-0.067449093
1461.300049,-0.064731121
1461.400024,-0.059485435
1461.5,-0.061106682
1461.599976,-0.065398693
1461.700073,-0.062060356
1461.800049,-0.065446377
1461.900024,-0.0683074
1462,-0.071835995
1462.099976,-0.061917305
1462.200073,-0.066495419
1462.300049,-0.068593502
1462.400024,-0.061249733
1462.5,-0.061964989
1462.599976,-0.070930004
1462.700073,-0.070310116
1462.800049,-0.065684795
1462.900024,-0.075316906
1463,-0.06382513
1463.099976,-0.065827847
1463.200073,-0.059294701
1463.300049,-0.065112591
1463.400024,-0.075412273
1463.5,-0.069022655
1463.599976,-0.06210804
1463.700073,-0.073791027
1463.800049,-0.08127737
1463.900024,-0.068355083
1464,-0.068164349
1464.099976,-0.067365646
1464.200073,-0.066304684
1464.300049,-0.06663847
1464.400024,-0.065827847
1464.5,-0.066495419
1464.599976,-0.063872814
1464.700073,-0.061440468
1464.800049,-0.066113949
1464.900024,-0.063539028
1465,-0.064635754
1465.099976,-0.072837353
1465.200073,-0.060296059
1465.300049,-0.066686153
1465.400024,-0.062823772
1465.5,-0.069070339
1465.599976,-0.063348293
1465.700073,-0.057864189
1465.800049,-0.0703578
1465.900024,-0.060343742
1466,-0.063586712
1466.099976,-0.061440587
1466.200073,-0.062298775
1466.300049,-0.059533119
1466.400024,-0.071979046
1466.5,-0.061249733
1466.599976,-0.06921339
1466.700073,-0.064349651
1466.800049,-0.062489986
1466.900024,-0.055861473
1467,-0.068402767
1467.099976,-0.07665205
1467.200073,-0.070786953
1467.300049,-0.067067623
1467.400024,-0.078845501
1467.5,-0.070930004
1467.599976,-0.066066265
1467.700073,-0.065351009
1467.800049,-0.061202049
1467.900024,-0.0683074
1468,-0.064826488
1468.099976,-0.074506283
1468.200073,-0.066876888
1468.300049,-0.068402767
1468.400024,-0.059866905
1468.5,-0.065780163
1468.599976,-0.058484077
1468.700073,-0.052237511
1468.800049,-0.063682079
1468.900024,-0.066590786
1469,-0.066209316
1469.099976,-0.060200691
1469.200073,-0.064683318
1469.300049,-0.066924572
1469.400024,-0.065398693
1469.5,-0.06536293
1469.599976,-0.063920498
1469.700073,-0.065207958
1469.800049,-0.063872814
1469.900024,-0.063634396
1470,-0.06355083
1470.099976,-0.064254284
1470.200073,-0.062441826
1470.300049,-0.064254284
1470.400024,-0.066495419
1470.5,-0.065017223
1470.599976,-0.068402767
1470.700073,-0.07164526
1470.800049,-0.070119381
1470.900024,-0.064921856
1471,-0.065303326
1471.099976,-0.068164349
1471.200073,-0.068736553
1471.300049,-0.067317963
1471.400024,-0.066066265
1471.5,-0.066304684
1471.599976,-0.058531761
1471.700073,-0.051808357
1471.800049,-0.071835995
1471.900024,-0.068879604
1472,-0.065732479
1472.099976,-0.06612587
1472.200073,-0.065207958
1472.300049,-0.064683437
1472.400024,-0.066924572
1472.5,-0.069070339
1472.599976,-0.069404125
1472.700073,-0.070214748
1472.800049,-0.067306042
1472.900024,-0.076461315
1473,-0.066924572
1473.099976,-0.069499493
1473.200073,-0.068212032
1473.300049,-0.068676949
1473.400024,-0.068840861
1473.5,-0.069261074
1473.599976,-0.06921339
1473.700073,-0.06663835
1473.800049,-0.067162991
1473.900024,-0.060915947
1474,-0.055861473
1474.099976,-0.076508999
1474.200073,-0.054430962
1474.300049,-0.064301968
1474.400024,-0.06754446
1474.5,-0.066757679
1474.599976,-0.066113949
1474.700073,-0.069070339
1474.800049,-0.064635754
1474.900024,-0.061058998
1475,-0.074697018
1475.099976,-0.065160275
1475.200073,-0.072122097
1475.300049,-0.064874172
1475.400024,-0.071359158
1475.5,-0.068927288
1475.599976,-0.069499493
1475.700073,-0.069928646
1475.800049,-0.069451809
1475.900024,-0.069499493
1476,-0.068879604
1476.099976,-0.066257
1476.200073,-0.069737911
1476.300049,-0.065684795
1476.400024,-0.076079845
1476.5,-0.071788311
1476.599976,-0.070739269
1476.700073,-0.069737911
1476.800049,-0.0683074
1476.900024,-0.068116665
1477,-0.069833279
1477.099976,-0.070071697
1477.200073,-0.069737911
1477.300049,-0.068116665
1477.400024,-0.070930004
1477.5,-0.066257
1477.599976,-0.067353725
1477.700073,-0.066161633
1477.800049,-0.066066265
1477.900024,-0.063610435
1478,-0.062680721
1478.099976,-0.059533119
1478.200073,-0.057148933
1478.300049,-0.060963631
1478.400024,-0.062906981
1478.5,-0.065637112
1478.599976,-0.067878246
1478.700073,-0.073457241
1478.800049,-0.062776089
1478.900024,-0.05838871
1479,-0.062346458
1479.099976,-0.063777447
1479.200073,-0.068736553
1479.300049,-0.067878246
1479.400024,-0.066626549
1479.5,-0.063586712
1479.599976,-0.066304684
1479.700073,-0.060963631
1479.800049,-0.070691586
1479.900024,-0.061297417
1480,-0.062489986
1480.099976,-0.071788311
1480.200073,-0.06210804
1480.300049,-0.069165707
1480.400024,-0.064397335
1480.5,-0.061964989
1480.599976,-0.059390068
1480.700073,-0.066781521
1480.800049,-0.064778805
1480.900024,-0.066400051
1481,-0.071216106
1481.099976,-0.074124813
1481.200073,-0.063539028
1481.300049,-0.062585354
1481.400024,-0.064158916
1481.5,-0.065494061
1481.599976,-0.065017223
1481.700073,-0.066543102
1481.800049,-0.057673454
1481.900024,-0.069261074
1482,-0.05877018
1482.099976,-0.07088232
1482.200073,-0.070262432
1482.300049,-0.067830563
1482.400024,-0.066185355
1482.5,-0.064445019
1482.599976,-0.062203407
1482.700073,-0.063539028
1482.800049,-0.067878246
1482.900024,-0.072741985
1483,-0.069690228
1483.099976,-0.070405483
1483.200073,-0.064301968
1483.300049,-0.064921856
1483.400024,-0.069308758
1483.5,-0.062966585
1483.599976,-0.056004524
1483.700073,-0.061631203
1483.800049,-0.061249733
1483.900024,-0.065446377
1484,-0.056242943
1484.099976,-0.07498312
1484.200073,-0.070262432
1484.300049,-0.057673454
1484.400024,-0.057768822
1484.5,-0.059854984
1484.599976,-0.061535835
1484.700073,-0.062441826
1484.800049,-0.062918901
1484.900024,-0.064683437
1485,-0.063014507
1485.099976,-0.059866905
1485.200073,-0.068593502
1485.300049,-0.063539028
1485.400024,-0.071835995
1485.5,-0.070214748
1485.599976,-0.065780163
1485.700073,-0.059008598
1485.800049,-0.068402767
1485.900024,-0.066400051
1486,-0.069261074
1486.099976,-0.068259716
1486.200073,-0.067258358
1486.300049,-0.065780163
1486.400024,-0.070119381
1486.5,-0.0683074
1486.599976,-0.071073055
1486.700073,-0.051999092
1486.800049,-0.067019939
1486.900024,-0.057530403
1487,-0.057482719
1487.099976,-0.062298775
1487.200073,-0.066209316
1487.300049,-0.062633038
1487.400024,-0.070834637
1487.5,-0.072885036
1487.599976,-0.073743343
1487.700073,-0.070846558
1487.800049,-0.06663847
1487.900024,-0.070119381
1488,-0.065923214
1488.099976,-0.057864189
1488.200073,-0.068879604
1488.300049,-0.062871456
1488.400024,-0.063682079
1488.5,-0.066829205
1488.599976,-0.066590786
1488.700073,-0.068295479
1488.800049,-0.068974972
1488.900024,-0.070786953
1489,-0.070965767
1489.099976,-0.072789669
1489.200073,-0.071311474
1489.300049,-0.069690228
1489.400024,-0.068641186
1489.5,-0.069642544
1489.599976,-0.067496777
1489.700073,-0.069547176
1489.800049,-0.072455883
1489.900024,-0.068593502
1490,-0.066972256
1490.099976,-0.07202673
1490.200073,-0.075078487
1490.300049,-0.068402767
1490.400024,-0.066257
1490.5,-0.074172497
1490.599976,-0.073981762
1490.700073,-0.064015865
1490.800049,-0.071931362
1490.900024,-0.060296059
1491,-0.062298775
1491.099976,-0.069356441
1491.200073,-0.070214748
1491.300049,-0.062298775
1491.400024,-0.068736553
1491.5,-0.065446377
1491.599976,-0.060963631
1491.700073,-0.069880962
1491.800049,-0.065637112
1491.900024,-0.068402767
1492,-0.069928646
1492.099976,-0.069261074
1492.200073,-0.063539028
1492.300049,-0.05877018
1492.400024,-0.066590786
1492.5,-0.058245659
1492.599976,-0.06291914
1492.700073,-0.071216106
1492.800049,-0.064683437
1492.900024,-0.070071697
1493,-0.07293272
1493.099976,-0.069547176
1493.200073,-0.069356441
1493.300049,-0.065827847
1493.400024,-0.060534477
1493.5,-0.066781521
1493.599976,-0.063539028
1493.700073,-0.071216106
1493.800049,-0.073600292
1493.900024,-0.066876888
1494,-0.062823772
1494.099976,-0.061869621
1494.200073,-0.061249733
1494.300049,-0.062275052
1494.400024,-0.061917305
1494.5,-0.064063549
1494.599976,-0.068736553
1494.700073,-0.068128586
1494.800049,-0.069737911
1494.900024,-0.06997633
1495,-0.071311474
1495.099976,-0.070739269
1495.200073,-0.070548534
1495.300049,-0.071120739
1495.400024,-0.068974972
1495.5,-0.067830563
1495.599976,-0.065589428
1495.700073,-0.069499493
1495.800049,-0.063109875
1495.900024,-0.070691586
1496,-0.066590786
1496.099976,-0.065827847
1496.200073,-0.065970898
1496.300049,-0.0667696
1496.400024,-0.066876888
1496.5,-0.068402767
1496.599976,-0.066781521
1496.700073,-0.068867683
1496.800049,-0.072312832
1496.900024,-0.067973614
1497,-0.062680721
1497.099976,-0.06005764
1497.200073,-0.062895179
1497.300049,-0.065494061
1497.400024,-0.063348293
1497.5,-0.067782879
1497.599976,-0.068212032
1497.700073,-0.065923214
1497.800049,-0.068688869
1497.900024,-0.06291914
1498,-0.066161633
1498.099976,-0.070834637
1498.200073,-0.065637112
1498.300049,-0.072837353
1498.400024,-0.063920498
1498.5,-0.074410915
1498.599976,-0.053143501
1498.700073,-0.06082058
1498.800049,-0.060009956
1498.900024,-0.064015627
1499,-0.069261074
1499.099976,-0.065970898
1499.200073,-0.066018581
1499.300049,-0.062871456
1499.400024,-0.06870079
1499.5,-0.073028088
1499.599976,-0.072885036
1499.700073,-0.06727016
1499.800049,-0.065970898
1499.900024,-0.068417639
1500,-0.069880962
1500.099976,-0.070548534
1500.200073,-0.071359158
1500.300049,-0.069833279
1500.400024,-0.075173855
1500.5,-0.063491344
1500.599976,-0.054574013
1500.700073,-0.06754446
1500.800049,-0.062155724
1500.900024,-0.072169781
1501,-0.070691586
1501.099976,-0.062012672
1501.200073,-0.072646618
1501.300049,-0.064492702
1501.400024,-0.074077129
1501.5,-0.068736553
1501.599976,-0.068068981
1501.700073,-0.068927288
1501.800049,-0.072360516
1501.900024,-0.06792593
1502,-0.062298775
1502.099976,-0.064445019
1502.200073,-0.062954664
1502.300049,-0.063491344
1502.400024,-0.061583519
1502.5,-0.065160275
1502.599976,-0.073647976
1502.700073,-0.070453167
1502.800049,-0.066829205
1502.900024,-0.065923214
1503,-0.066733837
1503.099976,-0.068116665
1503.200073,-0.065780163
1503.300049,-0.059103966
1503.400024,-0.06382513
1503.5,-0.060963631
1503.599976,-0.067115307
1503.700073,-0.070310116
1503.800049,-0.062346458
1503.900024,-0.068402767
1504,-0.07627058
1504.099976,-0.069833279
1504.200073,-0.052285194
1504.300049,-0.063777447
1504.400024,-0.076938152
1504.5,-0.063682079
1504.599976,-0.071835995
1504.700073,-0.068879604
1504.800049,-0.068545818
1504.900024,-0.059342384
1505,-0.0613451
1505.099976,-0.062453866
1505.200073,-0.061678886
1505.300049,-0.067449093
1505.400024,-0.066447735
1505.5,-0.061011314
1505.599976,-0.062776089
1505.700073,-0.070024014
1505.800049,-0.071597576
1505.900024,-0.071835995
1506,-0.069892883
1506.099976,-0.068450451
1506.200073,-0.072041631
1506.300049,-0.075126171
1506.400024,-0.074697018
1506.5,-0.074506283
1506.599976,-0.071311474
1506.700073,-0.076890469
1506.800049,-0.066257
1506.900024,-0.060772896
1507,-0.069022655
1507.099976,-0.073981762
1507.200073,-0.059771538
1507.300049,-0.073600292
1507.400024,-0.065637112
1507.5,-0.075936794
1507.599976,-0.060486794
1507.700073,-0.059199333
1507.800049,-0.068116665
1507.900024,-0.06587553
1508,-0.068545818
1508.099976,-0.07255125
1508.200073,-0.065064907
1508.300049,-0.07665205
1508.400024,-0.067639828
1508.5,-0.06921339
1508.599976,-0.067222595
1508.700073,-0.065923214
1508.800049,-0.066113949
1508.900024,-0.076556683
1509,-0.061774254
1509.099976,-0.073504925
1509.200073,-0.061678886
1509.300049,-0.068593502
1509.400024,-0.064683437
1509.5,-0.066686153
1509.599976,-0.069737911
1509.700073,-0.070405483
1509.800049,-0.068498135
1509.900024,-0.063348293
1510,-0.068116665
1510.099976,-0.064778805
1510.200073,-0.068593502
1510.300049,-0.059103966
1510.400024,-0.059628487
1510.5,-0.077271938
1510.599976,-0.071883678
1510.700073,-0.073099613
1510.800049,-0.071883678
1510.900024,-0.071359158
1511,-0.061154366
1511.099976,-0.069547176
1511.200073,-0.063682079
1511.300049,-0.06496954
1511.400024,-0.068831921
1511.5,-0.065446377
1511.599976,-0.067639828
1511.700073,-0.0683074
1511.800049,-0.064897895
1511.900024,-0.062728405
1512,-0.060915947
1512.099976,-0.06043911
1512.200073,-0.076079845
1512.300049,-0.070024014
1512.400024,-0.075889111
1512.5,-0.072837353
1512.599976,-0.067735195
1512.700073,-0.070167065
1512.800049,-0.06754446
1512.900024,-0.069904804
1513,-0.071311474
1513.099976,-0.070596218
1513.200073,-0.07023859
1513.300049,-0.067830563
1513.400024,-0.071216106
1513.5,-0.069225311
1513.599976,-0.068784237
1513.700073,-0.069070339
1513.800049,-0.077510357
1513.900024,-0.061058998
1514,-0.072265148
1514.099976,-0.064349651
1514.200073,-0.066590786
1514.300049,-0.070214748
1514.400024,-0.072217464
1514.5,-0.073600292
1514.599976,-0.059056282
1514.700073,-0.054192543
1514.800049,-0.076032162
1514.900024,-0.065589428
1515,-0.058293343
1515.099976,-0.068355083
1515.200073,-0.071740627
1515.300049,-0.066686153
1515.400024,-0.066066265
1515.5,-0.069547176
1515.599976,-0.066400051
1515.700073,-0.074363232
1515.800049,-0.066400051
1515.900024,-0.070167065
1516,-0.069356441
1516.099976,-0.061488152
1516.200073,-0.07665205
1516.300049,-0.069785595
1516.400024,-0.07255125
1516.5,-0.075030804
1516.599976,-0.071609497
1516.700073,-0.069308758
1516.800049,-0.069547176
1516.900024,-0.072169781
1517,-0.072253227
1517.099976,-0.072142959
1517.200073,-0.072503567
1517.300049,-0.07164526
1517.400024,-0.068521857
1517.5,-0.061106682
1517.599976,-0.068831921
1517.700073,-0.066066265
1517.800049,-0.06959486
1517.900024,-0.061583519
1518,-0.068355083
1518.099976,-0.070548534
1518.200073,-0.055575371
1518.300049,-0.071835995
1518.400024,-0.063109875
1518.5,-0.062728405
1518.599976,-0.0703578
1518.700073,-0.077367306
1518.800049,-0.076795101
1518.900024,-0.074124813
1519,-0.072789669
1519.099976,-0.064349651
1519.200073,-0.063920498
1519.300049,-0.071454525
1519.400024,-0.073552608
1519.5,-0.069499493
1519.599976,-0.063634396
1519.700073,-0.068784237
1519.800049,-0.068212032
1519.900024,-0.070512772
1520,-0.072455883
1520.099976,-0.072598934
1520.200073,-0.071311474
1520.300049,-0.059866905
1520.400024,-0.071120739
1520.5,-0.062346458
1520.599976,-0.068068981
1520.700073,-0.056290627
1520.800049,-0.062585354
1520.900024,-0.070977688
1521,-0.068021297
1521.099976,-0.058054924
1521.200073,-0.057482719
1521.300049,-0.064516306
1521.400024,-0.073028088
1521.5,-0.069499493
1521.599976,-0.068927288
1521.700073,-0.069928646
1521.800049,-0.070167065
1521.900024,-0.073075771
1522,-0.076127529
1522.099976,-0.077987194
1522.200073,-0.074315548
1522.300049,-0.056624413
1522.400024,-0.067210674
1522.5,-0.058722496
1522.599976,-0.07908392
1522.700073,-0.071311474
1522.800049,-0.066400051
1522.900024,-0.068402767
1523,-0.067162991
1523.099976,-0.067735195
1523.200073,-0.060486794
1523.300049,-0.060868263
1523.400024,-0.065780163
1523.5,-0.077414989
1523.599976,-0.073075771
1523.700073,-0.067019939
1523.800049,-0.080562115
1523.900024,-0.071454525
1524,-0.069451809
1524.099976,-0.074077129
1524.200073,-0.072312832
1524.300049,-0.077558041
1524.400024,-0.071406841
1524.5,-0.075126171
1524.599976,-0.074649334
1524.700073,-0.072134018
1524.800049,-0.069261074
1524.900024,-0.069499493
1525,-0.065494061
1525.099976,-0.06997633
1525.200073,-0.067306042
1525.300049,-0.069165707
1525.400024,-0.070202827
1525.5,-0.069794536
1525.599976,-0.068974972
1525.700073,-0.070834637
1525.800049,-0.067496777
1525.900024,-0.062012672
1526,-0.074029446
1526.099976,-0.070930004
1526.200073,-0.075221539
1526.300049,-0.076127529
1526.400024,-0.076795101
1526.5,-0.069165707
1526.599976,-0.075603008
1526.700073,-0.059199333
1526.800049,-0.063729763
1526.900024,-0.066304684
1527,-0.068736553
1527.099976,-0.064492583
1527.200073,-0.060009956
1527.300049,-0.06291914
1527.400024,-0.061583519
1527.5,-0.066209197
1527.599976,-0.068593502
1527.700073,-0.071740627
1527.800049,-0.072074413
1527.900024,-0.077605724
1528,-0.067735195
1528.099976,-0.076699734
1528.200073,-0.061631203
1528.300049,-0.079179287
1528.400024,-0.063729763
1528.5,-0.056242943
1528.599976,-0.070500851
1528.700073,-0.063872814
1528.800049,-0.064731121
1528.900024,-0.063062191
1529,-0.06496954
1529.099976,-0.064015865
1529.200073,-0.079942226
1529.300049,-0.062680721
1529.400024,-0.074935436
1529.5,-0.06172657
1529.599976,-0.065446377
1529.700073,-0.065267444
1529.800049,-0.066972256
1529.900024,-0.066924572
1530,-0.06599474
1530.099976,-0.064254284
1530.200073,-0.065827847
1530.300049,-0.0642066
1530.400024,-0.064874172
1530.5,-0.06210804
1530.599976,-0.06382513
1530.700073,-0.066781521
1530.800049,-0.068021297
1530.900024,-0.074124813
1531,-0.076842785
1531.099976,-0.063586712
1531.200073,-0.076413631
1531.300049,-0.062728405
1531.400024,-0.060391426
1531.5,-0.0642066
1531.599976,-0.068068981
1531.700073,-0.066113949
1531.800049,-0.07498312
1531.900024,-0.062823772
1532,-0.073028088
1532.099976,-0.063157558
1532.200073,-0.065732479
1532.300049,-0.069070339
1532.400024,-0.064909816
1532.5,-0.061392784
1532.599976,-0.063443661
1532.700073,-0.0642066
1532.800049,-0.065017223
1532.900024,-0.068593502
1533,-0.071216106
1533.099976,-0.067782879
1533.200073,-0.065303326
1533.300049,-0.068212032
1533.400024,-0.06959486
1533.5,-0.064111233
1533.599976,-0.071216106
1533.700073,-0.06172657
1533.800049,-0.062155724
1533.900024,-0.065207958
1534,-0.064635754
1534.099976,-0.072837353
1534.200073,-0.068545818
1534.300049,-0.059866905
1534.400024,-0.058054924
1534.5,-0.070214748
1534.599976,-0.060248375
1534.700073,-0.0683074
1534.800049,-0.068545818
1534.900024,-0.071311474
1535,-0.068212032
1535.099976,-0.068140507
1535.200073,-0.067067623
1535.300049,-0.065970898
1535.400024,-0.062394142
1535.5,-0.061964989
1535.599976,-0.067496777
1535.700073,-0.068402767
1535.800049,-0.071120739
1535.900024,-0.072503567
1536,-0.076079845
1536.099976,-0.078034878
1536.200073,-0.065064907
1536.300049,-0.072265148
1536.400024,-0.062776089
1536.5,-0.064254284
1536.599976,-0.064492702
1536.700073,-0.064683437
1536.800049,-0.064695358
1536.900024,-0.065017223
1537,-0.06458807
1537.099976,-0.063753486
1537.200073,-0.059723854
1537.300049,-0.065684795
1537.400024,-0.07460165
1537.5,-0.058245659
1537.599976,-0.070548534
1537.700073,-0.071979046
1537.800049,-0.067615867
1537.900024,-0.067115307
1538,-0.066215247
1538.099976,-0.064301968
1538.200073,-0.065827847
1538.300049,-0.063586712
1538.400024,-0.06754446
1538.5,-0.059390068
1538.599976,-0.072789669
1538.700073,-0.067782879
1538.800049,-0.072074413
1538.900024,-0.071013451
1539,-0.07088232
1539.099976,-0.069520354
1539.200073,-0.0683074
1539.300049,-0.067878246
1539.400024,-0.068963051
1539.5,-0.067115307
1539.599976,-0.07255125
1539.700073,-0.067914009
1539.800049,-0.063348293
1539.900024,-0.068641186
1540,-0.060772896
1540.099976,-0.072885036
1540.200073,-0.064301968
1540.300049,-0.068831921
1540.400024,-0.066209316
1540.5,-0.066495419
1540.599976,-0.061678886
1540.700073,-0.0634197
1540.800049,-0.062776089
1540.900024,-0.062728405
1541,-0.06663847
1541.099976,-0.061631203
1541.200073,-0.065291286
1541.300049,-0.067210674
1541.400024,-0.065684795
1541.5,-0.067639828
1541.599976,-0.069642544
1541.700073,-0.063872814
1541.800049,-0.071359158
1541.900024,-0.075412273
1542,-0.066447735
1542.099976,-0.063872814
1542.200073,-0.06210804
1542.300049,-0.065720439
1542.400024,-0.0683074
1542.5,-0.068593502
1542.599976,-0.060486794
1542.700073,-0.064683437
1542.800049,-0.059294701
1542.900024,-0.060009956
1543,-0.061535835
1543.099976,-0.066686153
1543.200073,-0.05800724
1543.300049,-0.071168423
1543.400024,-0.061678886
1543.5,-0.074649334
1543.599976,-0.062728405
1543.700073,-0.069499493
1543.800049,-0.067258358
1543.900024,-0.06817627
1544,-0.068593502
1544.099976,-0.067353725
1544.200073,-0.062680721
1544.300049,-0.072265148
1544.400024,-0.060868263
1544.5,-0.0642066
1544.599976,-0.070167065
1544.700073,-0.064397335
1544.800049,-0.069737911
1544.900024,-0.068831921
1545,-0.06741333
1545.099976,-0.066733837
1545.200073,-0.064349651
1545.300049,-0.064301968
1545.400024,-0.064683437
1545.5,-0.073981762
1545.599976,-0.075269222
1545.700073,-0.067162991
1545.800049,-0.064397335
1545.900024,-0.068259716
1546,-0.072312832
1546.099976,-0.077987194
1546.200073,-0.069547176
1546.300049,-0.062155724
1546.400024,-0.072837353
1546.5,-0.060486794
1546.599976,-0.068068981
1546.700073,-0.062823772
1546.800049,-0.068259716
1546.900024,-0.067115307
1547,-0.059914589
1547.099976,-0.077271938
1547.200073,-0.067258358
1547.300049,-0.055623055
1547.400024,-0.060296059
1547.5,-0.062346458
1547.599976,-0.05671978
1547.700073,-0.069165707
1547.800049,-0.063348293
1547.900024,-0.063014507
1548,-0.073361874
1548.099976,-0.058579445
1548.200073,-0.066113949
1548.300049,-0.065029025
1548.400024,-0.065494061
1548.5,-0.069928646
1548.599976,-0.075412273
1548.700073,-0.06754446
1548.800049,-0.070310116
1548.900024,-0.061535835
1549,-0.078511715
1549.099976,-0.072408199
1549.200073,-0.061774254
1549.300049,-0.059390068
1549.400024,-0.06458807
1549.5,-0.065732479
1549.599976,-0.057387352
1549.700073,-0.06172657
1549.800049,-0.069833279
1549.900024,-0.062728405
1550,-0.074124813
1550.099976,-0.068021297
1550.200073,-0.077558041
1550.300049,-0.066447735
1550.400024,-0.068927288
1550.5,-0.065541744
1550.599976,-0.0613451
1550.700073,-0.066352367
1550.800049,-0.07331419
1550.900024,-0.063109875
1551,-0.075936794
1551.099976,-0.07202673
1551.200073,-0.061774254
1551.300049,-0.071788311
1551.400024,-0.076318264
1551.5,-0.072885036
1551.599976,-0.072122097
1551.700073,-0.074649334
1551.800049,-0.068259716
1551.900024,-0.062680721
1552,-0.063586712
1552.099976,-0.071359158
1552.200073,-0.066686153
1552.300049,-0.061678886
1552.400024,-0.069022655
1552.5,-0.060153008
1552.599976,-0.069451809
1552.700073,-0.07088232
1552.800049,-0.070500851
1552.900024,-0.067639828
1553,-0.062633038
1553.099976,-0.05633831
1553.200073,-0.066304684
1553.300049,-0.060391426
1553.400024,-0.070977688
1553.5,-0.061583519
1553.599976,-0.071120739
1553.700073,-0.067878246
1553.800049,-0.067830563
1553.900024,-0.068235874
1554,-0.067735195
1554.099976,-0.069499493
1554.200073,-0.068927288
1554.300049,-0.07126379
1554.400024,-0.065982699
1554.5,-0.061011314
1554.599976,-0.062728405
1554.700073,-0.074840069
1554.800049,-0.063920498
1554.900024,-0.072598934
1555,-0.075793743
1555.099976,-0.065541744
1555.200073,-0.060200691
1555.300049,-0.068784237
1555.400024,-0.07460165
1555.5,-0.06997633
1555.599976,-0.057291985
1555.700073,-0.063586712
1555.800049,-0.069070339
1555.900024,-0.068259716
1556,-0.070643902
1556.099976,-0.070739269
1556.200073,-0.063968182
1556.300049,-0.058293343
1556.400024,-0.0613451
1556.5,-0.064397335
1556.599976,-0.067353725
1556.700073,-0.069880962
1556.800049,-0.059247017
1556.900024,-0.066161633
1557,-0.071311474
1557.099976,-0.06172657
1557.200073,-0.07088232
1557.300049,-0.064921856
1557.400024,-0.066924572
1557.5,-0.069690228
1557.599976,-0.065970898
1557.700073,-0.066590786
1557.800049,-0.068068981
1557.900024,-0.063539028
1558,-0.078082561
1558.099976,-0.067115307
1558.200073,-0.073504925
1558.300049,-0.062633038
1558.400024,-0.066829205
1558.5,-0.06921339
1558.599976,-0.062060356
1558.700073,-0.060677528
1558.800049,-0.068068981
1558.900024,-0.075316906
1559,-0.065303326
1559.099976,-0.066018581
1559.200073,-0.0683074
1559.300049,-0.061058998
1559.400024,-0.065255642
1559.5,-0.064015865
1559.599976,-0.065494061
1559.700073,-0.061535835
1559.800049,-0.064540386
1559.900024,-0.070405483
1560,-0.075316906
1560.099976,-0.072312832
1560.200073,-0.071359158
1560.300049,-0.072169781
1560.400024,-0.059199333
1560.5,-0.066304684
1560.599976,-0.07331419
1560.700073,-0.061011314
1560.800049,-0.063157558
1560.900024,-0.074410915
1561,-0.051808357
1561.099976,-0.068164349
1561.200073,-0.07088232
1561.300049,-0.067019939
1561.400024,-0.063348293
1561.5,-0.065684795
1561.599976,-0.069451809
1561.700073,-0.071216106
1561.800049,-0.070667744
1561.900024,-0.069690228
1562,-0.072312832
1562.099976,-0.074935436
1562.200073,-0.074172497
1562.300049,-0.070119381
1562.400024,-0.065732479
1562.5,-0.076127529
1562.599976,-0.066161633
1562.700073,-0.062776089
1562.800049,-0.062251091
1562.900024,-0.063991904
1563,-0.066257
1563.099976,-0.064683437
1563.200073,-0.054574013
1563.300049,-0.0703578
1563.400024,-0.055718422
1563.5,-0.064683437
1563.599976,-0.060367823
1563.700073,-0.058579445
1563.800049,-0.062489986
1563.900024,-0.070691586
1564,-0.066400051
1564.099976,-0.070786953
1564.200073,-0.064492702
1564.300049,-0.066972256
1564.400024,-0.061011314
1564.5,-0.064921856
1564.599976,-0.060153008
1564.700073,-0.062179685
1564.800049,-0.061774254
1564.900024,-0.061869621
1565,-0.066673994
1565.099976,-0.072503567
1565.200073,-0.070548534
1565.300049,-0.066900492
1565.400024,-0.062251091
1565.5,-0.062298775
1565.599976,-0.064456701
1565.700073,-0.067449093
1565.800049,-0.065827847
1565.900024,-0.069833279
1566,-0.075269222
1566.099976,-0.068688869
1566.200073,-0.066018581
1566.300049,-0.065303326
1566.400024,-0.05505085
1566.5,-0.060009956
1566.599976,-0.067592144
1566.700073,-0.063062191
1566.800049,-0.065589428
1566.900024,-0.064540386
1567,-0.067162991
1567.099976,-0.064778805
1567.200073,-0.067198753
1567.300049,-0.066182494
1567.400024,-0.066400051
1567.5,-0.066352367
1567.599976,-0.06754446
1567.700073,-0.066268921
1567.800049,-0.065303326
1567.900024,-0.06587553
1568,-0.065494061
1568.099976,-0.066829205
1568.200073,-0.063968182
1568.300049,-0.060534477
1568.400024,-0.063968182
1568.5,-0.067353725
1568.599976,-0.062251091
1568.700073,-0.068879604
1568.800049,-0.071359158
1568.900024,-0.06587553
1569,-0.059390068
1569.099976,-0.065494061
1569.200073,-0.068784237
1569.300049,-0.063968182
1569.400024,-0.063562632
1569.5,-0.060391426
1569.599976,-0.061106682
1569.700073,-0.064254284
1569.800049,-0.068688869
1569.900024,-0.073218822
1570,-0.068593502
1570.099976,-0.070786953
1570.200073,-0.066972256
1570.300049,-0.069356441
1570.400024,-0.069356441
1570.5,-0.066590786
1570.599976,-0.062680721
1570.700073,-0.06496954
1570.800049,-0.068688869
1570.900024,-0.060725212
1571,-0.053286552
1571.099976,-0.066400051
1571.200073,-0.074124813
1571.300049,-0.05338192
1571.400024,-0.080800533
1571.5,-0.068593502
1571.599976,-0.064826488
1571.700073,-0.065446377
1571.800049,-0.061964989
1571.900024,-0.073171139
1572,-0.068068981
1572.099976,-0.070119381
1572.200073,-0.069523335
1572.300049,-0.070262432
1572.400024,-0.069642544
1572.5,-0.066590786
1572.599976,-0.066018581
1572.700073,-0.063586712
1572.800049,-0.06496954
1572.900024,-0.064242363
1573,-0.063491344
1573.099976,-0.064921856
1573.200073,-0.061678886
1573.300049,-0.070834637
1573.400024,-0.06253767
1573.5,-0.059580803
1573.599976,-0.072455883
1573.700073,-0.062203407
1573.800049,-0.066400051
1573.900024,-0.06172657
1574,-0.066447735
1574.099976,-0.067067623
1574.200073,-0.068641186
1574.300049,-0.070024014
1574.400024,-0.060105324
1574.5,-0.064301968
1574.599976,-0.074506283
1574.700073,-0.057768822
1574.800049,-0.077224255
1574.900024,-0.068164349
1575,-0.070739269
1575.099976,-0.060248375
1575.200073,-0.066972256
1575.300049,-0.061440468
1575.400024,-0.073123455
1575.5,-0.056385994
1575.599976,-0.062966824
1575.700073,-0.067496777
1575.800049,-0.065589428
1575.900024,-0.067496777
1576,-0.073552608
1576.099976,-0.071406841
1576.200073,-0.072253227
1576.300049,-0.070739269
1576.400024,-0.07331419
1576.5,-0.066113949
1576.599976,-0.068927288
1576.700073,-0.066113949
1576.800049,-0.072741985
1576.900024,-0.06253767
1577,-0.074410915
1577.099976,-0.061440468
1577.200073,-0.07255125
1577.300049,-0.062155724
1577.400024,-0.053429604
1577.5,-0.067067623
1577.599976,-0.072408199
1577.700073,-0.064111233
1577.800049,-0.06382513
1577.900024,-0.064492702
1578,-0.064790726
1578.099976,-0.066113949
1578.200073,-0.064731121
1578.300049,-0.075412273
1578.400024,-0.067592144
1578.5,-0.05967617
1578.599976,-0.06496954
1578.700073,-0.058531761
1578.800049,-0.06210804
1578.900024,-0.073504925
1579,-0.0613451
1579.099976,-0.067067623
1579.200073,-0.076079845
1579.300049,-0.068688869
1579.400024,-0.054764748
1579.5,-0.070596218
1579.599976,-0.066829205
1579.700073,-0.072694302
1579.800049,-0.059247017
1579.900024,-0.075459957
1580,-0.063777447
1580.099976,-0.068927288
1580.200073,-0.064015865
1580.300049,-0.065589428
1580.400024,-0.066447735
1580.5,-0.067830563
1580.599976,-0.06997633
1580.700073,-0.065017223
1580.800049,-0.072074413
1580.900024,-0.065780163
1581,-0.075889111
1581.099976,-0.07665205
1581.200073,-0.06458807
1581.300049,-0.056767464
1581.400024,-0.069785595
1581.5,-0.064731121
1581.599976,-0.070024014
1581.700073,-0.064540386
1581.800049,-0.058674812
1581.900024,-0.070214748
1582,-0.060963631
1582.099976,-0.073361874
1582.200073,-0.070453167
1582.300049,-0.065160275
1582.400024,-0.068021297
1582.5,-0.068784237
1582.599976,-0.062203407
1582.700073,-0.067401409
1582.800049,-0.064158916
1582.900024,-0.068831921
1583,-0.071597576
1583.099976,-0.070667744
1583.200073,-0.0683074
1583.300049,-0.073934078
1583.400024,-0.068498135
1583.5,-0.070691586
1583.599976,-0.058627129
1583.700073,-0.060009956
1583.800049,-0.066543102
1583.900024,-0.061678886
1584,-0.070977688
1584.099976,-0.076699734
1584.200073,-0.06496954
1584.300049,-0.075698376
1584.400024,-0.062823772
1584.5,-0.059056282
1584.599976,-0.074220181
1584.700073,-0.072503567
1584.800049,-0.068855762
1584.900024,-0.065064907
1585,-0.063634396
1585.099976,-0.066304684
1585.200073,-0.065017223
1585.300049,-0.061106682
1585.400024,-0.069022655
1585.5,-0.064301968
1585.599976,-0.067019939
1585.700073,-0.062203407
1585.800049,-0.064826488
1585.900024,-0.063348293
1586,-0.072694302
1586.099976,-0.070548534
1586.200073,-0.06082058
1586.300049,-0.068974972
1586.400024,-0.061774254
1586.5,-0.071216106
1586.599976,-0.065827847
1586.700073,-0.070786953
1586.800049,-0.058960915
1586.900024,-0.067019939
1587,-0.07536459
1587.099976,-0.064158916
1587.200073,-0.067973614
1587.300049,-0.068593502
1587.400024,-0.060248375
1587.5,-0.061631203
1587.599976,-0.07293272
1587.700073,-0.065541744
1587.800049,-0.070310116
1587.900024,-0.065637112
1588,-0.073028088
1588.099976,-0.070643902
1588.200073,-0.065923214
1588.300049,-0.061917305
1588.400024,-0.063777447
1588.5,-0.063348293
1588.599976,-0.064301968
1588.700073,-0.064778805
1588.800049,-0.065303326
1588.900024,-0.066686153
1589,-0.068927288
1589.099976,-0.067306042
1589.200073,-0.072741985
1589.300049,-0.077414989
1589.400024,-0.077319622
1589.5,-0.070202708
1589.599976,-0.06005764
1589.700073,-0.066018581
1589.800049,-0.058865547
1589.900024,-0.063872814
1590,-0.071549892
1590.099976,-0.070691586
1590.200073,-0.063634396
1590.300049,-0.060200691
1590.400024,-0.06083262
1590.5,-0.06005764
1590.599976,-0.059437752
1590.700073,-0.057530403
1590.800049,-0.067973614
1590.900024,-0.057625771
1591,-0.069499493
1591.099976,-0.072837353
1591.200073,-0.064492702
1591.300049,-0.065684795
1591.400024,-0.065315247
1591.5,-0.064540386
1591.599976,-0.066543102
1591.700073,-0.05376339
1591.800049,-0.069880962
1591.900024,-0.055766106
1592,-0.071073055
1592.099976,-0.071120739
1592.200073,-0.063348293
1592.300049,-0.078988552
1592.400024,-0.058341026
1592.5,-0.067353725
1592.599976,-0.068355083
1592.700073,-0.069451809
1592.800049,-0.0683074
1592.900024,-0.063539028
1593,-0.064492702
1593.099976,-0.06172657
1593.200073,-0.065684795
1593.300049,-0.069642544
1593.400024,-0.068688869
1593.5,-0.068676949
1593.599976,-0.068450451
1593.700073,-0.06792593
1593.800049,-0.069308758
1593.900024,-0.069880962
1594,-0.065494061
1594.099976,-0.072980404
1594.200073,-0.067115307
1594.300049,-0.068736553
1594.400024,-0.062585354
1594.5,-0.065303326
1594.599976,-0.068831921
1594.700073,-0.06382513
1594.800049,-0.070310116
1594.900024,-0.066161633
1595,-0.055718422
1595.099976,-0.06043911
1595.200073,-0.067687511
1595.300049,-0.070214748
1595.400024,-0.069022655
1595.5,-0.068343163
1595.599976,-0.065923214
1595.700073,-0.068212032
1595.800049,-0.07460165
1595.900024,-0.055575371
1596,-0.074840069
1596.099976,-0.069690228
1596.200073,-0.073838711
1596.300049,-0.070977688
1596.400024,-0.066257
1596.5,-0.066781521
1596.599976,-0.059151649
1596.700073,-0.075221539
1596.800049,-0.068259716
1596.900024,-0.061202049
1597,-0.07202673
1597.099976,-0.06330061
1597.200073,-0.066304684
1597.300049,-0.056958199
1597.400024,-0.063157558
1597.5,-0.065589428
1597.599976,-0.063157558
1597.700073,-0.071359158
1597.800049,-0.066924572
1597.900024,-0.065720439
1598,-0.06172657
1598.099976,-0.062871456
1598.200073,-0.057530403
1598.300049,-0.064540386
1598.400024,-0.075078487
1598.5,-0.075603008
1598.599976,-0.070643902
1598.700073,-0.064826488
1598.800049,-0.064874172
1598.900024,-0.067377567
1599,-0.068402767
1599.099976,-0.071406841
1599.200073,-0.067806721
1599.300049,-0.065732479
1599.400024,-0.065684795
1599.5,-0.074267864
1599.599976,-0.058484077
1599.700073,-0.073981762
1599.800049,-0.06082058
1599.900024,-0.069499493
1600,-0.06172657
1600.099976,-0.064015865
1600.200073,-0.061202049
1600.300049,-0.069308758
1600.400024,-0.062871456
1600.5,-0.068259716
1600.599976,-0.071835995
1600.700073,-0.067210674
1600.800049,-0.061631203
1600.900024,-0.062489986
1601,-0.063336253
1601.099976,-0.063062191
1601.200073,-0.066161633
1601.300049,-0.066972256
1601.400024,-0.066924572
1601.5,-0.069356441
1601.599976,-0.067449093
1601.700073,-0.069165707
1601.800049,-0.067639828
1601.900024,-0.070119381
1602,-0.070071697
1602.099976,-0.059962273
1602.200073,-0.062346458
1602.300049,-0.063574553
1602.400024,-0.064492702
1602.5,-0.067496777
1602.599976,-0.058531761
1602.700073,-0.066733837
1602.800049,-0.063729763
1602.900024,-0.067782879
1603,-0.068498135
1603.099976,-0.077891827
1603.200073,-0.057339668
1603.300049,-0.065446377
1603.400024,-0.073361874
1603.5,-0.075126171
1603.599976,-0.062012672
1603.700073,-0.06330061
1603.800049,-0.066972256
1603.900024,-0.070262432
1604,-0.070930004
1604.099976,-0.064778805
1604.200073,-0.075221539
1604.300049,-0.061154366
1604.400024,-0.06587553
1604.5,-0.065827847
1604.599976,-0.064540386
1604.700073,-0.063765287
1604.800049,-0.062441826
1604.900024,-0.062251091
1605,-0.062298775
1605.099976,-0.059962273
1605.200073,-0.063169241
1605.300049,-0.063348293
1605.400024,-0.067067623
1605.5,-0.067782879
1605.599976,-0.066674232
1605.700073,-0.066876888
1605.800049,-0.06496954
1605.900024,-0.067067623
1606,-0.063491344
1606.099976,-0.058817863
1606.200073,-0.063062191
1606.300049,-0.065207958
1606.400024,-0.058674812
1606.5,-0.063729763
1606.599976,-0.066924572
1606.700073,-0.06496954
1606.800049,-0.065541744
1606.900024,-0.065160275
1607,-0.063920379
1607.099976,-0.062060356
1607.200073,-0.06291914
1607.300049,-0.065160155
1607.400024,-0.069642544
1607.5,-0.066018581
1607.599976,-0.070691586
1607.700073,-0.075269222
1607.800049,-0.058150291
1607.900024,-0.078559399
1608,-0.065541744
1608.099976,-0.061011314
1608.200073,-0.057005882
1608.300049,-0.064349651
1608.400024,-0.072789669
1608.5,-0.073934078
1608.599976,-0.067126989
1608.700073,-0.060343742
1608.800049,-0.061440468
1608.900024,-0.06469512
1609,-0.067735195
1609.099976,-0.069261074
1609.200073,-0.06754446
1609.300049,-0.059294701
1609.400024,-0.077462673
1609.5,-0.060534477
1609.599976,-0.071835995
1609.700073,-0.070453167
1609.800049,-0.060629845
1609.900024,-0.068593502
1610,-0.059247017
1610.099976,-0.063682079
1610.200073,-0.065541744
1610.300049,-0.062489986
1610.400024,-0.064921856
1610.5,-0.063193321
1610.599976,-0.062680721
1610.700073,-0.062680721
1610.800049,-0.065351009
1610.900024,-0.073457241
1611,-0.075650692
1611.099976,-0.071549892
1611.200073,-0.073838711
1611.300049,-0.068355083
1611.400024,-0.06959486
1611.5,-0.065303326
1611.599976,-0.061488152
1611.700073,-0.059008598
1611.800049,-0.06792593
1611.900024,-0.072980404
1612,-0.067782879
1612.099976,-0.07793951
1612.200073,-0.073266506
1612.300049,-0.067115307
1612.400024,-0.069833279
1612.5,-0.070405483
1612.599976,-0.073075771
1612.700073,-0.071597576
1612.800049,-0.072980404
1612.900024,-0.073457241
1613,-0.064540386
1613.099976,-0.071692944
1613.200073,-0.063395977
1613.300049,-0.062489986
1613.400024,-0.064254284
1613.5,-0.059533119
1613.599976,-0.061106682
1613.700073,-0.061392784
1613.800049,-0.058865547
1613.900024,-0.054907799
1614,-0.062668562
1614.099976,-0.068259716
1614.200073,-0.068641186
1614.300049,-0.060391426
1614.400024,-0.075221539
1614.5,-0.062012672
1614.599976,-0.066686153
1614.700073,-0.062728405
1614.800049,-0.070548534
1614.900024,-0.075030804
1615,-0.071824074
1615.099976,-0.069356441
1615.200073,-0.072360516
1615.300049,-0.055193901
1615.400024,-0.072789669
1615.5,-0.065827847
1615.599976,-0.066829205
1615.700073,-0.074506283
1615.800049,-0.073743343
1615.900024,-0.07793951
1616,-0.075698376
1616.099976,-0.070047736
1616.200073,-0.0613451
1616.300049,-0.065207958
1616.400024,-0.059008598
1616.5,-0.066543102
1616.599976,-0.063217044
1616.700073,-0.063920498
1616.800049,-0.063395977
1616.900024,-0.061392784
1617,-0.063920498
1617.099976,-0.069690228
1617.200073,-0.073504925
1617.300049,-0.064993143
1617.400024,-0.060677528
1617.5,-0.063687861
1617.599976,-0.064301968
1617.700073,-0.064778805
1617.800049,-0.071406841
1617.900024,-0.066209316
1618,-0.083184719
1618.099976,-0.067735195
1618.200073,-0.060105324
1618.300049,-0.06496954
1618.400024,-0.063539028
1618.5,-0.07164526
1618.599976,-0.070214748
1618.700073,-0.067294121
1618.800049,-0.063920498
1618.900024,-0.063395977
1619,-0.063586712
1619.099976,-0.063515067
1619.200073,-0.064415187
1619.300049,-0.065064907
1619.400024,-0.065494061
1619.5,-0.063348293
1619.599976,-0.068784237
1619.700073,-0.066686153
1619.800049,-0.067592144
1619.900024,-0.066495419
1620,-0.063109875
1620.099976,-0.063777447
1620.200073,-0.061691046
1620.300049,-0.059866905
1620.400024,-0.060009956
1620.5,-0.068450451
1620.599976,-0.072360516
1620.700073,-0.070405483
1620.800049,-0.070453167
1620.900024,-0.065207958
1621,-0.064254284
1621.099976,-0.072789669
1621.200073,-0.056147575
1621.300049,-0.064301968
1621.400024,-0.062155724
1621.5,-0.061583519
1621.599976,-0.067556143
1621.700073,-0.073981762
1621.800049,-0.072503567
1621.900024,-0.067449093
1622,-0.065064907
1622.099976,-0.062489986
1622.200073,-0.072789669
1622.300049,-0.066590786
1622.400024,-0.061678886
1622.5,-0.062680721
1622.599976,-0.066352367
1622.700073,-0.065064907
1622.800049,-0.073552608
1622.900024,-0.064254284
1623,-0.070739269
1623.099976,-0.069118023
1623.200073,-0.073838711
1623.300049,-0.070500851
1623.400024,-0.062823772
1623.5,-0.060391426
1623.599976,-0.068593502
1623.700073,-0.074172497
1623.800049,-0.068736553
1623.900024,-0.065160275
1624,-0.067019939
1624.099976,-0.069261074
1624.200073,-0.068021297
1624.300049,-0.065815926
1624.400024,-0.062585354
1624.5,-0.063395977
1624.599976,-0.071597576
1624.700073,-0.077558041
1624.800049,-0.059151649
1624.900024,-0.062871456
1625,-0.060725212
1625.099976,-0.068784237
1625.200073,-0.057673454
1625.300049,-0.071740627
1625.400024,-0.06253767
1625.5,-0.065732479
1625.599976,-0.07126379
1625.700073,-0.067401409
1625.800049,-0.059103966
1625.900024,-0.067401409
1626,-0.064445019
1626.099976,-0.061869621
1626.200073,-0.067067623
1626.300049,-0.07369566
1626.400024,-0.071788311
1626.5,-0.07255125
1626.599976,-0.06496954
1626.700073,-0.062633038
1626.800049,-0.065970898
1626.900024,-0.074649334
1627,-0.074363232
1627.099976,-0.06458807
1627.200073,-0.070024014
1627.300049,-0.065351009
1627.400024,-0.059151649
1627.5,-0.068784237
1627.599976,-0.066829205
1627.700073,-0.069785595
1627.800049,-0.073600292
1627.900024,-0.066352367
1628,-0.068545818
1628.099976,-0.071359158
1628.200073,-0.072122097
1628.300049,-0.075603008
1628.400024,-0.072980404
1628.5,-0.06754446
1628.599976,-0.070643902
1628.700073,-0.063443661
1628.800049,-0.068879604
1628.900024,-0.066733837
1629,-0.066257
1629.099976,-0.066257
1629.200073,-0.067556381
1629.300049,-0.069451809
1629.400024,-0.068259716
1629.5,-0.066113949
1629.599976,-0.070167065
1629.700073,-0.068402767
1629.800049,-0.060296059
1629.900024,-0.071788311
1630,-0.060582161
1630.099976,-0.065255642
1630.200073,-0.0613451
1630.300049,-0.068259716
1630.400024,-0.068545818
1630.5,-0.067997456
1630.599976,-0.067210674
1630.700073,-0.067973614
1630.800049,-0.068879604
1630.900024,-0.078654766
1631,-0.068593502
1631.099976,-0.080228329
1631.200073,-0.067067623
1631.300049,-0.07293272
1631.400024,-0.0703578
1631.5,-0.070739269
1631.599976,-0.077414989
1631.700073,-0.058627129
1631.800049,-0.06997633
1631.900024,-0.060105324
1632,-0.071979046
1632.099976,-0.073647976
1632.200073,-0.0683074
1632.300049,-0.062489986
1632.400024,-0.06663847
1632.5,-0.067496777
1632.599976,-0.06382513
1632.700073,-0.068486214
1632.800049,-0.071597576
1632.900024,-0.071025372
1633,-0.062633038
1633.099976,-0.074935436
1633.200073,-0.063205242
1633.300049,-0.062489986
1633.400024,-0.065792084
1633.5,-0.069547176
1633.599976,-0.06792593
1633.700073,-0.065160275
1633.800049,-0.051522255
1633.900024,-0.067162991
1634,-0.059723854
1634.099976,-0.058531761
1634.200073,-0.068402767
1634.300049,-0.064111233
1634.400024,-0.069785595
1634.5,-0.071883678
1634.599976,-0.061964989
1634.700073,-0.06587553
1634.800049,-0.070214748
1634.900024,-0.065494061
1635,-0.061964989
1635.099976,-0.071835995
1635.200073,-0.06382513
1635.300049,-0.069547176
1635.400024,-0.064445019
1635.5,-0.072169781
1635.599976,-0.064349651
1635.700073,-0.065160275
1635.800049,-0.0642066
1635.900024,-0.067496777
1636,-0.070691586
1636.099976,-0.069928646
1636.200073,-0.069261074
1636.300049,-0.066972256
1636.400024,-0.069451809
1636.5,-0.06470716
1636.599976,-0.05967617
1636.700073,-0.062728405
1636.800049,-0.06368196
1636.900024,-0.066209316
1637,-0.066113949
1637.099976,-0.069642544
1637.200073,-0.067735195
1637.300049,-0.070977688
1637.400024,-0.063634396
1637.5,-0.070977688
1637.599976,-0.062585354
1637.700073,-0.067401409
1637.800049,-0.07126379
1637.900024,-0.066972256
1638,-0.064874172
1638.099976,-0.065684795
1638.200073,-0.065470219
1638.300049,-0.065637112
1638.400024,-0.065684795
1638.5,-0.065839767
1638.599976,-0.066209316
1638.700073,-0.065827847
1638.800049,-0.065088749
1638.900024,-0.065541744
1639,-0.062776089
1639.099976,-0.070119381
1639.200073,-0.07703352
1639.300049,-0.074029446
1639.400024,-0.066686153
1639.5,-0.065303326
1639.599976,-0.066316605
1639.700073,-0.068021297
1639.800049,-0.065255642
1639.900024,-0.069261074
1640,-0.070977688
1640.099976,-0.072789669
1640.200073,-0.070012093
1640.300049,-0.068402767
1640.400024,-0.067878246
1640.5,-0.065541744
1640.599976,-0.068259716
1640.700073,-0.060343742
1640.800049,-0.062776089
1640.900024,-0.062155724
1641,-0.066161513
1641.099976,-0.070024014
1641.200073,-0.069690228
1641.300049,-0.068116665
1641.400024,-0.065398693
1641.5,-0.070691586
1641.599976,-0.073028088
1641.700073,-0.068688869
1641.800049,-0.068784237
1641.900024,-0.063443661
1642,-0.059437752
1642.099976,-0.06587553
1642.200073,-0.074029446
1642.300049,-0.068259716
1642.400024,-0.062633038
1642.5,-0.065732479
1642.599976,-0.056624413
1642.700073,-0.072074413
1642.800049,-0.06172657
1642.900024,-0.069261074
1643,-0.060629845
1643.099976,-0.071740627
1643.200073,-0.064826488
1643.300049,-0.061631203
1643.400024,-0.065112591
1643.5,-0.077891827
1643.599976,-0.060963631
1643.700073,-0.068831921
1643.800049,-0.058054924
1643.900024,-0.077224255
1644,-0.0683074
1644.099976,-0.065160275
1644.200073,-0.062441826
1644.300049,-0.073123455
1644.400024,-0.066209316
1644.5,-0.075698376
1644.599976,-0.073838711
1644.700073,-0.075269222
1644.800049,-0.081182003
1644.900024,-0.0703578
1645,-0.057578087
1645.099976,-0.065017223
1645.200073,-0.079751492
1645.300049,-0.06754446
1645.400024,-0.056672096
1645.5,-0.056481361
1645.599976,-0.066590786
1645.700073,-0.074220181
1645.800049,-0.071216106
1645.900024,-0.060153008
1646,-0.072455883
1646.099976,-0.061440468
1646.200073,-0.076795101
1646.300049,-0.064635754
1646.400024,-0.064301968
1646.5,-0.069118023
1646.599976,-0.064301968
1646.700073,-0.067830563
1646.800049,-0.065207958
1646.900024,-0.065637112
1647,-0.067210674
1647.099976,-0.067115307
1647.200073,-0.071073055
1647.300049,-0.07088232
1647.400024,-0.060248375
1647.5,-0.074172497
1647.599976,-0.06082058
1647.700073,-0.063586712
1647.800049,-0.070405483
1647.900024,-0.072360516
1648,-0.064492702
1648.099976,-0.072122097
1648.200073,-0.054574013
1648.300049,-0.066829205
1648.400024,-0.069451809
1648.5,-0.06043911
1648.599976,-0.068736553
1648.700073,-0.063157558
1648.800049,-0.070024014
1648.900024,-0.065017223
1649,-0.072646618
1649.099976,-0.074506283
1649.200073,-0.067603946
1649.300049,-0.062585354
1649.400024,-0.060677528
1649.5,-0.068355083
1649.599976,-0.073504925
1649.700073,-0.065589428
1649.800049,-0.079370022
1649.900024,-0.067735195
1650,-0.061917305
1650.099976,-0.060963631
1650.200073,-0.06291914
1650.300049,-0.066590786
1650.400024,-0.068259716
1650.5,-0.074410915
1650.599976,-0.068402767
1650.700073,-0.058531761
1650.800049,-0.074410915
1650.900024,-0.064111233
1651,-0.068927288
1651.099976,-0.061821938
1651.200073,-0.062203407
1651.300049,-0.065779924
1651.400024,-0.070024014
1651.5,-0.069070339
1651.599976,-0.072646618
1651.700073,-0.069642544
1651.800049,-0.073922157
1651.900024,-0.075603008
1652,-0.077796459
1652.099976,-0.072837353
1652.200073,-0.070560455
1652.300049,-0.066304684
1652.400024,-0.065303326
1652.5,-0.071788311
1652.599976,-0.071168423
1652.700073,-0.073385715
1652.800049,-0.077653408
1652.900024,-0.07293272
1653,-0.074744701
1653.099976,-0.059485435
1653.200073,-0.077462673
1653.300049,-0.061583519
1653.400024,-0.067496777
1653.5,-0.065494061
1653.599976,-0.063395977
1653.700073,-0.066972256
1653.800049,-0.070500851
1653.900024,-0.077558041
1654,-0.074077129
1654.099976,-0.063157558
1654.200073,-0.069308758
1654.300049,-0.07627058
1654.400024,-0.066876888
1654.5,-0.054335594
1654.599976,-0.067067623
1654.700073,-0.075412273
1654.800049,-0.062585354
1654.900024,-0.077224255
1655,-0.070167065
1655.099976,-0.06754446
1655.200073,-0.079799175
1655.300049,-0.061297417
1655.400024,-0.069451809
1655.5,-0.053048134
1655.599976,-0.061106682
1655.700073,-0.064015865
1655.800049,-0.066209316
1655.900024,-0.07793951
1656,-0.065112591
1656.099976,-0.073028088
1656.200073,-0.071502209
1656.300049,-0.06754446
1656.400024,-0.062776089
1656.5,-0.071073055
1656.599976,-0.068450451
1656.700073,-0.069022655
1656.800049,-0.069547176
1656.900024,-0.074506283
1657,-0.070739269
1657.099976,-0.059437752
1657.200073,-0.069356441
1657.300049,-0.063062191
1657.400024,-0.068212032
1657.5,-0.0683074
1657.599976,-0.068748474
1657.700073,-0.067782879
1657.800049,-0.070691586
1657.900024,-0.061106682
1658,-0.073838711
1658.099976,-0.064445019
1658.200073,-0.075173855
1658.300049,-0.07908392
1658.400024,-0.073123455
1658.5,-0.053668022
1658.599976,-0.075173855
1658.700073,-0.066304684
1658.800049,-0.072885036
1658.900024,-0.069404125
1659,-0.073075771
1659.099976,-0.065017223
1659.200073,-0.075412273
1659.300049,-0.070643902
1659.400024,-0.065970898
1659.5,-0.057005882
1659.599976,-0.066161633
1659.700073,-0.061488152
1659.800049,-0.064063549
1659.900024,-0.066614509
1660,-0.071168423
1660.099976,-0.069737911
1660.200073,-0.064492702
1660.300049,-0.070691586
1660.400024,-0.065494061
1660.5,-0.070405483
1660.599976,-0.074315548
1660.700073,-0.070167065
1660.800049,-0.070643902
1660.900024,-0.07164526
1661,-0.066447735
1661.099976,-0.068831921
1661.200073,-0.061011314
1661.300049,-0.059580803
1661.400024,-0.064921856
1661.5,-0.07331419
1661.599976,-0.059962273
1661.700073,-0.079322338
1661.800049,-0.068402767
1661.900024,-0.069356441
1662,-0.059628487
1662.099976,-0.071740627
1662.200073,-0.058150291
1662.300049,-0.067258358
1662.400024,-0.063682079
1662.5,-0.067878246
1662.599976,-0.063682079
1662.700073,-0.063586712
1662.800049,-0.072598934
1662.900024,-0.071740627
1663,-0.071681023
1663.099976,-0.072265148
1663.200073,-0.070119381
1663.300049,-0.061297417
1663.400024,-0.070786953
1663.5,-0.061964989
1663.599976,-0.058436394
1663.700073,-0.069261074
1663.800049,-0.059390068
1663.900024,-0.06330061
1664,-0.062298775
1664.099976,-0.072217464
1664.200073,-0.072646618
1664.300049,-0.070298195
1664.400024,-0.068498135
1664.5,-0.067830563
1664.599976,-0.064349651
1664.700073,-0.068116665
1664.800049,-0.076318264
1664.900024,-0.073266506
1665,-0.074697018
1665.099976,-0.070691586
1665.200073,-0.067735195
1665.300049,-0.067973614
1665.400024,-0.070524693
1665.5,-0.072837353
1665.599976,-0.073552608
1665.700073,-0.073504925
1665.800049,-0.072312832
1665.900024,-0.073719501
1666,-0.072712183
1666.099976,-0.072694302
1666.200073,-0.072122097
1666.300049,-0.068247795
1666.400024,-0.065207958
1666.5,-0.062966824
1666.599976,-0.072265148
1666.700073,-0.062728405
1666.800049,-0.072885036
1666.900024,-0.064397335
1667,-0.063109875
1667.099976,-0.064540386
1667.200073,-0.064397335
1667.300049,-0.066257
1667.400024,-0.066888809
1667.5,-0.06792593
1667.599976,-0.068974972
1667.700073,-0.070012093
1667.800049,-0.070405483
1667.900024,-0.072741985
1668,-0.065970898
1668.099976,-0.061488152
1668.200073,-0.062441826
1668.300049,-0.056147575
1668.400024,-0.059485435
1668.5,-0.073647976
1668.599976,-0.052475929
1668.700073,-0.062012672
1668.800049,-0.069642544
1668.900024,-0.063109875
1669,-0.061917305
1669.099976,-0.075412273
1669.200073,-0.064683437
1669.300049,-0.083089352
1669.400024,-0.06291914
1669.5,-0.057148933
1669.599976,-0.065732479
1669.700073,-0.073028088
1669.800049,-0.07088232
1669.900024,-0.073886395
1670,-0.064158916
1670.099976,-0.06587553
1670.200073,-0.063586712
1670.300049,-0.064039707
1670.400024,-0.063014507
1670.5,-0.063682079
1670.599976,-0.070596218
1670.700073,-0.070119381
1670.800049,-0.064599752
1670.900024,-0.061440468
1671,-0.056242943
1671.099976,-0.059103966
1671.200073,-0.066924572
1671.300049,-0.063491344
1671.400024,-0.067437172
1671.5,-0.070071697
1671.599976,-0.069261074
1671.700073,-0.078130245
1671.800049,-0.074553967
1671.900024,-0.071084857
1672,-0.062203407
1672.099976,-0.069451809
1672.200073,-0.076365948
1672.300049,-0.07164526
1672.400024,-0.075173855
1672.5,-0.067019939
1672.599976,-0.064826488
1672.700073,-0.055718422
1672.800049,-0.067162991
1672.900024,-0.060772896
1673,-0.068164349
1673.099976,-0.073409557
1673.200073,-0.057196617
1673.300049,-0.074744701
1673.400024,-0.068784237
1673.5,-0.068402767
1673.599976,-0.067472935
1673.700073,-0.064015865
1673.800049,-0.068688869
1673.900024,-0.065970898
1674,-0.071216106
1674.099976,-0.061917305
1674.200073,-0.063634396
1674.300049,-0.067210674
1674.400024,-0.072741985
1674.5,-0.07369566
1674.599976,-0.068688869
1674.700073,-0.059342384
1674.800049,-0.068688869
1674.900024,-0.060153008
1675,-0.062489986
1675.099976,-0.061869621
1675.200073,-0.071931362
1675.300049,-0.068498135
1675.400024,-0.071740627
1675.5,-0.069118023
1675.599976,-0.069451809
1675.700073,-0.0642066
1675.800049,-0.059103966
1675.900024,-0.064826488
1676,-0.067830563
1676.099976,-0.067258358
1676.200073,-0.074935436
1676.300049,-0.066352367
1676.400024,-0.070500851
1676.5,-0.064921856
1676.599976,-0.066352367
1676.700073,-0.071979046
1676.800049,-0.073266506
1676.900024,-0.068593502
1677,-0.068688869
1677.099976,-0.069046497
1677.200073,-0.069022655
1677.300049,-0.069880962
1677.400024,-0.068545818
1677.5,-0.074744701
1677.599976,-0.077605724
1677.700073,-0.071073055
1677.800049,-0.074029446
1677.900024,-0.065303326
1678,-0.063777447
1678.099976,-0.0683074
1678.200073,-0.075030804
1678.300049,-0.06997633
1678.400024,-0.066161633
1678.5,-0.070167065
1678.599976,-0.064731121
1678.700073,-0.07665205
1678.800049,-0.068402767
1678.900024,-0.071168423
1679,-0.072503567
1679.099976,-0.069416046
1679.200073,-0.066876888
1679.300049,-0.067115307
1679.400024,-0.064647555
1679.5,-0.066352367
1679.599976,-0.064924806
1679.700073,-0.063443661
1679.800049,-0.065255642
1679.900024,-0.065649033
1680,-0.067115307
1680.099976,-0.066781521
1680.200073,-0.066018581
1680.300049,-0.079513073
1680.400024,-0.074887753
1680.5,-0.065589428
1680.599976,-0.079131603
1680.700073,-0.075746059
1680.800049,-0.071692944
1680.900024,-0.062871456
1681,-0.069165707
1681.099976,-0.065398693
1681.200073,-0.075412273
1681.300049,-0.065780163
1681.400024,-0.075459957
1681.5,-0.075507641
1681.599976,-0.074553967
1681.700073,-0.069737911
1681.800049,-0.07202673
1681.900024,-0.069451809
1682,-0.069547176
1682.099976,-0.071073055
1682.200073,-0.066352367
1682.300049,-0.072408199
1682.400024,-0.062680721
1682.5,-0.063205242
1682.599976,-0.068068981
1682.700073,-0.060248375
1682.800049,-0.07832098
1682.900024,-0.06458807
1683,-0.082898617
1683.099976,-0.07498312
1683.200073,-0.072217464
1683.300049,-0.06496954
1683.400024,-0.070834637
1683.5,-0.073028088
1683.599976,-0.073123455
1683.700073,-0.067353725
1683.800049,-0.069118023
1683.900024,-0.06587553
1684,-0.066304684
1684.099976,-0.061249733
1684.200073,-0.076556683
1684.300049,-0.063920498
1684.400024,-0.069737911
1684.5,-0.055670738
1684.599976,-0.066257
1684.700073,-0.063252926
1684.800049,-0.068784237
1684.900024,-0.061917305
1685,-0.066781521
1685.099976,-0.064158916
1685.200073,-0.068068981
1685.300049,-0.060868263
1685.400024,-0.06959486
1685.5,-0.072169781
1685.599976,-0.068927288
1685.700073,-0.068021297
1685.800049,-0.067258358
1685.900024,-0.069928646
1686,-0.071549892
1686.099976,-0.071502209
1686.200073,-0.067067623
1686.300049,-0.064635754
1686.400024,-0.0642066
1686.5,-0.0672822
1686.599976,-0.071025372
1686.700073,-0.069261074
1686.800049,-0.071597576
1686.900024,-0.070930004
1687,-0.069201469
1687.099976,-0.06587553
1687.200073,-0.068402767
1687.300049,-0.065780163
1687.400024,-0.064826488
1687.5,-0.067258358
1687.599976,-0.066209316
1687.700073,-0.068510056
1687.800049,-0.069642544
1687.900024,-0.070930004
1688,-0.069737911
1688.099976,-0.063968182
1688.200073,-0.06330061
1688.300049,-0.06599474
1688.400024,-0.06754446
1688.5,-0.069165707
1688.599976,-0.070786953
1688.700073,-0.072694302
1688.800049,-0.067115307
1688.900024,-0.072122097
1689,-0.067401409
1689.099976,-0.072789669
1689.200073,-0.055909157
1689.300049,-0.073552608
1689.400024,-0.065970898
1689.5,-0.071740627
1689.599976,-0.0703578
1689.700073,-0.060486794
1689.800049,-0.073791027
1689.900024,-0.05877018
1690,-0.059580803
1690.099976,-0.063395977
1690.200073,-0.076365948
1690.300049,-0.0683074
1690.400024,-0.07164526
1690.5,-0.062823772
1690.599976,-0.068021297
1690.700073,-0.064731121
1690.800049,-0.070679665
1690.900024,-0.074840069
1691,-0.075126171
1691.099976,-0.063491344
1691.200073,-0.074267864
1691.300049,-0.064635754
1691.400024,-0.069070339
1691.5,-0.070930004
1691.599976,-0.072265148
1691.700073,-0.074267864
1691.800049,-0.070786953
1691.900024,-0.068259716
1692,-0.080037594
1692.099976,-0.073361874
1692.200073,-0.062966824
1692.300049,-0.071406841
1692.400024,-0.063348293
1692.5,-0.057959557
1692.599976,-0.070977688
1692.700073,-0.063443661
1692.800049,-0.072598934
1692.900024,-0.07126379
1693,-0.076795101
1693.099976,-0.079036236
1693.200073,-0.070310116
1693.300049,-0.067162991
1693.400024,-0.06330061
1693.5,-0.061249733
1693.599976,-0.071311474
1693.700073,-0.07665205
1693.800049,-0.063777447
1693.900024,-0.072741985
1694,-0.070071697
1694.099976,-0.073600292
1694.200073,-0.069761753
1694.300049,-0.067496777
1694.400024,-0.067878246
1694.5,-0.069118023
1694.599976,-0.071216106
1694.700073,-0.069880962
1694.800049,-0.066781521
1694.900024,-0.068068981
1695,-0.068688869
1695.099976,-0.070262432
1695.200073,-0.073457241
1695.300049,-0.070834637
1695.400024,-0.065112591
1695.5,-0.068402767
1695.599976,-0.072122097
1695.700073,-0.062585354
1695.800049,-0.064635754
1695.900024,-0.069070339
1696,-0.068879604
1696.099976,-0.072694302
1696.200073,-0.077558041
1696.300049,-0.075889111
1696.400024,-0.074410915
1696.5,-0.071359158
1696.599976,-0.07293272
1696.700073,-0.071025372
1696.800049,-0.072849274
1696.900024,-0.072408199
1697,-0.075030804
1697.099976,-0.073552608
1697.200073,-0.07215786
1697.300049,-0.07331121
1697.400024,-0.072646618
1697.5,-0.074887753
1697.599976,-0.072360516
1697.700073,-0.069308758
1697.800049,-0.066209316
1697.900024,-0.062728405
1698,-0.069499493
1698.099976,-0.068688869
1698.200073,-0.067210674
1698.300049,-0.063968182
1698.400024,-0.063968182
1698.5,-0.063586593
1698.599976,-0.061583519
1698.700073,-0.064826488
1698.800049,-0.064945579
1698.900024,-0.066686153
1699,-0.066686153
1699.099976,-0.069547176
1699.200073,-0.071311474
1699.300049,-0.073504925
1699.400024,-0.08537817
1699.5,-0.055003166
1699.599976,-0.06921339
1699.700073,-0.061535835
1699.800049,-0.071311474
1699.900024,-0.067782879
1700,-0.06997633
1700.099976,-0.06997633
1700.200073,-0.071609497
1700.300049,-0.072694302
1700.400024,-0.073791027
1700.5,-0.072992325
1700.599976,-0.070834637
1700.700073,-0.074649334
1700.800049,-0.079370022
1700.900024,-0.063062191
1701,-0.070453167
1701.099976,-0.061678886
1701.200073,-0.064540386
1701.300049,-0.068450451
1701.400024,-0.062346458
1701.5,-0.076079845
1701.599976,-0.06496954
1701.700073,-0.067019939
1701.800049,-0.069022655
1701.900024,-0.060534477
1702,-0.070739269
1702.099976,-0.063586712
1702.200073,-0.081134319
1702.300049,-0.063872814
1702.400024,-0.07460165
1702.5,-0.062871456
1702.599976,-0.070405483
1702.700073,-0.07627058
1702.800049,-0.069022655
1702.900024,-0.060725212
1703,-0.073600292
1703.099976,-0.078368664
1703.200073,-0.070024014
1703.300049,-0.06043911
1703.400024,-0.065446377
1703.5,-0.061631203
1703.599976,-0.068879604
1703.700073,-0.069022655
1703.800049,-0.069022655
1703.900024,-0.075507641
1704,-0.060200691
1704.099976,-0.069928646
1704.200073,-0.081134319
1704.300049,-0.098062038
1704.400024,-0.103354931
1704.5,-0.092912197
1704.599976,-0.088811398
1704.700073,-0.083613873
1704.800049,-0.085282803
1704.900024,-0.094771862
1705,-0.091243267
1705.099976,-0.084281445
1705.200073,-0.08833456
1705.300049,-0.091195583
1705.400024,-0.087571621
1705.5,-0.089598179
1705.599976,-0.090146542
1705.700073,-0.08947897
1705.800049,-0.087798119
1705.900024,-0.086331844
1706,-0.085235119
1706.099976,-0.083411217
1706.200073,-0.085425854
1706.300049,-0.086161971
1706.400024,-0.089669704
1706.5,-0.086141109
1706.599976,-0.098872662
1706.700073,-0.096869946
1706.800049,-0.087476254
1706.900024,-0.085092068
1707,-0.079894543
1707.099976,-0.093961239
1707.200073,-0.085902691
1707.300049,-0.095439434
1707.400024,-0.083613873
1707.5,-0.089622021
1707.599976,-0.09038496
1707.700073,-0.086856365
1707.800049,-0.088811398
1707.900024,-0.088382244
1708,-0.089860439
1708.099976,-0.088000774
1708.200073,-0.09615469
1708.300049,-0.086999416
1708.400024,-0.092626095
1708.5,-0.093436718
1708.599976,-0.086141109
1708.700073,-0.095487118
1708.800049,-0.084043026
1708.900024,-0.094914913
1709,-0.084043026
1709.099976,-0.092101574
1709.200073,-0.085711956
1709.300049,-0.083041668
1709.400024,-0.090051174
1709.5,-0.094056606
1709.599976,-0.079274654
1709.700073,-0.083280087
1709.800049,-0.089669704
1709.900024,-0.093770504
1710,-0.093293667
1710.099976,-0.089908123
1710.200073,-0.083947659
1710.300049,-0.091863155
1710.400024,-0.098968029
1710.5,-0.093770504
1710.599976,-0.092530727
1710.700073,-0.082850933
1710.800049,-0.089288235
1710.900024,-0.084472179
1711,-0.095725536
1711.099976,-0.084615231
1711.200073,-0.092721462
1711.300049,-0.082326412
1711.400024,-0.091434002
1711.5,-0.089669704
1711.599976,-0.092542648
1711.700073,-0.09706068
1711.800049,-0.092006207
1711.900024,-0.090194225
1712,-0.093102932
1712.099976,-0.084233761
1712.200073,-0.093675137
1712.300049,-0.083518505
1712.400024,-0.088096142
1712.5,-0.0870471
1712.599976,-0.099921703
1712.700073,-0.086331844
1712.800049,-0.093913555
1712.900024,-0.089622021
1713,-0.089383602
1713.099976,-0.098395824
1713.200073,-0.098443508
1713.300049,-0.082326412
1713.400024,-0.081468105
1713.5,-0.084949017
1713.599976,-0.087094784
1713.700073,-0.088906765
1713.800049,-0.095344067
1713.900024,-0.099826336
1714,-0.088048458
1714.099976,-0.086045742
1714.200073,-0.085723877
1714.300049,-0.083566189
1714.400024,-0.085235119
1714.5,-0.082850933
1714.599976,-0.094151974
1714.700073,-0.085616589
1714.800049,-0.079131603
1714.900024,-0.08409071
1715,-0.085425854
1715.099976,-0.090027332
1715.200073,-0.096297741
1715.300049,-0.094295025
1715.400024,-0.088191509
1715.5,-0.085664272
1715.599976,-0.091910839
1715.700073,-0.085092068
1715.800049,-0.08947897
1715.900024,-0.086844444
1716,-0.085950375
1716.099976,-0.086856365
1716.200073,-0.086570263
1716.300049,-0.09281683
1716.400024,-0.092244625
1716.5,-0.090718746
1716.599976,-0.090814114
1716.700073,-0.086999416
1716.800049,-0.081515789
1716.900024,-0.096107006
1717,-0.092626095
1717.099976,-0.085616589
1717.200073,-0.092101574
1717.300049,-0.088382244
1717.400024,-0.091338634
1717.5,-0.092149258
1717.599976,-0.092721462
1717.700073,-0.09089756
1717.800049,-0.0890975
1717.900024,-0.089622021
1718,-0.089908123
1718.099976,-0.094962597
1718.200073,-0.09577322
1718.300049,-0.092292309
1718.400024,-0.086188793
1718.5,-0.093961239
1718.599976,-0.088763714
1718.700073,-0.078654766
1718.800049,-0.096202374
1718.900024,-0.081992626
1719,-0.090623379
1719.099976,-0.101447582
1719.200073,-0.090814114
1719.300049,-0.0870471
1719.400024,-0.088143826
1719.5,-0.093484402
1719.599976,-0.0890975
1719.700073,-0.096345425
1719.800049,-0.09782362
1719.900024,-0.089574337
1720,-0.094008923
1720.099976,-0.083804607
1720.200073,-0.083518505
1720.300049,-0.084901333
1720.400024,-0.096297741
1720.5,-0.093389034
1720.599976,-0.086331844
1720.700073,-0.095344067
1720.800049,-0.086331844
1720.900024,-0.081134319
1721,-0.089192867
1721.099976,-0.099301815
1721.200073,-0.095344067
1721.300049,-0.09615469
1721.400024,-0.088620663
1721.5,-0.096774578
1721.599976,-0.087523937
1721.700073,-0.098443508
1721.800049,-0.093007565
1721.900024,-0.089335918
1722,-0.098920345
1722.099976,-0.089812756
1722.200073,-0.093102932
1722.300049,-0.087619305
1722.400024,-0.099826336
1722.5,-0.091910839
1722.599976,-0.094295025
1722.700073,-0.091684341
1722.800049,-0.090623379
1722.900024,-0.089908123
1723,-0.086522579
1723.099976,-0.086617947
1723.200073,-0.087714672
1723.300049,-0.088477612
1723.400024,-0.089240551
1723.5,-0.08742857
1723.599976,-0.08833456
1723.700073,-0.087237835
1723.800049,-0.088382244
1723.900024,-0.084805965
1724,-0.088429928
1724.099976,-0.095725536
1724.200073,-0.092387676
1724.300049,-0.09076643
1724.400024,-0.094771862
1724.5,-0.10411787
1724.599976,-0.080466747
1724.700073,-0.101018429
1724.800049,-0.088477612
1724.900024,-0.085235119
1725,-0.088191509
1725.099976,-0.093627453
1725.200073,-0.092483044
1725.300049,-0.089824677
1725.400024,-0.086331844
1725.5,-0.086856365
1725.599976,-0.094151974
1725.700073,-0.097775936
1725.800049,-0.094044685
1725.900024,-0.088811398
1726,-0.095439434
1726.099976,-0.089526653
1726.200073,-0.090194225
1726.300049,-0.0870471
1726.400024,-0.089669704
1726.5,-0.097394466
1726.599976,-0.097632885
1726.700073,-0.092041969
1726.800049,-0.088191509
1726.900024,-0.084949017
1727,-0.093627453
1727.099976,-0.092769146
1727.200073,-0.091851234
1727.300049,-0.091290951
1727.400024,-0.089717388
1727.5,-0.094247341
1727.599976,-0.091481686
1727.700073,-0.087762356
1727.800049,-0.096440792
1727.900024,-0.086904049
1728,-0.099540234
1728.099976,-0.086188793
1728.200073,-0.094390392
1728.300049,-0.095677853
1728.400024,-0.087476254
1728.5,-0.094199657
1728.599976,-0.089669704
1728.700073,-0.087666988
1728.800049,-0.089645863
1728.900024,-0.085998058
1729,-0.095248699
1729.099976,-0.093293667
1729.200073,-0.088954449
1729.300049,-0.099063396
1729.400024,-0.090051174
1729.5,-0.102162838
1729.599976,-0.086617947
1729.700073,-0.09205389
1729.800049,-0.090432644
1729.900024,-0.087905407
1730,-0.094342709
1730.099976,-0.096440792
1730.200073,-0.095439434
1730.300049,-0.092196941
1730.400024,-0.085711956
1730.5,-0.077414989
1730.599976,-0.102639675
1730.700073,-0.091767788
1730.800049,-0.096679211
1730.900024,-0.092483044
1731,-0.096214294
1731.099976,-0.096631527
1731.200073,-0.099063396
1731.300049,-0.096500397
1731.400024,-0.096774578
1731.5,-0.093532085
1731.599976,-0.095534801
1731.700073,-0.099540234
1731.800049,-0.089765072
1731.900024,-0.097251415
1732,-0.093007565
1732.099976,-0.093293667
1732.200073,-0.09205389
1732.300049,-0.094843388
1732.400024,-0.097537518
1732.5,-0.096488476
1732.599976,-0.091386318
1732.700073,-0.089669704
1732.800049,-0.090575695
1732.900024,-0.096250057
1733,-0.096059322
1733.099976,-0.102591991
1733.200073,-0.105309963
1733.300049,-0.093675137
1733.400024,-0.096345425
1733.5,-0.10244894
1733.599976,-0.084472179
1733.700073,-0.101686001
1733.800049,-0.093436718
1733.900024,-0.095868587
1734,-0.091052532
1734.099976,-0.091112137
1734.200073,-0.089431286
1734.300049,-0.088096142
1734.400024,-0.089800835
1734.5,-0.090241909
1734.599976,-0.091434002
1734.700073,-0.095582485
1734.800049,-0.091338634
1734.900024,-0.093579769
1735,-0.096297741
1735.099976,-0.098777294
1735.200073,-0.096488476
1735.300049,-0.094151974
1735.400024,-0.097966671
1735.5,-0.092626095
1735.599976,-0.100684643
1735.700073,-0.090098858
1735.800049,-0.081849575
1735.900024,-0.091529369
1736,-0.095868587
1736.099976,-0.084949017
1736.200073,-0.08871603
1736.300049,-0.088167667
1736.400024,-0.088483572
1736.5,-0.088763714
1736.599976,-0.088286877
1736.700073,-0.088882923
1736.800049,-0.088572979
1736.900024,-0.089908123
1737,-0.093579769
1737.099976,-0.093818188
1737.200073,-0.087619305
1737.300049,-0.09653616
1737.400024,-0.090671062
1737.5,-0.094867229
1737.599976,-0.090528011
1737.700073,-0.097489834
1737.800049,-0.094867229
1737.900024,-0.093484402
1738,-0.094712257
1738.099976,-0.095677853
1738.200073,-0.094819546
1738.300049,-0.099158764
1738.400024,-0.098586559
1738.5,-0.092292309
1738.599976,-0.101018429
1738.700073,-0.088191509
1738.800049,-0.088763714
1738.900024,-0.094056606
1739,-0.099063396
1739.099976,-0.104928493
1739.200073,-0.085855007
1739.300049,-0.096726894
1739.400024,-0.089574337
1739.5,-0.086522579
1739.599976,-0.093150616
1739.700073,-0.088572979
1739.800049,-0.093770504
1739.900024,-0.09332943
1740,-0.096199393
1740.099976,-0.098491192
1740.200073,-0.099206448
1740.300049,-0.094008923
1740.400024,-0.085139751
1740.5,-0.089431286
1740.599976,-0.090861797
1740.700073,-0.094914913
1740.800049,-0.087094784
1740.900024,-0.096440792
1741,-0.090051174
1741.099976,-0.083852291
1741.200073,-0.09539175
1741.300049,-0.093150616
1741.400024,-0.100923061
1741.5,-0.082755566
1741.599976,-0.097299099
1741.700073,-0.095630169
1741.800049,-0.09281683
1741.900024,-0.095630169
1742,-0.091863155
1742.099976,-0.093961239
1742.200073,-0.096250057
1742.300049,-0.093341351
1742.400024,-0.099683285
1742.5,-0.073934078
1742.599976,-0.103259563
1742.700073,-0.092149258
1742.800049,-0.096107006
1742.900024,-0.097203732
1743,-0.094771862
1743.099976,-0.09539175
1743.200073,-0.093198299
1743.300049,-0.105596066
1743.400024,-0.091767788
1743.5,-0.101018429
1743.599976,-0.103879452
1743.700073,-0.094056606
1743.800049,-0.093150616
1743.900024,-0.094771862
1744,-0.101447582
1744.099976,-0.097632885
1744.200073,-0.092578411
1744.300049,-0.092626095
1744.400024,-0.098348141
1744.5,-0.101399899
1744.599976,-0.098395824
1744.700073,-0.093675137
1744.800049,-0.096631527
1744.900024,-0.09744215
1745,-0.091672421
1745.099976,-0.108695507
1745.200073,-0.095630169
1745.300049,-0.100923061
1745.400024,-0.108838558
1745.5,-0.099063396
1745.599976,-0.105548382
1745.700073,-0.099635601
1745.800049,-0.097632885
1745.900024,-0.096297741
1746,-0.093532085
1746.099976,-0.103307247
1746.200073,-0.100636959
1746.300049,-0.103736401
1746.400024,-0.105691433
1746.5,-0.105309963
1746.599976,-0.100303173
1746.700073,-0.087333202
1746.800049,-0.084472179
1746.900024,-0.102973461
1747,-0.09615469
1747.099976,-0.100923061
1747.200073,-0.102544308
1747.300049,-0.102401257
1747.400024,-0.107551098
1747.5,-0.102067471
1747.599976,-0.103021145
1747.700073,-0.101304531
1747.800049,-0.10116148
1747.900024,-0.096917629
1748,-0.098920345
1748.099976,-0.096905708
1748.200073,-0.095677853
1748.300049,-0.096107006
1748.400024,-0.097203732
1748.5,-0.10449934
1748.599976,-0.100303173
1748.700073,-0.095439434
1748.800049,-0.098681927
1748.900024,-0.09577322
1749,-0.101972103
1749.099976,-0.090098858
1749.200073,-0.095487118
1749.300049,-0.104213238
1749.400024,-0.087380886
1749.5,-0.091195583
1749.599976,-0.100493908
1749.700073,-0.101972103
1749.800049,-0.086284161
1749.900024,-0.104165554
1750,-0.095630169
1750.099976,-0.093341351
1750.200073,-0.102544308
1750.300049,-0.099540234
1750.400024,-0.09615469
1750.5,-0.095296383
1750.599976,-0.097239494
1750.700073,-0.09410429
1750.800049,-0.103402615
1750.900024,-0.093293667
1751,-0.098634243
1751.099976,-0.100446224
1751.200073,-0.098491192
1751.300049,-0.102925777
1751.400024,-0.103307247
1751.5,-0.094676495
1751.599976,-0.094533443
1751.700073,-0.093102932
1751.800049,-0.093770504
1751.900024,-0.093770504
1752,-0.093675137
1752.099976,-0.096250057
1752.200073,-0.094390392
1752.300049,-0.101733685
1752.400024,-0.099540234
1752.5,-0.097632885
1752.599976,-0.101066113
1752.700073,-0.086141109
1752.800049,-0.101638317
1752.900024,-0.093007565
1753,-0.107121944
1753.099976,-0.090575695
1753.200073,-0.098681927
1753.300049,-0.099587917
1753.400024,-0.09410429
1753.5,-0.101066113
1753.599976,-0.094151974
1753.700073,-0.10039854
1753.800049,-0.099206448
1753.900024,-0.092626095
1754,-0.104070187
1754.099976,-0.098014355
1754.200073,-0.103736401
1754.300049,-0.097871304
1754.400024,-0.095153332
1754.5,-0.102019787
1754.599976,-0.094056606
1754.700073,-0.099349499
1754.800049,-0.092626095
1754.900024,-0.104547024
1755,-0.100255489
1755.099976,-0.093055248
1755.200073,-0.102591991
1755.300049,-0.100589275
1755.400024,-0.103402615
1755.5,-0.093293667
1755.599976,-0.097108364
1755.700073,-0.08947897
1755.800049,-0.091910839
1755.900024,-0.088191509
1756,-0.09577322
1756.099976,-0.099778652
1756.200073,-0.09744215
1756.300049,-0.097394466
1756.400024,-0.09679842
1756.5,-0.098300457
1756.599976,-0.094056606
1756.700073,-0.104547024
1756.800049,-0.100589275
1756.900024,-0.097680569
1757,-0.09911108
1757.099976,-0.091672421
1757.200073,-0.102162838
1757.300049,-0.096822262
1757.400024,-0.104690075
1757.5,-0.096393108
1757.599976,-0.102878094
1757.700073,-0.105405331
1757.800049,-0.097775936
1757.900024,-0.100160122
1758,-0.096512318
1758.099976,-0.093579769
1758.200073,-0.094533443
1758.300049,-0.104070187
1758.400024,-0.103068829
1758.5,-0.107360363
1758.599976,-0.112271786
1758.700073,-0.110030651
1758.800049,-0.09782362
1758.900024,-0.096393108
1759,-0.098681927
1759.099976,-0.098538876
1759.200073,-0.100207806
1759.300049,-0.103593349
1759.400024,-0.10321188
1759.5,-0.100017071
1759.599976,-0.106072903
1759.700073,-0.098252773
1759.800049,-0.103831768
1759.900024,-0.101876736
1760,-0.097394466
1760.099976,-0.097346783
1760.200073,-0.097835541
1760.300049,-0.098586559
1760.400024,-0.098014355
1760.5,-0.10026741
1760.599976,-0.099635601
1760.700073,-0.104833126
1760.800049,-0.103736401
1760.900024,-0.105846405
1761,-0.109315395
1761.099976,-0.105500698
1761.200073,-0.09410429
1761.300049,-0.096822262
1761.400024,-0.093770504
1761.5,-0.094247341
1761.599976,-0.096071243
1761.700073,-0.098014355
1761.800049,-0.098252773
1761.900024,-0.100255489
1762,-0.098824978
1762.099976,-0.100350857
1762.200073,-0.105214596
1762.300049,-0.093389034
1762.400024,-0.102210522
1762.5,-0.107264996
1762.599976,-0.097156048
1762.700073,-0.100970745
1762.800049,-0.094151974
1762.900024,-0.095820904
1763,-0.10321188
1763.099976,-0.101924419
1763.200073,-0.102270126
1763.300049,-0.10154295
1763.400024,-0.102401257
1763.5,-0.101781368
1763.599976,-0.104642391
1763.700073,-0.097346783
1763.800049,-0.104833126
1763.900024,-0.098920345
1764,-0.097012997
1764.099976,-0.103307247
1764.200073,-0.10449934
1764.300049,-0.096822262
1764.400024,-0.112748623
1764.5,-0.09949255
1764.599976,-0.090861797
1764.700073,-0.102210522
1764.800049,-0.113177776
1764.900024,-0.098491192
1765,-0.103688717
1765.099976,-0.095201015
1765.200073,-0.100112438
1765.300049,-0.095153332
1765.400024,-0.102115154
1765.5,-0.100207806
1765.599976,-0.092292309
1765.700073,-0.099730968
1765.800049,-0.090337276
1765.900024,-0.09615469
1766,-0.094044685
1766.099976,-0.093913555
1766.200073,-0.09577322
1766.300049,-0.094295025
1766.400024,-0.097871304
1766.5,-0.104403973
1766.599976,-0.106597424
1766.700073,-0.09539175
1766.800049,-0.108361721
1766.900024,-0.100064754
1767,-0.10321188
1767.099976,-0.092673779
1767.200073,-0.099921703
1767.300049,-0.093150616
1767.400024,-0.098491192
1767.5,-0.105405331
1767.599976,-0.100827694
1767.700073,-0.099540234
1767.800049,-0.09577322
1767.900024,-0.096822262
1768,-0.101590633
1768.099976,-0.104213238
1768.200073,-0.102973461
1768.300049,-0.105178833
1768.400024,-0.10616827
1768.5,-0.107360363
1768.599976,-0.096869946
1768.700073,-0.102687359
1768.800049,-0.098300457
1768.900024,-0.104642391
1769,-0.101829052
1769.099976,-0.103259563
1769.200073,-0.10283041
1769.300049,-0.095296383
1769.400024,-0.099015713
1769.5,-0.113463879
1769.599976,-0.106120586
1769.700073,-0.098968029
1769.800049,-0.105166912
1769.900024,-0.099540234
1770,-0.098062038
1770.099976,-0.10654974
1770.200073,-0.092959881
1770.300049,-0.102973461
1770.400024,-0.10449934
1770.5,-0.100017071
1770.599976,-0.102639675
1770.700073,-0.101876736
1770.800049,-0.098157406
1770.900024,-0.10078001
1771,-0.099695206
1771.099976,-0.098681927
1771.200073,-0.10116148
1771.300049,-0.115466595
1771.400024,-0.09615469
1771.5,-0.107646465
1771.599976,-0.102591991
1771.700073,-0.100064754
1771.800049,-0.101578712
1771.900024,-0.101209164
1772,-0.10244894
1772.099976,-0.102079391
1772.200073,-0.102925777
1772.300049,-0.101733685
1772.400024,-0.108457088
1772.5,-0.101209164
1772.599976,-0.105357647
1772.700073,-0.098348141
1772.800049,-0.09577322
1772.900024,-0.098562717
1773,-0.099158764
1773.099976,-0.100970745
1773.200073,-0.102806568
1773.300049,-0.105596066
1773.400024,-0.105500698
1773.5,-0.103354931
1773.599976,-0.105441093
1773.700073,-0.103879452
1773.800049,-0.109029293
1773.900024,-0.099587917
1774,-0.103831768
1774.099976,-0.106120586
1774.200073,-0.105679512
1774.300049,-0.106215954
1774.400024,-0.10654974
1774.5,-0.108182907
1774.599976,-0.111747265
1774.700073,-0.10821867
1774.800049,-0.096583843
1774.900024,-0.107551098
1775,-0.103450298
1775.099976,-0.102639675
1775.200073,-0.100493908
1775.300049,-0.102401257
1775.400024,-0.103497982
1775.5,-0.103736401
1775.599976,-0.103939056
1775.700073,-0.104213238
1775.800049,-0.104308605
1775.900024,-0.108170986
1776,-0.102687359
1776.099976,-0.094008923
1776.200073,-0.106359005
1776.300049,-0.103927135
1776.400024,-0.099921703
1776.5,-0.100827694
1776.599976,-0.102544308
1776.700073,-0.111079693
1776.800049,-0.097918987
1776.900024,-0.110841274
1777,-0.100446224
1777.099976,-0.10821867
1777.200073,-0.107551098
1777.300049,-0.094056606
1777.400024,-0.11618185
1777.5,-0.102258205
1777.599976,-0.102115154
1777.700073,-0.10912466
1777.800049,-0.097108364
1777.900024,-0.109982967
1778,-0.103545666
1778.099976,-0.10244894
1778.200073,-0.103784084
1778.300049,-0.105023861
1778.400024,-0.1057868
1778.5,-0.099921703
1778.599976,-0.116134167
1778.700073,-0.108361721
1778.800049,-0.097871304
1778.900024,-0.092578411
1779,-0.109649181
1779.099976,-0.101113796
1779.200073,-0.114655972
1779.300049,-0.109935284
1779.400024,-0.099540234
1779.5,-0.104976177
1779.599976,-0.101113796
1779.700073,-0.09205389
1779.800049,-0.098443508
1779.900024,-0.103784084
1780,-0.09820509
1780.099976,-0.09615469
1780.200073,-0.104022503
1780.300049,-0.099778652
1780.400024,-0.103307247
1780.5,-0.104737759
1780.599976,-0.101328373
1780.700073,-0.099063396
1780.800049,-0.09820509
1780.900024,-0.103307247
1781,-0.106311321
1781.099976,-0.108170986
1781.200073,-0.110555172
1781.300049,-0.104403973
1781.400024,-0.101924419
1781.5,-0.102115154
1781.599976,-0.102675438
1781.700073,-0.101829052
1781.800049,-0.104833126
1781.900024,-0.109315395
1782,-0.09820509
1782.099976,-0.106454372
1782.200073,-0.094962597
1782.300049,-0.10654974
1782.400024,-0.1057868
1782.5,-0.10745573
1782.599976,-0.108552456
1782.700073,-0.105166912
1782.800049,-0.10411787
1782.900024,-0.105679512
1783,-0.106597424
1783.099976,-0.103661895
1783.200073,-0.101399899
1783.300049,-0.100970745
1783.400024,-0.106263638
1783.5,-0.103450298
1783.599976,-0.103581429
1783.700073,-0.103483081
1783.800049,-0.102925777
1783.900024,-0.103974819
1784,-0.110459805
1784.099976,-0.109744549
1784.200073,-0.102878094
1784.300049,-0.095820904
1784.400024,-0.095916271
1784.5,-0.112605572
1784.599976,-0.09987402
1784.700073,-0.109601498
1784.800049,-0.096440792
1784.900024,-0.101209164
1785,-0.110984325
1785.099976,-0.115609646
1785.200073,-0.101495266
1785.300049,-0.100207806
1785.400024,-0.111318111
1785.5,-0.107360363
1785.599976,-0.115848064
1785.700073,-0.103879452
1785.800049,-0.108886242
1785.900024,-0.108266354
1786,-0.098586559
1786.099976,-0.110078335
1786.200073,-0.100970745
1786.300049,-0.114942074
1786.400024,-0.104451656
1786.5,-0.107121944
1786.599976,-0.105596066
1786.700073,-0.103164196
1786.800049,-0.103784084
1786.900024,-0.102687359
1787,-0.102973461
1787.099976,-0.103116512
1787.200073,-0.105977535
1787.300049,-0.108647823
1787.400024,-0.102794647
1787.5,-0.098395824
1787.599976,-0.098157406
1787.700073,-0.11322546
1787.800049,-0.110507488
1787.900024,-0.107110023
1788,-0.103402615
1788.099976,-0.101304531
1788.200073,-0.110888958
1788.300049,-0.097680569
1788.400024,-0.110793591
1788.5,-0.10411787
1788.599976,-0.100207806
1788.700073,-0.101662159
1788.800049,-0.099969387
1788.900024,-0.102353573
1789,-0.10616827
1789.099976,-0.102162838
1789.200073,-0.10950613
1789.300049,-0.10821867
1789.400024,-0.105405331
1789.5,-0.104260921
1789.599976,-0.106359005
1789.700073,-0.099969387
1789.800049,-0.106120586
1789.900024,-0.097251415
1790,-0.094867229
1790.099976,-0.098777294
1790.200073,-0.103354931
1790.300049,-0.099635601
1790.400024,-0.098348141
1790.5,-0.109029293
1790.599976,-0.095487118
1790.700073,-0.108695507
1790.800049,-0.095201015
1790.900024,-0.107264996
1791,-0.089765072
1791.099976,-0.107694149
1791.200073,-0.102973461
1791.300049,-0.101399899
1791.400024,-0.098538876
1791.5,-0.106311321
1791.599976,-0.102115154
1791.700073,-0.104308605
1791.800049,-0.100493908
1791.900024,-0.10411787
1792,-0.112128735
1792.099976,-0.109172344
1792.200073,-0.103784084
1792.300049,-0.101209164
1792.400024,-0.101590633
1792.5,-0.101447582
1792.599976,-0.10039854
1792.700073,-0.102591991
1792.800049,-0.101686001
1792.900024,-0.101066113
1793,-0.101256847
1793.099976,-0.102162838
1793.200073,-0.106597424
1793.300049,-0.103307247
1793.400024,-0.110507488
1793.5,-0.104785442
1793.599976,-0.112796307
1793.700073,-0.103879452
1793.800049,-0.108170986
1793.900024,-0.104690075
1794,-0.097299099
1794.099976,-0.107074261
1794.200073,-0.101447582
1794.300049,-0.099397182
1794.400024,-0.09949255
1794.5,-0.094771862
1794.599976,-0.091720104
1794.700073,-0.113797665
1794.800049,-0.107264996
1794.900024,-0.095344067
1795,-0.104642391
1795.099976,-0.110221386
1795.200073,-0.11284399
1795.300049,-0.110126019
1795.400024,-0.108123302
1795.5,-0.102687359
1795.599976,-0.101495266
1795.700073,-0.098300457
1795.800049,-0.107074261
1795.900024,-0.103974819
1796,-0.10860014
1796.099976,-0.113416195
1796.200073,-0.103784084
1796.300049,-0.10654974
1796.400024,-0.103116512
1796.5,-0.106406689
1796.599976,-0.112748623
1796.700073,-0.114083767
1796.800049,-0.101972103
1796.900024,-0.1098876
1797,-0.103974819
1797.099976,-0.108504772
1797.200073,-0.106871605
1797.300049,-0.107932568
1797.400024,-0.107074261
1797.5,-0.101829052
1797.599976,-0.106263638
1797.700073,-0.103831768
1797.800049,-0.107849121
1797.900024,-0.111794949
1798,-0.10950613
1798.099976,-0.11322546
1798.200073,-0.111234665
1798.300049,-0.111842632
1798.400024,-0.110364437
1798.5,-0.097632885
1798.599976,-0.104165554
1798.700073,-0.112414837
1798.800049,-0.109315395
1798.900024,-0.093102932
1799,-0.102019787
1799.099976,-0.114608288
1799.200073,-0.107980251
1799.300049,-0.099826336
1799.400024,-0.105596066
1799.5,-0.10258007
1799.599976,-0.10244894
1799.700073,-0.10244894
1799.800049,-0.103545666
1799.900024,-0.102115154
1800,-0.103831768
1800.099976,-0.106120586
1800.200073,-0.103021145
1800.300049,-0.112557888
1800.400024,-0.105596066
1800.5,-0.097203732
1800.599976,-0.10745573
1800.700073,-0.106788158
1800.800049,-0.104594707
1800.900024,-0.105309963
1801,-0.105715275
1801.099976,-0.10860014
1801.200073,-0.104356289
1801.300049,-0.111699581
1801.400024,-0.10912466
1801.5,-0.108695507
1801.599976,-0.102067471
1801.700073,-0.099683285
1801.800049,-0.102401257
1801.900024,-0.108838558
1802,-0.104070187
1802.099976,-0.104535103
1802.200073,-0.101686001
1802.300049,-0.103545666
1802.400024,-0.105178833
1802.5,-0.108123302
1802.599976,-0.107360363
1802.700073,-0.103259563
1802.800049,-0.110078335
1802.900024,-0.101256847
1803,-0.106788158
1803.099976,-0.111651897
1803.200073,-0.110412121
1803.300049,-0.099826336
1803.400024,-0.113654613
1803.5,-0.099778652
1803.599976,-0.109076977
1803.700073,-0.114799023
1803.800049,-0.101590633
1803.900024,-0.11360693
1804,-0.107694149
1804.099976,-0.100732327
1804.200073,-0.113130093
1804.300049,-0.110936642
1804.400024,-0.104070187
1804.5,-0.102735043
1804.599976,-0.098968029
1804.700073,-0.104547024
1804.800049,-0.101900578
1804.900024,-0.102305889
1805,-0.101781368
1805.099976,-0.103736401
1805.200073,-0.105309963
1805.300049,-0.105548382
1805.400024,-0.107980251
1805.5,-0.112271786
1805.599976,-0.117564678
1805.700073,-0.117993832
1805.800049,-0.1078372
1805.900024,-0.117993832
1806,-0.102115154
1806.099976,-0.105023861
1806.200073,-0.111365795
1806.300049,-0.104070187
1806.400024,-0.110316753
1806.5,-0.110507488
1806.599976,-0.109267712
1806.700073,-0.108743191
1806.800049,-0.11155653
1806.900024,-0.113845348
1807,-0.114369869
1807.099976,-0.104976177
1807.200073,-0.109029293
1807.300049,-0.115514278
1807.400024,-0.107074261
1807.5,-0.09782362
1807.599976,-0.109220028
1807.700073,-0.101733685
1807.800049,-0.109315395
1807.900024,-0.120807171
1808,-0.109553814
1808.099976,-0.111938
1808.200073,-0.09949255
1808.300049,-0.105071545
1808.400024,-0.10078001
1808.5,-0.108123302
1808.599976,-0.111270428
1808.700073,-0.109696865
1808.800049,-0.101447582
1808.900024,-0.111699581
1809,-0.103593349
1809.099976,-0.109029293
1809.200073,-0.105691433
1809.300049,-0.104356289
1809.400024,-0.109363079
1809.5,-0.112748623
1809.599976,-0.112343311
1809.700073,-0.116420269
1809.800049,-0.110841274
1809.900024,-0.107169628
1810,-0.100446224
1810.099976,-0.107121944
1810.200073,-0.113845348
1810.300049,-0.111032009
1810.400024,-0.111842632
1810.5,-0.113511562
1810.599976,-0.109315395
1810.700073,-0.106978893
1810.800049,-0.103831768
1810.900024,-0.107169628
1811,-0.112367153
1811.099976,-0.103784084
1811.200073,-0.1139884
1811.300049,-0.116324902
1811.400024,-0.111032009
1811.5,-0.105071545
1811.599976,-0.110316753
1811.700073,-0.108123302
1811.800049,-0.113511562
1811.900024,-0.10411787
1812,-0.107646465
1812.099976,-0.107312679
1812.200073,-0.109458447
1812.300049,-0.111365795
1812.400024,-0.116754055
1812.5,-0.107217312
1812.599976,-0.111413479
1812.700073,-0.116467953
1812.800049,-0.111079693
1812.900024,-0.105691433
1813,-0.09782362
1813.099976,-0.103879452
1813.200073,-0.114322186
1813.300049,-0.110030651
1813.400024,-0.1078372
1813.5,-0.107121944
1813.599976,-0.106978893
1813.700073,-0.110114098
1813.800049,-0.110841274
1813.900024,-0.115514278
1814,-0.110888958
1814.099976,-0.113177776
1814.200073,-0.105739117
1814.300049,-0.117183208
1814.400024,-0.102401257
1814.5,-0.099349499
1814.599976,-0.108314037
1814.700073,-0.106597424
1814.800049,-0.109947205
1814.900024,-0.11322546
1815,-0.111651897
1815.099976,-0.113034725
1815.200073,-0.110733986
1815.300049,-0.110459805
1815.400024,-0.107789516
1815.5,-0.112534046
1815.599976,-0.116324902
1815.700073,-0.115561962
1815.800049,-0.104976177
1815.900024,-0.106502056
1816,-0.108516693
1816.099976,-0.110126019
1816.200073,-0.112462521
1816.300049,-0.100636959
1816.400024,-0.106359005
1816.5,-0.108683586
1816.599976,-0.113463879
1816.700073,-0.114274502
1816.800049,-0.110650539
1816.900024,-0.108886242
1817,-0.106215954
1817.099976,-0.110030651
1817.200073,-0.106978893
1817.300049,-0.109029293
1817.400024,-0.115705013
1817.5,-0.107408047
1817.599976,-0.114846706
1817.700073,-0.11026907
1817.800049,-0.100684643
1817.900024,-0.098491192
1818,-0.113702297
1818.099976,-0.104070187
1818.200073,-0.114417553
1818.300049,-0.121713161
1818.400024,-0.117135525
1818.5,-0.115180492
1818.599976,-0.109839916
1818.700073,-0.113130093
1818.800049,-0.108695507
1818.900024,-0.103974819
1819,-0.106645107
1819.099976,-0.111508846
1819.200073,-0.111938
1819.300049,-0.112891674
1819.400024,-0.115705013
1819.5,-0.112414837
1819.599976,-0.113189697
1819.700073,-0.114274502
1819.800049,-0.110364437
1819.900024,-0.106978893
1820,-0.108409405
1820.099976,-0.106573582
1820.200073,-0.103593349
1820.300049,-0.107312679
1820.400024,-0.103116512
1820.5,-0.111413479
1820.599976,-0.111413479
1820.700073,-0.108314037
1820.800049,-0.105548382
1820.900024,-0.107646465
1821,-0.10693121
1821.099976,-0.105596066
1821.200073,-0.103307247
1821.300049,-0.114751339
1821.400024,-0.106740475
1821.5,-0.12605238
1821.599976,-0.11732626
1821.700073,-0.111699581
1821.800049,-0.104833126
1821.900024,-0.098252773
1822,-0.114036083
1822.099976,-0.107884884
1822.200073,-0.120044231
1822.300049,-0.106692791
1822.400024,-0.1139884
1822.5,-0.118089199
1822.599976,-0.107598782
1822.700073,-0.111270428
1822.800049,-0.107551098
1822.900024,-0.105214596
1823,-0.108027935
1823.099976,-0.10912466
1823.200073,-0.109947205
1823.300049,-0.111032009
1823.400024,-0.111604214
1823.5,-0.114703655
1823.599976,-0.118518353
1823.700073,-0.118375301
1823.800049,-0.10654974
1823.900024,-0.110888958
1824,-0.122189999
1824.099976,-0.107121944
1824.200073,-0.114751339
1824.300049,-0.111413479
1824.400024,-0.107980251
1824.5,-0.1139884
1824.599976,-0.111699581
1824.700073,-0.109553814
1824.800049,-0.113177776
1824.900024,-0.110650539
1825,-0.117278576
1825.099976,-0.114751339
1825.200073,-0.114095688
1825.300049,-0.111938
1825.400024,-0.112414837
1825.5,-0.107694149
1825.599976,-0.109839916
1825.700073,-0.108027935
1825.800049,-0.109291553
1825.900024,-0.107408047
1826,-0.111890316
1826.099976,-0.116515636
1826.200073,-0.119328976
1826.300049,-0.109363079
1826.400024,-0.099349499
1826.5,-0.119042873
1826.599976,-0.110364437
1826.700073,-0.116515636
1826.800049,-0.114846706
1826.900024,-0.108457088
1827,-0.119185925
1827.099976,-0.110507488
1827.200073,-0.110078335
1827.300049,-0.104547024
1827.400024,-0.098777294
1827.5,-0.106788158
1827.599976,-0.108886242
1827.700073,-0.115705013
1827.800049,-0.113845348
1827.900024,-0.119185925
1828,-0.106025219
1828.099976,-0.114799023
1828.200073,-0.105357647
1828.300049,-0.116324902
1828.400024,-0.111413479
1828.5,-0.116849422
1828.599976,-0.111079693
1828.700073,-0.106692791
1828.800049,-0.102591991
1828.900024,-0.108552456
1829,-0.112653255
1829.099976,-0.112271786
1829.200073,-0.12271452
1829.300049,-0.118136883
1829.400024,-0.109553814
1829.5,-0.113416195
1829.599976,-0.108743191
1829.700073,-0.111032009
1829.800049,-0.115609646
1829.900024,-0.111032009
1830,-0.103974819
1830.099976,-0.111032009
1830.200073,-0.113380432
1830.300049,-0.119233608
1830.400024,-0.119281292
1830.5,-0.117505074
1830.599976,-0.114417553
1830.700073,-0.117087841
1830.800049,-0.122285366
1830.900024,-0.113702297
1831,-0.104785442
1831.099976,-0.113559246
1831.200073,-0.11990118
1831.300049,-0.103784084
1831.400024,-0.131202221
1831.5,-0.111222744
1831.599976,-0.112128735
1831.700073,-0.11284399
1831.800049,-0.117898464
1831.900024,-0.106835842
1832,-0.120425701
1832.099976,-0.114655972
1832.200073,-0.118327618
1832.300049,-0.111938
1832.400024,-0.112414837
1832.5,-0.112891674
1832.599976,-0.108123302
1832.700073,-0.103688717
1832.800049,-0.119472027
1832.900024,-0.116754055
1833,-0.105977535
1833.099976,-0.12028265
1833.200073,-0.107360363
1833.300049,-0.125241756
1833.400024,-0.116849422
1833.5,-0.109410763
1833.599976,-0.109363079
1833.700073,-0.109804153
1833.800049,-0.109267712
1833.900024,-0.11117506
1834,-0.120902538
1834.099976,-0.113368511
1834.200073,-0.121188641
1834.300049,-0.11618185
1834.400024,-0.121284008
1834.5,-0.119281292
1834.599976,-0.105023861
1834.700073,-0.117803097
1834.800049,-0.109267712
1834.900024,-0.113559246
1835,-0.117469311
1835.099976,-0.113559246
1835.200073,-0.111794949
1835.300049,-0.111413479
1835.400024,-0.107932568
1835.5,-0.115001678
1835.599976,-0.119615078
1835.700073,-0.121045589
1835.800049,-0.114036083
1835.900024,-0.118852139
1836,-0.116444111
1836.099976,-0.116134167
1836.200073,-0.116754055
1836.300049,-0.117803097
1836.400024,-0.117612362
1836.5,-0.120759487
1836.599976,-0.118732929
1836.700073,-0.117707729
1836.800049,-0.118852139
1836.900024,-0.10693121
1837,-0.10116148
1837.099976,-0.119376659
1837.200073,-0.116754055
1837.300049,-0.114083767
1837.400024,-0.118470669
1837.5,-0.115085125
1837.599976,-0.105357647
1837.700073,-0.11899519
1837.800049,-0.109744549
1837.900024,-0.11565733
1838,-0.107932568
1838.099976,-0.112128735
1838.200073,-0.105500698
1838.300049,-0.11861372
1838.400024,-0.114560604
1838.5,-0.119233608
1838.599976,-0.109172344
1838.700073,-0.113893032
1838.800049,-0.121284008
1838.900024,-0.112462521
1839,-0.107503414
1839.099976,-0.111127377
1839.200073,-0.1098876
1839.300049,-0.11026907
1839.400024,-0.110650539
1839.5,-0.114036083
1839.599976,-0.114226818
1839.700073,-0.114739418
1839.800049,-0.115609646
1839.900024,-0.115085125
1840,-0.113237381
1840.099976,-0.109363079
1840.200073,-0.112891674
1840.300049,-0.118947506
1840.400024,-0.105977535
1840.5,-0.116992474
1840.599976,-0.11565733
1840.700073,-0.11360693
1840.800049,-0.116706371
1840.900024,-0.129580975
1841,-0.125813961
1841.099976,-0.109649181
1841.200073,-0.110459805
1841.300049,-0.116754055
1841.400024,-0.111318111
1841.5,-0.111926079
1841.599976,-0.106883526
1841.700073,-0.112748623
1841.800049,-0.108552456
1841.900024,-0.109315395
1842,-0.12772131
1842.099976,-0.119233608
1842.200073,-0.127482891
1842.300049,-0.113273144
1842.400024,-0.114417553
1842.5,-0.117660046
1842.599976,-0.123906612
1842.700073,-0.108647823
1842.800049,-0.11861372
1842.900024,-0.117421627
1843,-0.117660046
1843.099976,-0.119138241
1843.200073,-0.116098404
1843.300049,-0.115466595
1843.400024,-0.114956975
1843.5,-0.113702297
1843.599976,-0.114560604
1843.700073,-0.11899519
1843.800049,-0.114787102
1843.900024,-0.112510204
1844,-0.113082409
1844.099976,-0.119853497
1844.200073,-0.113463879
1844.300049,-0.122094631
1844.400024,-0.107026577
1844.5,-0.119281292
1844.599976,-0.111985683
1844.700073,-0.114942074
1844.800049,-0.11823225
1844.900024,-0.110602856
1845,-0.11322546
1845.099976,-0.11373806
1845.200073,-0.114179134
1845.300049,-0.11694479
1845.400024,-0.119662762
1845.5,-0.113559246
1845.599976,-0.109553814
1845.700073,-0.11656332
1845.800049,-0.109649181
1845.900024,-0.118279934
1846,-0.113320827
1846.099976,-0.118566036
1846.200073,-0.115800381
1846.300049,-0.114226818
1846.400024,-0.117993832
1846.5,-0.120902538
1846.599976,-0.107741833
1846.700073,-0.120902538
1846.800049,-0.111699581
1846.900024,-0.112128735
1847,-0.107884884
1847.099976,-0.115418911
1847.200073,-0.109172344
1847.300049,-0.11527586
1847.400024,-0.119233608
1847.5,-0.110030651
1847.599976,-0.107360363
1847.700073,-0.119042873
1847.800049,-0.104213238
1847.900024,-0.118375301
1848,-0.111842632
1848.099976,-0.104356289
1848.200073,-0.114131451
1848.300049,-0.108695507
1848.400024,-0.113702297
1848.5,-0.110817432
1848.599976,-0.110364437
1848.700073,-0.114065886
1848.800049,-0.116897106
1848.900024,-0.118184566
1849,-0.113511562
1849.099976,-0.108170986
1849.200073,-0.110793591
1849.300049,-0.12362051
1849.400024,-0.107312679
1849.5,-0.119376659
1849.599976,-0.113749981
1849.700073,-0.115943432
1849.800049,-0.114703655
1849.900024,-0.112748623
1850,-0.110173702
1850.099976,-0.118375301
1850.200073,-0.116229534
1850.300049,-0.118673325
1850.400024,-0.120902538
1850.5,-0.119185925
1850.599976,-0.113893032
1850.700073,-0.122809887
1850.800049,-0.110364437
1850.900024,-0.118566036
1851,-0.113368511
1851.099976,-0.111985683
1851.200073,-0.112557888
1851.300049,-0.115991116
1851.400024,-0.120950222
1851.5,-0.114655972
1851.599976,-0.120616436
1851.700073,-0.129771709
1851.800049,-0.133729458
1851.900024,-0.126612663
1852,-0.121474743
1852.099976,-0.121474743
1852.200073,-0.112891674
1852.300049,-0.108361721
1852.400024,-0.121236324
1852.5,-0.122571468
1852.599976,-0.114655972
1852.700073,-0.117421627
1852.800049,-0.108695507
1852.900024,-0.110888958
1853,-0.11990118
1853.099976,-0.116992474
1853.200073,-0.121474743
1853.300049,-0.115323544
1853.400024,-0.107503414
1853.5,-0.115561962
1853.599976,-0.118899822
1853.700073,-0.118279934
1853.800049,-0.117576599
1853.900024,-0.117612362
1854,-0.115514278
1854.099976,-0.114322186
1854.200073,-0.115943432
1854.300049,-0.117040157
1854.400024,-0.114179134
1854.5,-0.111318111
1854.599976,-0.119090557
1854.700073,-0.113320827
1854.800049,-0.116611004
1854.900024,-0.120091915
1855,-0.115800381
1855.099976,-0.123286724
1855.200073,-0.113749981
1855.300049,-0.117993832
1855.400024,-0.11785078
1855.5,-0.109744549
1855.599976,-0.123477459
1855.700073,-0.104451656
1855.800049,-0.117278576
1855.900024,-0.118470669
1856,-0.11925745
1856.099976,-0.117516994
1856.200073,-0.123763561
1856.300049,-0.115752697
1856.400024,-0.11963892
1856.5,-0.119233608
1856.599976,-0.119805813
1856.700073,-0.118947506
1856.800049,-0.121617794
1856.900024,-0.109696865
1857,-0.115085125
1857.099976,-0.112176418
1857.200073,-0.112748623
1857.300049,-0.110412121
1857.400024,-0.123525143
1857.5,-0.112510204
1857.599976,-0.120044231
1857.700073,-0.107598782
1857.800049,-0.121093273
1857.900024,-0.123954296
1858,-0.110698223
1858.099976,-0.115466595
1858.200073,-0.124526501
1858.300049,-0.117755413
1858.400024,-0.128245831
1858.5,-0.114322186
1858.599976,-0.114989758
1858.700073,-0.119519711
1858.800049,-0.110936642
1858.900024,-0.125146389
1859,-0.115085125
1859.099976,-0.113654613
1859.200073,-0.115132809
1859.300049,-0.11502552
1859.400024,-0.115323544
1859.5,-0.115991116
1859.599976,-0.120091915
1859.700073,-0.119138241
1859.800049,-0.123095989
1859.900024,-0.114417553
1860,-0.119281292
1860.099976,-0.117612362
1860.200073,-0.112653255
1860.300049,-0.11899519
1860.400024,-0.11117506
1860.5,-0.116897106
1860.599976,-0.117040157
1860.700073,-0.116503716
1860.800049,-0.116134167
1860.900024,-0.118336558
1861,-0.120711803
1861.099976,-0.119996548
1861.200073,-0.117278576
1861.300049,-0.116968632
1861.400024,-0.115132809
1861.5,-0.115466595
1861.599976,-0.116956711
1861.700073,-0.11899519
1861.800049,-0.11823225
1861.900024,-0.122380733
1862,-0.10693121
1862.099976,-0.122619152
1862.200073,-0.114703655
1862.300049,-0.118279934
1862.400024,-0.116456032
1862.5,-0.115895748
1862.599976,-0.11694479
1862.700073,-0.121236324
1862.800049,-0.119328976
1862.900024,-0.115514278
1863,-0.127292156
1863.099976,-0.114751339
1863.200073,-0.119519711
1863.300049,-0.125051022
1863.400024,-0.116467953
1863.5,-0.12605238
1863.599976,-0.118804455
1863.700073,-0.12490797
1863.800049,-0.118566036
1863.900024,-0.122857571
1864,-0.12028265
1864.099976,-0.11565733
1864.200073,-0.114274502
1864.300049,-0.118017673
1864.400024,-0.122094631
1864.5,-0.120044231
1864.599976,-0.117600441
1864.700073,-0.114179134
1864.800049,-0.114083767
1864.900024,-0.115323544
1865,-0.119948864
1865.099976,-0.110030651
1865.200073,-0.122428417
1865.300049,-0.116611004
1865.400024,-0.12157011
1865.5,-0.117469311
1865.599976,-0.122583389
1865.700073,-0.125146389
1865.800049,-0.120464444
1865.900024,-0.117516994
1866,-0.116611004
1866.099976,-0.13568449
1866.200073,-0.112700939
1866.300049,-0.126100063
1866.400024,-0.120378017
1866.5,-0.121665478
1866.599976,-0.121140957
1866.700073,-0.118375301
1866.800049,-0.111747265
1866.900024,-0.125575542
1867,-0.113559246
1867.099976,-0.11656332
1867.200073,-0.115943432
1867.300049,-0.126386166
1867.400024,-0.121856213
1867.5,-0.121295929
1867.599976,-0.119233608
1867.700073,-0.117707729
1867.800049,-0.116849422
1867.900024,-0.11360693
1868,-0.112033367
1868.099976,-0.114107609
1868.200073,-0.112748623
1868.300049,-0.118041515
1868.400024,-0.116277218
1868.5,-0.114179134
1868.599976,-0.133395672
1868.700073,-0.124812603
1868.800049,-0.115466595
1868.900024,-0.117993832
1869,-0.121665478
1869.099976,-0.115466595
1869.200073,-0.116992474
1869.300049,-0.119567394
1869.400024,-0.127864361
1869.5,-0.1098876
1869.599976,-0.125575542
1869.700073,-0.120616436
1869.800049,-0.125146389
1869.900024,-0.122189999
1870,-0.113130093
1870.099976,-0.107789516
1870.200073,-0.119805813
1870.300049,-0.130248547
1870.400024,-0.118422985
1870.5,-0.125813961
1870.599976,-0.11823225
1870.700073,-0.111365795
1870.800049,-0.117373943
1870.900024,-0.118756771
1871,-0.119472027
1871.099976,-0.119519711
1871.200073,-0.122237682
1871.300049,-0.111079693
1871.400024,-0.116611004
1871.5,-0.126195431
1871.599976,-0.109792233
1871.700073,-0.114274502
1871.800049,-0.121474743
1871.900024,-0.11618185
1872,-0.113416195
1872.099976,-0.118661404
1872.200073,-0.122762203
1872.300049,-0.12772131
1872.400024,-0.115514278
1872.5,-0.108552456
1872.599976,-0.111794949
1872.700073,-0.124621868
1872.800049,-0.126147747
1872.900024,-0.125146389
1873,-0.127578259
1873.099976,-0.122750282
1873.200073,-0.120378017
1873.300049,-0.117898464
1873.400024,-0.118041515
1873.5,-0.117493153
1873.599976,-0.11656332
1873.700073,-0.117469311
1873.800049,-0.125480175
1873.900024,-0.121188641
1874,-0.116849422
1874.099976,-0.11155653
1874.200073,-0.119948864
1874.300049,-0.11694479
1874.400024,-0.12438345
1874.5,-0.116849422
1874.599976,-0.125194073
1874.700073,-0.109076977
1874.800049,-0.11732626
1874.900024,-0.126290798
1875,-0.119615078
1875.099976,-0.121236324
1875.200073,-0.119793892
1875.300049,-0.120234966
1875.400024,-0.118089199
1875.5,-0.120759487
1875.599976,-0.121665478
1875.700073,-0.123048306
1875.800049,-0.125861645
1875.900024,-0.122523785
1876,-0.122809887
1876.099976,-0.118375301
1876.200073,-0.121522427
1876.300049,-0.12772131
1876.400024,-0.12362051
1876.5,-0.12567091
1876.599976,-0.12400198
1876.700073,-0.123477459
1876.800049,-0.115609646
1876.900024,-0.122046947
1877,-0.114560604
1877.099976,-0.117648125
1877.200073,-0.118089199
1877.300049,-0.115895748
1877.400024,-0.114942074
1877.5,-0.117648125
1877.599976,-0.118566036
1877.700073,-0.121188641
1877.800049,-0.117373943
1877.900024,-0.119960785
1878,-0.120997906
1878.099976,-0.12028265
1878.200073,-0.120997906
1878.300049,-0.116706371
1878.400024,-0.111508846
1878.5,-0.122571468
1878.599976,-0.120378017
1878.700073,-0.119805813
1878.800049,-0.116038799
1878.900024,-0.110173702
1879,-0.113797665
1879.099976,-0.12233305
1879.200073,-0.117564678
1879.300049,-0.12438345
1879.400024,-0.123477459
1879.5,-0.120485306
1879.599976,-0.117135525
1879.700073,-0.11694479
1879.800049,-0.119150162
1879.900024,-0.121236324
1880,-0.121284008
1880.099976,-0.117946148
1880.200073,-0.118852139
1880.300049,-0.118577957
1880.400024,-0.121379375
1880.5,-0.116134167
1880.599976,-0.125337124
1880.700073,-0.119710445
1880.800049,-0.128055096
1880.900024,-0.110984325
1881,-0.121427059
1881.099976,-0.120902538
1881.200073,-0.131297588
1881.300049,-0.115752697
1881.400024,-0.129342556
1881.5,-0.124621868
1881.599976,-0.113511562
1881.700073,-0.115895748
1881.800049,-0.113177776
1881.900024,-0.121760845
1882,-0.12362051
1882.099976,-0.118136883
1882.200073,-0.118184566
1882.300049,-0.122666836
1882.400024,-0.126624584
1882.5,-0.12772131
1882.599976,-0.130260468
1882.700073,-0.132966518
1882.800049,-0.123933434
1882.900024,-0.117183208
1883,-0.115323544
1883.099976,-0.121379375
1883.200073,-0.112176418
1883.300049,-0.124431133
1883.400024,-0.126863003
1883.5,-0.121808529
1883.599976,-0.122380733
1883.700073,-0.123811245
1883.800049,-0.122166157
1883.900024,-0.121140957
1884,-0.121331692
1884.099976,-0.123048306
1884.200073,-0.124049664
1884.300049,-0.123286724
1884.400024,-0.125229836
1884.5,-0.126004696
1884.599976,-0.127578259
1884.700073,-0.126100063
1884.800049,-0.128674984
1884.900024,-0.12233305
1885,-0.119233608
1885.099976,-0.123143673
1885.200073,-0.125623226
1885.300049,-0.119948864
1885.400024,-0.114560604
1885.5,-0.117421627
1885.599976,-0.126433849
1885.700073,-0.125957012
1885.800049,-0.118566036
1885.900024,-0.120711803
1886,-0.117946148
1886.099976,-0.118947506
1886.200073,-0.115037441
1886.300049,-0.117516994
1886.400024,-0.11899519
1886.5,-0.126243114
1886.599976,-0.120854855
1886.700073,-0.118947506
1886.800049,-0.119233608
1886.900024,-0.123477459
1887,-0.122237682
1887.099976,-0.10860014
1887.200073,-0.127625942
1887.300049,-0.118136883
1887.400024,-0.126719952
1887.5,-0.109696865
1887.599976,-0.12605238
1887.700073,-0.123715878
1887.800049,-0.122905254
1887.900024,-0.12323904
1888,-0.121903896
1888.099976,-0.121593952
1888.200073,-0.120425701
1888.300049,-0.120807171
1888.400024,-0.12157011
1888.5,-0.117278576
1888.599976,-0.124335766
1888.700073,-0.119615078
1888.800049,-0.110698223
1888.900024,-0.134349346
1889,-0.127482891
1889.099976,-0.119376659
1889.200073,-0.110745907
1889.300049,-0.12772131
1889.400024,-0.122380733
1889.5,-0.130725384
1889.599976,-0.11565733
1889.700073,-0.123334408
1889.800049,-0.119662762
1889.900024,-0.121522427
1890,-0.124335766
1890.099976,-0.120091915
1890.200073,-0.121284008
1890.300049,-0.125194073
1890.400024,-0.124192715
1890.5,-0.130391598
1890.599976,-0.119138241
1890.700073,-0.12695837
1890.800049,-0.123143673
1890.900024,-0.125098705
1891,-0.124955654
1891.099976,-0.125337124
1891.200073,-0.121593952
1891.300049,-0.115418911
1891.400024,-0.12066412
1891.5,-0.132155895
1891.599976,-0.128150463
1891.700073,-0.130010128
1891.800049,-0.123715878
1891.900024,-0.113463879
1892,-0.123572826
1892.099976,-0.128961086
1892.200073,-0.121140957
1892.300049,-0.119328976
1892.400024,-0.124621868
1892.5,-0.120902538
1892.599976,-0.129724026
1892.700073,-0.120711803
1892.800049,-0.126243114
1892.900024,-0.134158611
1893,-0.126243114
1893.099976,-0.118184566
1893.200073,-0.126910686
1893.300049,-0.122571468
1893.400024,-0.127625942
1893.5,-0.119615078
1893.599976,-0.135827541
1893.700073,-0.127292156
1893.800049,-0.115848064
1893.900024,-0.124431133
1894,-0.132680416
1894.099976,-0.121808529
1894.200073,-0.127435207
1894.300049,-0.11527586
1894.400024,-0.113273144
1894.5,-0.121188641
1894.599976,-0.126719952
1894.700073,-0.132108212
1894.800049,-0.124097347
1894.900024,-0.11990118
1895,-0.127435207
1895.099976,-0.11322546
1895.200073,-0.11823225
1895.300049,-0.115991116
1895.400024,-0.123274803
1895.5,-0.129628658
1895.599976,-0.129247189
1895.700073,-0.117898464
1895.800049,-0.12066412
1895.900024,-0.121140957
1896,-0.124037743
1896.099976,-0.126338482
1896.200073,-0.128007412
1896.300049,-0.122094631
1896.400024,-0.122952938
1896.5,-0.118422985
1896.599976,-0.117516994
1896.700073,-0.122619152
1896.800049,-0.121713161
1896.900024,-0.130820751
1897,-0.113797665
1897.099976,-0.13401556
1897.200073,-0.123095989
1897.300049,-0.11785078
1897.400024,-0.124192715
1897.5,-0.124764919
1897.599976,-0.124049664
1897.700073,-0.123382092
1897.800049,-0.11990118
1897.900024,-0.119042873
1898,-0.125146389
1898.099976,-0.131679058
1898.200073,-0.133061886
1898.300049,-0.120378017
1898.400024,-0.123143673
1898.5,-0.13401556
1898.599976,-0.120091915
1898.700073,-0.131154537
1898.800049,-0.130391598
1898.900024,-0.119042873
1899,-0.116229534
1899.099976,-0.129962444
1899.200073,-0.1347785
1899.300049,-0.105500698
1899.400024,-0.110650539
1899.5,-0.119197845
1899.599976,-0.130963802
1899.700073,-0.129676342
1899.800049,-0.120425701
1899.900024,-0.110126019
1900,-0.119472027
1900.099976,-0.112700939
1900.200073,-0.12490797
1900.300049,-0.122142315
1900.400024,-0.119042873
1900.5,-0.128150463
1900.599976,-0.125527859
1900.700073,-0.115132809
1900.800049,-0.117087841
1900.900024,-0.12157011
1901,-0.12195158
1901.099976,-0.12400198
1901.200073,-0.126338482
1901.300049,-0.126147747
1901.400024,-0.12157011
1901.5,-0.130248547
1901.599976,-0.118041515
1901.700073,-0.129867077
1901.800049,-0.120568752
1901.900024,-0.124335766
1902,-0.13310957
1902.099976,-0.131869793
1902.200073,-0.129044533
1902.300049,-0.129577994
1902.400024,-0.128436565
1902.5,-0.128961086
1902.599976,-0.13439703
1902.700073,-0.117612362
1902.800049,-0.129294872
1902.900024,-0.120950222
1903,-0.108838558
1903.099976,-0.125575542
1903.200073,-0.130868435
1903.300049,-0.129485607
1903.400024,-0.123048306
1903.5,-0.123000622
1903.599976,-0.12221384
1903.700073,-0.12066412
1903.800049,-0.122142315
1903.900024,-0.129151821
1904,-0.130868435
1904.099976,-0.124800682
1904.200073,-0.123525143
1904.300049,-0.11565733
1904.400024,-0.105453014
1904.5,-0.12438345
1904.599976,-0.111413479
1904.700073,-0.108075619
1904.800049,-0.109696865
1904.900024,-0.110698223
1905,-0.10860014
1905.099976,-0.109935284
1905.200073,-0.11899519
1905.300049,-0.117946148
1905.400024,-0.112224102
1905.5,-0.113034725
1905.599976,-0.116277218
1905.700073,-0.116467953
1905.800049,-0.112081051
1905.900024,-0.114846706
1906,-0.111985683
1906.099976,-0.113130093
1906.200073,-0.112367153
1906.300049,-0.10873127
1906.400024,-0.104642391
1906.5,-0.104785442
1906.599976,-0.107634544
1906.700073,-0.108457088
1906.800049,-0.112653255
1906.900024,-0.123572826
1907,-0.121474743
1907.099976,-0.115418911
1907.200073,-0.1098876
1907.300049,-0.113797665
1907.400024,-0.112796307
1907.5,-0.116324902
1907.599976,-0.111747265
1907.700073,-0.116849422
1907.800049,-0.114655972
1907.900024,-0.113177776
1908,-0.11527586
1908.099976,-0.105405331
1908.200073,-0.115514278
1908.300049,-0.108266354
1908.400024,-0.118041515
1908.5,-0.125003338
1908.599976,-0.119472027
1908.700073,-0.119328976
1908.800049,-0.108838558
1908.900024,-0.113177776
1909,-0.106311321
1909.099976,-0.117516994
1909.200073,-0.110745907
1909.300049,-0.112367153
1909.400024,-0.107741833
1909.5,-0.115180492
1909.599976,-0.112128735
1909.700073,-0.113845348
1909.800049,-0.109601498
1909.900024,-0.108552456
1910,-0.113749981
1910.099976,-0.111985683
1910.200073,-0.109792233
1910.300049,-0.114465237
1910.400024,-0.118518353
1910.5,-0.10860014
1910.599976,-0.112605572
1910.700073,-0.115800381
1910.800049,-0.114179134
1910.900024,-0.114417553
1911,-0.114131451
1911.099976,-0.110221386
1911.200073,-0.110555172
1911.300049,-0.11694479
1911.400024,-0.113368511
1911.5,-0.120568752
1911.599976,-0.114322186
1911.700073,-0.112510204
1911.800049,-0.110841274
1911.900024,-0.116754055
1912,-0.109220028
1912.099976,-0.111985683
1912.200073,-0.122571468
1912.300049,-0.109601498
1912.400024,-0.11489439
1912.5,-0.112700939
1912.599976,-0.110412121
1912.700073,-0.108623981
1912.800049,-0.103784084
1912.900024,-0.107598782
1913,-0.104690075
1913.099976,-0.112128735
1913.200073,-0.119519711
1913.300049,-0.115514278
1913.400024,-0.115108967
1913.5,-0.112891674
1913.599976,-0.112510204
1913.700073,-0.11117506
1913.800049,-0.100350857
1913.900024,-0.120568752
1914,-0.110698223
1914.099976,-0.110078335
1914.200073,-0.108659744
1914.300049,-0.108170986
1914.400024,-0.109544873
1914.5,-0.110841274
1914.599976,-0.110507488
1914.700073,-0.117469311
1914.800049,-0.118327618
1914.900024,-0.109601498
1915,-0.11694479
1915.099976,-0.105834484
1915.200073,-0.109220028
1915.300049,-0.109220028
1915.400024,-0.108504772
1915.5,-0.110126019
1915.599976,-0.112176418
1915.700073,-0.110936642
1915.800049,-0.111222744
1915.900024,-0.112724781
1916,-0.114942074
1916.099976,-0.113797665
1916.200073,-0.105548382
1916.300049,-0.109029293
1916.400024,-0.105166912
1916.5,-0.111461163
1916.599976,-0.109410763
1916.700073,-0.11206913
1916.800049,-0.116467953
1916.900024,-0.110936642
1917,-0.105405331
1917.099976,-0.112748623
1917.200073,-0.113797665
1917.300049,-0.113177776
1917.400024,-0.115466595
1917.5,-0.114369869
1917.599976,-0.115740776
1917.700073,-0.11694479
1917.800049,-0.11618185
1917.900024,-0.113177776
1918,-0.10693121
1918.099976,-0.112653255
1918.200073,-0.11271286
1918.300049,-0.115800381
1918.400024,-0.115466595
1918.5,-0.116229534
1918.599976,-0.118136883
1918.700073,-0.115514278
1918.800049,-0.117755413
1918.900024,-0.115132809
1919,-0.112653255
1919.099976,-0.114608288
1919.200073,-0.104260921
1919.300049,-0.106645107
1919.400024,-0.112987041
1919.5,-0.107884884
1919.599976,-0.111461163
1919.700073,-0.108421326
1919.800049,-0.107264996
1919.900024,-0.107074261
1920,-0.107694149
1920.099976,-0.109935284
1920.200073,-0.105071545
1920.300049,-0.111318111
1920.400024,-0.109458447
1920.5,-0.110459805
1920.599976,-0.11284399
1920.700073,-0.11180687
1920.800049,-0.112939358
1920.900024,-0.110984325
1921,-0.116658688
1921.099976,-0.108170986
1921.200073,-0.099349499
1921.300049,-0.10950613
1921.400024,-0.10449934
1921.5,-0.106311321
1921.599976,-0.105071545
1921.700073,-0.108743191
1921.800049,-0.118470669
1921.900024,-0.113940716
1922,-0.109935284
1922.099976,-0.114751339
1922.200073,-0.100064754
1922.300049,-0.10449934
1922.400024,-0.116277218
1922.5,-0.116754055
1922.599976,-0.108170986
1922.700073,-0.121903896
1922.800049,-0.111318111
1922.900024,-0.111508846
1923,-0.114131451
1923.099976,-0.113702297
1923.200073,-0.120950222
1923.300049,-0.114036083
1923.400024,-0.105929852
1923.5,-0.115895748
1923.599976,-0.118470669
1923.700073,-0.112414837
1923.800049,-0.109363079
1923.900024,-0.110984325
1924,-0.107408047
1924.099976,-0.104070187
1924.200073,-0.107408047
1924.300049,-0.111127377
1924.400024,-0.09706068
1924.5,-0.110793591
1924.599976,-0.11899519
1924.700073,-0.11026907
1924.800049,-0.102925777
1924.900024,-0.111604214
1925,-0.10654974
1925.099976,-0.108552456
1925.200073,-0.112796307
1925.300049,-0.116038799
1925.400024,-0.111699581
1925.5,-0.109267712
1925.599976,-0.108504772
1925.700073,-0.104403973
1925.800049,-0.10449934
1925.900024,-0.103974819
1926,-0.107217312
1926.099976,-0.110984325
1926.200073,-0.115228176
1926.300049,-0.117612362
1926.400024,-0.111842632
1926.5,-0.105929852
1926.599976,-0.098872662
1926.700073,-0.113940716
1926.800049,-0.10950613
1926.900024,-0.110936642
1927,-0.109935284
1927.099976,-0.110364437
1927.200073,-0.110841274
1927.300049,-0.112557888
1927.400024,-0.112557888
1927.5,-0.107372284
1927.599976,-0.103879452
1927.700073,-0.108758092
1927.800049,-0.11117506
1927.900024,-0.112605572
1928,-0.110936642
1928.099976,-0.104594707
1928.200073,-0.108838558
1928.300049,-0.107646465
1928.400024,-0.112176418
1928.5,-0.110555172
1928.599976,-0.111592293
1928.700073,-0.11155653
1928.800049,-0.112081051
1928.900024,-0.113177776
1929,-0.107598782
1929.099976,-0.10449934
1929.200073,-0.117516994
1929.300049,-0.112939358
1929.400024,-0.106883526
1929.5,-0.109220028
1929.599976,-0.108647823
1929.700073,-0.108409405
1929.800049,-0.112176418
1929.900024,-0.115943432
1930,-0.111318111
1930.099976,-0.109935284
1930.200073,-0.1098876
1930.300049,-0.111759186
1930.400024,-0.113177776
1930.5,-0.114036083
1930.599976,-0.113416195
1930.700073,-0.107741833
1930.800049,-0.108504772
1930.900024,-0.103259563
1931,-0.1098876
1931.099976,-0.103593349
1931.200073,-0.099826336
1931.300049,-0.107026577
1931.400024,-0.115418911
1931.5,-0.106645107
1931.599976,-0.109553814
1931.700073,-0.107264996
1931.800049,-0.107074261
1931.900024,-0.110412121
1932,-0.10912466
1932.099976,-0.116372585
1932.200073,-0.10154295
1932.300049,-0.108361721
1932.400024,-0.102401257
1932.5,-0.104022503
1932.599976,-0.115228176
1932.700073,-0.104642391
1932.800049,-0.115752697
1932.900024,-0.108409405
1933,-0.102687359
1933.099976,-0.097966671
1933.200073,-0.114942074
1933.300049,-0.106215954
1933.400024,-0.112891674
1933.5,-0.110006809
1933.599976,-0.110745907
1933.700073,-0.110173702
1933.800049,-0.110698223
1933.900024,-0.115132809
1934,-0.115609646
1934.099976,-0.110388279
1934.200073,-0.106835842
1934.300049,-0.103974819
1934.400024,-0.107884884
1934.5,-0.114274502
1934.599976,-0.113797665
1934.700073,-0.10321188
1934.800049,-0.105548382
1934.900024,-0.112367153
1935,-0.113177776
1935.099976,-0.106502056
1935.200073,-0.104594707
1935.300049,-0.101781368
1935.400024,-0.110173702
1935.5,-0.114179134
1935.599976,-0.110698223
1935.700073,-0.107360363
1935.800049,-0.10321188
1935.900024,-0.106883526
1936,-0.105989456
1936.099976,-0.106311321
1936.200073,-0.107551098
1936.300049,-0.106311321
1936.400024,-0.108027935
1936.5,-0.106359005
1936.599976,-0.111890316
1936.700073,-0.118089199
1936.800049,-0.111318111
1936.900024,-0.111508846
1937,-0.106215954
1937.099976,-0.106645107
1937.200073,-0.109792233
1937.300049,-0.112414837
1937.400024,-0.110650539
1937.5,-0.102687359
1937.599976,-0.106025219
1937.700073,-0.111270428
1937.800049,-0.106597424
1937.900024,-0.100112438
1938,-0.108981609
1938.099976,-0.114942074
1938.200073,-0.11451292
1938.300049,-0.113833427
1938.400024,-0.117183208
1938.5,-0.108695507
1938.599976,-0.113654613
1938.700073,-0.104403973
1938.800049,-0.1057868
1938.900024,-0.109220028
1939,-0.109220028
1939.099976,-0.114560604
1939.200073,-0.111651897
1939.300049,-0.105977535
1939.400024,-0.107074261
1939.5,-0.117660046
1939.599976,-0.111604214
1939.700073,-0.101399899
1939.800049,-0.109744549
1939.900024,-0.11990118
1940,-0.106502056
1940.099976,-0.110936642
1940.200073,-0.102305889
1940.300049,-0.107884884
1940.400024,-0.09872961
1940.5,-0.113797665
1940.599976,-0.101876736
1940.700073,-0.119615078
1940.800049,-0.11284399
1940.900024,-0.111413479
1941,-0.111413479
1941.099976,-0.102687359
1941.200073,-0.117993832
1941.300049,-0.100017071
1941.400024,-0.114417553
1941.5,-0.115514278
1941.599976,-0.104642391
1941.700073,-0.105453014
1941.800049,-0.10912466
1941.900024,-0.111151218
1942,-0.115371227
1942.099976,-0.114655972
1942.200073,-0.113845348
1942.300049,-0.105977535
1942.400024,-0.105882168
1942.5,-0.104725838
1942.599976,-0.106463313
1942.700073,-0.107121944
1942.800049,-0.108123302
1942.900024,-0.108886242
1943,-0.110745907
1943.099976,-0.109696865
1943.200073,-0.118470669
1943.300049,-0.105977535
1943.400024,-0.116611004
1943.5,-0.109029293
1943.599976,-0.107360363
1943.700073,-0.107026577
1943.800049,-0.1098876
1943.900024,-0.111997604
1944,-0.114846706
1944.099976,-0.116229534
1944.200073,-0.118089199
1944.300049,-0.101829052
1944.400024,-0.106215954
1944.5,-0.099063396
1944.599976,-0.102258205
1944.700073,-0.112557888
1944.800049,-0.103021145
1944.900024,-0.107074261
1945,-0.10244894
1945.099976,-0.107217312
1945.200073,-0.118756771
1945.300049,-0.107598782
1945.400024,-0.112748623
1945.5,-0.100589275
1945.599976,-0.110221386
1945.700073,-0.107503414
1945.800049,-0.107360363
1945.900024,-0.113654613
1946,-0.103593349
1946.099976,-0.109315395
1946.200073,-0.102401257
1946.300049,-0.107026577
1946.400024,-0.106883526
1946.5,-0.108075619
1946.599976,-0.106156349
1946.700073,-0.10449934
1946.800049,-0.105166912
1946.900024,-0.112462521
1947,-0.110841274
1947.099976,-0.107217312
1947.200073,-0.111938
1947.300049,-0.106263638
1947.400024,-0.108457088
1947.5,-0.109649181
1947.599976,-0.112462521
1947.700073,-0.11785078
1947.800049,-0.104165554
1947.900024,-0.112748623
1948,-0.119519711
1948.099976,-0.106883526
1948.200073,-0.120091915
1948.300049,-0.110364437
1948.400024,-0.112319469
1948.5,-0.106311321
1948.599976,-0.107598782
1948.700073,-0.105989456
1948.800049,-0.104260921
1948.900024,-0.1057868
1949,-0.110602856
1949.099976,-0.106215954
1949.200073,-0.108516693
1949.300049,-0.107694149
1949.400024,-0.109553814
1949.5,-0.110054493
1949.599976,-0.112033367
1949.700073,-0.110936642
1949.800049,-0.119472027
1949.900024,-0.105500698
1950,-0.090480328
1950.099976,-0.114799023
1950.200073,-0.106406689
1950.300049,-0.117183208
1950.400024,-0.106311321
1950.5,-0.12157011
1950.599976,-0.107312679
1950.700073,-0.120234966
1950.800049,-0.104594707
1950.900024,-0.120091915
1951,-0.106597424
1951.099976,-0.104308605
1951.200073,-0.112081051
1951.300049,-0.10616827
1951.400024,-0.098491192
1951.5,-0.098252773
1951.599976,-0.101900578
1951.700073,-0.106359005
1951.800049,-0.10449934
1951.900024,-0.107360363
1952,-0.108361721
1952.099976,-0.119472027
1952.200073,-0.118661404
1952.300049,-0.101733685
1952.400024,-0.100636959
1952.5,-0.115800381
1952.599976,-0.113845348
1952.700073,-0.111485004
1952.800049,-0.108504772
1952.900024,-0.107789516
1953,-0.106359005
1953.099976,-0.113034725
1953.200073,-0.111127377
1953.300049,-0.105882168
1953.400024,-0.10526228
1953.5,-0.105739117
1953.599976,-0.105023861
1953.700073,-0.106788158
1953.800049,-0.10821867
1953.900024,-0.109315395
1954,-0.10950613
1954.099976,-0.106311321
1954.200073,-0.111747265
1954.300049,-0.107932568
1954.400024,-0.110936642
1954.5,-0.108075619
1954.599976,-0.114846706
1954.700073,-0.102639675
1954.800049,-0.108981609
1954.900024,-0.110555172
1955,-0.10706234
1955.099976,-0.102162838
1955.200073,-0.10654974
1955.300049,-0.111651897
1955.400024,-0.105500698
1955.5,-0.108075619
1955.599976,-0.105548382
1955.700073,-0.108838558
1955.800049,-0.107932568
1955.900024,-0.10924387
1956,-0.111461163
1956.099976,-0.108743191
1956.200073,-0.108540535
1956.300049,-0.106740475
1956.400024,-0.107217312
1956.5,-0.108409405
1956.599976,-0.111413479
1956.700073,-0.097299099
1956.800049,-0.106263638
1956.900024,-0.114608288
1957,-0.115037441
1957.099976,-0.109601498
1957.200073,-0.112653255
1957.300049,-0.105643749
1957.400024,-0.113702297
1957.5,-0.103450298
1957.599976,-0.103784084
1957.700073,-0.106311321
1957.800049,-0.109553814
1957.900024,-0.108457088
1958,-0.108194828
1958.099976,-0.106788158
1958.200073,-0.107980251
1958.300049,-0.105536461
1958.400024,-0.104022503
1958.5,-0.103354931
1958.599976,-0.105739117
1958.700073,-0.106633186
1958.800049,-0.108409405
1958.900024,-0.109029293
1959,-0.116229534
1959.099976,-0.113702297
1959.200073,-0.109029293
1959.300049,-0.106072903
1959.400024,-0.115228176
1959.5,-0.106454372
1959.599976,-0.109601498
1959.700073,-0.106454372
1959.800049,-0.104594707
1959.900024,-0.10912466
1960,-0.100017071
1960.099976,-0.102496624
1960.200073,-0.114751339
1960.300049,-0.112081051
1960.400024,-0.103307247
1960.5,-0.104356289
1960.599976,-0.105858326
1960.700073,-0.108790874
1960.800049,-0.106978893
1960.900024,-0.100875378
1961,-0.102782726
1961.099976,-0.101447582
1961.200073,-0.112271786
1961.300049,-0.10912466
1961.400024,-0.102162838
1961.5,-0.119185925
1961.599976,-0.108981609
1961.700073,-0.102401257
1961.800049,-0.103593349
1961.900024,-0.111127377
1962,-0.111985683
1962.099976,-0.112700939
1962.200073,-0.110078335
1962.300049,-0.108075619
1962.400024,-0.107551098
1962.5,-0.108933926
1962.599976,-0.110030651
1962.700073,-0.110078335
1962.800049,-0.111032009
1962.900024,-0.109363079
1963,-0.11155653
1963.099976,-0.109589577
1963.200073,-0.109076977
1963.300049,-0.108361721
1963.400024,-0.118804455
1963.5,-0.095487118
1963.599976,-0.118947506
1963.700073,-0.110602856
1963.800049,-0.109792233
1963.900024,-0.113320827
1964,-0.113416195
1964.099976,-0.101924419
1964.200073,-0.113702297
1964.300049,-0.098300457
1964.400024,-0.108457088
1964.5,-0.11861372
1964.599976,-0.098348141
1964.700073,-0.104690075
1964.800049,-0.104308605
1964.900024,-0.103879452
1965,-0.103843689
1965.099976,-0.104991078
1965.200073,-0.105596066
1965.300049,-0.106645107
1965.400024,-0.110936642
1965.5,-0.110221386
1965.599976,-0.111437321
1965.700073,-0.112176418
1965.800049,-0.112414837
1965.900024,-0.112796307
1966,-0.110936642
1966.099976,-0.111794949
1966.200073,-0.106740475
1966.300049,-0.105500698
1966.400024,-0.107944489
1966.5,-0.108695507
1966.599976,-0.110841274
1966.700073,-0.106847763
1966.800049,-0.103497982
1966.900024,-0.104356289
1967,-0.100684643
1967.099976,-0.097251415
1967.200073,-0.100684643
1967.300049,-0.095534801
1967.400024,-0.102854252
1967.5,-0.104547024
1967.599976,-0.110650539
1967.700073,-0.110221386
1967.800049,-0.101972103
1967.900024,-0.11155653
1968,-0.105071545
1968.099976,-0.11732626
1968.200073,-0.105309963
1968.300049,-0.112319469
1968.400024,-0.105023861
1968.5,-0.106740475
1968.599976,-0.106692791
1968.700073,-0.108457088
1968.800049,-0.107074261
1968.900024,-0.105309963
1969,-0.103545666
1969.099976,-0.098491192
1969.200073,-0.108504772
1969.300049,-0.101447582
1969.400024,-0.108695507
1969.5,-0.107217312
1969.599976,-0.113416195
1969.700073,-0.102162838
1969.800049,-0.111747265
1969.900024,-0.114608288
1970,-0.110793591
1970.099976,-0.12195158
1970.200073,-0.103259563
1970.300049,-0.109553814
1970.400024,-0.1057868
1970.5,-0.100923061
1970.599976,-0.108170986
1970.700073,-0.110221386
1970.800049,-0.111318111
1970.900024,-0.111985683
1971,-0.11489439
1971.099976,-0.113320827
1971.200073,-0.112891674
1971.300049,-0.113511562
1971.400024,-0.109410763
1971.5,-0.105357647
1971.599976,-0.105548382
1971.700073,-0.112510204
1971.800049,-0.107360363
1971.900024,-0.110936642
1972,-0.107551098
1972.099976,-0.100684643
1972.200073,-0.106263638
1972.300049,-0.10912466
1972.400024,-0.107789516
1972.5,-0.108361721
1972.599976,-0.112557888
1972.700073,-0.113845348
1972.800049,-0.102162838
1972.900024,-0.100875378
1973,-0.108886242
1973.099976,-0.101781368
1973.200073,-0.119233608
1973.300049,-0.101399899
1973.400024,-0.108933926
1973.5,-0.11026907
1973.599976,-0.105357647
1973.700073,-0.116372585
1973.800049,-0.10693121
1973.900024,-0.102305889
1974,-0.101686001
1974.099976,-0.10283041
1974.200073,-0.107551098
1974.300049,-0.107598782
1974.400024,-0.105929852
1974.5,-0.11694479
1974.599976,-0.107741833
1974.700073,-0.11565733
1974.800049,-0.11155653
1974.900024,-0.107932568
1975,-0.106275558
1975.099976,-0.103116512
1975.200073,-0.102496624
1975.300049,-0.102353573
1975.400024,-0.109839916
1975.5,-0.115705013
1975.599976,-0.09987402
1975.700073,-0.106120586
1975.800049,-0.102305889
1975.900024,-0.105166912
1976,-0.116611004
1976.099976,-0.114608288
1976.200073,-0.103831768
1976.300049,-0.10950613
1976.400024,-0.1057868
1976.5,-0.115085125
1976.599976,-0.108838558
1976.700073,-0.101399899
1976.800049,-0.100493908
1976.900024,-0.103140354
1977,-0.107026577
1977.099976,-0.103641033
1977.200073,-0.107408047
1977.300049,-0.10654974
1977.400024,-0.109076977
1977.5,-0.108194828
1977.599976,-0.109792233
1977.700073,-0.107360363
1977.800049,-0.103831768
1977.900024,-0.102067471
1978,-0.105572224
1978.099976,-0.107980251
1978.200073,-0.108409405
1978.300049,-0.107074261
1978.400024,-0.108147144
1978.5,-0.108790874
1978.599976,-0.108314037
1978.700073,-0.113416195
1978.800049,-0.105548382
1978.900024,-0.113320827
1979,-0.110936642
1979.099976,-0.112700939
1979.200073,-0.11155653
1979.300049,-0.114989758
1979.400024,-0.110579014
1979.5,-0.106502056
1979.599976,-0.109267712
1979.700073,-0.112987041
1979.800049,-0.101972103
1979.900024,-0.105166912
1980,-0.113749981
1980.099976,-0.109267712
1980.200073,-0.103116512
1980.300049,-0.104642391
1980.400024,-0.105882168
1980.5,-0.106108665
1980.599976,-0.104594707
1980.700073,-0.109315395
1980.800049,-0.106788158
1980.900024,-0.106227875
1981,-0.105405331
1981.099976,-0.103402615
1981.200073,-0.110841274
1981.300049,-0.10488081
1981.400024,-0.112748623
1981.5,-0.103450298
1981.599976,-0.099349499
1981.700073,-0.104403973
1981.800049,-0.10654974
1981.900024,-0.103068829
1982,-0.11451292
1982.099976,-0.094819546
1982.200073,-0.114417553
1982.300049,-0.096440792
1982.400024,-0.108886242
1982.5,-0.113368511
1982.599976,-0.108170986
1982.700073,-0.105882168
1982.800049,-0.11026907
1982.900024,-0.107646465
1983,-0.107169628
1983.099976,-0.104642391
1983.200073,-0.107384205
1983.300049,-0.108027935
1983.400024,-0.109696865
1983.5,-0.102878094
1983.599976,-0.1057868
1983.700073,-0.100875378
1983.800049,-0.096631527
1983.900024,-0.103164196
1984,-0.117278576
1984.099976,-0.10154295
1984.200073,-0.118041515
1984.300049,-0.111842632
1984.400024,-0.120521069
1984.5,-0.109649181
1984.599976,-0.107884884
1984.700073,-0.107372284
1984.800049,-0.1057868
1984.900024,-0.10616827
1985,-0.110567093
1985.099976,-0.114751339
1985.200073,-0.115561962
1985.300049,-0.111079693
1985.400024,-0.105548382
1985.5,-0.114179134
1985.599976,-0.095725536
1985.700073,-0.098491192
1985.800049,-0.100160122
1985.900024,-0.110841274
1986,-0.112700939
1986.099976,-0.109029293
1986.200073,-0.106835842
1986.300049,-0.104845047
1986.400024,-0.101256847
1986.5,-0.102258205
1986.599976,-0.103462219
1986.700073,-0.104165554
1986.800049,-0.10616827
1986.900024,-0.106239796
1987,-0.107121944
1987.099976,-0.107503414
1987.200073,-0.107646465
1987.300049,-0.11527586
1987.400024,-0.105309963
1987.5,-0.111938
1987.599976,-0.107646465
1987.700073,-0.115561962
1987.800049,-0.104356289
1987.900024,-0.106454372
1988,-0.105166912
1988.099976,-0.100303173
1988.200073,-0.112128735
1988.300049,-0.105405331
1988.400024,-0.107360363
1988.5,-0.106978893
1988.599976,-0.104928493
1988.700073,-0.102639675
1988.800049,-0.101352215
1988.900024,-0.105929852
1989,-0.107598782
1989.099976,-0.111747265
1989.200073,-0.109220028
1989.300049,-0.10411787
1989.400024,-0.10616827
1989.5,-0.109744549
1989.599976,-0.105584145
1989.700073,-0.106025219
1989.800049,-0.10039854
1989.900024,-0.1139884
1990,-0.094581127
1990.099976,-0.106835842
1990.200073,-0.112700939
1990.300049,-0.100875378
1990.400024,-0.109601498
1990.5,-0.110555172
1990.599976,-0.102639675
1990.700073,-0.1098876
1990.800049,-0.10321188
1990.900024,-0.111842632
1991,-0.09577322
1991.099976,-0.108123302
1991.200073,-0.11284399
1991.300049,-0.10116148
1991.400024,-0.105977535
1991.5,-0.108266354
1991.599976,-0.104403973
1991.700073,-0.104165554
1991.800049,-0.098586559
1991.900024,-0.099397182
1992,-0.111794949
1992.099976,-0.111365795
1992.200073,-0.110090256
1992.300049,-0.108886242
1992.400024,-0.108314037
1992.5,-0.10449934
1992.599976,-0.107110023
1992.700073,-0.109458447
1992.800049,-0.10616827
1992.900024,-0.10449934
1993,-0.110602856
1993.099976,-0.112033367
1993.200073,-0.11322546
1993.300049,-0.109279633
1993.400024,-0.10411787
1993.5,-0.107741833
1993.599976,-0.10526228
1993.700073,-0.103354931
1993.800049,-0.104713917
1993.900024,-0.104547024
1994,-0.105691433
1994.099976,-0.101018429
1994.200073,-0.105405331
1994.300049,-0.09820509
1994.400024,-0.098777294
1994.5,-0.106406689
1994.599976,-0.110173702
1994.700073,-0.10283041
1994.800049,-0.10488081
1994.900024,-0.097728252
1995,-0.111938
1995.099976,-0.104022503
1995.200073,-0.10449934
1995.300049,-0.10488081
1995.400024,-0.10488081
1995.5,-0.108743191
1995.599976,-0.113320827
1995.700073,-0.106120586
1995.800049,-0.114322186
1995.900024,-0.105834484
1996,-0.116229534
1996.099976,-0.099349499
1996.200073,-0.105643749
1996.300049,-0.117373943
1996.400024,-0.091243267
1996.5,-0.107741833
1996.599976,-0.110507488
1996.700073,-0.10488081
1996.800049,-0.099254131
1996.900024,-0.113797665
1997,-0.110316753
1997.099976,-0.099826336
1997.200073,-0.102735043
1997.300049,-0.107408047
1997.400024,-0.103068829
1997.5,-0.096011639
1997.599976,-0.113940716
1997.700073,-0.109649181
1997.800049,-0.101733685
1997.900024,-0.105548382
1998,-0.106025219
1998.099976,-0.099635601
1998.200073,-0.109410763
1998.300049,-0.11656332
1998.400024,-0.103021145
1998.5,-0.106788158
1998.599976,-0.104451656
1998.700073,-0.110888958
1998.800049,-0.106215954
1998.900024,-0.113511562
1999,-0.111032009
1999.099976,-0.103402615
1999.200073,-0.10912466
1999.300049,-0.099158764
1999.400024,-0.102925777
1999.5,-0.104165554
1999.599976,-0.106335163
1999.700073,-0.108361721
1999.800049,-0.1098876
1999.900024,-0.107551098
2000,-0.10116148
2000.099976,-0.107932568
2000.200073,-0.111222744
2000.300049,-0.099063396
2000.400024,-0.102925777
2000.5,-0.110078335
2000.599976,-0.107121944
2000.700073,-0.11284399
2000.800049,-0.112653255
2000.900024,-0.110579014
2001,-0.107980251
2001.099976,-0.108838558
2001.200073,-0.105584145
2001.300049,-0.102687359
2001.400024,-0.10283041
2001.5,-0.100446224
2001.599976,-0.104308605
2001.700073,-0.097108364
2001.800049,-0.110078335
2001.900024,-0.104403973
2002,-0.101590633
2002.099976,-0.105119228
2002.200073,-0.106692791
2002.300049,-0.10745573
2002.400024,-0.107121944
2002.5,-0.105500698
2002.599976,-0.108838558
2002.700073,-0.10745573
2002.800049,-0.108361721
2002.900024,-0.100684643
2003,-0.098824978
2003.099976,-0.101876736
2003.200073,-0.104177475
2003.300049,-0.109315395
2003.400024,-0.106692791
2003.5,-0.112224102
2003.599976,-0.101829052
2003.700073,-0.10693121
2003.800049,-0.100112438
2003.900024,-0.108027935
2004,-0.098634243
2004.099976,-0.103641033
2004.200073,-0.113845348
2004.300049,-0.098109722
2004.400024,-0.105023861
2004.5,-0.108409405
2004.599976,-0.107264996
2004.700073,-0.10821867
2004.800049,-0.108981609
2004.900024,-0.10821867
2005,-0.099635601
2005.099976,-0.100255489
2005.200073,-0.098968029
2005.300049,-0.102246284
2005.400024,-0.103688717
2005.5,-0.106072903
2005.599976,-0.111318111
2005.700073,-0.118852139
2005.800049,-0.097585201
2005.900024,-0.111222744
2006,-0.106025219
2006.099976,-0.09653616
2006.200073,-0.102544308
2006.300049,-0.105739117
2006.400024,-0.111461163
2006.5,-0.105166912
2006.599976,-0.103450298
2006.700073,-0.105166912
2006.800049,-0.111747265
2006.900024,-0.107789516
2007,-0.110793591
2007.099976,-0.097680569
2007.200073,-0.101209164
2007.300049,-0.099456787
2007.400024,-0.097966671
2007.5,-0.100970745
2007.599976,-0.104976177
2007.700073,-0.105977535
2007.800049,-0.103497982
2007.900024,-0.103641033
2008,-0.106072903
2008.099976,-0.103354931
2008.200073,-0.108266354
2008.300049,-0.103402615
2008.400024,-0.113893032
2008.5,-0.09911108
2008.599976,-0.108266354
2008.700073,-0.102782726
2008.800049,-0.099301815
2008.900024,-0.098920345
2009,-0.102115154
2009.099976,-0.104451656
2009.200073,-0.1057868
2009.300049,-0.108027935
2009.400024,-0.10411787
2009.5,-0.106645107
2009.599976,-0.108647823
2009.700073,-0.104165554
2009.800049,-0.110412121
2009.900024,-0.114274502
2010,-0.103354931
2010.099976,-0.106692791
2010.200073,-0.116134167
2010.300049,-0.111794949
2010.400024,-0.10449934
2010.5,-0.102258205
2010.599976,-0.106788158
2010.700073,-0.112939358
2010.800049,-0.107503414
2010.900024,-0.096583843
2011,-0.104165554
2011.099976,-0.101686001
2011.200073,-0.105405331
2011.300049,-0.107360363
2011.400024,-0.108409405
2011.5,-0.10821867
2011.599976,-0.109410763
2011.700073,-0.107694149
2011.800049,-0.102067471
2011.900024,-0.111699581
2012,-0.106406689
2012.099976,-0.111604214
2012.200073,-0.099254131
2012.300049,-0.117755413
2012.400024,-0.096917629
2012.5,-0.110555172
2012.599976,-0.10526228
2012.700073,-0.111842632
2012.800049,-0.103068829
2012.900024,-0.10654974
2013,-0.104260921
2013.099976,-0.108695507
2013.200073,-0.105166912
2013.300049,-0.10848093
2013.400024,-0.111508846
2013.5,-0.108552456
2013.599976,-0.101590633
2013.700073,-0.109744549
2013.800049,-0.10078001
2013.900024,-0.106406689
2014,-0.1098876
2014.099976,-0.102067471
2014.200073,-0.098491192
2014.300049,-0.099158764
2014.400024,-0.109029293
2014.5,-0.101924419
2014.599976,-0.108314037
2014.700073,-0.103974819
2014.800049,-0.109696865
2014.900024,-0.103974819
2015,-0.09987402
2015.099976,-0.100493908
2015.200073,-0.109982967
2015.300049,-0.11618185
2015.400024,-0.100207806
2015.5,-0.109315395
2015.599976,-0.116992474
2015.700073,-0.103784084
2015.800049,-0.103879452
2015.900024,-0.100017071
2016,-0.088096142
2016.099976,-0.102305889
2016.200073,-0.116992474
2016.300049,-0.094342709
2016.400024,-0.107312679
2016.5,-0.117803097
2016.599976,-0.095248699
2016.700073,-0.112557888
2016.800049,-0.106645107
2016.900024,-0.109982967
2017,-0.112987041
2017.099976,-0.108147144
2017.200073,-0.104976177
2017.300049,-0.104642391
2017.400024,-0.109839916
2017.5,-0.105453014
2017.599976,-0.101686001
2017.700073,-0.099444866
2017.800049,-0.099778652
2017.900024,-0.107932568
2018,-0.10488081
2018.099976,-0.093865871
2018.200073,-0.095963955
2018.300049,-0.09884882
2018.400024,-0.099778652
2018.5,-0.1057868
2018.599976,-0.103641033
2018.700073,-0.106978893
2018.800049,-0.111604214
2018.900024,-0.099254131
2019,-0.111127377
2019.099976,-0.105977535
2019.200073,-0.098395824
2019.300049,-0.103354931
2019.400024,-0.102901936
2019.5,-0.104642391
2019.599976,-0.105214596
2019.700073,-0.110698223
2019.800049,-0.110793591
2019.900024,-0.10616827
2020,-0.103688717
2020.099976,-0.099444866
2020.200073,-0.10321188
2020.300049,-0.109744549
2020.400024,-0.099063396
2020.5,-0.104356289
2020.599976,-0.09577322
2020.700073,-0.11451292
2020.800049,-0.103974819
2020.900024,-0.102591991
2021,-0.100684643
2021.099976,-0.101638317
2021.200073,-0.108504772
2021.300049,-0.10283041
2021.400024,-0.107551098
2021.5,-0.110888958
2021.599976,-0.114751339
2021.700073,-0.108552456
2021.800049,-0.107312679
2021.900024,-0.099301815
2022,-0.108361721
2022.099976,-0.098824978
2022.200073,-0.108075619
2022.300049,-0.104785442
2022.400024,-0.103545666
2022.5,-0.102818489
2022.599976,-0.101924419
2022.700073,-0.101018429
2022.800049,-0.094914913
2022.900024,-0.101972103
2023,-0.106883526
2023.099976,-0.110030651
2023.200073,-0.105929852
2023.300049,-0.102067471
2023.400024,-0.09782362
2023.5,-0.102353573
2023.599976,-0.104165554
2023.700073,-0.107551098
2023.800049,-0.114417553
2023.900024,-0.108552456
2024,-0.103068829
2024.099976,-0.103784084
2024.200073,-0.1139884
2024.300049,-0.09744215
2024.400024,-0.109267712
2024.5,-0.088096142
2024.599976,-0.114083767
2024.700073,-0.09949255
2024.800049,-0.106502056
2024.900024,-0.104594707
2025,-0.105166912
2025.099976,-0.104976177
2025.200073,-0.106800079
2025.300049,-0.108838558
2025.400024,-0.10821867
2025.5,-0.106883526
2025.599976,-0.105405331
2025.700073,-0.105071545
2025.800049,-0.10116148
2025.900024,-0.101089954
2026,-0.097966671
2026.099976,-0.100160122
2026.200073,-0.093627453
2026.300049,-0.100315094
2026.400024,-0.102639675
2026.5,-0.104833126
2026.599976,-0.102591991
2026.700073,-0.108123302
2026.800049,-0.109553814
2026.900024,-0.103068829
2027,-0.11026907
2027.099976,-0.10116148
2027.200073,-0.112891674
2027.300049,-0.100732327
2027.400024,-0.099158764
2027.5,-0.101340294
2027.599976,-0.103164196
2027.700073,-0.102305889
2027.800049,-0.09987402
2027.900024,-0.105703354
2028,-0.111985683
2028.099976,-0.108647823
2028.200073,-0.101495266
2028.300049,-0.103974819
2028.400024,-0.104594707
2028.5,-0.104451656
2028.599976,-0.109601498
2028.700073,-0.105691433
2028.800049,-0.098348141
2028.900024,-0.100350857
2029,-0.101590633
2029.099976,-0.101972103
2029.200073,-0.102079391
2029.300049,-0.102591991
2029.400024,-0.102162838
2029.5,-0.102687359
2029.599976,-0.102401257
2029.700073,-0.103593349
2029.800049,-0.104785442
2029.900024,-0.112176418
2030,-0.10950613
2030.099976,-0.09911108
2030.200073,-0.106645107
2030.300049,-0.101209164
2030.400024,-0.108552456
2030.5,-0.105739117
2030.599976,-0.09911108
2030.700073,-0.103831768
2030.800049,-0.109458447
2030.900024,-0.101256847
2031,-0.110078335
2031.099976,-0.107932568
2031.200073,-0.10616827
2031.300049,-0.104785442
2031.400024,-0.101876736
2031.5,-0.105882168
2031.599976,-0.101948261
2031.700073,-0.099015713
2031.800049,-0.101018429
2031.900024,-0.099635601
2032,-0.101018429
2032.099976,-0.097489834
2032.200073,-0.101256847
2032.300049,-0.10218668
2032.400024,-0.105882168
2032.5,-0.10411787
2032.599976,-0.101066113
2032.700073,-0.105357647
2032.800049,-0.10821867
2032.900024,-0.108027935
2033,-0.105536461
2033.099976,-0.105938792
2033.200073,-0.105596066
2033.300049,-0.104594707
2033.400024,-0.101495266
2033.5,-0.102973461
2033.599976,-0.100458145
2033.700073,-0.096822262
2033.800049,-0.100541592
2033.900024,-0.092387676
2034,-0.104403973
2034.099976,-0.111318111
2034.200073,-0.094628811
2034.300049,-0.099015713
2034.400024,-0.102878094
2034.5,-0.110364437
2034.599976,-0.106072903
2034.700073,-0.108123302
2034.800049,-0.113702297
2034.900024,-0.111699581
2035,-0.110102177
2035.099976,-0.106692791
2035.200073,-0.108314037
2035.300049,-0.091767788
2035.400024,-0.093865871
2035.5,-0.09706068
2035.599976,-0.10039854
2035.700073,-0.102210522
2035.800049,-0.10526228
2035.900024,-0.106311321
2036,-0.10950613
2036.099976,-0.108886242
2036.200073,-0.09872961
2036.300049,-0.103116512
2036.400024,-0.108504772
2036.5,-0.094771862
2036.599976,-0.110745907
2036.700073,-0.102544308
2036.800049,-0.104690075
2036.900024,-0.107789516
2037,-0.1078372
2037.099976,-0.093102932
2037.200073,-0.099635601
2037.300049,-0.112510204
2037.400024,-0.09653616
2037.5,-0.104690075
2037.599976,-0.099826336
2037.700073,-0.111651897
2037.800049,-0.107503414
2037.900024,-0.102639675
2038,-0.102353573
2038.099976,-0.103545666
2038.200073,-0.101781368
2038.300049,-0.10526228
2038.400024,-0.086093426
2038.5,-0.1078372
2038.599976,-0.097775936
2038.700073,-0.11451292
2038.800049,-0.105023861
2038.900024,-0.103736401
2039,-0.104356289
2039.099976,-0.109076977
2039.200073,-0.101829052
2039.300049,-0.114751339
2039.400024,-0.106502056
2039.5,-0.103259563
2039.599976,-0.105596066
2039.700073,-0.102901936
2039.800049,-0.102401257
2039.900024,-0.100350857
2040,-0.106025219
2040.099976,-0.109982967
2040.200073,-0.10950613
2040.300049,-0.10821867
2040.400024,-0.10283041
2040.5,-0.104356289
2040.599976,-0.102544308
2040.700073,-0.103354931
2040.800049,-0.10950613
2040.900024,-0.106120586
2041,-0.098014355
2041.099976,-0.095296383
2041.200073,-0.100696564
2041.300049,-0.10526228
2041.400024,-0.104213238
2041.5,-0.10654974
2041.599976,-0.108933926
2041.700073,-0.107646465
2041.800049,-0.103068829
2041.900024,-0.094676495
2042,-0.103736401
2042.099976,-0.101018429
2042.200073,-0.105691433
2042.300049,-0.105309963
2042.400024,-0.109029293
2042.5,-0.111651897
2042.599976,-0.106883526
2042.700073,-0.108361721
2042.800049,-0.101781368
2042.900024,-0.106502056
2043,-0.102735043
2043.099976,-0.103283405
2043.200073,-0.101876736
2043.300049,-0.102019787
2043.400024,-0.102353573
2043.5,-0.103164196
2043.599976,-0.111890316
2043.700073,-0.114179134
2043.800049,-0.104785442
2043.900024,-0.099063396
2044,-0.102258205
2044.099976,-0.117135525
2044.200073,-0.102162838
2044.300049,-0.111508846
2044.400024,-0.10860014
2044.5,-0.115085125
2044.599976,-0.112271786
2044.700073,-0.11271286
2044.800049,-0.11296618
2044.900024,-0.113559246
2045,-0.113320827
2045.099976,-0.124097347
2045.200073,-0.120997906
2045.300049,-0.114274502
2045.400024,-0.113177776
2045.5,-0.118184566
2045.599976,-0.12362051
2045.700073,-0.116849422
2045.800049,-0.11489439
2045.900024,-0.114739418
2046,-0.115609646
2046.099976,-0.111604214
2046.200073,-0.10860014
2046.300049,-0.105739117
2046.400024,-0.110459805
2046.5,-0.10283041
2046.599976,-0.112462521
2046.700073,-0.105834484
2046.800049,-0.101256847
2046.900024,-0.099921703
2047,-0.102329731
2047.099976,-0.103688717
2047.200073,-0.104451656
2047.300049,-0.106788158
2047.400024,-0.099730968
2047.5,-0.10244894
2047.599976,-0.103927135
2047.700073,-0.104737759
2047.800049,-0.103641033
2047.900024,-0.10616827
2048,-0.105357647
2048.100098,-0.106454372
2048.199951,-0.105166912
2048.300049,-0.111222744
2048.400146,-0.101352215
2048.5,-0.106502056
2048.600098,-0.104928493
2048.699951,-0.10154295
2048.800049,-0.101352215
2048.900146,-0.102687359
2049,-0.103497982
2049.100098,-0.104356289
2049.199951,-0.103068829
2049.300049,-0.103652954
2049.400146,-0.102496624
2049.5,-0.104690075
2049.600098,-0.102258205
2049.699951,-0.093341351
2049.800049,-0.106454372
2049.900146,-0.094056606
2050,-0.116038799
2050.100098,-0.088239193
2050.199951,-0.10821867
2050.300049,-0.104833126
2050.400146,-0.107408047
2050.5,-0.101686001
2050.600098,-0.097346783
2050.699951,-0.100636959
2050.800049,-0.107932568
2050.900146,-0.106740475
2051,-0.105405331
2051.100098,-0.100541592
2051.199951,-0.09949255
2051.300049,-0.099969387
2051.400146,-0.105548382
2051.5,-0.103259563
2051.600098,-0.09410429
2051.699951,-0.10449934
2051.800049,-0.100207806
2051.900146,-0.097108364
2052,-0.110984325
2052.100098,-0.093341351
2052.199951,-0.103641033
2052.300049,-0.097203732
2052.400146,-0.104833126
2052.5,-0.109315395
2052.600098,-0.111222744
2052.699951,-0.108075619
2052.800049,-0.098872662
2052.900146,-0.103688717
2053,-0.108075619
2053.100098,-0.099730968
2053.199951,-0.103116512
2053.300049,-0.104785442
2053.400146,-0.106394768
2053.5,-0.107789516
2053.600098,-0.1098876
2053.699951,-0.087762356
2053.800049,-0.100255489
2053.900146,-0.115514278
2054,-0.100732327
2054.100098,-0.107074261
2054.199951,-0.117946148
2054.300049,-0.115180492
2054.400146,-0.109923363
2054.5,-0.103164196
2054.600098,-0.103402615
2054.699951,-0.101018429
2054.800049,-0.102842331
2054.900146,-0.103688717
2055,-0.103259563
2055.100098,-0.102735043
2055.199951,-0.104451656
2055.300049,-0.103831768
2055.400146,-0.102782726
2055.5,-0.101733685
2055.600098,-0.105882168
2055.699951,-0.10950613
2055.800049,-0.10950613
2055.900146,-0.103927135
2056,-0.103307247
2056.100098,-0.103497982
2056.199951,-0.113177776
2056.300049,-0.105214596
2056.400146,-0.094676495
2056.5,-0.100875378
2056.600098,-0.108933926
2056.699951,-0.110316753
2056.800049,-0.107408047
2056.900146,-0.102115154
2057,-0.105119228
2057.100098,-0.106406689
2057.199951,-0.107169628
2057.300049,-0.108409405
2057.400146,-0.108743191
2057.5,-0.10565567
2057.600098,-0.100446224
2057.699951,-0.105023861
2057.800049,-0.107360363
2057.900146,-0.099444866
2058,-0.101733685
2058.100098,-0.097537518
2058.199951,-0.102210522
2058.300049,-0.094914913
2058.400146,-0.098824978
2058.5,-0.095963955
2058.600098,-0.11322546
2058.699951,-0.107789516
2058.800049,-0.11284399
2058.900146,-0.111222744
2059,-0.106692791
2059.100098,-0.101638317
2059.199951,-0.103831768
2059.300049,-0.095439434
2059.400146,-0.110316753
2059.5,-0.105691433
2059.600098,-0.09949255
2059.699951,-0.1078372
2059.800049,-0.10693121
2059.900146,-0.101447582
2060,-0.098681927
2060.100098,-0.098300457
2060.199951,-0.094914913
2060.300049,-0.094151974
2060.400146,-0.103641033
2060.5,-0.106645107
2060.600098,-0.107169628
2060.699951,-0.108075619
2060.800049,-0.110316753
2060.900146,-0.108314037
2061,-0.101733685
2061.100098,-0.099349499
2061.199951,-0.109315395
2061.300049,-0.107074261
2061.400146,-0.104380131
2061.5,-0.099826336
2061.600098,-0.101304531
2061.699951,-0.104022503
2061.800049,-0.098872662
2061.900146,-0.108027935
2062,-0.104070187
2062.100098,-0.102735043
2062.199951,-0.09872961
2062.300049,-0.108504772
2062.400146,-0.103545666
2062.5,-0.097966671
2062.600098,-0.097251415
2062.699951,-0.107264996
2062.800049,-0.110507488
2062.900146,-0.109863758
2063,-0.109076977
2063.100098,-0.112605572
2063.199951,-0.102115154
2063.300049,-0.097012997
2063.400146,-0.104403973
2063.5,-0.112796307
2063.600098,-0.105929852
2063.699951,-0.097203732
2063.800049,-0.107217312
2063.900146,-0.100827694
2064,-0.10283041
2064.100098,-0.111461163
2064.199951,-0.099301815
2064.300049,-0.103879452
2064.400146,-0.115705013
2064.5,-0.102544308
2064.600098,-0.114989758
2064.699951,-0.09615469
2064.800049,-0.105834484
2064.900146,-0.107074261
2065,-0.108695507
2065.100098,-0.096011639
2065.199951,-0.107932568
2065.300049,-0.09987402
2065.400146,-0.109076977
2065.5,-0.102639675
2065.600098,-0.102496624
2065.699951,-0.105619907
2065.800049,-0.110602856
2065.900146,-0.106740475
2066,-0.104976177
2066.100098,-0.105119228
2066.199951,-0.104988098
2066.300049,-0.103068829
2066.400146,-0.106788158
2066.5,-0.112700939
2066.600098,-0.095057964
2066.699951,-0.101256847
2066.800049,-0.10283041
2066.900146,-0.107741833
2067,-0.109410763
2067.100098,-0.101638317
2067.199951,-0.104547024
2067.300049,-0.110221386
2067.400146,-0.102019787
2067.5,-0.106072903
2067.600098,-0.108314037
2067.699951,-0.111985683
2067.800049,-0.099778652
2067.900146,-0.094962597
2068,-0.097847462
2068.100098,-0.101256847
2068.199951,-0.106269598
2068.300049,-0.111127377
2068.400146,-0.114846706
2068.5,-0.106406689
2068.600098,-0.100732327
2068.699951,-0.102544308
2068.800049,-0.100696564
2068.900146,-0.099778652
2069,-0.099730968
2069.100098,-0.098109722
2069.199951,-0.101602554
2069.300049,-0.10283041
2069.400146,-0.105739117
2069.5,-0.108933926
2069.600098,-0.108302116
2069.699951,-0.108409405
2069.800049,-0.104412913
2069.900146,-0.10039854
2070,-0.100541592
2070.100098,-0.102949619
2070.199951,-0.106120586
2070.300049,-0.104737759
2070.400146,-0.105166912
2070.5,-0.106204033
2070.600098,-0.106597424
2070.699951,-0.108314037
2070.800049,-0.108004093
2070.900146,-0.107789516
2071,-0.109315395
2071.100098,-0.108981609
2071.199951,-0.10411787
2071.300049,-0.109196186
2071.400146,-0.112224102
2071.5,-0.111461163
2071.600098,-0.108743191
2071.699951,-0.104594707
2071.800049,-0.111032009
2071.900146,-0.106072903
2072,-0.098395824
2072.100098,-0.11618185
2072.199951,-0.106740475
2072.300049,-0.100160122
2072.400146,-0.100732327
2072.5,-0.103927135
2072.600098,-0.104690075
2072.699951,-0.107551098
2072.800049,-0.106788158
2072.900146,-0.104785442
2073,-0.101876736
2073.100098,-0.108981609
2073.199951,-0.110984325
2073.300049,-0.100827694
2073.400146,-0.113797665
2073.5,-0.106311321
2073.600098,-0.110698223
2073.699951,-0.104547024
2073.800049,-0.103021145
2073.900146,-0.099254131
2074,-0.106311321
2074.100098,-0.103927135
2074.199951,-0.106120586
2074.300049,-0.10078001
2074.400146,-0.1139884
2074.5,-0.101972103
2074.600098,-0.109315395
2074.699951,-0.106645107
2074.800049,-0.107551098
2074.900146,-0.105560303
2075,-0.104547024
2075.100098,-0.103497982
2075.199951,-0.106120586
2075.300049,-0.107789516
2075.400146,-0.110745907
2075.5,-0.106740475
2075.600098,-0.099540234
2075.699951,-0.095010281
2075.800049,-0.098681927
2075.900146,-0.108027935
2076,-0.110650539
2076.100098,-0.112081051
2076.199951,-0.106359005
2076.300049,-0.104213238
2076.400146,-0.101876736
2076.5,-0.103879452
2076.600098,-0.103569508
2076.699951,-0.103879452
2076.800049,-0.104642391
2076.900146,-0.106788158
2077,-0.102496624
2077.100098,-0.113893032
2077.199951,-0.10821867
2077.300049,-0.111938
2077.400146,-0.105596066
2077.5,-0.115848064
2077.600098,-0.1098876
2077.699951,-0.099969387
2077.800049,-0.110841274
2077.900146,-0.098395824
2078,-0.105834484
2078.100098,-0.107598782
2078.199951,-0.104940414
2078.300049,-0.10411787
2078.400146,-0.102210522
2078.5,-0.099397182
2078.600098,-0.111318111
2078.699951,-0.096679211
2078.800049,-0.105739117
2078.900146,-0.106454372
2079,-0.100994587
2079.100098,-0.096059322
2079.199951,-0.095725536
2079.300049,-0.101721764
2079.400146,-0.10821867
2079.5,-0.106883526
2079.600098,-0.105834484
2079.699951,-0.10912466
2079.800049,-0.100064754
2079.900146,-0.105119228
2080,-0.106406689
2080.100098,-0.101781368
2080.199951,-0.105309963
2080.300049,-0.096679211
2080.400146,-0.098968029
2080.5,-0.098395824
2080.600098,-0.100422382
2080.699951,-0.101304531
2080.800049,-0.103021145
2080.900146,-0.098777294
2081,-0.106359005
2081.100098,-0.103545666
2081.199951,-0.108027935
2081.300049,-0.106645107
2081.400146,-0.103736401
2081.5,-0.104594707
2081.600098,-0.102210522
2081.699951,-0.100303173
2081.800049,-0.101876736
2081.900146,-0.101411819
2082,-0.100541592
2082.100098,-0.102925777
2082.199951,-0.107503414
2082.300049,-0.103450298
2082.400146,-0.110221386
2082.5,-0.112319469
2082.600098,-0.107264996
2082.699951,-0.106502056
2082.800049,-0.111508846
2082.900146,-0.101113796
2083,-0.112224102
2083.100098,-0.109410763
2083.199951,-0.110054493
2083.300049,-0.10693121
2083.400146,-0.111651897
2083.5,-0.107551098
2083.600098,-0.100303173
2083.699951,-0.110793591
2083.800049,-0.102735043
2083.900146,-0.101399899
2084,-0.100589275
2084.100098,-0.108790874
2084.199951,-0.094438076
2084.300049,-0.10449934
2084.400146,-0.102782726
2084.5,-0.099397182
2084.600098,-0.101304531
2084.699951,-0.110602856
2084.800049,-0.100636959
2084.900146,-0.107312679
2085,-0.104690075
2085.100098,-0.10154295
2085.199951,-0.107026577
2085.300049,-0.106072903
2085.400146,-0.100732327
2085.5,-0.098443508
2085.600098,-0.096583843
2085.699951,-0.100183964
2085.800049,-0.103164196
2085.900146,-0.102544308
2086,-0.101113796
2086.100098,-0.103927135
2086.199951,-0.099683285
2086.300049,-0.107932568
2086.400146,-0.106502056
2086.5,-0.107217312
2086.600098,-0.103354931
2086.699951,-0.113416195
2086.800049,-0.097012997
2086.900146,-0.103545666
2087,-0.106835842
2087.100098,-0.09281683
2087.199951,-0.099397182
2087.300049,-0.095010281
2087.400146,-0.095248699
2087.5,-0.097167969
2087.600098,-0.098586559
2087.699951,-0.099826336
2087.800049,-0.099397182
2087.900146,-0.105214596
2088,-0.108886242
2088.100098,-0.103450298
2088.199951,-0.104928493
2088.300049,-0.105739117
2088.400146,-0.105476856
2088.5,-0.106120586
2088.600098,-0.105119228
2088.699951,-0.101495266
2088.800049,-0.105405331
2088.900146,-0.109935284
2089,-0.10078001
2089.100098,-0.098300457
2089.199951,-0.102329731
2089.300049,-0.105214596
2089.400146,-0.105023861
2089.5,-0.104976177
2089.600098,-0.102258205
2089.699951,-0.099826336
2089.800049,-0.097585201
2089.900146,-0.09448576
2090,-0.095057964
2090.100098,-0.105834484
2090.199951,-0.097728252
2090.300049,-0.1078372
2090.400146,-0.105739117
2090.5,-0.105691433
2090.600098,-0.112271786
2090.699951,-0.106502056
2090.800049,-0.101209164
2090.900146,-0.101066113
2091,-0.099993229
2091.100098,-0.100207806
2091.199951,-0.097489834
2091.300049,-0.100732327
2091.400146,-0.100684643
2091.5,-0.103784084
2091.600098,-0.100732327
2091.699951,-0.095868587
2091.800049,-0.097918987
2091.900146,-0.097966671
2092,-0.098121643
2092.100098,-0.098252773
2092.199951,-0.098348141
2092.300049,-0.096011639
2092.400146,-0.102007866
2092.5,-0.105548382
2092.600098,-0.108123302
2092.699951,-0.11026907
2092.800049,-0.106740475
2092.900146,-0.100589275
2093,-0.1057868
2093.100098,-0.101590633
2093.199951,-0.100350857
2093.300049,-0.101352215
2093.400146,-0.104785442
2093.5,-0.109029293
2093.600098,-0.111270428
2093.699951,-0.101113796
2093.800049,-0.101972103
2093.900146,-0.10411787
2094,-0.101769447
2094.100098,-0.097537518
2094.199951,-0.103450298
2094.300049,-0.108361721
2094.400146,-0.113511562
2094.5,-0.110126019
2094.600098,-0.111127377
2094.699951,-0.097108364
2094.800049,-0.107741833
2094.900146,-0.101590633
2095,-0.106835842
2095.100098,-0.105691433
2095.199951,-0.095201015
2095.300049,-0.089812756
2095.400146,-0.10616827
2095.5,-0.108457088
2095.600098,-0.105715275
2095.699951,-0.106502056
2095.800049,-0.101733685
2095.900146,-0.099540234
2096,-0.100768089
2096.100098,-0.100684643
2096.199951,-0.101113796
2096.300049,-0.101495266
2096.400146,-0.103784084
2096.5,-0.108743191
2096.600098,-0.098443508
2096.699951,-0.101352215
2096.800049,-0.112224102
2096.900146,-0.095153332
2097,-0.109982967
2097.100098,-0.098443508
2097.199951,-0.108552456
2097.300049,-0.100064754
2097.400146,-0.103736401
2097.5,-0.101066113
2097.600098,-0.100255489
2097.699951,-0.100207806
2097.800049,-0.101006508
2097.900146,-0.101209164
2098,-0.102353573
2098.100098,-0.104523182
2098.199951,-0.106978893
2098.300049,-0.107551098
2098.400146,-0.105119228
2098.5,-0.104022503
2098.600098,-0.101924419
2098.699951,-0.104547024
2098.800049,-0.101209164
2098.900146,-0.094390392
2099,-0.098777294
2099.100098,-0.106406689
2099.199951,-0.099587917
2099.300049,-0.100636959
2099.400146,-0.105500698
2099.5,-0.096822262
2099.600098,-0.110173702
2099.699951,-0.098872662
2099.800049,-0.102401257
2099.900146,-0.104308605
2100,-0.102997303
2100.100098,-0.102735043
2100.199951,-0.102544308
2100.300049,-0.103199959
2100.400146,-0.102782726
2100.5,-0.100204825
2100.600098,-0.096297741
2100.699951,-0.098538876
2100.800049,-0.107503414
2100.900146,-0.10488081
2101,-0.093818188
2101.100098,-0.097775936
2101.199951,-0.098932266
2101.300049,-0.101256847
2101.400146,-0.102878094
2101.5,-0.101781368
2101.600098,-0.103152275
2101.699951,-0.105357647
2101.800049,-0.102591991
2101.900146,-0.101066113
2102,-0.104976177
2102.100098,-0.105882168
2102.199951,-0.104547024
2102.300049,-0.105643749
2102.400146,-0.105214596
2102.5,-0.10693121
2102.600098,-0.108695507
2102.699951,-0.105464935
2102.800049,-0.104737759
2102.900146,-0.101495266
2103,-0.110745907
2103.100098,-0.105643749
2103.199951,-0.096726894
2103.300049,-0.108266354
2103.400146,-0.103545666
2103.5,-0.107157707
2103.600098,-0.108838558
2103.699951,-0.107980251
2103.800049,-0.102591991
2103.900146,-0.099015713
2104,-0.10654974
2104.100098,-0.113320827
2104.199951,-0.105214596
2104.300049,-0.108314037
2104.400146,-0.104439735
2104.5,-0.103497982
2104.600098,-0.100732327
2104.699951,-0.111365795
2104.800049,-0.11618185
2104.900146,-0.110364437
2105,-0.109172344
2105.100098,-0.104308605
2105.199951,-0.105834484
2105.300049,-0.098062038
2105.400146,-0.101924419
2105.5,-0.105357647
2105.600098,-0.107217312
2105.699951,-0.098634243
2105.800049,-0.110507488
2105.900146,-0.102115154
2106,-0.098348141
2106.100098,-0.103927135
2106.199951,-0.106692791
2106.300049,-0.102353573
2106.400146,-0.104737759
2106.5,-0.113654613
2106.600098,-0.109458447
2106.699951,-0.101638317
2106.800049,-0.100350857
2106.900146,-0.103068829
2107,-0.108743191
2107.100098,-0.10321188
2107.199951,-0.093389034
2107.300049,-0.100112438
2107.400146,-0.106215954
2107.5,-0.110936642
2107.600098,-0.115466595
2107.699951,-0.10154295
2107.800049,-0.110126019
2107.900146,-0.094581127
2108,-0.099301815
2108.100098,-0.098157406
2108.199951,-0.088859081
2108.300049,-0.107217312
2108.400146,-0.099778652
2108.5,-0.112128735
2108.600098,-0.103927135
2108.699951,-0.10116148
2108.800049,-0.103831768
2108.900146,-0.099635601
2109,-0.104785442
2109.100098,-0.105023861
2109.199951,-0.104916573
2109.300049,-0.104833126
2109.400146,-0.105023861
2109.5,-0.111413479
2109.600098,-0.100684643
2109.699951,-0.105929852
2109.800049,-0.104356289
2109.900146,-0.097346783
2110,-0.102735043
2110.100098,-0.100017071
2110.199951,-0.101686001
2110.300049,-0.107264996
2110.400146,-0.108552456
2110.5,-0.102401257
2110.600098,-0.105309963
2110.699951,-0.101304531
2110.800049,-0.105977535
2110.900146,-0.108552456
2111,-0.108743191
2111.100098,-0.109482288
2111.199951,-0.112653255
2111.300049,-0.107980251
2111.400146,-0.111222744
2111.5,-0.107694149
2111.600098,-0.111127377
2111.699951,-0.106394768
2111.800049,-0.101924419
2111.900146,-0.104833126
2112,-0.107169628
2112.100098,-0.099301815
2112.199951,-0.097680569
2112.300049,-0.099587917
2112.400146,-0.100350857
2112.5,-0.097978592
2112.600098,-0.094676495
2112.699951,-0.097299099
2112.800049,-0.100756168
2112.900146,-0.105357647
2113,-0.105691433
2113.100098,-0.104105949
2113.199951,-0.10283041
2113.300049,-0.102544308
2113.400146,-0.104940414
2113.5,-0.105166912
2113.600098,-0.109220028
2113.699951,-0.106835842
2113.800049,-0.099826336
2113.900146,-0.093865871
2114,-0.100875378
2114.100098,-0.105071545
2114.199951,-0.10488081
2114.300049,-0.096440792
2114.400146,-0.099397182
2114.5,-0.103974819
2114.600098,-0.099063396
2114.699951,-0.105619907
2114.800049,-0.1098876
2114.900146,-0.109553814
2115,-0.100350857
2115.100098,-0.094628811
2115.199951,-0.101972103
2115.300049,-0.112605572
2115.400146,-0.106835842
2115.5,-0.10950613
2115.600098,-0.09820509
2115.699951,-0.106645107
2115.800049,-0.10078001
2115.900146,-0.103450298
2116,-0.112033367
2116.100098,-0.103259563
2116.199951,-0.093770504
2116.300049,-0.104403973
2116.400146,-0.104070187
2116.5,-0.103879452
2116.600098,-0.105357647
2116.699951,-0.104165554
2116.800049,-0.10757494
2116.900146,-0.113463879
2117,-0.107312679
2117.100098,-0.102258205
2117.199951,-0.115228176
2117.300049,-0.106454372
2117.400146,-0.110841274
2117.5,-0.108361721
2117.600098,-0.1078372
2117.699951,-0.107932568
2117.800049,-0.094724178
2117.900146,-0.106311321
2118,-0.092006207
2118.100098,-0.102401257
2118.199951,-0.100493908
2118.300049,-0.098872662
2118.400146,-0.100696564
2118.5,-0.102735043
2118.600098,-0.100684643
2118.699951,-0.109458447
2118.800049,-0.108123302
2118.900146,-0.111830711
2119,-0.115371227
2119.100098,-0.114369869
2119.199951,-0.107861042
2119.300049,-0.102782726
2119.400146,-0.098920345
2119.5,-0.102973461
2119.600098,-0.10745573
2119.699951,-0.104785442
2119.800049,-0.10372448
2119.900146,-0.10154295
2120,-0.101113796
2120.100098,-0.118756771
2120.199951,-0.092769146
2120.300049,-0.105929852
2120.400146,-0.103641033
2120.5,-0.104511261
2120.600098,-0.106740475
2120.699951,-0.101733685
2120.800049,-0.097012997
2120.900146,-0.112367153
2121,-0.096440792
2121.100098,-0.10449934
2121.199951,-0.105166912
2121.300049,-0.105953693
2121.400146,-0.10526228
2121.5,-0.103301287
2121.600098,-0.100017071
2121.699951,-0.101972103
2121.800049,-0.101256847
2121.900146,-0.093675137
2122,-0.107741833
2122.100098,-0.09577322
2122.199951,-0.109792233
2122.300049,-0.111222744
2122.400146,-0.1078372
2122.5,-0.108016014
2122.600098,-0.105450034
2122.699951,-0.10321188
2122.800049,-0.102735043
2122.900146,-0.103164196
2123,-0.102162838
2123.100098,-0.102687359
2123.199951,-0.100064754
2123.300049,-0.095344067
2123.400146,-0.096822262
2123.5,-0.099289894
2123.600098,-0.10283041
2123.699951,-0.102162838
2123.800049,-0.108790874
2123.900146,-0.095296383
2124,-0.102687359
2124.100098,-0.105643749
2124.199951,-0.098014355
2124.300049,-0.108743191
2124.400146,-0.113845348
2124.5,-0.109935284
2124.600098,-0.111032009
2124.699951,-0.109076977
2124.800049,-0.100350857
2124.900146,-0.102496624
2125,-0.098538876
2125.100098,-0.099969387
2125.199951,-0.105977535
2125.300049,-0.109315395
2125.400146,-0.095582485
2125.5,-0.104928493
2125.600098,-0.0911479
2125.699951,-0.102591991
2125.800049,-0.107503414
2125.900146,-0.110984325
2126,-0.107253075
2126.100098,-0.105643749
2126.199951,-0.10488081
2126.300049,-0.106835842
2126.400146,-0.108743191
2126.5,-0.108075619
2126.600098,-0.10654974
2126.699951,-0.1062994
2126.800049,-0.107381225
2126.900146,-0.107741833
2127,-0.108933926
2127.100098,-0.103974819
2127.199951,-0.099301815
2127.300049,-0.111079693
2127.400146,-0.104547024
2127.5,-0.10912466
2127.600098,-0.097680569
2127.699951,-0.10860014
2127.800049,-0.09872961
2127.900146,-0.104308605
2128,-0.097585201
2128.100098,-0.110412121
2128.199951,-0.103307247
2128.300049,-0.101066113
2128.400146,-0.100541592
2128.5,-0.101638317
2128.600098,-0.095153332
2128.699951,-0.100052834
2128.800049,-0.102735043
2128.900146,-0.100684643
2129,-0.118470669
2129.100098,-0.113845348
2129.199951,-0.102258205
2129.300049,-0.1057868
2129.400146,-0.103068829
2129.5,-0.106263638
2129.600098,-0.107360363
2129.699951,-0.104022503
2129.800049,-0.115609646
2129.900146,-0.109935284
2130,-0.099778652
2130.100098,-0.101018429
2130.199951,-0.101781368
2130.300049,-0.101781368
2130.400146,-0.106311321
2130.5,-0.11785078
2130.600098,-0.100064754
2130.699951,-0.109076977
2130.800049,-0.097012997
2130.900146,-0.094438076
2131,-0.107503414
2131.100098,-0.104356289
2131.199951,-0.109410763
2131.300049,-0.098538876
2131.400146,-0.1078372
2131.5,-0.103116512
2131.600098,-0.104928493
2131.699951,-0.105190754
2131.800049,-0.107646465
2131.900146,-0.105071545
2132,-0.101686001
2132.100098,-0.107121944
2132.199951,-0.105691433
2132.300049,-0.105739117
2132.400146,-0.105071545
2132.5,-0.105071545
2132.600098,-0.112176418
2132.699951,-0.114560604
2132.800049,-0.102782726
2132.900146,-0.100112438
2133,-0.101876736
2133.100098,-0.101876736
2133.199951,-0.102591991
2133.300049,-0.102925777
2133.400146,-0.100064754
2133.5,-0.098681927
2133.600098,-0.096059322
2133.699951,-0.101089954
2133.800049,-0.104165554
2133.900146,-0.105453014
2134,-0.105023861
2134.100098,-0.102735043
2134.199951,-0.097299099
2134.300049,-0.109839916
2134.400146,-0.104690075
2134.5,-0.11284399
2134.600098,-0.102925777
2134.699951,-0.102735043
2134.800049,-0.103223801
2134.900146,-0.10321188
2135,-0.104022503
2135.100098,-0.105119228
2135.199951,-0.094295025
2135.300049,-0.107264996
2135.400146,-0.09706068
2135.5,-0.11155653
2135.600098,-0.10116148
2135.699951,-0.103450298
2135.800049,-0.098014355
2135.900146,-0.112367153
2136,-0.107741833
2136.100098,-0.106657028
2136.199951,-0.105789781
2136.300049,-0.104022503
2136.400146,-0.104737759
2136.5,-0.104451656
2136.600098,-0.105834484
2136.699951,-0.107408047
2136.800049,-0.105119228
2136.900146,-0.101399899
2137,-0.104547024
2137.100098,-0.100684643
2137.199951,-0.102162838
2137.300049,-0.103259563
2137.400146,-0.105453014
2137.5,-0.104356289
2137.600098,-0.105929852
2137.699951,-0.10693121
2137.800049,-0.109792233
2137.900146,-0.105119228
2138,-0.107360363
2138.100098,-0.104976177
2138.199951,-0.101495266
2138.300049,-0.102496624
2138.400146,-0.100303173
2138.5,-0.100923061
2138.600098,-0.104260921
2138.699951,-0.100350857
2138.800049,-0.10013628
2138.900146,-0.09820509
2139,-0.097728252
2139.100098,-0.091434002
2139.199951,-0.102591991
2139.300049,-0.110650539
2139.400146,-0.099158764
2139.5,-0.108695507
2139.600098,-0.103354931
2139.699951,-0.100541592
2139.800049,-0.095296383
2139.900146,-0.096238136
2140,-0.094914913
2140.100098,-0.094199657
2140.199951,-0.110745907
2140.300049,-0.100446224
2140.400146,-0.109839916
2140.5,-0.10154295
2140.600098,-0.109410763
2140.699951,-0.110078335
2140.800049,-0.104833126
2140.900146,-0.094771862
2141,-0.105309963
2141.100098,-0.111461163
2141.199951,-0.096726894
2141.300049,-0.098777294
2141.400146,-0.103021145
2141.5,-0.106359005
2141.600098,-0.101829052
2141.699951,-0.103164196
2141.800049,-0.10116148
2141.900146,-0.092339993
2142,-0.101876736
2142.100098,-0.108504772
2142.199951,-0.09987402
2142.300049,-0.095439434
2142.400146,-0.103497982
2142.5,-0.099397182
2142.600098,-0.105453014
2142.699951,-0.105929852
2142.800049,-0.101733685
2142.900146,-0.111413479
2143,-0.102639675
2143.100098,-0.097871304
2143.199951,-0.099969387
2143.300049,-0.101399899
2143.400146,-0.110745907
2143.5,-0.112748623
2143.600098,-0.11618185
2143.699951,-0.109792233
2143.800049,-0.102591991
2143.900146,-0.111985683
2144,-0.104547024
2144.100098,-0.105929852
2144.199951,-0.105071545
2144.300049,-0.10654974
2144.400146,-0.104547024
2144.5,-0.106645107
2144.600098,-0.105548382
2144.699951,-0.103748322
2144.800049,-0.103354931
2144.900146,-0.099444866
2145,-0.109601498
2145.100098,-0.098538876
2145.199951,-0.10078001
2145.300049,-0.103307247
2145.400146,-0.096726894
2145.5,-0.108647823
2145.600098,-0.095344067
2145.699951,-0.107264996
2145.800049,-0.102115154
2145.900146,-0.108051777
2146,-0.110412121
2146.100098,-0.112414837
2146.199951,-0.103831768
2146.300049,-0.108170986
2146.400146,-0.102162838
2146.5,-0.103402615
2146.600098,-0.104547024
2146.699951,-0.102687359
2146.800049,-0.100970745
2146.900146,-0.103879452
2147,-0.104976177
2147.100098,-0.106883526
2147.199951,-0.093913555
2147.300049,-0.109315395
2147.400146,-0.098062038
2147.5,-0.103307247
2147.600098,-0.103784084
2147.699951,-0.10745573
2147.800049,-0.109792233
2147.900146,-0.107217312
2148,-0.104547024
2148.100098,-0.104451656
2148.199951,-0.101876736
2148.300049,-0.098443508
2148.400146,-0.100732327
2148.5,-0.101113796
2148.600098,-0.100875378
2148.699951,-0.107884884
2148.800049,-0.110459805
2148.900146,-0.105417252
2149,-0.101829052
2149.100098,-0.101495266
2149.199951,-0.104165554
2149.300049,-0.10449934
2149.400146,-0.110936642
2149.5,-0.098157406
2149.600098,-0.10654974
2149.699951,-0.096965313
2149.800049,-0.106263638
2149.900146,-0.112033367
2150,-0.096488476
2150.100098,-0.097156048
2150.199951,-0.09782362
2150.300049,-0.103402615
2150.400146,-0.108409405
2150.5,-0.096726894
2150.600098,-0.107217312
2150.699951,-0.104594707
2150.800049,-0.109267712
2150.900146,-0.102639675
2151,-0.110173702
2151.100098,-0.100636959
2151.199951,-0.103307247
2151.300049,-0.092196941
2151.400146,-0.090957165
2151.5,-0.098586559
2151.600098,-0.100303173
2151.699951,-0.102401257
2151.800049,-0.109553814
2151.900146,-0.105309963
2152,-0.108361721
2152.100098,-0.101686001
2152.199951,-0.094676495
2152.300049,-0.112748623
2152.400146,-0.104451656
2152.5,-0.100207806
2152.600098,-0.107264996
2152.699951,-0.105071545
2152.800049,-0.103164196
2152.900146,-0.101733685
2153,-0.099301815
2153.100098,-0.099397182
2153.199951,-0.094438076
2153.300049,-0.102782726
2153.400146,-0.116658688
2153.5,-0.097203732
2153.600098,-0.105882168
2153.699951,-0.101304531
2153.800049,-0.101781368
2153.900146,-0.100851536
2154,-0.101066113
2154.100098,-0.099254131
2154.199951,-0.102043629
2154.300049,-0.1057868
2154.400146,-0.102067471
2154.5,-0.104356289
2154.600098,-0.10244894
2154.699951,-0.10719347
2154.800049,-0.110984325
2154.900146,-0.110984325
2155,-0.107074261
2155.100098,-0.103545666
2155.199951,-0.102782726
2155.300049,-0.10693121
2155.400146,-0.107694149
2155.5,-0.101447582
2155.600098,-0.107050419
2155.699951,-0.108314037
2155.800049,-0.110745907
2155.900146,-0.107717991
2156,-0.104594707
2156.100098,-0.107217312
2156.199951,-0.099730968
2156.300049,-0.112224102
2156.400146,-0.10526228
2156.5,-0.107264996
2156.600098,-0.102115154
2156.699951,-0.108170986
2156.800049,-0.101590633
2156.900146,-0.097966671
2157,-0.096583843
2157.100098,-0.099730968
2157.199951,-0.106597424
2157.300049,-0.097775936
2157.400146,-0.111079693
2157.5,-0.107884884
2157.600098,-0.110173702
2157.699951,-0.109982967
2157.800049,-0.111747265
2157.900146,-0.107658386
2158,-0.105596066
2158.100098,-0.103307247
2158.199951,-0.10654974
2158.300049,-0.098348141
2158.400146,-0.10860014
2158.5,-0.101447582
2158.600098,-0.100541592
2158.699951,-0.103879452
2158.800049,-0.10526228
2158.900146,-0.101209164
2159,-0.104308605
2159.100098,-0.10283041
2159.199951,-0.09706068
2159.300049,-0.105357647
2159.400146,-0.110936642
2159.5,-0.112176418
2159.600098,-0.111413479
2159.699951,-0.111794949
2159.800049,-0.110745907
2159.900146,-0.108886242
2160,-0.109649181
2160.100098,-0.110984325
2160.199951,-0.103116512
2160.300049,-0.093102932
2160.400146,-0.11026907
2160.5,-0.085568905
2160.600098,-0.100875378
2160.699951,-0.097775936
2160.800049,-0.105023861
2160.900146,-0.10860014
2161,-0.108886242
2161.100098,-0.098824978
2161.199951,-0.098252773
2161.300049,-0.101745605
2161.400146,-0.105929852
2161.5,-0.103974819
2161.600098,-0.106692791
2161.699951,-0.102210522
2161.800049,-0.107264996
2161.900146,-0.099301815
2162,-0.102210522
2162.100098,-0.103593349
2162.199951,-0.107884884
2162.300049,-0.110555172
2162.400146,-0.111413479
2162.5,-0.104022503
2162.600098,-0.106025219
2162.699951,-0.101066113
2162.800049,-0.099158764
2162.900146,-0.09987402
2163,-0.101495266
2163.100098,-0.100207806
2163.199951,-0.103021145
2163.300049,-0.107884884
2163.400146,-0.100017071
2163.5,-0.108552456
2163.600098,-0.099969387
2163.699951,-0.106788158
2163.800049,-0.097918987
2163.900146,-0.102639675
2164,-0.101399899
2164.100098,-0.099683285
2164.199951,-0.103545666
2164.300049,-0.097167969
2164.400146,-0.090432644
2164.5,-0.095010281
2164.600098,-0.101399899
2164.699951,-0.095010281
2164.800049,-0.105357647
2164.900146,-0.112319469
2165,-0.107408047
2165.100098,-0.097537518
2165.199951,-0.104165554
2165.300049,-0.110984325
2165.400146,-0.103021145
2165.5,-0.099397182
2165.600098,-0.102735043
2165.699951,-0.104213238
2165.800049,-0.105000019
2165.900146,-0.10860014
2166,-0.104451656
2166.100098,-0.098538876
2166.199951,-0.101352215
2166.300049,-0.107074261
2166.400146,-0.107646465
2166.5,-0.102973461
2166.600098,-0.101972103
2166.699951,-0.115800381
2166.800049,-0.091910839
2166.900146,-0.105023861
2167,-0.104451656
2167.100098,-0.104427814
2167.199951,-0.104260921
2167.300049,-0.103974819
2167.400146,-0.104821205
2167.5,-0.106454372
2167.600098,-0.104594707
2167.699951,-0.105739117
2167.800049,-0.097299099
2167.900146,-0.10116148
2168,-0.106025219
2168.100098,-0.103927135
2168.199951,-0.09911108
2168.300049,-0.105596066
2168.400146,-0.100827694
2168.5,-0.102520466
2168.600098,-0.101638317
2168.699951,-0.106758356
2168.800049,-0.112557888
2168.900146,-0.110316753
2169,-0.108457088
2169.100098,-0.104403973
2169.199951,-0.10654974
2169.300049,-0.09243536
2169.400146,-0.099826336
2169.5,-0.110936642
2169.600098,-0.103450298
2169.699951,-0.110459805
2169.800049,-0.104213238
2169.900146,-0.09577322
2170,-0.095105648
2170.100098,-0.100064754
2170.199951,-0.099730968
2170.300049,-0.100636959
2170.400146,-0.101495266
2170.5,-0.103259563
2170.600098,-0.110364437
2170.699951,-0.097680569
2170.800049,-0.113320827
2170.900146,-0.096011639
2171,-0.10616827
2171.100098,-0.108027935
2171.199951,-0.10244894
2171.300049,-0.102401257
2171.400146,-0.103104591
2171.5,-0.105166912
2171.600098,-0.102401257
2171.699951,-0.110078335
2171.800049,-0.111461163
2171.900146,-0.096965313
2172,-0.095534801
2172.100098,-0.098872662
2172.199951,-0.113177776
2172.300049,-0.098014355
2172.400146,-0.110936642
2172.5,-0.10321188
2172.600098,-0.106263638
2172.699951,-0.11026907
2172.800049,-0.10283041
2172.900146,-0.112510204
2173,-0.092769146
2173.100098,-0.103164196
2173.199951,-0.106215954
2173.300049,-0.108314037
2173.400146,-0.101066113
2173.5,-0.115418911
2173.600098,-0.100350857
2173.699951,-0.109458447
2173.800049,-0.104260921
2173.900146,-0.106025219
2174,-0.110078335
2174.100098,-0.095105648
2174.199951,-0.102210522
2174.300049,-0.099158764
2174.400146,-0.099540234
2174.5,-0.10411787
2174.600098,-0.101447582
2174.699951,-0.104511261
2174.800049,-0.104403973
2174.900146,-0.108075619
2175,-0.111318111
2175.100098,-0.10654974
2175.199951,-0.115085125
2175.300049,-0.103068829
2175.400146,-0.10526228
2175.5,-0.107121944
2175.600098,-0.110221386
2175.699951,-0.110650539
2175.800049,-0.108492851
2175.900146,-0.105548382
2176,-0.107551098
2176.100098,-0.106120586
2176.199951,-0.104964256
2176.300049,-0.105163932
2176.400146,-0.104737759
2176.5,-0.104833126
2176.600098,-0.106788158
2176.699951,-0.102305889
2176.800049,-0.107551098
2176.900146,-0.110984325
2177,-0.108743191
2177.100098,-0.109267712
2177.199951,-0.106120586
2177.300049,-0.108075619
2177.400146,-0.097489834
2177.5,-0.108457088
2177.600098,-0.09949255
2177.699951,-0.107360363
2177.800049,-0.104833126
2177.900146,-0.104308605
2178,-0.100923061
2178.100098,-0.101328373
2178.199951,-0.099635601
2178.300049,-0.100446224
2178.400146,-0.11026907
2178.5,-0.095677853
2178.600098,-0.108409405
2178.699951,-0.111747265
2178.800049,-0.107932568
2178.900146,-0.107217312
2179,-0.10873127
2179.100098,-0.109315395
2179.199951,-0.102732062
2179.300049,-0.098348141
2179.400146,-0.094533443
2179.5,-0.099587917
2179.600098,-0.109553814
2179.699951,-0.111413479
2179.800049,-0.10039854
2179.900146,-0.103784084
2180,-0.113559246
2180.100098,-0.099301815
2180.199951,-0.105214596
2180.300049,-0.105453014
2180.400146,-0.108790874
2180.5,-0.102639675
2180.600098,-0.112271786
2180.699951,-0.104022503
2180.800049,-0.104308605
2180.900146,-0.101590633
2181,-0.095582485
2181.100098,-0.096631527
2181.199951,-0.10821867
2181.300049,-0.1078372
2181.400146,-0.102210522
2181.5,-0.098491192
2181.600098,-0.104308605
2181.699951,-0.100684643
2181.800049,-0.110984325
2181.900146,-0.095868587
2182,-0.102067471
2182.100098,-0.095105648
2182.199951,-0.104833126
2182.300049,-0.113940716
2182.400146,-0.10693121
2182.5,-0.110698223
2182.600098,-0.094390392
2182.699951,-0.105500698
2182.800049,-0.100970745
2182.900146,-0.108790874
2183,-0.098777294
2183.100098,-0.108361721
2183.199951,-0.101304531
2183.300049,-0.112271786
2183.400146,-0.100255489
2183.5,-0.111604214
2183.600098,-0.110173702
2183.699951,-0.104165554
2183.800049,-0.105119228
2183.900146,-0.102353573
2184,-0.098109722
2184.100098,-0.109744549
2184.199951,-0.105453014
2184.300049,-0.098395824
2184.400146,-0.110698223
2184.5,-0.099063396
2184.600098,-0.109839916
2184.699951,-0.109410763
2184.800049,-0.108027935
2184.900146,-0.102210522
2185,-0.100207806
2185.100098,-0.10078001
2185.199951,-0.103307247
2185.300049,-0.1098876
2185.400146,-0.103402615
2185.5,-0.110221386
2185.600098,-0.10616827
2185.699951,-0.10950613
2185.800049,-0.109458447
2185.900146,-0.10283041
2186,-0.101066113
2186.100098,-0.104642391
2186.199951,-0.109982967
2186.300049,-0.11618185
2186.400146,-0.101066113
2186.5,-0.097680569
2186.600098,-0.104928493
2186.699951,-0.110316753
2186.800049,-0.097012997
2186.900146,-0.101781368
2187,-0.102973461
2187.100098,-0.104976177
2187.199951,-0.10039854
2187.300049,-0.098538876
2187.400146,-0.104833126
2187.5,-0.101256847
2187.600098,-0.104833126
2187.699951,-0.1098876
2187.800049,-0.096297741
2187.900146,-0.104451656
2188,-0.099778652
2188.100098,-0.100338936
2188.199951,-0.097585201
2188.300049,-0.099540234
2188.400146,-0.098109722
2188.5,-0.102258205
2188.600098,-0.109982967
2188.699951,-0.113797665
2188.800049,-0.097394466
2188.900146,-0.108838558
2189,-0.099254131
2189.100098,-0.107789516
2189.199951,-0.105119228
2189.300049,-0.103688717
2189.400146,-0.101590633
2189.5,-0.100255489
2189.600098,-0.10256815
2189.699951,-0.105119228
2189.800049,-0.103307247
2189.900146,-0.104451656
2190,-0.103819847
2190.100098,-0.10283041
2190.199951,-0.104690075
2190.300049,-0.104213238
2190.400146,-0.105202675
2190.5,-0.105929852
2190.600098,-0.103542686
2190.699951,-0.101352215
2190.800049,-0.101686001
2190.900146,-0.108409405
2191,-0.096440792
2191.100098,-0.107980251
2191.199951,-0.10321188
2191.300049,-0.113273144
2191.400146,-0.110316753
2191.5,-0.111938
2191.600098,-0.100303173
2191.699951,-0.106454372
2191.800049,-0.091195583
2191.900146,-0.098586559
2192,-0.095344067
2192.100098,-0.096202374
2192.199951,-0.102937698
2192.300049,-0.110602856
2192.400146,-0.109601498
2192.5,-0.107932568
2192.600098,-0.113797665
2192.699951,-0.107789516
2192.800049,-0.097537518
2192.900146,-0.103688717
2193,-0.110364437
2193.100098,-0.112128735
2193.199951,-0.098062038
2193.300049,-0.098443508
2193.400146,-0.102019787
2193.5,-0.115037441
2193.600098,-0.109601498
2193.699951,-0.095201015
2193.800049,-0.093865871
2193.900146,-0.098300457
2194,-0.099015713
2194.100098,-0.099969387
2194.199951,-0.103354931
2194.300049,-0.106120586
2194.400146,-0.101590633
2194.5,-0.099158764
2194.600098,-0.101924419
2194.699951,-0.108170986
2194.800049,-0.096059322
2194.900146,-0.10912466
2195,-0.101876736
2195.100098,-0.102305889
2195.199951,-0.104034424
2195.300049,-0.105500698
2195.400146,-0.106454372
2195.5,-0.099349499
2195.600098,-0.102210522
2195.699951,-0.095248699
2195.800049,-0.105119228
2195.900146,-0.107932568
2196,-0.101352215
2196.100098,-0.101447582
2196.199951,-0.098968029
2196.300049,-0.103497982
2196.400146,-0.107789516
2196.5,-0.1057868
2196.600098,-0.095439434
2196.699951,-0.099587917
2196.800049,-0.108123302
2196.900146,-0.109458447
2197,-0.098634243
2197.100098,-0.103593349
2197.199951,-0.087333202
2197.300049,-0.111222744
2197.400146,-0.104356289
2197.5,-0.10693121
2197.600098,-0.104547024
2197.699951,-0.100112438
2197.800049,-0.104213238
2197.900146,-0.105834484
2198,-0.107169628
2198.100098,-0.098157406
2198.199951,-0.101066113
2198.300049,-0.10616827
2198.400146,-0.112939358
2198.5,-0.100017071
2198.600098,-0.117707729
2198.699951,-0.107741833
2198.800049,-0.109649181
2198.900146,-0.109363079
2199,-0.104403973
2199.100098,-0.100493908
2199.199951,-0.1139884
2199.300049,-0.10488081
2199.400146,-0.108027935
2199.5,-0.110984325
2199.600098,-0.1057868
2199.699951,-0.10411787
2199.800049,-0.105357647
2199.900146,-0.1078372
2200,-0.107121944
2200.100098,-0.107884884
2200.199951,-0.107408047
2200.300049,-0.101972103
2200.400146,-0.096488476
2200.5,-0.106072903
2200.600098,-0.110793591
2200.699951,-0.096726894
2200.800049,-0.105166912
2200.900146,-0.102544308
2201,-0.107264996
2201.100098,-0.106144428
2201.199951,-0.107932568
2201.300049,-0.106835842
2201.400146,-0.10912466
2201.5,-0.10244894
2201.600098,-0.10039854
2201.699951,-0.094533443
2201.800049,-0.102067471
2201.900146,-0.112987041
2202,-0.099349499
2202.100098,-0.104260921
2202.199951,-0.104785442
2202.300049,-0.108647823
2202.400146,-0.101495266
2202.5,-0.104642391
2202.600098,-0.110173702
2202.699951,-0.101924419
2202.800049,-0.104547024
2202.900146,-0.113893032
2203,-0.094533443
2203.100098,-0.100875378
2203.199951,-0.097346783
2203.300049,-0.097918987
2203.400146,-0.099730968
2203.5,-0.104260921
2203.600098,-0.099540234
2203.699951,-0.107932568
2203.800049,-0.095248699
2203.900146,-0.102162838
2204,-0.112748623
2204.100098,-0.10821867
2204.199951,-0.1057868
2204.300049,-0.111890316
2204.400146,-0.096107006
2204.5,-0.112224102
2204.600098,-0.095677853
2204.699951,-0.108743191
2204.800049,-0.112271786
2204.900146,-0.10860014
2205,-0.103164196
2205.100098,-0.107980251
2205.199951,-0.113940716
2205.300049,-0.106502056
2205.400146,-0.097632885
2205.5,-0.098157406
2205.600098,-0.098538876
2205.699951,-0.109649181
2205.800049,-0.094056606
2205.900146,-0.106978893
2206,-0.10526228
2206.100098,-0.102591991
2206.199951,-0.103450298
2206.300049,-0.089288235
2206.400146,-0.115800381
2206.5,-0.101113796
2206.600098,-0.101113796
2206.699951,-0.100350857
2206.800049,-0.106597424
2206.900146,-0.096965313
2207,-0.103068829
2207.100098,-0.112081051
2207.199951,-0.1057868
2207.300049,-0.097918987
2207.400146,-0.105643749
2207.5,-0.097966671
2207.600098,-0.100112438
2207.699951,-0.095582485
2207.800049,-0.098968029
2207.900146,-0.114560604
2208,-0.101018429
2208.100098,-0.107264996
2208.199951,-0.095201015
2208.300049,-0.105929852
2208.400146,-0.107169628
2208.5,-0.10860014
2208.600098,-0.107312679
2208.699951,-0.101209164
2208.800049,-0.096059322
2208.900146,-0.098300457
2209,-0.102591991
2209.100098,-0.111651897
2209.199951,-0.102210522
2209.300049,-0.106120586
2209.400146,-0.107646465
2209.5,-0.101638317
2209.600098,-0.09744215
2209.699951,-0.090480328
2209.800049,-0.101018429
2209.900146,-0.108695507
2210,-0.104070187
2210.100098,-0.109076977
2210.199951,-0.098920345
2210.300049,-0.105405331
2210.400146,-0.09820509
2210.5,-0.099254131
2210.600098,-0.109029293
2210.699951,-0.103688717
2210.800049,-0.110507488
2210.900146,-0.107503414
2211,-0.107741833
2211.100098,-0.107026577
2211.199951,-0.097632885
2211.300049,-0.111842632
2211.400146,-0.100636959
2211.5,-0.096869946
2211.600098,-0.09911108
2211.699951,-0.103784084
2211.800049,-0.103593349
2211.900146,-0.10154295
2212,-0.101447582
2212.100098,-0.097346783
2212.199951,-0.096822262
2212.300049,-0.09884882
2212.400146,-0.09706068
2212.5,-0.104165554
2212.600098,-0.1098876
2212.699951,-0.109076977
2212.800049,-0.10411787
2212.900146,-0.103450298
2213,-0.100493908
2213.100098,-0.100112438
2213.199951,-0.114322186
2213.300049,-0.105834484
2213.400146,-0.119948864
2213.5,-0.108695507
2213.600098,-0.11117506
2213.699951,-0.102639675
2213.800049,-0.102878094
2213.900146,-0.109839916
2214,-0.099635601
2214.100098,-0.109172344
2214.199951,-0.102019787
2214.300049,-0.101924419
2214.400146,-0.103533745
2214.5,-0.106072903
2214.600098,-0.10411787
2214.699951,-0.111651897
2214.800049,-0.101256847
2214.900146,-0.106120586
2215,-0.105357647
2215.100098,-0.101876736
2215.199951,-0.108647823
2215.300049,-0.116324902
2215.400146,-0.107312679
2215.5,-0.106072903
2215.600098,-0.117946148
2215.699951,-0.112367153
2215.800049,-0.119138241
2215.900146,-0.100160122
2216,-0.124812603
2216.100098,-0.113368511
2216.199951,-0.104308605
2216.300049,-0.105166912
2216.400146,-0.1062994
2216.5,-0.106406689
2216.600098,-0.109315395
2216.699951,-0.104976177
2216.800049,-0.108266354
2216.900146,-0.106740475
2217,-0.107694149
2217.100098,-0.107741833
2217.199951,-0.106740475
2217.300049,-0.106394768
2217.400146,-0.105929852
2217.5,-0.105166912
2217.600098,-0.110412121
2217.699951,-0.118279934
2217.800049,-0.113082409
2217.900146,-0.116038799
2218,-0.107217312
2218.100098,-0.112224102
2218.199951,-0.103784084
2218.300049,-0.104976177
2218.400146,-0.110388279
2218.5,-0.119042873
2218.600098,-0.113749981
2218.699951,-0.110984325
2218.800049,-0.105023861
2218.900146,-0.110555172
2219,-0.096297741
2219.100098,-0.102878094
2219.199951,-0.104928493
2219.300049,-0.114799023
2219.400146,-0.114369869
2219.5,-0.111389637
2219.600098,-0.107884884
2219.699951,-0.108504772
2219.800049,-0.104547024
2219.900146,-0.099301815
2220,-0.102353573
2220.100098,-0.113034725
2220.199951,-0.111699581
2220.300049,-0.097251415
2220.400146,-0.101209164
2220.5,-0.107312679
2220.600098,-0.10654974
2220.699951,-0.110936642
2220.800049,-0.109315395
2220.900146,-0.107169628
2221,-0.105691433
2221.100098,-0.104451656
2221.199951,-0.101829052
2221.300049,-0.103068829
2221.400146,-0.107884884
2221.5,-0.111604214
2221.600098,-0.098348141
2221.699951,-0.101590633
2221.800049,-0.11360693
2221.900146,-0.10244894
2222,-0.111508846
2222.100098,-0.10693121
2222.199951,-0.104594707
2222.300049,-0.105596066
2222.400146,-0.104022503
2222.5,-0.113463879
2222.600098,-0.101256847
2222.699951,-0.109553814
2222.800049,-0.106978893
2222.900146,-0.112748623
2223,-0.108933926
2223.100098,-0.106025219
2223.199951,-0.107360363
2223.300049,-0.10616827
2223.400146,-0.108314037
2223.5,-0.106120586
2223.600098,-0.104451656
2223.699951,-0.10950613
2223.800049,-0.106978893
2223.900146,-0.099206448
2224,-0.094867229
2224.100098,-0.103593349
2224.199951,-0.103402615
2224.300049,-0.113416195
2224.400146,-0.111222744
2224.5,-0.108492851
2224.600098,-0.102591991
2224.699951,-0.106740475
2224.800049,-0.111079693
2224.900146,-0.110865116
2225,-0.112748623
2225.100098,-0.112891674
2225.199951,-0.109005451
2225.300049,-0.106120586
2225.400146,-0.104260921
2225.5,-0.107408047
2225.600098,-0.109458447
2225.699951,-0.107121944
2225.800049,-0.103307247
2225.900146,-0.10912466
2226,-0.098157406
2226.100098,-0.100207806
2226.199951,-0.09949255
2226.300049,-0.104153633
2226.400146,-0.108409405
2226.5,-0.108504772
2226.600098,-0.10912466
2226.699951,-0.111032009
2226.800049,-0.112414837
2226.900146,-0.114083767
2227,-0.109458447
2227.100098,-0.107121944
2227.199951,-0.105977535
2227.300049,-0.108409405
2227.400146,-0.103259563
2227.5,-0.106025219
2227.600098,-0.107884884
2227.699951,-0.107503414
2227.800049,-0.107121944
2227.900146,-0.109482288
2228,-0.110698223
2228.100098,-0.107735872
2228.199951,-0.105071545
2228.300049,-0.105691433
2228.400146,-0.093675137
2228.5,-0.099301815
2228.600098,-0.1139884
2228.699951,-0.09653616
2228.800049,-0.107741833
2228.900146,-0.108409405
2229,-0.110793591
2229.100098,-0.1057868
2229.199951,-0.09410429
2229.300049,-0.106502056
2229.400146,-0.10039854
2229.5,-0.107646465
2229.600098,-0.102782726
2229.699951,-0.109601498
2229.800049,-0.11284399
2229.900146,-0.103736401
2230,-0.10860014
2230.100098,-0.099015713
2230.199951,-0.099826336
2230.300049,-0.112557888
2230.400146,-0.099778652
2230.5,-0.107121944
2230.600098,-0.102687359
2230.699951,-0.100207806
2230.800049,-0.106359005
2230.900146,-0.106835842
2231,-0.106847763
2231.100098,-0.108409405
2231.199951,-0.1057868
2231.300049,-0.102782726
2231.400146,-0.102591991
2231.5,-0.104070187
2231.600098,-0.105119228
2231.699951,-0.1057868
2231.800049,-0.102210522
2231.900146,-0.103450298
2232,-0.10693121
2232.100098,-0.098300457
2232.199951,-0.111699581
2232.300049,-0.100875378
2232.400146,-0.107360363
2232.5,-0.108647823
2232.600098,-0.101066113
2232.699951,-0.115943432
2232.800049,-0.108314037
2232.900146,-0.108790874
2233,-0.108707428
2233.100098,-0.109553814
2233.199951,-0.108170986
2233.300049,-0.105214596
2233.400146,-0.107348442
2233.5,-0.107408047
2233.600098,-0.10860014
2233.699951,-0.106323242
2233.800049,-0.105309963
2233.900146,-0.103974819
2234,-0.105929852
2234.100098,-0.106502056
2234.199951,-0.107932568
2234.300049,-0.106454372
2234.400146,-0.107169628
2234.5,-0.107026577
2234.600098,-0.09744215
2234.699951,-0.102115154
2234.800049,-0.104487419
2234.900146,-0.109982967
2235,-0.108409405
2235.100098,-0.107670307
2235.199951,-0.106072903
2235.300049,-0.106215954
2235.400146,-0.107336521
2235.5,-0.110984325
2235.600098,-0.106072903
2235.699951,-0.108790874
2235.800049,-0.099921703
2235.900146,-0.102115154
2236,-0.108027935
2236.100098,-0.10912466
2236.199951,-0.107026577
2236.300049,-0.103641033
2236.400146,-0.102735043
2236.5,-0.108075619
2236.600098,-0.092626095
2236.699951,-0.101399899
2236.800049,-0.113940716
2236.900146,-0.106835842
2237,-0.101590633
2237.100098,-0.106597424
2237.199951,-0.111794949
2237.300049,-0.100541592
2237.400146,-0.110602856
2237.5,-0.1057868
2237.600098,-0.108123302
2237.699951,-0.106287479
2237.800049,-0.105929852
2237.900146,-0.105309963
2238,-0.105596066
2238.100098,-0.098348141
2238.199951,-0.096011639
2238.300049,-0.104403973
2238.400146,-0.108409405
2238.5,-0.104308605
2238.600098,-0.103164196
2238.699951,-0.103450298
2238.800049,-0.099444866
2238.900146,-0.094438076
2239,-0.108552456
2239.100098,-0.099778652
2239.199951,-0.103974819
2239.300049,-0.106835842
2239.400146,-0.101733685
2239.5,-0.098157406
2239.600098,-0.103307247
2239.699951,-0.099349499
2239.800049,-0.104737759
2239.900146,-0.11527586
2240,-0.113177776
2240.100098,-0.109076977
2240.199951,-0.110412121
2240.300049,-0.106788158
2240.400146,-0.109696865
2240.5,-0.102210522
2240.600098,-0.097918987
2240.699951,-0.09782362
2240.800049,-0.10745573
2240.900146,-0.106311321
2241,-0.098252773
2241.100098,-0.107264996
2241.199951,-0.099206448
2241.300049,-0.111651897
2241.400146,-0.106406689
2241.5,-0.106311321
2241.600098,-0.103497982
2241.699951,-0.103688717
2241.800049,-0.107872963
2241.900146,-0.113893032
2242,-0.110412121
2242.100098,-0.112891674
2242.199951,-0.115848064
2242.300049,-0.111413479
2242.400146,-0.102544308
2242.5,-0.113511562
2242.600098,-0.102925777
2242.699951,-0.104356289
2242.800049,-0.105715275
2242.900146,-0.109696865
2243,-0.105882168
2243.100098,-0.109696865
2243.199951,-0.110650539
2243.300049,-0.108445168
2243.400146,-0.103402615
2243.5,-0.110030651
2243.600098,-0.11451292
2243.699951,-0.111270428
2243.800049,-0.107312679
2243.900146,-0.110888958
2244,-0.115037441
2244.100098,-0.107694149
2244.199951,-0.106597424
2244.300049,-0.109792233
2244.400146,-0.109410763
2244.5,-0.109839916
2244.600098,-0.103843689
2244.699951,-0.099778652
2244.800049,-0.096345425
2244.900146,-0.103831768
2245,-0.11694479
2245.100098,-0.105548382
2245.199951,-0.110793591
2245.300049,-0.107729912
2245.400146,-0.107884884
2245.5,-0.106692791
2245.600098,-0.1057868
2245.699951,-0.103831768
2245.800049,-0.109410763
2245.900146,-0.112271786
2246,-0.115752697
2246.100098,-0.101018429
2246.199951,-0.109744549
2246.300049,-0.103736401
2246.400146,-0.10526228
2246.5,-0.107026577
2246.600098,-0.109744549
2246.699951,-0.109553814
2246.800049,-0.109422684
2246.900146,-0.108933926
2247,-0.109458447
2247.100098,-0.101018429
2247.199951,-0.116658688
2247.300049,-0.099349499
2247.400146,-0.104737759
2247.5,-0.112414837
2247.600098,-0.101352215
2247.699951,-0.103068829
2247.800049,-0.112176418
2247.900146,-0.106883526
2248,-0.115371227
2248.100098,-0.101495266
2248.199951,-0.103307247
2248.300049,-0.11284399
2248.400146,-0.104785442
2248.5,-0.112653255
2248.600098,-0.097775936
2248.699951,-0.101829052
2248.800049,-0.098395824
2248.900146,-0.098395824
2249,-0.10244894
2249.100098,-0.1057868
2249.199951,-0.101352215
2249.300049,-0.106263638
2249.400146,-0.114560604
2249.5,-0.108790874
2249.600098,-0.11618185
2249.699951,-0.107789516
2249.800049,-0.105071545
2249.900146,-0.109553814
2250,-0.108504772
2250.100098,-0.108075619
2250.199951,-0.107121944
2250.300049,-0.107908726
2250.400146,-0.10821867
2250.5,-0.10821867
2250.600098,-0.103450298
2250.699951,-0.110412121
2250.800049,-0.115228176
2250.900146,-0.105643749
2251,-0.108647823
2251.100098,-0.112987041
2251.199951,-0.116754055
2251.300049,-0.113654613
2251.400146,-0.108933926
2251.5,-0.10321188
2251.600098,-0.102115154
2251.699951,-0.09987402
2251.800049,-0.109696865
2251.900146,-0.105596066
2252,-0.098252773
2252.100098,-0.107551098
2252.199951,-0.095630169
2252.300049,-0.10488081
2252.400146,-0.105119228
2252.5,-0.101709843
2252.600098,-0.09706068
2252.699951,-0.099778652
2252.800049,-0.114655972
2252.900146,-0.109315395
2253,-0.118852139
2253.100098,-0.102258205
2253.199951,-0.110173702
2253.300049,-0.114083767
2253.400146,-0.098491192
2253.5,-0.104594707
2253.600098,-0.099349499
2253.699951,-0.108933926
2253.800049,-0.116706371
2253.900146,-0.106502056
2254,-0.105214596
2254.100098,-0.106597424
2254.199951,-0.113416195
2254.300049,-0.109839916
2254.400146,-0.112176418
2254.5,-0.099826336
2254.600098,-0.101304531
2254.699951,-0.103843689
2254.800049,-0.107932568
2254.900146,-0.106311321
2255,-0.108314037
2255.100098,-0.102496624
2255.199951,-0.099063396
2255.300049,-0.099206448
2255.400146,-0.104666233
2255.5,-0.110888958
2255.600098,-0.10950613
2255.699951,-0.106728554
2255.800049,-0.102878094
2255.900146,-0.103641033
2256,-0.103903294
2256.100098,-0.104356289
2256.199951,-0.104737759
2256.300049,-0.104523182
2256.400146,-0.103384733
2256.5,-0.102353573
2256.600098,-0.101924419
2256.699951,-0.104487419
2256.800049,-0.105453014
2256.900146,-0.10821867
2257,-0.105977535
2257.100098,-0.107121944
2257.199951,-0.105548382
2257.300049,-0.104833126
2257.400146,-0.10039854
2257.5,-0.103354931
2257.600098,-0.099397182
2257.699951,-0.102401257
2257.800049,-0.088429928
2257.900146,-0.114369869
2258,-0.104976177
2258.100098,-0.102878094
2258.199951,-0.10449934
2258.300049,-0.106072903
2258.400146,-0.107646465
2258.5,-0.093341351
2258.600098,-0.103497982
2258.699951,-0.121808529
2258.800049,-0.112414837
2258.900146,-0.115705013
